rank,category,region,candidate_name,candidate_type,post_count,sample_titles,sample_links
1,domestic_travel,인천,영종도,candidate,10,"Wedding 34. 유연스냅 촬영 후기 : 인천 영종도 베이직(2시간)...|[인천 영종도] 구읍뱃터 맛집 & 숙소 내돈내산 추천|[인천 영종도] 가볼만한곳, 인스파이어 리조트 오아시스...|[인천 영종도] 최고의 호캉스, 아이들과 가도 좋을 인천...|마시안 갯벌체험 인천 영종도 갯벌체험장 준비물 물때 주차",https://blog.naver.com/wofminchae/224301946828|https://blog.naver.com/ssong_day/224301901029|https://blog.naver.com/shlove01299/224301909997|https://blog.naver.com/godjw486/224301703422|https://blog.naver.com/zoe_happy1/224298051056
2,domestic_travel,강릉,중앙시장,travel_spot,10,"강릉 맛집 온정당 강릉 중앙시장 맛집 짬뽕칼국수 옹심이 맛집 !!|강릉 중앙시장 맛집 교동대게 강릉 로컬 맛집|강릉감자닭강정 중앙시장 포장 후기 강릉 맛집 추천|4월 강릉여행|강릉 핫플 레이스, 중앙시장... 난 강릉중앙시장 찐 핫플 탐방기",https://blog.naver.com/toutwri6117/224301949060|https://blog.naver.com/lovejsh85/224301939788|https://blog.naver.com/editorc/224301823035|https://blog.naver.com/dototo_/224301829408|https://blog.naver.com/parkmath68/224301764332
3,food,인천,영종도,candidate,9,Wedding 34. 유연스냅 촬영 후기 : 인천 영종도 베이직(2시간)...|인천 영종도 중산동 맛집 니나노본갈비|[인천 영종도] 구읍뱃터 맛집 & 숙소 내돈내산 추천|인천 영종도|빨간거짱구네 본점,https://blog.naver.com/wofminchae/224301946828|https://blog.naver.com/thstmdwls54/224301755130|https://blog.naver.com/ssong_day/224301901029|https://blog.naver.com/foodietrainee/224301813719|https://blog.naver.com/shlove01299/224301909997
4,food,대구,수성구,candidate,8,"대구 수성구 치킨 덤브치킨 수성점, 아이가 먼저 찾는...|대구 수성구 양념갈비 맛집 / 서민갈비 / 직원이 꾸워주는 고깃집|레시피를 완성시켜준 대구 수성구 신선 정육점 추천 , 우담정육점|대구 수성구 범어동 24시간 영업 만두 맛집 ""대가손만두...|[ 내돈내산 대구 수성구 맛집 ] 착한낙지 수성점｜낙지볶음덮밥...",https://blog.naver.com/yvette24/224301949771|https://blog.naver.com/365ing-/224301942593|https://blog.naver.com/drawingirls/224301818663|https://blog.naver.com/did3473/224301860221|https://blog.naver.com/dogsaunds/224301849703
5,domestic_travel,부산,해운대,candidate,8,"[부산 맛집 ] 해운대 돼지국밥 현지인 맛집 , 서가돼지국밥|호텔 그랜드 조선 부산 해운대 (Grand Josun Busan) AGODA...|청사포역 카페, 부산 해운대 블루라인파크 근처 청사포의 감성...|[부산/해운대 맛집 ] 싱싱한 자연산 해산물이 3차에 걸쳐 나오는...|부산 해운대 LP바 뮤즈온 해운대 데이트코스 추천",https://blog.naver.com/prabhat_kim/224301943263|https://blog.naver.com/gotrip2001/224301856000|https://blog.naver.com/poohniestudio/224301751968|https://blog.naver.com/caren1029/224301692566|https://blog.naver.com/2_s0ey/224301665381
6,food,수원,행궁동,candidate,8,[수원 행궁동] 행궁동 신상 카페 추천 녹크|[수원 행궁동 맛집 ] 분위기에 취하고 맛에 반하는...|수원 행궁동 테라스 카페 추천 노팅힐 베이커리 (딸기케이크 맛집 )|[수원 행궁동 맛집 ]... 맛을 즐길 수 있는 쿼터스트리트 피자 맛집|수원 행궁동 데이트 감성 숙소 추천,https://blog.naver.com/diggingfood/224301945809|https://blog.naver.com/nasang0223/224301932168|https://blog.naver.com/thebagle3/224301814817|https://blog.naver.com/shindenggu/224301694058|https://blog.naver.com/sssony_/224301874562
7,food,대구,교동,candidate,7,대구 중구) 등대 [ 문어숙회삼합 ] 해산물 전문 대구 교동 맛집 ...|대구 교동 술집 교동 조개구이 <남포> 후기|[대구 교동 맛집 ] 대구 교동 조개구이 맛집 남포 교동 핫플|대구 교동 조개구이 맛집 <남포> 내돈내산 조개구이 3~4인 셋트...|[대구 교동 백룸 라운지] 교동칵테일바 교동라운지 힙한술집,https://blog.naver.com/m__moooon/224301950523|https://blog.naver.com/yoobin1218_/224301939458|https://blog.naver.com/cleanm1914/224301897890|https://blog.naver.com/maxmini11/224301891127|https://blog.naver.com/sua__zip/224301618843
8,domestic_travel,가평,자라섬 꽃축제,attraction,7,가평 자라섬 꽃축제 2026 총정리｜남도꽃정원 봄꽃페스타...|자라섬 꽃축제 2026 방문 전 꼭 볼 입장료·주차·꽃 절정 타이밍|자라섬 꽃축제 2026 지금 가기 전 꼭 볼 일정·입장료·셔틀...|자라섬 꽃축제 2026 지금 가도 될까? 일정·입장료·셔틀...|자라섬 꽃축제 2026 지금 가도 좋을까? 입장료·개화시기·동선...,https://blog.naver.com/123whywhy/224299354360|https://blog.naver.com/yhking119/224299046910|https://blog.naver.com/flemznls1/224298925262|https://blog.naver.com/betterthanever0810/224298653145|https://blog.naver.com/kim582777/224298626268
9,food,부산,해운대,candidate,7,"[부산 맛집 ] 해운대 돼지국밥 현지인 맛집 , 서가돼지국밥|호텔 그랜드 조선 부산 해운대 (Grand Josun Busan) AGODA...|청사포역 카페, 부산 해운대 블루라인파크 근처 청사포의 감성...|[부산/해운대 맛집 ] 싱싱한 자연산 해산물이 3차에 걸쳐 나오는...|부산 해운대 게장 맛집 신사꽃게당 해운대점 간장게장 양념게장...",https://blog.naver.com/prabhat_kim/224301943263|https://blog.naver.com/gotrip2001/224301856000|https://blog.naver.com/poohniestudio/224301751968|https://blog.naver.com/caren1029/224301692566|https://blog.naver.com/abc0217_/224301923761
10,domestic_travel,부산,대마도,candidate,6,"부산 대마도 배편 쓰시마링크 가격 대비 만족도|일본만 부산 대마도 배편, 노바호로 떠나는 알찬 여행|부산 대마도 배편 당일치기 쓰시마링크호 예약|부산 대마도 배편 당일치기 여행 구매즉시확정 쓰시마링크호...|부산 대마도 여행 배편 예약 팬스타 쓰시마링크호 히타카츠...",https://blog.naver.com/footing39579/224301429370|https://blog.naver.com/darkchefs/224300813561|https://blog.naver.com/pibilinnae/224300719108|https://blog.naver.com/brand_h/224300090409|https://blog.naver.com/brand_h/224300088635
11,domestic_travel,경주,보문단지,candidate,6,경주 보문단지 맛집 효은옥 경주분점 뼈베레스트 존맛탱|경주 보문단지 밥집 약 20가지 푸짐한 한정식 솔직후기...|경주 보문단지 주변 액티비티 추천: 경주루지월드에서 하루...|경주 보문단지 맛집 맛자랑 불국사 근처 한정식 맛집 돌솥정식...|경주 보문단지 핫플 추천: 안전하고 재미있는 루지 체험,https://blog.naver.com/yozin_/224301911280|https://blog.naver.com/okkk2138/224301924693|https://blog.naver.com/dog5564/224301943678|https://blog.naver.com/mmmu14/224301868528|https://blog.naver.com/kwangsun1125/224301949041
12,food,대구,서문시장,travel_spot,6,"대구 서문시장 블루리본 합천할매손칼국수 다녀와봄|[대구 서문시장 맛집 ] 빨간어묵 원조 맛집 ‘부산어묵장돌이’...|주말 대구 서문시장 나들이｜에덴김밥, 돌쇠떡집, 비즈캐슬...|[대구 서문시장 먹거리] 고소함 폭발! 겉바속촉 추억의 맛...|대구 뚜벅이 혼자 당일치기 여행 가볼만한곳 추천 코스",https://blog.naver.com/enjoy_it_/224301948086|https://blog.naver.com/coma112233/224301849712|https://blog.naver.com/toto_here/224301909991|https://blog.naver.com/coma112233/224301836768|https://blog.naver.com/psybobo11/224301904590
13,domestic_travel,대구,서문시장,travel_spot,6,"대구 서문시장 블루리본 합천할매손칼국수 다녀와봄|[대구 서문시장 맛집 ] 빨간어묵 원조 맛집 ‘부산어묵장돌이’...|주말 대구 서문시장 나들이｜에덴김밥, 돌쇠떡집, 비즈캐슬...|[대구 서문시장 먹거리] 고소함 폭발! 겉바속촉 추억의 맛...|대구 뚜벅이 혼자 당일치기 여행 가볼만한곳 추천 코스",https://blog.naver.com/enjoy_it_/224301948086|https://blog.naver.com/coma112233/224301849712|https://blog.naver.com/toto_here/224301909991|https://blog.naver.com/coma112233/224301836768|https://blog.naver.com/psybobo11/224301904590
14,food,대전,중구,candidate,6,"대전 중구|간편한 한 끼, 감성적인 인테리어의 맛있는 김밥집...|대전 중구 성심당 근처 가성비 칼국수 맛집 [시민칼국수]|대전|중구 성심당근처 맛집 전참시 얼큰이칼국수 복수분식...",https://blog.naver.com/ttuttut/224301906898|https://blog.naver.com/khn5171/224301746453|https://blog.naver.com/aestival08/224301887207|https://blog.naver.com/starstaracademy/224301570569|https://blog.naver.com/jolnsi/224301889869
15,food,제주,공항,candidate,5,"제주 공항 밥집 추천, 오쿠다에서 든든한 솥밥 한 끼|제주 공항 근처 현지인 맛집 산방식당 도청직영점 메뉴 내돈내산|제주 공항 근처 맛집 , 진한 국물이 일품인 신제주 보말칼국수...|6월 제주 공항 근처 아침식사 맛집 카페 아이랑 가족여행...|[제주 제주공항 고사리 육개장] 제주 맛집 <우진해장국> /공항...",https://blog.naver.com/hi_sseung/224301957916|https://blog.naver.com/song0110/224301928662|https://blog.naver.com/kongkong_log/224301743920|https://blog.naver.com/holocelina/224301922269|https://blog.naver.com/y_soo__o/224301446964
16,food,부산,광안리,candidate,5,부산 광안리 맛집 ! 해장성지 아침식사 가능한 로컬 밥집...|부산 광안리 돈까스 맛집 1일 한정메뉴 추천 광안역 근처 헷츠...|부산 광안리 점심 해수욕장 근처 페이센동 광안리점|부산 광안리 다리집 유명한 떡볶이는 먹어줘야 제 맛|[부산 광안리] 부산 당일치기 여행✨,https://blog.naver.com/busanminae/224301859222|https://blog.naver.com/gentry_sy2/224301823374|https://blog.naver.com/kkg5562/224301717091|https://blog.naver.com/happy_dory_/224301906457|https://blog.naver.com/yjo4429/224301663679
17,domestic_travel,부산,광안리,candidate,5,부산 광안리 돈까스 맛집 1일 한정메뉴 추천 광안역 근처 헷츠...|6/12~14 제24회 광안리어방축제 — 부산 광안리 바다가 가장...|[부산 광안리] 부산 당일치기 여행✨|위드요트 부산 광안리 해변출발 해운대 더베이101 야경 폭죽...|부산 광안리 가볼만한곳 놀거리 어방축제 포장마차 포차거리,https://blog.naver.com/gentry_sy2/224301823374|https://blog.naver.com/jiji090/224301769221|https://blog.naver.com/yjo4429/224301663679|https://blog.naver.com/tricolour210/224301902442|https://blog.naver.com/imsogroovy/224301880222
18,food,대구,동성로,candidate,5,"대구 동성로 삼겹살 맛집 “참한집 종로점”, 돼지껍데기까지...|대구 동성로 맛집 신라식당 한일점 내돈내산|대구 동성로 맛집 밥집 카페동이 동성로본점 든든한 가성비...|대구 동성로 양식 맛집 <다나 동성로본점>|데이트 코스...",https://blog.naver.com/yaejin29/224301830342|https://blog.naver.com/mink1004z/224301856634|https://blog.naver.com/naturalree12/224301889537|https://blog.naver.com/ah_rxn/224301693065|https://blog.naver.com/dlwlals2729/224301896325
19,food,대전,둔산동,candidate,5,[대전/둔산동] 불장난 대전 둔산동 술집 안주 추천 찐후기|대전 둔산동 핫플 술집 숯불 맛집 불장난 후기|대전 맛집 둔산동 점심 맛집 가성비 좋은 훈제오리 점심특선...|대전 둔산동 '가츠비' 돈까스 맛집 [ 내돈내산 ]|대전 둔산동 중식집 불타는 반점,https://blog.naver.com/choyeon-_/224301945672|https://blog.naver.com/natae0605/224301894248|https://blog.naver.com/luckeeee/224301821027|https://blog.naver.com/yum-yumlife/224301787713|https://blog.naver.com/corinthians15/224301933116
20,food,대구,삼덕동,candidate,5,[대구 삼덕동] 커알못도 반한 커피 맛집 '수평적관계' 방문 후기|대구 삼덕동 맛집 온담 본점 대구 샤브샤브 편백찜 맛집 추천|(소) ] 상다리 부러지는 푸짐함 대구 삼덕동 횟집 추천|[대구 삼덕동 이자카야 야키토리 맛집 ] 이쵸야 숯불에 직접 굽는...|대구 삼덕동 샌드베이글 맛집 틸베이글,https://blog.naver.com/whalstn38/224301947227|https://blog.naver.com/mmmu14/224301928937|https://blog.naver.com/m__moooon/224301925212|https://blog.naver.com/fpal1742/224301825389|https://blog.naver.com/nabiene/224301928138
21,domestic_travel,제주,서귀포,candidate,5,제주 서귀포 오션뷰 숙소｜가성비 좋은 골든아워제주 내돈내산 ...|제주 서귀포 치유의숲 입니다|제주 서귀포 천지연폭포 야간명소 주차장 정보|주말여행 어디갈지 고민된다면? 제주 서귀포 바다뷰에서 끝내는...|제주 서귀포 신화월드 동물원 모모쥬동물원 카피바라,https://blog.naver.com/hari_u/224301897289|https://blog.naver.com/ikje1225/224301811952|https://blog.naver.com/ssoyeon_yoon/224301699889|https://blog.naver.com/youngvin7205/224300690288|https://blog.naver.com/aasd777/224301902335
22,food,부산,서면,candidate,5,"[부산 서면] 매콤한 쭈꾸미가 땡길땐 홍스쭈꾸미 서면점!|[부산 서면] 서면고기집 소장각, 가성비로 즐기는 소갈비살...|부산 서면 막창 맛집 추천 ｜심형래도 인정한 단골막창 서면점...|부산 서면• 전포 카페_[이즈더네임] 방문 솔직 후기(내돈 내산)|부산 서면 BIFC2몰 실내데이트, 종로문고",https://blog.naver.com/singbbu/224301827645|https://blog.naver.com/ranpunzels/224301775344|https://blog.naver.com/ringildong03/224301768704|https://blog.naver.com/kimeum715/224301693545|https://blog.naver.com/sumin2840/224301932411
23,food,수원,인계동,candidate,5,"모시고 가기 좋은 깔끔한 수원 인계동 한정식 맛집 [이교수 한정식]|수원 인계동 맛집 로마경양식... 전통 돈까스 함박스테이크 맛집|수원 인계동 맛집 - 마장동김씨 수원인계점 (수원시청역...|[카페] 수원 인계동 느좋카페 / 내돈내산 넓고 커피 찐맛도리집...|수원 인계동 점심 맛집 , 쌀국수 포레스트오늘숲",https://blog.naver.com/sooo_thanks/224301951989|https://blog.naver.com/sandy1014/224301777705|https://blog.naver.com/trak89/224301927141|https://blog.naver.com/wanikong/224301785255|https://blog.naver.com/singungi1102/224301913285
24,domestic_travel,가평,자라섬,candidate,5,"가평 자라섬 꽃페스타 실시간 후기｜수국 양귀비 만개, 지금...|가평 자라섬 꽃 페스타 다녀온 후기 생각 없이 갔다가 사진만...|서울 근교 꽃구경 추천! 가평 자라섬 꽃 페스타에서 만나는...|가평 자라섬 꽃축제 2026 총정리｜남도꽃정원 봄꽃페스타...|가평 자라섬 꽃축제 기간 남도 꽃정원 데이트 코스 추천",https://blog.naver.com/hoppog/224301491239|https://blog.naver.com/nana_school/224301396872|https://blog.naver.com/usi345/224299351255|https://blog.naver.com/123whywhy/224299354360|https://blog.naver.com/su_yogi/224301893946
25,food,부산,전포,candidate,5,부산 전포 맛집 버거샵(burger shop) ｜ 힙한 감성 가득한...|부산 전포|과일빙수 맛집 빙수당 내돈내산 후기|[부산 전포 맛집 ] 돈까스 파스타 고온 내돈내산 후기|[부산] 전포 수육 맛집 갱상도 간받이수육에 해물칼국수까지,https://blog.naver.com/20_27/224301958831|https://blog.naver.com/bin_days_/224301934055|https://blog.naver.com/so_rrrrr/224301837066|https://blog.naver.com/suunn247/224301808049|https://blog.naver.com/minggi--/224301937591
26,food,대구,중구,candidate,5,대구 중구) 등대 [ 문어숙회삼합 ] 해산물 전문 대구 교동 맛집 ...|[ 대구 중구 ] 트라이브 레스토랑 : 라자냐|[대구/중구] 종로 분위기 있는 이자카야 ' 요바나시 ' 솔직 후기|대구 중구 동성로 디저트 맛집 오디너리하우스|대구 중구 동인동 리오더 커피 한입 먹고 반해버린 찐 커피 맛집 ...,https://blog.naver.com/m__moooon/224301950523|https://blog.naver.com/kyromilo/224301811320|https://blog.naver.com/emothing_/224301841919|https://blog.naver.com/jhslls/224301831107|https://blog.naver.com/ds7646211/224301571851
27,food,광주,첨단,candidate,5,"광주 첨단 짬뽕 맛집 보배반점 보배짬뽕 중화비빔밥 미니탕수육|[광주/첨단] 광주 냉면 맛집 _청석골칡냉면 내돈내산 후기|[광주 첨단 맛집 ] 친구들과 다녀온 찐 맛집 , '마녀의 닭갈비...|광주 첨단 맛집 '오덴', 분위기와 맛에 취하고 연어 육회와 오뎅...|광주 맛집 첨단 핫플 추천 리조또와 피자가 맛있는...",https://blog.naver.com/ssom1106/224301948182|https://blog.naver.com/gayajisun/224301808263|https://blog.naver.com/0527omj/224301931454|https://blog.naver.com/ekdud2850/224301910926|https://blog.naver.com/choggang1578/224301723548
28,food,종로,3가 맛집,restaurant,4,익선동 파스타 맛집 신라호텔 10년 경력 셰프의 독립밀방...|종로 데이트 개나리아구찜 맛집 구운대창구이아구찜 비주얼...|종로3가 맛집 추천 비 오는 날 생각나는 만두전골 맛집 종가만두|종로3가 맛집 <종가만두>｜13... 재방문하고 싶은 수제만두 맛집,https://blog.naver.com/minji9038/224301574094|https://blog.naver.com/soso_common_day/224301571495|https://blog.naver.com/hyeonji4983/224299341138|https://blog.naver.com/kevin6227/224300559052
29,domestic_travel,부산,가성비호텔,travel_spot,4,"26. 부산역 호텔 내돈내산 숙박 후기: 브라운도트 위치, 조식...|부산역 호텔 추천! 토요코인 부산역1호점 장단점 총정리|부산 김해공항 근처 호텔 추천, 신라스테이 서부산 장단점 총정리|부산 가성비 여행 의 정석 리순덕 호텔 투숙 후기부터 츤데레...",https://blog.naver.com/sophicare/224301722537|https://blog.naver.com/goodfinds/224301796903|https://blog.naver.com/goodfinds/224301792220|https://blog.naver.com/alsdnd7464/224301508155
30,domestic_travel,대구,교동,candidate,4,대구 교동 술집 교동 조개구이 <남포> 후기|[대구 교동 맛집 ] 대구 교동 조개구이 맛집 남포 교동 핫플|대구 교동 조개구이 맛집 <남포> 내돈내산 조개구이 3~4인 셋트...|대구 교동 맛집 한빠 한식에 빠진 대구 시청 점심 맛집 추천,https://blog.naver.com/yoobin1218_/224301939458|https://blog.naver.com/cleanm1914/224301897890|https://blog.naver.com/maxmini11/224301891127|https://blog.naver.com/jiny_iwish/224301608309
31,food,제주,동문시장,travel_spot,4,제주동문시장 맛집 고기국수가 맛있는 동진고기국수 동문시장...|제주 동문시장 맛집 명란스낵 3박 4일 먹은 음식 중 TOP3였던...|2026 봄 제주 (2)|제주 동문시장 야시장 8번 출구 후기! 딱새우회·방어회 먹고...,https://blog.naver.com/hxunkxng/224301882106|https://blog.naver.com/bomiomi/224301771708|https://blog.naver.com/newstar814/224301922565|https://blog.naver.com/22ing2/224301850927
32,domestic_travel,제주,동문시장,travel_spot,4,제주동문시장 맛집 고기국수가 맛있는 동진고기국수 동문시장...|제주 동문시장 맛집 명란스낵 3박 4일 먹은 음식 중 TOP3였던...|2026 봄 제주 (2)|제주 동문시장 야시장 8번 출구 후기! 딱새우회·방어회 먹고...,https://blog.naver.com/hxunkxng/224301882106|https://blog.naver.com/bomiomi/224301771708|https://blog.naver.com/newstar814/224301922565|https://blog.naver.com/22ing2/224301850927
33,domestic_travel,대구,동성로,candidate,4,"대구 동성로 삼겹살 맛집 “참한집 종로점”, 돼지껍데기까지...|대구 동성로 맛집 밥집 카페동이 동성로본점 든든한 가성비...|대구 동성로 양식 맛집 <다나 동성로본점>|데이트 코스...|가족외식으로 좋은 대구 동성로 맛집 , 고메스퀘어...",https://blog.naver.com/yaejin29/224301830342|https://blog.naver.com/naturalree12/224301889537|https://blog.naver.com/ah_rxn/224301693065|https://blog.naver.com/dlwlals2729/224301896325
34,domestic_travel,경주,루지월드,candidate,4,"경주 루지월드 스릴넘치는 액티비티 가볼만한곳 추천|경주루지월드, 경주 놀거리로 가족과 함께 하는 특별한 체험!|[경주루지월드] 경주 갈 만한 곳 , 특별한 루지 체험으로 짜릿한...|[경주루지월드] 경주 보문단지 주변 액티비티 추천, 루지와...",https://blog.naver.com/wooni_channel/224301809687|https://blog.naver.com/tjfgmlsla9/224301788578|https://blog.naver.com/bu135rq5vaz/224301930133|https://blog.naver.com/h39ax5igo/224301927324
35,food,대전,봉명동,candidate,4,"대전 봉명동 고기집 고깃리88 봉명점, 숙성 생고기와 연탄불의...|[대전/봉명동] 양이 대혜자인 농민뜨끈이 옥천뼈구이(왕강추)|<REVIEW> 대전 봉명동 ""메리엔제이""에서 케라틴 영양 속눈썹 펌...|｜봉명동 대전 핫플 , 대전 혼술바 '잔소리 봉명점'",https://blog.naver.com/jumdonamul/224301918697|https://blog.naver.com/goldg-/224301804746|https://blog.naver.com/healthylifeoflima-/224301900305|https://blog.naver.com/shrimpssong/224301819009
36,food,제주,서귀포,candidate,4,제주 서귀포 오션뷰 숙소｜가성비 좋은 골든아워제주 내돈내산 ...|제주 서귀포 치유의숲 입니다|주말여행 어디갈지 고민된다면? 제주 서귀포 바다뷰에서 끝내는...|제주 서귀포 신화월드 동물원 모모쥬동물원 카피바라,https://blog.naver.com/hari_u/224301897289|https://blog.naver.com/ikje1225/224301811952|https://blog.naver.com/youngvin7205/224300690288|https://blog.naver.com/aasd777/224301902335
37,domestic_travel,부산,서면,candidate,4,"[부산 서면] 매콤한 쭈꾸미가 땡길땐 홍스쭈꾸미 서면점!|[부산 서면] 서면고기집 소장각, 가성비로 즐기는 소갈비살...|부산 서면• 전포 카페_[이즈더네임] 방문 솔직 후기(내돈 내산)|부산 서면 BIFC2몰 실내데이트, 종로문고",https://blog.naver.com/singbbu/224301827645|https://blog.naver.com/ranpunzels/224301775344|https://blog.naver.com/kimeum715/224301693545|https://blog.naver.com/sumin2840/224301932411
38,food,대전,성심당,candidate,4,대전 성심당 본점 ! 케익부띠끄 롤케익부터 샌드위치...|대전 성심당 망고시루 대전 핫플 당일치기 관광지 빵지순례|대전 성심당 구매후기 - 오픈런 없이 인기 빵 구매한 솔직...|6월 대전 여행 추천 대전 성심당 시루 케익 전문점 망고롤 구매...,https://blog.naver.com/zzangzzang990/224301953887|https://blog.naver.com/rafiuta/224301256354|https://blog.naver.com/footneki-v/224301618658|https://blog.naver.com/kdspmj12/224301254493
39,domestic_travel,대전,성심당,candidate,4,대전 성심당 본점 ! 케익부띠끄 롤케익부터 샌드위치...|대전 성심당 망고시루 대전 핫플 당일치기 관광지 빵지순례|대전 성심당 구매후기 - 오픈런 없이 인기 빵 구매한 솔직...|6월 대전 여행 추천 대전 성심당 시루 케익 전문점 망고롤 구매...,https://blog.naver.com/zzangzzang990/224301953887|https://blog.naver.com/rafiuta/224301256354|https://blog.naver.com/footneki-v/224301618658|https://blog.naver.com/kdspmj12/224301254493
40,food,광주,송정역,candidate,4,광주 송정역 맛집 옛날에금잔디 광주 송정역 한정식|광주 송정역 점심 맛집 슈퍼크리스피에서 햄버거 먹어 본 후기|[광주 송정역 맛집 ] '시장국밥' 전현무계획3도 반한 30년 전통...|광주 송정역 근처 빵집 썬베이커리 착한 가게 방문 후기,https://blog.naver.com/yolokotrsy/224301958384|https://blog.naver.com/bsd0921/224301818465|https://blog.naver.com/geolsb/224301662775|https://blog.naver.com/wlsud3626/224301896898
41,domestic_travel,가평,아침고요수목원,candidate,4,가평 당일치기 정답 가평 아침고요수목원 수국축제 잣두부정식...|가평 아침고요수목원 맛집 추천 밤나무집춘천닭갈비|가평 아침고요수목원 수국축제 다녀온 후기 사진으로 보던...|06월 일일투어 추천 뚜벅이 여행 가평 아침고요수목원!,https://blog.naver.com/minago_/224300304123|https://blog.naver.com/cabotin_8494/224296484004|https://blog.naver.com/nana_school/224301394724|https://blog.naver.com/okok002300/224301293747
42,domestic_travel,강릉,안목해변,travel_spot,4,"바다가 안녕이라 그랬어요!|[강릉 여행 ]엄마와 함께 떠난 강원도 강릉 2박3일/1일차|강릉 안목해변 차박, 일출 하나로 유명해진 이유|반려견과 떠나는 힐링여행, 강릉 펫 가족 힐링페스티벌 2026...",https://blog.naver.com/milkjelly79/224301947984|https://blog.naver.com/pricuae123/224301699781|https://blog.naver.com/medic3939/224300583314|https://blog.naver.com/moonlight_800/224298400527
43,food,제주,애월,candidate,4,제주 애월 해오반 후기 _ 애월 한식 맛집 추천|[제주도] 제주 애월 오션뷰 고기국수 맛집 ‘아침바다 고기...|[제주 애월] 랜디스도넛 제주애월점 내돈내산 솔직후기 주차 팁...|제주 애월 새별프렌즈 방문기 귀여운 동물 먹이주기 체험 추천,https://blog.naver.com/jblossom-cheonan/224301794576|https://blog.naver.com/4_15log/224301838672|https://blog.naver.com/doorkicker_81/224301546635|https://blog.naver.com/soul21002/224301741099
44,domestic_travel,제주,애월,candidate,4,제주 애월 해오반 후기 _ 애월 한식 맛집 추천|[제주도] 제주 애월 오션뷰 고기국수 맛집 ‘아침바다 고기...|[제주 애월] 랜디스도넛 제주애월점 내돈내산 솔직후기 주차 팁...|제주 애월 새별프렌즈 방문기 귀여운 동물 먹이주기 체험 추천,https://blog.naver.com/jblossom-cheonan/224301794576|https://blog.naver.com/4_15log/224301838672|https://blog.naver.com/doorkicker_81/224301546635|https://blog.naver.com/soul21002/224301741099
45,domestic_travel,가평,자라섬꽃축제,attraction,4,2026 자라섬 꽃 페스타 총정리｜위치·기간·입장료·주차...|서울 근교 꽃구경 추천! 가평 자라섬 꽃 페스타에서 만나는...|2026 자라섬 꽃 페스타 꽃축제|일정 주차 할인 꿀팁|가평 가볼만한곳 추천 2026 자라섬 꽃축제 다녀온 후기,https://blog.naver.com/boxbox45/224300172384|https://blog.naver.com/usi345/224299351255|https://blog.naver.com/nizekk/224299703527|https://blog.naver.com/sitimibi85/224297294108
46,food,광주,전현무계획,candidate,4,"전현무계획 광주 상무지구 육전 가게 식당 위치 어디 맛집 추천|전현무계획 광주 연화식당 예약 주차 혼밥 육전 맛집 위치 총정리|전현무계획 광주 맛집 총정리, 송정5일시장부터 육전 맛집까지|전현무계획 광주 육전 맛집 연화식당, 방문 전 꼭 볼 메뉴·위치...",https://blog.naver.com/moreandmore-0211/224301897119|https://blog.naver.com/overthesense/224301637298|https://blog.naver.com/namaksin14/224301887258|https://blog.naver.com/flemznls1/224301561961
47,food,부산,가성비,candidate,3,[부산 맛집 ] 가성비 좋은 현지인 추천 부전시장 밥집...|호객없이 깔끔한 가성비 부산 송도 맛집 '광성호 횟집'|부산 가성비 여행 의 정석 리순덕 호텔 투숙 후기부터 츤데레...,https://blog.naver.com/g_roadh/224301852253|https://blog.naver.com/sbling356/224301913243|https://blog.naver.com/alsdnd7464/224301508155
48,domestic_travel,부산,가성비,candidate,3,[부산 맛집 ] 가성비 좋은 현지인 추천 부전시장 밥집...|호객없이 깔끔한 가성비 부산 송도 맛집 '광성호 횟집'|부산 가성비 여행 의 정석 리순덕 호텔 투숙 후기부터 츤데레...,https://blog.naver.com/g_roadh/224301852253|https://blog.naver.com/sbling356/224301913243|https://blog.naver.com/alsdnd7464/224301508155
49,domestic_travel,강릉,강원도,candidate,3,"[강릉 여행 ]엄마와 함께 떠난 강원도 강릉 2박3일/1일차|( 국내 여행 ) 강원도 강릉 데이트, 가족여행 하기 좋은곳 오죽헌...|강원도 강릉 가볼만한 곳 BEST 5 중앙시장 월화거리 안목해변",https://blog.naver.com/pricuae123/224301699781|https://blog.naver.com/jks106405/224301506799|https://blog.naver.com/sophiachae0723/224301666386
50,domestic_travel,광주,경기도,candidate,3,[경기도 광주 가볼만한곳] 6월 율봄식물원 수국 축제 및 토마토...|[경기도 광주 가볼만한곳] 화담숲 여름 수국 축제 예매 및...|당일치기 드라이브 추천 #2|경기도 광주 식당부터 카페까지,https://blog.naver.com/dee7781/224301570916|https://blog.naver.com/dee7781/224301546752|https://blog.naver.com/grow_with_me_365/224301141048
51,domestic_travel,가평,계곡,candidate,3,"가평 계곡 촌캉스 펜션, 임초리부뚜막 303호 솥뚜껑 바베큐...|가평 계곡 앞 독채펜션! 추천 초록정원계곡독채펜션 가족 여행|가평 계곡 앞 단체펜션 추천 초록정원계곡독채펜션에서...",https://blog.naver.com/cjstkdlf007/224301796322|https://blog.naver.com/wwkd01/224299112063|https://blog.naver.com/dldusdn0725/224299053241
52,food,수원,광교호수공원,travel_spot,3,"광교 앨리웨이 브런치 맛집 , 위커파크 다녀왔어요|광교 법조타운 맛집 , 야끼토리잔잔 광교점 후기!|광교 호수공원 맛집 청년감자탕순대국 묵은지감자탕 후기",https://blog.naver.com/happy_lively/224301925780|https://blog.naver.com/smile085/224301833775|https://blog.naver.com/domdobu/224301759569
53,food,종로,광장시장,travel_spot,3,"광장시장 자매육회집 육회비빕밥 후기|광장시장 맛집 전라도횟집 내돈내산 후기｜모둠회 2인 25...|광장시장 먹거리 투어 후기, 줄 서서 먹은 맛집 4곳",https://blog.naver.com/veritavitia/224301838148|https://blog.naver.com/oburi-/224301407518|https://blog.naver.com/yellowbabo/224301203451
54,food,부산,기장,candidate,3,내돈내산|부산 기장 드라이브 코스로 들르기 좋은 맛집 ...|부산 기장 카페 맛집|대형... “ 방문후기 2탄( 내돈내산 )|부산 기장 여행 오션뷰 카페 웨이브온 대나무 영화 촬영지...,https://blog.naver.com/nueijeel_/224301898522|https://blog.naver.com/moonglade15/224301803449|https://blog.naver.com/4729581/224301792300
55,food,대구,남구,candidate,3,대구 남구 피부관리실 수분광채케어로 속수분 잡고 온 루루아|대구 남구 명덕역 막창 맛집 추천 초벌되어 나와 더 맛있는...|( 내돈내산 ) 대구 남구 서부정류장 술집 맛집 ‘대구 생골뱅이’...,https://blog.naver.com/asdfgh3564/224301948574|https://blog.naver.com/breadman21/224301919787|https://blog.naver.com/tjsgp6345/224301849165
56,food,광주,남구,candidate,3,광주 남구 진월동 차돌 순두부찌개&수육 한식 맛집 ...|광주 남구 봉선동 안주 맛집 추천 곱창구이 맛집 서울곱창...|[광주 남구 봉선동 맛집 ]봉선동 양식 맛집 :: ‘르시엘블루 ’...,https://blog.naver.com/parkhj5185/224301941043|https://blog.naver.com/yuriroro/224301940342|https://blog.naver.com/runa000/224301786699
57,food,대구,달서구,candidate,3,대구 달서구 진천동 막창본능|용산동 먹자골목 맛집 까미생막창 대구 달서구 용산1동|대구 달서구 초복 맛집 홍이네대왕조개전골 조개삼계탕과 100...,https://blog.naver.com/guswl4934/224301950012|https://blog.naver.com/eg0day/224301824238|https://blog.naver.com/kkyj0070/224301794030
58,domestic_travel,대전,대청호 장미축제,attraction,3,대청호 장미축제 실시간 개화현황과 무료 주차 꿀팁 총정리|대청호 장미축제는 지금 장미꽃들이 만개 중♡|“ 서울 보다 덜 알려져 더 예쁜 대전 대청호 장미축제”,https://blog.naver.com/issueletter365/224301618826|https://blog.naver.com/angel79satan/224301819560|https://blog.naver.com/3050035/224295646828
59,domestic_travel,인천,동인천,candidate,3,[인천] 동인천 당일치기 여행코스& 맛집 추천 - 1. 차이나타운 편|[인천/동인천] 빈티지 보물찾기! '오슬로우 마켓' 축제 리얼...|인천 동인천 당일치기 1박2일 여행 코스 추천: 월미도 놀이공원...,https://blog.naver.com/mama_923/224301939578|https://blog.naver.com/longblack27/224301835165|https://blog.naver.com/augustbeen11/224297093216
60,domestic_travel,제주,동쪽,candidate,3,제주 동쪽 가볼만한곳 ATV 승마 체험 뷰제주하늘|[제주 동쪽 가볼만한곳 ] 비밀의숲 후기｜민트색 캠핑카...|만장굴 옆 수국명소 제주 동쪽 가볼만한곳 김녕미로공원,https://blog.naver.com/jinidag/224301941778|https://blog.naver.com/rlaalsek1/224301936448|https://blog.naver.com/thebestmaze/224301470835
61,domestic_travel,대전,둔산동,candidate,3,[대전/둔산동] 불장난 대전 둔산동 술집 안주 추천 찐후기|대전 둔산동 핫플 술집 숯불 맛집 불장난 후기|대전 맛집 둔산동 점심 맛집 가성비 좋은 훈제오리 점심특선...,https://blog.naver.com/choyeon-_/224301945672|https://blog.naver.com/natae0605/224301894248|https://blog.naver.com/luckeeee/224301821027
62,domestic_travel,강릉,뚜벅이,candidate,3,혼자 바다보러 가기 강릉 뚜벅이 당일치기 여행코스 추천|강릉 뚜벅이 당일치기 여행 2탄 하슬라 아트월드|강릉 뚜벅이 당일치기 토요일 눈치게임 성공(툇마루...,https://blog.naver.com/yoonsss22/224301654841|https://blog.naver.com/maum085/224301540337|https://blog.naver.com/rmaaywls/224301514626
63,domestic_travel,가평,봄꽃축제,attraction,3,2026 자라섬 꽃페스타 가평 꽃축제 후기 (입장료·주차...|서울 근교 꽃구경 추천! 가평 자라섬 꽃 페스타에서 만나는...|2026 자라섬 꽃 페스타 다녀왔어요! 지금이 가장 예쁠 때,https://blog.naver.com/mmmmbin/224300575415|https://blog.naver.com/usi345/224299351255|https://blog.naver.com/kyju6507/224297372051
64,domestic_travel,대구,삼덕동,candidate,3,[대구 삼덕동] 커알못도 반한 커피 맛집 '수평적관계' 방문 후기|대구 삼덕동 맛집 온담 본점 대구 샤브샤브 편백찜 맛집 추천|(소) ] 상다리 부러지는 푸짐함 대구 삼덕동 횟집 추천,https://blog.naver.com/whalstn38/224301947227|https://blog.naver.com/mmmu14/224301928937|https://blog.naver.com/m__moooon/224301925212
65,food,대구,서구,candidate,3,"[대구 서구 맛집 ] 노포 감성 가득한 '중리숯불막창'에서 고소한...|대구 서구 평리동 횟집 깜스 방문 후기, 시원한 물회 한 그릇|대구 서구 평리동 영이식당 재방문! 역시 든든한 콩불정식",https://blog.naver.com/yu_miii_0420/224301912593|https://blog.naver.com/jia525_/224301891472|https://blog.naver.com/jia525_/224301771557
66,food,부산,손정보쌈,candidate,3,"부산서면보쌈 한 쌈 먹고 또 생각난, 손정보쌈 부산서면점|손정보쌈 부산서면점 서면역 맛집 든든한 한식 맛집 후기|손정보쌈 부산서면점 부산서면 가브리보쌈 맛집 방문후기",https://blog.naver.com/oldage7788/224301955136|https://blog.naver.com/majestic7107/224301842382|https://blog.naver.com/jihyen0124/224301842043
67,domestic_travel,광주,송정역,candidate,3,광주 송정역 점심 맛집 슈퍼크리스피에서 햄버거 먹어 본 후기|[광주 송정역 맛집 ] '시장국밥' 전현무계획3도 반한 30년 전통...|광주 송정역 근처 빵집 썬베이커리 착한 가게 방문 후기,https://blog.naver.com/bsd0921/224301818465|https://blog.naver.com/geolsb/224301662775|https://blog.naver.com/wlsud3626/224301896898
68,domestic_travel,대구,수성구,candidate,3,"레시피를 완성시켜준 대구 수성구 신선 정육점 추천 , 우담정육점|대구 수성구 다이닝& 분위기 좋은 범어동 와인바_ 로쏘(ROSSO)|대구 수성구 신천시장 양고기 스프카레 맛집 바를램",https://blog.naver.com/drawingirls/224301818663|https://blog.naver.com/rosa920513/224301927215|https://blog.naver.com/dumborang/224301679356
69,food,부산,수영역,candidate,3,부산 수영역 맛집|미친막창... 막창 맛집 푸짐한 한 상 단골...|부산 수영역 맛집 술집 부엉이산장 안주가 맛있는 핫플 ...|부산 수영역 맛집 아구찜 제철 갑오징어회 신통영굴국밥 후기,https://blog.naver.com/hye0_0young/224301874642|https://blog.naver.com/sm88044/224301683912|https://blog.naver.com/puppv2/224301934811
70,food,수원,스타필드,candidate,3,수원 스타필드 인근 석암생소금구이 맛집 탐방|[수원] 1박2일 여행 :: 수원 스타필드 핫쵸|행궁동...|수원 스타필드 추천|런던베이글 뮤지엄 후기,https://blog.naver.com/wyfri530/224295253594|https://blog.naver.com/myominey/224301824552|https://blog.naver.com/ararop/224295893357
71,food,대구,신세계백화점,candidate,3,대구 신세계백화점 구슬아이스크림 맛집 대구 신세계 도티로티|대구 신세계백화점 8층 용호낙지- 낙곱새|[ 요모 ] 대구 신세계백화점 근처 일본 꼬치집 추천|일본 감성...,https://blog.naver.com/hat1599/224301954491|https://blog.naver.com/free-wing/224301909926|https://blog.naver.com/monglby0120/224301841799
72,food,광주,연화식당,restaurant,3,"광주 연화식당 가기 전 필독: 육전·조기탕 메뉴와 예약·주차 꿀팁|전현무계획 광주 연화식당 예약 주차 혼밥 육전 맛집 위치 총정리|광주 연화식당 혼밥, 육전 때문에 찾았다가 오히려 분위기가 더...",https://blog.naver.com/84uzmav/224301938730|https://blog.naver.com/overthesense/224301637298|https://blog.naver.com/attageogi/224301554331
73,food,부산,영도,candidate,3,"[부산 영도 카페] 흰여울문화마을 오션뷰 감성 카페...|[부산 영도] 감성커피 영도대교점 후기｜감성커피 신메뉴...|부산 영도 오션뷰 캠핑 바베큐 몽작 찐 솔직후기 (주차, 예약...",https://blog.naver.com/hobyeolha/224301957515|https://blog.naver.com/168_eo/224301766082|https://blog.naver.com/travelbenz_o0o/224301605110
74,domestic_travel,부산,영도,candidate,3,"[부산 영도] 감성커피 영도대교점 후기｜감성커피 신메뉴...|부산 영도 오션뷰 캠핑 바베큐 몽작 찐 솔직후기 (주차, 예약...|[부산 영도 가볼만한곳 ] HiKER M 플리마켓 하와이안 레이...",https://blog.naver.com/168_eo/224301766082|https://blog.naver.com/travelbenz_o0o/224301605110|https://blog.naver.com/alohaharu_hula/224301906507
75,domestic_travel,부산,전포,candidate,3,부산 전포|과일빙수 맛집 빙수당 내돈내산 후기|[부산 전포 맛집 ] 돈까스 파스타 고온 내돈내산 후기|[부산 전포 맛집 ] 코르 파스타 바 주말 점심 후기｜미쉐린 선정...,https://blog.naver.com/bin_days_/224301934055|https://blog.naver.com/so_rrrrr/224301837066|https://blog.naver.com/minggi--/224301937591
76,food,광주,전현무계획3,candidate,3,"전현무계획3 광주 돼지국밥 식당 송정역 시장 맛집 추천|전현무계획3 광주 맛집 총정리: 국밥·오리탕·육전, 방문 전 꼭...|전현무계획3 광주 맛집 3곳 한 번에 정리｜육전·돼지국밥...",https://blog.naver.com/moreandmore-0211/224301910234|https://blog.naver.com/84uzmav/224301940340|https://blog.naver.com/e150934/224301849679
77,food,제주,조천,candidate,3,"[술빚는여행자] 제주 조천|제주의 바람이 책갈피가 되는 카페...|[제주 낭뜰에쉼팡] 제주 조천 한식 찐 맛집 낭뜰에쉼팡|[제주 조천 맛집] 선흘방주할머니식당, 제주세계자연유산센터와...",https://blog.naver.com/antipara/224283060268|https://blog.naver.com/jejuhee_0/224301929057|https://blog.naver.com/happy_n_rich/224301324842
78,domestic_travel,제주,조천,candidate,3,"[술빚는여행자] 제주 조천|제주의 바람이 책갈피가 되는 카페...|제주 조천 숙소 보메와산 펜션 특징과 여행 팁|[제주 조천 맛집] 선흘방주할머니식당, 제주세계자연유산센터와...",https://blog.naver.com/antipara/224283060268|https://blog.naver.com/economicskf/224301849441|https://blog.naver.com/happy_n_rich/224301324842
79,domestic_travel,대전,중구,candidate,3,"대전 중구 맛집 광천식당, 노포 감성과 매콤한 두루치기의 만남|[대전/중구] 성심당 케익부띠끄 샌드위치정거장 성심당 문화원...|[대전/중구] 은행동사주 잘보는집 길잡이 후기",https://blog.naver.com/starstaracademy/224301570569|https://blog.naver.com/cherrytmt_/224301683338|https://blog.naver.com/eili1010/224301925793
80,food,인천,차이나타운,candidate,3,"[신승반점] 인천|차이나타운 유니짜장 사천백짬뽕 탕수육 맛집|인천 차이나타운 가볼 만한 곳, 당일치기 놀거리 먹거리 추천코스|인천 차이나타운|짜장면 박물관 관람 후기",https://blog.naver.com/sonjieun2000/224301949852|https://blog.naver.com/skylar_ing/224300870862|https://blog.naver.com/cyc36389/224301932804
81,domestic_travel,인천,차이나타운,candidate,3,"인천 차이나타운 가볼 만한 곳, 당일치기 놀거리 먹거리 추천코스|[ 서울 근교 가볼만한 곳] <인천 차이나타운 + 송월동 동화마을...|인천 차이나타운|짜장면 박물관 관람 후기",https://blog.naver.com/skylar_ing/224300870862|https://blog.naver.com/kfbwoman/224298032206|https://blog.naver.com/cyc36389/224301932804
82,domestic_travel,광주,첨단,candidate,3,"[광주 첨단 맛집 ] 친구들과 다녀온 찐 맛집 , '마녀의 닭갈비...|광주 첨단 맛집 '오덴', 분위기와 맛에 취하고 연어 육회와 오뎅...|광주 맛집 첨단 핫플 추천 리조또와 피자가 맛있는...",https://blog.naver.com/0527omj/224301931454|https://blog.naver.com/ekdud2850/224301910926|https://blog.naver.com/choggang1578/224301723548
83,domestic_travel,부산,출발,candidate,3,"나트랑 달랏 패키지 5일 부산 출발, 디꾸아호텔 총정리|MAY, 2026 (마산/통영/거제/경주/포항)|부산 출발 3박 4일 삿포로 에어텔 후기, 65만원대 가성비...",https://blog.naver.com/dkrdka18/224301494212|https://blog.naver.com/seulmizi/224301874024|https://blog.naver.com/ovonews/224301890548
84,domestic_travel,대전,한밭수목원,candidate,3,대전 한밭수목원 맛집 솔가숯불갈비 대전직영점 방문 후기|대전 한밭수목원 신세계백화점|대전 한밭수목원 꽃축제 장미 스팟,https://blog.naver.com/beautiful_life_7/224301954336|https://blog.naver.com/4862toi/224301890268|https://blog.naver.com/darame0422/224301885688
85,domestic_travel,경주,황리단길,candidate,3,경주 황리단길 먹거리 추천 ! : 직접 먹어본 내돈내산 간식들...|워너k 일상 경주 황리단길 당일치기 무료 공영주차장 정보|[경주/황리단길 맛집] 료코 안심카츠·료무라이스 솔직 후기...,https://blog.naver.com/wms9774/224301000899|https://blog.naver.com/bokyeong77777/224301513801|https://blog.naver.com/iammjih/224301850037
86,food,종로,3가카페,cafe,2,"종로3가점 :: 서울3대 아인슈페너 맛집 , 종로 데이트 추천|서울3대아인슈페너 맛집 시애틀커피하우스 종로3가점",https://blog.naver.com/ggaonii/224301740961|https://blog.naver.com/skdud3758/224301690483
87,food,종로,5가맛집,restaurant,2,"비 오는 날 광장시장 데이트, 낙지탕탕이와 종로빈대떡|광장시장 맛집 전라도횟집 내돈내산 후기｜모둠회 2인 25...",https://blog.naver.com/ji0edaa/224301760040|https://blog.naver.com/oburi-/224301407518
88,food,대구,6기,candidate,2,[앞산 프렌즈 6기] 대구 안지랑 맛집 추천 ️ : 안지랑 곱창막창...|프렌즈 6기] 대구 앞산 카페 추천 ️ : 아리츠 (샌드위치 맛집 ),https://blog.naver.com/pcjihye/224301948049|https://blog.naver.com/pcjihye/224301939387
89,domestic_travel,경주,가볼,candidate,2,"경주 가볼 만한 곳, 경주루지월드에서 짜릿한 경험을!|6월 경주 가볼 만한 곳 경주 대릉원 포토존 위치",https://blog.naver.com/song970923/224301819494|https://blog.naver.com/teddyjun/224301512017
90,food,종로,가성비,candidate,2,종로 가성비 맛집 추천 ! 미국식 중식당 '서울익스프레스88...|종로 가성비 야장 맛집 밥도사술도사 내돈내산 후기,https://blog.naver.com/mingbusiness/224301908394|https://blog.naver.com/mimizi_/224301559066
91,food,부산,가성비호텔,travel_spot,2,"26. 부산역 호텔 내돈내산 숙박 후기: 브라운도트 위치, 조식...|부산 가성비 여행 의 정석 리순덕 호텔 투숙 후기부터 츤데레...",https://blog.naver.com/sophicare/224301722537|https://blog.naver.com/alsdnd7464/224301508155
92,domestic_travel,가평,가족,candidate,2,봄 가평 가족 여행 추천 <더스테이힐링파크> 포레스트A타입 후기.|서울 근교 레저 추천 가평카트장 체험 후기 가평 가족 여행 코스,https://blog.naver.com/kimd0827/224300438985|https://blog.naver.com/soyeonshin2/224298681623
93,domestic_travel,제주,가족여행,candidate,2,"테디베어하우스 테지움에서의 제주 가족여행, 특별한 추억...|제주 가족여행, 테디베어하우스 테지움에서 동심으로 돌아가다",https://blog.naver.com/nightmin79/224301957420|https://blog.naver.com/khsvum/224301938049
94,food,성수,감성,candidate,2,내돈내산 성수 분위기 좋은 곳 성수 감성 와인바 쏘티|성수 감성 카페 도토리오븐 내돈내산 솔직 후기,https://blog.naver.com/danbi_0530/224301927799|https://blog.naver.com/eunsu_exe/224301703409
95,domestic_travel,성수,감성,candidate,2,내돈내산 성수 분위기 좋은 곳 성수 감성 와인바 쏘티|성수 감성 카페 도토리오븐 내돈내산 솔직 후기,https://blog.naver.com/danbi_0530/224301927799|https://blog.naver.com/eunsu_exe/224301703409
96,domestic_travel,가평,경기,candidate,2,[경기/가평]르봉뺑:가평 빵집 가평 로컬빵집 가평 맛집추천 ...|경기 가평 서울근교여행 달빛정원글램핑앤카라반,https://blog.naver.com/congsssi/224301768878|https://blog.naver.com/charmingtry/224296974581
97,domestic_travel,가평,경기도,candidate,2,경기도 가평 가볼만한곳 자라섬 여행 외 4곳|경기도 가평 가볼만한곳 가평 카페 양떼목장 놀거리...,https://blog.naver.com/kwleslie/224301163213|https://blog.naver.com/overroad89/224298386666
98,domestic_travel,가평,경기도꽃축제,attraction,2,2026 자라섬 꽃 페스타 총정리｜위치·기간·입장료·주차...|2026 자라섬 꽃 페스타 다녀왔어요! 지금이 가장 예쁠 때,https://blog.naver.com/boxbox45/224300172384|https://blog.naver.com/kyju6507/224297372051
99,domestic_travel,인천,계양,candidate,2,"인천 계양 분위기 자연뷰 맛집 카페 오디와이 커피|인천 계양 신혼여행, 효과적인 실행 방법",https://blog.naver.com/ghuns-/224301797756|https://blog.naver.com/bhsisvz447339_fg/224301392764
100,domestic_travel,가평,고고다이노 키즈호텔,travel_spot,2,서울근교 여행 가평 고고다이노 키즈호텔 특가 예약(테마룸...|고고다이노 키즈호텔 첫 단독 특가 52% 할인 32 → 14만...,https://blog.naver.com/shy0917cjh/224300583214|https://blog.naver.com/bean_urse/224298476039
101,domestic_travel,부산,광안리어방축제,attraction,2,"광안리어방축제 2026 완벽 정리, 일정부터 프로그램, 꿀팁까지...|2026 광안리 어방축제 : 일정,프로그램,어방포차 메뉴 및 주차...",https://blog.naver.com/zzz-trucker/224300675929|https://blog.naver.com/moondrift/224301904724
102,food,종로,구 새문안로5길 37 지하1층 53 광화문 맛집,restaurant,2,찡짜이타이푸드 다녀온 광화문 맛집 점심 후기|광화문 맛집 찾다가 들른 찡짜이타이푸드 후기,https://blog.naver.com/jjssoo000/224301945340|https://blog.naver.com/ccggrr000/224301944571
103,domestic_travel,부산,기장,candidate,2,부산 기장 카페 맛집|대형... “ 방문후기 2탄( 내돈내산 )|부산 기장 여행 오션뷰 카페 웨이브온 대나무 영화 촬영지...,https://blog.naver.com/moonglade15/224301803449|https://blog.naver.com/4729581/224301792300
104,food,광주,꽃보다청춘,candidate,2,꽃보다청춘 광주 생고기 맛집 & 또아식빵 정보|[꽃보다청춘 광주 생고기 맛집]꽃보다청춘 광주 서구 생고기...,https://blog.naver.com/tts84/224301904375|https://blog.naver.com/justlaben/224301916048
105,food,부산,남구,candidate,2,[부산/남구] 용호동고깃집 푸주인 용호점|부산 남구 대연동 삼겹살 맛집 : 소 .돼지고기 숯불구이 맛집 ...,https://blog.naver.com/yjsrds556/224301573206|https://blog.naver.com/yeji369a/224301900264
106,domestic_travel,가평,남이섬,candidate,2,가평 남이섬 인근 카라반글램핑 자연과의 완벽한 조화|가평 남이섬 (초여름 당일치기 코스 추천 / 할인 꿀팁...,https://blog.naver.com/ceiling394/224300561210|https://blog.naver.com/hyelin_chu/224300035753
107,domestic_travel,부산,남포동,candidate,2,"[부산/중구] 부산 남포동 오마카세 추천 :: 분위기 미쳤던...|부산 남포동 가볼만한곳 일본 식자재 소스의 모든 것,김영상회...",https://blog.naver.com/plighd/224298033691|https://blog.naver.com/hulip2003/224301902364
108,food,대구,단골식당,restaurant,2,대구 노포감성 제대로인 칠성시작 연탄불고기 찐 맛집 ...|[단골식당 연탄돼지불고기] 백종원 3대천왕 출연한 불향...,https://blog.naver.com/kate_0522/224301578041|https://blog.naver.com/andy_365/224299370604
109,domestic_travel,대구,단골식당,restaurant,2,대구 노포감성 제대로인 칠성시작 연탄불고기 찐 맛집 ...|[단골식당 연탄돼지불고기] 백종원 3대천왕 출연한 불향...,https://blog.naver.com/kate_0522/224301578041|https://blog.naver.com/andy_365/224299370604
110,domestic_travel,대구,달서구,candidate,2,용산동 먹자골목 맛집 까미생막창 대구 달서구 용산1동|대구 달서구 초복 맛집 홍이네대왕조개전골 조개삼계탕과 100...,https://blog.naver.com/eg0day/224301824238|https://blog.naver.com/kkyj0070/224301794030
111,food,부산,당감동,candidate,2,부산 당감동 고깃집 소갈비살 전문점 <안락정> 내돈내산 간단후기|부산 당감동 구워주는 고깃집 냉삼 당감 돼지충전소 방문 후기,https://blog.naver.com/hyunjinshe/224301875755|https://blog.naver.com/jina0513_/224301934479
112,domestic_travel,경주,대릉원,candidate,2,6월 경주 가볼 만한 곳 경주 대릉원 포토존 위치|2026 경주 대릉원 목련 명소와 포토존 위치 및 만개 시기 안내,https://blog.naver.com/teddyjun/224301512017|https://blog.naver.com/lscparticular/224301843683
113,food,부산,데이트,candidate,2,부산 데이트 맛집 추천 스콜 서면역 펍 맛집|샤로수길 양념대창 맛집 “안녕부산”|데이트 맛집 추천,https://blog.naver.com/oreo0106/224301855700|https://blog.naver.com/bsy4250/224301805578
114,domestic_travel,부산,데이트,candidate,2,부산 데이트 맛집 추천 스콜 서면역 펍 맛집|샤로수길 양념대창 맛집 “안녕부산”|데이트 맛집 추천,https://blog.naver.com/oreo0106/224301855700|https://blog.naver.com/bsy4250/224301805578
115,food,종로,데이트,candidate,2,"종로3가점 :: 서울3대 아인슈페너 맛집 , 종로 데이트 추천|종로 데이트 개나리아구찜 맛집 구운대창구이아구찜 비주얼...",https://blog.naver.com/ggaonii/224301740961|https://blog.naver.com/soso_common_day/224301571495
116,food,대구,동구,candidate,2,[대한양꼬치 2호점] 대구 동구 각산동 / 양꼬치 맛집|대구 동구|갈만한 곳 동촌유원지 산책 피크닉 + 근처 맛집...,https://blog.naver.com/quokka-cola/224301575826|https://blog.naver.com/ziswo/224301600687
117,food,대구,동대구역,candidate,2,대구 동대구역 술집 신세계백화점 맛집 백연|대구 동대구역 술집|이자카야 백연 : 모듬회 묵은지 맛집,https://blog.naver.com/rod1875/224301633277|https://blog.naver.com/ggangu2002/224301902576
118,food,부산,동래,candidate,2,동래 맛집 꼬치홀릭 부산 동래 맛집 수제 야키토리와...|부산 동래 2차로 가기 좋은 술집 미식가의 연어 내돈내산 후기,https://blog.naver.com/2025bori/224301923015|https://blog.naver.com/s0_lloxl_/224301676100
119,domestic_travel,부산,동래,candidate,2,동래 맛집 꼬치홀릭 부산 동래 맛집 수제 야키토리와...|부산 동래 2차로 가기 좋은 술집 미식가의 연어 내돈내산 후기,https://blog.naver.com/2025bori/224301923015|https://blog.naver.com/s0_lloxl_/224301676100
120,food,인천,동인천,candidate,2,[인천] 동인천 당일치기 여행코스& 맛집 추천 - 1. 차이나타운 편|[인천/동인천] 빈티지 보물찾기! '오슬로우 마켓' 축제 리얼...,https://blog.naver.com/mama_923/224301939578|https://blog.naver.com/longblack27/224301835165
121,domestic_travel,인천,뚜벅이,candidate,2,[인천] 서울 경기 근교 당일치기 동인천 뚜벅이 여행 코스 추천...|인천 뚜벅이 데이트 코스｜월미도에서 배 타고 구읍뱃터까지,https://blog.naver.com/gkstnals66/224297768132|https://blog.naver.com/vhrwnsu17/224296479417
122,food,성수,뚝섬역,candidate,2,성수 뚝섬역 점심 맛집 이응 국밥｜라멘 같은 국물에 밥...|성수/뚝섬역)뚝섬소금구이 뚝섬역고깃집 성수회식 맛집 ...,https://blog.naver.com/s2in____wo/224301586047|https://blog.naver.com/po0302/224301892804
123,food,강남,맛있는,candidate,2,신논현역 카페 어퍼앤언더 디저트가 맛있는 강남 카페 추천|육즙 가득한 돌주물판 고기가 맛있는 강남 삼겹살 추천 장소...,https://blog.naver.com/cyfl02/224301787263|https://blog.naver.com/qamuqaxb-505/224301921258
124,domestic_travel,부산,먹거리,candidate,2,만나러 떠난 2박3일 우정 여행|거제도·통영·부산 먹거리 여행|부산 2026 일정부터 맛집·먹거리 부산 가볼만한곳 추천,https://blog.naver.com/slsm19/224301637321|https://blog.naver.com/pandamall1/224301848054
125,food,대구,범어동,candidate,2,대구 범어동 해산물 맛집 추천 ! 고릴라해산물 범어직영점|대구 범어동 맛집 수제버거 아이랑 가기 좋은 다운타우너,https://blog.naver.com/ssw1182/224301824511|https://blog.naver.com/sodalited/224301576826
126,food,성수,베이커리,cafe,2,"성수 베이커리 맛집 하츠베이커리｜주말 웨이팅, 메뉴, 추천 빵...|성수빵지순례 [성수베이킹스튜디오] 바게트치아바타 맛집",https://blog.naver.com/k_juvely/224301881713|https://blog.naver.com/alruddlaa/224301818635
127,domestic_travel,성수,베이커리,cafe,2,"성수 베이커리 맛집 하츠베이커리｜주말 웨이팅, 메뉴, 추천 빵...|성수빵지순례 [성수베이킹스튜디오] 바게트치아바타 맛집",https://blog.naver.com/k_juvely/224301881713|https://blog.naver.com/alruddlaa/224301818635
128,food,제주,보말칼국수,candidate,2,"홍회장 보말칼국수|제주 신화월드 근처 맛집 솔직후기!|제주 공항 근처 맛집 , 진한 국물이 일품인 신제주 보말칼국수...",https://blog.naver.com/hwanivv/224301880592|https://blog.naver.com/kongkong_log/224301743920
129,food,제주,보배반점,candidate,2,"보배반점 제주삼화점에서 살펴본 제주삼화 중식당의 다채로운...|연동 맛집 의 소소한 행복, 보배반점 제주도청점에서 보내는...",https://blog.naver.com/qudwn56467/224301955260|https://blog.naver.com/l6770971/224301918803
130,food,인천,부평,candidate,2,"[인천/부평] 산곡역 근처 청천동 안주 맛집 , 땅콩술방|[인천 부평] 비 오는 날 생각나서 다녀온 부평 소머리국밥 맛집 ...",https://blog.naver.com/eens_2/224301836212|https://blog.naver.com/uhagodqhr94/224301819658
131,domestic_travel,인천,부평,candidate,2,"[인천/부평] 산곡역 근처 청천동 안주 맛집 , 땅콩술방|[인천 부평] 비 오는 날 생각나서 다녀온 부평 소머리국밥 맛집 ...",https://blog.naver.com/eens_2/224301836212|https://blog.naver.com/uhagodqhr94/224301819658
132,food,광주,북구,candidate,2,"광주 북구 일곡동 브런치 맛집 / 내돈내산 차차룸|광주 북구 맛집 신무돌칼국수, 여름 별미 냉면칼국수와...",https://blog.naver.com/ta27like/224301929095|https://blog.naver.com/gado2023/224301917481
133,food,대구,북구,candidate,2,{대구 경대북문 맛집 }도토리원돈까스 내돈내산 솔직후기...|대구 북구 맛집 고급스러운 분위기에서 가족외식 보길도1988...,https://blog.naver.com/lsov1013/224301807598|https://blog.naver.com/papaya3040/224301684943
134,domestic_travel,대구,북구,candidate,2,{대구 경대북문 맛집 }도토리원돈까스 내돈내산 솔직후기...|대구 북구 맛집 고급스러운 분위기에서 가족외식 보길도1988...,https://blog.naver.com/lsov1013/224301807598|https://blog.naver.com/papaya3040/224301684943
135,domestic_travel,경주,불국사,candidate,2,경주 불국사 당일치기 여행 코스 추천 경북 6월 가볼만한 곳...|경주 불국사 방문객 90%가 놓치는 비밀의 스팟 2곳,https://blog.naver.com/itoy51/224301876980|https://blog.naver.com/gmxzdsu/224294745429
136,food,대구,빙수,candidate,2,대구 빙수 맛집 찬찬농장 무화과집 산딸기 빙수 출시|대구 빙수 맛집 동성로카페 바닐라크럼브 양쯔깐루빙수...,https://blog.naver.com/glo717/224301954928|https://blog.naver.com/whtnrud19/224301828285
137,domestic_travel,강릉,사근진해변,travel_spot,2,[강릉 여행 ]엄마와 함께 떠난 강원도 강릉 2박3일/1일차|6월의 강원 추천 여행 지는? 강릉 단오제! 화천 파크골프장!,https://blog.naver.com/pricuae123/224301699781|https://blog.naver.com/gwdoraeyo/224297862469
138,food,강남,삼겹살,candidate,2,강남 삼겹살 추천 돌주물판 고기와 짜파게티까지 좋았어요|육즙 가득한 돌주물판 고기가 맛있는 강남 삼겹살 추천 장소...,https://blog.naver.com/xuxelepn/224301803686|https://blog.naver.com/qamuqaxb-505/224301921258
139,food,광주,상무지구,candidate,2,전현무계획 광주 상무지구 육전 가게 식당 위치 어디 맛집 추천|광주 상무지구 뷔페 다이닝원 주말 내돈내산 솔직후기,https://blog.naver.com/moreandmore-0211/224301897119|https://blog.naver.com/didue_/224301810519
140,food,광주,생고기,restaurant,2,꽃보다청춘 광주 생고기 맛집 & 또아식빵 정보|[꽃보다청춘 광주 생고기 맛집]꽃보다청춘 광주 서구 생고기...,https://blog.naver.com/tts84/224301904375|https://blog.naver.com/justlaben/224301916048
141,food,인천,서구,candidate,2,"인천 서구 가정동 곱창 맛집 , 루원시티 만복래 한우곱창 솔직 후기|인천 서구 맛집 술집 빨간맛포차｜홍가백전골 중자 조개 양...",https://blog.naver.com/jhy05039/224301957941|https://blog.naver.com/pancake0/224301879919
142,food,대전,서구,candidate,2,탄방동 점심 맛집 추천! 신선한 생아구찜이 맛있는 대전 서구...|대전 서구 맛집 한식 생각날 때 명태랑 류명호 본점,https://blog.naver.com/hani_jj917/224301943113|https://blog.naver.com/reason12/224301899681
143,domestic_travel,대구,서구,candidate,2,"대구 서구 평리동 횟집 깜스 방문 후기, 시원한 물회 한 그릇|대구 서구 평리동 영이식당 재방문! 역시 든든한 콩불정식",https://blog.naver.com/jia525_/224301891472|https://blog.naver.com/jia525_/224301771557
144,food,광주,서구,candidate,2,"광주 서구ㅣ풍암동 삼겹살, 한우 불고기피자+삼겹살 광주 맛집 ...|[꽃보다청춘 광주 생고기 맛집]꽃보다청춘 광주 서구 생고기...",https://blog.naver.com/reviviver/224301885877|https://blog.naver.com/justlaben/224301916048
145,food,대구,성서,candidate,2,대구 성서 스시 귀빈 추천|대구 성서 계대 돼지고기 맛집 #양기생돼지양념구이 (중독됨.....,https://blog.naver.com/sujinng_/224301862257|https://blog.naver.com/sujinng_/224301847969
146,food,대전,소제동,candidate,2,[대전 소제동 카페] 여행지 (여전히 행복한 지금)|[대전 소제동] 대전 소제동 맛집 '온천집' 온천집 미소 샤브 한우...,https://blog.naver.com/bennlia_33/224301784171|https://blog.naver.com/wngur5161/224301696556
147,domestic_travel,대전,소제동,candidate,2,[대전 소제동 카페] 여행지 (여전히 행복한 지금)|[대전 소제동] 대전 소제동 맛집 '온천집' 온천집 미소 샤브 한우...,https://blog.naver.com/bennlia_33/224301784171|https://blog.naver.com/wngur5161/224301696556
148,domestic_travel,부산,손정보쌈,candidate,2,손정보쌈 부산서면점 서면역 맛집 든든한 한식 맛집 후기|손정보쌈 부산서면점 부산서면 가브리보쌈 맛집 방문후기,https://blog.naver.com/majestic7107/224301842382|https://blog.naver.com/jihyen0124/224301842043
149,food,부산,수영,candidate,2,부산 수영 주차가능한 돼지국밥 맛집 돈국 무한리필 샐러드바...|부산 수영 술집 닭발 맛집 오늘닭발해 수영본점,https://blog.naver.com/everydayon2/224301942111|https://blog.naver.com/dkswnstjr0613/224301834365
150,food,부산,스페셜티커피,cafe,2,부산 여행 중 들르기 좋은 모모스커피 본점 후기|[해운대 오션뷰 카페] 더 반 베를린 부산점,https://blog.naver.com/uk7517/224301941664|https://blog.naver.com/merry96715/224301618919
151,domestic_travel,부산,스페셜티커피,cafe,2,부산 여행 중 들르기 좋은 모모스커피 본점 후기|[해운대 오션뷰 카페] 더 반 베를린 부산점,https://blog.naver.com/uk7517/224301941664|https://blog.naver.com/merry96715/224301618919
152,food,제주,시내,candidate,2,[제주도] 제주 시내 감성 카페 / 제주도 느좋 카페 / 공항 근처...|[제주] 히밥도 왔다간 제주 시내 고기국수 맛집|혼바띠 국수,https://blog.naver.com/ddgo0/224301799086|https://blog.naver.com/precure0619/224301688127
153,domestic_travel,제주,시내,candidate,2,[제주도] 제주 시내 감성 카페 / 제주도 느좋 카페 / 공항 근처...|[제주] 히밥도 왔다간 제주 시내 고기국수 맛집|혼바띠 국수,https://blog.naver.com/ddgo0/224301799086|https://blog.naver.com/precure0619/224301688127
154,food,종로,시애틀커피,cafe,2,"종로3가점 :: 서울3대 아인슈페너 맛집 , 종로 데이트 추천|서울3대아인슈페너 맛집 시애틀커피하우스 종로3가점",https://blog.naver.com/ggaonii/224301740961|https://blog.naver.com/skdud3758/224301690483
155,food,대구,신세계,candidate,2,대구 신세계백화점 구슬아이스크림 맛집 대구 신세계 도티로티|신세계 대구 유모차 동반 맛집 크리스탈제이드 내돈내산 솔직후기,https://blog.naver.com/hat1599/224301954491|https://blog.naver.com/seulkong_2/224301947792
156,food,강남,신세계,candidate,2,[퍼센트 아라비카]신세계 강남 카페추천 도쿄블렌드 서울라떼...|신세계 강남점 파작(PAZAC) 후기｜잠봉 트러플 허니버터·RTM...,https://blog.naver.com/soar0001/224301747944|https://blog.naver.com/gmlsla2/224300505039
157,food,대전,신세계백화점,candidate,2,대전신세계 맛집 ! “경성중식”신세계백화점 대전점...|청년층 방문이 증가한 대전 신세계백화점 무슨 일이죠,https://blog.naver.com/hyoteang/224301773401|https://blog.naver.com/police1965/224301856077
158,domestic_travel,대전,신세계백화점,candidate,2,대전신세계 맛집 ! “경성중식”신세계백화점 대전점...|청년층 방문이 증가한 대전 신세계백화점 무슨 일이죠,https://blog.naver.com/hyoteang/224301773401|https://blog.naver.com/police1965/224301856077
159,food,강남,쌀국수,candidate,2,강남 쌀국수 호앙비엣 강남점|강남 쌀국수 가성비 맛집 땀땀 내돈내산,https://blog.naver.com/greenbluepurple/224301915553|https://blog.naver.com/maker_joy/224301806898
160,domestic_travel,가평,아이랑,candidate,2,아이랑 가평 1박2일 : 자라섬 꽃축제 남이섬 입장권 할인받고...|가평아난티 무라타하우스 아이랑 가평 여행! (히노끼탕/수영장...,https://blog.naver.com/donnago_/224299287499|https://blog.naver.com/smk03011/224301869303
161,food,대구,아이랑,candidate,2,경산 올데이캠프닉 주말 후기 대구 아이랑 가볼만한곳 추천|[방문후기]대구 아이랑 가볼 만한 곳 ! 퀄리티 대박인데 무료인...,https://blog.naver.com/lhj133/224301889641|https://blog.naver.com/joy_angelll/224301847364
162,domestic_travel,대구,아이랑,candidate,2,경산 올데이캠프닉 주말 후기 대구 아이랑 가볼만한곳 추천|[방문후기]대구 아이랑 가볼 만한 곳 ! 퀄리티 대박인데 무료인...,https://blog.naver.com/lhj133/224301889641|https://blog.naver.com/joy_angelll/224301847364
163,domestic_travel,가평,아이랑갈만한곳,candidate,2,가평 아이랑갈만한곳 추천! 아이와 함께 다녀온 남이섬 나들이...|가족여행/가평 동물원/경기도... 데이트 추천/ 서울근교 여행 지♡,https://blog.naver.com/soyeonshin2/224299541299|https://blog.naver.com/yunmi8787/224297371931
164,domestic_travel,가평,아침고요수목원 수국축제,attraction,2,아침고요수목원 수국축제 2026! 기간·찾아가는 길·포토스팟...|가평 아침고요수목원 수국축제 다녀온 후기 사진으로 보던...,https://blog.naver.com/myeong0820/224301121414|https://blog.naver.com/nana_school/224301394724
165,food,강남,안목,candidate,2,"역삼역 맛집 <안목 강남역삼> 후기_ 돼지국밥|안목 강남역삼점, 주말마다 생각나는 돼지국밥 맛집",https://blog.naver.com/glows-/224301840796|https://blog.naver.com/kimhyeni/224300930467
166,food,대구,안지랑,candidate,2,대구 안지랑 곱창 골목 맛집 . 현지인이 추천하는 곱창 맛집 똔똔이|[앞산 프렌즈 6기] 대구 안지랑 맛집 추천 ️ : 안지랑 곱창막창...,https://blog.naver.com/minjo0o/224301955788|https://blog.naver.com/pcjihye/224301948049
167,domestic_travel,제주,여행 코스,candidate,2,"만장굴 옆 수국명소 제주 동쪽 가볼만한곳 김녕미로공원|[제주 조천 맛집] 선흘방주할머니식당, 제주세계자연유산센터와...",https://blog.naver.com/thebestmaze/224301470835|https://blog.naver.com/happy_n_rich/224301324842
168,domestic_travel,경주,여행 코스,candidate,2,"장보윤) 일정 프로그램 주차 총정리! 경주 가볼만한곳 추천|경주 여름 여행 일기 _ 고요하고 아름다운 곳, 혼행러에게 추천 ...",https://blog.naver.com/urcouns/224301271487|https://blog.naver.com/iancolorlab/224301239006
169,food,인천,연수구 송도과학로16번길 33-4 D동 1층,candidate,2,"테크노파크역보쌈 부드러움이 남달랐던, 손정보쌈...|송도보쌈 가브리살 한 쌈에 입이 즐거운, 손정보쌈...",https://blog.naver.com/mo6767-/224301945007|https://blog.naver.com/oldboy7788/224301935525
170,food,인천,옥련동,candidate,2,[인천 옥련동 맛집 ] 백소정... 조합으로 든든한 점심 식사!|[인천 맛집 ] 옥련동 윤가네 칼국수 해장으로 최고,https://blog.naver.com/pargjimin/224301934917|https://blog.naver.com/duoobuoo/224301885527
171,domestic_travel,강릉,온정당,candidate,2,강릉 맛집 온정당 강릉 중앙시장 맛집 짬뽕칼국수 옹심이 맛집 !!|사진 잘나오는 감성맛집 온정당 강릉중앙시장맛집,https://blog.naver.com/toutwri6117/224301949060|https://blog.naver.com/travel_consultant/224301906784
172,domestic_travel,제주,완도에서,candidate,2,"완도에서 제주 여객선 배시간표 요금 주차정보 알아보기|[완도에서 제주도 배편] 완도항 여객터미널 시간표, 요금, 차량...",https://bluebeat.tistory.com/189|https://blog.naver.com/lmgoo11/224301954467
173,food,광주,용봉동,candidate,2,광주 용봉동 맛집 구전국밥 화끈한 전라도 할맵김치와...|광주 용봉동 전철우사거리 맛집 [ 황금회포차 광주용봉점 ],https://blog.naver.com/kksj2266/224301799724|https://blog.naver.com/464tpwls/224301775936
174,domestic_travel,광주,용봉동,candidate,2,광주 용봉동 맛집 구전국밥 화끈한 전라도 할맵김치와...|광주 용봉동 전철우사거리 맛집 [ 황금회포차 광주용봉점 ],https://blog.naver.com/kksj2266/224301799724|https://blog.naver.com/464tpwls/224301775936
175,food,부산,용호동,candidate,2,부산 용호동 국밥 맛집 추천 합천국밥집 내돈내산 후기|부산 용호동 맛집 W스퀘어 정바다 횟집 포장 후기,https://blog.naver.com/yerini471/224301787041|https://blog.naver.com/context/224301650606
176,domestic_travel,부산,용호동,candidate,2,부산 용호동 국밥 맛집 추천 합천국밥집 내돈내산 후기|부산 용호동 맛집 W스퀘어 정바다 횟집 포장 후기,https://blog.naver.com/yerini471/224301787041|https://blog.naver.com/context/224301650606
177,food,제주,우도,candidate,2,"6월 제주 우도 여행 완전 가이드, 제주까지 갔다면 꼭 한 번...|[제주 우도 여행 ]검멀레마을회 우도보트 내돈내산 위치 가격...",https://blog.naver.com/gnsolution1/224301651745|https://blog.naver.com/iam_yeon__/224301903322
178,food,제주,우진해장국,candidate,2,"제주 우진해장국 본점 고사리해장국, 평일 이른 아침부터...|[제주 맛집 ] 왜 줄 서서 먹는지 알겠다! 제주 '우진해장국' 솔직...",https://blog.naver.com/3stel/224296101065|https://blog.naver.com/nasang0223/224301909346
179,food,광주,운암동,candidate,2,광주 운암동 케이크 주문제작 레터링 경신여고 ‘무니...|[광주 운암동 맛집 /운암동 돈가스]::돈까스만드는남자,https://blog.naver.com/ha_aaam/224301948725|https://blog.naver.com/ksms0330/224301787469
180,food,인천,월미도,candidate,2,"[ 내돈내산 ] 인천 월미도 오션뷰 가성비 카페 추천! 엔제리너스...|광명-인천(월미도, 차이나타운, 송도)여행",https://blog.naver.com/mooness0126/224301856679|https://blog.naver.com/realbonny83/224301923669
181,domestic_travel,강릉,이모네생선찜,candidate,2,강릉 이모네생선찜 예약 전쟁 끝에 다녀온 솔직 후기|강릉 이모네생선찜 드디어 먹어봄!(주차/예약 방법/가격),https://blog.naver.com/ddhhn/224301764025|https://blog.naver.com/maximum_min/224301448433
182,domestic_travel,제주,이호테우,candidate,2,제주도 해수욕장 개장일 제주 이호테우 해변 추천|제주 이호테우 해변 포토스팟 혼자 여행 힐링 코스,https://blog.naver.com/mok5022/224301727366|https://blog.naver.com/sugarmoon-/224301953639
183,domestic_travel,제주,이호테우 해변,travel_spot,2,제주도 해수욕장 개장일 제주 이호테우 해변 추천|제주 이호테우 해변 포토스팟 혼자 여행 힐링 코스,https://blog.naver.com/mok5022/224301727366|https://blog.naver.com/sugarmoon-/224301953639
184,food,대전,있는,candidate,2,귀여운 꿈돌이 케이크가 있는 대전 카페 모도시 내돈내산 솔직...|코인으로 게임할 수 있는 대전 이색 술집 [술방구] 둔산동 술집,https://blog.naver.com/meokzi/224301936650|https://blog.naver.com/main_story_/224301584281
185,domestic_travel,부산,전시,attraction,2,[5월 전시] ART BUSAN에 대하여|부산시민공원에서 만난 특별한 예술 나들이! 2026 부산예총...,https://blog.naver.com/fridaessie/224301933548|https://blog.naver.com/minb__e/224301473312
186,domestic_travel,광주,전현무계획,candidate,2,"전현무계획 광주 맛집 총정리, 송정5일시장부터 육전 맛집까지|전현무계획 광주 육전 맛집 연화식당, 방문 전 꼭 볼 메뉴·위치...",https://blog.naver.com/namaksin14/224301887258|https://blog.naver.com/flemznls1/224301561961
187,food,광주,전현무계획3 광주 맛집,restaurant,2,"전현무계획3 광주 맛집 총정리: 국밥·오리탕·육전, 방문 전 꼭...|전현무계획3 광주 맛집 3곳 한 번에 정리｜육전·돼지국밥...",https://blog.naver.com/84uzmav/224301940340|https://blog.naver.com/e150934/224301849679
188,domestic_travel,대전,중앙시장,travel_spot,2,대전|대전중앙시장 내돈내산 맛집 리스트 솔이네계란빵...|대전이 이렇게 좋았어? 당일치기 여행 코스 Best5,https://blog.naver.com/mugja30/224301865406|https://blog.naver.com/whqufdl37/224301687117
189,food,성수,차백도,candidate,2,성수 맛집 차백도 성수점에 다녀왔습니다!!|성수 맛집 차백도 성수점 BTS 뷔 명당에서 즐긴 타로볼밀크티...,https://blog.naver.com/kimhj8702/224301211155|https://blog.naver.com/hello--bye/224300987016
190,domestic_travel,성수,차백도,candidate,2,성수 맛집 차백도 성수점에 다녀왔습니다!!|성수 맛집 차백도 성수점 BTS 뷔 명당에서 즐긴 타로볼밀크티...,https://blog.naver.com/kimhj8702/224301211155|https://blog.naver.com/hello--bye/224300987016
191,food,광주,창억떡,candidate,2,광주 창억떡집 본점|광주 창억떡 호박인절미|창억떡 웨이팅...|광주 창억떡 주말 웨이팅 호박인절미 동명동 맛집 호박인절미...,https://blog.naver.com/jjeong_eve/224301580018|https://blog.naver.com/zzap_zzap/224301900224
192,food,수원,찾은,candidate,2,[오렌지베이글]광고지만 내돈내산 으로 또 찾은 수원빵 맛집 !...|수원 신차이 AK플라자에서 찾은 수원역 중국집,https://blog.naver.com/chichi324/224301824828|https://blog.naver.com/aksuskql/224301866793
193,food,종로,청계천,candidate,2,"[종각]낭만 종로 청계천 맛집 , 감성에 취하는 한식 맛집|[종로 청계천]'탭샵바' 와인 맥주 가볍게 한잔 하기 좋은...",https://blog.naver.com/fearless_life/224301598476|https://blog.naver.com/oingkuku/224295731374
194,food,인천,청라,candidate,2,인천 청라 맛집 백년갈비 룸식당에서 즐긴 점심 특선|[인천 청라] 프랜차이즈 치킨 잊게 만드는 마성의 맛!찹쌀 품은...,https://blog.naver.com/cutie0249/224301913940|https://blog.naver.com/tral_rara/224301926928
195,food,부산,청사포,candidate,2,부산 청사포 조개구이 맛집 도희네 조개구이 내돈내산|부산 해운대 블루라인파크 해운대핫플 청사포 부산데이트...,https://blog.naver.com/lamulamu1122/224301788077|https://blog.naver.com/bybbon/224301652068
196,domestic_travel,부산,청사포,candidate,2,부산 청사포 조개구이 맛집 도희네 조개구이 내돈내산|부산 해운대 블루라인파크 해운대핫플 청사포 부산데이트...,https://blog.naver.com/lamulamu1122/224301788077|https://blog.naver.com/bybbon/224301652068
197,food,부산,출발,candidate,2,"MAY, 2026 (마산/통영/거제/경주/포항)|부산 출발 3박 4일 삿포로 에어텔 후기, 65만원대 가성비...",https://blog.naver.com/seulmizi/224301874024|https://blog.naver.com/ovonews/224301890548
198,food,대구,칠곡,candidate,2,대구 칠곡 3지구 맛집 동천동 막창 전문점 연막창 칠곡3지구점...|대구 칠곡 보쌈 맛집 ‘기와집‘,https://blog.naver.com/vosxlajrrh/224301884844|https://blog.naver.com/bokgilhouse/224301911881
199,food,대구,칠곡3지구,candidate,2,대구 칠곡3지구 맛집 팔거역 점심맛집 직화낙지볶음 보쌈...|대구 칠곡3지구 맛집 점심 특선 오봉집 푸짐한 가성비 밥집,https://blog.naver.com/vydua/224301920080|https://blog.naver.com/mssjse/224301897221
200,food,부산,투어,candidate,2,부산족발 남포동 족발골목 맛집 추천｜부산 현지인도 인정한...|[부산/남구] 용호동고깃집 푸주인 용호점,https://blog.naver.com/raiiiin_/224301661265|https://blog.naver.com/yjsrds556/224301573206
201,domestic_travel,부산,투어,candidate,2,부산족발 남포동 족발골목 맛집 추천｜부산 현지인도 인정한...|[부산/남구] 용호동고깃집 푸주인 용호점,https://blog.naver.com/raiiiin_/224301661265|https://blog.naver.com/yjsrds556/224301573206
202,food,강남,파인다이닝,restaurant,2,청담 상견례 맛집 추천 문보핫팟 파인다이닝|강남역 녘(Nyeock) 솔직 후기 — 내 청첩장을 전하던 날,https://blog.naver.com/6607144/224299479151|https://blog.naver.com/buyhan1/224301702813
203,food,대구,팔공산,candidate,2,대구 팔공산 밥집 방갈로 식당 고기집 맛집 성주한우명가|대구 팔공산 맛집 추천 자연산 산꼼장어가 맛있는...,https://blog.naver.com/mama8820/224301959035|https://blog.naver.com/lily_s2ong/224301772475
204,food,제주,표선,candidate,2,제주 표선 점심 메뉴로 건강하고 든든한 한 끼를 맛볼 수 있는...|속 편하고 든든한 제주 표선 점심 메뉴로 보말칼국수 어떠세요,https://blog.naver.com/vaboqlav-2/224301956138|https://blog.naver.com/caimquyaj/224301896900
205,food,대전,한밭수목원,candidate,2,대전 한밭수목원 맛집 솔가숯불갈비 대전직영점 방문 후기|대전 한밭수목원 꽃축제 장미 스팟,https://blog.naver.com/beautiful_life_7/224301954336|https://blog.naver.com/darame0422/224301885688
206,domestic_travel,가평,한옥,candidate,2,@운악채한옥마을 가평 : 한옥 독채 단층형 내돈내산 2박 9호실...|가평 한옥 독채 펜션 운악채 : 개별바베큐 가족 여행 추천 내돈내산,https://blog.naver.com/hagd_ay/224301858551|https://blog.naver.com/agerenunc/224301252821
207,domestic_travel,대구,현지인,candidate,2,[대구] 현지인 셰프의 찐맛! 주차 편한 미포하노이 솔직후기|마 대구 좀치네 (대구 현지인 당일치기 코스 추천),https://blog.naver.com/tasty_stay/224301897982|https://blog.naver.com/kthkomo/224301739551
208,food,종로,회식,candidate,2,"종로 회식/광화문 회식/광화문 생선구이 잘하는 집 (정백어가...|종로 회식 맛집 추천, 초벌 쪽갈비가 미친 오는정 솔직후기...",https://blog.naver.com/ypyp_11/224301879000|https://blog.naver.com/ladytiger-/224300744813
209,food,제주,흑돼지,candidate,2,초벌에 육즙 가득했던 제주 흑돼지( 내돈내산 후기)|[ 서울 가산디지털단지] 가디역 제주 흑돼지 항정카츠 맛집 카츠...,https://blog.naver.com/tjdrud7227/224301882182|https://blog.naver.com/slsl5340/224300906519
210,domestic_travel,가평,힐링,candidate,2,"서울 근교 여행 의 정석, 완벽한 가평 힐링 코스 3가지 추천|서울 근교 은하눌 풀빌라 펜션에서 힐링 가평 여행",https://blog.naver.com/bebemaru1/224300552894|https://blog.naver.com/wlj86/224301463491
211,domestic_travel,인천,ICN,candidate,2,[아시아나항공] 오사카(KIX) - 인천(ICN) A321-200neo 밤도깨비...|[피치항공] 인천(ICN) - 오사카(KIX) A320-200ceo 이코노미...,https://blog.naver.com/ttohoto/224301531950|https://blog.naver.com/ttohoto/224301531558
212,domestic_travel,강릉,_아르떼뮤지엄,candidate,1,강릉여행 아이와 실내 가볼만한곳 _아르떼뮤지엄 강릉,https://blog.naver.com/minu9138/224301859151
213,food,광주,- 영발원 전 점심 시간에 딱 맞춰서 식당,restaurant,1,광주 임동 챔피언스필드 근처 중식 맛집 - 영발원,https://blog.naver.com/chequered_f1ag/224301931098
214,domestic_travel,인천,-오사카,candidate,1,[아시아나항공] 오사카(KIX) - 인천(ICN) A321-200neo 밤도깨비...,https://blog.naver.com/ttohoto/224301531950
215,food,대전,04 00 대전유성구해물파전 유성구 육전 맛집,restaurant,1,대전 어은동 맛집 술집|청춘 막걸리,https://blog.naver.com/988702/224301946829
216,domestic_travel,부산,06 14 일 장소 광안리해변,travel_spot,1,부산 광안리 가볼만한곳 놀거리 어방축제 포장마차 포차거리,https://blog.naver.com/imsogroovy/224301880222
217,food,제주,1 그동안 많은 제주여행을 다니면서 봄에 간,candidate,1,2026 봄 제주 (1),https://blog.naver.com/newstar814/224301893377
218,domestic_travel,제주,1 그동안 많은 제주여행을 다니면서 봄에 간,candidate,1,2026 봄 제주 (1),https://blog.naver.com/newstar814/224301893377
219,domestic_travel,경주,11회,candidate,1,전현무계획 시즌3 11회 경주 맛집,https://blog.naver.com/letsfindout_hub/224299626301
220,food,종로,13 재방문하고 싶은 수제만두 맛집,restaurant,1,종로3가 맛집 <종가만두>｜13... 재방문하고 싶은 수제만두 맛집,https://blog.naver.com/kevin6227/224300559052
221,domestic_travel,부산,14 제24회 광안리어방축제,attraction,1,6/12~14 제24회 광안리어방축제 — 부산 광안리 바다가 가장...,https://blog.naver.com/jiji090/224301769221
222,domestic_travel,대전,14 제24회 광안리어방축제,attraction,1,6/12~14 제24회 광안리어방축제 — 부산 광안리 바다가 가장...,https://blog.naver.com/jiji090/224301769221
223,food,대구,14년 단골 14년 단골 맛집,restaurant,1,내돈내산 :: 대구 반월당 스시 맛집 더현대 스시준~ 14년 단골...,https://blog.naver.com/jaenacon79/224301878341
224,food,종로,16길 12 1 3 5호선 종로3가역 15번,candidate,1,서울 동대문 종로 을지로 맛집 더드림왕수제핫바...,https://blog.naver.com/cooljuyoun1/224299848555
225,food,성수,18 40분 프리미엄 직원식당,restaurant,1,[성수 직장인 맛집 ] 프리미엄 직원식당 성수점,https://blog.naver.com/pionayoon/224301881758
226,food,종로,19 르메이에르종로타운 지하 1층,candidate,1,데이트 규카스 맛집 찾는다면 이치규 광화문점 광화문 맛집 점심,https://blog.naver.com/04230_/224301118009
227,food,수원,1등급 숙성육과 갓 지은 솔밥으로 유명한 맛집,restaurant,1,[수원 화서역] 스타필드 앞 화서먹자골목 숙성육 맛집,https://blog.naver.com/bongso_happy/224301946844
228,domestic_travel,경주,1박,candidate,1,"경주 1박 2일, 먹고 쉬고 걷고 다 한 여행",https://blog.naver.com/godahrgo_838/224301788494
229,domestic_travel,경주,1박 2일 먹고 쉬고 걷고 다 한 여행 경주,candidate,1,"경주 1박 2일, 먹고 쉬고 걷고 다 한 여행",https://blog.naver.com/godahrgo_838/224301788494
230,food,대구,1박2일 - 대구소품샵투어 10군데 것을 추,candidate,1,국내여행 / 나홀로대구 1박2일 - 대구소품샵투어 10군데...,https://blog.naver.com/holy___molly/224301338387
231,domestic_travel,대구,1박2일 - 대구소품샵투어 10군데 것을 추,candidate,1,국내여행 / 나홀로대구 1박2일 - 대구소품샵투어 10군데...,https://blog.naver.com/holy___molly/224301338387
232,domestic_travel,광주,1박2일 나들이 본격적인 무더위가 시작되기,candidate,1,광주 1박2일 나들이,https://blog.naver.com/wooookiki/224301493364
233,food,부산,1박2일 뚜벅이 여행,candidate,1,부산 1박2일 뚜벅이 여행 후기｜광안리·이재모피자 웨이팅...,https://blog.naver.com/theumistudio/224299183217
234,domestic_travel,부산,1박2일 뚜벅이 여행,candidate,1,부산 1박2일 뚜벅이 여행 후기｜광안리·이재모피자 웨이팅...,https://blog.naver.com/theumistudio/224299183217
235,domestic_travel,부산,1박2일 알바 공부 서울 다시 부산 당일치기,restaurant,1,노잼코스로 간 대전,https://blog.naver.com/aesthesder/224301794815
236,food,수원,1박2일 여행 수원 스타필드 핫쵸 행궁동 여,candidate,1,[수원] 1박2일 여행 :: 수원 스타필드 핫쵸|행궁동...,https://blog.naver.com/myominey/224301824552
237,food,수원,1박2일 여행지 가보정 - 수원위즈파크 좋았,candidate,1,[국내여행지 추천] 수원 1박2일 여행지 가보정 - 수원위즈파크...,https://blog.naver.com/erase5_/224301886198
238,domestic_travel,가평,1박2일 자라섬 꽃축제,attraction,1,아이랑 가평 1박2일 : 자라섬 꽃축제 남이섬 입장권 할인받고...,https://blog.naver.com/donnago_/224299287499
239,domestic_travel,광주,1박2일여행 1일차 산수쌈밥,candidate,1,광주 1박2일 나들이,https://blog.naver.com/wooookiki/224301493364
240,food,수원,1시간 당진 5일장부터 면천읍성까지 디저트 맛집,cafe,1,[당진 당일치기] 수원에서 1시간! 당진 5일장부터 면천읍성까지...,https://blog.naver.com/jizikimkim/224301950978
241,food,인천,1층에서 먹거나 별로 없는 배달식당,restaurant,1,[영종도 호텔] 인천 5성급 호텔 네스트호텔 숙박 후기(스탠다드...,https://blog.naver.com/99leehy/224301517976
242,food,부산,1호선 범일역 라이프버거 수제버거 맛집,restaurant,1,1호선 범일역 라이프버거 수제버거 맛집 ! 신선한 재료와...,https://blog.naver.com/zizibaek/224301917344
243,domestic_travel,부산,1호선 범일역 라이프버거 수제버거 맛집,restaurant,1,1호선 범일역 라이프버거 수제버거 맛집 ! 신선한 재료와...,https://blog.naver.com/zizibaek/224301917344
244,food,광주,2 경기도 광주 식당부터 카페,cafe,1,당일치기 드라이브 추천 #2|경기도 광주 식당부터 카페까지,https://blog.naver.com/grow_with_me_365/224301141048
245,domestic_travel,광주,2 경기도 광주 식당부터 카페,cafe,1,당일치기 드라이브 추천 #2|경기도 광주 식당부터 카페까지,https://blog.naver.com/grow_with_me_365/224301141048
246,food,부산,2 부산어묵슬러시 오색쑥호떡 소라네김 오산시장,travel_spot,1,"오산 오색시장 투어✌2 (부산어묵슬러시, 오색쑥호떡, 소라네김...",https://blog.naver.com/a5250/224301932381
247,domestic_travel,부산,2 부산어묵슬러시 오색쑥호떡 소라네김 오산시장,travel_spot,1,"오산 오색시장 투어✌2 (부산어묵슬러시, 오색쑥호떡, 소라네김...",https://blog.naver.com/a5250/224301932381
248,food,제주,2 여행 기 스타뜨 2 밝았어요 밝았어 제주,candidate,1,제주또?또제주?(2),https://blog.naver.com/everbloom_/224301680263
249,food,제주,2 제주홉히,candidate,1,2026 봄 제주 (2),https://blog.naver.com/newstar814/224301922565
250,domestic_travel,제주,2 제주홉히,candidate,1,2026 봄 제주 (2),https://blog.naver.com/newstar814/224301922565
251,domestic_travel,광주,20살 때부터 좋아하던 공간인데 달라진거 없,candidate,1,오월의 청춘 (보고 싶다),https://blog.naver.com/jeonhw0808/224301826067
252,food,종로,21 30 마지막으로 소개할 종로 한식 맛집,restaurant,1,서울 동대문 종로 을지로 맛집 더드림왕수제핫바...,https://blog.naver.com/cooljuyoun1/224299848555
253,food,대전,24시식당,restaurant,1,대전 맛집 쌍둥이수육국밥 월평선사점의 푸짐했던 식사후기,https://blog.naver.com/narara20000/224301704324
254,domestic_travel,대전,24시식당,restaurant,1,대전 맛집 쌍둥이수육국밥 월평선사점의 푸짐했던 식사후기,https://blog.naver.com/narara20000/224301704324
255,domestic_travel,강릉,25 - 국내 여행 은 강릉 경포 해변,travel_spot,1,경제 기자 에피소드 #25,https://blog.naver.com/hazedew/224301751791
256,food,광주,26 05 zip 졔쌤이랑 광주 맛집,restaurant,1,(26.05 zip),https://blog.naver.com/catsayeayong/224301943492
257,food,부산,26 부산역 호텔,travel_spot,1,"26. 부산역 호텔 내돈내산 숙박 후기: 브라운도트 위치, 조식...",https://blog.naver.com/sophicare/224301722537
258,domestic_travel,부산,26 부산역 호텔,travel_spot,1,"26. 부산역 호텔 내돈내산 숙박 후기: 브라운도트 위치, 조식...",https://blog.naver.com/sophicare/224301722537
259,food,대구,26년 5월의 어느 날 냉면 맛집,restaurant,1,26년 5월의 어느 날,https://blog.naver.com/hay_le/224301868606
260,food,대구,29 금 대구 중구 술집 등대 대구 교동 맛집,restaurant,1,대구 중구) 등대 [ 문어숙회삼합 ] 해산물 전문 대구 교동 맛집 ...,https://blog.naver.com/m__moooon/224301950523
261,food,부산,2박 3일 맛집,restaurant,1,[부산] 2박 3일 맛집 여행 솔직후기 ㅣ 바다·소품샵·부산 맛집 ...,https://blog.naver.com/archivennn/224301658142
262,domestic_travel,부산,2박 3일 맛집,restaurant,1,[부산] 2박 3일 맛집 여행 솔직후기 ㅣ 바다·소품샵·부산 맛집 ...,https://blog.naver.com/archivennn/224301658142
263,food,부산,2박 3일 맛집 여행 솔직,restaurant,1,[부산] 2박 3일 맛집 여행 솔직후기 ㅣ 바다·소품샵·부산 맛집 ...,https://blog.naver.com/archivennn/224301658142
264,domestic_travel,부산,2박 3일 맛집 여행 솔직,restaurant,1,[부산] 2박 3일 맛집 여행 솔직후기 ㅣ 바다·소품샵·부산 맛집 ...,https://blog.naver.com/archivennn/224301658142
265,food,부산,2박 3일 부산여행 부산 맛집,restaurant,1,"2박 3일 부산여행 (부산 맛집 , 부산 빵 투어)",https://blog.naver.com/hanaring_/224301949879
266,domestic_travel,부산,2박 3일 여행 1편 새벽 SRT 타고 부산,candidate,1,부산 2박 3일 여행 1편 새벽 SRT 타고 부산역 복국부터 태종대...,https://blog.naver.com/munggmungg/224301778533
267,food,부산,2박 3일 여행 2편 온천장역 돼지국밥부터,candidate,1,부산 2박 3일 여행 2편 온천장역 돼지국밥부터 동래온천...,https://blog.naver.com/munggmungg/224301786456
268,domestic_travel,부산,2박 3일 여행 2편 온천장역 돼지국밥부터,candidate,1,부산 2박 3일 여행 2편 온천장역 돼지국밥부터 동래온천...,https://blog.naver.com/munggmungg/224301786456
269,food,부산,2박 3일 여행 여기가 핫플 이라고 했는데,candidate,1,부산 2박 3일 여행,https://blog.naver.com/jjunghwa930/224301634920
270,food,제주,2박 3일 이번 여행 최고 맛집,restaurant,1,[제주 2박 3일] 이번 여행 최고 맛집 소규모식탁,https://blog.naver.com/lkekes2/224301890878
271,domestic_travel,제주,2박 3일 이번 여행 최고 맛집,restaurant,1,[제주 2박 3일] 이번 여행 최고 맛집 소규모식탁,https://blog.naver.com/lkekes2/224301890878
272,food,제주,2박 3일 이번 여행 최고 맛집 소규모식탁,restaurant,1,[제주 2박 3일] 이번 여행 최고 맛집 소규모식탁,https://blog.naver.com/lkekes2/224301890878
273,domestic_travel,제주,2박 3일 이번 여행 최고 맛집 소규모식탁,restaurant,1,[제주 2박 3일] 이번 여행 최고 맛집 소규모식탁,https://blog.naver.com/lkekes2/224301890878
274,domestic_travel,강릉,2박 3일 핫플 여행 강릉호캉스,candidate,1,"갤러리밥스부터 툇마루까지, 아이랑 강릉 2박 3일 핫플 여행",https://blog.naver.com/gmlwjd2829/224301720312
275,food,부산,2박 3일 혼자 여행 3일차-2 부산 벚꽃,candidate,1,"부산 2박 3일 혼자 여행 3일차-2 부산 벚꽃 스팟, 명란김밥...",https://blog.naver.com/sjiiiiiiiiiin/224301714957
276,domestic_travel,부산,2박 3일 혼자 여행 3일차-2 부산 벚꽃,candidate,1,"부산 2박 3일 혼자 여행 3일차-2 부산 벚꽃 스팟, 명란김밥...",https://blog.naver.com/sjiiiiiiiiiin/224301714957
277,domestic_travel,경주,2박3일,candidate,1,경주 2박3일 여행 /DAY2 경주여행: 투썸 경주감포항점...,https://blog.naver.com/new_everyday91/224301886085
278,domestic_travel,강릉,2박3일,candidate,1,[강릉 여행 ]엄마와 함께 떠난 강원도 강릉 2박3일/1일차,https://blog.naver.com/pricuae123/224301699781
279,domestic_travel,가평,2박3일 동안 방문했던 식당,restaurant,1,@운악채한옥마을 가평 : 한옥 독채 단층형 내돈내산 2박 9호실...,https://blog.naver.com/hagd_ay/224301858551
280,domestic_travel,경주,2박3일 여행 DAY2 경주여행 투썸 경주감,candidate,1,경주 2박3일 여행 /DAY2 경주여행: 투썸 경주감포항점...,https://blog.naver.com/new_everyday91/224301886085
281,domestic_travel,강릉,2인 국내 펜션,travel_spot,1,2인 국내 펜션 추천 TOP 5 (6월 예약 전 꼭 확인할 정보),https://blog.naver.com/protebe/224300921621
282,domestic_travel,제주,2인 국내 펜션,travel_spot,1,2인 국내 펜션 추천 TOP 5 (6월 예약 전 꼭 확인할 정보),https://blog.naver.com/protebe/224300921621
283,domestic_travel,강릉,2인국내펜션,travel_spot,1,2인 국내 펜션 추천 TOP 5 (6월 예약 전 꼭 확인할 정보),https://blog.naver.com/protebe/224300921621
284,domestic_travel,제주,2인국내펜션,travel_spot,1,2인 국내 펜션 추천 TOP 5 (6월 예약 전 꼭 확인할 정보),https://blog.naver.com/protebe/224300921621
285,domestic_travel,강릉,2차 식사 카페,cafe,1,"""26년 5월""",https://blog.naver.com/yangyang_days/224301842678
286,food,수원,2층 외관부터 이국적인 분위기가 물씬 풍겨서,candidate,1,수원 스타필드 추천|런던베이글 뮤지엄 후기|빵 맛집...,https://blog.naver.com/ararop/224295893357
287,food,대전,2호선 낙성대역 전자담배 맛집,restaurant,1,[낙성대전자담배] 새콤달콤한 열대과일 한 잔 느낌 !! 트로피칼...,https://blog.naver.com/vapinglounge_nsd/224301955151
288,food,대구,2호점,candidate,1,[대한양꼬치 2호점] 대구 동구 각산동 / 양꼬치 맛집,https://blog.naver.com/quokka-cola/224301575826
289,domestic_travel,대구,2호점,candidate,1,[대한양꼬치 2호점] 대구 동구 각산동 / 양꼬치 맛집,https://blog.naver.com/quokka-cola/224301575826
290,food,강남,30 안녕하세요 오늘은 논현역 가성비 회 맛집,restaurant,1,서울|내돈내산 논현 횟집 추천 ' 속초오징어어시장 ',https://blog.naver.com/sojeong2009/224300467782
291,food,인천,30년 전통 인천 부평시장 떡집 호박인절미 맛집,restaurant,1,30년 전통 인천 부평시장 떡집 호박인절미 맛집 풍년떡집,https://blog.naver.com/pklaaa/224301934288
292,domestic_travel,인천,30년 전통 인천 부평시장 떡집 호박인절미 맛집,restaurant,1,30년 전통 인천 부평시장 떡집 호박인절미 맛집 풍년떡집,https://blog.naver.com/pklaaa/224301934288
293,food,종로,33 가성비 맛집 최고봉,restaurant,1,"후기｜분위기 좋은 데이트 맛집, 시그니처 코스 B 리뷰 [ 서울맛집 ]",https://blog.naver.com/cielopio_bubu/224300963677
294,food,종로,37 지하1층 53 이런 점 때문에 광화문 맛집,restaurant,1,광화문 맛집 찡짜이타이푸드에서 먹은 태국 한상,https://blog.naver.com/jsojso941211/224301944961
295,food,종로,3가 고기집 익선갈매기 야장 맛집,restaurant,1,종로3가 고기집 익선갈매기 야장 맛집 삼겹살,https://blog.naver.com/tweedyes/224301899690
296,food,종로,3가 야장쪽 메인 로드에 위치한 해산물 맛집,restaurant,1,[영업직 리뷰] 신용산역 목포명가 용산점_ 내돈내산 / 주차꿀팁...,https://blog.naver.com/login-out/224301839795
297,food,종로,3가맛집,restaurant,1,"종각 맛집 추천, 인사동 맛집 코미도리 종각점 숙성도미회...",https://blog.naver.com/ssanta7/224300754997
298,food,종로,3가삼겹살 맛집,restaurant,1,[종로3가역 고기 맛집 ]-지금... 삼겹살 맛집 '홍지로스',https://blog.naver.com/horeaki/224301731227
299,food,종로,3가역 고기 맛집 -지금 삼겹살 맛집,restaurant,1,[종로3가역 고기 맛집 ]-지금... 삼겹살 맛집 '홍지로스',https://blog.naver.com/horeaki/224301731227
300,food,종로,3가역맛집,restaurant,1,을지면옥 평양냉면 내돈내산｜평냉 입문 실패 없는 서울 3대...,https://blog.naver.com/oburi-/224300636527
301,food,종로,3가점 서울3대 아인슈페너 맛집,restaurant,1,"종로3가점 :: 서울3대 아인슈페너 맛집 , 종로 데이트 추천",https://blog.naver.com/ggaonii/224301740961
302,food,광주,3곳,candidate,1,전현무계획3 광주 맛집 3곳 한 번에 정리｜육전·돼지국밥...,https://blog.naver.com/e150934/224301849679
303,food,광주,3곳 한 번에 정리,candidate,1,전현무계획3 광주 맛집 3곳 한 번에 정리｜육전·돼지국밥...,https://blog.naver.com/e150934/224301849679
304,food,제주,3대 김밥 다가미 그러다가 찾은 제주 3대,candidate,1,"제주공항 근처 김밥 맛집 추천 , 제주 3대 김밥 다가미",https://blog.naver.com/meang_ddori/224301864416
305,domestic_travel,제주,3대 김밥 다가미 그러다가 찾은 제주 3대,candidate,1,"제주공항 근처 김밥 맛집 추천 , 제주 3대 김밥 다가미",https://blog.naver.com/meang_ddori/224301864416
306,food,제주,3대 김밥 다가미 그러다가 찾은 제주 3대 맛집,restaurant,1,"제주공항 근처 김밥 맛집 추천 , 제주 3대 김밥 다가미",https://blog.naver.com/meang_ddori/224301864416
307,domestic_travel,제주,3대 김밥 다가미 그러다가 찾은 제주 3대 맛집,restaurant,1,"제주공항 근처 김밥 맛집 추천 , 제주 3대 김밥 다가미",https://blog.naver.com/meang_ddori/224301864416
308,food,부산,3대 맛집,restaurant,1,부산족발 남포동 족발골목 맛집 추천｜부산 현지인도 인정한...,https://blog.naver.com/raiiiin_/224301661265
309,domestic_travel,부산,3대 맛집,restaurant,1,부산족발 남포동 족발골목 맛집 추천｜부산 현지인도 인정한...,https://blog.naver.com/raiiiin_/224301661265
310,food,부산,3대 빵집 명품 빵집 부산역카페,cafe,1,"부산 3대 빵집,명품 빵집, 부산역카페, 부산빵집 [비엔씨 제과...",https://blog.naver.com/msj3989/224301941075
311,food,부산,3대 빵집 명품 빵집 부산역카페 부산빵집 비,cafe,1,"부산 3대 빵집,명품 빵집, 부산역카페, 부산빵집 [비엔씨 제과...",https://blog.naver.com/msj3989/224301941075
312,food,부산,3대돈까스맛집,restaurant,1,맛집 :: ️ 원카츠 논현점,https://blog.naver.com/amy7623/224301542952
313,food,강남,3만원대 속눈썹펌 무쌍 속눈썹펌 내돈내산 맛집,restaurant,1,[서울/강남] 강남역 3만원대 속눈썹펌|무쌍 속눈썹펌 내돈내산 ...,https://blog.naver.com/g825d/224301833209
314,food,제주,3박 4일 먹은 음식 중 TOP3였던 동문시장,travel_spot,1,제주 동문시장 맛집 명란스낵 3박 4일 먹은 음식 중 TOP3였던...,https://blog.naver.com/bomiomi/224301771708
315,domestic_travel,제주,3박 4일 먹은 음식 중 TOP3였던 동문시장,travel_spot,1,제주 동문시장 맛집 명란스낵 3박 4일 먹은 음식 중 TOP3였던...,https://blog.naver.com/bomiomi/224301771708
316,food,종로,3분 거리에 대구 종로 맛집,restaurant,1,[대구/중구] 종로 분위기 있는 이자카야 ' 요바나시 ' 솔직 후기,https://blog.naver.com/emothing_/224301841919
317,food,대구,3분 거리에 대구 종로 맛집,restaurant,1,[대구/중구] 종로 분위기 있는 이자카야 ' 요바나시 ' 솔직 후기,https://blog.naver.com/emothing_/224301841919
318,domestic_travel,경주,3시간 넘는 장거리 운전으로 둘 다 곯아떨어,candidate,1,in 경주,https://blog.naver.com/kwonirene/224301186260
319,domestic_travel,대구,3시간 율하체육공원,travel_spot,1,지금 여행 가기 좋은 곳 대구 꽃구경 명소 율하천 금계국 위치...,https://blog.naver.com/kdspmj12/224301276892
320,food,인천,3인이 배불리 인천서구 맛집,restaurant,1,인천 서구 맛집 술집 빨간맛포차｜홍가백전골 중자 조개 양...,https://blog.naver.com/pancake0/224301879919
321,food,부산,3일,candidate,1,"2박 3일 부산여행 (부산 맛집 , 부산 빵 투어)",https://blog.naver.com/hanaring_/224301949879
322,domestic_travel,부산,3일차 달랏 호텔,travel_spot,1,"나트랑 달랏 패키지 5일 부산 출발, 디꾸아호텔 총정리",https://blog.naver.com/dkrdka18/224301494212
323,food,부산,3일차-2,candidate,1,"부산 2박 3일 혼자 여행 3일차-2 부산 벚꽃 스팟, 명란김밥...",https://blog.naver.com/sjiiiiiiiiiin/224301714957
324,domestic_travel,부산,3일차-2,candidate,1,"부산 2박 3일 혼자 여행 3일차-2 부산 벚꽃 스팟, 명란김밥...",https://blog.naver.com/sjiiiiiiiiiin/224301714957
325,food,부산,3일차-2 부산 벚꽃 스팟 명란김밥 라떼 맛집,restaurant,1,"부산 2박 3일 혼자 여행 3일차-2 부산 벚꽃 스팟, 명란김밥...",https://blog.naver.com/sjiiiiiiiiiin/224301714957
326,domestic_travel,부산,3일차-2 부산 벚꽃 스팟 명란김밥 라떼 맛집,restaurant,1,"부산 2박 3일 혼자 여행 3일차-2 부산 벚꽃 스팟, 명란김밥...",https://blog.naver.com/sjiiiiiiiiiin/224301714957
327,food,대전,3층 일렉트로마트 내에 대전 둔산동 헤어 맛집,restaurant,1,( 내돈내산 ) 둔산동미용실 박승철헤어스튜디오 둔산이마트점...,https://blog.naver.com/pinkbluesky_/224301888563
328,domestic_travel,강릉,4월,candidate,1,4월 강릉여행,https://blog.naver.com/dototo_/224301829408
329,domestic_travel,강릉,4월 강릉여행 맛집,restaurant,1,4월 강릉여행,https://blog.naver.com/dototo_/224301829408
330,domestic_travel,제주,4일,candidate,1,"3박 4일 제주도 여행 기록️::제주신회월드,김녕해수욕장...",https://blog.naver.com/kimhyojin48/224301246632
331,food,제주,4일차 비브레이브 새물국수 당산봉 가성비 맛집,restaurant,1,"제주 여행ㅣ[EP.3] 3~4일차 (비브레이브, 새물국수, 당산봉...",https://blog.naver.com/poppys_cells/224301625910
332,food,강남,5 모임 장소로도 많이 찾는 닭갈비 맛집,restaurant,1,"현지인 vs 관광객, 둘 다 인정한 닭갈비 맛집 5",https://blog.naver.com/am9-25/224296093327
333,food,광주,52번째 맛집,restaurant,1,[52번째 맛집 탐방] 광주... 빛나는 상추백반 참치찌개 맛집,https://blog.naver.com/crazymet2/224301805962
334,food,종로,5길 37 지하1층 53 이런 점이 광화문 맛집,restaurant,1,광화문 맛집 찡짜이타이푸드에서 즐긴 태국요리,https://blog.naver.com/wjstndhr333/224301944101
335,food,인천,5성급,candidate,1,[영종도 호텔] 인천 5성급 호텔 네스트호텔 숙박 후기(스탠다드...,https://blog.naver.com/99leehy/224301517976
336,food,인천,5성급 호텔 네스트호텔,travel_spot,1,[영종도 호텔] 인천 5성급 호텔 네스트호텔 숙박 후기(스탠다드...,https://blog.naver.com/99leehy/224301517976
337,food,인천,5성급호텔,travel_spot,1,"[인천 영종도] 최고의 호캉스, 아이들과 가도 좋을 인천...",https://blog.naver.com/godjw486/224301703422
338,domestic_travel,인천,5성급호텔,travel_spot,1,"[인천 영종도] 최고의 호캉스, 아이들과 가도 좋을 인천...",https://blog.naver.com/godjw486/224301703422
339,domestic_travel,대전,5월 31일까지 오늘까지 진행하는 대전 맥주축제,attraction,1,대전 한밭수목원 신세계백화점,https://blog.naver.com/4862toi/224301890268
340,food,부산,5월 내돈내산 식당,restaurant,1,"5월 내돈내산 식당 모음｜부산 신가네호떡, 진주 양포항, 고성...",https://blog.naver.com/passion-simple/224301936673
341,food,대전,5월 도와줘요 Rock&Roll 마늘빵 맛집,restaurant,1,[5월] 도와줘요 Rock&Roll,https://blog.naver.com/oh_mygash_/224301902895
342,food,성수,5월 도죠 성수 카페,cafe,1,5월 [ 도죠 성수 / 카페 413프로젝트 성수 / 실비집 수유...,https://blog.naver.com/i_m313kkk/224297130310
343,food,광주,5월 일상 내 무기는 다정함뿐인데 야구선수 맛집,restaurant,1,5월 일상 : 내 무기는 다정함뿐인데,https://blog.naver.com/rladuddk001119/224301635707
344,domestic_travel,부산,5월 전시,attraction,1,[5월 전시] ART BUSAN에 대하여,https://blog.naver.com/fridaessie/224301933548
345,food,부산,5월 주말여행 고1딸과 부산서면 굿즈샵 맛집,restaurant,1,5월 주말여행 고1딸과 부산서면 굿즈샵 맛집투어 애니매이트...,https://blog.naver.com/corona1022/224301114759
346,domestic_travel,부산,5월 주말여행 고1딸과 부산서면 굿즈샵 맛집,restaurant,1,5월 주말여행 고1딸과 부산서면 굿즈샵 맛집투어 애니매이트...,https://blog.naver.com/corona1022/224301114759
347,food,인천,5월일상 진짜 인천 서구의 자랑 만두 맛집,restaurant,1,5월일상,https://blog.naver.com/y24609/224301922439
348,food,대전,5월축제,attraction,1,대청호 장미축제 실시간 개화현황과 무료 주차 꿀팁 총정리,https://blog.naver.com/issueletter365/224301618826
349,domestic_travel,대전,5월축제,attraction,1,대청호 장미축제 실시간 개화현황과 무료 주차 꿀팁 총정리,https://blog.naver.com/issueletter365/224301618826
350,domestic_travel,부산,5일,candidate,1,"나트랑 달랏 패키지 5일 부산 출발, 디꾸아호텔 총정리",https://blog.naver.com/dkrdka18/224301494212
351,food,종로,5호선맛집,restaurant,1,la라갈비 좋아하는 사람? 저요. 내돈내산 추천드림...,https://blog.naver.com/dlathfl3232/224300824423
352,domestic_travel,가평,6 28 일 수국 전시,attraction,1,5/30(토)~6/28(일) 수국 전시회 서울근교 당일치기 꽃구경,https://blog.naver.com/ohdori13/224299956293
353,domestic_travel,대구,6기,candidate,1,프렌즈 6기] 대구 앞산 카페 추천 ️ : 아리츠 (샌드위치 맛집 ),https://blog.naver.com/pcjihye/224301939387
354,food,성수,6년,candidate,1,[성수동찐 맛집 !!] 호호식당 성수 6년 연속 블루리본 선정의 이유,https://blog.naver.com/wol1000gogo/224299830765
355,food,성수,6년 연속 블루리본 선정의 이유 6년 연속,candidate,1,[성수동찐 맛집 !!] 호호식당 성수 6년 연속 블루리본 선정의 이유,https://blog.naver.com/wol1000gogo/224299830765
356,food,종로,6시 30분은 브레이크 종로계림닭도리탕원조 맛집,restaurant,1,충무로 맛집 종로 계림 닭도리탕 알싸한 마늘맛에 중독되는 후기,https://blog.naver.com/ddubidubib_life/224301959315
357,food,부산,6시내고향맛집,restaurant,1,[대구 서문시장 맛집 ] 빨간어묵 원조 맛집 ‘부산어묵장돌이’...,https://blog.naver.com/coma112233/224301849712
358,food,대구,6시내고향맛집,restaurant,1,[대구 서문시장 맛집 ] 빨간어묵 원조 맛집 ‘부산어묵장돌이’...,https://blog.naver.com/coma112233/224301849712
359,domestic_travel,부산,6시내고향맛집,restaurant,1,[대구 서문시장 맛집 ] 빨간어묵 원조 맛집 ‘부산어묵장돌이’...,https://blog.naver.com/coma112233/224301849712
360,domestic_travel,대구,6시내고향맛집,restaurant,1,[대구 서문시장 맛집 ] 빨간어묵 원조 맛집 ‘부산어묵장돌이’...,https://blog.naver.com/coma112233/224301849712
361,food,광주,6월 3일 전까지 꼭 방문해 보세요 외부 카페,cafe,1,부안 카페 파란곳간 주차장 웨이팅 광주근교 수레국화꽃,https://blog.naver.com/sunny__1026/224301771136
362,domestic_travel,광주,6월 3일 전까지 꼭 방문해 보세요 외부 카페,cafe,1,부안 카페 파란곳간 주차장 웨이팅 광주근교 수레국화꽃,https://blog.naver.com/sunny__1026/224301771136
363,food,인천,6월 가볼만한곳 인천대공원,travel_spot,1,6월 가볼만한곳 인천대공원 장미원|장미 향기 가득한 초여름...,https://blog.naver.com/diary_life_/224301179332
364,domestic_travel,인천,6월 가볼만한곳 인천대공원,travel_spot,1,6월 가볼만한곳 인천대공원 장미원|장미 향기 가득한 초여름...,https://blog.naver.com/diary_life_/224301179332
365,domestic_travel,강릉,6월 강릉 전시,attraction,1,"6월 강릉 전시회, 행사, 데이트코스 추천",https://blog.naver.com/bmw-mini_haslla/224301844414
366,domestic_travel,부산,6월 수국축제,attraction,1,6월 수국축제｜부산출발 공주 당일여행 추천,https://blog.naver.com/hanatravel-busan/224301478020
367,food,제주,6월 제주 공항 근처 아침식사 맛집 카페,cafe,1,6월 제주 공항 근처 아침식사 맛집 카페 아이랑 가족여행...,https://blog.naver.com/holocelina/224301922269
368,food,부산,6월부산축제,attraction,1,"2026 광안리 어방축제 : 일정,프로그램,어방포차 메뉴 및 주차...",https://blog.naver.com/moondrift/224301904724
369,domestic_travel,부산,6월부산축제,attraction,1,"2026 광안리 어방축제 : 일정,프로그램,어방포차 메뉴 및 주차...",https://blog.naver.com/moondrift/224301904724
370,food,제주,6일내내 신화월드에 묵었어서 근처에 흑돼지 맛집,restaurant,1,신화월드 근처 서귀포 현지인 흑돼지 맛집 제주돈돗 신화월드점,https://blog.naver.com/minkji8792/224301948563
371,domestic_travel,부산,7월,candidate,1,6월 7월 부산북구 덕천 금빛 노을 브릿지 여행 추천 주변...,https://blog.naver.com/kdspmj12/224301514888
372,food,강남,80에 위치해 있습니다 신논현역 6번 역삼동맛집,restaurant,1,소보키 강남점 미나리육전과 닭전골 조합이 미쳤던 강남역 술집,https://blog.naver.com/angels1st/224301509874
373,food,대구,81 우리 동네 최고 치킨 맛집,restaurant,1,81,https://blog.naver.com/9x__b/224301088528
374,domestic_travel,제주,8월,candidate,1,"8월 제주도 여행 9.81파크, 쇠소깍, 새별프렌즈 후기 제주도...",https://blog.naver.com/youngdaily_/224299097116
375,food,대구,9단 침산직영점 대구 북구에서 진정한 고기 맛집,restaurant,1,침산동 한우 침산동 고기집 콜키지프리 고기9단 침산직영점,https://blog.naver.com/dhdrummer1/224301959497
376,food,종로,가 바로 아래 접근성 최고인 종로 야장 국제시장,restaurant,1,"[종로] 내돈내산, 종로야장 어디로 갈까 나는 ""국제시장 포차""",https://blog.naver.com/kahu9003/224298659460
377,domestic_travel,부산,가 아니라 직접 즐기는 축제,attraction,1,부산시민공원에서 만난 특별한 예술 나들이! 2026 부산예총...,https://blog.naver.com/minb__e/224301473312
378,domestic_travel,가평,가 인기인 이유 가평 자라섬 꽃축제,attraction,1,가평 자라섬 꽃축제 2026 총정리｜남도꽃정원 봄꽃페스타...,https://blog.naver.com/123whywhy/224299354360
379,food,부산,가계부,candidate,1,"5월 29~31일 가계부: 부산여행, 5월 가계부 정산, 총 부수입...",https://blog.naver.com/kgjos2018/224301943394
380,domestic_travel,강릉,가기,candidate,1,혼자 바다보러 가기 강릉 뚜벅이 당일치기 여행코스 추천,https://blog.naver.com/yoonsss22/224301654841
381,domestic_travel,제주,가기,candidate,1,애견동반 온수풀 고흥 숙소 전라도 여행 고흥에서 제주 가기,https://blog.naver.com/paisha/224301858054
382,domestic_travel,대전,가기 일주일 전 부산 1박2일 알바 공,restaurant,1,노잼코스로 간 대전,https://blog.naver.com/aesthesder/224301794815
383,food,성수,가까운 횟집 어디있을까 싶어 검색해보니 가락시장,travel_spot,1,[ 서울 맛집 ] 서울 가락시장 횟집 맛집 / 장성수산,https://blog.naver.com/ssingssing21_/224301531949
384,domestic_travel,성수,가까운 횟집 어디있을까 싶어 검색해보니 가락시장,travel_spot,1,[ 서울 맛집 ] 서울 가락시장 횟집 맛집 / 장성수산,https://blog.naver.com/ssingssing21_/224301531949
385,domestic_travel,가평,가는,candidate,1,남양주 키즈카페 플레이킹덤 후기가평 가는 길 아이 쉬어가기...,https://blog.naver.com/vikini1827/224300831797
386,domestic_travel,강릉,가는,candidate,1,강릉 가는 길 들른 횡성휴게소먹거리 후기,https://blog.naver.com/redox9033/224301894323
387,domestic_travel,강릉,가는 길 배고프시면 한 번 들러보시는 거 추,candidate,1,강릉 가는 길 들른 횡성휴게소먹거리 후기,https://blog.naver.com/redox9033/224301894323
388,domestic_travel,가평,가는 길 아이 쉬어가기 주말나들이,candidate,1,남양주 키즈카페 플레이킹덤 후기가평 가는 길 아이 쉬어가기...,https://blog.naver.com/vikini1827/224300831797
389,domestic_travel,경주,가는 법 예약해둔,candidate,1,서울역 신경주역 KTX 열차 시간표 예약 및 주차정보 보기,https://lefthusband.tistory.com/682
390,food,부산,가능한,candidate,1,서면에어비앤비 해월가 자쿠지 힐링이 가능한 부산가족숙소...,https://blog.naver.com/cutykayo/224301895340
391,domestic_travel,부산,가능한,candidate,1,서면에어비앤비 해월가 자쿠지 힐링이 가능한 부산가족숙소...,https://blog.naver.com/cutykayo/224301895340
392,domestic_travel,인천,가득,candidate,1,친구들과 함께한 낭만 가득 인천 시티투어 & 인스파이어 몰...,https://blog.naver.com/ckj600405/224301953374
393,domestic_travel,강릉,가득한,candidate,1,[강릉 가볼만한곳] 바다와 감성 가득한 강릉 여행 코스 BEST 4...,https://blog.naver.com/minjus146/224301950149
394,food,제주,가득했던,candidate,1,초벌에 육즙 가득했던 제주 흑돼지( 내돈내산 후기),https://blog.naver.com/tjdrud7227/224301882182
395,domestic_travel,제주,가득했던,candidate,1,초벌에 육즙 가득했던 제주 흑돼지( 내돈내산 후기),https://blog.naver.com/tjdrud7227/224301882182
396,food,부산,가득했던,candidate,1,출발부터 고비 가득했던 부산 물금 여행#1,https://blog.naver.com/minjungkku_/224301882916
397,domestic_travel,가평,가득했던,candidate,1,글램핑 다녀온 후기 봄 감성 가득했던 가평글램핑 우정 여행,https://blog.naver.com/youhee4723/224296306190
398,food,인천,가든파티,candidate,1,"부평구 맛집 , 모임하기 편했던 '가든파티 인천삼산점'",https://blog.naver.com/luvtousw/224301953917
399,food,제주,가디역,candidate,1,[ 서울 가산디지털단지] 가디역 제주 흑돼지 항정카츠 맛집 카츠...,https://blog.naver.com/slsl5340/224300906519
400,food,광주,가매일식,candidate,1,광주 가매일식 / 흑백요리사 안유성 명장 맛집 후기,https://blog.naver.com/huirin28/224301892305
401,domestic_travel,제주,가맹점에서 결제할 때마다 10,candidate,1,제주 탐나는전 10% 소품샵 선물가게 제주소나이 마그넷,https://blog.naver.com/normaler0_0/224301609151
402,food,대전,가면 다음에 또 무조건 방문할,candidate,1,"맛집 ] 대전 떡반집 본점, 치즈 떡볶이에 토스트 조합 내돈내산 ...",https://blog.naver.com/kkag2479/224301782716
403,food,대구,가면 무조건 다시 감,candidate,1,[대구 수성구] 동대구역 근처 돼지갈비 로컬 찐맛집 '낙산가든',https://blog.naver.com/donas30000/224301241431
404,domestic_travel,대구,가면 방앗간처럼 들러주는 부산여행 과연 부산,candidate,1,[5월의 부처님생일맞이 부산 당일치기 모녀여행] 이재모대신...,https://blog.naver.com/ohmyako/224301674723
405,food,부산,가볼,candidate,1,테마별 부산 여행 추천 ! 취향 따라 즐기는 부산 가볼 만한 곳,https://blog.naver.com/homebody_panda/224301294157
406,domestic_travel,부산,가볼,candidate,1,테마별 부산 여행 추천 ! 취향 따라 즐기는 부산 가볼 만한 곳,https://blog.naver.com/homebody_panda/224301294157
407,domestic_travel,경주,가볼 만한 곳 경주 대릉원 포토존 위치 국제,candidate,1,6월 경주 가볼 만한 곳 경주 대릉원 포토존 위치,https://blog.naver.com/teddyjun/224301512017
408,domestic_travel,경주,가볼 만한 곳 경주루지월드에서 짜릿한 경험을,candidate,1,"경주 가볼 만한 곳, 경주루지월드에서 짜릿한 경험을!",https://blog.naver.com/song970923/224301819494
409,food,강남,가볼만한 곳 중에 반지대학 강남캠퍼스가 있다,candidate,1,강남실내데이트 반지대학 강남캠퍼스 커플링 만들기 추천,https://blog.naver.com/kmj8390/224301912085
410,food,대전,가볼만한 곳 한밭수목원,candidate,1,대전 가볼만한 곳|한밭수목원 주차부터 관람 후기까지,https://blog.naver.com/sooyontheroad/224301894101
411,domestic_travel,대전,가볼만한 곳 한밭수목원,candidate,1,대전 가볼만한 곳|한밭수목원 주차부터 관람 후기까지,https://blog.naver.com/sooyontheroad/224301894101
412,domestic_travel,강릉,가볼만한 곳 BEST 5 중앙시장,travel_spot,1,강원도 강릉 가볼만한 곳 BEST 5 중앙시장 월화거리 안목해변,https://blog.naver.com/sophiachae0723/224301666386
413,domestic_travel,강릉,가볼만한 곳 BEST 5 중앙시장 월화거리,travel_spot,1,강원도 강릉 가볼만한 곳 BEST 5 중앙시장 월화거리 안목해변,https://blog.naver.com/sophiachae0723/224301666386
414,food,인천,가볼만한 장미명소 계양산 장미원 실시간 풍경,candidate,1,인천 가볼만한 장미명소 계양산 장미원 실시간 풍경 주차,https://blog.naver.com/29power7/224301926866
415,domestic_travel,인천,가볼만한 장미명소 계양산 장미원 실시간 풍경,candidate,1,인천 가볼만한 장미명소 계양산 장미원 실시간 풍경 주차,https://blog.naver.com/29power7/224301926866
416,food,인천,가볼만한 장미명소 계양산 장미원 실시간개화상,candidate,1,인천 가볼만한 장미명소 계양산 장미원 실시간 풍경 주차,https://blog.naver.com/29power7/224301926866
417,domestic_travel,인천,가볼만한 장미명소 계양산 장미원 실시간개화상,candidate,1,인천 가볼만한 장미명소 계양산 장미원 실시간 풍경 주차,https://blog.naver.com/29power7/224301926866
418,domestic_travel,가평,가볼만한곳 5곳을 소개해 드리려고 하는데요,candidate,1,경기도 가평 가볼만한곳 자라섬 여행 외 4곳,https://blog.naver.com/kwleslie/224301163213
419,domestic_travel,광주,가볼만한곳 6월 율봄식물원 수국 축제,attraction,1,[경기도 광주 가볼만한곳] 6월 율봄식물원 수국 축제 및 토마토...,https://blog.naver.com/dee7781/224301570916
420,domestic_travel,광주,가볼만한곳 6월 율봄식물원 수국 축제 및 토,attraction,1,[경기도 광주 가볼만한곳] 6월 율봄식물원 수국 축제 및 토마토...,https://blog.naver.com/dee7781/224301570916
421,domestic_travel,인천,가볼만한곳 7선을 소개하려고 하는데요 이 글,candidate,1,인천 가볼만한곳 2026년 추천 7선 확인하기,https://dwqn.tistory.com/375
422,domestic_travel,가평,가볼만한곳 가평 카페 양떼목장 놀거리 경기도,cafe,1,경기도 가평 가볼만한곳 가평 카페 양떼목장 놀거리...,https://blog.naver.com/overroad89/224298386666
423,domestic_travel,가평,가볼만한곳 가평 카페 양떼목장 놀거리 샤스타,cafe,1,경기도 가평 가볼만한곳 가평 카페 양떼목장 놀거리...,https://blog.naver.com/overroad89/224298386666
424,domestic_travel,성수,가볼만한곳 놀거리 뉴뉴랩 뉴뉴걸즈 성수 갔다,candidate,1,서울 성수 가볼만한곳 놀거리 뉴뉴랩 뉴뉴걸즈,https://blog.naver.com/record97_/224301902366
425,domestic_travel,성수,가볼만한곳 놀거리 성수 뉴뉴랩 바로 볼 수,restaurant,1,서울 성수 가볼만한곳 놀거리 뉴뉴랩 뉴뉴걸즈,https://blog.naver.com/record97_/224301902366
426,food,대구,가볼만한곳 대구꽃박람회,attraction,1,대구 가볼만한곳 대구꽃박람회 엑스코 대구 데이트 코스 놀거리...,https://blog.naver.com/homibike/224301373762
427,domestic_travel,대구,가볼만한곳 대구꽃박람회,attraction,1,대구 가볼만한곳 대구꽃박람회 엑스코 대구 데이트 코스 놀거리...,https://blog.naver.com/homibike/224301373762
428,food,대구,가볼만한곳 대구꽃박람회 엑스코 대구 데이트,attraction,1,대구 가볼만한곳 대구꽃박람회 엑스코 대구 데이트 코스 놀거리...,https://blog.naver.com/homibike/224301373762
429,domestic_travel,대구,가볼만한곳 대구꽃박람회 엑스코 대구 데이트,attraction,1,대구 가볼만한곳 대구꽃박람회 엑스코 대구 데이트 코스 놀거리...,https://blog.naver.com/homibike/224301373762
430,domestic_travel,경주,가볼만한곳 동경의상실은 경주 황리단길 중심에,candidate,1,경주한복대여 동경의상실 경주신라한복 특별한 추억남기기,https://blog.naver.com/74296629/224301927401
431,domestic_travel,강릉,가볼만한곳 바다와 감성 가득한 강릉 여행 코,restaurant,1,[강릉 가볼만한곳] 바다와 감성 가득한 강릉 여행 코스 BEST 4...,https://blog.naver.com/minjus146/224301950149
432,domestic_travel,가평,가볼만한곳 베이커리 대형카페 가평레이크애비뉴,cafe,1,가평 가볼만한곳 베이커리 대형카페 가평레이크애비뉴 리버뷰...,https://blog.naver.com/sakura_hirahira/224300466826
433,domestic_travel,경주,가볼만한곳 봉황대 뮤직스퀘어 인순이,candidate,1,"6월 경주 가볼만한곳 , 봉황대 뮤직스퀘어 인순이·김태우...",https://blog.naver.com/visit_gyeongju/224301905283
434,domestic_travel,부산,가볼만한곳 송도해수욕장 구름 산책로 야경 부,candidate,1,부산 가볼만한곳 송도해수욕장 구름 산책로 야경,https://blog.naver.com/jsnam007/224301947166
435,domestic_travel,경주,가볼만한곳 을 찾고 있다면 6월 주말의 시작,candidate,1,"6월 경주 가볼만한곳 , 봉황대 뮤직스퀘어 인순이·김태우...",https://blog.naver.com/visit_gyeongju/224301905283
436,domestic_travel,가평,가볼만한곳 자라섬 여행 외 4곳 그래서 이번,candidate,1,경기도 가평 가볼만한곳 자라섬 여행 외 4곳,https://blog.naver.com/kwleslie/224301163213
437,domestic_travel,인천,가볼만한곳 제1경 목섬 항도 을 걸을 수 있,candidate,1,갯메꽃,https://blog.naver.com/hkys410/224301861707
438,domestic_travel,인천,가볼만한곳 초여름 바다 감성 주말 드라이브,restaurant,1,6월 인천 가볼만한곳|초여름 바다 감성 주말 드라이브 코스 3...,https://blog.naver.com/sunlunar/224301915040
439,domestic_travel,가평,가볼만한곳 한식 쌈밥 28개월 아이와 남이섬,candidate,1,가평 가볼만한곳 한식 쌈밥 28개월 아이와 남이섬 맛집 진수성찬,https://blog.naver.com/alsoy00/224301929977
440,domestic_travel,광주,가볼만한곳 화담숲 여름 수국 축제,attraction,1,[경기도 광주 가볼만한곳] 화담숲 여름 수국 축제 예매 및...,https://blog.naver.com/dee7781/224301546752
441,domestic_travel,광주,가볼만한곳 화담숲 여름 수국 축제 예매 및,attraction,1,[경기도 광주 가볼만한곳] 화담숲 여름 수국 축제 예매 및...,https://blog.naver.com/dee7781/224301546752
442,domestic_travel,인천,가볼만한곳 힐링 가득 5월 마무리 모두 행복,candidate,1,5월25일~5월31일 Zip,https://blog.naver.com/dinghding/224301915242
443,domestic_travel,부산,가볼만한축제,attraction,1,2026년 6월 가볼만한 축제 총정리! 여름 시작 전 꼭 가야 할 곳,https://blog.naver.com/mint_review/224287521186
444,food,성수,가브리살,candidate,1,"[ 서울 성수] 가브리살 보쌈과... 성수 맛집 , 뚝섬 맛집 , 한식주점...",https://blog.naver.com/leecw1106/224301004294
445,food,성수,가브리살 보쌈과 성수 맛집 뚝섬 맛집 한식주,restaurant,1,"[ 서울 성수] 가브리살 보쌈과... 성수 맛집 , 뚝섬 맛집 , 한식주점...",https://blog.naver.com/leecw1106/224301004294
446,food,광주,가사문학면,candidate,1,[담양/가사문학면] 광주 근교 데이트 추천 야외 버스에서 즐길...,https://blog.naver.com/ksw05128/224301675961
447,domestic_travel,광주,가사문학면,candidate,1,[담양/가사문학면] 광주 근교 데이트 추천 야외 버스에서 즐길...,https://blog.naver.com/ksw05128/224301675961
448,food,제주,가산 현지인 자체 랭킹 1위 고기 맛집,restaurant,1,가산 현지인 자체 랭킹 1위 고기 맛집|제주 탐하리,https://blog.naver.com/daffodils_0-0/224301671286
449,domestic_travel,대전,가서,candidate,1,[2026 당일치기 대전 여행 ] 대전 가서 빵이랑 보쌈 먹고 온...,https://blog.naver.com/flower788/224301486907
450,food,부산,가서 커피,cafe,1,"2박 3일 부산여행 (부산 맛집 , 부산 빵 투어)",https://blog.naver.com/hanaring_/224301949879
451,food,대전,가성비,candidate,1,대전 가성비 식당 찾고 있다면 봉명동 맛집 맛나지예 선산곱창,https://blog.naver.com/minspa89/224301800700
452,food,강남,가성비,candidate,1,강남 가성비 칵테일바 실내데이트 Stay in 비밀의 정원,https://blog.naver.com/skagusdl6354/224301649381
453,domestic_travel,경주,가성비,candidate,1,"경주 가성비 숙소 추천, 친절한 사장님과 감동 가득한 바베큐가...",https://blog.naver.com/curious_13/224301634671
454,domestic_travel,가평,가성비,candidate,1,가평 가성비 숙소 감성 글램핑 펜션 가볼만한곳 추천,https://blog.naver.com/beargobear/224298891545
455,food,종로,가성비 맛집 이다 보니 평일 11시 없이 맛,restaurant,1,종로 가성비 맛집 추천 ! 미국식 중식당 '서울익스프레스88...,https://blog.naver.com/mingbusiness/224301908394
456,domestic_travel,가평,가성비 숙소 감성 글램핑 펜션 가볼만한곳 추,travel_spot,1,가평 가성비 숙소 감성 글램핑 펜션 가볼만한곳 추천,https://blog.naver.com/beargobear/224298891545
457,food,대전,가성비 식당 찾고 있다면 봉명동 맛집 맛나지,restaurant,1,대전 가성비 식당 찾고 있다면 봉명동 맛집 맛나지예 선산곱창,https://blog.naver.com/minspa89/224301800700
458,food,종로,가성비 야장 맛집 밥도사술도사 내돈내산,restaurant,1,종로 가성비 야장 맛집 밥도사술도사 내돈내산 후기,https://blog.naver.com/mimizi_/224301559066
459,food,부산,가성비 여행 의 정석 리순덕 호텔,travel_spot,1,부산 가성비 여행 의 정석 리순덕 호텔 투숙 후기부터 츤데레...,https://blog.naver.com/alsdnd7464/224301508155
460,domestic_travel,부산,가성비 여행 의 정석 리순덕 호텔,travel_spot,1,부산 가성비 여행 의 정석 리순덕 호텔 투숙 후기부터 츤데레...,https://blog.naver.com/alsdnd7464/224301508155
461,food,부산,가성비 여행 의 정석 리순덕 호텔 투숙,travel_spot,1,부산 가성비 여행 의 정석 리순덕 호텔 투숙 후기부터 츤데레...,https://blog.naver.com/alsdnd7464/224301508155
462,domestic_travel,부산,가성비 여행 의 정석 리순덕 호텔 투숙,travel_spot,1,부산 가성비 여행 의 정석 리순덕 호텔 투숙 후기부터 츤데레...,https://blog.naver.com/alsdnd7464/224301508155
463,food,강남,가성비 칵테일바 실내데이트 Stay in 비,restaurant,1,강남 가성비 칵테일바 실내데이트 Stay in 비밀의 정원,https://blog.naver.com/skagusdl6354/224301649381
464,food,수원,가성비베이커리,cafe,1,"우만동 빵집 찾는다면 여기, 빵이당 우만점",https://blog.naver.com/xoornjseh/224301870189
465,food,대전,가성비식당,restaurant,1,대전 맛집 쌍둥이수육국밥 월평선사점의 푸짐했던 식사후기,https://blog.naver.com/narara20000/224301704324
466,domestic_travel,대전,가성비식당,restaurant,1,대전 맛집 쌍둥이수육국밥 월평선사점의 푸짐했던 식사후기,https://blog.naver.com/narara20000/224301704324
467,food,수원,가성비와 감성을 동시에 잡은 감성커피,cafe,1,[수원 호매실 카페] 가성비와 감성을 동시에 잡은 '감성커피...,https://blog.naver.com/tarot_sinsu/224301395361
468,domestic_travel,강릉,가오리찜,candidate,1,강릉 가오리찜 맛집 이모네 생선찜 내돈내산 리뷰,https://blog.naver.com/spdhfh12/224301480350
469,domestic_travel,강릉,가오리찜 맛집 이모네 생선찜 내돈내산 리뷰,restaurant,1,강릉 가오리찜 맛집 이모네 생선찜 내돈내산 리뷰,https://blog.naver.com/spdhfh12/224301480350
470,domestic_travel,경주,가을의,candidate,1,[ 여행 /경주] 가을의 경주,https://blog.naver.com/tmfql0622/224301741832
471,domestic_travel,경주,가을의 경주 열심히 운전 중인 유챎 감사합니,candidate,1,[ 여행 /경주] 가을의 경주,https://blog.naver.com/tmfql0622/224301741832
472,food,제주,가이드,candidate,1,"6월 제주 우도 여행 완전 가이드, 제주까지 갔다면 꼭 한 번...",https://blog.naver.com/gnsolution1/224301651745
473,domestic_travel,제주,가이드,candidate,1,"6월 제주 우도 여행 완전 가이드, 제주까지 갔다면 꼭 한 번...",https://blog.naver.com/gnsolution1/224301651745
474,domestic_travel,가평,가족 여행,candidate,1,봄 가평 가족 여행 추천 <더스테이힐링파크> 포레스트A타입 후기.,https://blog.naver.com/kimd0827/224300438985
475,domestic_travel,가평,가족 여행 숙소치고 부담 덜한 편임 듀플렉스,travel_spot,1,고고다이노 키즈호텔 첫 단독 특가 52% 할인 32 → 14만...,https://blog.naver.com/bean_urse/224298476039
476,domestic_travel,가평,가족 여행 지,candidate,1,가족여행/가평 동물원/경기도... 데이트 추천/ 서울근교 여행 지♡,https://blog.naver.com/yunmi8787/224297371931
477,food,성수,가족식사 맛집 4 혼자 시원한 하이볼과 함께,restaurant,1,성수역 일식당 후토마끼 초이다이닝 성수점 가격대비 만족도가...,https://blog.naver.com/tr6775/224299573972
478,domestic_travel,성수,가족식사 맛집 4 혼자 시원한 하이볼과 함께,restaurant,1,성수역 일식당 후토마끼 초이다이닝 성수점 가격대비 만족도가...,https://blog.naver.com/tr6775/224299573972
479,domestic_travel,가평,가족여행,candidate,1,가족여행/가평 동물원/경기도... 데이트 추천/ 서울근교 여행 지♡,https://blog.naver.com/yunmi8787/224297371931
480,domestic_travel,제주,가족여행 테디베어하우스 테지움에서 동심으로,candidate,1,"제주 가족여행, 테디베어하우스 테지움에서 동심으로 돌아가다",https://blog.naver.com/khsvum/224301938049
481,domestic_travel,제주,가족여행 특별한 추억 못할 재미와 감동을 선,candidate,1,"테디베어하우스 테지움에서의 제주 가족여행, 특별한 추억...",https://blog.naver.com/nightmin79/224301957420
482,domestic_travel,제주,가족코스까지,candidate,1,"국내 6월 여행 지 추천 8곳, 꽃축제부터 제주 가족코스까지 한...",https://blog.naver.com/yhking119/224297580534
483,food,대구,가창,candidate,1,대구 가창 *부푼* 카페,https://blog.naver.com/aweoo-/224301877702
484,domestic_travel,대구,가창,candidate,1,대구 가창 *부푼* 카페,https://blog.naver.com/aweoo-/224301877702
485,domestic_travel,제주,가파도,candidate,1,제주 가파도 배시간 예약사이트 제주투어패스 24시간,https://blog.naver.com/eksqlsj/224301862752
486,domestic_travel,가평,가평 더스테이 힐링파크 가든 D타입 커,candidate,1,"가평 숙소 가평 더스테이 힐링파크 가든 D타입, 커플 기념일 여행",https://blog.naver.com/joyto17/224301700970
487,food,부산,가평아이랑호텔,travel_spot,1,가평아난티 무라타하우스 아이랑 가평 여행! (히노끼탕/수영장...,https://blog.naver.com/smk03011/224301869303
488,domestic_travel,부산,가평아이랑호텔,travel_spot,1,가평아난티 무라타하우스 아이랑 가평 여행! (히노끼탕/수영장...,https://blog.naver.com/smk03011/224301869303
489,domestic_travel,대전,간 거라서 기빨려서 많이 못 돌아다님 저 모,candidate,1,노잼코스로 간 대전,https://blog.naver.com/aesthesder/224301794815
490,domestic_travel,부산,간다,candidate,1,나 혼자 간다! 부산 혼자 여행 꿀팁 대방출,https://blog.naver.com/onelove5131/224297837084
491,domestic_travel,강릉,간이여서 조금 서둘러 방문했는데도 역시 중앙시장,travel_spot,1,"강릉 맛집|중앙시장 맛집 , 원조소문난무침회...",https://blog.naver.com/jomii_/224301907335
492,food,성수,갈 겸 가서 먹었어 근데,candidate,1,May. 2026,https://blog.naver.com/forexer_u/224301911243
493,domestic_travel,경주,갈 만한 곳 특별한 루지 체험으로 짜릿한 이,candidate,1,"[경주루지월드] 경주 갈 만한 곳 , 특별한 루지 체험으로 짜릿한...",https://blog.naver.com/bu135rq5vaz/224301930133
494,food,부산,갈겡 실습 화이팅이야,candidate,1,행복도 연습이 필요했던거야,https://blog.naver.com/05eunji8789/224301869569
495,food,부산,갈매기살,candidate,1,다대포 고기집 끼룩이네 부산 갈매기살 맛집 진짜가 나타났다,https://blog.naver.com/reselience/224301918641
496,food,부산,갈매기살 맛집 진짜가 나타났다,restaurant,1,다대포 고기집 끼룩이네 부산 갈매기살 맛집 진짜가 나타났다,https://blog.naver.com/reselience/224301918641
497,food,부산,갈매기살 맛집 진짜가 나타났다 다대포 고기집,restaurant,1,다대포 고기집 끼룩이네 부산 갈매기살 맛집 진짜가 나타났다,https://blog.naver.com/reselience/224301918641
498,domestic_travel,부산,갈매랑축제,attraction,1,부산시민공원에서 만난 특별한 예술 나들이! 2026 부산예총...,https://blog.naver.com/minb__e/224301473312
499,food,강남,갈비,candidate,1,"숯불 향에 마음이 먼저 굽는 날, 강남 갈비 1등의 온기",https://blog.naver.com/s657844/224301522889
500,food,강남,갈비 1등의 온기 제가 갔던 시간대가 애매한,candidate,1,"숯불 향에 마음이 먼저 굽는 날, 강남 갈비 1등의 온기",https://blog.naver.com/s657844/224301522889
501,food,대구,감삼,candidate,1,온 날 대구 감삼 골목맥주 N번째 내돈내산 ft 추천 안주 2가지,https://blog.naver.com/coke17088/224301906982
502,domestic_travel,대구,감삼,candidate,1,온 날 대구 감삼 골목맥주 N번째 내돈내산 ft 추천 안주 2가지,https://blog.naver.com/coke17088/224301906982
503,food,대구,감삼역,candidate,1,대구 감삼역 호텔 파인트리 후기｜광장코아 야장거리 가기...,https://blog.naver.com/nareehim/224301492443
504,domestic_travel,대구,감삼역,candidate,1,대구 감삼역 호텔 파인트리 후기｜광장코아 야장거리 가기...,https://blog.naver.com/nareehim/224301492443
505,food,대구,감삼역 호텔,travel_spot,1,대구 감삼역 호텔 파인트리 후기｜광장코아 야장거리 가기...,https://blog.naver.com/nareehim/224301492443
506,domestic_travel,대구,감삼역 호텔,travel_spot,1,대구 감삼역 호텔 파인트리 후기｜광장코아 야장거리 가기...,https://blog.naver.com/nareehim/224301492443
507,food,대구,감삼역 호텔 파인트리,travel_spot,1,대구 감삼역 호텔 파인트리 후기｜광장코아 야장거리 가기...,https://blog.naver.com/nareehim/224301492443
508,domestic_travel,대구,감삼역 호텔 파인트리,travel_spot,1,대구 감삼역 호텔 파인트리 후기｜광장코아 야장거리 가기...,https://blog.naver.com/nareehim/224301492443
509,domestic_travel,경주,감성,candidate,1,"경주 감성 ""카페 샬라라"" 동화 속 한 장면 같은 힐링 공간",https://blog.naver.com/chacms1143/224301703821
510,domestic_travel,강릉,감성,candidate,1,강릉 감성 가득한 핸드메이드 소품샵 ‘물꼬기 소품샵&사진관’,https://blog.naver.com/sis78987/224301866218
511,domestic_travel,강릉,감성 가득한 핸드메이드 소품샵 물꼬기 소품샵,candidate,1,강릉 감성 가득한 핸드메이드 소품샵 ‘물꼬기 소품샵&사진관’,https://blog.naver.com/sis78987/224301866218
512,food,제주,감성 제대로 제주 여행 오면 밤에 꼭 가봐야,candidate,1,제주 동문시장 야시장 8번 출구 후기! 딱새우회·방어회 먹고...,https://blog.naver.com/22ing2/224301850927
513,domestic_travel,제주,감성 제대로 제주 여행 오면 밤에 꼭 가봐야,candidate,1,제주 동문시장 야시장 8번 출구 후기! 딱새우회·방어회 먹고...,https://blog.naver.com/22ing2/224301850927
514,food,성수,감성 카페 도토리오븐 내돈내산 솔직,cafe,1,성수 감성 카페 도토리오븐 내돈내산 솔직 후기,https://blog.naver.com/eunsu_exe/224301703409
515,domestic_travel,성수,감성 카페 도토리오븐 내돈내산 솔직,cafe,1,성수 감성 카페 도토리오븐 내돈내산 솔직 후기,https://blog.naver.com/eunsu_exe/224301703409
516,domestic_travel,경주,감성 카페 샬라라 동화 속 한 장면 같은 힐,cafe,1,"경주 감성 ""카페 샬라라"" 동화 속 한 장면 같은 힐링 공간",https://blog.naver.com/chacms1143/224301703821
517,domestic_travel,대전,감성까지 오카맨션키즈&애견리조트,travel_spot,1,청주에서 애들이 제일 좋아했던 곳 물놀이부터 숙소 감성까지...,https://blog.naver.com/blacksepo1/224299334224
518,domestic_travel,강릉,감성숙소 오뉴옥 느좋 한옥 스테이 침실도 두,travel_spot,1,[강릉 감성숙소] 오뉴옥: 느좋 한옥 스테이,https://blog.naver.com/osz88/224301742161
519,food,대전,감성식당,restaurant,1,"찾은 작은 도쿄, 숯불 향 가득한 인생 라멘 맛집 '키레이'",https://blog.naver.com/dnwjd960911/224301891571
520,domestic_travel,대전,감성식당,restaurant,1,"찾은 작은 도쿄, 숯불 향 가득한 인생 라멘 맛집 '키레이'",https://blog.naver.com/dnwjd960911/224301891571
521,food,수원,감성커피,cafe,1,[수원 호매실 카페] 가성비와 감성을 동시에 잡은 '감성커피...,https://blog.naver.com/tarot_sinsu/224301395361
522,food,성수,감자탕,candidate,1,[ 서울 /성수] 내돈내산 성수동의 대표 감자탕 맛집 ...,https://blog.naver.com/bbo_ah/224301677796
523,domestic_travel,부산,감천문화마을 입고가게 뜨거운청춘 naver,candidate,1,비프광장 먹거리 놀거리 VR체험관 부산 여행 가볼만한곳...,https://blog.naver.com/pjwmms1125/224301821453
524,domestic_travel,경주,감포해변,travel_spot,1,"경주 여름 여행 일기 _ 고요하고 아름다운 곳, 혼행러에게 추천 ...",https://blog.naver.com/iancolorlab/224301239006
525,food,강남,갓덴스시,candidate,1,강남역 회전초밥집 갓덴스시 강남점 캐치테이블,https://blog.naver.com/happygusday/224301835009
526,food,대전,갓포회담,candidate,1,갓포회담|대전 랍스터 디너 A코스 요리 일식 디너 내돈내산 ...,https://blog.naver.com/dmd_jm/224301897957
527,domestic_travel,대전,갓포회담,candidate,1,갓포회담|대전 랍스터 디너 A코스 요리 일식 디너 내돈내산 ...,https://blog.naver.com/dmd_jm/224301897957
528,food,성수,갔다가,candidate,1,성수 팝업 갔다가 반한 영등포 베이글 맛집 테디스베이글,https://blog.naver.com/min2xux/224301613034
529,domestic_travel,성수,갔다가,candidate,1,성수 팝업 갔다가 반한 영등포 베이글 맛집 테디스베이글,https://blog.naver.com/min2xux/224301613034
530,domestic_travel,대전,갔다가,candidate,1,제 취미는요 국내여행 갔다가 대전 들르기입니다,https://blog.naver.com/is__j/224301265176
531,food,강남,강남구청역 한우 맛집 우천식육식당,restaurant,1,[ 맛집 ] 강남구청역 한우 맛집 우천식육식당 후기|투쁠 No.9...,https://blog.naver.com/ars970207/224301752743
532,food,부산,강당골,candidate,1,천안 원성동 맛집 강당골... 부산밀면 천안밀면 맛집,https://blog.naver.com/insung_inwoo/224301944117
533,domestic_travel,부산,강릉 여수 전주 대전 등 기차로 이동하기 좋,candidate,1,코레일 열차 정상 운행 소식｜주말 기차 이용 전 꼭 확인하세요,https://blog.naver.com/boksok72/224301499969
534,domestic_travel,강릉,강릉중앙시장,travel_spot,1,강릉 맛집 강릉중앙시장 맛집 원조소문난무침회 꼬막무침 포장,https://blog.naver.com/57136/224301902737
535,domestic_travel,강릉,강릉중앙시장 맛집 원조소문난무침회 꼬막,restaurant,1,강릉 맛집 강릉중앙시장 맛집 원조소문난무침회 꼬막무침 포장,https://blog.naver.com/57136/224301902737
536,food,부산,강서구,candidate,1,부산 강서구 한식 맛집 '숨은 맛집 하이든대동',https://blog.naver.com/aldiqls/224301801344
537,food,부산,강서구 한식 맛집 숨은 맛집 하이든대동 거,restaurant,1,부산 강서구 한식 맛집 '숨은 맛집 하이든대동',https://blog.naver.com/aldiqls/224301801344
538,domestic_travel,부산,강서구호텔,travel_spot,1,"부산 김해공항 근처 호텔 추천, 신라스테이 서부산 장단점 총정리",https://blog.naver.com/goodfinds/224301792220
539,domestic_travel,제주,강원도,candidate,1,2026년 05월 6주차 강원도 제주시 세종시 축제 정보와 공연...,https://blog.naver.com/myfriendcjg/224301504653
540,domestic_travel,강릉,강원도 강릉 가볼만한 곳 BEST 5 중앙시장,travel_spot,1,강원도 강릉 가볼만한 곳 BEST 5 중앙시장 월화거리 안목해변,https://blog.naver.com/sophiachae0723/224301666386
541,food,인천,강화군 길상면 가족 여행 으로 오기 좋고 강,candidate,1,강화도맛집 금문도 강화도 특산품으로 만든 속노랑간짜장 추천...,https://blog.naver.com/forelog/224298643622
542,domestic_travel,인천,강화군 길상면 가족 여행 으로 오기 좋고 강,candidate,1,강화도맛집 금문도 강화도 특산품으로 만든 속노랑간짜장 추천...,https://blog.naver.com/forelog/224298643622
543,domestic_travel,인천,강화도,candidate,1,인천 강화도 숨은 명소 Best 5 - 케이드라이브 기사님들이...,https://blog.naver.com/kd_1577/224293625915
544,domestic_travel,인천,강화도 숨은 명소 Best 5 - 케이드라이,candidate,1,인천 강화도 숨은 명소 Best 5 - 케이드라이브 기사님들이...,https://blog.naver.com/kd_1577/224293625915
545,domestic_travel,인천,강화도로 오빠랑 데이트 다녀왔어요 강화도는,candidate,1,서울근교 강화도 당일치기 여행 마호가니 금문도 전등사까지...,https://blog.naver.com/forelog/224300659456
546,food,성수,같은,candidate,1,"서울숲 술집 찾는다면 한음, 썸 타다 1일 될 것 같은 성수동...",https://blog.naver.com/ddalki_abc/224301573035
547,domestic_travel,성수,같은,candidate,1,"서울숲 술집 찾는다면 한음, 썸 타다 1일 될 것 같은 성수동...",https://blog.naver.com/ddalki_abc/224301573035
548,food,제주,같은,candidate,1,"마치 도쿄에 온 것 같은, 제주 산지 해산물로 꾸려진 오마카세...",https://blog.naver.com/comosoyti/224301863634
549,domestic_travel,제주,같은,candidate,1,"마치 도쿄에 온 것 같은, 제주 산지 해산물로 꾸려진 오마카세...",https://blog.naver.com/comosoyti/224301863634
550,domestic_travel,가평,같은 하루를 만들고 싶다보니 가평 자라섬 꽃축제,attraction,1,가평 자라섬 꽃축제 기간 남도 꽃정원 데이트 코스 추천,https://blog.naver.com/su_yogi/224301893946
551,domestic_travel,제주,개장일,candidate,1,제주도 해수욕장 개장일 제주 이호테우 해변 추천,https://blog.naver.com/mok5022/224301727366
552,domestic_travel,제주,개화시기,candidate,1,전국 수국 개화시기 제주부터 부산까지 꽃구경 가볼만한곳,https://blog.naver.com/palmtreecafe/224301747134
553,domestic_travel,인천,갯벌체험,candidate,1,마시안 갯벌체험 인천 영종도 갯벌체험장 준비물 물때 주차,https://blog.naver.com/zoe_happy1/224298051056
554,domestic_travel,경주,거제,candidate,1,"MAY, 2026 (마산/통영/거제/경주/포항)",https://blog.naver.com/seulmizi/224301874024
555,food,부산,거제동 맛집 명성고깃집 거제아시아드직영점 후,restaurant,1,거제동 고기 맛집 찾는다면? 명성고깃집 거제아시아드직영점,https://blog.naver.com/ywon2021-/224301951890
556,food,인천,거주자라면 대중교통으로 충분히 당일치기 가능,candidate,1,2026 유기농데이 완전 정복 청계광장 파머스마켓·무료입장...,https://blog.naver.com/ssagni/224298417914
557,domestic_travel,인천,거주자라면 대중교통으로 충분히 당일치기 가능,candidate,1,2026 유기농데이 완전 정복 청계광장 파머스마켓·무료입장...,https://blog.naver.com/ssagni/224298417914
558,food,제주,건강관리 핫플 내부를 둘러보니 벽면에 방문,candidate,1,제주 효소찜질 금화효소원 제주점 부모님 모시고 다녀온 힐링...,https://blog.naver.com/mmr1804/224301889168
559,domestic_travel,제주,건강관리 핫플 내부를 둘러보니 벽면에 방문,candidate,1,제주 효소찜질 금화효소원 제주점 부모님 모시고 다녀온 힐링...,https://blog.naver.com/mmr1804/224301889168
560,food,강남,건강하게,candidate,1,강남 맛집|건강하게 먹고 싶을 때 [그린레시피] ( 내돈내산 /정보...,https://blog.naver.com/ari170701/224301886418
561,food,강남,건강하게 먹고 싶을 때 그린레시피 내돈,candidate,1,강남 맛집|건강하게 먹고 싶을 때 [그린레시피] ( 내돈내산 /정보...,https://blog.naver.com/ari170701/224301886418
562,food,제주,건빵사장입니다 오늘은 제주 김치까지 신선한 식당,restaurant,1,제주 탄산온천 인근 산방산국수 맛집 고기국수 만원 점심,https://blog.naver.com/realrevolution/224301881417
563,domestic_travel,부산,건축박람회,attraction,1,동아전람 제10회 부산 건축박람회 관람포인트 총정리!인테리어...,https://blog.naver.com/anrmusic/224301934657
564,domestic_travel,부산,건축박람회를 비롯하여 가구 인테리어 부산벡스,attraction,1,동아전람 제10회 부산 건축박람회 관람포인트 총정리!인테리어...,https://blog.naver.com/anrmusic/224301934657
565,food,종로,것 모두 충족시켜 준 내돈내산 종로3가역 맛집,restaurant,1,서울 종로3가역 맛집 내돈내산 찐추천 리코 주말 일기,https://blog.naver.com/kyunchan0425/224301937194
566,food,강남,게 느껴지는 고급스러운 솥밥 식당,restaurant,1,게 느껴지는 고급스러운 솥밥 식당 강남고속터미널 맛집 후기,https://blog.naver.com/peacedaily/224300775751
567,food,수원,게이샤커피,cafe,1,[수원 커피] 패터슨 커피: 행궁동 감성 제대로 느껴지는...,https://blog.naver.com/ssj2151/224296825797
568,food,인천,게장,candidate,1,62년 전통 알품게 삼대인천게장 간장게장 후기,https://blog.naver.com/underwter8102/224301944764
569,domestic_travel,인천,게장,candidate,1,62년 전통 알품게 삼대인천게장 간장게장 후기,https://blog.naver.com/underwter8102/224301944764
570,domestic_travel,경주,겨울,candidate,1,경주 겨울 2박3일 여행 1일차,https://blog.naver.com/choheeya_/224301938934
571,domestic_travel,부산,겨울,candidate,1,[부산 겨울 일출] 부산 겨울 해돋이 탐방 코스 안내,https://blog.naver.com/go-in/224301880782
572,domestic_travel,경주,겨울 2박3일 여행 1일차 여행 기간 25,candidate,1,경주 겨울 2박3일 여행 1일차,https://blog.naver.com/choheeya_/224301938934
573,food,대전,결국,candidate,1,"결국 대전 빵지순례 빵버스, 내돈내산 솔직 후기 공개해요!",https://blog.naver.com/review76/224300735299
574,food,강남,결기추천레스토랑,restaurant,1,[삼성동/코엑스 -오크우드 오크 레스토랑]9가지 무제한 와인과...,https://blog.naver.com/oktopblues/224300221407
575,domestic_travel,부산,결혼식 레고,candidate,1,체력을 비축하며 쉬어가는 달,https://blog.naver.com/lazzyoung/224301529862
576,food,광주,경기,candidate,1,"[경기/광주] 6월 가볼만한곳 추천, 몽글몽글 수국이 가득한...",https://blog.naver.com/noxdemo/224301548873
577,domestic_travel,광주,경기,candidate,1,"[경기/광주] 6월 가볼만한곳 추천, 몽글몽글 수국이 가득한...",https://blog.naver.com/noxdemo/224301548873
578,domestic_travel,인천,경기,candidate,1,[ 서울 /인천/경기]아이랑 갈만한 곳 : 포천 예술정원1999...,https://blog.naver.com/tnrud6536/224301470428
579,domestic_travel,경주,경기 여주 베이커리,cafe,1,경기 여주 베이커리 추천 치아바타가 맛있는 드롭베이커리...,https://blog.naver.com/kekemen84/224301774123
580,domestic_travel,부산,경기강릉,candidate,1,"혼자 가기 좋은 뚜벅이 여행 지 10곳 추천( 서울 ·경기강릉, 부산...",https://blog.naver.com/icshlove/224297092785
581,food,광주,경기도,candidate,1,당일치기 드라이브 추천 #2|경기도 광주 식당부터 카페까지,https://blog.naver.com/grow_with_me_365/224301141048
582,domestic_travel,광주,경기도 광주 가볼만한곳 화담숲 여름 수국 축제,attraction,1,[경기도 광주 가볼만한곳] 화담숲 여름 수국 축제 예매 및...,https://blog.naver.com/dee7781/224301546752
583,domestic_travel,가평,경기도수국축제,attraction,1,5/30(토)~6/28(일) 수국 전시회 서울근교 당일치기 꽃구경,https://blog.naver.com/ohdori13/224299956293
584,domestic_travel,가평,경기도축제,attraction,1,2026 자라섬 꽃 페스타 꽃축제|일정 주차 할인 꿀팁,https://blog.naver.com/nizekk/224299703527
585,food,대구,경대북문,candidate,1,{대구 경대북문 맛집 }도토리원돈까스 내돈내산 솔직후기...,https://blog.naver.com/lsov1013/224301807598
586,domestic_travel,대구,경대북문,candidate,1,{대구 경대북문 맛집 }도토리원돈까스 내돈내산 솔직후기...,https://blog.naver.com/lsov1013/224301807598
587,food,대구,경대북문 맛집 도토리원돈까스 내돈내산 솔직후,restaurant,1,{대구 경대북문 맛집 }도토리원돈까스 내돈내산 솔직후기...,https://blog.naver.com/lsov1013/224301807598
588,domestic_travel,대구,경대북문 맛집 도토리원돈까스 내돈내산 솔직후,restaurant,1,{대구 경대북문 맛집 }도토리원돈까스 내돈내산 솔직후기...,https://blog.naver.com/lsov1013/224301807598
589,food,부산,경보기 광주경보기 KIA스팅어 제주여행 서울맛집,restaurant,1,안동경보기 문경경보기 예천경보기 광주경보기 KIA스팅어...,https://blog.naver.com/minjong0816/224301903535
590,food,제주,경보기 광주경보기 KIA스팅어 제주여행 서울맛집,restaurant,1,안동경보기 문경경보기 예천경보기 광주경보기 KIA스팅어...,https://blog.naver.com/minjong0816/224301903535
591,food,대구,경보기 광주경보기 KIA스팅어 제주여행 서울맛집,restaurant,1,안동경보기 문경경보기 예천경보기 광주경보기 KIA스팅어...,https://blog.naver.com/minjong0816/224301903535
592,food,광주,경보기 광주경보기 KIA스팅어 제주여행 서울맛집,restaurant,1,안동경보기 문경경보기 예천경보기 광주경보기 KIA스팅어...,https://blog.naver.com/minjong0816/224301903535
593,domestic_travel,경주,경북축제,attraction,1,장보윤) 일정 프로그램 주차 총정리! 경주 가볼만한곳 추천,https://blog.naver.com/urcouns/224301271487
594,domestic_travel,부산,경주 세 곳 중 하나였는데 당일치기 여행 일,candidate,1,[순천 여행] 순천 가볼 만한 곳,https://blog.naver.com/baekjaeyong/224301690142
595,domestic_travel,강릉,경포 해변을 자주감 KTX를 타고 1박하기,travel_spot,1,경제 기자 에피소드 #25,https://blog.naver.com/hazedew/224301751791
596,domestic_travel,강릉,경포대 바다가,restaurant,1,"6월 국내여행지 추천 가성비 Top 5, 돈 적게 쓰고 알차게 노는...",https://blog.naver.com/all_about_24/224301930106
597,domestic_travel,강릉,경포생태저류지,candidate,1,강릉 경포생태저류지 산책 후기｜오죽헌 전통뱃놀이 무료체험...,https://blog.naver.com/asy9506/224301863390
598,domestic_travel,강릉,경포생태저류지 산책,candidate,1,강릉 경포생태저류지 산책 후기｜오죽헌 전통뱃놀이 무료체험...,https://blog.naver.com/asy9506/224301863390
599,domestic_travel,강릉,경포해변,travel_spot,1,[강릉 여행 ]경포대 일출 명소 명당 추천,https://blog.naver.com/guudle/224301399888
600,food,종로,계림,candidate,1,충무로 맛집 종로 계림 닭도리탕 알싸한 마늘맛에 중독되는 후기,https://blog.naver.com/ddubidubib_life/224301959315
601,food,종로,계림 닭도리탕 알싸한 마늘맛에 중독되는,candidate,1,충무로 맛집 종로 계림 닭도리탕 알싸한 마늘맛에 중독되는 후기,https://blog.naver.com/ddubidubib_life/224301959315
602,food,인천,계양,candidate,1,인천 계양 분위기 자연뷰 맛집 카페 오디와이 커피,https://blog.naver.com/ghuns-/224301797756
603,food,인천,계양 분위기 자연뷰 맛집 카페 오디와이 커피,cafe,1,인천 계양 분위기 자연뷰 맛집 카페 오디와이 커피,https://blog.naver.com/ghuns-/224301797756
604,domestic_travel,인천,계양 분위기 자연뷰 맛집 카페 오디와이 커피,cafe,1,인천 계양 분위기 자연뷰 맛집 카페 오디와이 커피,https://blog.naver.com/ghuns-/224301797756
605,domestic_travel,인천,계양 신혼여행 효과적인 실행 방법 당일치기,candidate,1,"인천 계양 신혼여행, 효과적인 실행 방법",https://blog.naver.com/bhsisvz447339_fg/224301392764
606,food,인천,계양산,candidate,1,[인천 계양산 맛집 ] 함금옥통큰손쭈꾸미마을 불향 가득 내돈내산,https://blog.naver.com/coco240217/224301915881
607,food,인천,계양산 맛집 함금옥통큰손쭈꾸미마을 불향 가득,restaurant,1,[인천 계양산 맛집 ] 함금옥통큰손쭈꾸미마을 불향 가득 내돈내산,https://blog.naver.com/coco240217/224301915881
608,food,대구,계원닭집,candidate,1,울산삼산 손정보쌈 계원닭집 대구 카페 히어히어 프렌즈홈...,https://blog.naver.com/nodaji__1/224301834879
609,domestic_travel,대구,계원닭집,candidate,1,울산삼산 손정보쌈 계원닭집 대구 카페 히어히어 프렌즈홈...,https://blog.naver.com/nodaji__1/224301834879
610,food,광주,계정에 많이 올라오길래 궁금했던 다이닝,restaurant,1,광주 상무지구 뷔페 다이닝원 주말 내돈내산 솔직후기,https://blog.naver.com/didue_/224301810519
611,domestic_travel,대전,계족산 황톳길 처음 맨발,candidate,1,"주말 에 가기 좋은 맨발 걷기 여행 지 3곳, 황톳길은 여기부터...",https://blog.naver.com/gigipa1030/224300586951
612,food,수원,계화정 계화정 식당,restaurant,1,"인계동 맛집 주말 점심 , 맛있게 매콤한 수원닭갈비 식당 계화정",https://blog.naver.com/open_yourdoor/224301920514
613,domestic_travel,부산,계획에서 첫번째 가야할 곳,candidate,1,체력을 비축하며 쉬어가는 달,https://blog.naver.com/lazzyoung/224301529862
614,food,제주,계획은 공항에서 전복죽을 먹고 가는것 4층 식당,restaurant,1,김포 제주 항공권 제주항공 왕복 탑승 후기,https://blog.naver.com/parksang118/224301845034
615,food,부산,고1딸과,candidate,1,5월 주말여행 고1딸과 부산서면 굿즈샵 맛집투어 애니매이트...,https://blog.naver.com/corona1022/224301114759
616,domestic_travel,부산,고1딸과,candidate,1,5월 주말여행 고1딸과 부산서면 굿즈샵 맛집투어 애니매이트...,https://blog.naver.com/corona1022/224301114759
617,domestic_travel,가평,고고다이노,candidate,1,서울근교 여행 가평 고고다이노 키즈호텔 특가 예약(테마룸...,https://blog.naver.com/shy0917cjh/224300583214
618,food,강남,고기가득덮밥,restaurant,1,점심 밥집 고기가득덮밥 강남구청역점 강남 혼밥 애견동반 맛집,https://blog.naver.com/azzossi_/224301787233
619,food,제주,고기국수가 맛있는 동진고기국수 동문시장,restaurant,1,제주동문시장 맛집 고기국수가 맛있는 동진고기국수 동문시장...,https://blog.naver.com/hxunkxng/224301882106
620,domestic_travel,제주,고기국수가 맛있는 동진고기국수 동문시장,restaurant,1,제주동문시장 맛집 고기국수가 맛있는 동진고기국수 동문시장...,https://blog.naver.com/hxunkxng/224301882106
621,food,강남,고기꾼김춘배,restaurant,1,강남역 맛집 고기꾼김춘배 강남점 강남역 고기 맛집,https://blog.naver.com/vladyblood/224301949027
622,food,제주,고기를,restaurant,1,[담라 둔산본점] 대전 냉면과 제주 고기를 함께 즐길 수 있는...,https://blog.naver.com/gorilla0316/224301927704
623,food,제주,고기를 함께 즐길 수 있는 이런 분들께,restaurant,1,[담라 둔산본점] 대전 냉면과 제주 고기를 함께 즐길 수 있는...,https://blog.naver.com/gorilla0316/224301927704
624,domestic_travel,강릉,고기집,restaurant,1,[강릉 맛집 ] 강릉이정태수제갈... 터지는 현지인 추천 강릉 고기집,https://blog.naver.com/wntjddml1/224300312135
625,food,종로,고기집,restaurant,1,[백제정육점] 강민경 차돌박이 육회쌈 종로 고기집 웨이팅 후기...,https://blog.naver.com/yminang/224301761365
626,food,대구,고기집을 찾는다면 대봉교역 근처에 위치한 우,restaurant,1,"레시피를 완성시켜준 대구 수성구 신선 정육점 추천 , 우담정육점",https://blog.naver.com/drawingirls/224301818663
627,domestic_travel,대구,고기집을 찾는다면 대봉교역 근처에 위치한 우,restaurant,1,"레시피를 완성시켜준 대구 수성구 신선 정육점 추천 , 우담정육점",https://blog.naver.com/drawingirls/224301818663
628,domestic_travel,부산,고래사어묵,candidate,1,부산 고래사어묵 해운대 여행 선물 야식 추천,https://blog.naver.com/lsh3172/224301881775
629,domestic_travel,강릉,고래책방,candidate,1,강릉 여행 #12｜강릉 고래책방 북카페와 기념품샵 여행 의...,https://blog.naver.com/green_tea-/224301510436
630,domestic_travel,강릉,고래책방 북카페와 기념품샵 여행 의 강릉책방,cafe,1,강릉 여행 #12｜강릉 고래책방 북카페와 기념품샵 여행 의...,https://blog.naver.com/green_tea-/224301510436
631,food,대전,고메스퀘어,candidate,1,고메스퀘어 대전둔산직영점에서 남편하고 맛나게 먹었어요,https://blog.naver.com/yyyssk1/224301893711
632,food,제주,고민된다면,candidate,1,주말여행 어디갈지 고민된다면? 제주 서귀포 바다뷰에서 끝내는...,https://blog.naver.com/youngvin7205/224300690288
633,domestic_travel,제주,고민된다면,candidate,1,주말여행 어디갈지 고민된다면? 제주 서귀포 바다뷰에서 끝내는...,https://blog.naver.com/youngvin7205/224300690288
634,domestic_travel,강릉,고민하다 고른 강릉 탑스텐 호텔,travel_spot,1,강릉 탑스텐 호텔 솔직후기,https://blog.naver.com/chj28266/224301828127
635,domestic_travel,부산,고속버스 타고 국내여행 시간표 인천 고속버스,candidate,1,인천 종합터미널 고속버스 시간표 요금 정보확인,https://bluebeat.tistory.com/317
636,domestic_travel,부산,고속버스터미널,candidate,1,부산 고속버스터미널 시간표 정보안내 하기,https://bluebeat.tistory.com/350
637,food,인천,고수찜닭,candidate,1,"인하대 맛집 , 인천 고수찜닭 본점 내돈내산 후기",https://blog.naver.com/tech_n_economy/224301831222
638,domestic_travel,강릉,고씨네,candidate,1,"강릉 고씨네 동해막국수 본점! 강문해변 맛집 , 아기도 애견...",https://blog.naver.com/nanine0516/224301566405
639,domestic_travel,강릉,고씨네 동해막국수 본점 강문해변,travel_spot,1,"강릉 고씨네 동해막국수 본점! 강문해변 맛집 , 아기도 애견...",https://blog.naver.com/nanine0516/224301566405
640,domestic_travel,강릉,고씨네 동해막국수 본점 강문해변 맛집 아기도,restaurant,1,"강릉 고씨네 동해막국수 본점! 강문해변 맛집 , 아기도 애견...",https://blog.naver.com/nanine0516/224301566405
641,food,종로,고씨네동해막국수,candidate,1,인사동 한옥 맛집 추천 고씨네동해막국수 종로직영점 주말...,https://blog.naver.com/ehdqjd0913/224301777280
642,domestic_travel,강릉,고씨네동해막국수,candidate,1,"강릉 고씨네 동해막국수 본점! 강문해변 맛집 , 아기도 애견...",https://blog.naver.com/nanine0516/224301566405
643,food,대구,고창 고인돌박물관,attraction,1,"전남 고창 여행 1 - 고창고인돌박물관, 석정온천, 고창 황윤석...",https://blog.naver.com/kwanieun_/224301466346
644,domestic_travel,대구,고창 고인돌박물관,attraction,1,"전남 고창 여행 1 - 고창고인돌박물관, 석정온천, 고창 황윤석...",https://blog.naver.com/kwanieun_/224301466346
645,domestic_travel,제주,고흥에서,candidate,1,애견동반 온수풀 고흥 숙소 전라도 여행 고흥에서 제주 가기,https://blog.naver.com/paisha/224301858054
646,domestic_travel,광주,곤지암리조트,travel_spot,1,[경기도 광주 가볼만한곳] 화담숲 여름 수국 축제 예매 및...,https://blog.naver.com/dee7781/224301546752
647,food,종로,골뱅이 삼겹살 맛집 을 소개하려고 합니다 진,restaurant,1,[종로/을지로 맛집 ] 세운상가 노포 야장 진영이네 골뱅이 삼겹살,https://blog.naver.com/ekwjddl27/224301509839
648,domestic_travel,부산,골프,candidate,1,"페기 구 콘서트까지, 리브 골프 부산 2026 즐기는 법 총정리",https://blog.naver.com/woogoon_/224301944890
649,food,대전,골프스튜디오,candidate,1,대전골프레슨 고민이라면 디엘크 골프라운지 추천,https://blog.naver.com/dimil00/224301941687
650,food,강남,곰커피로스터스,cafe,1,‘커피볶는곰’|롯데백화점강남 근처 원두 맛집 추천,https://blog.naver.com/dailyarchivelab/224301846672
651,food,인천,곳곳에서 오는 친구들 만날 때 보통 사당이나,candidate,1,[신도림] 가브리살 수육 맛집 숙육집,https://blog.naver.com/songvivian/224300641285
652,domestic_travel,강릉,곳도 볼 것도 많은 곳입니다 꼭 전시,attraction,1,"6월 강릉 전시회, 행사, 데이트코스 추천",https://blog.naver.com/bmw-mini_haslla/224301844414
653,food,성수,공격적 유치 과거에는 SNS에서 화제가 된 맛집,restaurant,1,청년층 방문이 증가한 대전 신세계백화점 무슨 일이죠,https://blog.naver.com/police1965/224301856077
654,food,대전,공격적 유치 과거에는 SNS에서 화제가 된 맛집,restaurant,1,청년층 방문이 증가한 대전 신세계백화점 무슨 일이죠,https://blog.naver.com/police1965/224301856077
655,domestic_travel,성수,공격적 유치 과거에는 SNS에서 화제가 된 맛집,restaurant,1,청년층 방문이 증가한 대전 신세계백화점 무슨 일이죠,https://blog.naver.com/police1965/224301856077
656,domestic_travel,대전,공격적 유치 과거에는 SNS에서 화제가 된 맛집,restaurant,1,청년층 방문이 증가한 대전 신세계백화점 무슨 일이죠,https://blog.naver.com/police1965/224301856077
657,food,종로,공공재커피,cafe,1,"안국역 카페 추천, 공공재 커피 클럽 내돈내산 후기｜북촌 감성...",https://blog.naver.com/bbangyi_/224301781479
658,domestic_travel,강릉,공장 방문 강릉 중앙시장,travel_spot,1,2026 강릉단오제 완벽 가이드|풀리니 단오다·프로그램·맛집...,https://blog.naver.com/tvstars23/224301596449
659,food,대전,공주,candidate,1,"1박2일 3도시 여행 (in 공주, 대전, 세종)",https://blog.naver.com/uneye333/224295293907
660,domestic_travel,제주,공항,candidate,1,[제주 제주공항 고사리 육개장] 제주 맛집 <우진해장국> /공항...,https://blog.naver.com/y_soo__o/224301446964
661,food,제주,공항 근처 맛집 진한 국물이 일품인 신제주,restaurant,1,"제주 공항 근처 맛집 , 진한 국물이 일품인 신제주 보말칼국수...",https://blog.naver.com/kongkong_log/224301743920
662,food,제주,공항 근처 아침식사 맛집 카페 아이랑 가족여,cafe,1,6월 제주 공항 근처 아침식사 맛집 카페 아이랑 가족여행...,https://blog.naver.com/holocelina/224301922269
663,food,제주,공항 근처 현지인 맛집 산방식당,restaurant,1,제주 공항 근처 현지인 맛집 산방식당 도청직영점 메뉴 내돈내산,https://blog.naver.com/song0110/224301928662
664,food,제주,공항 근처 현지인 맛집 산방식당 도청직영점,restaurant,1,제주 공항 근처 현지인 맛집 산방식당 도청직영점 메뉴 내돈내산,https://blog.naver.com/song0110/224301928662
665,food,제주,공항 근처 현지인 맛집 산방식당 도청직영점에,restaurant,1,제주 공항 근처 현지인 맛집 산방식당 도청직영점 메뉴 내돈내산,https://blog.naver.com/song0110/224301928662
666,food,제주,공항 근처에,candidate,1,[제주 제주공항 고사리 육개장] 제주 맛집 <우진해장국> /공항...,https://blog.naver.com/y_soo__o/224301446964
667,domestic_travel,제주,공항 근처에,candidate,1,[제주 제주공항 고사리 육개장] 제주 맛집 <우진해장국> /공항...,https://blog.naver.com/y_soo__o/224301446964
668,food,제주,공항 밥집을 찾는 분들이라면 접근성도 좋아,candidate,1,"제주 공항 밥집 추천, 오쿠다에서 든든한 솥밥 한 끼",https://blog.naver.com/hi_sseung/224301957916
669,food,제주,공항근처 온유베이커리,cafe,1,제주공항근처 온유베이커리 우유크림도넛 노티드보다 더...,https://blog.naver.com/momopia/224301936659
670,food,광주,과 이동 시간을 줄이기 좋음 가족 여행 연화식당,restaurant,1,"전현무계획 광주 육전 맛집 연화식당, 방문 전 꼭 볼 메뉴·위치...",https://blog.naver.com/flemznls1/224301561961
671,domestic_travel,광주,과 이동 시간을 줄이기 좋음 가족 여행 연화식당,restaurant,1,"전현무계획 광주 육전 맛집 연화식당, 방문 전 꼭 볼 메뉴·위치...",https://blog.naver.com/flemznls1/224301561961
672,domestic_travel,경주,과자공방,candidate,1,경주 서부동 빵집 이재원 과자공방|경주 케이크 가성비 솔직...,https://blog.naver.com/hmj448/224301783472
673,domestic_travel,대구,과학마술콘서트,candidate,1,"대구 과학마술콘서트, 아이와 특별한 주말을 보내고 싶다면",https://blog.naver.com/denny1020/224301922788
674,domestic_travel,대구,과학마술콘서트 아이와 특별한 주말을 보내고,candidate,1,"대구 과학마술콘서트, 아이와 특별한 주말을 보내고 싶다면",https://blog.naver.com/denny1020/224301922788
675,food,제주,관광지를 무료로,candidate,1,"제주도 가볼만한 곳 제주도 만장굴 2년 반만에 재개장, 무료...",https://blog.naver.com/meang_ddori/224301777511
676,domestic_travel,가평,관광지를 함께 둘러보기 좋은 위치라 주말여행,candidate,1,가평 라벨르 스파 펜션 이용후기｜북한강 근처 감성 숙소,https://blog.naver.com/purier28/224301466660
677,food,수원,광교 경양식 맛집 이집트경양식 위치,restaurant,1,이집트경양식 광교점 - 분위기 좋고 맛있는 광교 경양식 맛집,https://blog.naver.com/namsu0615/224301956306
678,food,수원,광교 경양식 맛집 이집트경양식 클립,restaurant,1,이집트경양식 광교점 - 분위기 좋고 맛있는 광교 경양식 맛집,https://blog.naver.com/namsu0615/224301956306
679,food,수원,광교갤러리,attraction,1,수원 광교갤러리아백화점디저트 백미당 갤러리아백화점 광교점...,https://blog.naver.com/rewqwtt/224301958664
680,food,수원,광교갤러리아백화점디저트,attraction,1,수원 광교갤러리아백화점디저트 백미당 갤러리아백화점 광교점...,https://blog.naver.com/rewqwtt/224301958664
681,food,수원,광교갤러리아백화점디저트 백미당 갤러리,attraction,1,수원 광교갤러리아백화점디저트 백미당 갤러리아백화점 광교점...,https://blog.naver.com/rewqwtt/224301958664
682,food,수원,광교갤러리아백화점디저트 백미당 갤러리아백화점,attraction,1,수원 광교갤러리아백화점디저트 백미당 갤러리아백화점 광교점...,https://blog.naver.com/rewqwtt/224301958664
683,food,수원,광교중앙역,candidate,1,[수원] 광교중앙역 아브뉴프랑 냉동삼겹살 맛집 잠수교집,https://blog.naver.com/nolja8657/224301916267
684,food,수원,광교중앙역 아브뉴프랑 냉동삼겹살 맛집 잠수교,restaurant,1,[수원] 광교중앙역 아브뉴프랑 냉동삼겹살 맛집 잠수교집,https://blog.naver.com/nolja8657/224301916267
685,food,광주,광산구,candidate,1,광주 광산구 가볼만한곳 베스트 10! 황룡강 장록습지부터...,https://blog.naver.com/choborandy/224301243086
686,domestic_travel,광주,광산구,candidate,1,광주 광산구 가볼만한곳 베스트 10! 황룡강 장록습지부터...,https://blog.naver.com/choborandy/224301243086
687,food,광주,광산구 가볼만한곳 베스트 10 황룡강 장록습,candidate,1,광주 광산구 가볼만한곳 베스트 10! 황룡강 장록습지부터...,https://blog.naver.com/choborandy/224301243086
688,domestic_travel,광주,광산구 가볼만한곳 베스트 10 황룡강 장록습,candidate,1,광주 광산구 가볼만한곳 베스트 10! 황룡강 장록습지부터...,https://blog.naver.com/choborandy/224301243086
689,food,광주,광산구 송정로8번길 2 월요일,candidate,1,광주 송정역 근처 빵집 썬베이커리 착한 가게 방문 후기,https://blog.naver.com/wlsud3626/224301896898
690,domestic_travel,광주,광산구 송정로8번길 2 월요일,candidate,1,광주 송정역 근처 빵집 썬베이커리 착한 가게 방문 후기,https://blog.naver.com/wlsud3626/224301896898
691,domestic_travel,부산,광안리 가볼만한곳 놀거리 어방축제,attraction,1,부산 광안리 가볼만한곳 놀거리 어방축제 포장마차 포차거리,https://blog.naver.com/imsogroovy/224301880222
692,domestic_travel,부산,광안리 가볼만한곳 놀거리 어방축제 포장마차,attraction,1,부산 광안리 가볼만한곳 놀거리 어방축제 포장마차 포차거리,https://blog.naver.com/imsogroovy/224301880222
693,food,부산,광안리 다리집 유명한 떡볶이는 먹어줘야 제,candidate,1,부산 광안리 다리집 유명한 떡볶이는 먹어줘야 제 맛,https://blog.naver.com/happy_dory_/224301906457
694,food,부산,광안리 맛집 해장성지 아침식사 가능한 로컬,restaurant,1,부산 광안리 맛집 ! 해장성지 아침식사 가능한 로컬 밥집...,https://blog.naver.com/busanminae/224301859222
695,domestic_travel,부산,광안리 바다가 가장 대전,restaurant,1,6/12~14 제24회 광안리어방축제 — 부산 광안리 바다가 가장...,https://blog.naver.com/jiji090/224301769221
696,food,부산,광안리 베이커리,cafe,1,[ 광안리 베이커리 1티어 / 내돈내산 솔직후기 / 실타례...,https://blog.naver.com/byseouni/224301836398
697,domestic_travel,부산,광안리 베이커리,cafe,1,[ 광안리 베이커리 1티어 / 내돈내산 솔직후기 / 실타례...,https://blog.naver.com/byseouni/224301836398
698,food,부산,광안리 부산 당일치기 여행,candidate,1,[부산 광안리] 부산 당일치기 여행✨,https://blog.naver.com/yjo4429/224301663679
699,domestic_travel,부산,광안리 부산 당일치기 여행,candidate,1,[부산 광안리] 부산 당일치기 여행✨,https://blog.naver.com/yjo4429/224301663679
700,food,부산,광안리 점심 핫플 페이센동 03 깔끔한 내부,candidate,1,부산 광안리 점심 해수욕장 근처 페이센동 광안리점,https://blog.naver.com/kkg5562/224301717091
701,food,부산,광안리 점심 해수욕장 근처 페이센동 광안리점,candidate,1,부산 광안리 점심 해수욕장 근처 페이센동 광안리점,https://blog.naver.com/kkg5562/224301717091
702,domestic_travel,부산,광안리 해변,travel_spot,1,위드요트 부산 광안리 해변출발 해운대 더베이101 야경 폭죽...,https://blog.naver.com/tricolour210/224301902442
703,food,부산,광안리어방축제,attraction,1,"2026 광안리 어방축제 : 일정,프로그램,어방포차 메뉴 및 주차...",https://blog.naver.com/moondrift/224301904724
704,food,부산,광안리오션뷰호텔,travel_spot,1,켄트호텔이 말아주는 26년 광안리 어방축제 정보,https://blog.naver.com/kenthotel_busan/224301826364
705,domestic_travel,부산,광안리오션뷰호텔,travel_spot,1,켄트호텔이 말아주는 26년 광안리 어방축제 정보,https://blog.naver.com/kenthotel_busan/224301826364
706,food,부산,광안리호텔,travel_spot,1,켄트호텔이 말아주는 26년 광안리 어방축제 정보,https://blog.naver.com/kenthotel_busan/224301826364
707,domestic_travel,부산,광안리호텔,travel_spot,1,켄트호텔이 말아주는 26년 광안리 어방축제 정보,https://blog.naver.com/kenthotel_busan/224301826364
708,domestic_travel,대구,광주 목포 버스터미널 인천 부산 고속버스 타,candidate,1,부산 고속버스터미널 시간표 정보안내 하기,https://bluebeat.tistory.com/350
709,domestic_travel,가평,광주정육식당,restaurant,1,정육점 WM 축산물센터 원미트 한우 특수부위 바베큐 여행 후기,https://blog.naver.com/somsatanggod/224299533091
710,food,대전,광천식당,restaurant,1,두쫀쿠는 스테디라고 믿는 사람의 5월 일상,https://blog.naver.com/jaeng2j/224301831537
711,food,종로,광화문 고깃집 화덕구이 가성비 맛집 광화로,restaurant,1,서울 종로 광화문 고깃집 화덕구이 가성비 맛집 광화로,https://blog.naver.com/yskimn/224300931577
712,food,종로,광화문 트러플짜장면이 유명한 중식 맛집 무탄,restaurant,1,서울 종로 광화문 트러플짜장면이 유명한 중식 맛집 [무탄],https://blog.naver.com/khn5171/224301027996
713,food,부산,괘법동맘카페 사상역중식당,cafe,1,"""부산맛집"" ""사상엉클 ""부산사상역"" ""사상술집""",https://blog.naver.com/uncle_chinese_1/224301960571
714,domestic_travel,부산,괘법동맘카페 사상역중식당,cafe,1,"""부산맛집"" ""사상엉클 ""부산사상역"" ""사상술집""",https://blog.naver.com/uncle_chinese_1/224301960571
715,food,대전,괴정동,candidate,1,[대전 맛집 ] 괴정동 정도... 방문한 내돈내산 후기 (오마카세 전체...,https://blog.naver.com/gyuljjing/224301789598
716,domestic_travel,대전,괴정동,candidate,1,[대전 맛집 ] 괴정동 정도... 방문한 내돈내산 후기 (오마카세 전체...,https://blog.naver.com/gyuljjing/224301789598
717,food,대구,교동 남포,candidate,1,대구 조개구이 맛집 교동에서 즐긴 남포 해산물과 건어물타워...,https://blog.naver.com/liooil7777/224301602165
718,domestic_travel,대구,교동 남포,candidate,1,대구 조개구이 맛집 교동에서 즐긴 남포 해산물과 건어물타워...,https://blog.naver.com/liooil7777/224301602165
719,food,대구,교동 맛집 대구 교동 조개구이 맛집 남포 교,restaurant,1,[대구 교동 맛집 ] 대구 교동 조개구이 맛집 남포 교동 핫플,https://blog.naver.com/cleanm1914/224301897890
720,domestic_travel,대구,교동 맛집 대구 교동 조개구이 맛집 남포 교,restaurant,1,[대구 교동 맛집 ] 대구 교동 조개구이 맛집 남포 교동 핫플,https://blog.naver.com/cleanm1914/224301897890
721,food,대구,교동 맛집 한빠 한식에 빠진 대구 시청 점심,restaurant,1,대구 교동 맛집 한빠 한식에 빠진 대구 시청 점심 맛집 추천,https://blog.naver.com/jiny_iwish/224301608309
722,domestic_travel,대구,교동 맛집 한빠 한식에 빠진 대구 시청 점심,restaurant,1,대구 교동 맛집 한빠 한식에 빠진 대구 시청 점심 맛집 추천,https://blog.naver.com/jiny_iwish/224301608309
723,food,대구,교동 백룸 라운지 교동칵테일바 교동라운지 힙,restaurant,1,[대구 교동 백룸 라운지] 교동칵테일바 교동라운지 힙한술집,https://blog.naver.com/sua__zip/224301618843
724,food,대구,교동 술집 교동 조개구이,restaurant,1,대구 교동 술집 교동 조개구이 <남포> 후기,https://blog.naver.com/yoobin1218_/224301939458
725,domestic_travel,대구,교동 술집 교동 조개구이,restaurant,1,대구 교동 술집 교동 조개구이 <남포> 후기,https://blog.naver.com/yoobin1218_/224301939458
726,food,대구,교동 술집 등대 안녕하세요 맛있는 사진 찍기,restaurant,1,대구 중구) 등대 [ 문어숙회삼합 ] 해산물 전문 대구 교동 맛집 ...,https://blog.naver.com/m__moooon/224301950523
727,domestic_travel,강릉,교동대게,candidate,1,강릉 중앙시장 맛집 교동대게 강릉 로컬 맛집,https://blog.naver.com/lovejsh85/224301939788
728,domestic_travel,부산,교통,candidate,1,인스파이어 아레나 교통 부산 당일치기 4가지 대안,https://blog.naver.com/freelife_dip/224301682948
729,food,부산,구서동돼지국밥,candidate,1,부산 구서동돼지국밥 맛집 금정구청 앞 부곡동 밥집...,https://blog.naver.com/bambamcsm/224301812737
730,food,부산,구서동돼지국밥 맛집 금정구청 앞 부곡동 밥집,restaurant,1,부산 구서동돼지국밥 맛집 금정구청 앞 부곡동 밥집...,https://blog.naver.com/bambamcsm/224301812737
731,food,인천,구송도,candidate,1,인천 구송도 맛집 부모님 생각나는 보양식 돌솥해물누룽지탕,https://blog.naver.com/eve0032/224301904694
732,food,인천,구송도 맛집 부모님 생각나는 보양식 돌솥해물,restaurant,1,인천 구송도 맛집 부모님 생각나는 보양식 돌솥해물누룽지탕,https://blog.naver.com/eve0032/224301904694
733,food,인천,구송도 맛집 송도돌솥해물누룽지탕 점심 을 드,restaurant,1,인천 구송도 맛집 부모님 생각나는 보양식 돌솥해물누룽지탕,https://blog.naver.com/eve0032/224301904694
734,food,강남,구워주는,candidate,1,역삼동 맛집 고기집 라비옥 강남 구워주는 고깃집 LA갈비 전문점,https://blog.naver.com/sunone018/224301904082
735,food,강남,구워주는 고깃집 LA갈비 전문점 라비옥 역삼,candidate,1,역삼동 맛집 고기집 라비옥 강남 구워주는 고깃집 LA갈비 전문점,https://blog.naver.com/sunone018/224301904082
736,food,인천,구월동,candidate,1,#인천 구월동 설렁탕 맛집 설농가,https://blog.naver.com/pedagogic/224301785702
737,domestic_travel,인천,구월동,candidate,1,#인천 구월동 설렁탕 맛집 설농가,https://blog.naver.com/pedagogic/224301785702
738,food,인천,구월동 샤브샤브 청첩장 모임 식당,restaurant,1,"구월동 샤브샤브, 청첩장 모임 식당으로 제격인 곳 다녀왔어요!",https://blog.naver.com/bwd22/224281065275
739,domestic_travel,인천,구월동 샤브샤브 청첩장 모임 식당,restaurant,1,"구월동 샤브샤브, 청첩장 모임 식당으로 제격인 곳 다녀왔어요!",https://blog.naver.com/bwd22/224281065275
740,food,인천,구월동 설렁탕 맛집 설농가 내돈내산 솔직 후,restaurant,1,#인천 구월동 설렁탕 맛집 설농가,https://blog.naver.com/pedagogic/224301785702
741,domestic_travel,인천,구월동 설렁탕 맛집 설농가 내돈내산 솔직 후,restaurant,1,#인천 구월동 설렁탕 맛집 설농가,https://blog.naver.com/pedagogic/224301785702
742,food,인천,구월동에 위치해 있어 접근성이 좋습니다 주변,candidate,1,센트럴왁싱 구월동점 구월동브라질리언왁싱...,https://blog.naver.com/hapyung96/224301924407
743,food,대구,구지점 I 낙동강 뷰 단호박케이크 맛집,restaurant,1,구지점 I 낙동강 뷰 단호박케이크 맛집 I 대구근교드라이브,https://blog.naver.com/moleveve/224301825678
744,domestic_travel,대구,구지점 I 낙동강 뷰 단호박케이크 맛집,restaurant,1,구지점 I 낙동강 뷰 단호박케이크 맛집 I 대구근교드라이브,https://blog.naver.com/moleveve/224301825678
745,food,강남,구청역점,candidate,1,점심 밥집 고기가득덮밥 강남구청역점 강남 혼밥 애견동반 맛집,https://blog.naver.com/azzossi_/224301787233
746,food,강남,구황작물빵,candidate,1,송도 맛집 /송도훠궈/구황작물빵/강남면옥 갈비찜/키캡인형뽑기...,https://blog.naver.com/oycd1328/224301743352
747,food,광주,국가 AI 데이터센터와 팩토리X 서울 자체,candidate,1,[시장정리] 2026년 5월29일 오늘의 급등주는?,https://blog.naver.com/seanhong99/224301524055
748,domestic_travel,광주,국가 AI 데이터센터와 팩토리X 서울 자체,candidate,1,[시장정리] 2026년 5월29일 오늘의 급등주는?,https://blog.naver.com/seanhong99/224301524055
749,domestic_travel,성수,국내 리조트,travel_spot,1,인천 송도 인스파이어 리조트 프로모션 빅 특가 스플래시 베이...,https://blog.naver.com/rud_gml/224301267430
750,domestic_travel,인천,국내 리조트,travel_spot,1,인천 송도 인스파이어 리조트 프로모션 빅 특가 스플래시 베이...,https://blog.naver.com/rud_gml/224301267430
751,domestic_travel,부산,국내 유일 고래 전문 박물관,attraction,1,2026 장생포 수국 페스티벌 완벽 정리|일정·무료입장...,https://blog.naver.com/haehyun_525/224301615170
752,domestic_travel,제주,국내꽃축제,attraction,1,굳이 멀리 안 가도 된다… 6월 초여름 국내 꽃길 여행 지 BEST5,https://blog.naver.com/grt0809/224300642999
753,food,부산,국내신흥여행지,candidate,1,국내신흥여행지 부산가볼만한곳 동래온천 온천장을 아시나요?,https://blog.naver.com/bintorynim/224301819331
754,domestic_travel,부산,국내신흥여행지,candidate,1,국내신흥여행지 부산가볼만한곳 동래온천 온천장을 아시나요?,https://blog.naver.com/bintorynim/224301819331
755,food,인천,국내호텔,travel_spot,1,"[인천 영종도] 최고의 호캉스, 아이들과 가도 좋을 인천...",https://blog.naver.com/godjw486/224301703422
756,domestic_travel,인천,국내호텔,travel_spot,1,"[인천 영종도] 최고의 호캉스, 아이들과 가도 좋을 인천...",https://blog.naver.com/godjw486/224301703422
757,domestic_travel,경주,국립경주박물관,attraction,1,"경주 여름 여행 일기 _ 고요하고 아름다운 곳, 혼행러에게 추천 ...",https://blog.naver.com/iancolorlab/224301239006
758,food,인천,국립세계문자박물관,attraction,1,아이와 인천 여행 3시간 코스|송도 국립세계문자박물관...,https://blog.naver.com/bepresentdaily/224296080741
759,domestic_travel,인천,국립세계문자박물관,attraction,1,아이와 인천 여행 3시간 코스|송도 국립세계문자박물관...,https://blog.naver.com/bepresentdaily/224296080741
760,food,인천,국립인천해양박물관,attraction,1,"광명-인천(월미도, 차이나타운, 송도)여행",https://blog.naver.com/realbonny83/224301923669
761,domestic_travel,대전,국립중앙과학관 구경 후 대청호 장미축제가 오,attraction,1,대청호 장미축제는 지금 장미꽃들이 만개 중♡,https://blog.naver.com/angel79satan/224301819560
762,food,종로,국립현대미술관,attraction,1,"미술관 전시 감상 후 삼청동을 거닐다 찾은 맛집 , 삼청동 수제비",https://blog.naver.com/designerkim/224300480858
763,food,대구,국물의,candidate,1,남천동 맛집 남천명가 깊고 시원한 국물의 대구탕 전문점...,https://blog.naver.com/s6215565/224301882165
764,food,대구,국수 다녀와봄 요즘 인스타에 엄청 뜨는 서문시장,travel_spot,1,대구 서문시장 블루리본 합천할매손칼국수 다녀와봄,https://blog.naver.com/enjoy_it_/224301948086
765,domestic_travel,대구,국수 다녀와봄 요즘 인스타에 엄청 뜨는 서문시장,travel_spot,1,대구 서문시장 블루리본 합천할매손칼국수 다녀와봄,https://blog.naver.com/enjoy_it_/224301948086
766,food,대구,군위,candidate,1,경북 군위 대구 근교 가족 나들이 스틸301 카페 & 플레이파크...,https://blog.naver.com/azxc12122/224301884390
767,domestic_travel,대구,군위,candidate,1,경북 군위 대구 근교 가족 나들이 스틸301 카페 & 플레이파크...,https://blog.naver.com/azxc12122/224301884390
768,food,인천,군자&잠실,candidate,1,[ 서울 군자&잠실/인천 송도&강화도/충남 서산 맛집 ] 5주 동안...,https://blog.naver.com/eunjji-/224301207898
769,domestic_travel,인천,군자&잠실,candidate,1,[ 서울 군자&잠실/인천 송도&강화도/충남 서산 맛집 ] 5주 동안...,https://blog.naver.com/eunjji-/224301207898
770,domestic_travel,경주,귀가 당일치기 라면 감포의 간판 없는,candidate,1,전현무계획 시즌3 11회 경주 맛집,https://blog.naver.com/letsfindout_hub/224299626301
771,domestic_travel,부산,그냥 오랜만에 당일치기 여행 스타트,candidate,1,26년 5월 일상 (feat. 홍콩&마카오 여행 / 애견 동반 제주도 여행...,https://blog.naver.com/rlatmddust/224301853339
772,domestic_travel,강릉,그래서 그냥 바로 바다 보러 안목 해변,restaurant,1,눈물 콧물 행복 가득했던 생일 기념 강릉 여행,https://blog.naver.com/sarah980411/224301958317
773,food,부산,그랜드,candidate,1,호텔 윈덤 그랜드 부산 이진 (Wyndham Grand Busan Ijin)...,https://blog.naver.com/gotrip2001/224301839034
774,domestic_travel,부산,그랜드,candidate,1,호텔 윈덤 그랜드 부산 이진 (Wyndham Grand Busan Ijin)...,https://blog.naver.com/gotrip2001/224301839034
775,domestic_travel,가평,그러다 북한강 바로 옆에 있는 키즈 특화 호텔,restaurant,1,서울근교 여행 가평 고고다이노 키즈호텔 특가 예약(테마룸...,https://blog.naver.com/shy0917cjh/224300583214
776,food,대전,그수육집칼국수,candidate,1,대전 1984 그수육집칼국수 대전법원시청점 리얼 맛 후기!,https://blog.naver.com/sun00m/224301765137
777,domestic_travel,부산,근교 가볼만한 곳으로도 이동 부담이 적어서,candidate,1,대교 근교 가볼만한 곳 청도 글램핑 카라반 수영장이 있는 숙소...,https://blog.naver.com/shseo02144/224301208406
778,domestic_travel,대구,근교 가볼만한곳 찾는 가족 단위 여행객이나,candidate,1,대교 근교 가볼만한 곳 청도 글램핑 카라반 수영장이 있는 숙소...,https://blog.naver.com/shseo02144/224301208406
779,domestic_travel,부산,근교 경남 밀양 금계국 명소,candidate,1,"부산 근교 경남 밀양 금계국 명소｜위치, 주차, 개화 상태까지...",https://blog.naver.com/tjddms7721/224301818228
780,food,대전,근교 당일치기 여행 지 TOP 5 아이와주말,candidate,1,"집에 가기 싫다고 울었던 대전 근교 당일치기 여행 지 TOP 5 """,https://blog.naver.com/key11145/224300777297
781,domestic_travel,대전,근교 당일치기 여행 지 TOP 5 아이와주말,candidate,1,"집에 가기 싫다고 울었던 대전 근교 당일치기 여행 지 TOP 5 """,https://blog.naver.com/key11145/224300777297
782,domestic_travel,대구,근교 당일치기 장소 찾는 분들한테 완전,candidate,1,대구근교 당일치기 몸만 가도 되는 옐로우레빗츠 감성 바베큐...,https://blog.naver.com/pjh23257/224301598905
783,domestic_travel,광주,근교 드라이브 가볼 만한 곳 고창 청농원 라,candidate,1,광주 근교 드라이브 가볼 만한 곳 고창 청농원 라벤더 축제 주차...,https://blog.naver.com/jgh1318/224301459680
784,domestic_travel,대구,근교 무료 노지캠핑 취사 가능 분,candidate,1,고령 신촌유원지 캠핑장 후기 대구 근교 무료 노지캠핑 취사 가능,https://blog.naver.com/leafhaus/224301648867
785,domestic_travel,대전,근교 바다 여행 충남 서천 해수욕장 + 공원,restaurant,1,아이와 대전 근교 바다 여행 ! 충남 서천 해수욕장 + 공원 피크닉...,https://blog.naver.com/my_prayer_s2/224301723956
786,domestic_travel,대전,근교 여행 가족펜션으로 제격 본채까지 갈 필,travel_spot,1,금산 숙소 스테이로이 대전 근교 여행 가족펜션으로 제격,https://blog.naver.com/lasmujeres/224301934702
787,food,부산,근교 여행 보랏빛 오션뷰 + 차박 + 기장,candidate,1,[6월 부산 근교 여행] 보랏빛 오션뷰 + 차박 + 기장 미식까지...,https://blog.naver.com/information-store/224301780618
788,domestic_travel,부산,근교 여행 보랏빛 오션뷰 + 차박 + 기장,candidate,1,[6월 부산 근교 여행] 보랏빛 오션뷰 + 차박 + 기장 미식까지...,https://blog.naver.com/information-store/224301780618
789,domestic_travel,광주,근교 차박 노지 캠핑 명소 베스트 10 총정,candidate,1,전남 광주 근교 차박 노지 캠핑 명소 베스트 10 총정리 화장실...,https://blog.naver.com/pias6642/224301442585
790,domestic_travel,광주,근교 촌캉스 담양 다경하녹 전라도 촌캉스 솔,candidate,1,광주 근교 촌캉스 담양 다경하녹 전라도 촌캉스 솔직후기,https://blog.naver.com/hotna_o/224301481562
791,domestic_travel,광주,근교 촌캉스 담양읍에서 멀리 떨어지지 않아,candidate,1,광주 근교 촌캉스 담양 다경하녹 전라도 촌캉스 솔직후기,https://blog.naver.com/hotna_o/224301481562
792,food,대구,근교 힐링 여행 부모님과 가기 좋은 현풍 비,candidate,1,"대구 근교 힐링 여행, 부모님과 가기 좋은 현풍 ‘비슬산 참숯굴...",https://blog.naver.com/pure5038/224301810462
793,domestic_travel,대구,근교 힐링 여행 부모님과 가기 좋은 현풍 비,candidate,1,"대구 근교 힐링 여행, 부모님과 가기 좋은 현풍 ‘비슬산 참숯굴...",https://blog.naver.com/pure5038/224301810462
794,domestic_travel,대구,근교 ATV 서바이벌 여기서 꼭 경험해야 할,restaurant,1,"대구 근교 ATV 서바이벌, 여기서 꼭 경험해야 할 3가지",https://blog.naver.com/cjdjjang3/224301294343
795,domestic_travel,대전,근교라서 주변에 가볼만한곳 도 많고 여행의,candidate,1,금산 숙소 스테이로이 대전 근교 여행 가족펜션으로 제격,https://blog.naver.com/lasmujeres/224301934702
796,food,대구,근교로 나들이 갈 만한 곳을 찾다가 완전 취,candidate,1,대구대형카페 근교 베이커리 맛집 슬로우벗베럴 대구점...,https://blog.naver.com/mallanglab/224301952254
797,domestic_travel,대구,근교로 나들이 갈 만한 곳을 찾다가 완전 취,candidate,1,대구대형카페 근교 베이커리 맛집 슬로우벗베럴 대구점...,https://blog.naver.com/mallanglab/224301952254
798,domestic_travel,대전,근교로 떠나는 힐링 여행 계획하기 알려드린,candidate,1,대전근교가볼만한곳 힐링 여행 코스 추천,https://blog.naver.com/thdus347/224299966073
799,domestic_travel,광주,근교로 이색적인 나들이를 계획하고 계신 분들,candidate,1,"전남 아이와 가볼만한곳 , 국내 최초 함평양서파충류생태공원...",https://blog.naver.com/unapig/224301527746
800,food,강남,근처,candidate,1,‘커피볶는곰’|롯데백화점강남 근처 원두 맛집 추천,https://blog.naver.com/dailyarchivelab/224301846672
801,food,대구,근처,candidate,1,[카페 탄] 팔공산 근처 대구 수플레팬케이크 맛집 카페...,https://blog.naver.com/happydd-/224301884221
802,domestic_travel,대구,근처,candidate,1,[카페 탄] 팔공산 근처 대구 수플레팬케이크 맛집 카페...,https://blog.naver.com/happydd-/224301884221
803,food,제주,근처,candidate,1,제주공항 근처 제주시 소품샵 메르시 방문 정보와 추천 상품 안내,https://blog.naver.com/complexd8/224301847546
804,domestic_travel,제주,근처,candidate,1,제주공항 근처 제주시 소품샵 메르시 방문 정보와 추천 상품 안내,https://blog.naver.com/complexd8/224301847546
805,food,인천,근처에 배달되는 곳도 별로 없어서 그냥 호텔,travel_spot,1,[영종도 호텔] 인천 5성급 호텔 네스트호텔 숙박 후기(스탠다드...,https://blog.naver.com/99leehy/224301517976
806,food,제주,근처에는 현지인이 자주 찾는 작은 식당,restaurant,1,제주 달가든하우스 예약 꿀팁과 실제 후기 공유,https://blog.naver.com/qxmdudic/224301059025
807,domestic_travel,제주,근처에는 현지인이 자주 찾는 작은 식당,restaurant,1,제주 달가든하우스 예약 꿀팁과 실제 후기 공유,https://blog.naver.com/qxmdudic/224301059025
808,domestic_travel,가평,글램트리,candidate,1,가평 글램트리 추천ㅣ숲속 호텔급 시설에 인피니티풀까지...,https://blog.naver.com/lynnda/224300447584
809,domestic_travel,가평,글램트리리조트,travel_spot,1,가평 글램트리 추천ㅣ숲속 호텔급 시설에 인피니티풀까지...,https://blog.naver.com/lynnda/224300447584
810,domestic_travel,가평,글램핑 온수풀 돔 구조 풀빌라 숙소 찾다가,travel_spot,1,"가평 글램핑 온수풀, 돔 구조 풀빌라 숙소 찾다가 여기서...",https://blog.naver.com/nowgo-/224300841681
811,domestic_travel,가평,글램핑 직접 가봤더니 이건 진짜 수영장 딸린,candidate,1,"가평 글램핑 직접 가봤더니, 이건 진짜 수영장 딸린 별장이었어요",https://blog.naver.com/beasia/224301260039
812,food,성수,글로리,candidate,1,"성수 글로리 닭칼국수, 따뜻한 한옥 분위기 한 끼",https://blog.naver.com/dasanenv/224301947877
813,food,성수,글로리 닭칼국수 따뜻한 한옥 분위기 한 끼,candidate,1,"성수 글로리 닭칼국수, 따뜻한 한옥 분위기 한 끼",https://blog.naver.com/dasanenv/224301947877
814,food,제주,글한 핫플 이더라고요 장진우 셰프의 새로운 식당,restaurant,1,제주 탑동 장진우 셰프 신상 맛집 사오공대패 구 뽀빠이호프,https://blog.naver.com/je_mattt/224301867865
815,domestic_travel,제주,글한 핫플 이더라고요 장진우 셰프의 새로운 식당,restaurant,1,제주 탑동 장진우 셰프 신상 맛집 사오공대패 구 뽀빠이호프,https://blog.naver.com/je_mattt/224301867865
816,domestic_travel,경주,금리단길,candidate,1,경주 금리단길 디저트 맛집 월정제과 밀푀유 후기,https://blog.naver.com/bbungseos2/224301898602
817,domestic_travel,경주,금리단길 디저트 맛집 월정제과 밀푀유,cafe,1,경주 금리단길 디저트 맛집 월정제과 밀푀유 후기,https://blog.naver.com/bbungseos2/224301898602
818,domestic_travel,제주,금오름,candidate,1,제주 금오름 소요시간 주차 팁 작은 백록담 분화구 보러가기,https://blog.naver.com/duddlduddl0/224301854064
819,food,부산,금정,candidate,1,부산대 맛집 부산 금정 도야지면옥 본점장전동밥집,https://blog.naver.com/hwangssida5/224301944900
820,food,부산,금정구레스토랑,restaurant,1,부산대 파스타 스테이크 맛집 가성비 좋은 잇쇼우안,https://blog.naver.com/ysm2747/224301890116
821,food,제주,금화효소원,candidate,1,제주 효소찜질 금화효소원 제주점 부모님 모시고 다녀온 힐링...,https://blog.naver.com/mmr1804/224301889168
822,domestic_travel,제주,금화효소원,candidate,1,제주 효소찜질 금화효소원 제주점 부모님 모시고 다녀온 힐링...,https://blog.naver.com/mmr1804/224301889168
823,domestic_travel,강릉,기곡해변,travel_spot,1,[강원도 여행 추천] 여름 여행 계획 바다요가 묵호 어달리 카페...,https://blog.naver.com/serendipity__0903/224301554572
824,domestic_travel,인천,기기 좋은 곳이다 세계적인 거장들의 작품이 리조트,travel_spot,1,인천 영종도 파라다이스시티 시그니처 조형물과 야외정원...,https://blog.naver.com/ssumuse/224301536821
825,domestic_travel,강릉,기념,candidate,1,눈물 콧물 행복 가득했던 생일 기념 강릉 여행,https://blog.naver.com/sarah980411/224301958317
826,food,대전,기념일,candidate,1,"대전 기념일 맛집 추천 , 죽동 일식당 ""카라마데"" 디너 오마카세...",https://blog.naver.com/sba0507/224301880393
827,food,대구,기념일식당,restaurant,1,대구 수성구 다이닝& 분위기 좋은 범어동 와인바_ 로쏘(ROSSO),https://blog.naver.com/rosa920513/224301927215
828,domestic_travel,대구,기념일식당,restaurant,1,대구 수성구 다이닝& 분위기 좋은 범어동 와인바_ 로쏘(ROSSO),https://blog.naver.com/rosa920513/224301927215
829,domestic_travel,경주,기념품,candidate,1,[경주 기념품 추천] 경주선물로 딱인 첨성대초콜렛 벚꽃에디션...,https://blog.naver.com/ziwon93/224301892866
830,domestic_travel,광주,기도 광주 가볼만한곳 6월 율봄식물원 수국 축제,attraction,1,[경기도 광주 가볼만한곳] 6월 율봄식물원 수국 축제 및 토마토...,https://blog.naver.com/dee7781/224301570916
831,food,인천,기록 서울보다 10배는 힙한 찐힙 동인천 맛집,restaurant,1,동인천 맛집 술집 차이나타운 필수 코스 로컬 인천 맥주 호랑이,https://blog.naver.com/oursophie/224301854503
832,food,부산,기장 여행 오션뷰 카페 웨이브온 대나무 영화,cafe,1,부산 기장 여행 오션뷰 카페 웨이브온 대나무 영화 촬영지...,https://blog.naver.com/4729581/224301792300
833,domestic_travel,부산,기장 여행 오션뷰 카페 웨이브온 대나무 영화,cafe,1,부산 기장 여행 오션뷰 카페 웨이브온 대나무 영화 촬영지...,https://blog.naver.com/4729581/224301792300
834,food,부산,기장과 서울 한남동본점 딱 두 곳 뿐이라 충,candidate,1,"한남동한정식 맛집, 행복이 무슨 맛일까 궁금하다면 지금 바로...",https://blog.naver.com/minttea/224301854693
835,food,부산,기장에는 맛있는 대게를 즐길 수 있는 맛집이,restaurant,1,부산 기장에서 즐기는 대게 여행 코스 와 맛집,https://blog.naver.com/xsxbteph2958/224295241486
836,food,부산,기장에서,candidate,1,부산 기장에서 즐기는 대게 여행 코스 와 맛집,https://blog.naver.com/xsxbteph2958/224295241486
837,food,부산,기장역 점심 맛집 가성비 점심특선 유정식육식당,restaurant,1,기장역 점심 맛집 가성비 점심특선 유정식육식당 부산기장본점,https://blog.naver.com/twotwo22-/224301942156
838,domestic_travel,부산,기장역 점심 맛집 가성비 점심특선 유정식육식당,restaurant,1,기장역 점심 맛집 가성비 점심특선 유정식육식당 부산기장본점,https://blog.naver.com/twotwo22-/224301942156
839,food,부산,기장이화장횟집,candidate,1,오시리아꼼장어 부산 기장이화장횟집 신선한 재료와 짚불...,https://blog.naver.com/jzipsa/224301691662
840,food,부산,기장이화장횟집 신선한 재료와 짚불 이러한 놀,candidate,1,오시리아꼼장어 부산 기장이화장횟집 신선한 재료와 짚불...,https://blog.naver.com/jzipsa/224301691662
841,domestic_travel,부산,기장호텔,travel_spot,1,"부산 오션뷰 호텔 끝판왕, 아난티 앳 부산 코브",https://blog.naver.com/goodfinds/224301794798
842,domestic_travel,강릉,기차,candidate,1,당일치기 기차 강릉여행 // 제트보트 가격 강문해변 1인당...,https://blog.naver.com/mary0903/224301658934
843,domestic_travel,제주,김녕미로공원,travel_spot,1,만장굴 옆 수국명소 제주 동쪽 가볼만한곳 김녕미로공원,https://blog.naver.com/thebestmaze/224301470835
844,food,제주,김밥,candidate,1,남대문시장즉석떡볶이 김밥 제주시청점,https://blog.naver.com/goodgotjd/224299436312
845,domestic_travel,제주,김밥,candidate,1,남대문시장즉석떡볶이 김밥 제주시청점,https://blog.naver.com/goodgotjd/224299436312
846,food,제주,김지훈고기국수,restaurant,1,제주고기국수맛집 김지훈고기국수 제주본점,https://blog.naver.com/306_1203/224301145378
847,domestic_travel,제주,김지훈고기국수,restaurant,1,제주고기국수맛집 김지훈고기국수 제주본점,https://blog.naver.com/306_1203/224301145378
848,food,제주,김치까지 신선한 식당이었어요 단체석 유아의자,restaurant,1,제주 탄산온천 인근 산방산국수 맛집 고기국수 만원 점심,https://blog.naver.com/realrevolution/224301881417
849,domestic_travel,부산,김해 등 인근 대도시와의 접근성도 매우 훌륭,candidate,1,바다가 보이는 명문 코스 용원cc회원권 소개,https://blog.naver.com/114whtjddnr/224291266788
850,food,대구,김해공항,candidate,1,대구 김해공항 대형택시 예약 후기 가족 여행 공항이동 추천,https://blog.naver.com/pjh0227/224301837969
851,domestic_travel,대구,김해공항,candidate,1,대구 김해공항 대형택시 예약 후기 가족 여행 공항이동 추천,https://blog.naver.com/pjh0227/224301837969
852,domestic_travel,부산,김해공항,candidate,1,"부산 김해공항 근처 호텔 추천, 신라스테이 서부산 장단점 총정리",https://blog.naver.com/goodfinds/224301792220
853,domestic_travel,부산,김해공항 근처 호텔,travel_spot,1,"부산 김해공항 근처 호텔 추천, 신라스테이 서부산 장단점 총정리",https://blog.naver.com/goodfinds/224301792220
854,domestic_travel,부산,김해공항근처호텔,travel_spot,1,"부산 김해공항 근처 호텔 추천, 신라스테이 서부산 장단점 총정리",https://blog.naver.com/goodfinds/224301792220
855,domestic_travel,부산,김해공항호텔,travel_spot,1,"부산 김해공항 근처 호텔 추천, 신라스테이 서부산 장단점 총정리",https://blog.naver.com/goodfinds/224301792220
856,food,대구,까미생막창,candidate,1,용산동 먹자골목 맛집 까미생막창 대구 달서구 용산1동,https://blog.naver.com/eg0day/224301824238
857,domestic_travel,대구,까미생막창,candidate,1,용산동 먹자골목 맛집 까미생막창 대구 달서구 용산1동,https://blog.naver.com/eg0day/224301824238
858,food,대구,까지,candidate,1,와그작 먹으러 대구까지? 대구 최가네 제과 와그작 케이크 찐...,https://blog.naver.com/troubletravel_/224301946974
859,domestic_travel,대구,까지,candidate,1,와그작 먹으러 대구까지? 대구 최가네 제과 와그작 케이크 찐...,https://blog.naver.com/troubletravel_/224301946974
860,food,대구,까지 3일 쉬어서 놀러 온 대구 중화비빔밥 맛집,restaurant,1,[일상] 26년 2~3월 기록,https://blog.naver.com/sy2306/224301952205
861,domestic_travel,경주,까지 넣는 것은 무리가 있습니다 연수회식당,restaurant,1,전현무계획 시즌3 11회 경주 맛집,https://blog.naver.com/letsfindout_hub/224299626301
862,food,수원,깔끔한,candidate,1,모시고 가기 좋은 깔끔한 수원 인계동 한정식 맛집 [이교수 한정식],https://blog.naver.com/sooo_thanks/224301951989
863,food,부산,깡통시장,travel_spot,1,부산 깡통시장 이가네 떡볶이 후기|양념보다 떡이 더...,https://blog.naver.com/seol_lamb/224301943667
864,domestic_travel,부산,깡통시장,travel_spot,1,부산 깡통시장 이가네 떡볶이 후기|양념보다 떡이 더...,https://blog.naver.com/seol_lamb/224301943667
865,food,대구,꼬막짬뽕,candidate,1,왕산루 본점 - 대구 꼬막짬뽕 맛집 다녀온 후기,https://blog.naver.com/yuyueun/224301922422
866,domestic_travel,대구,꼬막짬뽕,candidate,1,왕산루 본점 - 대구 꼬막짬뽕 맛집 다녀온 후기,https://blog.naver.com/yuyueun/224301922422
867,food,대구,꼬막짬뽕 맛집 다녀온,restaurant,1,왕산루 본점 - 대구 꼬막짬뽕 맛집 다녀온 후기,https://blog.naver.com/yuyueun/224301922422
868,domestic_travel,대구,꼬막짬뽕 맛집 다녀온,restaurant,1,왕산루 본점 - 대구 꼬막짬뽕 맛집 다녀온 후기,https://blog.naver.com/yuyueun/224301922422
869,food,부산,꼬치홀릭,candidate,1,동래 맛집 꼬치홀릭 부산 동래 맛집 수제 야키토리와...,https://blog.naver.com/2025bori/224301923015
870,domestic_travel,부산,꼬치홀릭,candidate,1,동래 맛집 꼬치홀릭 부산 동래 맛집 수제 야키토리와...,https://blog.naver.com/2025bori/224301923015
871,food,강남,꼼장어,candidate,1,"[올리맛지/강남] 강남꼼장어 맛집 , 짱이네 산곰장어에서 부산의...",https://blog.naver.com/gyfls2491/224301469915
872,food,강남,꼼장어 맛집 짱이네 산곰장어에서 부산의,restaurant,1,"[올리맛지/강남] 강남꼼장어 맛집 , 짱이네 산곰장어에서 부산의...",https://blog.naver.com/gyfls2491/224301469915
873,domestic_travel,대구,꽃구경,candidate,1,지금 여행 가기 좋은 곳 대구 꽃구경 명소 율하천 금계국 위치...,https://blog.naver.com/kdspmj12/224301276892
874,domestic_travel,가평,꽃구경 다녀오고 싶다면 한 번쯤 가볼 만한 축제,attraction,1,가평 자라섬꽃페스타,https://blog.naver.com/sopg2633/224299430461
875,domestic_travel,부산,꽃명소,candidate,1,"부산 꽃명소 대저생태공원 버베나,6월 꽃구경 가볼만한곳",https://blog.naver.com/tomato0902/224301737783
876,domestic_travel,부산,꽃명소 대저생태공원,travel_spot,1,"부산 꽃명소 대저생태공원 버베나,6월 꽃구경 가볼만한곳",https://blog.naver.com/tomato0902/224301737783
877,domestic_travel,부산,꽃명소 대저생태공원 버베나 6월 꽃구경 가볼,travel_spot,1,"부산 꽃명소 대저생태공원 버베나,6월 꽃구경 가볼만한곳",https://blog.naver.com/tomato0902/224301737783
878,domestic_travel,가평,꽃축제 후기 입장료,attraction,1,2026 자라섬 꽃페스타 가평 꽃축제 후기 (입장료·주차...,https://blog.naver.com/mmmmbin/224300575415
879,domestic_travel,제주,꽃축제부터,attraction,1,"국내 6월 여행 지 추천 8곳, 꽃축제부터 제주 가족코스까지 한...",https://blog.naver.com/yhking119/224297580534
880,domestic_travel,가평,꽃페스타,candidate,1,2026 자라섬 꽃페스타 가평 꽃축제 후기 (입장료·주차...,https://blog.naver.com/mmmmbin/224300575415
881,food,대구,꽤나 들어간 편이 많은데 오늘은 대구 칠성시장,travel_spot,1,칠성동 맛집 칠성시장 근처 쌀국수집 왓타타이 내돈내산 리뷰,https://blog.naver.com/operation-car/224301843213
882,domestic_travel,대구,꽤나 들어간 편이 많은데 오늘은 대구 칠성시장,travel_spot,1,칠성동 맛집 칠성시장 근처 쌀국수집 왓타타이 내돈내산 리뷰,https://blog.naver.com/operation-car/224301843213
883,food,대전,꾸드뱅 에그타르트,candidate,1,[대전] 대전 꾸드뱅 에그타르트 후기｜평일 오픈런 성공!,https://blog.naver.com/yynee18/224301879857
884,domestic_travel,대전,꾸드뱅 에그타르트,candidate,1,[대전] 대전 꾸드뱅 에그타르트 후기｜평일 오픈런 성공!,https://blog.naver.com/yynee18/224301879857
885,food,대전,꾸드뱅에 다녀왔다 사실 이곳은 이미 에그타르,candidate,1,[대전] 대전 꾸드뱅 에그타르트 후기｜평일 오픈런 성공!,https://blog.naver.com/yynee18/224301879857
886,domestic_travel,대전,꾸드뱅에 다녀왔다 사실 이곳은 이미 에그타르,candidate,1,[대전] 대전 꾸드뱅 에그타르트 후기｜평일 오픈런 성공!,https://blog.naver.com/yynee18/224301879857
887,domestic_travel,강릉,꿀팁까지,candidate,1,"웨이팅부터 빵 추천, 주차 꿀팁까지 강릉 여행 코스 추천",https://blog.naver.com/iamstar23/224295878900
888,food,종로,끝내주는,candidate,1,국물 끝내주는 종로쌀국수 맛집 추천 :),https://blog.naver.com/uamaluv/224300957432
889,food,수원,끝판왕,candidate,1,수원 술집) 수원역 분위기 좋은 가성비 끝판왕 수원역 술집 포차...,https://blog.naver.com/subsub2-/224301716731
890,food,부산,끼룩이네,candidate,1,다대포 고기집 끼룩이네 부산 갈매기살 맛집 진짜가 나타났다,https://blog.naver.com/reselience/224301918641
891,food,대구,나 식당,restaurant,1,대구 동구|갈만한 곳 동촌유원지 산책 피크닉 + 근처 맛집...,https://blog.naver.com/ziswo/224301600687
892,food,대구,나 올림픽공원,travel_spot,1,나의 사랑했던 게으른 날들,https://blog.naver.com/haezinizini/224301940899
893,food,광주,나나방콕,candidate,1,광주) 광주 첨단 맛집 나나방콕 광주첨단점｜태국 현지 감성...,https://blog.naver.com/hyojung_24/224301605225
894,domestic_travel,광주,나나방콕,candidate,1,광주) 광주 첨단 맛집 나나방콕 광주첨단점｜태국 현지 감성...,https://blog.naver.com/hyojung_24/224301605225
895,domestic_travel,경주,나들이,candidate,1,"5월 경주 나들이, 당일치기 로 다녀오기 좋은 곳",https://blog.naver.com/a_jhj37/224301479890
896,domestic_travel,인천,나들이,candidate,1,주말 나들이 인천배낚시 킹콩2호 타고 광어낚시 쇼츠 영상,https://blog.naver.com/rupiah74/224300936732
897,domestic_travel,성수,나들이,candidate,1,[성수 나들이] 포켓몬 30주년 올리브영 / 메타몽놀이터...,https://blog.naver.com/mse1215/224301933013
898,domestic_travel,경주,나들이 당일치기 로 다녀오기 좋은 곳 안녕하,candidate,1,"5월 경주 나들이, 당일치기 로 다녀오기 좋은 곳",https://blog.naver.com/a_jhj37/224301479890
899,food,부산,나들이 장소 찾으시는 분들 해운대수목원,candidate,1,부산 아기랑 가볼만한 곳 해운대 수목원 방문 후기|양떼 자연...,https://blog.naver.com/bbang10_22/224301908201
900,domestic_travel,부산,나들이 장소 찾으시는 분들 해운대수목원,candidate,1,부산 아기랑 가볼만한 곳 해운대 수목원 방문 후기|양떼 자연...,https://blog.naver.com/bbang10_22/224301908201
901,domestic_travel,성수,나들이 포켓몬 30주년 올리브영 메타몽놀이터,candidate,1,[성수 나들이] 포켓몬 30주년 올리브영 / 메타몽놀이터...,https://blog.naver.com/mse1215/224301933013
902,food,대전,나들이도 가기로 몇개월 만에 만나도 어색하지,candidate,1,"남원 나들이 ( 두레식당, 명문제과, 월향재, 광한루원 )",https://blog.naver.com/y_xdidi/224301817349
903,domestic_travel,대전,나들이도 가기로 몇개월 만에 만나도 어색하지,candidate,1,"남원 나들이 ( 두레식당, 명문제과, 월향재, 광한루원 )",https://blog.naver.com/y_xdidi/224301817349
904,domestic_travel,경주,나들한옥,candidate,1,경주 나들한옥 한옥스테이 7만원대 한옥 숙소 추천,https://blog.naver.com/dpqls8844/224301871173
905,domestic_travel,경주,나들한옥 한옥스테이 7만원대 한옥 숙소,travel_spot,1,경주 나들한옥 한옥스테이 7만원대 한옥 숙소 추천,https://blog.naver.com/dpqls8844/224301871173
906,food,종로,나만,candidate,1,"[ 서울/종로 ] 나만 알고 싶은 북카페, ‘학사다방’ 솔직 후기",https://blog.naver.com/dumboooo_/224301780993
907,food,종로,나만 알고 싶은 북카페 학사다방 솔직,cafe,1,"[ 서울/종로 ] 나만 알고 싶은 북카페, ‘학사다방’ 솔직 후기",https://blog.naver.com/dumboooo_/224301780993
908,food,부산,나만 알고 싶은 심야 식당,restaurant,1,"맛집 ] 나만 알고 싶은 심야 식당 ""가이단"" (KAIDAN) 내돈내산 ...",https://blog.naver.com/jjeo-log/224301882457
909,domestic_travel,부산,나만 알고 싶은 심야 식당,restaurant,1,"맛집 ] 나만 알고 싶은 심야 식당 ""가이단"" (KAIDAN) 내돈내산 ...",https://blog.naver.com/jjeo-log/224301882457
910,food,강남,나만의,candidate,1,[강남] 나만의 향기를 기록하는 곳|강남 향수공방 '닷노트‘,https://blog.naver.com/sodhskyw/224301745771
911,food,강남,나만의 향기를 기록하는 곳 강남 향수공방,candidate,1,[강남] 나만의 향기를 기록하는 곳|강남 향수공방 '닷노트‘,https://blog.naver.com/sodhskyw/224301745771
912,food,강남,나만의 향기를 기록하는 곳 강남 향수공방 닷,candidate,1,[강남] 나만의 향기를 기록하는 곳|강남 향수공방 '닷노트‘,https://blog.naver.com/sodhskyw/224301745771
913,food,인천,나온,candidate,1,생활의 달인에 나온 인천닭강정맛집 제물포 맛집 추천,https://blog.naver.com/baezzang_ssin/224301919960
914,domestic_travel,인천,나온,candidate,1,생활의 달인에 나온 인천닭강정맛집 제물포 맛집 추천,https://blog.naver.com/baezzang_ssin/224301919960
915,food,부산,나온,candidate,1,방송에 나온 부산 서동 맛집|재성밀면에서 시원한 밀면 후기,https://blog.naver.com/onesunnny/224301764724
916,domestic_travel,부산,나온,candidate,1,방송에 나온 부산 서동 맛집|재성밀면에서 시원한 밀면 후기,https://blog.naver.com/onesunnny/224301764724
917,domestic_travel,부산,나트랑 달랏 패키지 5일 부산 출발 디꾸아호텔,travel_spot,1,"나트랑 달랏 패키지 5일 부산 출발, 디꾸아호텔 총정리",https://blog.naver.com/dkrdka18/224301494212
918,food,종로,낙원,candidate,1,[종로 낙원] 야장 고기 맛집 종로3가 흥지로스,https://blog.naver.com/sesangtambang/224301649204
919,food,종로,낙원 야장 고기 맛집 종로3가 흥지로스 서울,restaurant,1,[종로 낙원] 야장 고기 맛집 종로3가 흥지로스,https://blog.naver.com/sesangtambang/224301649204
920,food,종로,낙지탕탕이와,candidate,1,"비 오는 날 광장시장 데이트, 낙지탕탕이와 종로빈대떡",https://blog.naver.com/ji0edaa/224301760040
921,food,대구,날씨 정말 여름이 성큼 아이랑 가볼만한곳 찾,candidate,1,경산 올데이캠프닉 주말 후기 대구 아이랑 가볼만한곳 추천,https://blog.naver.com/lhj133/224301889641
922,domestic_travel,대구,날씨 정말 여름이 성큼 아이랑 가볼만한곳 찾,candidate,1,경산 올데이캠프닉 주말 후기 대구 아이랑 가볼만한곳 추천,https://blog.naver.com/lhj133/224301889641
923,food,대구,날아가는,candidate,1,[포항아구찜] 매콤달콤 스트레스 확 날아가는 대구볼찜 먹방!...,https://blog.naver.com/qflwkhmi/224301664372
924,domestic_travel,제주,날의,candidate,1,5월 비오는 날의 제주 후닥딱 당일치기 ☔️✈️️,https://blog.naver.com/bambii0/224301620607
925,domestic_travel,부산,남구,candidate,1,[부산/남구] 용호동고깃집 푸주인 용호점,https://blog.naver.com/yjsrds556/224301573206
926,food,강남,남구 강남대로92길 29 운영시간 강남데이트맛집,restaurant,1,강남역 점심부터 저녁까지 만족스러운 바우골,https://blog.naver.com/alal00424/224301445742
927,food,대구,남구 냉삼 여름에 딱 어울리는 김치말이 국수,candidate,1,대구 남구 명덕역 막창 맛집 추천 초벌되어 나와 더 맛있는...,https://blog.naver.com/breadman21/224301919787
928,food,부산,남구 대연동 삼겹살 맛집 소 돼지고기 숯불구,restaurant,1,부산 남구 대연동 삼겹살 맛집 : 소 .돼지고기 숯불구이 맛집 ...,https://blog.naver.com/yeji369a/224301900264
929,food,광주,남구 봉선동 맛집 봉선동 양식 맛집 르시엘블,restaurant,1,[광주 남구 봉선동 맛집 ]봉선동 양식 맛집 :: ‘르시엘블루 ’...,https://blog.naver.com/runa000/224301786699
930,food,대구,남구 서부정류장 술집 맛집 대구 생골뱅이 전,restaurant,1,( 내돈내산 ) 대구 남구 서부정류장 술집 맛집 ‘대구 생골뱅이’...,https://blog.naver.com/tjsgp6345/224301849165
931,food,부산,남구 용호동고깃집 푸주인 용호점 용호동소고기,restaurant,1,[부산/남구] 용호동고깃집 푸주인 용호점,https://blog.naver.com/yjsrds556/224301573206
932,domestic_travel,부산,남구 용호동고깃집 푸주인 용호점 용호동소고기,restaurant,1,[부산/남구] 용호동고깃집 푸주인 용호점,https://blog.naver.com/yjsrds556/224301573206
933,food,대구,남구 피부관리실 수분광채케어로 속수분 잡고,candidate,1,대구 남구 피부관리실 수분광채케어로 속수분 잡고 온 루루아,https://blog.naver.com/asdfgh3564/224301948574
934,domestic_travel,강릉,남다른,candidate,1,"[강릉] 남다른 패티의 수제버거 강릉서부시장 맛집 , 피셔맨웍스",https://blog.naver.com/matzip100_/224301689943
935,domestic_travel,강릉,남다른 패티의 수제버거 강릉서부시장,travel_spot,1,"[강릉] 남다른 패티의 수제버거 강릉서부시장 맛집 , 피셔맨웍스",https://blog.naver.com/matzip100_/224301689943
936,domestic_travel,강릉,남다른 패티의 수제버거 강릉서부시장 맛집 피,restaurant,1,"[강릉] 남다른 패티의 수제버거 강릉서부시장 맛집 , 피셔맨웍스",https://blog.naver.com/matzip100_/224301689943
937,food,제주,남대문시장,travel_spot,1,남대문시장즉석떡볶이 김밥 제주시청점,https://blog.naver.com/goodgotjd/224299436312
938,domestic_travel,제주,남대문시장,travel_spot,1,남대문시장즉석떡볶이 김밥 제주시청점,https://blog.naver.com/goodgotjd/224299436312
939,food,대전,남원 나들이 두레식당,restaurant,1,"남원 나들이 ( 두레식당, 명문제과, 월향재, 광한루원 )",https://blog.naver.com/y_xdidi/224301817349
940,domestic_travel,대전,남원 나들이 두레식당,restaurant,1,"남원 나들이 ( 두레식당, 명문제과, 월향재, 광한루원 )",https://blog.naver.com/y_xdidi/224301817349
941,food,대구,남원골추어탕,candidate,1,대구 남원골추어탕 모든 메뉴 맛집,https://blog.naver.com/howpc2001/224301802917
942,domestic_travel,가평,남이섬 당일치기 2_카페 골든트리 버스 시간,cafe,1,가평역 버스 시간표 주차장 편의시설 정보 모두 확인,https://bluebeat.tistory.com/305
943,domestic_travel,가평,남이섬 인근 카라반글램핑 자연과의 완벽한 조,candidate,1,가평 남이섬 인근 카라반글램핑 자연과의 완벽한 조화,https://blog.naver.com/ceiling394/224300561210
944,domestic_travel,가평,남이섬과,candidate,1,가평 숙소 남이섬과 가평빠지와 접근성이 좋은 넓은 주차장과...,https://blog.naver.com/doublee_lee/224299362841
945,domestic_travel,가평,남이섬과 가평빠지와 접근성이 좋은 넓은,candidate,1,가평 숙소 남이섬과 가평빠지와 접근성이 좋은 넓은 주차장과...,https://blog.naver.com/doublee_lee/224299362841
946,food,부산,남포동,candidate,1,[부산/중구] 부산 남포동 오마카세 추천 :: 분위기 미쳤던...,https://blog.naver.com/plighd/224298033691
947,domestic_travel,부산,남포동 가볼만한곳 일본 식자재 소스의 모든,candidate,1,"부산 남포동 가볼만한곳 일본 식자재 소스의 모든 것,김영상회...",https://blog.naver.com/hulip2003/224301902364
948,food,제주,낭뜰에쉼팡,candidate,1,[제주 낭뜰에쉼팡] 제주 조천 한식 찐 맛집 낭뜰에쉼팡,https://blog.naver.com/jejuhee_0/224301929057
949,food,제주,낭뜰에쉼팡 제주 조천 한식 찐 맛집 낭뜰에쉼,restaurant,1,[제주 낭뜰에쉼팡] 제주 조천 한식 찐 맛집 낭뜰에쉼팡,https://blog.naver.com/jejuhee_0/224301929057
950,food,종로,낭만,candidate,1,"[종각]낭만 종로 청계천 맛집 , 감성에 취하는 한식 맛집",https://blog.naver.com/fearless_life/224301598476
951,food,부산,내 인생 최고의 피자 이재모피자 본점,candidate,1,"[부산 맛집 ] 내 인생 최고의 피자, 이재모피자 본점 솔직 후기!...",https://blog.naver.com/hobyeolha/224301938886
952,domestic_travel,부산,내 인생 최고의 피자 이재모피자 본점,candidate,1,"[부산 맛집 ] 내 인생 최고의 피자, 이재모피자 본점 솔직 후기!...",https://blog.naver.com/hobyeolha/224301938886
953,food,제주,내고향,candidate,1,함지박 사거리 맛집|내고향 제주 내돈내산 솔직후기(해물전골...,https://blog.naver.com/daily_chae1/224301852516
954,domestic_travel,부산,내년 벡스코에서 우리 꼭 만나요,candidate,1,[5월 전시] ART BUSAN에 대하여,https://blog.naver.com/fridaessie/224301933548
955,food,대전,내돈내산 둔산동미용실 박승철헤어스튜디오,candidate,1,( 내돈내산 ) 둔산동미용실 박승철헤어스튜디오 둔산이마트점...,https://blog.naver.com/pinkbluesky_/224301888563
956,food,제주,내돈내산 리뷰 맛있는 제주소고기 제주한우 맛,restaurant,1,야키니쿠제주 내돈내산 리뷰 맛있는 제주소고기 제주한우 맛집,https://blog.naver.com/meogeoping/224301807301
957,food,인천,내돈내산 선녀풍2호점 솔직 리뷰 영종도식당,restaurant,1,영종도 물회 맛집? 내돈내산 선녀풍2호점 솔직 리뷰,https://blog.naver.com/1619g/224295472768
958,domestic_travel,인천,내돈내산 선녀풍2호점 솔직 리뷰 영종도식당,restaurant,1,영종도 물회 맛집? 내돈내산 선녀풍2호점 솔직 리뷰,https://blog.naver.com/1619g/224295472768
959,food,성수,내돈내산 성수동의 대표 감자탕 맛집 성수동의,restaurant,1,[ 서울 /성수] 내돈내산 성수동의 대표 감자탕 맛집 ...,https://blog.naver.com/bbo_ah/224301677796
960,food,광주,내돈내산 안녕하세요 쭈꿈씨입니다 주말에 양동시장,travel_spot,1,광주 야장 해방촌 :: 포장마차 감성 찐 맛집 / 뼈찜세트 추천,https://blog.naver.com/eunkiko/224301876944
961,domestic_travel,광주,내돈내산 안녕하세요 쭈꿈씨입니다 주말에 양동시장,travel_spot,1,광주 야장 해방촌 :: 포장마차 감성 찐 맛집 / 뼈찜세트 추천,https://blog.naver.com/eunkiko/224301876944
962,food,제주,내돈내산 여기 또 좋은게 매장 바로 옆에 흑,restaurant,1,제주 서귀포 오션뷰 숙소｜가성비 좋은 골든아워제주 내돈내산 ...,https://blog.naver.com/hari_u/224301897289
963,domestic_travel,제주,내돈내산 여기 또 좋은게 매장 바로 옆에 흑,restaurant,1,제주 서귀포 오션뷰 숙소｜가성비 좋은 골든아워제주 내돈내산 ...,https://blog.naver.com/hari_u/224301897289
964,food,인천,내돈내산 으로 작성한 솔직한 축제,attraction,1,[인천/동인천] 빈티지 보물찾기! '오슬로우 마켓' 축제 리얼...,https://blog.naver.com/longblack27/224301835165
965,domestic_travel,인천,내돈내산 으로 작성한 솔직한 축제,attraction,1,[인천/동인천] 빈티지 보물찾기! '오슬로우 마켓' 축제 리얼...,https://blog.naver.com/longblack27/224301835165
966,food,종로,내돈내산 종로야장 어디로 갈까 나는 국제시장,travel_spot,1,"[종로] 내돈내산, 종로야장 어디로 갈까 나는 ""국제시장 포차""",https://blog.naver.com/kahu9003/224298659460
967,domestic_travel,경주,내돈내산 프라이빗경주 호텔,travel_spot,1,"경주 ㅣ내돈내산 프라이빗경주 호텔 숙박후기(+주차,조식)",https://blog.naver.com/lauren_103/224301758669
968,food,인천,내돈내산맛집 송주불냉면 계산점 2단계 도전,restaurant,1,인천 내돈내산맛집 송주불냉면 계산점 2단계 도전 후기,https://blog.naver.com/xini_30/224301802469
969,domestic_travel,인천,내돈내산맛집 송주불냉면 계산점 2단계 도전,restaurant,1,인천 내돈내산맛집 송주불냉면 계산점 2단계 도전 후기,https://blog.naver.com/xini_30/224301802469
970,food,대전,내동 대패 맛집 조와따,restaurant,1,내동 대패삼겹살 맛집 조와따대패 술 무한리필 주차 내돈내산,https://blog.naver.com/faview/224301794635
971,food,부산,내려가기 전에,candidate,1,5월 일상,https://blog.naver.com/jys6356/224301888808
972,food,부산,내산,candidate,1,[내 돈 내산] 부산 문현동 배스킨라빈스 31 부산 문현점,https://blog.naver.com/mabin___/224301854416
973,domestic_travel,부산,내산,candidate,1,[내 돈 내산] 부산 문현동 배스킨라빈스 31 부산 문현점,https://blog.naver.com/mabin___/224301854416
974,food,제주,내산 리뷰를 남겨보려고 합니당 분위기는 고급레스토랑,restaurant,1,야키니쿠제주 내돈내산 리뷰 맛있는 제주소고기 제주한우 맛집,https://blog.naver.com/meogeoping/224301807301
975,food,대구,냄비에 끼려온 라면까지 식사로 먹어주면 완벽,candidate,1,용산동 먹자골목 맛집 까미생막창 대구 달서구 용산1동,https://blog.naver.com/eg0day/224301824238
976,domestic_travel,대구,냄비에 끼려온 라면까지 식사로 먹어주면 완벽,candidate,1,용산동 먹자골목 맛집 까미생막창 대구 달서구 용산1동,https://blog.naver.com/eg0day/224301824238
977,food,광주,냉면,candidate,1,[광주/첨단] 광주 냉면 맛집 _청석골칡냉면 내돈내산 후기,https://blog.naver.com/gayajisun/224301808263
978,food,제주,냉면과,candidate,1,[담라 둔산본점] 대전 냉면과 제주 고기를 함께 즐길 수 있는...,https://blog.naver.com/gorilla0316/224301927704
979,food,대전,냉면과,candidate,1,[담라 둔산본점] 대전 냉면과 제주 고기를 함께 즐길 수 있는...,https://blog.naver.com/gorilla0316/224301927704
980,food,대전,냉면과 제주 고기를 함께 즐길 수 있는 이런,restaurant,1,[담라 둔산본점] 대전 냉면과 제주 고기를 함께 즐길 수 있는...,https://blog.naver.com/gorilla0316/224301927704
981,food,성수,냠냠,candidate,1,[냠냠] 성수동 겉바속촉 끝판왕! '규카츠정' 노른자 톡 터지는...,https://blog.naver.com/hymi326/224301771895
982,domestic_travel,성수,냠냠,candidate,1,[냠냠] 성수동 겉바속촉 끝판왕! '규카츠정' 노른자 톡 터지는...,https://blog.naver.com/hymi326/224301771895
983,food,부산,너네가 있어서 행복해 부산현대미술관,attraction,1,영포티 아니고 올드투앤티,https://blog.naver.com/suerte_0y/224301920390
984,domestic_travel,가평,넓은,candidate,1,"[가평] 사람없는 계곡추천, 단체로 가기 좋은 가평 넓은...",https://blog.naver.com/jenna0406_/224300503547
985,food,제주,넘 좋아 내돈내산 2개 구입 코난해변,travel_spot,1,"[제주시] 제주시 근처 카페 모음 ;) 무상 찻집, 치크 포포, 아베베...",https://blog.naver.com/happy2sy_/224301830265
986,domestic_travel,제주,넘 좋아 내돈내산 2개 구입 코난해변,travel_spot,1,"[제주시] 제주시 근처 카페 모음 ;) 무상 찻집, 치크 포포, 아베베...",https://blog.naver.com/happy2sy_/224301830265
987,food,성수,네이버 플레이스 바로가기 +++ Turtle,restaurant,1,서울성수동 맛집 터틀힙 성수 생일 케이크로 추천하는 성수 핫플,https://blog.naver.com/wowhow112/224298515739
988,domestic_travel,성수,네이버 플레이스 바로가기 +++ Turtle,restaurant,1,서울성수동 맛집 터틀힙 성수 생일 케이크로 추천하는 성수 핫플,https://blog.naver.com/wowhow112/224298515739
989,food,성수,네이버페이,candidate,1,️ 서울 맛동여지도 × 네이버페이|성수·건대 맛집 에서...,https://blog.naver.com/e4bass/224300938973
990,food,종로,노다지포차,candidate,1,[서울 종로 / 노다지포차] 요즘 날씨에 안 가면 손해인 종로...,https://blog.naver.com/greenish-glow/224301659468
991,food,종로,노다지포차 요즘 날씨에 안 가면 손해인 종로,candidate,1,[서울 종로 / 노다지포차] 요즘 날씨에 안 가면 손해인 종로...,https://blog.naver.com/greenish-glow/224301659468
992,domestic_travel,인천,노랑어리연꽃,candidate,1,'노랑어리연꽃' 인천수목원에서 마주한 황금빛 보석을 소개...,https://blog.naver.com/telboda/224300391392
993,food,인천,노량진수산시장,travel_spot,1,일상기록|서울 나들이이이,https://blog.naver.com/vlakd1191/224301901564
994,domestic_travel,인천,노량진수산시장,travel_spot,1,일상기록|서울 나들이이이,https://blog.naver.com/vlakd1191/224301901564
995,food,종로,노우즈에서,candidate,1,종로 맛집 노우즈에서 즐기는 담백한 양식,https://blog.naver.com/annpet/224301402368
996,food,종로,노우즈에서 즐기는 담백한 양식 종각역,candidate,1,종로 맛집 노우즈에서 즐기는 담백한 양식,https://blog.naver.com/annpet/224301402368
997,food,부산,노포,candidate,1,"[메르 댓글 분석] 추억이라는 조미료, 메르의 부산 노포 지도...",https://blog.naver.com/caucasus5642/224298401811
998,food,부산,노포 지도 이번 겨울 부산 여행을 계획 중인,candidate,1,"[메르 댓글 분석] 추억이라는 조미료, 메르의 부산 노포 지도...",https://blog.naver.com/caucasus5642/224298401811
999,food,대구,노포감성,candidate,1,대구 노포감성 제대로인 칠성시작 연탄불고기 찐 맛집 ...,https://blog.naver.com/kate_0522/224301578041
1000,domestic_travel,대구,노포감성,candidate,1,대구 노포감성 제대로인 칠성시작 연탄불고기 찐 맛집 ...,https://blog.naver.com/kate_0522/224301578041
1001,food,대구,노포감성 제대로인 칠성시작 연탄불고기 찐 맛,restaurant,1,대구 노포감성 제대로인 칠성시작 연탄불고기 찐 맛집 ...,https://blog.naver.com/kate_0522/224301578041
1002,domestic_travel,대구,노포감성 제대로인 칠성시작 연탄불고기 찐 맛,restaurant,1,대구 노포감성 제대로인 칠성시작 연탄불고기 찐 맛집 ...,https://blog.naver.com/kate_0522/224301578041
1003,food,종로,노포식당 느낌 만땅 간판이 크기 때문에 지나,restaurant,1,"서울 생갈비 맛집|종로 동묘갈비 한돈 생갈비, 삼겹살...",https://blog.naver.com/jjjeoming/224301042984
1004,food,인천,논현동 맛집 킨지 데이트 하기 좋은 애견동반,restaurant,1,맛집 킨지 : 데이트 하기 좋은 애견동반가능 일본 가정식 맛집,https://blog.naver.com/luv_sssssong/224301952551
1005,food,인천,논현동에서 분위기 좋고 맛까지 제대로 잡은,candidate,1,맛집 킨지 : 데이트 하기 좋은 애견동반가능 일본 가정식 맛집,https://blog.naver.com/luv_sssssong/224301952551
1006,food,강남,논현직영점,candidate,1,[비와별닭갈비 논현직영점] : 강남논현역 신논현역 양많고...,https://blog.naver.com/yeon_ms1202/224301817060
1007,food,부산,놀거리,candidate,1,부산 놀거리 액티비티 부산실탄사격장 : 도파민 팡팡,https://blog.naver.com/suulggu/224301946924
1008,domestic_travel,부산,놀거리,candidate,1,부산 놀거리 액티비티 부산실탄사격장 : 도파민 팡팡,https://blog.naver.com/suulggu/224301946924
1009,food,부산,놀거리 액티비티 부산실탄사격장 도파민 팡팡,candidate,1,부산 놀거리 액티비티 부산실탄사격장 : 도파민 팡팡,https://blog.naver.com/suulggu/224301946924
1010,domestic_travel,부산,놀거리 액티비티 부산실탄사격장 도파민 팡팡,candidate,1,부산 놀거리 액티비티 부산실탄사격장 : 도파민 팡팡,https://blog.naver.com/suulggu/224301946924
1011,food,부산,놀거리 여행 계획 세우다가,candidate,1,부산 놀거리 액티비티 부산실탄사격장 : 도파민 팡팡,https://blog.naver.com/suulggu/224301946924
1012,domestic_travel,부산,놀거리 여행 계획 세우다가,candidate,1,부산 놀거리 액티비티 부산실탄사격장 : 도파민 팡팡,https://blog.naver.com/suulggu/224301946924
1013,domestic_travel,경주,놀거리로,candidate,1,"경주루지월드, 경주 놀거리로 가족과 함께 하는 특별한 체험!",https://blog.naver.com/tjfgmlsla9/224301788578
1014,domestic_travel,경주,놀거리로 가족과 함께 하는 특별한 체험 이,candidate,1,"경주루지월드, 경주 놀거리로 가족과 함께 하는 특별한 체험!",https://blog.naver.com/tjfgmlsla9/224301788578
1015,domestic_travel,가평,놀러 갔다가 레일바이크도 타고 왔어요,restaurant,1,"가평 레일바이크 후기, 온라인 예약 방법 및 소요시간 총정리!",https://blog.naver.com/onlyone3939/224296631733
1016,food,성수,놀러 갔다가 분위기 좋고 음식까지 맛있었던,candidate,1,서울 성수 맛집 마루마끼｜분위기 좋은 데이트 맛집 후토마끼...,https://blog.naver.com/euni_life/224301461112
1017,food,부산,놀러 오셔서 당일치기 하시는 분이나 잠시 짐,candidate,1,부산 서부 사상터미널 짐 보관함 위치 가격,https://blog.naver.com/uruni-blog/224301537135
1018,domestic_travel,부산,놀러 오셔서 당일치기 하시는 분이나 잠시 짐,candidate,1,부산 서부 사상터미널 짐 보관함 위치 가격,https://blog.naver.com/uruni-blog/224301537135
1019,domestic_travel,가평,놀러갔다 왔어요,candidate,1,가평 라라키즈풀빌라 키즈펜션 C2 내돈내산 후기(두가족 여행 ...,https://blog.naver.com/soojeong_524/224299393730
1020,domestic_travel,대전,놀러옴,candidate,1,한중부부 천방지축 5개월 딸 키우기 & 찡아 대전 놀러옴,https://blog.naver.com/minz_kim/224301644182
1021,domestic_travel,대전,놀러옴 우리가 언제만났나 기억도 안남,candidate,1,한중부부 천방지축 5개월 딸 키우기 & 찡아 대전 놀러옴,https://blog.naver.com/minz_kim/224301644182
1022,food,인천,놀이공원,travel_spot,1,"인천 지하철 타고 떠나는 바다 감성 여행 , 월미도 여행 제대로...",https://blog.naver.com/richplacefestival/224296083070
1023,domestic_travel,인천,놀이공원,travel_spot,1,"인천 지하철 타고 떠나는 바다 감성 여행 , 월미도 여행 제대로...",https://blog.naver.com/richplacefestival/224296083070
1024,food,광주,놀이방식당,restaurant,1,"광주 아이랑 가기 좋은 캠핑바베큐, 헬로우텍사스 솔직후기",https://blog.naver.com/hamkke_haru/224301768952
1025,domestic_travel,광주,놀이방식당,restaurant,1,"광주 아이랑 가기 좋은 캠핑바베큐, 헬로우텍사스 솔직후기",https://blog.naver.com/hamkke_haru/224301768952
1026,domestic_travel,가평,농가식당,restaurant,1,2026 자라섬꽃페스타 방문 후기 바로마켓 가평점에서 전국...,https://blog.naver.com/heunggeuli/224300968585
1027,domestic_travel,가평,농부시장,travel_spot,1,2026 자라섬꽃페스타 방문 후기 바로마켓 가평점에서 전국...,https://blog.naver.com/heunggeuli/224300968585
1028,food,대전,느끼고 싶을 때 방문하면 너무 좋은 문화동커피,cafe,1,대전 문화동커피 맛집 스페셜티 카페 베타니아,https://blog.naver.com/mallanglab/224301868009
1029,domestic_travel,대전,느끼고 싶을 때 방문하면 너무 좋은 문화동커피,cafe,1,대전 문화동커피 맛집 스페셜티 카페 베타니아,https://blog.naver.com/mallanglab/224301868009
1030,food,성수,느낌보다는 편하게 밥 먹기 좋은 식당,restaurant,1,"성수 글로리 닭칼국수, 따뜻한 한옥 분위기 한 끼",https://blog.naver.com/dasanenv/224301947877
1031,domestic_travel,인천,느즈막히 셋이서 9시를 넘기고 1층 플라츠레스토랑,restaurant,1,[인천/영종도] 서울근교여행 지 '영종도1박2일 ' 즐거웠던...,https://blog.naver.com/sullemgogo/224297325563
1032,domestic_travel,강릉,는 나 첫 홍합밥 개존맛이다 진짜 강릉가면 식당,restaurant,1,이십육년 오월,https://blog.naver.com/sun0e-/224301496072
1033,domestic_travel,광주,는 매번 바뀌는데 이번에 전시,attraction,1,오월의 청춘 (보고 싶다),https://blog.naver.com/jeonhw0808/224301826067
1034,food,광주,는 솔로 29기 영숙 영자 순자 광주 여행 맛집,restaurant,1,나는 솔로 29기 영숙 영자 순자 광주 여행 맛집 코스 다갔다!...,https://blog.naver.com/tkfkdwlqhouse/224301927684
1035,food,제주,는 저녁 식사였다 집에 갈 땐 해가 져버림 호텔,travel_spot,1,[제주 2박 3일] 이번 여행 최고 맛집 소규모식탁,https://blog.naver.com/lkekes2/224301890878
1036,domestic_travel,제주,는 저녁 식사였다 집에 갈 땐 해가 져버림 호텔,travel_spot,1,[제주 2박 3일] 이번 여행 최고 맛집 소규모식탁,https://blog.naver.com/lkekes2/224301890878
1037,food,성수,능동미나리,candidate,1,[성수 맛집 ] 능동미나리 성수 솔직 후기! 미나리곰탕과...,https://blog.naver.com/ejl0304-/224301729809
1038,domestic_travel,성수,능동미나리,candidate,1,[성수 맛집 ] 능동미나리 성수 솔직 후기! 미나리곰탕과...,https://blog.naver.com/ejl0304-/224301729809
1039,food,성수,능동미나리 능동 미나리곰탕 육회비,candidate,1,"[ 성수 ] 성수 맛집 , 능동미나리 (능동 미나리곰탕, 육회비빔밥...",https://blog.naver.com/watermeloneluv/224301713328
1040,food,성수,능동미나리 성수지점 안녕하세요 오늘은 성수,candidate,1,"[ 성수 ] 성수 맛집 , 능동미나리 (능동 미나리곰탕, 육회비빔밥...",https://blog.naver.com/watermeloneluv/224301713328
1041,food,광주,다 상무지구 cgv 건물 11층에 상무지구 다이닝,restaurant,1,광주 상무지구 뷔페 다이닝원 주말 내돈내산 솔직후기,https://blog.naver.com/didue_/224301810519
1042,food,대구,다 오늘은 대구에서 유명한 삼덕동 횟집 칠성시장,travel_spot,1,(소) ] 상다리 부러지는 푸짐함 대구 삼덕동 횟집 추천,https://blog.naver.com/m__moooon/224301925212
1043,domestic_travel,대구,다 오늘은 대구에서 유명한 삼덕동 횟집 칠성시장,travel_spot,1,(소) ] 상다리 부러지는 푸짐함 대구 삼덕동 횟집 추천,https://blog.naver.com/m__moooon/224301925212
1044,domestic_travel,광주,다녀오고,candidate,1,식단일기) 5월 마지막 주,https://blog.naver.com/lazyreviews/224301721696
1045,domestic_travel,제주,다녀오기,candidate,1,제주도 1박2일과 5월 말 일상,https://blog.naver.com/osmm022/224301535226
1046,food,대전,다녀온,candidate,1,연휴에 다녀온 대전 1박2일 여행 코스! 놀고 먹고 야구보고 또...,https://blog.naver.com/sun0e_dailylife/224298876940
1047,domestic_travel,대전,다녀온,candidate,1,연휴에 다녀온 대전 1박2일 여행 코스! 놀고 먹고 야구보고 또...,https://blog.naver.com/sun0e_dailylife/224298876940
1048,food,수원,다녀온,candidate,1,당일치기 로 다녀온 수원 행궁동 여행 ..,https://blog.naver.com/uyalogg/224301893245
1049,domestic_travel,가평,다녀온,candidate,1,강아지 2마리랑 다녀온 가평 음악의 숲 B동 후기 (정말 너무...,https://blog.naver.com/gpwls931121/224298991368
1050,food,광주,다녀옴,candidate,1,해산물과 매운탕까지 든든하게 즐기기 좋은 경기광주 맛집 다녀옴,https://blog.naver.com/mijin_2679/224301951173
1051,food,광주,다녀옴 깔끔하게 정돈된 실내를 둘러보며,candidate,1,해산물과 매운탕까지 든든하게 즐기기 좋은 경기광주 맛집 다녀옴,https://blog.naver.com/mijin_2679/224301951173
1052,domestic_travel,대구,다녀왔던 날 귀여운 부자 종이접기 책 커밍쑨,candidate,1,#5월_일기,https://blog.naver.com/editor_yu/224301524264
1053,domestic_travel,대구,다녀왔던 일기 포스팅 할게요 대구 현지인 친,candidate,1,마 대구 좀치네 (대구 현지인 당일치기 코스 추천),https://blog.naver.com/kthkomo/224301739551
1054,food,부산,다다닥N짜오미솥 회식까지 만족했던 신상 맛집,restaurant,1,해운대 맛집 다다닥N짜오미솥... 회식까지 만족했던 신상 맛집,https://blog.naver.com/epsl1739/224301950079
1055,domestic_travel,부산,다다닥N짜오미솥 회식까지 만족했던 신상 맛집,restaurant,1,해운대 맛집 다다닥N짜오미솥... 회식까지 만족했던 신상 맛집,https://blog.naver.com/epsl1739/224301950079
1056,food,부산,다대포,candidate,1,부산 다대포 / 갑오징어 주문했는데 서비스가 이 정도라고?...,https://blog.naver.com/bomflow_/224301933994
1057,domestic_travel,부산,다대포,candidate,1,부산 다대포 해수욕장 국내 당일치기 바다 남해 여행 코스 추천,https://blog.naver.com/pjwmms1125/224301916341
1058,food,부산,다대포 갑오징어 주문했는데 서비스가 이 정도,candidate,1,부산 다대포 / 갑오징어 주문했는데 서비스가 이 정도라고?...,https://blog.naver.com/bomflow_/224301933994
1059,domestic_travel,부산,다대포 해수욕장 국내 당일치기 남해 바다 여,restaurant,1,부산 다대포 해수욕장 국내 당일치기 바다 남해 여행 코스 추천,https://blog.naver.com/pjwmms1125/224301916341
1060,domestic_travel,부산,다대포 해수욕장 국내 당일치기 바다 남해 여,restaurant,1,부산 다대포 해수욕장 국내 당일치기 바다 남해 여행 코스 추천,https://blog.naver.com/pjwmms1125/224301916341
1061,domestic_travel,부산,다대포 해수욕장은 해변 폭 3백 미터 총 길,travel_spot,1,부산 다대포 해수욕장 국내 당일치기 바다 남해 여행 코스 추천,https://blog.naver.com/pjwmms1125/224301916341
1062,food,부산,다대포에서 인생 다대포 해수욕장 일몰 구경,candidate,1,다대포 고기집 끼룩이네 부산 갈매기살 맛집 진짜가 나타났다,https://blog.naver.com/reselience/224301918641
1063,food,성수,다면 구경하기 좋은 곳 성수동 핫플 RSG 팝업,popup,1,성수동 핫플 팝업 데우스 x 킹크로치 반지 목걸이,https://blog.naver.com/303diary/224301944075
1064,domestic_travel,성수,다면 구경하기 좋은 곳 성수동 핫플 RSG 팝업,popup,1,성수동 핫플 팝업 데우스 x 킹크로치 반지 목걸이,https://blog.naver.com/303diary/224301944075
1065,food,대구,다사대실,candidate,1,대구 다사대실 속눈썹펌 맛집 자연스럽고 유지력 좋은곳...,https://blog.naver.com/ssh_1047/224301862742
1066,food,대구,다사대실 속눈썹펌 맛집 자연스럽고 유지력 좋,restaurant,1,대구 다사대실 속눈썹펌 맛집 자연스럽고 유지력 좋은곳...,https://blog.naver.com/ssh_1047/224301862742
1067,food,대구,다사대실역 근처에 있어서 금방 찾을수,candidate,1,대구 다사대실 속눈썹펌 맛집 자연스럽고 유지력 좋은곳...,https://blog.naver.com/ssh_1047/224301862742
1068,domestic_travel,제주,다시,candidate,1,나 다시 제주도 갈래,https://blog.naver.com/shindu3111/224301462577
1069,food,제주,다양한 볼거리와 먹거리가 있지만 그중 제주하,candidate,1,제주고기국수맛집 김지훈고기국수 제주본점,https://blog.naver.com/306_1203/224301145378
1070,domestic_travel,제주,다양한 볼거리와 먹거리가 있지만 그중 제주하,candidate,1,제주고기국수맛집 김지훈고기국수 제주본점,https://blog.naver.com/306_1203/224301145378
1071,domestic_travel,강릉,단오제,candidate,1,6월의 강원 추천 여행 지는? 강릉 단오제! 화천 파크골프장!,https://blog.naver.com/gwdoraeyo/224297862469
1072,domestic_travel,강릉,단오제 화천 파크골프장 강원여행,candidate,1,6월의 강원 추천 여행 지는? 강릉 단오제! 화천 파크골프장!,https://blog.naver.com/gwdoraeyo/224297862469
1073,domestic_travel,가평,단체,candidate,1,가평 단체 펜션 추천 소란캠프｜대성리 MT·워크숍·가평 당일...,https://blog.naver.com/yeajoo412/224300474454
1074,food,수원,단체모임하기,candidate,1,[수원 맛집 ] 단체모임하기 좋고... 호매실 소고기 맛집 '우원소',https://blog.naver.com/i_zero_97/224301917371
1075,food,종로,단체모임하기,candidate,1,"[ 서울 종로] 단체모임하기 딱 좋은, 종각역 맛집 육석관",https://blog.naver.com/eunnyberry_/224300899608
1076,food,종로,단체모임하기 딱 좋은 종각역 맛집 육석관 편,restaurant,1,"[ 서울 종로] 단체모임하기 딱 좋은, 종각역 맛집 육석관",https://blog.naver.com/eunnyberry_/224300899608
1077,food,제주,달가든하우스,candidate,1,제주 달가든하우스 예약 꿀팁과 실제 후기 공유,https://blog.naver.com/qxmdudic/224301059025
1078,domestic_travel,제주,달가든하우스,candidate,1,제주 달가든하우스 예약 꿀팁과 실제 후기 공유,https://blog.naver.com/qxmdudic/224301059025
1079,food,부산,달맞이,candidate,1,부산 달맞이 스프링힐,https://blog.naver.com/jingbae_/224301938389
1080,food,성수,달맞이,candidate,1,성수동 맛집 :) 분위기 좋은 레트로 술집 '성수 달맞이 광장...,https://blog.naver.com/kbe0911/224301573584
1081,food,부산,달맞이 스프링힐 아 그래놀라요거트볼까지 먹었,candidate,1,부산 달맞이 스프링힐,https://blog.naver.com/jingbae_/224301938389
1082,food,대구,달서구 놀이방있는,candidate,1,대구 대천동 맛집 달서구 놀이방있는 식당 : 적돈 월성본점,https://blog.naver.com/jjinnyyyy/224301927987
1083,food,대구,달서구 선원로53길 34-18 https n,candidate,1,대구 달서구 초복 맛집 홍이네대왕조개전골 조개삼계탕과 100...,https://blog.naver.com/kkyj0070/224301794030
1084,domestic_travel,대구,달서구 선원로53길 34-18 https n,candidate,1,대구 달서구 초복 맛집 홍이네대왕조개전골 조개삼계탕과 100...,https://blog.naver.com/kkyj0070/224301794030
1085,food,대구,달서구 용산1동 멍도리입니당 대구 달서구 용,candidate,1,용산동 먹자골목 맛집 까미생막창 대구 달서구 용산1동,https://blog.naver.com/eg0day/224301824238
1086,domestic_travel,대구,달서구 용산1동 멍도리입니당 대구 달서구 용,candidate,1,용산동 먹자골목 맛집 까미생막창 대구 달서구 용산1동,https://blog.naver.com/eg0day/224301824238
1087,food,대구,달서구 진천동 막창본능 얼마 전 대구 진천동,candidate,1,대구 달서구 진천동 막창본능,https://blog.naver.com/guswl4934/224301950012
1088,food,대구,달서구 초복 맛집 홍이네대왕조개전골 조개삼계,restaurant,1,대구 달서구 초복 맛집 홍이네대왕조개전골 조개삼계탕과 100...,https://blog.naver.com/kkyj0070/224301794030
1089,domestic_travel,대구,달서구 초복 맛집 홍이네대왕조개전골 조개삼계,restaurant,1,대구 달서구 초복 맛집 홍이네대왕조개전골 조개삼계탕과 100...,https://blog.naver.com/kkyj0070/224301794030
1090,food,대구,달성,candidate,1,"대구 달성 논공 달성보 앞 오징어 물회 국수 맛집 , 달성보국수집!",https://blog.naver.com/feb28y/224301789552
1091,food,대구,달성공원,travel_spot,1,[ 국내여행 ] 대구 태능집 : 북성로불고기&우동,https://blog.naver.com/kkokkorun/224301652143
1092,domestic_travel,대구,달성공원,travel_spot,1,[ 국내여행 ] 대구 태능집 : 북성로불고기&우동,https://blog.naver.com/kkokkorun/224301652143
1093,food,성수,달콤애플파이,candidate,1,"호과당 성수 달콤애플파이, 겹겹이 쌓인 페이스트리와 진한...",https://blog.naver.com/paranikid/224301609064
1094,domestic_travel,성수,달콤애플파이,candidate,1,"호과당 성수 달콤애플파이, 겹겹이 쌓인 페이스트리와 진한...",https://blog.naver.com/paranikid/224301609064
1095,food,성수,달콤애플파이 겹겹이 쌓인 페이스트리와 진한,candidate,1,"호과당 성수 달콤애플파이, 겹겹이 쌓인 페이스트리와 진한...",https://blog.naver.com/paranikid/224301609064
1096,domestic_travel,성수,달콤애플파이 겹겹이 쌓인 페이스트리와 진한,candidate,1,"호과당 성수 달콤애플파이, 겹겹이 쌓인 페이스트리와 진한...",https://blog.naver.com/paranikid/224301609064
1097,food,광주,닭갈비,candidate,1,맛집 직장인 점심은 장인닭갈비 점심세트 광주 닭갈비 맛집 ...,https://blog.naver.com/yooom222/224301586866
1098,domestic_travel,광주,닭갈비,candidate,1,맛집 직장인 점심은 장인닭갈비 점심세트 광주 닭갈비 맛집 ...,https://blog.naver.com/yooom222/224301586866
1099,food,광주,닭볶음탕,candidate,1,광주 닭볶음탕 맛집 어쩌다토종닭 몸보신 딱이네~,https://blog.naver.com/jmjm0507ss/224301713475
1100,food,광주,닭볶음탕 맛집 어쩌다토종닭 몸보신 딱이네,restaurant,1,광주 닭볶음탕 맛집 어쩌다토종닭 몸보신 딱이네~,https://blog.naver.com/jmjm0507ss/224301713475
1101,food,수원,닭장맥주,candidate,1,인계동 술집 추천 닭장맥주 수원인계점 핫후라이드 치킨이...,https://blog.naver.com/phi0216/224301948300
1102,food,종로,닭한마리,candidate,1,동대문 삼계탕 종로 닭한마리 맛집 추천 : 한민국 닭한마리,https://blog.naver.com/ksy010915/224301844960
1103,food,강남,담벼락식당,restaurant,1,강남구청역 근처 삼겹살 맛집 룸회식 주차 장소 추천 담벼락식당,https://blog.naver.com/junwlstkfkdd/224301931510
1104,food,부산,담양,candidate,1,"5월의 담양, 부산",https://blog.naver.com/miiiakeem/224301838613
1105,domestic_travel,부산,담양,candidate,1,"5월의 담양, 부산",https://blog.naver.com/miiiakeem/224301838613
1106,food,광주,담양베이커리,cafe,1,[담양/가사문학면] 광주 근교 데이트 추천 야외 버스에서 즐길...,https://blog.naver.com/ksw05128/224301675961
1107,domestic_travel,광주,담양베이커리,cafe,1,[담양/가사문학면] 광주 근교 데이트 추천 야외 버스에서 즐길...,https://blog.naver.com/ksw05128/224301675961
1108,domestic_travel,부산,당감동,candidate,1,부산 당감동 구워주는 고깃집 냉삼 당감 돼지충전소 방문 후기,https://blog.naver.com/jina0513_/224301934479
1109,food,부산,당감동 고깃집 소갈비살 전문점,candidate,1,부산 당감동 고깃집 소갈비살 전문점 <안락정> 내돈내산 간단후기,https://blog.naver.com/hyunjinshe/224301875755
1110,food,부산,당감동 구워주는 고깃집 냉삼 당감 돼지충전소,candidate,1,부산 당감동 구워주는 고깃집 냉삼 당감 돼지충전소 방문 후기,https://blog.naver.com/jina0513_/224301934479
1111,domestic_travel,부산,당감동 구워주는 고깃집 냉삼 당감 돼지충전소,candidate,1,부산 당감동 구워주는 고깃집 냉삼 당감 돼지충전소 방문 후기,https://blog.naver.com/jina0513_/224301934479
1112,domestic_travel,대구,당일,candidate,1,청도 글램핑 숙소 숙박 추천 당일 대구근교 부산근교,https://blog.naver.com/ssukcon/224300200183
1113,domestic_travel,가평,당일,candidate,1,가평 단체 펜션 추천 소란캠프｜대성리 MT·워크숍·가평 당일...,https://blog.naver.com/yeajoo412/224300474454
1114,domestic_travel,가평,당일 가평은 서울 근교라 접근성이 좋아서 친,candidate,1,가평 단체 펜션 추천 소란캠프｜대성리 MT·워크숍·가평 당일...,https://blog.naver.com/yeajoo412/224300474454
1115,domestic_travel,부산,당일치기 4가지 대안 부산에서 인천 영종도에,candidate,1,인스파이어 아레나 교통 부산 당일치기 4가지 대안,https://blog.naver.com/freelife_dip/224301682948
1116,domestic_travel,대구,당일치기 가 궁금하다면 4월 29일 블로그를,candidate,1,"5월, 가정에만 있는 달",https://blog.naver.com/zimnnnnnii/224301849538
1117,domestic_travel,대전,당일치기 가기로 해서 부지런하게,candidate,1,"[05/25-05/31] #22 빵, 면, 과자 서서히 줄여나가기 도전",https://blog.naver.com/ggb06104/224301810690
1118,domestic_travel,강릉,당일치기 가능하긴 하다 다만 좀 피곤하다 양,candidate,1,06) 5월의 낮과 밤,https://blog.naver.com/wkdrlgkdgkdjfrnfemf/224301858742
1119,domestic_travel,부산,당일치기 갓다왓어 버스 놓칠뻔,candidate,1,5월 보물지도,https://blog.naver.com/d_hye8/224301858796
1120,domestic_travel,경주,당일치기 갓다왓어 불국사를 먼저 갓는데 먹음,candidate,1,4~5월 월말 정산: 재수로부터 살아남기,https://blog.naver.com/wo0niyam/224301805431
1121,domestic_travel,경주,당일치기 구경,candidate,1,2026년 5월달 기록,https://blog.naver.com/fbgptjd2022/224301562429
1122,food,대전,당일치기 그린그린 컨셉은 코르T,candidate,1,더위,https://blog.naver.com/k_031006/224301906423
1123,domestic_travel,대전,당일치기 그린그린 컨셉은 코르T,candidate,1,더위,https://blog.naver.com/k_031006/224301906423
1124,food,부산,당일치기 기차 타자마자 오랜만에 만났다구 선,candidate,1,花樣年華,https://blog.naver.com/jyj123mm2004/224301932081
1125,domestic_travel,부산,당일치기 기차 타자마자 오랜만에 만났다구 선,candidate,1,花樣年華,https://blog.naver.com/jyj123mm2004/224301932081
1126,food,대전,당일치기 꿈돌이 택시 타고,candidate,1,05,https://blog.naver.com/sang_me_e/224301786639
1127,domestic_travel,대전,당일치기 꿈돌이 택시 타고,candidate,1,05,https://blog.naver.com/sang_me_e/224301786639
1128,domestic_travel,대전,당일치기 끝- 정밀 초음파 포스팅도 얼른 해,candidate,1,"임산부 혼자 대전뿌시기 (feat, 성심당)",https://blog.naver.com/mila_im/224301916503
1129,domestic_travel,강릉,당일치기 나 하고올까 하고 말하자 마자 생각,candidate,1,강릉 가오리찜 맛집 이모네 생선찜 내돈내산 리뷰,https://blog.naver.com/spdhfh12/224301480350
1130,food,대구,당일치기 돌아다니다가 일터도 보고 친정팀 본,candidate,1,정신병 야호-!,https://blog.naver.com/chohyun1221/224301897130
1131,domestic_travel,대구,당일치기 돌아다니다가 일터도 보고 친정팀 본,candidate,1,정신병 야호-!,https://blog.naver.com/chohyun1221/224301897130
1132,domestic_travel,강릉,당일치기 뚜벅이 여행 5 16 토 청량리역,candidate,1,강릉 뚜벅이 당일치기 토요일 눈치게임 성공(툇마루...,https://blog.naver.com/rmaaywls/224301514626
1133,domestic_travel,강릉,당일치기 뚜벅이여행 01 강릉 KTX 이음,candidate,1,서울 강릉 KTX 시간표 요금 시간 정리,https://lefthusband.tistory.com/657
1134,domestic_travel,강릉,당일치기 라는뜻 여의도중 운동장,candidate,1,May 26,https://blog.naver.com/xuonz/224301938309
1135,domestic_travel,경주,당일치기 라면 감포의 간판 없는 자연산 회 식당,restaurant,1,전현무계획 시즌3 11회 경주 맛집,https://blog.naver.com/letsfindout_hub/224299626301
1136,domestic_travel,가평,당일치기 라면 남이섬과 묶어서 하루에 두 곳,candidate,1,2026 자라섬 꽃 페스타 완벽 가이드|입장료·주차...,https://blog.naver.com/namuwah/224301645888
1137,domestic_travel,대전,당일치기 레쓰고,candidate,1,이제는 느긋함을 배워가보자!,https://blog.naver.com/jamlog_/224301616520
1138,domestic_travel,대구,당일치기 레츠가 기릿입니다,candidate,1,[대구] 대프리카 되기 전 대구 당일치기 (야당 낭만 full),https://blog.naver.com/meck-kkabi/224301442481
1139,domestic_travel,가평,당일치기 로 딱 좋고 뚜벅이도 전혀 불편함,candidate,1,2026 자라섬 꽃 페스타 완벽 가이드|입장료·주차...,https://blog.naver.com/namuwah/224301645888
1140,domestic_travel,대구,당일치기 를 갔는데 여행지 도장깨기하고 내,candidate,1,5월,https://blog.naver.com/2seohyeon10/224301438752
1141,food,대전,당일치기 를 갔다왔습니다 체력이 없는 30대,candidate,1,대전 당일치기 여행 ㅣ 파티셰리러츠 코페부쉬 정동문화사...,https://blog.naver.com/choe8341/224301698756
1142,domestic_travel,대전,당일치기 를 갔다왔습니다 체력이 없는 30대,candidate,1,대전 당일치기 여행 ㅣ 파티셰리러츠 코페부쉬 정동문화사...,https://blog.naver.com/choe8341/224301698756
1143,food,대전,당일치기 를 다녀왔는데요 성심당이 워낙 유명,candidate,1,"대전여행 : 성심당 망고시루 순수롤 털기, 소제동 맛집...",https://blog.naver.com/easyciga/224301796932
1144,domestic_travel,대전,당일치기 를 다녀왔는데요 성심당이 워낙 유명,candidate,1,"대전여행 : 성심당 망고시루 순수롤 털기, 소제동 맛집...",https://blog.naver.com/easyciga/224301796932
1145,domestic_travel,부산,당일치기 를 다녀왔어 야구 하나만을 위해서,candidate,1,2605,https://blog.naver.com/hsmsms10123/224301930579
1146,domestic_travel,대구,당일치기 를 떠나보았어요 생일 숫자로 맞춤,candidate,1,VON,https://blog.naver.com/sae0nia/224301934052
1147,domestic_travel,부산,당일치기 모녀여행 이재모대신 인간은 언제나,candidate,1,[5월의 부처님생일맞이 부산 당일치기 모녀여행] 이재모대신...,https://blog.naver.com/ohmyako/224301674723
1148,domestic_travel,부산,당일치기 부산 당일치기 를 해봤어요,candidate,1,[5월 일상] 현재를 살아가보자,https://blog.naver.com/thals0965/224301951721
1149,domestic_travel,부산,당일치기 빠수니2 오빠보러 상영회가야함 빠수,candidate,1,네가 5월,https://blog.naver.com/savemyd4wn/224301891101
1150,domestic_travel,대전,당일치기 빵사냥 성심당 롯데백화점 공주칼국수,candidate,1,"대전 :: 당일치기 빵사냥 성심당 롯데백화점, 공주칼국수...",https://blog.naver.com/huiroun/224301513950
1151,domestic_travel,대전,당일치기 성심당만 가기 저 대전 당일치기 다,candidate,1,5月의 초여름,https://blog.naver.com/jaetwo_-/224301802763
1152,domestic_travel,가평,당일치기 아이와 여행 오픈런,candidate,1,5월 가평 당일치기 아이와 여행,https://blog.naver.com/83_miri/224296134781
1153,domestic_travel,강릉,당일치기 안녕하세요 이번에는 강원도 강릉으로,candidate,1,강원도 강릉 가볼만한 곳 BEST 5 중앙시장 월화거리 안목해변,https://blog.naver.com/sophiachae0723/224301666386
1154,domestic_travel,강릉,당일치기 애들과 어느 날처럼 술자리를 가지다,candidate,1,06) 5월의 낮과 밤,https://blog.naver.com/wkdrlgkdgkdjfrnfemf/224301858742
1155,domestic_travel,인천,당일치기 여행,candidate,1,2026.05⋆｡ °•,https://blog.naver.com/noeyhan___/224301746426
1156,food,대전,당일치기 여행,candidate,1,대전 당일치기 여행 ㅣ 파티셰리러츠 코페부쉬 정동문화사...,https://blog.naver.com/choe8341/224301698756
1157,domestic_travel,대전,당일치기 여행,candidate,1,대전 당일치기 여행 ㅣ 파티셰리러츠 코페부쉬 정동문화사...,https://blog.naver.com/choe8341/224301698756
1158,domestic_travel,가평,당일치기 여행 계획 중인 분 출처 한국관광공,candidate,1,"사진 찍으러 갔다가 하루 순삭되는 곳, 2026 Colorful Garden...",https://blog.naver.com/richplacefestival/224300435643
1159,food,수원,당일치기 여행 다음에 또 놀러와야지,candidate,1,당일치기 로 다녀온 수원 행궁동 여행 ..,https://blog.naver.com/uyalogg/224301893245
1160,food,대구,당일치기 여행 세연콩국 불로동고분군 대구 더,candidate,1,"5월, 대구 당일치기 여행 (세연콩국 / 불로동고분군 / 대구 더...",https://blog.naver.com/rlaekqls0300/224301778570
1161,domestic_travel,대구,당일치기 여행 세연콩국 불로동고분군 대구 더,candidate,1,"5월, 대구 당일치기 여행 (세연콩국 / 불로동고분군 / 대구 더...",https://blog.naver.com/rlaekqls0300/224301778570
1162,food,대전,당일치기 여행 쌈 계속 싸먹어버려,candidate,1,대구 언니랑 대전 당일치기 여행,https://blog.naver.com/ahel1004/224301953971
1163,domestic_travel,대전,당일치기 여행 쌈 계속 싸먹어버려,candidate,1,대구 언니랑 대전 당일치기 여행,https://blog.naver.com/ahel1004/224301953971
1164,domestic_travel,대전,당일치기 여행 이렇게 여행 주제로 블로그 쓰,candidate,1,대전 당일치기 여행,https://blog.naver.com/isoyul_04/224301480587
1165,food,대구,당일치기 여행 이번 여행은 아주 즉흥적으로,candidate,1,"5월, 대구 당일치기 여행 (세연콩국 / 불로동고분군 / 대구 더...",https://blog.naver.com/rlaekqls0300/224301778570
1166,domestic_travel,대구,당일치기 여행 이번 여행은 아주 즉흥적으로,candidate,1,"5월, 대구 당일치기 여행 (세연콩국 / 불로동고분군 / 대구 더...",https://blog.naver.com/rlaekqls0300/224301778570
1167,domestic_travel,강릉,당일치기 여행 코스,candidate,1,"강릉 당일치기 여행 코스｜오봉이 해물칼국수, 안목해변...",https://blog.naver.com/mingry96/224295748670
1168,food,수원,당일치기 여행 행궁동에 가보고 싶어서 수원,candidate,1,[30살 5월 기록] 5월은 오이와 초록에 사랑에 빠져,https://blog.naver.com/nai960404/224301737320
1169,domestic_travel,강릉,당일치기 여행가서 사온거,candidate,1,2026. 5,https://blog.naver.com/soyoung48541/224301678199
1170,domestic_travel,제주,당일치기 여행과 이전,candidate,1,제주 탐나는전 10% 소품샵 선물가게 제주소나이 마그넷,https://blog.naver.com/normaler0_0/224301609151
1171,domestic_travel,대전,당일치기 여행을 계획했다 진짜 대전 맨날 뭐,candidate,1,대전 당일치기 ( *❛ᴗ❛* ),https://blog.naver.com/gobonglove_/224301719560
1172,domestic_travel,제주,당일치기 여행을 다녀왔다 쇠소깍 카약 체험과,candidate,1,제주 탐나는전 10% 소품샵 선물가게 제주소나이 마그넷,https://blog.naver.com/normaler0_0/224301609151
1173,domestic_travel,강릉,당일치기 여행을 다녀왔어요 서울에서 강릉 당,candidate,1,"강릉 당일치기 여행 코스 추천 강문해변, 툇마루, 중앙시장...",https://blog.naver.com/jing2vov/224301586874
1174,domestic_travel,경주,당일치기 여행을 마무리했어요,candidate,1,"5월 경주 나들이, 당일치기 로 다녀오기 좋은 곳",https://blog.naver.com/a_jhj37/224301479890
1175,domestic_travel,강릉,당일치기 여행을 왔어요 연휴라 차가 많이 막,candidate,1,강원도_강릉_ 당일치기 여행(오죽헌_먹부림),https://blog.naver.com/cm-sj/224301843834
1176,domestic_travel,대전,당일치기 여행이라면 야구 경기나 주말 나들이,candidate,1,성심당 멜론케이크 오픈런 전 필독: 메론시루 가격·판매수량...,https://blog.naver.com/betterthanever0810/224300681557
1177,domestic_travel,가평,당일치기 완벽 가이드 용문산 경기도가족여행,candidate,1,[가족 여행 시리즈] 양평·가평 당일치기 완벽 가이드|용문산...,https://blog.naver.com/smo0313/224295408661
1178,domestic_travel,강릉,당일치기 인 저희는 물과 함께,candidate,1,강릉 이모네생선찜 드디어 먹어봄!(주차/예약 방법/가격),https://blog.naver.com/maximum_min/224301448433
1179,domestic_travel,경주,당일치기 저 묘 - 뷰 - 에서 먹은 카눌레,candidate,1,무심하게 행복하세요,https://blog.naver.com/71817e/224301722723
1180,domestic_travel,가평,당일치기 정답 가평 아침고요수목원,candidate,1,가평 당일치기 정답 가평 아침고요수목원 수국축제 잣두부정식...,https://blog.naver.com/minago_/224300304123
1181,domestic_travel,가평,당일치기 정답 가평 아침고요수목원 수국축제,attraction,1,가평 당일치기 정답 가평 아침고요수목원 수국축제 잣두부정식...,https://blog.naver.com/minago_/224300304123
1182,domestic_travel,제주,당일치기 제주도명소 마라도짜장면 제주도핫플,candidate,1,"제주 당일치기 ,제주도명소,마라도짜장면,제주도핫플...",https://blog.naver.com/soran0001/224298109541
1183,domestic_travel,부산,당일치기 준비를 합니다 비오는 새벽 대전역입,candidate,1,"2026년 5월, 마지막 힐링주간.",https://blog.naver.com/lee-yuri/224301932956
1184,food,대전,당일치기 포스팅 곧 쪄보겟슨,candidate,1,4월,https://blog.naver.com/ordinarymoment_/224301768342
1185,domestic_travel,대전,당일치기 포스팅 곧 쪄보겟슨,candidate,1,4월,https://blog.naver.com/ordinarymoment_/224301768342
1186,food,광주,당일치기 포스팅을 하도록 하겠습니당,candidate,1,광주 당일치기ㅣ송정 동성떡갈비 부터 우일선 선교사 사택까지,https://blog.naver.com/travel_sukjin/224301918717
1187,domestic_travel,광주,당일치기 포스팅을 하도록 하겠습니당,candidate,1,광주 당일치기ㅣ송정 동성떡갈비 부터 우일선 선교사 사택까지,https://blog.naver.com/travel_sukjin/224301918717
1188,domestic_travel,제주,당일치기 하루 중 몇시간동안은 아기를 엄마에,candidate,1,5월 비오는 날의 제주 후닥딱 당일치기 ☔️✈️️,https://blog.naver.com/bambii0/224301620607
1189,domestic_travel,경주,당일치기 황리단길 점심은 황남두꺼비에서 먹었,candidate,1,워너k 일상 경주 황리단길 당일치기 무료 공영주차장 정보,https://blog.naver.com/bokyeong77777/224301513801
1190,food,대전,당일치기로 다녀오기 좋은 대전 관광지로 대전,candidate,1,대전 성심당 망고시루 대전 핫플 당일치기 관광지 빵지순례,https://blog.naver.com/rafiuta/224301256354
1191,domestic_travel,대전,당일치기로 다녀오기 좋은 대전 관광지로 대전,candidate,1,대전 성심당 망고시루 대전 핫플 당일치기 관광지 빵지순례,https://blog.naver.com/rafiuta/224301256354
1192,food,부산,대 파스타 맛집 키노 가성비 끝판왕 양식당,restaurant,1,부산대 파스타 맛집 키노 가성비 끝판왕 양식당 모임 장소로 추천,https://blog.naver.com/dlagytls87/224301768886
1193,domestic_travel,부산,대 파스타 맛집 키노 가성비 끝판왕 양식당,restaurant,1,부산대 파스타 맛집 키노 가성비 끝판왕 양식당 모임 장소로 추천,https://blog.naver.com/dlagytls87/224301768886
1194,food,부산,대 NC백화점 여름 샤브샤브 부산대 맛집,restaurant,1,부산대 NC백화점 /여름 샤브샤브 부산대 맛집 [로운샤브],https://blog.naver.com/ajummaw/224301951424
1195,food,부산,대게,candidate,1,"부산 대게 맛집 ｜연산동 동백대게수산 연산점, 살이 꽉 찬...",https://blog.naver.com/ddori_e/224301820337
1196,domestic_travel,부산,대게,candidate,1,"부산 대게 맛집 ｜연산동 동백대게수산 연산점, 살이 꽉 찬...",https://blog.naver.com/ddori_e/224301820337
1197,food,부산,대게좋은날,candidate,1,동래 외식365 대게좋은날 부산 킹크랩 대게 맛집,https://blog.naver.com/gagulog/224301831352
1198,domestic_travel,인천,대공원,travel_spot,1,주말 가볼만한곳 인천대공원 장미원 실시간 개화 상황 그늘막...,https://blog.naver.com/heizin/224300663561
1199,domestic_travel,인천,대교와 영종부두랑도 가깝고,candidate,1,영종도 숙소:> 에어스카이 호텔 :기분전환하러 가볍게 다녀오기...,https://blog.naver.com/bbozzaki__/224301611040
1200,domestic_travel,부산,대구 광주 목포 버스터미널 인천 부산 고속버,candidate,1,부산 고속버스터미널 시간표 정보안내 하기,https://bluebeat.tistory.com/350
1201,food,종로,대구 이자카야 찾으시는 분들 여기 정말,candidate,1,[대구/중구] 종로 분위기 있는 이자카야 ' 요바나시 ' 솔직 후기,https://blog.naver.com/emothing_/224301841919
1202,domestic_travel,부산,대구근교,candidate,1,청도 글램핑 숙소 숙박 추천 당일 대구근교 부산근교,https://blog.naver.com/ssukcon/224300200183
1203,domestic_travel,가평,대대 엄청 귀여운 사진도 많이 건짐,candidate,1,"26.05가평/춘천[남이섬]애견동반,남이섬 배 시간표,가격",https://blog.naver.com/sea_20/224295891512
1204,food,대전,대덕구,candidate,1,대전 대덕구 중리동 조기종의향미각 본점 솔직 후기!...,https://blog.naver.com/mishu-/224301912955
1205,domestic_travel,대전,대덕구,candidate,1,대전 대덕구 중리동 조기종의향미각 본점 솔직 후기!...,https://blog.naver.com/mishu-/224301912955
1206,food,대전,대덕구 중리동 조기종의향미각 본점 솔직,candidate,1,대전 대덕구 중리동 조기종의향미각 본점 솔직 후기!...,https://blog.naver.com/mishu-/224301912955
1207,domestic_travel,대전,대덕구 중리동 조기종의향미각 본점 솔직,candidate,1,대전 대덕구 중리동 조기종의향미각 본점 솔직 후기!...,https://blog.naver.com/mishu-/224301912955
1208,food,종로,대련집,candidate,1,서울 종로 맛집 대련집 풍자 또간집 노포 칼국수 보쌈 추천!,https://blog.naver.com/azflask/224301070185
1209,food,종로,대련집 풍자 또간집 노포 칼국수 보쌈,candidate,1,서울 종로 맛집 대련집 풍자 또간집 노포 칼국수 보쌈 추천!,https://blog.naver.com/azflask/224301070185
1210,domestic_travel,경주,대릉원 감사합니다,candidate,1,6월 경주 가볼 만한 곳 경주 대릉원 포토존 위치,https://blog.naver.com/teddyjun/224301512017
1211,domestic_travel,경주,대릉원 목련 명소와 포토존 위치 및 만개 시,candidate,1,2026 경주 대릉원 목련 명소와 포토존 위치 및 만개 시기 안내,https://blog.naver.com/lscparticular/224301843683
1212,domestic_travel,경주,대릉원 산책로와 목련 명소로서의 가치 대릉원,candidate,1,2026 경주 대릉원 목련 명소와 포토존 위치 및 만개 시기 안내,https://blog.naver.com/lscparticular/224301843683
1213,domestic_travel,경주,대릉원 야행 등 여러 전통마을 야간 행사가,candidate,1,아산 외암마을 야행 — 조선시대 밤마실로 떠나는 특별한 하룻밤,https://blog.naver.com/victory0133/224301499285
1214,domestic_travel,부산,대마도 배편,candidate,1,부산 대마도 배편 쓰시마링크 가격 대비 만족도,https://blog.naver.com/footing39579/224301429370
1215,domestic_travel,부산,대마도 배편 노바호로 떠나는 알찬 여행 해외,restaurant,1,"일본만 부산 대마도 배편, 노바호로 떠나는 알찬 여행",https://blog.naver.com/darkchefs/224300813561
1216,domestic_travel,부산,대마도 배편 당일치기 여행 구매즉시확정 쓰시,candidate,1,부산 대마도 배편 당일치기 여행 구매즉시확정 쓰시마링크호...,https://blog.naver.com/brand_h/224300090409
1217,food,대구,대봉동,candidate,1,대구 대봉동 예물전문 결혼반지 수누주얼리 계약하고 온 후기,https://blog.naver.com/mina4622/224301944817
1218,food,대구,대봉동 예물전문 결혼반지 수누주얼리 계약하고,candidate,1,대구 대봉동 예물전문 결혼반지 수누주얼리 계약하고 온 후기,https://blog.naver.com/mina4622/224301944817
1219,domestic_travel,가평,대성리역,candidate,1,"[가평 대성리역 닭갈비 맛집] ""대성리 대가집"" 애견동반 가능한...",https://blog.naver.com/dmsgmleogns/224295868011
1220,domestic_travel,가평,대성리역 닭갈비 맛집 대성리 대가집 애견동반,restaurant,1,"[가평 대성리역 닭갈비 맛집] ""대성리 대가집"" 애견동반 가능한...",https://blog.naver.com/dmsgmleogns/224295868011
1221,domestic_travel,부산,대전중앙시장,travel_spot,1,대전이 이렇게 좋았어? 당일치기 여행 코스 Best5,https://blog.naver.com/whqufdl37/224301687117
1222,domestic_travel,제주,대전중앙시장,travel_spot,1,대전이 이렇게 좋았어? 당일치기 여행 코스 Best5,https://blog.naver.com/whqufdl37/224301687117
1223,food,제주,대접받는,candidate,1,"## **[제주 맛집 ] 대접받는 느낌 물씬, 부모님과 가기 좋은...",https://blog.naver.com/nasang0223/224301915263
1224,domestic_travel,제주,대접받는,candidate,1,"## **[제주 맛집 ] 대접받는 느낌 물씬, 부모님과 가기 좋은...",https://blog.naver.com/nasang0223/224301915263
1225,food,제주,대접받는 느낌 물씬 부모님과 가기 좋은,candidate,1,"## **[제주 맛집 ] 대접받는 느낌 물씬, 부모님과 가기 좋은...",https://blog.naver.com/nasang0223/224301915263
1226,domestic_travel,제주,대접받는 느낌 물씬 부모님과 가기 좋은,candidate,1,"## **[제주 맛집 ] 대접받는 느낌 물씬, 부모님과 가기 좋은...",https://blog.naver.com/nasang0223/224301915263
1227,domestic_travel,가평,대중교통 이동 팁 축제,attraction,1,자라섬 꽃축제 2026 지금 가도 될까? 일정·입장료·셔틀...,https://blog.naver.com/betterthanever0810/224298653145
1228,food,대구,대천동,candidate,1,대구 대천동 맛집 달서구 놀이방있는 식당 : 적돈 월성본점,https://blog.naver.com/jjinnyyyy/224301927987
1229,food,대구,대천동 맛집 달서구 놀이방있는 식당,restaurant,1,대구 대천동 맛집 달서구 놀이방있는 식당 : 적돈 월성본점,https://blog.naver.com/jjinnyyyy/224301927987
1230,food,대구,대천동 맛집 달서구 놀이방있는 식당 적돈 월,restaurant,1,대구 대천동 맛집 달서구 놀이방있는 식당 : 적돈 월성본점,https://blog.naver.com/jjinnyyyy/224301927987
1231,food,대전,대청호,candidate,1,"대전 대청호 맛집 슈하스코 추천, 더리스",https://blog.naver.com/ruzicoo/224301833350
1232,domestic_travel,대전,대청호,candidate,1,“ 서울 보다 덜 알려져 더 예쁜 대전 대청호 장미축제”,https://blog.naver.com/3050035/224295646828
1233,food,대전,대청호 장미축제,attraction,1,대청호 장미축제 실시간 개화현황과 무료 주차 꿀팁 총정리,https://blog.naver.com/issueletter365/224301618826
1234,domestic_travel,대전,대청호 장미축제 매년 5월이 되면 사람들은,attraction,1,“ 서울 보다 덜 알려져 더 예쁜 대전 대청호 장미축제”,https://blog.naver.com/3050035/224295646828
1235,domestic_travel,대전,대청호 장미축제 서울 보다 더 예쁜 비밀 여,attraction,1,“ 서울 보다 덜 알려져 더 예쁜 대전 대청호 장미축제”,https://blog.naver.com/3050035/224295646828
1236,domestic_travel,대전,대청호 장미축제 서울 보다 덜 알려져 더 예,attraction,1,“ 서울 보다 덜 알려져 더 예쁜 대전 대청호 장미축제”,https://blog.naver.com/3050035/224295646828
1237,food,대전,대청호반자연수변공원,travel_spot,1,대청호 장미축제 실시간 개화현황과 무료 주차 꿀팁 총정리,https://blog.naver.com/issueletter365/224301618826
1238,domestic_travel,대전,대청호반자연수변공원,travel_spot,1,대청호 장미축제 실시간 개화현황과 무료 주차 꿀팁 총정리,https://blog.naver.com/issueletter365/224301618826
1239,food,대전,대청호장미축제,attraction,1,대청호 장미축제 실시간 개화현황과 무료 주차 꿀팁 총정리,https://blog.naver.com/issueletter365/224301618826
1240,domestic_travel,대전,대청호장미축제,attraction,1,대청호 장미축제 실시간 개화현황과 무료 주차 꿀팁 총정리,https://blog.naver.com/issueletter365/224301618826
1241,domestic_travel,경주,대추밭백한의원,candidate,1,경주 대추밭백한의원 예약방법 꿀팁 성공후기 삼신할배,https://blog.naver.com/yebao_/224301780296
1242,food,부산,대파스타,restaurant,1,부산 부산대파스타 5성급 호텔출신쉐프 레스토랑 추천 앰슐랭...,https://blog.naver.com/busan_sinnam/224301954714
1243,food,부산,대파스타 5성급 호텔,restaurant,1,부산 부산대파스타 5성급 호텔출신쉐프 레스토랑 추천 앰슐랭...,https://blog.naver.com/busan_sinnam/224301954714
1244,food,부산,대파스타 5성급 호텔출신쉐프 레스토랑 추,restaurant,1,부산 부산대파스타 5성급 호텔출신쉐프 레스토랑 추천 앰슐랭...,https://blog.naver.com/busan_sinnam/224301954714
1245,domestic_travel,제주,대표 관광지 중 하나인 천지연폭포를,candidate,1,제주 서귀포 천지연폭포 야간명소 주차장 정보,https://blog.naver.com/ssoyeon_yoon/224301699889
1246,domestic_travel,부산,대표 수국 성지 태종사 수국축제 부산에서 수,attraction,1,부울경 수국 명소 총정리 부산 태종사부터 거제 저구항·울산...,https://blog.naver.com/dlsgur234/224301143226
1247,domestic_travel,가평,대표 수상레저 클럽워터 직영펜션에서 올여름,travel_spot,1,가평 직영펜션|CLUB WATER,https://blog.naver.com/clubwate/224295985764
1248,food,성수,대표치즈케이크,candidate,1,서울 대표치즈케이크 성수동 페리엔 서울 치즈케이크 4구 포장...,https://blog.naver.com/jjigongju/224300912047
1249,domestic_travel,성수,대표치즈케이크,candidate,1,서울 대표치즈케이크 성수동 페리엔 서울 치즈케이크 4구 포장...,https://blog.naver.com/jjigongju/224300912047
1250,food,부산,대표커피,cafe,1,부산 여행 중 들르기 좋은 모모스커피 본점 후기,https://blog.naver.com/uk7517/224301941664
1251,domestic_travel,부산,대표커피,cafe,1,부산 여행 중 들르기 좋은 모모스커피 본점 후기,https://blog.naver.com/uk7517/224301941664
1252,domestic_travel,대구,대프리카,candidate,1,[대구] 대프리카 되기 전 대구 당일치기 (야당 낭만 full),https://blog.naver.com/meck-kkabi/224301442481
1253,domestic_travel,대구,대프리카 되기 전 대구 당일치기 야당 낭만,candidate,1,[대구] 대프리카 되기 전 대구 당일치기 (야당 낭만 full),https://blog.naver.com/meck-kkabi/224301442481
1254,food,종로,대학로 블루리본 맛집 호호식당 호호식당,restaurant,1,대학로 블루리본 맛집 '호호식당',https://blog.naver.com/artisttt824/224300806731
1255,food,대구,대한양꼬치 2호점 대구 동구 각산동 양꼬치 맛집,restaurant,1,[대한양꼬치 2호점] 대구 동구 각산동 / 양꼬치 맛집,https://blog.naver.com/quokka-cola/224301575826
1256,domestic_travel,대구,대한양꼬치 2호점 대구 동구 각산동 양꼬치 맛집,restaurant,1,[대한양꼬치 2호점] 대구 동구 각산동 / 양꼬치 맛집,https://blog.naver.com/quokka-cola/224301575826
1257,domestic_travel,경주,대형,candidate,1,경주 대형 카페 데이지 명소 바실라 주차 및 꽃구경 개화 상황...,https://blog.naver.com/yungvely89/224301599389
1258,domestic_travel,경주,대형카페 꽃 맛집 바실라입니다 이곳은 이미,cafe,1,경주 대형 카페 데이지 명소 바실라 주차 및 꽃구경 개화 상황...,https://blog.naver.com/yungvely89/224301599389
1259,food,대전,대흥동,candidate,1,[대전] 대흥동 과일 한 가득 크레이프롤 맛집 ‘올드하우스’,https://blog.naver.com/doridori_min2/224301876461
1260,food,대전,대흥동 과일 한 가득 크레이프롤 맛집 올드하,restaurant,1,[대전] 대흥동 과일 한 가득 크레이프롤 맛집 ‘올드하우스’,https://blog.naver.com/doridori_min2/224301876461
1261,food,성수,더 핫한 달그락뭉티기 성내점 인데요 올림픽공원,travel_spot,1,강동구청역 맛집 달그락뭉티기... 신선함 인정 올림픽공원 맛집 후기,https://blog.naver.com/07_889/224301581003
1262,domestic_travel,성수,더 핫한 달그락뭉티기 성내점 인데요 올림픽공원,travel_spot,1,강동구청역 맛집 달그락뭉티기... 신선함 인정 올림픽공원 맛집 후기,https://blog.naver.com/07_889/224301581003
1263,food,부산,더로하 더로하 아기 옷 신세계센텀시티 부산 팝업,popup,1,더로하) 더로하 아기 옷 신세계센텀시티 부산 팝업 방문 후기,https://blog.naver.com/hero3198/224301796444
1264,domestic_travel,부산,더로하 더로하 아기 옷 신세계센텀시티 부산 팝업,popup,1,더로하) 더로하 아기 옷 신세계센텀시티 부산 팝업 방문 후기,https://blog.naver.com/hero3198/224301796444
1265,food,인천,더맛있는족발보쌈,candidate,1,[인천 맛집 ] 임학동 맛집 “더맛있는족발보쌈 인천임학점”...,https://blog.naver.com/tjdth503/224301919311
1266,domestic_travel,제주,더본호텔,travel_spot,1,"꼬맹이를 맡기고 떠난 제주도 여행 , 다시 행복해질 용기를 얻다",https://blog.naver.com/step0110/224301673596
1267,food,강남,더타코부스,candidate,1,강남역타코 더타코부스 강남점에 다녀왔습니다!!,https://blog.naver.com/kimhj8702/224301948451
1268,food,대구,더현대 대구 양식 맛집 와인웍스 대구점,restaurant,1,[더현대 대구 맛집 ] 더현대 대구 양식 맛집 와인웍스 대구점...,https://blog.naver.com/jsv1234a/224301888891
1269,food,성수,더현대서울 모찌모찌 팝업,popup,1,더현대서울 모찌모찌 팝업 디저트 기간 메뉴 가격 냉장보관,https://blog.naver.com/beaming_with_s/224301591725
1270,domestic_travel,제주,더현대서울전시,attraction,1,print bakery x 왈종미술관 에디션 런칭 전시 <제주 생활의...,https://blog.naver.com/hootooteee/224301878991
1271,domestic_travel,가평,더힐독채펜션 프라이빗 독채에서 즐긴 힐링 가,travel_spot,1,가평 더힐독채펜션 프라이빗 독채에서 즐긴 힐링 가족 여행,https://blog.naver.com/hse729/224299998889
1272,food,제주,덕구,candidate,1,[하남 맛집 ]제주덕구:제주느낌 물씬 오겹살 맛집,https://blog.naver.com/kdoctoreom/224301618779
1273,domestic_travel,제주,덕구,candidate,1,[하남 맛집 ]제주덕구:제주느낌 물씬 오겹살 맛집,https://blog.naver.com/kdoctoreom/224301618779
1274,domestic_travel,제주,덜해요 부천 백만송이장미원은 주택가 가까운 공원,travel_spot,1,"국내 6월 여행 지 추천 8곳, 꽃축제부터 제주 가족코스까지 한...",https://blog.naver.com/yhking119/224297580534
1275,domestic_travel,제주,데 실제로는 뻔한 그래서 약간 떨어진 광치기해변,travel_spot,1,제주 성산일출봉 차박 새벽 풍경 충격이었습니다,https://blog.naver.com/medic3939/224301089266
1276,food,광주,데려감,candidate,1,봄 리뷰,https://blog.naver.com/shinsiwol/224301598607
1277,domestic_travel,광주,데려감,candidate,1,봄 리뷰,https://blog.naver.com/shinsiwol/224301598607
1278,food,강남,데바스테이트 늦은 밤에도 좋은 로스터리 커피,cafe,1,청담동카페 데바스테이트 늦은 밤에도 좋은 로스터리 커피 맛집,https://blog.naver.com/eianna00/224301879612
1279,food,강남,데바스테이트 청담 로스터리 감성 가득한 커피,cafe,1,데바스테이트|청담 로스터리 감성 가득한 커피 맛집 후기,https://blog.naver.com/ellyluv00/224301877433
1280,food,성수,데이릿,candidate,1,서울 성수 데이릿 퓨전한식 맛집 데이트 추천,https://blog.naver.com/gjekdud0155/224300487407
1281,domestic_travel,성수,데이릿,candidate,1,서울 성수 데이릿 퓨전한식 맛집 데이트 추천,https://blog.naver.com/gjekdud0155/224300487407
1282,food,성수,데이릿 퓨전한식 맛집 데이트,restaurant,1,서울 성수 데이릿 퓨전한식 맛집 데이트 추천,https://blog.naver.com/gjekdud0155/224300487407
1283,domestic_travel,성수,데이릿 퓨전한식 맛집 데이트,restaurant,1,서울 성수 데이릿 퓨전한식 맛집 데이트 추천,https://blog.naver.com/gjekdud0155/224300487407
1284,domestic_travel,경주,데이지 핫플 로 유명하죠 저는,candidate,1,경주 대형 카페 데이지 명소 바실라 주차 및 꽃구경 개화 상황...,https://blog.naver.com/yungvely89/224301599389
1285,food,성수,데이트,candidate,1,"성수 데이트 코스 추천, 연못 뷰가 예쁜 ㅣ""ETF베이커리 성수""",https://blog.naver.com/kye3103/224301795991
1286,domestic_travel,성수,데이트,candidate,1,"성수 데이트 코스 추천, 연못 뷰가 예쁜 ㅣ""ETF베이커리 성수""",https://blog.naver.com/kye3103/224301795991
1287,domestic_travel,강릉,데이트,candidate,1,"( 국내 여행 ) 강원도 강릉 데이트, 가족여행 하기 좋은곳 오죽헌...",https://blog.naver.com/jks106405/224301506799
1288,food,대구,데이트,candidate,1,대구 가볼만한곳 대구꽃박람회 엑스코 대구 데이트 코스 놀거리...,https://blog.naver.com/homibike/224301373762
1289,domestic_travel,대구,데이트,candidate,1,대구 가볼만한곳 대구꽃박람회 엑스코 대구 데이트 코스 놀거리...,https://blog.naver.com/homibike/224301373762
1290,domestic_travel,강릉,데이트 가족여행 하기 좋은곳 오죽헌 싶다,candidate,1,"( 국내 여행 ) 강원도 강릉 데이트, 가족여행 하기 좋은곳 오죽헌...",https://blog.naver.com/jks106405/224301506799
1291,domestic_travel,가평,데이트 가평봄꽃여행,candidate,1,2026 자라섬 꽃 페스타 꽃축제|일정 주차 할인 꿀팁,https://blog.naver.com/nizekk/224299703527
1292,food,종로,데이트 개나리아구찜 맛집 구운대창구이아구찜,restaurant,1,종로 데이트 개나리아구찜 맛집 구운대창구이아구찜 비주얼...,https://blog.naver.com/soso_common_day/224301571495
1293,food,성수,데이트 한일상회 고기룸 토마스베이커리,cafe,1,성수동 맛집 카페 데이트 한일상회 고기룸 토마스베이커리...,https://blog.naver.com/monday-sunday-/224301525486
1294,domestic_travel,성수,데이트 한일상회 고기룸 토마스베이커리,cafe,1,성수동 맛집 카페 데이트 한일상회 고기룸 토마스베이커리...,https://blog.naver.com/monday-sunday-/224301525486
1295,domestic_travel,가평,데이트코스,candidate,1,가평 데이트코스 자라섬 남도꽃정원 봄꽃축제,https://blog.naver.com/coo_coo1/224301239484
1296,food,성수,데이트할,candidate,1,성수 맛집 데이트할 때 가기 좋은 리타르단도(독특한 라구번이...,https://blog.naver.com/dd_yae24/224301732022
1297,domestic_travel,성수,데이트할,candidate,1,성수 맛집 데이트할 때 가기 좋은 리타르단도(독특한 라구번이...,https://blog.naver.com/dd_yae24/224301732022
1298,food,성수,데이트할 때 가기 좋은 리타르단도 독특,candidate,1,성수 맛집 데이트할 때 가기 좋은 리타르단도(독특한 라구번이...,https://blog.naver.com/dd_yae24/224301732022
1299,domestic_travel,성수,데이트할 때 가기 좋은 리타르단도 독특,candidate,1,성수 맛집 데이트할 때 가기 좋은 리타르단도(독특한 라구번이...,https://blog.naver.com/dd_yae24/224301732022
1300,food,강남,데일리픽스,candidate,1,[내돈내산]강민경도 인정한 수제버거 맛집 ! 강남 데일리픽스...,https://blog.naver.com/lovely_2102/224301280672
1301,food,강남,데일리픽스 중독성 있는 맛,candidate,1,[내돈내산]강민경도 인정한 수제버거 맛집 ! 강남 데일리픽스...,https://blog.naver.com/lovely_2102/224301280672
1302,domestic_travel,제주,도 6월 가볼 만한 곳 반딧불이 축제,attraction,1,제주도 6월 가볼 만한 곳 반딧불이 축제 산양큰엉곶,https://blog.naver.com/jejuguree/224301883305
1303,food,인천,도 많고 해변,travel_spot,1,여름휴가 비용 부담된다면? 가성비 최고 국내 여행 지 이곳,https://blog.naver.com/silu-/224300891623
1304,domestic_travel,인천,도 많고 해변,travel_spot,1,여름휴가 비용 부담된다면? 가성비 최고 국내 여행 지 이곳,https://blog.naver.com/silu-/224300891623
1305,domestic_travel,인천,도 아이와 가볼 만한 곳 파라다이스시티 는 호텔,travel_spot,1,인천 영종도 파라다이스시티 시그니처 조형물과 야외정원...,https://blog.naver.com/ssumuse/224301536821
1306,domestic_travel,부산,도 있었는데요 바로 아라가야의 불꽃 팝업전시,popup,1,경남 함안 가볼만한곳 말이산고분군 나홀로나무 가족 피크닉!,https://blog.naver.com/honeybees07/224301909401
1307,domestic_travel,제주,도 해수욕장 개장일 제주 이호테우 해변,travel_spot,1,제주도 해수욕장 개장일 제주 이호테우 해변 추천,https://blog.naver.com/mok5022/224301727366
1308,food,성수,도도한면,candidate,1,성수 맛집 도도한면｜한정판 갈치우동·크림자루우동 솔직후기,https://blog.naver.com/mia_estoy_aqui/224301547292
1309,domestic_travel,성수,도도한면,candidate,1,성수 맛집 도도한면｜한정판 갈치우동·크림자루우동 솔직후기,https://blog.naver.com/mia_estoy_aqui/224301547292
1310,food,제주,도민들도 줄 서서 먹는다는 진짜 로컬 핫플,candidate,1,"제주 공항 근처 맛집 , 진한 국물이 일품인 신제주 보말칼국수...",https://blog.naver.com/kongkong_log/224301743920
1311,food,제주,도민부부 데이트비양도 맛있는상생축제,attraction,1,"제주도민부부 데이트비양도,맛있는상생축제",https://blog.naver.com/couple_jeju/224301935027
1312,domestic_travel,제주,도민부부 데이트비양도 맛있는상생축제,attraction,1,"제주도민부부 데이트비양도,맛있는상생축제",https://blog.naver.com/couple_jeju/224301935027
1313,food,대구,도서관 옆 길 건너에 있는 한결같은식당 내,restaurant,1,[대구 맛집 ] 한결같은식당 감성 가정식식당 내돈내산 방문 리뷰,https://blog.naver.com/revieww__/224301888524
1314,domestic_travel,부산,도심 속 편리함과 리조트,travel_spot,1,부산 해운대 자쿠지 호텔 아늑 리조트앤 스파 시그니처 스위트...,https://blog.naver.com/jihyejino_o/224301924022
1315,domestic_travel,인천,도심속공원,travel_spot,1,주말 가볼만한곳 인천대공원 장미원 실시간 개화 상황 그늘막...,https://blog.naver.com/heizin/224300663561
1316,food,대전,도안,candidate,1,대전 도안 대대손손 닭볶음탕 맛집 후기안녕하세요 여러분!,https://blog.naver.com/prdnocty/224297640656
1317,food,대전,도안동,candidate,1,대전 도안동 원신흥동 점심 맛집 한알천 본점 ! 닭한마리 칼국수...,https://blog.naver.com/ahnjs7883/224301891567
1318,food,대전,도안동 원신흥동 점심 맛집 한알천 본점 닭한,restaurant,1,대전 도안동 원신흥동 점심 맛집 한알천 본점 ! 닭한마리 칼국수...,https://blog.naver.com/ahnjs7883/224301891567
1319,food,제주,도에서 만난 인생 커피,cafe,1,"제주도에서 만난 인생 커피,제주에서 “제일 맛있는”커피...",https://blog.naver.com/naldada_/224301615695
1320,domestic_travel,제주,도에서 만난 인생 커피,cafe,1,"제주도에서 만난 인생 커피,제주에서 “제일 맛있는”커피...",https://blog.naver.com/naldada_/224301615695
1321,food,제주,도여행,candidate,1,[제주] 카페 청굴물 / 제주여행코스/ 제주도여행/ 제주 가볼만한...,https://blog.naver.com/puresquid/224301939706
1322,domestic_travel,제주,도여행,candidate,1,[제주] 카페 청굴물 / 제주여행코스/ 제주도여행/ 제주 가볼만한...,https://blog.naver.com/puresquid/224301939706
1323,food,성수,도죠,candidate,1,5월 [ 도죠 성수 / 카페 413프로젝트 성수 / 실비집 수유...,https://blog.naver.com/i_m313kkk/224297130310
1324,domestic_travel,경주,독채,candidate,1,경주 독채 한옥숙소 추천! 가성비 좋은 토담스테이 후기,https://blog.naver.com/demisoda90/224301932694
1325,domestic_travel,가평,독채펜션 까사스위스 수영장 에어바운스 계곡,restaurant,1,"가평 독채펜션 까사스위스 수영장, 에어바운스, 계곡...",https://blog.naver.com/walkinginthewinter/224301756697
1326,food,성수,돈까스,candidate,1,성수 돈까스 맛집 코시 우동 모듬가츠 맛집 뚝섬역 직장인...,https://blog.naver.com/pepper_c/224301941846
1327,food,성수,돈까스 맛집 코시 우동 모듬가츠 맛집 뚝섬역,restaurant,1,성수 돈까스 맛집 코시 우동 모듬가츠 맛집 뚝섬역 직장인...,https://blog.naver.com/pepper_c/224301941846
1328,food,종로,돈부리,candidate,1,"을지로3가 점심 , 종각역 점심 ) 종로 돈부리, 달떡볶이, 진작, 더...",https://blog.naver.com/leeyou3602/224301888456
1329,food,종로,돈부리 달떡볶이 진작 더 종로돈부리,candidate,1,"을지로3가 점심 , 종각역 점심 ) 종로 돈부리, 달떡볶이, 진작, 더...",https://blog.naver.com/leeyou3602/224301888456
1330,food,종로,돈화문로11다길 14-2 종로3가역 삼겹살맛집,restaurant,1,을지로] 종로3가역 고기 맛집 < 진주대박집>,https://blog.naver.com/yesooook/224301219818
1331,food,성수,동 3대 디저트 맛집,cafe,1,성수동 3대 디저트 맛집 호과당,https://blog.naver.com/greenbluepurple/224301899847
1332,food,성수,동 감성 한식 다이닝,restaurant,1,성수동 감성 한식 다이닝 '아웃오브오더' 후기/성수역 맛집 추천,https://blog.naver.com/heyon979/224301568165
1333,domestic_travel,성수,동 감성 한식 다이닝,restaurant,1,성수동 감성 한식 다이닝 '아웃오브오더' 후기/성수역 맛집 추천,https://blog.naver.com/heyon979/224301568165
1334,food,성수,동 맛집 라멘 멘야포모 색다른 경험 혼밥,restaurant,1,[성수]성수동 맛집 라멘 멘야포모,https://blog.naver.com/jaeeun0885/224301768253
1335,domestic_travel,성수,동 맛집 라멘 멘야포모 색다른 경험 혼밥,restaurant,1,[성수]성수동 맛집 라멘 멘야포모,https://blog.naver.com/jaeeun0885/224301768253
1336,food,성수,동 핫플 팝업,popup,1,성수동 핫플 팝업 데우스 x 킹크로치 반지 목걸이,https://blog.naver.com/303diary/224301944075
1337,domestic_travel,성수,동 핫플 팝업,popup,1,성수동 핫플 팝업 데우스 x 킹크로치 반지 목걸이,https://blog.naver.com/303diary/224301944075
1338,domestic_travel,경주,동경의상실,candidate,1,경주한복대여 동경의상실 경주신라한복 특별한 추억남기기,https://blog.naver.com/74296629/224301927401
1339,food,부산,동구,candidate,1,[부산/동구] 도담샤브|커넥트현대 맛집 추천,https://blog.naver.com/0nebite-/224301919070
1340,domestic_travel,부산,동구,candidate,1,[부산/동구] 도담샤브|커넥트현대 맛집 추천,https://blog.naver.com/0nebite-/224301919070
1341,domestic_travel,대구,동구,candidate,1,[대한양꼬치 2호점] 대구 동구 각산동 / 양꼬치 맛집,https://blog.naver.com/quokka-cola/224301575826
1342,domestic_travel,광주,동구,candidate,1,국내 여행 장미의거리 조선대하교 또다른 매력 포인,https://blog.naver.com/marinblue666/224301275660
1343,domestic_travel,인천,동구,candidate,1,인천 동구 허니문박람회 유용한 팁,https://blog.naver.com/fxxxlptq72328_ei/224300534075
1344,food,대구,동구 각산동 양꼬치 맛집 마라양갈비,restaurant,1,[대한양꼬치 2호점] 대구 동구 각산동 / 양꼬치 맛집,https://blog.naver.com/quokka-cola/224301575826
1345,domestic_travel,대구,동구 각산동 양꼬치 맛집 마라양갈비,restaurant,1,[대한양꼬치 2호점] 대구 동구 각산동 / 양꼬치 맛집,https://blog.naver.com/quokka-cola/224301575826
1346,food,대구,동구 갈만한 곳 동촌유원지 산책 피크닉 +,candidate,1,대구 동구|갈만한 곳 동촌유원지 산책 피크닉 + 근처 맛집...,https://blog.naver.com/ziswo/224301600687
1347,domestic_travel,인천,동구 허니문박람회,attraction,1,인천 동구 허니문박람회 유용한 팁,https://blog.naver.com/fxxxlptq72328_ei/224300534075
1348,domestic_travel,인천,동구 허니문박람회 유용한 팁 어떤 여행 사를,attraction,1,인천 동구 허니문박람회 유용한 팁,https://blog.naver.com/fxxxlptq72328_ei/224300534075
1349,food,대구,동구 효신로5길 85 1층 https nav,candidate,1,[ 요모 ] 대구 신세계백화점 근처 일본 꼬치집 추천|일본 감성...,https://blog.naver.com/monglby0120/224301841799
1350,food,광주,동구리호수공원,travel_spot,1,[전남 화순] 잔잔한 호수 뷰와 초록빛 산책로가 아름다운 곳...,https://blog.naver.com/prettydaily/224301313512
1351,domestic_travel,광주,동구리호수공원,travel_spot,1,[전남 화순] 잔잔한 호수 뷰와 초록빛 산책로가 아름다운 곳...,https://blog.naver.com/prettydaily/224301313512
1352,food,대구,동구에서 꼼장어 맛집 을 찾고 계신 분,restaurant,1,대구 팔공산 맛집 추천 자연산 산꼼장어가 맛있는...,https://blog.naver.com/lily_s2ong/224301772475
1353,food,대구,동대구역 술집 신세계백화점 맛집 백연 공간으,restaurant,1,대구 동대구역 술집 신세계백화점 맛집 백연,https://blog.naver.com/rod1875/224301633277
1354,food,대구,동대구역 술집 신세계백화점 맛집 백연 대구,restaurant,1,대구 동대구역 술집 신세계백화점 맛집 백연,https://blog.naver.com/rod1875/224301633277
1355,food,대구,동대구역 술집 이자카야 백연 모듬회 묵은지,restaurant,1,대구 동대구역 술집|이자카야 백연 : 모듬회 묵은지 맛집,https://blog.naver.com/ggangu2002/224301902576
1356,food,종로,동대문원단시장,travel_spot,1,"광장시장 먹거리 투어 후기, 줄 서서 먹은 맛집 4곳",https://blog.naver.com/yellowbabo/224301203451
1357,food,부산,동래 2차로 가기 좋은 술집 미식가의 연어,restaurant,1,부산 동래 2차로 가기 좋은 술집 미식가의 연어 내돈내산 후기,https://blog.naver.com/s0_lloxl_/224301676100
1358,domestic_travel,부산,동래 2차로 가기 좋은 술집 미식가의 연어,restaurant,1,부산 동래 2차로 가기 좋은 술집 미식가의 연어 내돈내산 후기,https://blog.naver.com/s0_lloxl_/224301676100
1359,food,부산,동래 맛집 수제 야키토리와 명장역술집,restaurant,1,동래 맛집 꼬치홀릭 부산 동래 맛집 수제 야키토리와...,https://blog.naver.com/2025bori/224301923015
1360,domestic_travel,부산,동래 맛집 수제 야키토리와 명장역술집,restaurant,1,동래 맛집 꼬치홀릭 부산 동래 맛집 수제 야키토리와...,https://blog.naver.com/2025bori/224301923015
1361,food,부산,동래 아구찜 맛집 양포항 역시 이날도 아구찜,restaurant,1,"5월 내돈내산 식당 모음｜부산 신가네호떡, 진주 양포항, 고성...",https://blog.naver.com/passion-simple/224301936673
1362,food,부산,동래구,candidate,1,온천장 카페 종종자주 내돈내산 추천 후기,https://blog.naver.com/bomonz/224301782826
1363,domestic_travel,부산,동래구,candidate,1,온천장 카페 종종자주 내돈내산 추천 후기,https://blog.naver.com/bomonz/224301782826
1364,food,부산,동래구 금강공원로 40-1 중앙빌딩 1층 0,travel_spot,1,[부산동래] 온천장 가성비 고기집 추천! 더바른식당 다녀왔어요...,https://blog.naver.com/tnqkr0714/224301948311
1365,food,광주,동림동,candidate,1,[광주] 소주·맥주 2000원!! 광주 동림동 갈매기살 맛집 돼지전설,https://blog.naver.com/arim_dingdong/224301827711
1366,food,광주,동림동 갈매기살 맛집 돼지전설 동림동맛집 돼,restaurant,1,[광주] 소주·맥주 2000원!! 광주 동림동 갈매기살 맛집 돼지전설,https://blog.naver.com/arim_dingdong/224301827711
1367,food,광주,동림동 돼지전설 광주 운남동 돼지전설 광주,candidate,1,[광주] 소주·맥주 2000원!! 광주 동림동 갈매기살 맛집 돼지전설,https://blog.naver.com/arim_dingdong/224301827711
1368,food,광주,동명동,candidate,1,광주 동명동 돌애 내돈내산,https://blog.naver.com/istp-0805/224301790534
1369,food,광주,동명동 돌애 내돈내산 동명동 오징어볶음 바지,restaurant,1,광주 동명동 돌애 내돈내산,https://blog.naver.com/istp-0805/224301790534
1370,food,종로,동묘,candidate,1,"서울 당일치기 데이트|동묘, 종로, 한남, 반포, 명동 다털어!",https://blog.naver.com/yeo_001/224301594259
1371,food,종로,동묘갈비,candidate,1,"서울 생갈비 맛집|종로 동묘갈비 한돈 생갈비, 삼겹살...",https://blog.naver.com/jjjeoming/224301042984
1372,food,제주,동문시장 맛집 명란스낵 3박 4일 먹은 음식,restaurant,1,제주 동문시장 맛집 명란스낵 3박 4일 먹은 음식 중 TOP3였던...,https://blog.naver.com/bomiomi/224301771708
1373,domestic_travel,제주,동문시장 맛집 명란스낵 3박 4일 먹은 음식,restaurant,1,제주 동문시장 맛집 명란스낵 3박 4일 먹은 음식 중 TOP3였던...,https://blog.naver.com/bomiomi/224301771708
1374,food,제주,동문시장 야시장,travel_spot,1,제주 동문시장 야시장 8번 출구 후기! 딱새우회·방어회 먹고...,https://blog.naver.com/22ing2/224301850927
1375,domestic_travel,제주,동문시장 야시장,travel_spot,1,제주 동문시장 야시장 8번 출구 후기! 딱새우회·방어회 먹고...,https://blog.naver.com/22ing2/224301850927
1376,food,제주,동문시장야시장,travel_spot,1,제주 동문시장 야시장 8번 출구 후기! 딱새우회·방어회 먹고...,https://blog.naver.com/22ing2/224301850927
1377,domestic_travel,제주,동문시장야시장,travel_spot,1,제주 동문시장 야시장 8번 출구 후기! 딱새우회·방어회 먹고...,https://blog.naver.com/22ing2/224301850927
1378,domestic_travel,가평,동물원,candidate,1,가족여행/가평 동물원/경기도... 데이트 추천/ 서울근교 여행 지♡,https://blog.naver.com/yunmi8787/224297371931
1379,domestic_travel,제주,동반,candidate,1,26년 5월 일상 (feat. 홍콩&마카오 여행 / 애견 동반 제주도 여행...,https://blog.naver.com/rlatmddust/224301853339
1380,food,부산,동백국밥,candidate,1,부산 동백국밥 프리미엄 한돈 돼지국밥 가격 대비 만족도,https://blog.naver.com/ferricynide6946/224301941169
1381,food,성수,동선 살펴본 내용 성수 맛집 을 찾기,restaurant,1,성수 맛집 고집132 육류 맛있게 먹은 날,https://blog.naver.com/mightydj71/224301341578
1382,food,대구,동성로 맛집 고메스퀘어,restaurant,1,"가족외식으로 좋은 대구 동성로 맛집 , 고메스퀘어...",https://blog.naver.com/dlwlals2729/224301896325
1383,domestic_travel,대구,동성로 맛집 고메스퀘어,restaurant,1,"가족외식으로 좋은 대구 동성로 맛집 , 고메스퀘어...",https://blog.naver.com/dlwlals2729/224301896325
1384,food,대구,동성로 맛집 밥집 카페동이 동성로본점 든든한,cafe,1,대구 동성로 맛집 밥집 카페동이 동성로본점 든든한 가성비...,https://blog.naver.com/naturalree12/224301889537
1385,domestic_travel,대구,동성로 맛집 밥집 카페동이 동성로본점 든든한,cafe,1,대구 동성로 맛집 밥집 카페동이 동성로본점 든든한 가성비...,https://blog.naver.com/naturalree12/224301889537
1386,food,대구,동성로 맛집 신라식당,restaurant,1,대구 동성로 맛집 신라식당 한일점 내돈내산,https://blog.naver.com/mink1004z/224301856634
1387,food,대구,동성로 맛집 신라식당 한일점 내돈내산 연두콩,restaurant,1,대구 동성로 맛집 신라식당 한일점 내돈내산,https://blog.naver.com/mink1004z/224301856634
1388,food,대구,동성로 삼겹살 맛집 참한집 종로점 돼지껍데기,restaurant,1,"대구 동성로 삼겹살 맛집 “참한집 종로점”, 돼지껍데기까지...",https://blog.naver.com/yaejin29/224301830342
1389,domestic_travel,대구,동성로 삼겹살 맛집 참한집 종로점 돼지껍데기,restaurant,1,"대구 동성로 삼겹살 맛집 “참한집 종로점”, 돼지껍데기까지...",https://blog.naver.com/yaejin29/224301830342
1390,food,대구,동성로 타코야끼 맛집 타코비,restaurant,1,동성로 타코야끼 맛집 타코비,https://blog.naver.com/flowe_310/224301922399
1391,food,대구,동성로베이커리,cafe,1,대구 중구 동성로 디저트 맛집 오디너리하우스,https://blog.naver.com/jhslls/224301831107
1392,food,대구,동성로식당,restaurant,1,대구 동성로 양식 맛집 <다나 동성로본점>|데이트 코스...,https://blog.naver.com/ah_rxn/224301693065
1393,domestic_travel,대구,동성로식당,restaurant,1,대구 동성로 양식 맛집 <다나 동성로본점>|데이트 코스...,https://blog.naver.com/ah_rxn/224301693065
1394,food,대구,동성로양식 맛집 청춘양식당,restaurant,1,동성로양식 맛집 청춘양식당 접근성 좋은 가성비 포크...,https://blog.naver.com/dms2ql_/224301746613
1395,food,대구,동성로청춘양식당,restaurant,1,동성로양식 맛집 청춘양식당 접근성 좋은 가성비 포크...,https://blog.naver.com/dms2ql_/224301746613
1396,food,대구,동성로카페 애견동반카페 무던 대구 중구 달구,cafe,1,대구 동성로카페 애견동반카페 무던,https://blog.naver.com/whtnrud19/224301873934
1397,domestic_travel,대구,동성로카페 애견동반카페 무던 대구 중구 달구,cafe,1,대구 동성로카페 애견동반카페 무던,https://blog.naver.com/whtnrud19/224301873934
1398,food,성수,동식당,restaurant,1,[성수 맛집 ] 쫄깃탱탱한 자가제면 우동 맛집 ! ‘도도한면...,https://blog.naver.com/come_and_enjoy/224301117634
1399,domestic_travel,성수,동식당,restaurant,1,[성수 맛집 ] 쫄깃탱탱한 자가제면 우동 맛집 ! ‘도도한면...,https://blog.naver.com/come_and_enjoy/224301117634
1400,food,성수,동의,candidate,1,[성수 카페] 성수동의 복잡한 거리에서 살짝 벗어나...,https://blog.naver.com/age2010/224301755252
1401,domestic_travel,성수,동의,candidate,1,[성수 카페] 성수동의 복잡한 거리에서 살짝 벗어나...,https://blog.naver.com/age2010/224301755252
1402,food,인천,동인천 빈티지 보물찾기 오슬로우 마켓 축제,attraction,1,[인천/동인천] 빈티지 보물찾기! '오슬로우 마켓' 축제 리얼...,https://blog.naver.com/longblack27/224301835165
1403,domestic_travel,인천,동인천 빈티지 보물찾기 오슬로우 마켓 축제,attraction,1,[인천/동인천] 빈티지 보물찾기! '오슬로우 마켓' 축제 리얼...,https://blog.naver.com/longblack27/224301835165
1404,food,성수,동일식당,restaurant,1,"성수동일식당 메시, 뚝섬역에서 맛있는 일식을 먹을 수 있는 곳",https://blog.naver.com/terim_c/224301924394
1405,domestic_travel,제주,동쪽 가볼만한곳 김녕미로공원,travel_spot,1,만장굴 옆 수국명소 제주 동쪽 가볼만한곳 김녕미로공원,https://blog.naver.com/thebestmaze/224301470835
1406,domestic_travel,제주,동쪽 가볼만한곳 김녕미로공원 제주 여행,travel_spot,1,만장굴 옆 수국명소 제주 동쪽 가볼만한곳 김녕미로공원,https://blog.naver.com/thebestmaze/224301470835
1407,domestic_travel,제주,동쪽 가볼만한곳 비밀의숲,candidate,1,[제주 동쪽 가볼만한곳 ] 비밀의숲 후기｜민트색 캠핑카...,https://blog.naver.com/rlaalsek1/224301936448
1408,domestic_travel,제주,동쪽 가볼만한곳 ATV 승마 체험 뷰제주하늘,candidate,1,제주 동쪽 가볼만한곳 ATV 승마 체험 뷰제주하늘,https://blog.naver.com/jinidag/224301941778
1409,food,제주,동쪽 여행 코스로,candidate,1,"[제주 카페] 여름의 맛을 담다, '웨스턴 그라운드'에서 즐기는...",https://blog.naver.com/nasang0223/224301922592
1410,domestic_travel,제주,동쪽 여행 코스로,candidate,1,"[제주 카페] 여름의 맛을 담다, '웨스턴 그라운드'에서 즐기는...",https://blog.naver.com/nasang0223/224301922592
1411,food,제주,동쪽의 명소이자 핫플 인데요 서핑 레저구역이,candidate,1,"제주동쪽 물놀이 3대장 월정리 해수욕장, 코난비치, 김녕...",https://blog.naver.com/style1031/224301730510
1412,domestic_travel,제주,동쪽의 명소이자 핫플 인데요 서핑 레저구역이,candidate,1,"제주동쪽 물놀이 3대장 월정리 해수욕장, 코난비치, 김녕...",https://blog.naver.com/style1031/224301730510
1413,food,성수,동찐 맛집 호호식당,restaurant,1,[성수동찐 맛집 !!] 호호식당 성수 6년 연속 블루리본 선정의 이유,https://blog.naver.com/wol1000gogo/224299830765
1414,food,대구,동촌,candidate,1,대구 동촌 / 스크린 큰 맛집 추천 ( ᵕ̤ ‧̫̮ ᵕ̤ )...,https://blog.naver.com/theblueship/224301759515
1415,domestic_travel,대구,동촌,candidate,1,대구 동촌 / 스크린 큰 맛집 추천 ( ᵕ̤ ‧̫̮ ᵕ̤ )...,https://blog.naver.com/theblueship/224301759515
1416,domestic_travel,강릉,동해역,candidate,1,청량리역에서 강릉 동해역 KTX 시간표 및 예매 내용정리,https://lefthusband.tistory.com/678
1417,food,대전,돼지갈비,candidate,1,한 입에 스트레스가 싸악!! 대전 돼지갈비 맛집 !! -함초양념갈비,https://blog.naver.com/donggutobak/224301916215
1418,food,대전,돼지갈비 맛집 -함초양념갈비 씩씩이입니다,restaurant,1,한 입에 스트레스가 싸악!! 대전 돼지갈비 맛집 !! -함초양념갈비,https://blog.naver.com/donggutobak/224301916215
1419,food,부산,돼지갈비 맛집 대지숯불갈비,restaurant,1,돼지갈비 맛집 대지숯불갈비 (+웨이팅할 정도의 맛집 인가?!),https://blog.naver.com/dbswldn4604/224301938842
1420,food,대전,돼지갈비 맛집 을 찾아 다녀왔습니다 바로 용,restaurant,1,한 입에 스트레스가 싸악!! 대전 돼지갈비 맛집 !! -함초양념갈비,https://blog.naver.com/donggutobak/224301916215
1421,food,광주,돼지국밥,candidate,1,전현무계획3 광주 돼지국밥 식당 송정역 시장 맛집 추천,https://blog.naver.com/moreandmore-0211/224301910234
1422,domestic_travel,광주,돼지국밥,candidate,1,전현무계획3 광주 돼지국밥 식당 송정역 시장 맛집 추천,https://blog.naver.com/moreandmore-0211/224301910234
1423,food,수원,돼지국밥 맛집 이다 보양 얼큰 고사리 찹쌀누,restaurant,1,인계동 국밥 맛집 신주옥미... 영업에 주차 편한 돼지국밥 맛집,https://blog.naver.com/popozhu/224301946561
1424,food,광주,돼지국밥 식당 송정역 시장,restaurant,1,전현무계획3 광주 돼지국밥 식당 송정역 시장 맛집 추천,https://blog.naver.com/moreandmore-0211/224301910234
1425,domestic_travel,광주,돼지국밥 식당 송정역 시장,restaurant,1,전현무계획3 광주 돼지국밥 식당 송정역 시장 맛집 추천,https://blog.naver.com/moreandmore-0211/224301910234
1426,food,대전,두피관리 탈모관리 두피스케일링 찾으신다면 대,candidate,1,"두피관리 내돈내산 후기, 두피 정밀 진단 후 탈모케어&두피...",https://blog.naver.com/mha0715/224301867744
1427,domestic_travel,대전,두피관리 탈모관리 두피스케일링 찾으신다면 대,candidate,1,"두피관리 내돈내산 후기, 두피 정밀 진단 후 탈모케어&두피...",https://blog.naver.com/mha0715/224301867744
1428,food,대전,둔산동 가츠비 돈까스 맛집 내돈내산 오늘은,restaurant,1,대전 둔산동 '가츠비' 돈까스 맛집 [ 내돈내산 ],https://blog.naver.com/yum-yumlife/224301787713
1429,food,대전,둔산동 불장난 대전 둔산동 술집 안주,restaurant,1,[대전/둔산동] 불장난 대전 둔산동 술집 안주 추천 찐후기,https://blog.naver.com/choyeon-_/224301945672
1430,domestic_travel,대전,둔산동 불장난 대전 둔산동 술집 안주,restaurant,1,[대전/둔산동] 불장난 대전 둔산동 술집 안주 추천 찐후기,https://blog.naver.com/choyeon-_/224301945672
1431,food,대전,둔산동 점심 맛집 가성비 좋은 훈제오리,restaurant,1,대전 맛집 둔산동 점심 맛집 가성비 좋은 훈제오리 점심특선...,https://blog.naver.com/luckeeee/224301821027
1432,domestic_travel,대전,둔산동 점심 맛집 가성비 좋은 훈제오리,restaurant,1,대전 맛집 둔산동 점심 맛집 가성비 좋은 훈제오리 점심특선...,https://blog.naver.com/luckeeee/224301821027
1433,food,대전,둔산동 중식집 불타는 반점 주말 저녁에 방문,candidate,1,대전 둔산동 중식집 불타는 반점,https://blog.naver.com/corinthians15/224301933116
1434,food,대전,둔산동 헤어 맛집 으로 강추 합니다 지갑사정,restaurant,1,( 내돈내산 ) 둔산동미용실 박승철헤어스튜디오 둔산이마트점...,https://blog.naver.com/pinkbluesky_/224301888563
1435,food,대전,둔산동중식당,restaurant,1,대전 둔산동 중식집 불타는 반점,https://blog.naver.com/corinthians15/224301933116
1436,food,대전,둔산본점,candidate,1,[담라 둔산본점] 대전 냉면과 제주 고기를 함께 즐길 수 있는...,https://blog.naver.com/gorilla0316/224301927704
1437,domestic_travel,경주,드라마궁촬영장소,candidate,1,경주데이트장소 드라마궁촬영장소 경주 여행 코스 추천 ...,https://blog.naver.com/momnote_today/224301326867
1438,domestic_travel,대구,드라이브,candidate,1,대구 드라이브 갈 만한곳 여행코스 대구 시티투어 버스,https://blog.naver.com/kkyycc27/224301960085
1439,domestic_travel,광주,드라이브 가볼 만한 곳 고창 청농원 라벤더 축제,attraction,1,광주 근교 드라이브 가볼 만한 곳 고창 청농원 라벤더 축제 주차...,https://blog.naver.com/jgh1318/224301459680
1440,domestic_travel,경주,드라이브를 다녀왔어요 원래 계획은 창원에서,candidate,1,워너k 일상 경주 황리단길 당일치기 무료 공영주차장 정보,https://blog.naver.com/bokyeong77777/224301513801
1441,food,광주,득한 어반피크 건물 1층에 위치한 상무지구 맛집,restaurant,1,상무지구 맛집 연어하다 어반피크 핫플,https://blog.naver.com/kamang2012/224301736270
1442,food,제주,든든한,candidate,1,속 편하고 든든한 제주 표선 점심 메뉴로 보말칼국수 어떠세요,https://blog.naver.com/caimquyaj/224301896900
1443,food,광주,들과 함께 첨단 핫플 마녀의 닭갈비 첨단쌍암공원,travel_spot,1,"[광주 첨단 맛집 ] 친구들과 다녀온 찐 맛집 , '마녀의 닭갈비...",https://blog.naver.com/0527omj/224301931454
1444,domestic_travel,광주,들과 함께 첨단 핫플 마녀의 닭갈비 첨단쌍암공원,travel_spot,1,"[광주 첨단 맛집 ] 친구들과 다녀온 찐 맛집 , '마녀의 닭갈비...",https://blog.naver.com/0527omj/224301931454
1445,domestic_travel,가평,들던 서울에서 1시간 차막히면 아침고요수목원펜션,travel_spot,1,"가평 계곡 촌캉스 펜션, 임초리부뚜막 303호 솥뚜껑 바베큐...",https://blog.naver.com/cjstkdlf007/224301796322
1446,domestic_travel,대전,들르기입니다,candidate,1,제 취미는요 국내여행 갔다가 대전 들르기입니다,https://blog.naver.com/is__j/224301265176
1447,domestic_travel,대전,들르기입니다 은근 재밌었음 비오는 날,candidate,1,제 취미는요 국내여행 갔다가 대전 들르기입니다,https://blog.naver.com/is__j/224301265176
1448,domestic_travel,대전,등 기차로 이동하기 좋은 여행지를 계획하고,candidate,1,코레일 열차 정상 운행 소식｜주말 기차 이용 전 꼭 확인하세요,https://blog.naver.com/boksok72/224301499969
1449,food,수원,디저트 맛집 청23 청이삼 수원 타임빌라스점,cafe,1,수원 디저트 맛집 청23 [청이삼 ] 수원 타임빌라스점 과일산도...,https://blog.naver.com/byulbyullog/224301938806
1450,food,성수,디저트 투어 오시는 분들은 참고해서 방문해보,cafe,1,"성수 디저트 추천, 과일 찹쌀떡 웨이팅 맛집 '한정선'",https://blog.naver.com/devsooki/224300633351
1451,domestic_travel,성수,디저트 투어 오시는 분들은 참고해서 방문해보,cafe,1,"성수 디저트 추천, 과일 찹쌀떡 웨이팅 맛집 '한정선'",https://blog.naver.com/devsooki/224300633351
1452,domestic_travel,제주,디지털관광증,candidate,1,나우다 비짓 제주 디지털관광증 발급하고 관광지 입장료 할인...,https://blog.naver.com/sying925/224301583433
1453,food,제주,디지털관광증 평일 저녁이었는데도 가족 단위,candidate,1,"진짜 제주 야경 끝판왕! 천지연폭포, 42년 만의 재개장 무료...",https://blog.naver.com/review76/224301950344
1454,food,제주,디카페인커피,cafe,1,2026 봄 제주 (2),https://blog.naver.com/newstar814/224301922565
1455,domestic_travel,제주,디카페인커피,cafe,1,2026 봄 제주 (2),https://blog.naver.com/newstar814/224301922565
1456,food,성수,따우전드,candidate,1,따우전드 성수! 미국 감성 힙한 파이 맛집 내돈내산 솔직 후기,https://blog.naver.com/ejl0304-/224301741770
1457,domestic_travel,성수,따우전드,candidate,1,따우전드 성수! 미국 감성 힙한 파이 맛집 내돈내산 솔직 후기,https://blog.naver.com/ejl0304-/224301741770
1458,domestic_travel,가평,딱이었던,candidate,1,가평독채펜션 찾는다면 딱이었던 가평 더힐독채펜션 가족 여행,https://blog.naver.com/haonmom_/224292827901
1459,domestic_travel,강릉,떠나는,candidate,1,[강릉 여행 ] 부모님이랑 즉흥으로 떠나는 강릉 여행 오션뷰 숙소...,https://blog.naver.com/fndmlek/224301938638
1460,domestic_travel,경주,떠나는,candidate,1,여행 으로 떠나는 경주 세계문화유산 시티투어 당일 기차 여행 ...,https://blog.naver.com/ghoug1g/224301646648
1461,domestic_travel,부산,떠나는,candidate,1,망설임은 이제 그만! 씨플라워호 타고 떠나는 부산-대마도...,https://blog.naver.com/darkchefs/224300840980
1462,domestic_travel,제주,떠난,candidate,1,"꼬맹이를 맡기고 떠난 제주도 여행 , 다시 행복해질 용기를 얻다",https://blog.naver.com/step0110/224301673596
1463,food,대전,떡반집,candidate,1,"맛집 ] 대전 떡반집 본점, 치즈 떡볶이에 토스트 조합 내돈내산 ...",https://blog.naver.com/kkag2479/224301782716
1464,food,대전,떡반집 본점 치즈 떡볶이에 토스트 조합 내돈,candidate,1,"맛집 ] 대전 떡반집 본점, 치즈 떡볶이에 토스트 조합 내돈내산 ...",https://blog.naver.com/kkag2479/224301782716
1465,food,부산,떡볶이를 먹으러 부산에 오지는 않겠지만 깡통시장,travel_spot,1,부산 깡통시장 이가네 떡볶이 후기|양념보다 떡이 더...,https://blog.naver.com/seol_lamb/224301943667
1466,domestic_travel,부산,떡볶이를 먹으러 부산에 오지는 않겠지만 깡통시장,travel_spot,1,부산 깡통시장 이가네 떡볶이 후기|양념보다 떡이 더...,https://blog.naver.com/seol_lamb/224301943667
1467,food,수원,또간집,candidate,1,풍자 또간집 수원편 수원역 닭도리탕 맛집 대가주점 월요일...,https://blog.naver.com/hy_days/224300211442
1468,food,제주,또간집,candidate,1,표선 맛집 제주해비치 또간집 제주흑돈세상수라간 표선점...,https://blog.naver.com/96jy119/224301937326
1469,food,수원,또또또간집,candidate,1,"수원 또또또간집 행궁동 맛집 ""로우파이브"" 내돈내산 후기",https://blog.naver.com/beautifulyeonpurple/224301765033
1470,food,수원,또또또간집 행궁동 맛집 로우파이브,restaurant,1,"수원 또또또간집 행궁동 맛집 ""로우파이브"" 내돈내산 후기",https://blog.naver.com/beautifulyeonpurple/224301765033
1471,food,부산,뚜벅이,candidate,1,부산 뚜벅이 여행 1박 2일 코스 총정리 광안리 숙소· 맛집 후기,https://blog.naver.com/joanasjoy/224301772646
1472,domestic_travel,부산,뚜벅이,candidate,1,부산 뚜벅이 여행 1박 2일 코스 총정리 광안리 숙소· 맛집 후기,https://blog.naver.com/joanasjoy/224301772646
1473,food,대구,뚜벅이,candidate,1,대구 뚜벅이 혼자 당일치기 여행 가볼만한곳 추천 코스,https://blog.naver.com/psybobo11/224301904590
1474,domestic_travel,대구,뚜벅이,candidate,1,대구 뚜벅이 혼자 당일치기 여행 가볼만한곳 추천 코스,https://blog.naver.com/psybobo11/224301904590
1475,food,인천,뚜벅이,candidate,1,인천 뚜벅이 데이트 코스｜월미도에서 배 타고 구읍뱃터까지,https://blog.naver.com/vhrwnsu17/224296479417
1476,domestic_travel,강릉,뚜벅이 당일치기 여행 2탄 하슬라 아트월드,candidate,1,강릉 뚜벅이 당일치기 여행 2탄 하슬라 아트월드,https://blog.naver.com/maum085/224301540337
1477,domestic_travel,강릉,뚜벅이 당일치기 여행을 다녀왔어요 강릉 뚜벅,candidate,1,강릉 뚜벅이 당일치기 여행 2탄 하슬라 아트월드,https://blog.naver.com/maum085/224301540337
1478,food,인천,뚜벅이 데이트 코스,candidate,1,인천 뚜벅이 데이트 코스｜월미도에서 배 타고 구읍뱃터까지,https://blog.naver.com/vhrwnsu17/224296479417
1479,domestic_travel,인천,뚜벅이 데이트 코스,candidate,1,인천 뚜벅이 데이트 코스｜월미도에서 배 타고 구읍뱃터까지,https://blog.naver.com/vhrwnsu17/224296479417
1480,food,대구,뚜벅이 혼자 당일치기 여행 가볼만한곳,candidate,1,대구 뚜벅이 혼자 당일치기 여행 가볼만한곳 추천 코스,https://blog.naver.com/psybobo11/224301904590
1481,domestic_travel,대구,뚜벅이 혼자 당일치기 여행 가볼만한곳,candidate,1,대구 뚜벅이 혼자 당일치기 여행 가볼만한곳 추천 코스,https://blog.naver.com/psybobo11/224301904590
1482,domestic_travel,광주,뚜벅이가,candidate,1,뚜벅이가 광주에서 인스파이어 간 후기,https://blog.naver.com/domofun4150/224301689051
1483,food,성수,뚝도시장,travel_spot,1,성수 뚝도시장 서울맛집 내돈내산 후기,https://blog.naver.com/reviewkong/224300749417
1484,domestic_travel,성수,뚝도시장,travel_spot,1,성수 뚝도시장 서울맛집 내돈내산 후기,https://blog.naver.com/reviewkong/224300749417
1485,food,성수,뚝도시장 서울맛집 위치 성수 서울맛집 은 뚝,restaurant,1,성수 뚝도시장 서울맛집 내돈내산 후기,https://blog.naver.com/reviewkong/224300749417
1486,domestic_travel,성수,뚝도시장 서울맛집 위치 성수 서울맛집 은 뚝,restaurant,1,성수 뚝도시장 서울맛집 내돈내산 후기,https://blog.naver.com/reviewkong/224300749417
1487,food,성수,뚝도시장에 위치한 서울맛집 내돈내산 리뷰입니,restaurant,1,성수 뚝도시장 서울맛집 내돈내산 후기,https://blog.naver.com/reviewkong/224300749417
1488,domestic_travel,성수,뚝도시장에 위치한 서울맛집 내돈내산 리뷰입니,restaurant,1,성수 뚝도시장 서울맛집 내돈내산 후기,https://blog.naver.com/reviewkong/224300749417
1489,domestic_travel,성수,뚝섬역,candidate,1,성수 뚝섬역 점심 맛집 이응 국밥｜라멘 같은 국물에 밥...,https://blog.naver.com/s2in____wo/224301586047
1490,food,성수,뚝섬역 뚝섬소금구이 뚝섬역고깃집 성수회식 맛,candidate,1,성수/뚝섬역)뚝섬소금구이 뚝섬역고깃집 성수회식 맛집 ...,https://blog.naver.com/po0302/224301892804
1491,food,성수,뚝섬역 점심 맛집 이응 국밥,restaurant,1,성수 뚝섬역 점심 맛집 이응 국밥｜라멘 같은 국물에 밥...,https://blog.naver.com/s2in____wo/224301586047
1492,domestic_travel,성수,뚝섬역 점심 맛집 이응 국밥,restaurant,1,성수 뚝섬역 점심 맛집 이응 국밥｜라멘 같은 국물에 밥...,https://blog.naver.com/s2in____wo/224301586047
1493,food,성수,뚝섬역고깃집,candidate,1,성수/뚝섬역)뚝섬소금구이 뚝섬역고깃집 성수회식 맛집 ...,https://blog.naver.com/po0302/224301892804
1494,domestic_travel,가평,라라키즈풀빌라,candidate,1,가평 라라키즈풀빌라 키즈펜션 C2 내돈내산 후기(두가족 여행 ...,https://blog.naver.com/soojeong_524/224299393730
1495,domestic_travel,가평,라라키즈풀빌라 키즈펜션 C2 내돈내산,travel_spot,1,가평 라라키즈풀빌라 키즈펜션 C2 내돈내산 후기(두가족 여행 ...,https://blog.naver.com/soojeong_524/224299393730
1496,food,성수,라멘,restaurant,1,서울 성수 라멘 맛집 멘츠루 내돈내산 후기,https://blog.naver.com/eunjin_95-/224301533801
1497,domestic_travel,성수,라멘,restaurant,1,서울 성수 라멘 맛집 멘츠루 내돈내산 후기,https://blog.naver.com/eunjin_95-/224301533801
1498,food,부산,라발스,candidate,1,부산 라발스 호텔 (Lavalse Hotel) AGODA 아고다 할인받기!!,https://blog.naver.com/gotrip2001/224301844079
1499,domestic_travel,부산,라발스,candidate,1,부산 라발스 호텔 (Lavalse Hotel) AGODA 아고다 할인받기!!,https://blog.naver.com/gotrip2001/224301844079
1500,food,부산,라발스 호텔,travel_spot,1,부산 라발스 호텔 (Lavalse Hotel) AGODA 아고다 할인받기!!,https://blog.naver.com/gotrip2001/224301844079
1501,domestic_travel,부산,라발스 호텔,travel_spot,1,부산 라발스 호텔 (Lavalse Hotel) AGODA 아고다 할인받기!!,https://blog.naver.com/gotrip2001/224301844079
1502,food,부산,라발스 호텔 Lavalse Hotel AGO,travel_spot,1,부산 라발스 호텔 (Lavalse Hotel) AGODA 아고다 할인받기!!,https://blog.naver.com/gotrip2001/224301844079
1503,domestic_travel,부산,라발스 호텔 Lavalse Hotel AGO,travel_spot,1,부산 라발스 호텔 (Lavalse Hotel) AGODA 아고다 할인받기!!,https://blog.naver.com/gotrip2001/224301844079
1504,domestic_travel,가평,라벤더축제,attraction,1,서울 근교 라벤더 명소·축제 추천,https://blog.naver.com/trendtravel/224296638515
1505,domestic_travel,가평,라벨르,candidate,1,가평 라벨르 스파 펜션 이용후기｜북한강 근처 감성 숙소,https://blog.naver.com/purier28/224301466660
1506,domestic_travel,가평,라벨르 스파 펜션 이용,travel_spot,1,가평 라벨르 스파 펜션 이용후기｜북한강 근처 감성 숙소,https://blog.naver.com/purier28/224301466660
1507,food,강남,라비옥,candidate,1,역삼동 맛집 고기집 라비옥 강남 구워주는 고깃집 LA갈비 전문점,https://blog.naver.com/sunone018/224301904082
1508,food,대전,랍스터,candidate,1,갓포회담|대전 랍스터 디너 A코스 요리 일식 디너 내돈내산 ...,https://blog.naver.com/dmd_jm/224301897957
1509,domestic_travel,대전,랍스터,candidate,1,갓포회담|대전 랍스터 디너 A코스 요리 일식 디너 내돈내산 ...,https://blog.naver.com/dmd_jm/224301897957
1510,food,제주,랜디스도넛,candidate,1,[제주 애월] 랜디스도넛 제주애월점 내돈내산 솔직후기 주차 팁...,https://blog.naver.com/doorkicker_81/224301546635
1511,domestic_travel,제주,랜디스도넛,candidate,1,[제주 애월] 랜디스도넛 제주애월점 내돈내산 솔직후기 주차 팁...,https://blog.naver.com/doorkicker_81/224301546635
1512,food,수원,럼 핫한 열기로 안주 퀄리티가 웬만한 전문 식당,restaurant,1,분위기 좋은 북유럽 감성 인계동술집! 피크 PEAK 수원인계점,https://blog.naver.com/triraptor07/224301905075
1513,food,성수,레스토랑,restaurant,1,성수동 감성 한식 다이닝 '아웃오브오더' 후기/성수역 맛집 추천,https://blog.naver.com/heyon979/224301568165
1514,domestic_travel,성수,레스토랑,restaurant,1,성수동 감성 한식 다이닝 '아웃오브오더' 후기/성수역 맛집 추천,https://blog.naver.com/heyon979/224301568165
1515,food,강남,레이크 타임 21 00 라스트 오더 유명한 맛집,restaurant,1,압구정 로데오 맛집 /파스타/와인/이탈리안 레스토랑 “일리조”,https://blog.naver.com/lla8460all/224300854787
1516,domestic_travel,가평,레일바이크,restaurant,1,"가평 레일바이크 후기, 온라인 예약 방법 및 소요시간 총정리!",https://blog.naver.com/onlyone3939/224296631733
1517,domestic_travel,가평,레저 장소 찾는 가평여행,candidate,1,서울 근교 레저 추천 가평카트장 체험 후기 가평 가족 여행 코스,https://blog.naver.com/soyeonshin2/224298681623
1518,domestic_travel,강릉,레지던스,candidate,1,아기와 함께한 조용한 호캉스|신라모노그램 강릉 레지던스,https://blog.naver.com/moonsunstar__/224301680559
1519,domestic_travel,강릉,레지던스 강릉 여행,candidate,1,아기와 함께한 조용한 호캉스|신라모노그램 강릉 레지던스,https://blog.naver.com/moonsunstar__/224301680559
1520,food,대구,렌트카,candidate,1,[대구 렌트카 추천]펠리 대차 ➜ Z4 배차 만족도 높은 이유...,https://blog.naver.com/fkrdl1589/224300208562
1521,domestic_travel,대구,렌트카,candidate,1,[대구 렌트카 추천]펠리 대차 ➜ Z4 배차 만족도 높은 이유...,https://blog.naver.com/fkrdl1589/224300208562
1522,domestic_travel,성수,렌트카 제주도 여행을 결정하고 나서 항공권 호텔,travel_spot,1,"제주 여행 , 롯데렌트카 조기반납하고 할인받은 후기(ft. 렌트카...",https://blog.naver.com/marmar09/224301831206
1523,domestic_travel,제주,렌트카 제주도 여행을 결정하고 나서 항공권 호텔,travel_spot,1,"제주 여행 , 롯데렌트카 조기반납하고 할인받은 후기(ft. 렌트카...",https://blog.naver.com/marmar09/224301831206
1524,food,종로,로 3가 야장쪽 메인 로드에 위치한 해산물 맛집,restaurant,1,[영업직 리뷰] 신용산역 목포명가 용산점_ 내돈내산 / 주차꿀팁...,https://blog.naver.com/login-out/224301839795
1525,food,종로,로 88에 위치해 있습니다 종로3가역 을지로맛집,restaurant,1,종로3가 맛집 <종가만두>｜13... 재방문하고 싶은 수제만두 맛집,https://blog.naver.com/kevin6227/224300559052
1526,domestic_travel,가평,로 가평에 방문한다면 한 번쯤 들러볼 만한 베이커리,cafe,1,[경기/가평]르봉뺑:가평 빵집 가평 로컬빵집 가평 맛집추천 ...,https://blog.naver.com/congsssi/224301768878
1527,food,종로,로 내돈내산 종로야장 어디로 갈까 나는 국제시장,travel_spot,1,"[종로] 내돈내산, 종로야장 어디로 갈까 나는 ""국제시장 포차""",https://blog.naver.com/kahu9003/224298659460
1528,food,성수,로 유명한 우이사계입니다 체코 굴뚝빵부터 커피,cafe,1,창동 빙수 도봉구 맛집 디저트 카페 우이사계,https://blog.naver.com/dongddung_/224301808236
1529,food,수원,로 찾아왔나봐요 점심 조금 지난 시간인데도 식당,restaurant,1,"인계동 맛집 주말 점심 , 맛있게 매콤한 수원닭갈비 식당 계화정",https://blog.naver.com/open_yourdoor/224301920514
1530,domestic_travel,강릉,로는 다 즐기기 어렵습니다 강릉 테라로사 커피,cafe,1,2026 강릉단오제 완벽 가이드|풀리니 단오다·프로그램·맛집...,https://blog.naver.com/tvstars23/224301596449
1531,domestic_travel,강릉,로컬,candidate,1,강릉 중앙시장 맛집 교동대게 강릉 로컬 맛집,https://blog.naver.com/lovejsh85/224301939788
1532,food,인천,로컬,candidate,1,동인천 맛집 술집 차이나타운 필수 코스 로컬 인천 맥주 호랑이,https://blog.naver.com/oursophie/224301854503
1533,domestic_travel,강릉,로컬 맛집 강릉 중앙시장 맛집 교동대게 강릉,restaurant,1,강릉 중앙시장 맛집 교동대게 강릉 로컬 맛집,https://blog.naver.com/lovejsh85/224301939788
1534,food,부산,로컬 맛집 집합소 조선시대부터 이어진 전통시,restaurant,1,국내신흥여행지 부산가볼만한곳 동래온천 온천장을 아시나요?,https://blog.naver.com/bintorynim/224301819331
1535,domestic_travel,부산,로컬 맛집 집합소 조선시대부터 이어진 전통시,restaurant,1,국내신흥여행지 부산가볼만한곳 동래온천 온천장을 아시나요?,https://blog.naver.com/bintorynim/224301819331
1536,domestic_travel,가평,로컬빵집,candidate,1,[경기/가평]르봉뺑:가평 빵집 가평 로컬빵집 가평 맛집추천 ...,https://blog.naver.com/congsssi/224301768878
1537,food,광주,록빛 산책로가 아름다운 곳 많아서 산책 후 커피,cafe,1,[전남 화순] 잔잔한 호수 뷰와 초록빛 산책로가 아름다운 곳...,https://blog.naver.com/prettydaily/224301313512
1538,domestic_travel,광주,록빛 산책로가 아름다운 곳 많아서 산책 후 커피,cafe,1,[전남 화순] 잔잔한 호수 뷰와 초록빛 산책로가 아름다운 곳...,https://blog.naver.com/prettydaily/224301313512
1539,food,인천,롯데백화점,candidate,1,"인천 롯데백화점 5월 6월 팝업 모음 / 케이스티파이, slyfox...",https://blog.naver.com/coqocoqo/224301775474
1540,food,대전,롯데백화점,candidate,1,대전 롯데백화점 성심당 망고시루 주말 오픈런 후기 웨이팅...,https://blog.naver.com/z4272z/224301865746
1541,domestic_travel,대전,롯데백화점,candidate,1,대전 롯데백화점 성심당 망고시루 주말 오픈런 후기 웨이팅...,https://blog.naver.com/z4272z/224301865746
1542,food,인천,롯데백화점 5월 6월 팝업,popup,1,"인천 롯데백화점 5월 6월 팝업 모음 / 케이스티파이, slyfox...",https://blog.naver.com/coqocoqo/224301775474
1543,food,대전,롯데백화점 성심당 망고시루 주말 오픈런,candidate,1,대전 롯데백화점 성심당 망고시루 주말 오픈런 후기 웨이팅...,https://blog.naver.com/z4272z/224301865746
1544,domestic_travel,대전,롯데백화점 성심당 망고시루 주말 오픈런,candidate,1,대전 롯데백화점 성심당 망고시루 주말 오픈런 후기 웨이팅...,https://blog.naver.com/z4272z/224301865746
1545,food,인천,루브르박물관,attraction,1,파리 뮤지엄패스 2일권 4일권 가격 뽕뽑는법 내돈내산 구매 후기,https://blog.naver.com/tigung1107/224301906503
1546,domestic_travel,인천,루브르박물관,attraction,1,파리 뮤지엄패스 2일권 4일권 가격 뽕뽑는법 내돈내산 구매 후기,https://blog.naver.com/tigung1107/224301906503
1547,domestic_travel,경주,루지월드 스릴넘치는 액티비티 가볼만한곳,candidate,1,경주 루지월드 스릴넘치는 액티비티 가볼만한곳 추천,https://blog.naver.com/wooni_channel/224301809687
1548,food,대구,룰리커피,cafe,1,대구 가창 *부푼* 카페,https://blog.naver.com/aweoo-/224301877702
1549,domestic_travel,대구,룰리커피,cafe,1,대구 가창 *부푼* 카페,https://blog.naver.com/aweoo-/224301877702
1550,food,대전,룸식당,restaurant,1,갓포회담|대전 랍스터 디너 A코스 요리 일식 디너 내돈내산 ...,https://blog.naver.com/dmd_jm/224301897957
1551,domestic_travel,대전,룸식당,restaurant,1,갓포회담|대전 랍스터 디너 A코스 요리 일식 디너 내돈내산 ...,https://blog.naver.com/dmd_jm/224301897957
1552,food,대구,룸식당,restaurant,1,대구 북구 맛집 고급스러운 분위기에서 가족외식 보길도1988...,https://blog.naver.com/papaya3040/224301684943
1553,domestic_travel,대구,룸식당,restaurant,1,대구 북구 맛집 고급스러운 분위기에서 가족외식 보길도1988...,https://blog.naver.com/papaya3040/224301684943
1554,food,강남,룸식당,restaurant,1,[강남/압구정로데오역] 보보식당 흑백요리사2 맛집 중식 압구정...,https://blog.naver.com/comatdragon/224301023720
1555,domestic_travel,가평,르봉뺑,candidate,1,[경기/가평]르봉뺑:가평 빵집 가평 로컬빵집 가평 맛집추천 ...,https://blog.naver.com/congsssi/224301768878
1556,domestic_travel,가평,르봉뺑 가평 빵집 가평 로컬빵집 가평 맛집추,restaurant,1,[경기/가평]르봉뺑:가평 빵집 가평 로컬빵집 가평 맛집추천 ...,https://blog.naver.com/congsssi/224301768878
1557,food,대구,를 찾고 있다면 서화무진 전시,attraction,1,(대구/전시)대구 전시 추천한국화의 새로운 매력을 만나는...,https://blog.naver.com/pigcjh/224300207722
1558,domestic_travel,대구,를 찾고 있다면 서화무진 전시,attraction,1,(대구/전시)대구 전시 추천한국화의 새로운 매력을 만나는...,https://blog.naver.com/pigcjh/224300207722
1559,food,부산,리 했슴다 5 20 저 이번 축제,attraction,1,오월은 푸르구나 우리들은 자란다,https://blog.naver.com/gustj_815/224301920640
1560,domestic_travel,부산,리 했슴다 5 20 저 이번 축제,attraction,1,오월은 푸르구나 우리들은 자란다,https://blog.naver.com/gustj_815/224301920640
1561,food,제주,리뷰,candidate,1,[제주] 히밥도 왔다간 제주 시내 고기국수 맛집|혼바띠 국수,https://blog.naver.com/precure0619/224301688127
1562,domestic_travel,제주,리뷰,candidate,1,[제주] 히밥도 왔다간 제주 시내 고기국수 맛집|혼바띠 국수,https://blog.naver.com/precure0619/224301688127
1563,food,대전,리스트 솔이네계란빵 해녀와 어부 대전중앙시장,travel_spot,1,대전|대전중앙시장 내돈내산 맛집 리스트 솔이네계란빵...,https://blog.naver.com/mugja30/224301865406
1564,domestic_travel,대전,리스트 솔이네계란빵 해녀와 어부 대전중앙시장,travel_spot,1,대전|대전중앙시장 내돈내산 맛집 리스트 솔이네계란빵...,https://blog.naver.com/mugja30/224301865406
1565,food,인천,마라공방 마라탕 맛집 시민공원,restaurant,1,마라공방 [마라탕 맛집 시민공원역 점심 추천 내돈내산 솔직후기],https://blog.naver.com/1000-jung/224301866208
1566,domestic_travel,인천,마라공방 마라탕 맛집 시민공원,restaurant,1,마라공방 [마라탕 맛집 시민공원역 점심 추천 내돈내산 솔직후기],https://blog.naver.com/1000-jung/224301866208
1567,domestic_travel,제주,마라도짜장면,candidate,1,"제주 당일치기 ,제주도명소,마라도짜장면,제주도핫플...",https://blog.naver.com/soran0001/224298109541
1568,food,부산,마라탕,candidate,1,라메이 사천훠궈 : 부산대 마라탕 부산대 훠궈 9500원...,https://blog.naver.com/pineappleyj/224301903772
1569,food,성수,마루마끼,candidate,1,서울 성수 맛집 마루마끼｜분위기 좋은 데이트 맛집 후토마끼...,https://blog.naver.com/euni_life/224301461112
1570,food,성수,마루마끼 성수 후토마끼 좋아하시는 분들,candidate,1,서울 성수 맛집 마루마끼｜분위기 좋은 데이트 맛집 후토마끼...,https://blog.naver.com/euni_life/224301461112
1571,food,성수,마마리마켓,candidate,1,"건대 성수 맛집 마마리마켓 내돈내산, 흑백요리사1 반찬셰프...",https://blog.naver.com/eunyanyang_/224300941396
1572,domestic_travel,성수,마마리마켓,candidate,1,"건대 성수 맛집 마마리마켓 내돈내산, 흑백요리사1 반찬셰프...",https://blog.naver.com/eunyanyang_/224300941396
1573,food,성수,마마리마켓 내돈내산 흑백요리사1 반찬셰,candidate,1,"건대 성수 맛집 마마리마켓 내돈내산, 흑백요리사1 반찬셰프...",https://blog.naver.com/eunyanyang_/224300941396
1574,domestic_travel,성수,마마리마켓 내돈내산 흑백요리사1 반찬셰,candidate,1,"건대 성수 맛집 마마리마켓 내돈내산, 흑백요리사1 반찬셰프...",https://blog.naver.com/eunyanyang_/224300941396
1575,food,대전,마음으로 돌아오는 지역 중 한 곳입니다 중앙시장,travel_spot,1,대전 중동 [꿈돌이 하우스] ”누가 노잼 도시래?“ 놀거리...,https://blog.naver.com/mingggg_g/224301937245
1576,domestic_travel,대전,마음으로 돌아오는 지역 중 한 곳입니다 중앙시장,travel_spot,1,대전 중동 [꿈돌이 하우스] ”누가 노잼 도시래?“ 놀거리...,https://blog.naver.com/mingggg_g/224301937245
1577,food,부산,마이클 어반팜 테이블 현대 모터스튜디오,candidate,1,부산 수영구 데이트 레스토랑 '마이클 어반팜 테이블',https://blog.naver.com/space_1030/224301927845
1578,domestic_travel,부산,마이클 어반팜 테이블 현대 모터스튜디오,candidate,1,부산 수영구 데이트 레스토랑 '마이클 어반팜 테이블',https://blog.naver.com/space_1030/224301927845
1579,food,수원,마장동김씨,candidate,1,수원 인계동 맛집 - 마장동김씨 수원인계점 (수원시청역...,https://blog.naver.com/trak89/224301927141
1580,food,대구,마지막으로 투어한 카페중에 커피,cafe,1,대구 중구 동인동 리오더 커피 한입 먹고 반해버린 찐 커피 맛집 ...,https://blog.naver.com/ds7646211/224301571851
1581,domestic_travel,부산,마차 포차거리 광안리 가볼만한곳 놀거리 어방축제,attraction,1,부산 광안리 가볼만한곳 놀거리 어방축제 포장마차 포차거리,https://blog.naver.com/imsogroovy/224301880222
1582,food,대구,마치고 친구들과 방문했던 대구 칠곡3지구 맛집,restaurant,1,대구 칠곡3지구 맛집 팔거역 점심맛집 직화낙지볶음 보쌈...,https://blog.naver.com/vydua/224301920080
1583,food,수원,막국수,candidate,1,수원 막국수 맛집 대궐막국수! 오목천동 4번 간 찐후기(주차 및...,https://blog.naver.com/g8058/224301932229
1584,food,수원,막국수 맛집 대궐막국수 오목천동 4번 간 찐,restaurant,1,수원 막국수 맛집 대궐막국수! 오목천동 4번 간 찐후기(주차 및...,https://blog.naver.com/g8058/224301932229
1585,food,제주,만족스러운,candidate,1,"만족스러운 제주 여행을 위한 선택, 오션뷰가 펼쳐지는...",https://blog.naver.com/whfbdjwj88/224301953180
1586,food,종로,만족한,candidate,1,익선동 맛집 송암온반 후기｜부모님도 만족한 종로3가 한식 맛집,https://blog.naver.com/lje413/224301748667
1587,domestic_travel,대전,많으실 텐데요 막연히 대표적으로는 웨딩홀 스튜디오,candidate,1,"대전 2025 웨딩박람회, 고급 정보",https://blog.naver.com/bivdn824084_mv/224301452208
1588,domestic_travel,성수,말고,candidate,1,성수 말고 조용히 놀 곳 찾는다면? 서울 전시·실내 행사 5곳 ️,https://blog.naver.com/minsuh0526/224301712036
1589,domestic_travel,성수,말고 조용히 놀 곳 찾는다면 서울 전시,attraction,1,성수 말고 조용히 놀 곳 찾는다면? 서울 전시·실내 행사 5곳 ️,https://blog.naver.com/minsuh0526/224301712036
1590,food,성수,맘에 들어서 nn번째 재탕중인건 안 두쫀쿠 맛집,restaurant,1,나 왜 스물두살..?,https://blog.naver.com/yeonsu0819_/224301957497
1591,food,대전,맛있는,candidate,1,탄방동 점심 맛집 추천! 신선한 생아구찜이 맛있는 대전 서구...,https://blog.naver.com/hani_jj917/224301943113
1592,domestic_travel,대전,맛있는,candidate,1,탄방동 점심 맛집 추천! 신선한 생아구찜이 맛있는 대전 서구...,https://blog.naver.com/hani_jj917/224301943113
1593,food,인천,맛있는,candidate,1,청라쌀국수 맛집 포36거리... 짜조가 맛있는 인천청라 맛집,https://blog.naver.com/artrose30/224301935771
1594,domestic_travel,인천,맛있는,candidate,1,청라쌀국수 맛집 포36거리... 짜조가 맛있는 인천청라 맛집,https://blog.naver.com/artrose30/224301935771
1595,domestic_travel,가평,맛있는,candidate,1,후기|자가제면 칼국수와 잣 콩국수가 맛있는 가평칼국수 맛집,https://blog.naver.com/hoshea1/224301838254
1596,food,제주,맛있는,candidate,1,야키니쿠제주 내돈내산 리뷰 맛있는 제주소고기 제주한우 맛집,https://blog.naver.com/meogeoping/224301807301
1597,food,부산,맛집을 찾는다고 가정해 보자 단순히 부산 맛,restaurant,1,AI는 기술이 아니라 문명이다,https://blog.naver.com/ljh3810/224301905943
1598,food,부산,맛집이랑 광안리 밤바다까지,restaurant,1,부산 1박2일 뚜벅이 여행 후기｜광안리·이재모피자 웨이팅...,https://blog.naver.com/theumistudio/224299183217
1599,domestic_travel,부산,맛집이랑 광안리 밤바다까지,restaurant,1,부산 1박2일 뚜벅이 여행 후기｜광안리·이재모피자 웨이팅...,https://blog.naver.com/theumistudio/224299183217
1600,food,대전,망고롤,candidate,1,주말 방문 웨이팅 보냉백 빵 롤케이크 요거롤 망고롤 대전 여행,https://blog.naver.com/wins0802/224300520563
1601,domestic_travel,대전,망고롤,candidate,1,주말 방문 웨이팅 보냉백 빵 롤케이크 요거롤 망고롤 대전 여행,https://blog.naver.com/wins0802/224300520563
1602,food,대전,망고시루,candidate,1,대전 성심당 망고시루 대전 핫플 당일치기 관광지 빵지순례,https://blog.naver.com/rafiuta/224301256354
1603,domestic_travel,대전,망고시루,candidate,1,대전 성심당 망고시루 대전 핫플 당일치기 관광지 빵지순례,https://blog.naver.com/rafiuta/224301256354
1604,food,부산,망미동,candidate,1,부산 망미동 고기집 '마장동황제축산 망미직영점' 생갈비살...,https://blog.naver.com/ghwnsshfwk/224301936732
1605,domestic_travel,부산,망미동,candidate,1,부산 망미동 고기집 '마장동황제축산 망미직영점' 생갈비살...,https://blog.naver.com/ghwnsshfwk/224301936732
1606,food,부산,망미동 고기집 마장동황제축산 망미직영점 생갈,restaurant,1,부산 망미동 고기집 '마장동황제축산 망미직영점' 생갈비살...,https://blog.naver.com/ghwnsshfwk/224301936732
1607,domestic_travel,부산,망미동 고기집 마장동황제축산 망미직영점 생갈,restaurant,1,부산 망미동 고기집 '마장동황제축산 망미직영점' 생갈비살...,https://blog.naver.com/ghwnsshfwk/224301936732
1608,food,인천,망부석,candidate,1,남동구 남촌동 회식 추천 망부석 인천구월점 구월동 로데오...,https://blog.naver.com/skyturn/224301626418
1609,domestic_travel,인천,망부석,candidate,1,남동구 남촌동 회식 추천 망부석 인천구월점 구월동 로데오...,https://blog.naver.com/skyturn/224301626418
1610,food,수원,망포동,candidate,1,[수원/망포동] 부먹인데 바삭바삭해? 탕수육 맛집 금화루,https://blog.naver.com/daily_mandung_2/224301844515
1611,food,수원,망포동 부먹인데 바삭바삭해 탕수육 맛집 금화,restaurant,1,[수원/망포동] 부먹인데 바삭바삭해? 탕수육 맛집 금화루,https://blog.naver.com/daily_mandung_2/224301844515
1612,food,수원,망포동에서 진짜 맛있는 중식당이나 탕수육 맛,restaurant,1,[수원/망포동] 부먹인데 바삭바삭해? 탕수육 맛집 금화루,https://blog.naver.com/daily_mandung_2/224301844515
1613,food,수원,망포역,candidate,1,[수원] 망포역 작업하기 좋은 카페 추천 라떼 맛집 잭바츠,https://blog.naver.com/hoh_0m/224301838777
1614,domestic_travel,가평,매력적인,candidate,1,"가평카페 코미호미, 들깨라떼가 매력적인 가평리버뷰카페",https://blog.naver.com/hongkun111/224301572623
1615,food,부산,매일 17 00 - 익일 01 00 미친 맛집,restaurant,1,광안리 술집 이타쇼 이자카야 핫플 추천,https://blog.naver.com/ses871128/224301856528
1616,domestic_travel,부산,매일 17 00 - 익일 01 00 미친 맛집,restaurant,1,광안리 술집 이타쇼 이자카야 핫플 추천,https://blog.naver.com/ses871128/224301856528
1617,food,수원,매콤한,candidate,1,"인계동 맛집 주말 점심 , 맛있게 매콤한 수원닭갈비 식당 계화정",https://blog.naver.com/open_yourdoor/224301920514
1618,food,강남,맥도날드,candidate,1,[ 내돈내산 ] 맥도날드 강남2호점 후기|회전율 좋아 더...,https://blog.naver.com/whitey_6/224301912523
1619,food,인천,맥주,candidate,1,동인천 맛집 술집 차이나타운 필수 코스 로컬 인천 맥주 호랑이,https://blog.naver.com/oursophie/224301854503
1620,food,성수,맥주박물관 타이동 야시장,attraction,1,"맥주박물관, 타이동 야시장까지 완벽 코스![칭다오 맛집 추천]",https://blog.naver.com/mymylord116/224301625772
1621,domestic_travel,성수,맥주박물관 타이동 야시장,attraction,1,"맥주박물관, 타이동 야시장까지 완벽 코스![칭다오 맛집 추천]",https://blog.naver.com/mymylord116/224301625772
1622,domestic_travel,대전,맥주축제,attraction,1,대전 한밭수목원 신세계백화점,https://blog.naver.com/4862toi/224301890268
1623,domestic_travel,대전,맥주축제인데,attraction,1,대전 한밭수목원 신세계백화점,https://blog.naver.com/4862toi/224301890268
1624,domestic_travel,인천,맨발로 걷는 팔미도 해변,travel_spot,1,"맨발로 걷는 팔미도 해변 — 도심에서 1시간, 몸과 마음이...",https://blog.naver.com/happyboat01/224297816938
1625,food,부산,먹거리,candidate,1,부산 2026 일정부터 맛집·먹거리 부산 가볼만한곳 추천,https://blog.naver.com/pandamall1/224301848054
1626,domestic_travel,부산,먹거리 여행,candidate,1,만나러 떠난 2박3일 우정 여행|거제도·통영·부산 먹거리 여행,https://blog.naver.com/slsm19/224301637321
1627,food,제주,먹는다면,candidate,1,서현에서 해장국 먹는다면? 제주은희네해장국 내돈내산 후기♬,https://blog.naver.com/ohjini1028/224301875567
1628,food,대구,먹으러,candidate,1,와그작 먹으러 대구까지? 대구 최가네 제과 와그작 케이크 찐...,https://blog.naver.com/troubletravel_/224301946974
1629,domestic_travel,대구,먹으러,candidate,1,와그작 먹으러 대구까지? 대구 최가네 제과 와그작 케이크 찐...,https://blog.naver.com/troubletravel_/224301946974
1630,food,부산,먹을 것 같습니다 그 정도면 충분히 좋은 시장,travel_spot,1,부산 깡통시장 이가네 떡볶이 후기|양념보다 떡이 더...,https://blog.naver.com/seol_lamb/224301943667
1631,domestic_travel,부산,먹을 것 같습니다 그 정도면 충분히 좋은 시장,travel_spot,1,부산 깡통시장 이가네 떡볶이 후기|양념보다 떡이 더...,https://blog.naver.com/seol_lamb/224301943667
1632,domestic_travel,부산,메가박스,candidate,1,메가박스 부산극장 영화 군체 관람 후기,https://blog.naver.com/vinus8269/224301884139
1633,food,부산,메르의,candidate,1,"[메르 댓글 분석] 추억이라는 조미료, 메르의 부산 노포 지도...",https://blog.naver.com/caucasus5642/224298401811
1634,food,성수,메이다얼 가지튀김 바오스푸 로우쏭 타이동 야시장,restaurant,1,"맥주박물관, 타이동 야시장까지 완벽 코스![칭다오 맛집 추천]",https://blog.naver.com/mymylord116/224301625772
1635,domestic_travel,성수,메이다얼 가지튀김 바오스푸 로우쏭 타이동 야시장,restaurant,1,"맥주박물관, 타이동 야시장까지 완벽 코스![칭다오 맛집 추천]",https://blog.naver.com/mymylord116/224301625772
1636,food,성수,멘야포모,candidate,1,성수동 맛집 라멘 멘치카츠 멘야포모 성수점,https://blog.naver.com/vudod1/224297993583
1637,domestic_travel,성수,멘야포모,candidate,1,성수동 맛집 라멘 멘치카츠 멘야포모 성수점,https://blog.naver.com/vudod1/224297993583
1638,domestic_travel,경주,면친자의,candidate,1,면친자의 경주 현지인 맛집 '박용자경주명동쫄면' 내돈내산...,https://blog.naver.com/candyjunkie/224301690138
1639,food,제주,명란스낵동문시장,travel_spot,1,제주 동문시장 맛집 명란스낵 3박 4일 먹은 음식 중 TOP3였던...,https://blog.naver.com/bomiomi/224301771708
1640,domestic_travel,제주,명란스낵동문시장,travel_spot,1,제주 동문시장 맛집 명란스낵 3박 4일 먹은 음식 중 TOP3였던...,https://blog.naver.com/bomiomi/224301771708
1641,food,부산,명륜동,candidate,1,부산 명륜동 맛집 온천장 맛집 목화기사식당,https://blog.naver.com/yunyuda/224301959431
1642,food,부산,명륜동 맛집 온천장 맛집 목화기사식당,restaurant,1,부산 명륜동 맛집 온천장 맛집 목화기사식당,https://blog.naver.com/yunyuda/224301959431
1643,food,부산,명륜동 맛집 온천장 맛집 목화기사식당 부산,restaurant,1,부산 명륜동 맛집 온천장 맛집 목화기사식당,https://blog.naver.com/yunyuda/224301959431
1644,food,대구,명산,candidate,1,[블랙야크 100대 명산]대구 비슬산 도성암 코스-도통바위...,https://blog.naver.com/mdaysm/224301843746
1645,domestic_travel,대구,명산,candidate,1,[블랙야크 100대 명산]대구 비슬산 도성암 코스-도통바위...,https://blog.naver.com/mdaysm/224301843746
1646,domestic_travel,제주,명소 TOP 3 일과 휴식을 동시에 잡는 숙소,travel_spot,1,6월 워케이션 명소 TOP 3: 일과 휴식을 동시에 잡는 숙소 가이드,https://blog.naver.com/jegaryoo23/224300574322
1647,food,제주,명소를 돌고 우도 택시 기사님이 친절하게 숨,candidate,1,봄 제주에서 뚜벅이 패키지로 하루 만에 우도까지 여유롭게...,https://blog.naver.com/sfftfxazhb/224301150504
1648,domestic_travel,제주,명소를 돌고 우도 택시 기사님이 친절하게 숨,candidate,1,봄 제주에서 뚜벅이 패키지로 하루 만에 우도까지 여유롭게...,https://blog.naver.com/sfftfxazhb/224301150504
1649,food,수원,명태랑,candidate,1,대전여행 도안동 맛집 가수원 명태랑 류명호 본점 내돈내산 ...,https://blog.naver.com/leeyju4/224301794927
1650,food,수원,명태랑 류명호 본점 내돈내산 명태조림 맛있네,candidate,1,대전여행 도안동 맛집 가수원 명태랑 류명호 본점 내돈내산 ...,https://blog.naver.com/leeyju4/224301794927
1651,food,대전,모도시,candidate,1,귀여운 꿈돌이 케이크가 있는 대전 카페 모도시 내돈내산 솔직...,https://blog.naver.com/meokzi/224301936650
1652,food,대전,모도시 내돈내산,candidate,1,귀여운 꿈돌이 케이크가 있는 대전 카페 모도시 내돈내산 솔직...,https://blog.naver.com/meokzi/224301936650
1653,food,인천,모래내시장,travel_spot,1,구월동 모래내시장 소머리국밥 맛집 이침 점심 저녁으로 추천 추천,https://blog.naver.com/hyezi09/224301898606
1654,domestic_travel,인천,모래내시장,travel_spot,1,구월동 모래내시장 소머리국밥 맛집 이침 점심 저녁으로 추천 추천,https://blog.naver.com/hyezi09/224301898606
1655,domestic_travel,제주,모래사장으로 유명한 곳으로 제주를 대표하는 해변,travel_spot,1,6월 제주도 가볼만한곳 아이랑 제주도 여행 준비물,https://blog.naver.com/jblossom88/224301923873
1656,food,부산,모모스커피,cafe,1,부산 여행 중 들르기 좋은 모모스커피 본점 후기,https://blog.naver.com/uk7517/224301941664
1657,domestic_travel,부산,모모스커피,cafe,1,부산 여행 중 들르기 좋은 모모스커피 본점 후기,https://blog.naver.com/uk7517/224301941664
1658,food,인천,목 토 13 45 3일차 이온몰 쇼핑 핫플 카페,cafe,1,일본 소도시 도쿠시마 2박 3일 여행 뚜벅이 코스 경비 관광지,https://blog.naver.com/77dbs77/224301855877
1659,domestic_travel,제주,목걸이사러,candidate,1,"부쉐론 목걸이사러 제주도 롯데면세점 당일치기 , pre LDF...",https://blog.naver.com/sw16ja17/224301625373
1660,food,인천,목구멍,candidate,1,미나리 삼겹살 맛집 목구멍 인천구월점 내돈내산 솔직후기,https://blog.naver.com/mingtortilla/224301848119
1661,food,광주,목포,candidate,1,"광주 목포 근교 나들이 고민 끝 영암 카페 마실, 아이랑 가도...",https://blog.naver.com/jinpurplejin/224300658747
1662,domestic_travel,광주,목포,candidate,1,"광주 목포 근교 나들이 고민 끝 영암 카페 마실, 아이랑 가도...",https://blog.naver.com/jinpurplejin/224300658747
1663,food,광주,목포 근교 나들이 고민 끝 영암 카페 마실,cafe,1,"광주 목포 근교 나들이 고민 끝 영암 카페 마실, 아이랑 가도...",https://blog.naver.com/jinpurplejin/224300658747
1664,domestic_travel,광주,목포 근교 나들이 고민 끝 영암 카페 마실,cafe,1,"광주 목포 근교 나들이 고민 끝 영암 카페 마실, 아이랑 가도...",https://blog.naver.com/jinpurplejin/224300658747
1665,domestic_travel,광주,목포 버스터미널 인천 부산 고속버스 타고 국,candidate,1,부산 고속버스터미널 시간표 정보안내 하기,https://bluebeat.tistory.com/350
1666,food,부산,몰려간다,candidate,1,부산 사람들도 몰려간다!부산 6월 축제·행사 BEST 6 (BIDF...,https://blog.naver.com/bodyshu_/224301697776
1667,domestic_travel,부산,몰려간다,candidate,1,부산 사람들도 몰려간다!부산 6월 축제·행사 BEST 6 (BIDF...,https://blog.naver.com/bodyshu_/224301697776
1668,food,제주,몸국,candidate,1,"제주 몸국 현지 맛집 ""신설오름"" 주차는 인제공영주차장",https://blog.naver.com/soobakboss/224301912765
1669,food,대구,몽글몽글한,candidate,1,대구 몽글몽글한 순두부 들안길 맛집 진가네순두부보쌈 들안길...,https://blog.naver.com/cap_hong/224301750344
1670,food,대구,몽글몽글한 순두부 들안길 맛집 진가네순두부보,restaurant,1,대구 몽글몽글한 순두부 들안길 맛집 진가네순두부보쌈 들안길...,https://blog.naver.com/cap_hong/224301750344
1671,food,광주,무등산 증심사 산책로 포레스트 뷰 미술관,attraction,1,무등산 증심사 산책로 포레스트 뷰 미술관 춘설차 춘설빵 후기...,https://blog.naver.com/cangchichi/224301854445
1672,domestic_travel,광주,무등산 증심사 산책로 포레스트 뷰 미술관,attraction,1,무등산 증심사 산책로 포레스트 뷰 미술관 춘설차 춘설빵 후기...,https://blog.naver.com/cangchichi/224301854445
1673,domestic_travel,부산,무료입장 장생포고래박물관,attraction,1,2026 장생포 수국 페스티벌 완벽 정리|일정·무료입장...,https://blog.naver.com/haehyun_525/224301615170
1674,food,광주,무안 노란 문이 반겨주는 감성 공간 앨리스 커피,cafe,1,"[전남 무안] 노란 문이 반겨주는 감성 공간, 앨리스 커피...",https://blog.naver.com/bbne2790/224301940363
1675,domestic_travel,광주,무안 노란 문이 반겨주는 감성 공간 앨리스 커피,cafe,1,"[전남 무안] 노란 문이 반겨주는 감성 공간, 앨리스 커피...",https://blog.naver.com/bbne2790/224301940363
1676,food,광주,무안앨리스커피,cafe,1,"[전남 무안] 노란 문이 반겨주는 감성 공간, 앨리스 커피...",https://blog.naver.com/bbne2790/224301940363
1677,domestic_travel,광주,무안앨리스커피,cafe,1,"[전남 무안] 노란 문이 반겨주는 감성 공간, 앨리스 커피...",https://blog.naver.com/bbne2790/224301940363
1678,domestic_travel,인천,무의도를 찾았습니다 강아지와 함께 바다를 보,restaurant,1,"서울근교 산책 명소, 무의도 하나개해수욕장 / 해상관광탐방로...",https://blog.naver.com/jolie_coeur/224295872427
1679,food,인천,무이도 쉐라톤그랜드 인천호텔,travel_spot,1,"무이도, 쉐라톤그랜드 인천호텔, 차이나타운, 공화춘을 다녀와서",https://blog.naver.com/hongjitop/224301854781
1680,food,부산,문삼이 24시간 푸짐한 삼합쭈삼구이 수영역 맛집,restaurant,1,수영역 가성비 맛집 쭈삼집 문삼이 24시간 푸짐한 삼합쭈삼구이,https://blog.naver.com/aaaqq177/224301959331
1681,food,종로,문안로5길 37 지하1층 이런 점도 광화문 맛집,restaurant,1,광화문 맛집 찡짜이타이푸드에서 즐긴 태국식 한 끼,https://blog.naver.com/wjstndhr000/224301942093
1682,food,부산,문현동,candidate,1,[내 돈 내산] 부산 문현동 배스킨라빈스 31 부산 문현점,https://blog.naver.com/mabin___/224301854416
1683,domestic_travel,부산,문현동,candidate,1,[내 돈 내산] 부산 문현동 배스킨라빈스 31 부산 문현점,https://blog.naver.com/mabin___/224301854416
1684,food,부산,문현동 배스킨라빈스 31 부산 문현점 오늘은,candidate,1,[내 돈 내산] 부산 문현동 배스킨라빈스 31 부산 문현점,https://blog.naver.com/mabin___/224301854416
1685,domestic_travel,부산,문현동 배스킨라빈스 31 부산 문현점 오늘은,candidate,1,[내 돈 내산] 부산 문현동 배스킨라빈스 31 부산 문현점,https://blog.naver.com/mabin___/224301854416
1686,food,부산,문현점,candidate,1,[내 돈 내산] 부산 문현동 배스킨라빈스 31 부산 문현점,https://blog.naver.com/mabin___/224301854416
1687,domestic_travel,부산,문현점,candidate,1,[내 돈 내산] 부산 문현동 배스킨라빈스 31 부산 문현점,https://blog.naver.com/mabin___/224301854416
1688,food,광주,문형동,candidate,1,경기광주 문형동|명사순대 유아 놀이방까지 있는 순대전골 맛집,https://blog.naver.com/sodacsodac/224301911624
1689,food,광주,문형동 명사순대 유아 놀이방까지 있는 순대전,candidate,1,경기광주 문형동|명사순대 유아 놀이방까지 있는 순대전골 맛집,https://blog.naver.com/sodacsodac/224301911624
1690,food,대전,문화동커피,cafe,1,대전 문화동커피 맛집 스페셜티 카페 베타니아,https://blog.naver.com/mallanglab/224301868009
1691,domestic_travel,대전,문화동커피,cafe,1,대전 문화동커피 맛집 스페셜티 카페 베타니아,https://blog.naver.com/mallanglab/224301868009
1692,food,대전,문화동커피 맛집 스페셜티 카페 베타니아 대전,cafe,1,대전 문화동커피 맛집 스페셜티 카페 베타니아,https://blog.naver.com/mallanglab/224301868009
1693,domestic_travel,대전,문화동커피 맛집 스페셜티 카페 베타니아 대전,cafe,1,대전 문화동커피 맛집 스페셜티 카페 베타니아,https://blog.naver.com/mallanglab/224301868009
1694,food,광주,문흥동,candidate,1,광주 문흥동 맛집 수초밥 다녀왔어요!,https://blog.naver.com/goung81/224301888806
1695,domestic_travel,광주,문흥동,candidate,1,광주 문흥동 맛집 수초밥 다녀왔어요!,https://blog.naver.com/goung81/224301888806
1696,food,광주,문흥동 맛집 수초밥 다녀왔어요 도로이용,restaurant,1,광주 문흥동 맛집 수초밥 다녀왔어요!,https://blog.naver.com/goung81/224301888806
1697,domestic_travel,광주,문흥동 맛집 수초밥 다녀왔어요 도로이용,restaurant,1,광주 문흥동 맛집 수초밥 다녀왔어요!,https://blog.naver.com/goung81/224301888806
1698,food,부산,물금,candidate,1,출발부터 고비 가득했던 부산 물금 여행#1,https://blog.naver.com/minjungkku_/224301882916
1699,food,부산,물금 여행,candidate,1,출발부터 고비 가득했던 부산 물금 여행#1,https://blog.naver.com/minjungkku_/224301882916
1700,domestic_travel,가평,물든,candidate,1,꽃으로 물든 가평 여행 2026 Colorful Garden 자라섬 꽃...,https://blog.naver.com/ceo5251/224298137104
1701,domestic_travel,경주,물빛커피,cafe,1,아산 외암마을 야행 — 조선시대 밤마실로 떠나는 특별한 하룻밤,https://blog.naver.com/victory0133/224301499285
1702,food,제주,물회,candidate,1,오늘의 여행코스!! 청초수물회 제주점 제주 물회,https://blog.naver.com/ainackerman/224301821390
1703,domestic_travel,제주,물회,candidate,1,오늘의 여행코스!! 청초수물회 제주점 제주 물회,https://blog.naver.com/ainackerman/224301821390
1704,food,제주,물회 괜찮은 곳인거 같애용 제주 제주시 애월,candidate,1,오늘의 여행코스!! 청초수물회 제주점 제주 물회,https://blog.naver.com/ainackerman/224301821390
1705,domestic_travel,제주,물회 괜찮은 곳인거 같애용 제주 제주시 애월,candidate,1,오늘의 여행코스!! 청초수물회 제주점 제주 물회,https://blog.naver.com/ainackerman/224301821390
1706,food,성수,미국,candidate,1,따우전드 성수! 미국 감성 힙한 파이 맛집 내돈내산 솔직 후기,https://blog.naver.com/ejl0304-/224301741770
1707,domestic_travel,성수,미국,candidate,1,따우전드 성수! 미국 감성 힙한 파이 맛집 내돈내산 솔직 후기,https://blog.naver.com/ejl0304-/224301741770
1708,food,성수,미국 감성 힙한 파이 맛집 내돈내산 솔직 후,restaurant,1,따우전드 성수! 미국 감성 힙한 파이 맛집 내돈내산 솔직 후기,https://blog.naver.com/ejl0304-/224301741770
1709,domestic_travel,성수,미국 감성 힙한 파이 맛집 내돈내산 솔직 후,restaurant,1,따우전드 성수! 미국 감성 힙한 파이 맛집 내돈내산 솔직 후기,https://blog.naver.com/ejl0304-/224301741770
1710,food,성수,미루성수,candidate,1,성수 맛집 미루성수: 미루성수에서의 새로운 미식 경험,https://blog.naver.com/ycm7802/224301839753
1711,food,성수,미루성수 미루성수에서의 새로운 미식 경,candidate,1,성수 맛집 미루성수: 미루성수에서의 새로운 미식 경험,https://blog.naver.com/ycm7802/224301839753
1712,food,성수,미쁘동,candidate,1,성수 맛집 미쁘동 성수 방문 후기｜비주얼 끝판왕 토마토연어국수,https://blog.naver.com/hj1021_song/224301850467
1713,domestic_travel,성수,미쁘동,candidate,1,성수 맛집 미쁘동 성수 방문 후기｜비주얼 끝판왕 토마토연어국수,https://blog.naver.com/hj1021_song/224301850467
1714,food,성수,미쁘동 성수 방문,candidate,1,성수 맛집 미쁘동 성수 방문 후기｜비주얼 끝판왕 토마토연어국수,https://blog.naver.com/hj1021_song/224301850467
1715,domestic_travel,성수,미쁘동 성수 방문,candidate,1,성수 맛집 미쁘동 성수 방문 후기｜비주얼 끝판왕 토마토연어국수,https://blog.naver.com/hj1021_song/224301850467
1716,food,광주,미술관,attraction,1,무등산 증심사 산책로 포레스트 뷰 미술관 춘설차 춘설빵 후기...,https://blog.naver.com/cangchichi/224301854445
1717,domestic_travel,광주,미술관,attraction,1,무등산 증심사 산책로 포레스트 뷰 미술관 춘설차 춘설빵 후기...,https://blog.naver.com/cangchichi/224301854445
1718,food,대구,미술관,attraction,1,(대구/전시)대구 전시 추천한국화의 새로운 매력을 만나는...,https://blog.naver.com/pigcjh/224300207722
1719,domestic_travel,대구,미술관,attraction,1,(대구/전시)대구 전시 추천한국화의 새로운 매력을 만나는...,https://blog.naver.com/pigcjh/224300207722
1720,food,부산,미슐랭,candidate,1,2026 부산 미슐랭 레스토랑 : 비비재,https://blog.naver.com/netnetgo/224301908578
1721,food,부산,미슐랭 레스토랑 비비재 여섯 팀이 동시에 식,restaurant,1,2026 부산 미슐랭 레스토랑 : 비비재,https://blog.naver.com/netnetgo/224301908578
1722,food,제주,미영이네,candidate,1,옥수동 한남동 맛집 활어정류장! 제주 미영이네 고등어회를...,https://blog.naver.com/woailuxu/224301927729
1723,food,제주,미영이네 고등어회를 오늘은 오랜만에 미식가들,candidate,1,옥수동 한남동 맛집 활어정류장! 제주 미영이네 고등어회를...,https://blog.naver.com/woailuxu/224301927729
1724,food,광주,미용실,candidate,1,"여름 남자펌 추천, 가볍고 트렌디한 텍스처 히피펌 광주 미용실...",https://blog.naver.com/tnwls_8530/224301941614
1725,food,광주,미용실 거예요,candidate,1,"여름 남자펌 추천, 가볍고 트렌디한 텍스처 히피펌 광주 미용실...",https://blog.naver.com/tnwls_8530/224301941614
1726,domestic_travel,가평,미유풀빌라앤스파펜션 평화막국수 레트로풍 인테,travel_spot,1,"[가평 미유풀빌라앤스파펜션, 평화막국수] 레트로풍 인테리어...",https://blog.naver.com/cebin99999/224301285892
1727,food,강남,미쳤던,candidate,1,소보키 강남점 미나리육전과 닭전골 조합이 미쳤던 강남역 술집,https://blog.naver.com/angels1st/224301509874
1728,domestic_travel,가평,미쳤던,candidate,1,"서울 근교 글램핑 추천, 분위기 미쳤던 가평 트라움 글램핑",https://blog.naver.com/honglog95/224297282242
1729,food,인천,미추홀구,candidate,1,인천 미추홀구 맛집 풍년미가 게장정식 주안직영점 가성비 좋고...,https://blog.naver.com/gihaebba/224301804137
1730,food,인천,미추홀구 맛집 풍년미가 게장정식 주안직영점,restaurant,1,인천 미추홀구 맛집 풍년미가 게장정식 주안직영점 가성비 좋고...,https://blog.naver.com/gihaebba/224301804137
1731,food,성수,미테이블,candidate,1,"성수 서울숲 맛집 “미테이블 성수본점” (주차, 웨이팅)",https://blog.naver.com/lisianthus0330/224301814739
1732,domestic_travel,성수,미테이블,candidate,1,"성수 서울숲 맛집 “미테이블 성수본점” (주차, 웨이팅)",https://blog.naver.com/lisianthus0330/224301814739
1733,domestic_travel,가평,민박,candidate,1,가평 민박 찾는다면 계곡 바로 앞 촌캉스 숙소 호두나무민박 후기,https://blog.naver.com/dys99189/224300489919
1734,domestic_travel,가평,민박 찾는다면 계곡 바로 앞 촌캉스 숙소 호,restaurant,1,가평 민박 찾는다면 계곡 바로 앞 촌캉스 숙소 호두나무민박 후기,https://blog.naver.com/dys99189/224300489919
1735,food,대전,밀키트,candidate,1,대전 맛집 밀키트 47년 전통 백년 갈비탕 후기! 잘되는 집은...,https://blog.naver.com/pep2008/224301944068
1736,domestic_travel,대전,밀키트,candidate,1,대전 맛집 밀키트 47년 전통 백년 갈비탕 후기! 잘되는 집은...,https://blog.naver.com/pep2008/224301944068
1737,food,대전,밀키트 47년 전통 백년 갈비탕,candidate,1,대전 맛집 밀키트 47년 전통 백년 갈비탕 후기! 잘되는 집은...,https://blog.naver.com/pep2008/224301944068
1738,domestic_travel,대전,밀키트 47년 전통 백년 갈비탕,candidate,1,대전 맛집 밀키트 47년 전통 백년 갈비탕 후기! 잘되는 집은...,https://blog.naver.com/pep2008/224301944068
1739,food,대구,및 부산 지역의 맛집 을 리뷰하는 맛집 전문,restaurant,1,추천 '마리타운' 데이트하기 좋은 이자카야 감성 동성로 맛집,https://blog.naver.com/siasia_709/224301942970
1740,domestic_travel,대구,및 부산 지역의 맛집 을 리뷰하는 맛집 전문,restaurant,1,추천 '마리타운' 데이트하기 좋은 이자카야 감성 동성로 맛집,https://blog.naver.com/siasia_709/224301942970
1741,domestic_travel,부산,바다 뷰까지 예쁜 여름꽃 여행 오륙도 해맞이공원,restaurant,1,해맞이공원 수국 명소 다녀왔어요. 바다 뷰까지 예쁜 여름꽃 여행,https://blog.naver.com/lkm8061/224301625905
1742,domestic_travel,부산,바다 여행 느낌이 더 강해집니다 2 이기대,restaurant,1,해맞이공원 수국 명소 다녀왔어요. 바다 뷰까지 예쁜 여름꽃 여행,https://blog.naver.com/lkm8061/224301625905
1743,domestic_travel,인천,바다가는달,restaurant,1,바다가는달 인천바다피크닉 아이와 영종도가볼만한곳 추천,https://blog.naver.com/hyein1229/224298498713
1744,domestic_travel,강릉,바다를 즐겼는데요 소요시간이 길지 않아 당일,restaurant,1,강릉역 기차시간표 노선 요금 예매 정보안내,https://lefthusband.tistory.com/620
1745,domestic_travel,경주,바다보며,restaurant,1,경주 바다보며 즐기는 해암회식당,https://blog.naver.com/sys007279/224301364177
1746,domestic_travel,경주,바다보며 즐기는 해암회식당,restaurant,1,경주 바다보며 즐기는 해암회식당,https://blog.naver.com/sys007279/224301364177
1747,domestic_travel,경주,바다보며 즐기는 해암회식당 감포 여행 을 계,restaurant,1,경주 바다보며 즐기는 해암회식당,https://blog.naver.com/sys007279/224301364177
1748,food,제주,바다어멍 서귀포올레시장,restaurant,1,올레시장 맛집 바다어멍 서귀포올레시장본점 제주 통갈치...,https://blog.naver.com/ellyluv00/224301868363
1749,domestic_travel,제주,바다어멍 서귀포올레시장,restaurant,1,올레시장 맛집 바다어멍 서귀포올레시장본점 제주 통갈치...,https://blog.naver.com/ellyluv00/224301868363
1750,food,제주,바람을 맞으며 해변을 산책하기에 최적화된 동,restaurant,1,제주짬뽕맛집 바당반점 해물간짬뽕과 미니톳 탕수육까지...,https://blog.naver.com/chichi-3-/224301845797
1751,domestic_travel,제주,바람을 맞으며 해변을 산책하기에 최적화된 동,restaurant,1,제주짬뽕맛집 바당반점 해물간짬뽕과 미니톳 탕수육까지...,https://blog.naver.com/chichi-3-/224301845797
1752,domestic_travel,가평,바로마켓,restaurant,1,2026 자라섬꽃페스타 방문 후기 바로마켓 가평점에서 전국...,https://blog.naver.com/heunggeuli/224300968585
1753,food,강남,바스버거,restaurant,1,강남역 점심 데이트장소로 추천하는 바스버거 강남삼성타운점,https://blog.naver.com/namju0504/224301617271
1754,food,부산,바스크 치즈 케익 먹으니까 커피,cafe,1,"부산 3대 빵집,명품 빵집, 부산역카페, 부산빵집 [비엔씨 제과...",https://blog.naver.com/msj3989/224301941075
1755,food,제주,바퀴,restaurant,1,"우도 걸어서 한 바퀴, 제주올레길 1-1코스 역방향 걸어본 후기",https://blog.naver.com/b612travel/224301948124
1756,domestic_travel,제주,바퀴,restaurant,1,"우도 걸어서 한 바퀴, 제주올레길 1-1코스 역방향 걸어본 후기",https://blog.naver.com/b612travel/224301948124
1757,food,부산,박 2일 이상 일정으로 에메랄드 빛 미우다 해변,travel_spot,1,부산에서 대마도 배편 예약 씨플라워호 시간 가격 총정리,https://blog.naver.com/thdgml112200/224301788540
1758,domestic_travel,부산,박 2일 이상 일정으로 에메랄드 빛 미우다 해변,travel_spot,1,부산에서 대마도 배편 예약 씨플라워호 시간 가격 총정리,https://blog.naver.com/thdgml112200/224301788540
1759,food,대구,반고개,candidate,1,대구 반고개 무침회 골목 맛집 고르기 전 꼭 봐야 할 포인트...,https://blog.naver.com/boxbox45/224301946558
1760,food,대구,반고개 무침회 골목 맛집 고르기 전 꼭 봐야,restaurant,1,대구 반고개 무침회 골목 맛집 고르기 전 꼭 봐야 할 포인트...,https://blog.naver.com/boxbox45/224301946558
1761,domestic_travel,강릉,반려견축제,attraction,1,"반려견과 떠나는 힐링여행, 강릉 펫 가족 힐링페스티벌 2026...",https://blog.naver.com/moonlight_800/224298400527
1762,food,대구,반월당,candidate,1,내돈내산 :: 대구 반월당 스시 맛집 더현대 스시준~ 14년 단골...,https://blog.naver.com/jaenacon79/224301878341
1763,food,대구,반월당 스시 맛집 더현대 스시준,restaurant,1,내돈내산 :: 대구 반월당 스시 맛집 더현대 스시준~ 14년 단골...,https://blog.naver.com/jaenacon79/224301878341
1764,food,강남,반지대학,candidate,1,강남실내데이트 반지대학 강남캠퍼스 커플링 만들기 추천,https://blog.naver.com/kmj8390/224301912085
1765,food,대전,반찬식당,restaurant,1,대전 맛집 반찬식당 보문산 두부두루치기 메뉴추천,https://blog.naver.com/0123shop/224297148245
1766,domestic_travel,대전,반찬식당,restaurant,1,대전 맛집 반찬식당 보문산 두부두루치기 메뉴추천,https://blog.naver.com/0123shop/224297148245
1767,food,성수,반하는,candidate,1,"성수역 맛집 / 성수 맛집 , 분위기에 취하고 맛에 반하는 성수동...",https://blog.naver.com/dltmfgml4088/224301882726
1768,domestic_travel,성수,반하는,candidate,1,"성수역 맛집 / 성수 맛집 , 분위기에 취하고 맛에 반하는 성수동...",https://blog.naver.com/dltmfgml4088/224301882726
1769,food,대전,발 아이와 함께 다녀온 임실치즈테마파크 장미축제,attraction,1,대전 출발! 아이와 함께 다녀온 임실치즈테마파크 장미축제...,https://blog.naver.com/jjang1589/224301652534
1770,domestic_travel,대전,발 아이와 함께 다녀온 임실치즈테마파크 장미축제,attraction,1,대전 출발! 아이와 함께 다녀온 임실치즈테마파크 장미축제...,https://blog.naver.com/jjang1589/224301652534
1771,food,강남,발견,candidate,1,"인생 빵집 발견! 강남역 카페 '베이커스트브라운', 결국 단골...",https://blog.naver.com/review76/224300614435
1772,domestic_travel,부산,발마사지,candidate,1,부산역 발마사지추천 / 부산역마사지샵추천...,https://blog.naver.com/hhot3000/224300779058
1773,food,부산,밤바다,restaurant,1,광안리 드론쇼 후기 부산 밤바다 감성 제대로!!후회없는 방문,https://blog.naver.com/wnfusdl2232/224300280862
1774,domestic_travel,부산,밤바다,restaurant,1,광안리 드론쇼 후기 부산 밤바다 감성 제대로!!후회없는 방문,https://blog.naver.com/wnfusdl2232/224300280862
1775,food,부산,밤바다 감성 제대로 후회없는 방문 부산 여행,restaurant,1,광안리 드론쇼 후기 부산 밤바다 감성 제대로!!후회없는 방문,https://blog.naver.com/wnfusdl2232/224300280862
1776,domestic_travel,부산,밤바다 감성 제대로 후회없는 방문 부산 여행,restaurant,1,광안리 드론쇼 후기 부산 밤바다 감성 제대로!!후회없는 방문,https://blog.naver.com/wnfusdl2232/224300280862
1777,food,부산,방문 당시 못 가봐서 솥밥은 점심 때 특히,candidate,1,명동 맛집 롯데백화점 본점 명동 솥밥 미포집 롯데백화점 본점,https://blog.naver.com/yoonss_story/224301924230
1778,food,제주,방문이 조금 더 좋을 것 같아요 총 평 온유베이커리,cafe,1,제주공항근처 온유베이커리 우유크림도넛 노티드보다 더...,https://blog.naver.com/momopia/224301936659
1779,food,대구,방문했답니다,candidate,1,대구 다사대실 속눈썹펌 맛집 자연스럽고 유지력 좋은곳...,https://blog.naver.com/ssh_1047/224301862742
1780,domestic_travel,경주,방문했을 때 꼭 가보고 싶었던 산도 맛집 이,restaurant,1,[경주 이치니산도] 경주 웨이팅 핫플 산도 맛집 ):,https://blog.naver.com/mickey4131/224301652910
1781,domestic_travel,가평,방법,candidate,1,"물놀이를 즐기는 새로운 방법, 가평빠지에서 알뜰한 하루 보내기",https://blog.naver.com/calmland6731/224301511531
1782,food,광주,방송 직후에는 평소보다 대기 시간이,candidate,1,"전현무계획3 광주 맛집 총정리: 국밥·오리탕·육전, 방문 전 꼭...",https://blog.naver.com/84uzmav/224301940340
1783,domestic_travel,제주,밭디,candidate,1,밭디|제주 승마 체험부터 이색자전거까지 아이와 가볼만한곳,https://blog.naver.com/momopia/224301902361
1784,food,부산,백일사진_스튜디오,candidate,1,[후기]아기 100일사진 후기_부산지금이순간스튜디오,https://blog.naver.com/yunjeong504/224301956846
1785,domestic_travel,부산,백일사진_스튜디오,candidate,1,[후기]아기 100일사진 후기_부산지금이순간스튜디오,https://blog.naver.com/yunjeong504/224301956846
1786,food,부산,백일사진스튜디오,candidate,1,[후기]아기 100일사진 후기_부산지금이순간스튜디오,https://blog.naver.com/yunjeong504/224301956846
1787,domestic_travel,부산,백일사진스튜디오,candidate,1,[후기]아기 100일사진 후기_부산지금이순간스튜디오,https://blog.naver.com/yunjeong504/224301956846
1788,food,부산,백일상스튜디오,candidate,1,[후기]아기 100일사진 후기_부산지금이순간스튜디오,https://blog.naver.com/yunjeong504/224301956846
1789,domestic_travel,부산,백일상스튜디오,candidate,1,[후기]아기 100일사진 후기_부산지금이순간스튜디오,https://blog.naver.com/yunjeong504/224301956846
1790,domestic_travel,경주,백제왕궁박물관,attraction,1,익산 가볼만한 곳 주말여행 백제왕궁박물관,https://blog.naver.com/kimdang22_/224301524505
1791,food,대전,버 분들 계시나요 최근에 제 신선하고 깊은 커피,cafe,1,대전 문화동커피 맛집 스페셜티 카페 베타니아,https://blog.naver.com/mallanglab/224301868009
1792,domestic_travel,대전,버 분들 계시나요 최근에 제 신선하고 깊은 커피,cafe,1,대전 문화동커피 맛집 스페셜티 카페 베타니아,https://blog.naver.com/mallanglab/224301868009
1793,food,부산,버거킹,candidate,1,버거킹 부산영도DT점 스모크 비프립 와퍼 세트 기간한정 신메뉴,https://blog.naver.com/rcat1975/224296937585
1794,domestic_travel,부산,버거킹,candidate,1,버거킹 부산영도DT점 스모크 비프립 와퍼 세트 기간한정 신메뉴,https://blog.naver.com/rcat1975/224296937585
1795,domestic_travel,가평,버스킹축제,attraction,1,[자라섬 축제] 서울 근교 꽃구경 추천 자라섬 꽃 페스타 2026...,https://blog.naver.com/puri119/224299698947
1796,food,부산,범내골,candidate,1,"[부산/범내골] 소문난 중독성, 웨이팅 끝에 맛본...",https://blog.naver.com/monffiy_/224301704433
1797,food,대구,범어,candidate,1,"대구 범어 맛집, 범어 소고기 맛집 추천 : 우리동네 한우맛집...",https://blog.naver.com/bbyulog/224301744680
1798,domestic_travel,대구,범어동,candidate,1,대구 범어동 맛집 수제버거 아이랑 가기 좋은 다운타우너,https://blog.naver.com/sodalited/224301576826
1799,food,대구,범어동 맛집 수제버거 아이랑 가기 좋은 다운,restaurant,1,대구 범어동 맛집 수제버거 아이랑 가기 좋은 다운타우너,https://blog.naver.com/sodalited/224301576826
1800,domestic_travel,대구,범어동 맛집 수제버거 아이랑 가기 좋은 다운,restaurant,1,대구 범어동 맛집 수제버거 아이랑 가기 좋은 다운타우너,https://blog.naver.com/sodalited/224301576826
1801,food,대구,법원,candidate,1,대구 법원 맛집 직장인 맛집 하루우동 대구범어점 추천 후기,https://blog.naver.com/yasigol0328/224301790530
1802,domestic_travel,대구,법원,candidate,1,대구 법원 맛집 직장인 맛집 하루우동 대구범어점 추천 후기,https://blog.naver.com/yasigol0328/224301790530
1803,food,대구,법원 맛집 직장인 맛집 하루우동 대구범어점,restaurant,1,대구 법원 맛집 직장인 맛집 하루우동 대구범어점 추천 후기,https://blog.naver.com/yasigol0328/224301790530
1804,domestic_travel,대구,법원 맛집 직장인 맛집 하루우동 대구범어점,restaurant,1,대구 법원 맛집 직장인 맛집 하루우동 대구범어점 추천 후기,https://blog.naver.com/yasigol0328/224301790530
1805,food,부산,벚꽃,candidate,1,"부산 2박 3일 혼자 여행 3일차-2 부산 벚꽃 스팟, 명란김밥...",https://blog.naver.com/sjiiiiiiiiiin/224301714957
1806,domestic_travel,부산,벚꽃,candidate,1,"부산 2박 3일 혼자 여행 3일차-2 부산 벚꽃 스팟, 명란김밥...",https://blog.naver.com/sjiiiiiiiiiin/224301714957
1807,domestic_travel,가평,베고니아,candidate,1,가평 베고니아 새정원 아이랑 다녀온 내돈내산 후기 알고 보니...,https://blog.naver.com/antae_day/224299982437
1808,domestic_travel,가평,베고니아 새정원 아이랑 다녀온 내돈내산,candidate,1,가평 베고니아 새정원 아이랑 다녀온 내돈내산 후기 알고 보니...,https://blog.naver.com/antae_day/224299982437
1809,domestic_travel,가평,베고니아새정원,candidate,1,가평 베고니아새정원 실내 여행 정보와 관람 팁,https://blog.naver.com/jja0412a/224301682392
1810,domestic_travel,가평,베고니아새정원은 단순한 식물원 느낌이 아니라,candidate,1,가평 여행 필수코스 ㅣ 베고니아새정원 봄·여름 나들이 추천️,https://blog.naver.com/hope_beans/224296944852
1811,food,부산,베를린,candidate,1,[해운대 오션뷰 카페] 더 반 베를린 부산점,https://blog.naver.com/merry96715/224301618919
1812,domestic_travel,부산,베를린,candidate,1,[해운대 오션뷰 카페] 더 반 베를린 부산점,https://blog.naver.com/merry96715/224301618919
1813,food,대구,베스트,candidate,1,대구 수성구 신천시장 양고기 스프카레 맛집 바를램,https://blog.naver.com/dumborang/224301679356
1814,domestic_travel,대구,베스트,candidate,1,대구 수성구 신천시장 양고기 스프카레 맛집 바를램,https://blog.naver.com/dumborang/224301679356
1815,food,대전,베스트,candidate,1,"대전 중구 맛집 광천식당, 노포 감성과 매콤한 두루치기의 만남",https://blog.naver.com/starstaracademy/224301570569
1816,domestic_travel,대전,베스트,candidate,1,"대전 중구 맛집 광천식당, 노포 감성과 매콤한 두루치기의 만남",https://blog.naver.com/starstaracademy/224301570569
1817,food,부산,베이글,candidate,1,샌드위치 베이글 맛집 추천 메뉴 베이글추천 부산베이글 동래카페,https://blog.naver.com/udongart/224301909069
1818,food,인천,베이커리,cafe,1,[간석동 맛집 ] 제과제빵 명인의 집! 빵순이 눈돌아가는 '퐁듀...,https://blog.naver.com/annafit1/224301881350
1819,food,대구,베이커리,cafe,1,[카페 탄] 팔공산 근처 대구 수플레팬케이크 맛집 카페...,https://blog.naver.com/happydd-/224301884221
1820,domestic_travel,대구,베이커리,cafe,1,[카페 탄] 팔공산 근처 대구 수플레팬케이크 맛집 카페...,https://blog.naver.com/happydd-/224301884221
1821,domestic_travel,강릉,베이커리,cafe,1,정남미명과 강릉본점 / 천하제빵 / 강릉빵집 / 토요일방문후기,https://blog.naver.com/gg1234_567/224301747305
1822,food,제주,베이커리,cafe,1,제주 빵지순례 추천 / 롱앤플랫 동문시장점 방문 후기,https://blog.naver.com/p_chan_s/224301619937
1823,domestic_travel,제주,베이커리,cafe,1,제주 빵지순례 추천 / 롱앤플랫 동문시장점 방문 후기,https://blog.naver.com/p_chan_s/224301619937
1824,food,성수,베이커리 맛집 하츠베이커리,cafe,1,"성수 베이커리 맛집 하츠베이커리｜주말 웨이팅, 메뉴, 추천 빵...",https://blog.naver.com/k_juvely/224301881713
1825,domestic_travel,성수,베이커리 맛집 하츠베이커리,cafe,1,"성수 베이커리 맛집 하츠베이커리｜주말 웨이팅, 메뉴, 추천 빵...",https://blog.naver.com/k_juvely/224301881713
1826,food,성수,베이킹스튜디오,candidate,1,성수빵지순례 [성수베이킹스튜디오] 바게트치아바타 맛집,https://blog.naver.com/alruddlaa/224301818635
1827,domestic_travel,성수,베이킹스튜디오,candidate,1,성수빵지순례 [성수베이킹스튜디오] 바게트치아바타 맛집,https://blog.naver.com/alruddlaa/224301818635
1828,food,성수,베통,candidate,1,성수 핫플 소금빵 맛집 베통 성수 평일 오전 웨이팅 솔직후기,https://blog.naver.com/mfp112/224301758624
1829,domestic_travel,성수,베통,candidate,1,성수 핫플 소금빵 맛집 베통 성수 평일 오전 웨이팅 솔직후기,https://blog.naver.com/mfp112/224301758624
1830,food,대구,베트남 음식 맛집 은 생각보다 개개인의 개성,restaurant,1,칠성동 맛집 칠성시장 근처 쌀국수집 왓타타이 내돈내산 리뷰,https://blog.naver.com/operation-car/224301843213
1831,domestic_travel,대구,베트남 음식 맛집 은 생각보다 개개인의 개성,restaurant,1,칠성동 맛집 칠성시장 근처 쌀국수집 왓타타이 내돈내산 리뷰,https://blog.naver.com/operation-car/224301843213
1832,food,성수,변 핫플 에서 시간을 보내기 아주 좋습니다 팝업,popup,1,[성수 포켓몬 투어2] 올리브영N성수 포켓몬 30주년 파티 팝업...,https://blog.naver.com/ejl0304-/224301806574
1833,food,인천,변신연습전시,attraction,1,인천아트플랫폼 전시부터 플리마켓까지 알차게 즐긴 하루,https://blog.naver.com/mingming9706/224301922338
1834,domestic_travel,인천,변신연습전시,attraction,1,인천아트플랫폼 전시부터 플리마켓까지 알차게 즐긴 하루,https://blog.naver.com/mingming9706/224301922338
1835,domestic_travel,제주,별방진,candidate,1,제주 별방진 유채꽃|3월 말 방문한 동쪽 가볼만한곳 인스스...,https://blog.naver.com/sunlama/224301927941
1836,domestic_travel,제주,별방진 유채꽃 3월 말 방문한 동쪽 가볼만한,candidate,1,제주 별방진 유채꽃|3월 말 방문한 동쪽 가볼만한곳 인스스...,https://blog.naver.com/sunlama/224301927941
1837,domestic_travel,가평,별빛축제,attraction,1,인생샷 보장! 아침고요수목원 오색별빛정원전 방문기,https://blog.naver.com/sean0078/224297728288
1838,food,종로,병천유황오리 본점,candidate,1,부모님 모시고 가면 무조건 칭찬받는 훈제오리고기 맛집 4,https://blog.naver.com/am9-25/224296124269
1839,domestic_travel,성수,보고왔어요 제품을 볼 수 있는데요 깔끔한 쇼룸,popup,1,성수동 실버주얼리 킹크로치 X 데우스 콜라보 신제품 보고왔어요,https://blog.naver.com/iakim7214/224301948228
1840,domestic_travel,대전,보다 덜 알려져 더 예쁜 대전 대청호 장미축제,attraction,1,“ 서울 보다 덜 알려져 더 예쁜 대전 대청호 장미축제”,https://blog.naver.com/3050035/224295646828
1841,domestic_travel,강릉,보령머드축제,attraction,1,축제 공화국 대한민국…주말마다 떠나도 23년이 걸린다,https://blog.naver.com/point3414/224301686151
1842,food,인천,보루,candidate,1,"운서역 전자담배 추천, 액상 종류 많은 보루 인천운서점 방문 후기",https://blog.naver.com/ys__1011/224301869378
1843,domestic_travel,인천,보루,candidate,1,"운서역 전자담배 추천, 액상 종류 많은 보루 인천운서점 방문 후기",https://blog.naver.com/ys__1011/224301869378
1844,domestic_travel,제주,보말칼국수,candidate,1,홍회장 보말칼국수|제주 신화월드 근처 맛집 솔직후기!,https://blog.naver.com/hwanivv/224301880592
1845,food,제주,보말칼국수를 소개 해드리겠습니다 진짜 로컬,candidate,1,"제주 공항 근처 맛집 , 진한 국물이 일품인 신제주 보말칼국수...",https://blog.naver.com/kongkong_log/224301743920
1846,domestic_travel,가평,보며,candidate,1,북한강 풍경 보며 가평맛집 자연닭갈비에서 즐기는 든든한 철판...,https://blog.naver.com/hh09231/224301855782
1847,domestic_travel,경주,보문단지 맛집 맛자랑 불국사 근처 한정식 맛,restaurant,1,경주 보문단지 맛집 맛자랑 불국사 근처 한정식 맛집 돌솥정식...,https://blog.naver.com/mmmu14/224301868528
1848,domestic_travel,경주,보문단지 맛집 효은옥 경주분점 뼈베레스트 존,restaurant,1,경주 보문단지 맛집 효은옥 경주분점 뼈베레스트 존맛탱,https://blog.naver.com/yozin_/224301911280
1849,domestic_travel,경주,보문단지 밥집 약 20가지 푸짐한 한정식 솔,candidate,1,경주 보문단지 밥집 약 20가지 푸짐한 한정식 솔직후기...,https://blog.naver.com/okkk2138/224301924693
1850,food,광주,보배반점,candidate,1,광주하남 맛집 보배반점 광주하남2지구점 내돈내산 후기 주차...,https://blog.naver.com/haemi789/224301792928
1851,food,제주,보배반점 제주삼화점에서 살펴본 제주삼화 중식당,restaurant,1,보배반점 제주삼화점에서 살펴본 제주삼화 중식당의 다채로운...,https://blog.naver.com/qudwn56467/224301955260
1852,food,성수,보쌈과,candidate,1,"[ 서울 성수] 가브리살 보쌈과... 성수 맛집 , 뚝섬 맛집 , 한식주점...",https://blog.naver.com/leecw1106/224301004294
1853,domestic_travel,제주,보와 공연 제주시 제30회 제주국제관광마라톤축제,attraction,1,2026년 05월 6주차 강원도 제주시 세종시 축제 정보와 공연...,https://blog.naver.com/myfriendcjg/224301504653
1854,domestic_travel,가평,보트,candidate,1,"가평 보트 데이트코스, 더강카페에서 즐기는 특별한 더강 라떼...",https://blog.naver.com/lovebookn/224301928692
1855,food,부산,복국의,candidate,1,"""세상에서 가장 위험한 국물? CNN이 주목한 부산 복국의 정체""",https://blog.naver.com/su198964/224301328208
1856,domestic_travel,부산,복국의,candidate,1,"""세상에서 가장 위험한 국물? CNN이 주목한 부산 복국의 정체""",https://blog.naver.com/su198964/224301328208
1857,food,부산,복국의 정체 부산가볼만한곳,candidate,1,"""세상에서 가장 위험한 국물? CNN이 주목한 부산 복국의 정체""",https://blog.naver.com/su198964/224301328208
1858,domestic_travel,부산,복국의 정체 부산가볼만한곳,candidate,1,"""세상에서 가장 위험한 국물? CNN이 주목한 부산 복국의 정체""",https://blog.naver.com/su198964/224301328208
1859,food,대구,복어요리,candidate,1,[동천동 맛집 ] 대구 복어요리 전문점 점심 특선 후기_황제복어,https://blog.naver.com/jinjinjara-148/224301927613
1860,food,광주,복호두,candidate,1,복호두 광주상무점 청사과버터 솔직후기 광주답례품...,https://blog.naver.com/yooom222/224301616207
1861,domestic_travel,광주,복호두,candidate,1,복호두 광주상무점 청사과버터 솔직후기 광주답례품...,https://blog.naver.com/yooom222/224301616207
1862,food,대전,본격적으로 시작 5군데 빵 맛집,restaurant,1,대전 빵택시 빵버스 빵티칸 순례 평일 오후 코스 다녀온 찐...,https://blog.naver.com/rudtjsdldi95/224301944719
1863,food,대구,본리동,candidate,1,대구 본리동 맛집 미카도스시 회전초밥집 내돈내산리뷰,https://blog.naver.com/tk0328/224301936793
1864,domestic_travel,대구,본리동,candidate,1,대구 본리동 맛집 미카도스시 회전초밥집 내돈내산리뷰,https://blog.naver.com/tk0328/224301936793
1865,food,대구,본리동 맛집 미카도스시 회전초밥집 내돈내산리,restaurant,1,대구 본리동 맛집 미카도스시 회전초밥집 내돈내산리뷰,https://blog.naver.com/tk0328/224301936793
1866,domestic_travel,대구,본리동 맛집 미카도스시 회전초밥집 내돈내산리,restaurant,1,대구 본리동 맛집 미카도스시 회전초밥집 내돈내산리뷰,https://blog.naver.com/tk0328/224301936793
1867,food,대구,본점,candidate,1,대구 삼덕동 맛집 온담 본점 대구 샤브샤브 편백찜 맛집 추천,https://blog.naver.com/mmmu14/224301928937
1868,domestic_travel,대구,본점,candidate,1,대구 삼덕동 맛집 온담 본점 대구 샤브샤브 편백찜 맛집 추천,https://blog.naver.com/mmmu14/224301928937
1869,food,성수,본점,candidate,1,성수 맛집 이자카야 지금이밤 성수본점 성수동 데이트 술집...,https://blog.naver.com/wishb0501/224301582593
1870,domestic_travel,성수,본점,candidate,1,성수 맛집 이자카야 지금이밤 성수본점 성수동 데이트 술집...,https://blog.naver.com/wishb0501/224301582593
1871,food,광주,본점,candidate,1,광주 창억떡집 본점|광주 창억떡 호박인절미|창억떡 웨이팅...,https://blog.naver.com/jjeong_eve/224301580018
1872,domestic_travel,광주,본점,candidate,1,광주 창억떡집 본점|광주 창억떡 호박인절미|창억떡 웨이팅...,https://blog.naver.com/jjeong_eve/224301580018
1873,food,대전,볼로니아,candidate,1,시청역 둔산동 맛집 볼로니아 대전둔산점 크림 뇨끼 연어...,https://blog.naver.com/bleib/224301890799
1874,domestic_travel,가평,볼만한곳 한식 쌈밥 28개월 아이와 남이섬 맛집,restaurant,1,가평 가볼만한곳 한식 쌈밥 28개월 아이와 남이섬 맛집 진수성찬,https://blog.naver.com/alsoy00/224301929977
1875,domestic_travel,대전,봉명동,candidate,1,"｜봉명동 대전 핫플 , 대전 혼술바 '잔소리 봉명점'",https://blog.naver.com/shrimpssong/224301819009
1876,food,대전,봉명동 고기집 고깃리88 봉명점 숙성 생고기,restaurant,1,"대전 봉명동 고기집 고깃리88 봉명점, 숙성 생고기와 연탄불의...",https://blog.naver.com/jumdonamul/224301918697
1877,food,대전,봉명동 메리엔제이 에서 케라틴 영양 속눈썹,candidate,1,"<REVIEW> 대전 봉명동 ""메리엔제이""에서 케라틴 영양 속눈썹 펌...",https://blog.naver.com/healthylifeoflima-/224301900305
1878,food,대전,봉명동 양이 대혜자인 농민뜨끈이 옥천뼈구이,candidate,1,[대전/봉명동] 양이 대혜자인 농민뜨끈이 옥천뼈구이(왕강추),https://blog.naver.com/goldg-/224301804746
1879,food,대전,봉명동삼겹살,candidate,1,봉명동삼겹살 대전에서 제대로된 오겹살 먹는법!...,https://blog.naver.com/dss02071/224301783900
1880,food,광주,봉선동 룸식당,restaurant,1,봉선동 맛집 규슈 봉선점... 입도 호강한 광주남구샤브샤브 맛집,https://blog.naver.com/doldabal/224301896175
1881,food,광주,봉선동룸식당,restaurant,1,봉선동 맛집 규슈 봉선점... 입도 호강한 광주남구샤브샤브 맛집,https://blog.naver.com/doldabal/224301896175
1882,food,제주,봉성식당,restaurant,1,2026 봄 제주 (1),https://blog.naver.com/newstar814/224301893377
1883,domestic_travel,제주,봉성식당,restaurant,1,2026 봄 제주 (1),https://blog.naver.com/newstar814/224301893377
1884,food,부산,부담없는,candidate,1,칠리앤버건디 건강하고 부담없는 부산대 타코 맛집,https://blog.naver.com/leenji_-/224301940112
1885,food,강남,부대찌개 맛집 서초 부대찌개 부찌남 부대찌개,restaurant,1,신논현역 부대찌개 맛집 부찌남 후기! 웨이팅도 감수하게...,https://blog.naver.com/parkplm098/224300453582
1886,food,부산,부들파이터,candidate,1,부산대맛집 이색 양식 맛집 추천 부들파이터 부산대점,https://blog.naver.com/tpghk980811/224301870428
1887,domestic_travel,부산,부들파이터,candidate,1,부산대맛집 이색 양식 맛집 추천 부들파이터 부산대점,https://blog.naver.com/tpghk980811/224301870428
1888,food,부산,부모님,candidate,1,"부산 부모님 모시고 가기 좋은 냉수탕가든, 내돈내산 리얼후기",https://blog.naver.com/ssy3669/224301796563
1889,food,부산,부모님 모시고 가기 좋은 냉수탕가든,candidate,1,"부산 부모님 모시고 가기 좋은 냉수탕가든, 내돈내산 리얼후기",https://blog.naver.com/ssy3669/224301796563
1890,food,종로,부모님도 만족한 종로3가 한식 맛집,restaurant,1,익선동 맛집 송암온반 후기｜부모님도 만족한 종로3가 한식 맛집,https://blog.naver.com/lje413/224301748667
1891,food,강남,부모님모시고가기좋은식당,restaurant,1,"화려한 기교 대신 식재료 본연의 가치로 승부하는 곳, 면 서울",https://blog.naver.com/sblue183/224301098827
1892,domestic_travel,인천,부산 고속버스 타고 국내여행 시간표 예매 인,candidate,1,부산 고속버스터미널 시간표 정보안내 하기,https://bluebeat.tistory.com/350
1893,domestic_travel,인천,부산 고속버스 타고 국내여행 시간표 인천 고,candidate,1,인천 종합터미널 고속버스 시간표 요금 정보확인,https://bluebeat.tistory.com/317
1894,food,부산,부산 빵 투어 여튼 해운대 잠깐 있다가,candidate,1,"2박 3일 부산여행 (부산 맛집 , 부산 빵 투어)",https://blog.naver.com/hanaring_/224301949879
1895,domestic_travel,강릉,부산 이유,candidate,1,"혼자 가기 좋은 뚜벅이 여행 지 10곳 추천( 서울 ·경기강릉, 부산...",https://blog.naver.com/icshlove/224297092785
1896,food,강남,부산3대돈까스맛집,restaurant,1,맛집 :: ️ 원카츠 논현점,https://blog.naver.com/amy7623/224301542952
1897,food,부산,부산대파스타 5성급 호텔출신쉐프 레스토랑,restaurant,1,부산 부산대파스타 5성급 호텔출신쉐프 레스토랑 추천 앰슐랭...,https://blog.naver.com/busan_sinnam/224301954714
1898,food,부산,부전,candidate,1,부산 부전 서면 닭발 맛집 :: 불향 가득한 신이내린 닭발...,https://blog.naver.com/kkongchichi/224301779387
1899,domestic_travel,부산,부전,candidate,1,부산 부전 서면 닭발 맛집 :: 불향 가득한 신이내린 닭발...,https://blog.naver.com/kkongchichi/224301779387
1900,food,부산,부전 서면 닭발 맛집 불향 가득한 신이내린,restaurant,1,부산 부전 서면 닭발 맛집 :: 불향 가득한 신이내린 닭발...,https://blog.naver.com/kkongchichi/224301779387
1901,domestic_travel,부산,부전 서면 닭발 맛집 불향 가득한 신이내린,restaurant,1,부산 부전 서면 닭발 맛집 :: 불향 가득한 신이내린 닭발...,https://blog.naver.com/kkongchichi/224301779387
1902,food,부산,부전시장,attraction,1,부산 부전시장 맛집|명란김밥 웨이팅 가치있을까? 6줄...,https://blog.naver.com/codud2372/224301860848
1903,domestic_travel,부산,부전시장,attraction,1,부산 부전시장 맛집|명란김밥 웨이팅 가치있을까? 6줄...,https://blog.naver.com/codud2372/224301860848
1904,domestic_travel,부산,부처님생일맞이,candidate,1,[5월의 부처님생일맞이 부산 당일치기 모녀여행] 이재모대신...,https://blog.naver.com/ohmyako/224301674723
1905,food,제주,부천 가볼만한 곳 부천 백만송이 장미축제,attraction,1,"[부천 가볼만한 곳 ] 부천 백만송이 장미축제, 주차 팁부터 야경...",https://blog.naver.com/ruby33333/224301956053
1906,domestic_travel,제주,부천 가볼만한 곳 부천 백만송이 장미축제,attraction,1,"[부천 가볼만한 곳 ] 부천 백만송이 장미축제, 주차 팁부터 야경...",https://blog.naver.com/ruby33333/224301956053
1907,food,제주,부천장미축제,attraction,1,"[부천 가볼만한 곳 ] 부천 백만송이 장미축제, 주차 팁부터 야경...",https://blog.naver.com/ruby33333/224301956053
1908,domestic_travel,제주,부천장미축제,attraction,1,"[부천 가볼만한 곳 ] 부천 백만송이 장미축제, 주차 팁부터 야경...",https://blog.naver.com/ruby33333/224301956053
1909,food,인천,부평 비 오는 날 생각나서 다녀온 부평 소머,candidate,1,[인천 부평] 비 오는 날 생각나서 다녀온 부평 소머리국밥 맛집 ...,https://blog.naver.com/uhagodqhr94/224301819658
1910,domestic_travel,인천,부평 비 오는 날 생각나서 다녀온 부평 소머,candidate,1,[인천 부평] 비 오는 날 생각나서 다녀온 부평 소머리국밥 맛집 ...,https://blog.naver.com/uhagodqhr94/224301819658
1911,food,인천,부평 산곡역 근처 청천동 안주 맛집 땅콩술방,restaurant,1,"[인천/부평] 산곡역 근처 청천동 안주 맛집 , 땅콩술방",https://blog.naver.com/eens_2/224301836212
1912,domestic_travel,인천,부평 산곡역 근처 청천동 안주 맛집 땅콩술방,restaurant,1,"[인천/부평] 산곡역 근처 청천동 안주 맛집 , 땅콩술방",https://blog.naver.com/eens_2/224301836212
1913,food,인천,부평구,candidate,1,"인천 부평구 가성비와 맛까지 좋은 부평역 맛집 추천 , 긴자료코...",https://blog.naver.com/nami_detailing/224301932754
1914,food,인천,부평구 가성비와 맛까지 좋은 부평역 맛집 추,restaurant,1,"인천 부평구 가성비와 맛까지 좋은 부평역 맛집 추천 , 긴자료코...",https://blog.naver.com/nami_detailing/224301932754
1915,food,인천,부평구 시장로12번길 30 2층,travel_spot,1,송내 남부역 맛집 스테이크하우스 이크 송내 법원 맛집,https://blog.naver.com/nonovely/224301880836
1916,domestic_travel,인천,부평구 시장로12번길 30 2층,travel_spot,1,송내 남부역 맛집 스테이크하우스 이크 송내 법원 맛집,https://blog.naver.com/nonovely/224301880836
1917,food,인천,부평구에서 부평역 맛집 이나 가성비와 맛까지,restaurant,1,"인천 부평구 가성비와 맛까지 좋은 부평역 맛집 추천 , 긴자료코...",https://blog.naver.com/nami_detailing/224301932754
1918,food,부산,부평깡통시장,travel_spot,1,[부산 부평동 맛집 ] 깡통시장 '2대째 소문난죽집' – 오묘하고...,https://blog.naver.com/what_msv/224301905883
1919,domestic_travel,부산,부평깡통시장,travel_spot,1,[부산 부평동 맛집 ] 깡통시장 '2대째 소문난죽집' – 오묘하고...,https://blog.naver.com/what_msv/224301905883
1920,food,부산,부평동,candidate,1,[부산 부평동 맛집 ] 깡통시장 '2대째 소문난죽집' – 오묘하고...,https://blog.naver.com/what_msv/224301905883
1921,domestic_travel,부산,부평동,candidate,1,[부산 부평동 맛집 ] 깡통시장 '2대째 소문난죽집' – 오묘하고...,https://blog.naver.com/what_msv/224301905883
1922,food,부산,부평동 맛집 깡통시장,restaurant,1,[부산 부평동 맛집 ] 깡통시장 '2대째 소문난죽집' – 오묘하고...,https://blog.naver.com/what_msv/224301905883
1923,domestic_travel,부산,부평동 맛집 깡통시장,restaurant,1,[부산 부평동 맛집 ] 깡통시장 '2대째 소문난죽집' – 오묘하고...,https://blog.naver.com/what_msv/224301905883
1924,food,부산,부평동 맛집 깡통시장 2대째 소문난죽집,restaurant,1,[부산 부평동 맛집 ] 깡통시장 '2대째 소문난죽집' – 오묘하고...,https://blog.naver.com/what_msv/224301905883
1925,domestic_travel,부산,부평동 맛집 깡통시장 2대째 소문난죽집,restaurant,1,[부산 부평동 맛집 ] 깡통시장 '2대째 소문난죽집' – 오묘하고...,https://blog.naver.com/what_msv/224301905883
1926,food,인천,부평시장,travel_spot,1,30년 전통 인천 부평시장 떡집 호박인절미 맛집 풍년떡집,https://blog.naver.com/pklaaa/224301934288
1927,domestic_travel,인천,부평시장,travel_spot,1,30년 전통 인천 부평시장 떡집 호박인절미 맛집 풍년떡집,https://blog.naver.com/pklaaa/224301934288
1928,food,인천,부평시장 떡집 호박인절미 맛집 풍년떡집 30,restaurant,1,30년 전통 인천 부평시장 떡집 호박인절미 맛집 풍년떡집,https://blog.naver.com/pklaaa/224301934288
1929,domestic_travel,인천,부평시장 떡집 호박인절미 맛집 풍년떡집 30,restaurant,1,30년 전통 인천 부평시장 떡집 호박인절미 맛집 풍년떡집,https://blog.naver.com/pklaaa/224301934288
1930,food,인천,부평시장 떡집 호박인절미 맛집 풍년떡집 강화,restaurant,1,30년 전통 인천 부평시장 떡집 호박인절미 맛집 풍년떡집,https://blog.naver.com/pklaaa/224301934288
1931,domestic_travel,인천,부평시장 떡집 호박인절미 맛집 풍년떡집 강화,restaurant,1,30년 전통 인천 부평시장 떡집 호박인절미 맛집 풍년떡집,https://blog.naver.com/pklaaa/224301934288
1932,food,부산,북구,candidate,1,"부산 북구 금곡동 맛집 , 솔방울로 굽는 고기 솔방구리 삼겹살...",https://blog.naver.com/yoonyoon_8/224301939550
1933,food,부산,북구 금곡동 맛집 솔방울로 굽는 고기 솔방구,restaurant,1,"부산 북구 금곡동 맛집 , 솔방울로 굽는 고기 솔방구리 삼겹살...",https://blog.naver.com/yoonyoon_8/224301939550
1934,food,대구,북구 동천로23길 58 매주 월요일 정기휴무,candidate,1,[동천동 맛집 ] 대구 복어요리 전문점 점심 특선 후기_황제복어,https://blog.naver.com/jinjinjara-148/224301927613
1935,food,대구,북구 맛집 고급스러운 분위기에서 가족외식 보,restaurant,1,대구 북구 맛집 고급스러운 분위기에서 가족외식 보길도1988...,https://blog.naver.com/papaya3040/224301684943
1936,domestic_travel,대구,북구 맛집 고급스러운 분위기에서 가족외식 보,restaurant,1,대구 북구 맛집 고급스러운 분위기에서 가족외식 보길도1988...,https://blog.naver.com/papaya3040/224301684943
1937,food,광주,북구 맛집 신무돌칼국수 냉면칼국수와 해물파전,restaurant,1,"광주 북구 맛집 신무돌칼국수, 여름 별미 냉면칼국수와...",https://blog.naver.com/gado2023/224301917481
1938,food,광주,북구 맛집 신무돌칼국수 여름 별미 냉면칼국수,restaurant,1,"광주 북구 맛집 신무돌칼국수, 여름 별미 냉면칼국수와...",https://blog.naver.com/gado2023/224301917481
1939,food,광주,북구 운암동 레터링 케이크나 주문제작 케이크,candidate,1,광주 운암동 케이크 주문제작 레터링 경신여고 ‘무니...,https://blog.naver.com/ha_aaam/224301948725
1940,food,광주,북구 일곡동 브런치 맛집 내돈내산 차차룸 북,cafe,1,광주 북구 일곡동 브런치 맛집 / 내돈내산 차차룸,https://blog.naver.com/ta27like/224301929095
1941,food,대구,북구에서 진정한 고기 맛집 을 찾으신다면 주,restaurant,1,침산동 한우 침산동 고기집 콜키지프리 고기9단 침산직영점,https://blog.naver.com/dhdrummer1/224301959497
1942,food,대구,북구청,candidate,1,대구 북구청 맛집 흑백요리사 출연 팔공산엄마밥상 침산점,https://blog.naver.com/hyuk_05_/224301958867
1943,food,대구,북구청 맛집 흑백요리사 출연 팔공산엄마밥상,restaurant,1,대구 북구청 맛집 흑백요리사 출연 팔공산엄마밥상 침산점,https://blog.naver.com/hyuk_05_/224301958867
1944,food,대구,북성로,candidate,1,대구 북성로 맛집 원조북성로우동불고기 현지인 추천 찐 맛집,https://blog.naver.com/tintorera/224301730383
1945,domestic_travel,대구,북성로,candidate,1,대구 북성로 맛집 원조북성로우동불고기 현지인 추천 찐 맛집,https://blog.naver.com/tintorera/224301730383
1946,food,대구,북성로 맛집 원조북성로우동불고기 현지인,restaurant,1,대구 북성로 맛집 원조북성로우동불고기 현지인 추천 찐 맛집,https://blog.naver.com/tintorera/224301730383
1947,domestic_travel,대구,북성로 맛집 원조북성로우동불고기 현지인,restaurant,1,대구 북성로 맛집 원조북성로우동불고기 현지인 추천 찐 맛집,https://blog.naver.com/tintorera/224301730383
1948,domestic_travel,가평,북한강에서 즐기는 짜릿한 웨이크보드 & 수상,candidate,1,♂️ 수상스키 & 웨이크보드 초보패키지|CLUB WATER,https://blog.naver.com/clubwate/224295979139
1949,domestic_travel,경주,북홈경주,candidate,1,경주 북홈경주 호스텔 만화책과 함께하는 특별한 숙박 경험,https://blog.naver.com/completec/224301870607
1950,domestic_travel,경주,북홈경주 호스텔 만화책과 함께하는 특별한 숙,candidate,1,경주 북홈경주 호스텔 만화책과 함께하는 특별한 숙박 경험,https://blog.naver.com/completec/224301870607
1951,food,인천,분 제대로 나더라고요 서울 근교에서 이렇게 리조트,travel_spot,1,[인천 인스파이어 리조트] 영종도 호캉스|푸드코트 피자 존맛...,https://blog.naver.com/yjeew43/224297682825
1952,domestic_travel,인천,분 제대로 나더라고요 서울 근교에서 이렇게 리조트,travel_spot,1,[인천 인스파이어 리조트] 영종도 호캉스|푸드코트 피자 존맛...,https://blog.naver.com/yjeew43/224297682825
1953,food,성수,분위기 좋은 곳 성수 감성 와인바 쏘티 서울,restaurant,1,내돈내산 성수 분위기 좋은 곳 성수 감성 와인바 쏘티,https://blog.naver.com/danbi_0530/224301927799
1954,domestic_travel,성수,분위기 좋은 곳 성수 감성 와인바 쏘티 서울,restaurant,1,내돈내산 성수 분위기 좋은 곳 성수 감성 와인바 쏘티,https://blog.naver.com/danbi_0530/224301927799
1955,food,성수,분위기 좋은 파스타 맛집 와인바 리타르단도,restaurant,1,[ 서울 맛집 ] 성수 분위기 좋은 파스타 맛집 / 와인바 리타르단도,https://blog.naver.com/hyeg_seo/224301156151
1956,food,성수,분위기에,candidate,1,"성수역 맛집 / 성수 맛집 , 분위기에 취하고 맛에 반하는 성수동...",https://blog.naver.com/dltmfgml4088/224301882726
1957,domestic_travel,성수,분위기에,candidate,1,"성수역 맛집 / 성수 맛집 , 분위기에 취하고 맛에 반하는 성수동...",https://blog.naver.com/dltmfgml4088/224301882726
1958,food,성수,분위기에 취하고 맛에 반하는 성수동 성,candidate,1,"성수역 맛집 / 성수 맛집 , 분위기에 취하고 맛에 반하는 성수동...",https://blog.naver.com/dltmfgml4088/224301882726
1959,domestic_travel,성수,분위기에 취하고 맛에 반하는 성수동 성,candidate,1,"성수역 맛집 / 성수 맛집 , 분위기에 취하고 맛에 반하는 성수동...",https://blog.naver.com/dltmfgml4088/224301882726
1960,food,광주,불고기피자+삼겹살,restaurant,1,"광주 서구ㅣ풍암동 삼겹살, 한우 불고기피자+삼겹살 광주 맛집 ...",https://blog.naver.com/reviviver/224301885877
1961,domestic_travel,광주,불고기피자+삼겹살,restaurant,1,"광주 서구ㅣ풍암동 삼겹살, 한우 불고기피자+삼겹살 광주 맛집 ...",https://blog.naver.com/reviviver/224301885877
1962,domestic_travel,경주,불국사 방문객 90,candidate,1,경주 불국사 방문객 90%가 놓치는 비밀의 스팟 2곳,https://blog.naver.com/gmxzdsu/224294745429
1963,domestic_travel,경주,불꽃축제,attraction,1,장보윤) 일정 프로그램 주차 총정리! 경주 가볼만한곳 추천,https://blog.naver.com/urcouns/224301271487
1964,food,대구,불로동,candidate,1,대구 불로동 맛집 건강한 한식 한 상이 생각날 때 찾게 되는...,https://blog.naver.com/boalovendh/224301889895
1965,food,대구,불로동 맛집 건강한 한식 한 상이 생각날 때,restaurant,1,대구 불로동 맛집 건강한 한식 한 상이 생각날 때 찾게 되는...,https://blog.naver.com/boalovendh/224301889895
1966,food,대구,불로동고분군,candidate,1,"5월, 대구 당일치기 여행 (세연콩국 / 불로동고분군 / 대구 더...",https://blog.naver.com/rlaekqls0300/224301778570
1967,domestic_travel,대구,불로동고분군,candidate,1,"5월, 대구 당일치기 여행 (세연콩국 / 불로동고분군 / 대구 더...",https://blog.naver.com/rlaekqls0300/224301778570
1968,food,대전,불장난,candidate,1,[대전/둔산동] 불장난 대전 둔산동 술집 안주 추천 찐후기,https://blog.naver.com/choyeon-_/224301945672
1969,domestic_travel,대전,불장난,candidate,1,[대전/둔산동] 불장난 대전 둔산동 술집 안주 추천 찐후기,https://blog.naver.com/choyeon-_/224301945672
1970,food,종로,비 오는 날 광장시장,travel_spot,1,"비 오는 날 광장시장 데이트, 낙지탕탕이와 종로빈대떡",https://blog.naver.com/ji0edaa/224301760040
1971,food,성수,비 있게 즐기는 방법도 있으니 6월 11일 팝업,popup,1,더현대서울 모찌모찌 팝업 디저트 기간 메뉴 가격 냉장보관,https://blog.naver.com/beaming_with_s/224301591725
1972,food,부산,비교,candidate,1,해목 부산 히츠마부시 직접 다녀온 해운대점 솔직한 후기,https://blog.naver.com/leedh428/224301620383
1973,domestic_travel,부산,비교,candidate,1,해목 부산 히츠마부시 직접 다녀온 해운대점 솔직한 후기,https://blog.naver.com/leedh428/224301620383
1974,food,강남,비랩,candidate,1,강남 칵테일 무제한 '비랩 강남본점' 안주반입 가능한 가성비...,https://blog.naver.com/iancolorlab/224301820118
1975,domestic_travel,강릉,비목공원,travel_spot,1,6월의 강원 추천 여행 지는? 강릉 단오제! 화천 파크골프장!,https://blog.naver.com/gwdoraeyo/224297862469
1976,domestic_travel,대전,비밀 여행 지를 소개할께요 대전 대청호 장미축제,attraction,1,“ 서울 보다 덜 알려져 더 예쁜 대전 대청호 장미축제”,https://blog.naver.com/3050035/224295646828
1977,food,대구,비슬산,candidate,1,[블랙야크 100대 명산]대구 비슬산 도성암 코스-도통바위...,https://blog.naver.com/mdaysm/224301843746
1978,domestic_travel,대구,비슬산,candidate,1,[블랙야크 100대 명산]대구 비슬산 도성암 코스-도통바위...,https://blog.naver.com/mdaysm/224301843746
1979,domestic_travel,가평,비오는날,candidate,1,가평 비오는날 아기와 가볼만한 곳 ~!! 베고니아새정원.,https://blog.naver.com/lilly127/224297260147
1980,domestic_travel,가평,비오는날 아기와 가볼만한 곳,candidate,1,가평 비오는날 아기와 가볼만한 곳 ~!! 베고니아새정원.,https://blog.naver.com/lilly127/224297260147
1981,food,강남,비즈니스미팅식당,restaurant,1,"화려한 기교 대신 식재료 본연의 가치로 승부하는 곳, 면 서울",https://blog.naver.com/sblue183/224301098827
1982,domestic_travel,부산,비즈니스호텔,travel_spot,1,부산역 호텔 추천! 토요코인 부산역1호점 장단점 총정리,https://blog.naver.com/goodfinds/224301796903
1983,domestic_travel,제주,비짓,candidate,1,나우다 비짓 제주 디지털관광증 발급하고 관광지 입장료 할인...,https://blog.naver.com/sying925/224301583433
1984,food,인천,빈티지 보물찾기 오슬로우 마켓 축제,attraction,1,[인천/동인천] 빈티지 보물찾기! '오슬로우 마켓' 축제 리얼...,https://blog.naver.com/longblack27/224301835165
1985,domestic_travel,인천,빈티지 보물찾기 오슬로우 마켓 축제,attraction,1,[인천/동인천] 빈티지 보물찾기! '오슬로우 마켓' 축제 리얼...,https://blog.naver.com/longblack27/224301835165
1986,food,부산,빌라쥬,candidate,1,호텔 아난티 앳 부산 빌라쥬 (Ananti at Busan Village)...,https://blog.naver.com/gotrip2001/224301834145
1987,domestic_travel,부산,빌라쥬,candidate,1,호텔 아난티 앳 부산 빌라쥬 (Ananti at Busan Village)...,https://blog.naver.com/gotrip2001/224301834145
1988,food,부산,빌라쥬 Ananti at Busan Vill,candidate,1,호텔 아난티 앳 부산 빌라쥬 (Ananti at Busan Village)...,https://blog.naver.com/gotrip2001/224301834145
1989,domestic_travel,부산,빌라쥬 Ananti at Busan Vill,candidate,1,호텔 아난티 앳 부산 빌라쥬 (Ananti at Busan Village)...,https://blog.naver.com/gotrip2001/224301834145
1990,domestic_travel,대구,빙수,candidate,1,대구 빙수 맛집 동성로카페 바닐라크럼브 양쯔깐루빙수...,https://blog.naver.com/whtnrud19/224301828285
1991,food,대구,빙수 맛집 경산 찬찬농장 무화과집 방문 이,restaurant,1,대구 빙수 맛집 찬찬농장 무화과집 산딸기 빙수 출시,https://blog.naver.com/glo717/224301954928
1992,food,대구,빙수 맛집 동성로카페 바닐라크럼브 양쯔깐루빙,cafe,1,대구 빙수 맛집 동성로카페 바닐라크럼브 양쯔깐루빙수...,https://blog.naver.com/whtnrud19/224301828285
1993,domestic_travel,대구,빙수 맛집 동성로카페 바닐라크럼브 양쯔깐루빙,cafe,1,대구 빙수 맛집 동성로카페 바닐라크럼브 양쯔깐루빙수...,https://blog.naver.com/whtnrud19/224301828285
1994,food,대구,빙수 맛집 서문시장,restaurant,1,대구빙수 맛집 서문시장 2지구 생과일 가득 디저트 제니빙수,https://blog.naver.com/qhxhdtk/224301675907
1995,domestic_travel,대구,빙수 맛집 서문시장,restaurant,1,대구빙수 맛집 서문시장 2지구 생과일 가득 디저트 제니빙수,https://blog.naver.com/qhxhdtk/224301675907
1996,food,대구,빙수 맛집 찬찬농장 무화과집 산딸기 빙수 출,restaurant,1,대구 빙수 맛집 찬찬농장 무화과집 산딸기 빙수 출시,https://blog.naver.com/glo717/224301954928
1997,food,광주,빛나는,candidate,1,[52번째 맛집 탐방] 광주... 빛나는 상추백반 참치찌개 맛집,https://blog.naver.com/crazymet2/224301805962
1998,food,광주,빛나는 상추백반 참치찌개 맛집 용봉동백반,restaurant,1,[52번째 맛집 탐방] 광주... 빛나는 상추백반 참치찌개 맛집,https://blog.naver.com/crazymet2/224301805962
1999,domestic_travel,가평,빛두리,candidate,1,빛두리 가평 잣손두부 잣두부전골 감자전 내돈내산 주차,https://blog.naver.com/joyto17/224300848525
2000,domestic_travel,가평,빠지 패키지를 발견해서 서울 근교 가평 빠지,candidate,1,가평 빠지 추천 패키지 가격 아마존 후기,https://blog.naver.com/wansojun/224298180186
2001,food,대구,빠진,candidate,1,대구 교동 맛집 한빠 한식에 빠진 대구 시청 점심 맛집 추천,https://blog.naver.com/jiny_iwish/224301608309
2002,domestic_travel,대구,빠진,candidate,1,대구 교동 맛집 한빠 한식에 빠진 대구 시청 점심 맛집 추천,https://blog.naver.com/jiny_iwish/224301608309
2003,food,대전,빵 맛집 본격적으로 시작 5군데 빵 맛,restaurant,1,대전 빵택시 빵버스 빵티칸 순례 평일 오후 코스 다녀온 찐...,https://blog.naver.com/rudtjsdldi95/224301944719
2004,food,부산,빵맛 커피,cafe,1,연산동 맛집 탐방 연산동뼈구이... 선인장카페 부산 맛집 !후기,https://blog.naver.com/sim0455_/224301903898
2005,food,제주,빵지순레,candidate,1,제주 빵지순레 프랑스 디저트 맛집 콜롱주,https://blog.naver.com/mungko112/224301877701
2006,food,제주,빵지순레 프랑스 디저트 맛집 콜롱주 느껴질정,cafe,1,제주 빵지순레 프랑스 디저트 맛집 콜롱주,https://blog.naver.com/mungko112/224301877701
2007,food,대전,빵지순례 - 풍자 또간집 하레하레 유성점 방,candidate,1,대전 빵지순례 - 풍자 또간집 하레하레 유성점 방문후기,https://blog.naver.com/tmsntmsn/224301936447
2008,domestic_travel,대전,빵지순례 - 풍자 또간집 하레하레 유성점 방,candidate,1,대전 빵지순례 - 풍자 또간집 하레하레 유성점 방문후기,https://blog.naver.com/tmsntmsn/224301936447
2009,food,성수,빵지순례 디저트 맛집 메이타왕 소금 에그타르,cafe,1,성수 빵지순례 디저트 맛집 메이타왕 소금 에그타르트 줄서서...,https://blog.naver.com/imdressholic/224298382291
2010,food,성수,빵지순례 성수베이킹스튜디오,candidate,1,성수빵지순례 [성수베이킹스튜디오] 바게트치아바타 맛집,https://blog.naver.com/alruddlaa/224301818635
2011,domestic_travel,성수,빵지순례 성수베이킹스튜디오,candidate,1,성수빵지순례 [성수베이킹스튜디오] 바게트치아바타 맛집,https://blog.naver.com/alruddlaa/224301818635
2012,domestic_travel,강릉,빵지순례 필수 코스,candidate,1,강릉 빵지순례 필수 코스✨ 구움과자 맛집 임당동162 이 집...,https://blog.naver.com/sohee9710/224301705736
2013,food,부산,빵집,candidate,1,"부산 3대 빵집,명품 빵집, 부산역카페, 부산빵집 [비엔씨 제과...",https://blog.naver.com/msj3989/224301941075
2014,domestic_travel,가평,빵집,candidate,1,[경기/가평]르봉뺑:가평 빵집 가평 로컬빵집 가평 맛집추천 ...,https://blog.naver.com/congsssi/224301768878
2015,food,제주,빵집,candidate,1,제주공항근처 온유베이커리 우유크림도넛 노티드보다 더...,https://blog.naver.com/momopia/224301936659
2016,food,대전,빵택시,candidate,1,대전 빵택시 빵버스 빵티칸 순례 평일 오후 코스 다녀온 찐...,https://blog.naver.com/rudtjsdldi95/224301944719
2017,domestic_travel,강릉,빵페스타 중간중간 테이블도 많아서 시식을 하,candidate,1,"웨이팅부터 빵 추천, 주차 꿀팁까지 강릉 여행 코스 추천",https://blog.naver.com/iamstar23/224295878900
2018,food,강남,뼈찜,candidate,1,강남 뼈찜 양재천 가성비 맛집 추천 만세감자탕 후기,https://blog.naver.com/www7071/224301818458
2019,food,강남,뼈찜 맛집 을 가고 싶다면 만세 감자탕 10,restaurant,1,강남 뼈찜 양재천 가성비 맛집 추천 만세감자탕 후기,https://blog.naver.com/www7071/224301818458
2020,food,성수,뿌술려다가,candidate,1,더할나위 없이 행복들로 가득해,https://blog.naver.com/hxlni/224301853489
2021,domestic_travel,가평,쁘띠프랑스,candidate,1,가평 쁘띠프랑스 6월 여행 지 추천 가족과 함께 떠나는 낭만적인...,https://blog.naver.com/windjiny/224300699270
2022,domestic_travel,성수,사 시작 후 10분 이내에 쿠폰을 발급받고 숙소,travel_spot,1,여름맞이 숙박세일페스타 신청 방법 및 국내 여행 할인쿠폰 받기,https://blog.naver.com/diek3100/224299769351
2023,food,대구,사람 부럽다,candidate,1,"5월, 대구 당일치기 여행 (세연콩국 / 불로동고분군 / 대구 더...",https://blog.naver.com/rlaekqls0300/224301778570
2024,domestic_travel,대구,사람 부럽다,candidate,1,"5월, 대구 당일치기 여행 (세연콩국 / 불로동고분군 / 대구 더...",https://blog.naver.com/rlaekqls0300/224301778570
2025,food,부산,사람들도,candidate,1,부산 사람들도 몰려간다!부산 6월 축제·행사 BEST 6 (BIDF...,https://blog.naver.com/bodyshu_/224301697776
2026,domestic_travel,부산,사람들도,candidate,1,부산 사람들도 몰려간다!부산 6월 축제·행사 BEST 6 (BIDF...,https://blog.naver.com/bodyshu_/224301697776
2027,food,부산,사람들도 몰려간다 부산 6월 축제,attraction,1,부산 사람들도 몰려간다!부산 6월 축제·행사 BEST 6 (BIDF...,https://blog.naver.com/bodyshu_/224301697776
2028,domestic_travel,부산,사람들도 몰려간다 부산 6월 축제,attraction,1,부산 사람들도 몰려간다!부산 6월 축제·행사 BEST 6 (BIDF...,https://blog.naver.com/bodyshu_/224301697776
2029,domestic_travel,가평,사람없는,candidate,1,"[가평] 사람없는 계곡추천, 단체로 가기 좋은 가평 넓은...",https://blog.naver.com/jenna0406_/224300503547
2030,food,부산,사람이라 서울에 오면 순대국은 안먹을 줄 알,candidate,1,선릉 맛집 농민백암순대 본점 내돈내산 후기 서울 3대 순대국...,https://blog.naver.com/tastyloopy/224301850765
2031,food,부산,사상,candidate,1,부산 사상 고기집 오늘도 갈비곳간 도네누,https://blog.naver.com/tkddnr3295/224301903069
2032,food,부산,사상 고기집 오늘도 갈비곳간 도네누 일부 내,restaurant,1,부산 사상 고기집 오늘도 갈비곳간 도네누,https://blog.naver.com/tkddnr3295/224301903069
2033,food,부산,사상엉클,candidate,1,"""부산맛집"" ""사상엉클 ""부산사상역"" ""사상술집""",https://blog.naver.com/uncle_chinese_1/224301960571
2034,domestic_travel,부산,사상엉클,candidate,1,"""부산맛집"" ""사상엉클 ""부산사상역"" ""사상술집""",https://blog.naver.com/uncle_chinese_1/224301960571
2035,food,대전,사시사철,candidate,1,[대전] 사시사철|괴정동 느좋 해산물 야장 술집 맛집 추천,https://blog.naver.com/lhjin1602/224301818341
2036,food,대구,사아까,candidate,1,대구 사아까 라멘집 내돈내산,https://blog.naver.com/demonstration1004/224301808031
2037,food,대구,사아까 라멘집 내돈내산 내돈내산 입니다 맛없,restaurant,1,대구 사아까 라멘집 내돈내산,https://blog.naver.com/demonstration1004/224301808031
2038,food,광주,사와로베이커리,cafe,1,[담양/가사문학면] 광주 근교 데이트 추천 야외 버스에서 즐길...,https://blog.naver.com/ksw05128/224301675961
2039,domestic_travel,광주,사와로베이커리,cafe,1,[담양/가사문학면] 광주 근교 데이트 추천 야외 버스에서 즐길...,https://blog.naver.com/ksw05128/224301675961
2040,food,부산,사직동,candidate,1,내돈내산 부산 사직동 맛집 라무진,https://blog.naver.com/myamyahehe/224301844805
2041,domestic_travel,부산,사직야구장,candidate,1,부산 사직야구장 직관 당일치기 코스 ⚾ 롯데자이언츠 경기...,https://blog.naver.com/yesjiji/224300325582
2042,domestic_travel,강릉,사천,candidate,1,"[강릉/사천] 오월의 사천 바다를 잔에 담다, 아들과 함께한...",https://blog.naver.com/cozzingzzing/224301855216
2043,domestic_travel,강릉,사천 오월의 사천 바다를 잔에 담다 아들과,restaurant,1,"[강릉/사천] 오월의 사천 바다를 잔에 담다, 아들과 함께한...",https://blog.naver.com/cozzingzzing/224301855216
2044,domestic_travel,강릉,사천해변,travel_spot,1,"[강릉/사천] 오월의 사천 바다를 잔에 담다, 아들과 함께한...",https://blog.naver.com/cozzingzzing/224301855216
2045,food,부산,사천훠궈,candidate,1,라메이 사천훠궈 : 부산대 마라탕 부산대 훠궈 9500원...,https://blog.naver.com/pineappleyj/224301903772
2046,food,부산,사하구,candidate,1,날씨 좋은 날 부산 사하구 맛집 보배반점 장림점에서 보낸...,https://blog.naver.com/nhkbumo/224301931500
2047,food,부산,사하구 맛집 보배반점 장림점에서 보낸 그동안,restaurant,1,날씨 좋은 날 부산 사하구 맛집 보배반점 장림점에서 보낸...,https://blog.naver.com/nhkbumo/224301931500
2048,domestic_travel,성수,산 아카이브를 탐색하는 내용이라 전통 유물 전시,attraction,1,성수 말고 조용히 놀 곳 찾는다면? 서울 전시·실내 행사 5곳 ️,https://blog.naver.com/minsuh0526/224301712036
2049,food,대구,산1동 멍도리입니당 대구 달서구 용산동 용산시장,travel_spot,1,용산동 먹자골목 맛집 까미생막창 대구 달서구 용산1동,https://blog.naver.com/eg0day/224301824238
2050,domestic_travel,대구,산1동 멍도리입니당 대구 달서구 용산동 용산시장,travel_spot,1,용산동 먹자골목 맛집 까미생막창 대구 달서구 용산1동,https://blog.naver.com/eg0day/224301824238
2051,food,부산,산곰장어에서,candidate,1,"[올리맛지/강남] 강남꼼장어 맛집 , 짱이네 산곰장어에서 부산의...",https://blog.naver.com/gyfls2491/224301469915
2052,domestic_travel,가평,산마을글램핑장,candidate,1,가평 산마을글램핑장 후기｜커플 글램핑 숙소 추천(시설...,https://blog.naver.com/dlthdus6902/224301163077
2053,food,제주,산방식당,restaurant,1,제주 공항 근처 현지인 맛집 산방식당 도청직영점 메뉴 내돈내산,https://blog.naver.com/song0110/224301928662
2054,food,대전,산삼주,candidate,1,원기보충하는 대전 흑염소 전문점 흑염소수육에 산삼주 대전...,https://blog.naver.com/hsb7827/224301945835
2055,food,제주,산지,candidate,1,"마치 도쿄에 온 것 같은, 제주 산지 해산물로 꾸려진 오마카세...",https://blog.naver.com/comosoyti/224301863634
2056,domestic_travel,제주,산지,candidate,1,"마치 도쿄에 온 것 같은, 제주 산지 해산물로 꾸려진 오마카세...",https://blog.naver.com/comosoyti/224301863634
2057,food,제주,산지 해산물로 꾸려진 오마카세 식도락 여행,restaurant,1,"마치 도쿄에 온 것 같은, 제주 산지 해산물로 꾸려진 오마카세...",https://blog.naver.com/comosoyti/224301863634
2058,domestic_travel,제주,산지 해산물로 꾸려진 오마카세 식도락 여행,restaurant,1,"마치 도쿄에 온 것 같은, 제주 산지 해산물로 꾸려진 오마카세...",https://blog.naver.com/comosoyti/224301863634
2059,domestic_travel,제주,살다보니 당일치기 육지여행도 해보네 점점 육,candidate,1,"북적북적 온평주택, 육지찍먹 5월 일상",https://blog.naver.com/kiesbird/224301689749
2060,food,제주,살이_4월 너무 더워서 카페,cafe,1,제주살이_4월,https://blog.naver.com/hwangmj516/224301850041
2061,food,제주,살펴본,candidate,1,보배반점 제주삼화점에서 살펴본 제주삼화 중식당의 다채로운...,https://blog.naver.com/qudwn56467/224301955260
2062,food,수원,삼겹살,candidate,1,수원 삼겹살 맛집 수원역 가성비 좋은 부추삼겹살 후기,https://blog.naver.com/skdlwldudsk/224301957233
2063,food,수원,삼겹살 맛집 수원역 가성비 좋은 부추삼겹살,restaurant,1,수원 삼겹살 맛집 수원역 가성비 좋은 부추삼겹살 후기,https://blog.naver.com/skdlwldudsk/224301957233
2064,food,수원,삼겹살 맛집 수원역 삼겹살 맛집 부추삼겹살,restaurant,1,수원 삼겹살 맛집 수원역 가성비 좋은 부추삼겹살 후기,https://blog.naver.com/skdlwldudsk/224301957233
2065,food,종로,삼겹살 종로3가 고기집 삼겹살 맛집,restaurant,1,종로3가 고기집 익선갈매기 야장 맛집 삼겹살,https://blog.naver.com/tweedyes/224301899690
2066,food,종로,삼계탕,candidate,1,동대문 삼계탕 종로 닭한마리 맛집 추천 : 한민국 닭한마리,https://blog.naver.com/ksy010915/224301844960
2067,domestic_travel,부산,삼광사,candidate,1,부산 삼광사 연등축제 야경 부처님오신날 가볼만한곳,https://blog.naver.com/jjung_gojibi/224301950104
2068,domestic_travel,부산,삼광사 연등축제,attraction,1,부산 삼광사 연등축제 야경 부처님오신날 가볼만한곳,https://blog.naver.com/jjung_gojibi/224301950104
2069,domestic_travel,부산,삼광사 연등축제 야경 부처님오신날 가볼만한곳,attraction,1,부산 삼광사 연등축제 야경 부처님오신날 가볼만한곳,https://blog.naver.com/jjung_gojibi/224301950104
2070,food,인천,삼교리동치미막국수,candidate,1,송도 맛집 추천 삼교리동치미막국수 인천송도점 들기름막국수...,https://blog.naver.com/blossom_camper/224301876474
2071,domestic_travel,인천,삼교리동치미막국수,candidate,1,송도 맛집 추천 삼교리동치미막국수 인천송도점 들기름막국수...,https://blog.naver.com/blossom_camper/224301876474
2072,food,대구,삼덕동 맛집 온담 본점 대구 샤브샤브 편백찜,restaurant,1,대구 삼덕동 맛집 온담 본점 대구 샤브샤브 편백찜 맛집 추천,https://blog.naver.com/mmmu14/224301928937
2073,domestic_travel,대구,삼덕동 맛집 온담 본점 대구 샤브샤브 편백찜,restaurant,1,대구 삼덕동 맛집 온담 본점 대구 샤브샤브 편백찜 맛집 추천,https://blog.naver.com/mmmu14/224301928937
2074,food,대구,삼덕동 샌드베이글 맛집 틸베이글 후르츠샌드,restaurant,1,대구 삼덕동 샌드베이글 맛집 틸베이글|후르츠샌드...,https://blog.naver.com/nabiene/224301928138
2075,food,대구,삼덕동 이자카야 야키토리 맛집 이쵸야 숯불에,restaurant,1,[대구 삼덕동 이자카야 야키토리 맛집 ] 이쵸야 숯불에 직접 굽는...,https://blog.naver.com/fpal1742/224301825389
2076,food,대구,삼덕동 커알못도 반한 커피 맛집 수평적관계,cafe,1,[대구 삼덕동] 커알못도 반한 커피 맛집 '수평적관계' 방문 후기,https://blog.naver.com/whalstn38/224301947227
2077,domestic_travel,대구,삼덕동 커알못도 반한 커피 맛집 수평적관계,cafe,1,[대구 삼덕동] 커알못도 반한 커피 맛집 '수평적관계' 방문 후기,https://blog.naver.com/whalstn38/224301947227
2078,food,대구,삼덕동카페 동인동카페 조르바삼덕 좋아서 매장,cafe,1,대구 삼덕동카페 동인동카페 조르바삼덕,https://blog.naver.com/whtnrud19/224301846315
2079,domestic_travel,대구,삼덕동카페 동인동카페 조르바삼덕 좋아서 매장,cafe,1,대구 삼덕동카페 동인동카페 조르바삼덕,https://blog.naver.com/whtnrud19/224301846315
2080,food,강남,삼성동 코엑스 -오크우드 오크 레스토랑,restaurant,1,[삼성동/코엑스 -오크우드 오크 레스토랑]9가지 무제한 와인과...,https://blog.naver.com/oktopblues/224300221407
2081,food,대구,삼성라이온즈파크 원정응원석 1-4 맛집,restaurant,1,대구삼성라이온즈파크 원정응원석 1-4 맛집 후기,https://blog.naver.com/flyrkdus/224301949202
2082,domestic_travel,대구,삼성라이온즈파크 원정응원석 1-4 맛집,restaurant,1,대구삼성라이온즈파크 원정응원석 1-4 맛집 후기,https://blog.naver.com/flyrkdus/224301949202
2083,food,대전,삼오식당,restaurant,1,대전 석갈비 맛집 9층 삼오식당 주차 상견례 부모님 식당 추천,https://blog.naver.com/2sora1113/224301936942
2084,domestic_travel,대전,삼오식당,restaurant,1,대전 석갈비 맛집 9층 삼오식당 주차 상견례 부모님 식당 추천,https://blog.naver.com/2sora1113/224301936942
2085,food,강남,상견례,candidate,1,강남역 한정식 맛집 조양관 강남 상견례 추천,https://blog.naver.com/ggaeb_ee/224301872444
2086,food,인천,상견례식당,restaurant,1,아리아리랑|한정식|코스요리|상견례 추천 맛집|내돈내산,https://blog.naver.com/precious567/224301879344
2087,food,대전,상견례식당,restaurant,1,대전 석갈비 맛집 9층 삼오식당 주차 상견례 부모님 식당 추천,https://blog.naver.com/2sora1113/224301936942
2088,domestic_travel,대전,상견례식당,restaurant,1,대전 석갈비 맛집 9층 삼오식당 주차 상견례 부모님 식당 추천,https://blog.naver.com/2sora1113/224301936942
2089,food,강남,상견례식당,restaurant,1,"화려한 기교 대신 식재료 본연의 가치로 승부하는 곳, 면 서울",https://blog.naver.com/sblue183/224301098827
2090,food,대전,상대동,candidate,1,대전 상대동 소소담 후기｜바삭한 꽈배기와 고로케가 생각나는 곳,https://blog.naver.com/eunbii91/224301946285
2091,domestic_travel,대전,상대동,candidate,1,대전 상대동 소소담 후기｜바삭한 꽈배기와 고로케가 생각나는 곳,https://blog.naver.com/eunbii91/224301946285
2092,food,대전,상대동 소소담,candidate,1,대전 상대동 소소담 후기｜바삭한 꽈배기와 고로케가 생각나는 곳,https://blog.naver.com/eunbii91/224301946285
2093,domestic_travel,대전,상대동 소소담,candidate,1,대전 상대동 소소담 후기｜바삭한 꽈배기와 고로케가 생각나는 곳,https://blog.naver.com/eunbii91/224301946285
2094,food,대전,상대동에 방문 포인트,candidate,1,대전 상대동 소소담 후기｜바삭한 꽈배기와 고로케가 생각나는 곳,https://blog.naver.com/eunbii91/224301946285
2095,domestic_travel,대전,상대동에 방문 포인트,candidate,1,대전 상대동 소소담 후기｜바삭한 꽈배기와 고로케가 생각나는 곳,https://blog.naver.com/eunbii91/224301946285
2096,food,광주,상무지구 뷔페 다이닝,restaurant,1,광주 상무지구 뷔페 다이닝원 주말 내돈내산 솔직후기,https://blog.naver.com/didue_/224301810519
2097,food,광주,상무지구 뷔페 다이닝원 주말 내돈내산 솔직후,restaurant,1,광주 상무지구 뷔페 다이닝원 주말 내돈내산 솔직후기,https://blog.naver.com/didue_/224301810519
2098,food,광주,상무지구 육전 가게 식당 위치 어디 맛집 추,restaurant,1,전현무계획 광주 상무지구 육전 가게 식당 위치 어디 맛집 추천,https://blog.naver.com/moreandmore-0211/224301897119
2099,food,광주,상무지구 인근 쌍촌동에서 오랜 세월 동안 묵,candidate,1,꽃보다청춘 광주 생고기 맛집 & 또아식빵 정보,https://blog.naver.com/tts84/224301904375
2100,food,광주,상무지구 중심가와 매우 인접해 있어 여행객들,candidate,1,전현무계획 광주 연화식당 예약 주차 혼밥 육전 맛집 위치 총정리,https://blog.naver.com/overthesense/224301637298
2101,food,대구,상인동,candidate,1,대구 상인동 - 돼지만V대구본점,https://blog.naver.com/mandu_44/224301923753
2102,food,대구,상인동 - 돼지만V대구본점 하고 돼지고기먹으,restaurant,1,대구 상인동 - 돼지만V대구본점,https://blog.naver.com/mandu_44/224301923753
2103,food,대구,상인역,candidate,1,"[대구 상인역 맛집 ] 삼삼마라 본점 로제마라샹궈, 마라 초보도...",https://blog.naver.com/tial94/224301675001
2104,domestic_travel,대구,상인역,candidate,1,"[대구 상인역 맛집 ] 삼삼마라 본점 로제마라샹궈, 마라 초보도...",https://blog.naver.com/tial94/224301675001
2105,food,대구,상인역 맛집 삼삼마라 본점 로제마라샹궈 마라,restaurant,1,"[대구 상인역 맛집 ] 삼삼마라 본점 로제마라샹궈, 마라 초보도...",https://blog.naver.com/tial94/224301675001
2106,domestic_travel,대구,상인역 맛집 삼삼마라 본점 로제마라샹궈 마라,restaurant,1,"[대구 상인역 맛집 ] 삼삼마라 본점 로제마라샹궈, 마라 초보도...",https://blog.naver.com/tial94/224301675001
2107,food,종로,새문안로5길 37 지하1층 53 왜 광화문 맛집,restaurant,1,점심으로 찾은 광화문 맛집 찡짜이타이푸드 후기,https://blog.naver.com/msms171014/224301941054
2108,food,성수,색다른,candidate,1,성수 맛집 색다른 매력! 미루성수에서의 한 끼,https://blog.naver.com/wlalguswlalgus/224301755831
2109,domestic_travel,성수,색다른,candidate,1,성수 맛집 색다른 매력! 미루성수에서의 한 끼,https://blog.naver.com/wlalguswlalgus/224301755831
2110,food,성수,색다른 매력 미루성수에서의 한 끼 여러,candidate,1,성수 맛집 색다른 매력! 미루성수에서의 한 끼,https://blog.naver.com/wlalguswlalgus/224301755831
2111,domestic_travel,성수,색다른 매력 미루성수에서의 한 끼 여러,candidate,1,성수 맛집 색다른 매력! 미루성수에서의 한 끼,https://blog.naver.com/wlalguswlalgus/224301755831
2112,food,광주,생고기 맛집 꽃보다청춘 광주 서구 생고기 3,restaurant,1,[꽃보다청춘 광주 생고기 맛집]꽃보다청춘 광주 서구 생고기...,https://blog.naver.com/justlaben/224301916048
2113,food,대구,생골뱅이,candidate,1,( 내돈내산 ) 대구 남구 서부정류장 술집 맛집 ‘대구 생골뱅이’...,https://blog.naver.com/tjsgp6345/224301849165
2114,food,대구,생골뱅이 서부정류장 지나갈 때마다 사람이 많,candidate,1,( 내돈내산 ) 대구 남구 서부정류장 술집 맛집 ‘대구 생골뱅이’...,https://blog.naver.com/tjsgp6345/224301849165
2115,food,성수,생일,candidate,1,서울성수동 맛집 터틀힙 성수 생일 케이크로 추천하는 성수 핫플,https://blog.naver.com/wowhow112/224298515739
2116,domestic_travel,성수,생일,candidate,1,서울성수동 맛집 터틀힙 성수 생일 케이크로 추천하는 성수 핫플,https://blog.naver.com/wowhow112/224298515739
2117,domestic_travel,제주,생활의,candidate,1,print bakery x 왈종미술관 에디션 런칭 전시 <제주 생활의...,https://blog.naver.com/hootooteee/224301878991
2118,domestic_travel,제주,생활의 또 퇴근길에 더현대서울 간 사람 그,candidate,1,print bakery x 왈종미술관 에디션 런칭 전시 <제주 생활의...,https://blog.naver.com/hootooteee/224301878991
2119,food,부산,생활의달인,candidate,1,부산 생활의달인 맛집 해운대 문스시 / 해운대 모임장소 추천,https://blog.naver.com/kslight19/224301958581
2120,food,부산,생활의달인 맛집 부산 생활의달인 맛집 부산,restaurant,1,부산 생활의달인 맛집 해운대 문스시 / 해운대 모임장소 추천,https://blog.naver.com/kslight19/224301958581
2121,food,부산,생활의달인 맛집 생활의 달인 박해문 셰프님이,restaurant,1,부산 생활의달인 맛집 해운대 문스시 / 해운대 모임장소 추천,https://blog.naver.com/kslight19/224301958581
2122,food,부산,생활의달인 맛집 해운대 문스시 해운대 모임장,restaurant,1,부산 생활의달인 맛집 해운대 문스시 / 해운대 모임장소 추천,https://blog.naver.com/kslight19/224301958581
2123,food,대구,샤브샤브,candidate,1,대구 삼덕동 맛집 온담 본점 대구 샤브샤브 편백찜 맛집 추천,https://blog.naver.com/mmmu14/224301928937
2124,domestic_travel,대구,샤브샤브,candidate,1,대구 삼덕동 맛집 온담 본점 대구 샤브샤브 편백찜 맛집 추천,https://blog.naver.com/mmmu14/224301928937
2125,food,부산,샤브샤브,candidate,1,부산대 NC백화점 /여름 샤브샤브 부산대 맛집 [로운샤브],https://blog.naver.com/ajummaw/224301951424
2126,food,강남,샤브샤브,candidate,1,역삼동 맛집 강남샤브샤브 강남역칼국수 강남역칼국수 맛집,https://blog.naver.com/shanghaibabe/224301690396
2127,food,수원,샤브온리원,candidate,1,인계동 맛집 샤브온리원 수원인계점 가성비 좋은 샤브샤브...,https://blog.naver.com/wg4147/224301758748
2128,domestic_travel,경주,샬라라 동화 속 한 장면 같은 힐링 공간 커피,cafe,1,"경주 감성 ""카페 샬라라"" 동화 속 한 장면 같은 힐링 공간",https://blog.naver.com/chacms1143/224301703821
2129,food,강남,서 골목길로 좀 들어오면 바로입니당 우천식육식당,restaurant,1,[ 맛집 ] 강남구청역 한우 맛집 우천식육식당 후기|투쁠 No.9...,https://blog.naver.com/ars970207/224301752743
2130,food,성수,서 바로 방문해 봤어요 레몬 도넛과 하이볼 팝업,popup,1,성수 에스파 팝업 성수역 맛집 아임도넛 내돈내산 ...,https://blog.naver.com/pingpang0/224301860182
2131,domestic_travel,제주,서 포토스팟으로 잠깐 들리기 좋은 이호테우 해변,travel_spot,1,제주 이호테우 해변 포토스팟 혼자 여행 힐링 코스,https://blog.naver.com/sugarmoon-/224301953639
2132,food,강남,서관면옥 은 광평 한우 다이닝,restaurant,1,"강남 평양냉면 맛집 교대역 점심 서관면옥, 메밀향이 살아있는...",https://blog.naver.com/kyoonsun7/224301928824
2133,domestic_travel,인천,서구,candidate,1,"인천 서구 가정동 곱창 맛집 , 루원시티 만복래 한우곱창 솔직 후기",https://blog.naver.com/jhy05039/224301957941
2134,domestic_travel,대전,서구,candidate,1,탄방동 점심 맛집 추천! 신선한 생아구찜이 맛있는 대전 서구...,https://blog.naver.com/hani_jj917/224301943113
2135,domestic_travel,광주,서구,candidate,1,"광주 서구ㅣ풍암동 삼겹살, 한우 불고기피자+삼겹살 광주 맛집 ...",https://blog.naver.com/reviviver/224301885877
2136,food,인천,서구 가정동 곱창 맛집 루원시티 만복래 한우,restaurant,1,"인천 서구 가정동 곱창 맛집 , 루원시티 만복래 한우곱창 솔직 후기",https://blog.naver.com/jhy05039/224301957941
2137,domestic_travel,인천,서구 가정동 곱창 맛집 루원시티 만복래 한우,restaurant,1,"인천 서구 가정동 곱창 맛집 , 루원시티 만복래 한우곱창 솔직 후기",https://blog.naver.com/jhy05039/224301957941
2138,food,인천,서구 가정동 루원시티에 위치한 곱창 맛집 만,restaurant,1,"인천 서구 가정동 곱창 맛집 , 루원시티 만복래 한우곱창 솔직 후기",https://blog.naver.com/jhy05039/224301957941
2139,domestic_travel,인천,서구 가정동 루원시티에 위치한 곱창 맛집 만,restaurant,1,"인천 서구 가정동 곱창 맛집 , 루원시티 만복래 한우곱창 솔직 후기",https://blog.naver.com/jhy05039/224301957941
2140,food,인천,서구 곱창 맛집 을 찾다가 방문하게 되었는데,restaurant,1,"인천 서구 가정동 곱창 맛집 , 루원시티 만복래 한우곱창 솔직 후기",https://blog.naver.com/jhy05039/224301957941
2141,domestic_travel,인천,서구 곱창 맛집 을 찾다가 방문하게 되었는데,restaurant,1,"인천 서구 가정동 곱창 맛집 , 루원시티 만복래 한우곱창 솔직 후기",https://blog.naver.com/jhy05039/224301957941
2142,food,인천,서구 담지로86번길 5-5 1층,candidate,1,청라 쭈꾸미 점심 맛집 추천 울보리쭈꾸미&보리칼국수,https://blog.naver.com/nana_lifestyle/224301897179
2143,food,대구,서구 맛집 노포 감성 가득한 중리숯불막창 에,restaurant,1,[대구 서구 맛집 ] 노포 감성 가득한 '중리숯불막창'에서 고소한...,https://blog.naver.com/yu_miii_0420/224301912593
2144,food,인천,서구 맛집 술집 빨간맛포차,restaurant,1,인천 서구 맛집 술집 빨간맛포차｜홍가백전골 중자 조개 양...,https://blog.naver.com/pancake0/224301879919
2145,food,대전,서구 맛집 한식 생각날 때 명태랑 류명호 본,restaurant,1,대전 서구 맛집 한식 생각날 때 명태랑 류명호 본점,https://blog.naver.com/reason12/224301899681
2146,domestic_travel,인천,서구 앞바다에 위치한 작은 섬으로 도시와 가,restaurant,1,"서울 에서 가장 가까운 비밀 섬, 세어도 여행 아는 사람만 찾는...",https://blog.naver.com/richplacefestival/224300426898
2147,food,광주,서구 치평동에 있는 육전 한정식 맛집으로 방,restaurant,1,전현무계획 광주 상무지구 육전 가게 식당 위치 어디 맛집 추천,https://blog.naver.com/moreandmore-0211/224301897119
2148,food,대전,서구 탄방동 점심 맛집 에서 즐긴 신선한 생,restaurant,1,탄방동 점심 맛집 추천! 신선한 생아구찜이 맛있는 대전 서구...,https://blog.naver.com/hani_jj917/224301943113
2149,domestic_travel,대전,서구 탄방동 점심 맛집 에서 즐긴 신선한 생,restaurant,1,탄방동 점심 맛집 추천! 신선한 생아구찜이 맛있는 대전 서구...,https://blog.naver.com/hani_jj917/224301943113
2150,food,대전,서구 탄방동에서 점심 맛집 이나 회식 장소를,restaurant,1,탄방동 점심 맛집 추천! 신선한 생아구찜이 맛있는 대전 서구...,https://blog.naver.com/hani_jj917/224301943113
2151,domestic_travel,대전,서구 탄방동에서 점심 맛집 이나 회식 장소를,restaurant,1,탄방동 점심 맛집 추천! 신선한 생아구찜이 맛있는 대전 서구...,https://blog.naver.com/hani_jj917/224301943113
2152,food,대구,서구 평리동 영이식당,restaurant,1,대구 서구 평리동 영이식당 재방문! 역시 든든한 콩불정식,https://blog.naver.com/jia525_/224301771557
2153,domestic_travel,대구,서구 평리동 영이식당,restaurant,1,대구 서구 평리동 영이식당 재방문! 역시 든든한 콩불정식,https://blog.naver.com/jia525_/224301771557
2154,food,대구,서구 평리동 영이식당 재방문 역시 든든한 콩,restaurant,1,대구 서구 평리동 영이식당 재방문! 역시 든든한 콩불정식,https://blog.naver.com/jia525_/224301771557
2155,domestic_travel,대구,서구 평리동 영이식당 재방문 역시 든든한 콩,restaurant,1,대구 서구 평리동 영이식당 재방문! 역시 든든한 콩불정식,https://blog.naver.com/jia525_/224301771557
2156,food,대전,서구에 위치한 정말 맛있는 닭볶음탕 맛집 을,restaurant,1,대전 도안 대대손손 닭볶음탕 맛집 후기안녕하세요 여러분!,https://blog.naver.com/prdnocty/224297640656
2157,food,인천,서구에서 찾은 최고의 맛집 내고향삼천포 에,restaurant,1,"내고향삼천포 검단 맛집 , 가족과 함께하는 특별한 외식",https://blog.naver.com/garden_tales/224301954020
2158,food,인천,서구의 자랑 만두 맛집 입니다 사장님 앞으로,restaurant,1,5월일상,https://blog.naver.com/y24609/224301922439
2159,food,인천,서구청,candidate,1,인천 서구청 맛집 삼대째손두부 보쌈정식부터 들깨순두부까지...,https://blog.naver.com/dmspeheh/224301955874
2160,food,인천,서구청 맛집 삼대째손두부 보쌈정식부터 들깨순,restaurant,1,인천 서구청 맛집 삼대째손두부 보쌈정식부터 들깨순두부까지...,https://blog.naver.com/dmspeheh/224301955874
2161,food,인천,서구청 인근에 위치하고 있어 접근성이 좋은,candidate,1,인천 서구청 맛집 삼대째손두부 보쌈정식부터 들깨순두부까지...,https://blog.naver.com/dmspeheh/224301955874
2162,food,제주,서귀포 바다뷰에서 끝내는,restaurant,1,주말여행 어디갈지 고민된다면? 제주 서귀포 바다뷰에서 끝내는...,https://blog.naver.com/youngvin7205/224300690288
2163,domestic_travel,제주,서귀포 바다뷰에서 끝내는,restaurant,1,주말여행 어디갈지 고민된다면? 제주 서귀포 바다뷰에서 끝내는...,https://blog.naver.com/youngvin7205/224300690288
2164,food,제주,서귀포 신화월드 동물원 모모쥬동물원 카피바라,restaurant,1,제주 서귀포 신화월드 동물원 모모쥬동물원 카피바라,https://blog.naver.com/aasd777/224301902335
2165,domestic_travel,제주,서귀포 신화월드 동물원 모모쥬동물원 카피바라,restaurant,1,제주 서귀포 신화월드 동물원 모모쥬동물원 카피바라,https://blog.naver.com/aasd777/224301902335
2166,food,제주,서귀포 춘미향식당,restaurant,1,"[제주 맛집 ] 현지인이 사랑하는 정식 맛집 , 서귀포 '춘미향식당...",https://blog.naver.com/nasang0223/224301912863
2167,food,제주,서귀포 치유의숲 입니다 서귀포여행,candidate,1,제주 서귀포 치유의숲 입니다,https://blog.naver.com/ikje1225/224301811952
2168,domestic_travel,제주,서귀포 치유의숲 입니다 서귀포여행,candidate,1,제주 서귀포 치유의숲 입니다,https://blog.naver.com/ikje1225/224301811952
2169,food,제주,서귀포시 성산읍 고성동서로 67 1층,candidate,1,제주도 흑돼지와 해산물 한 번에 먹을 수 있는 성산일출봉 근처...,https://blog.naver.com/foodrecipe_1004/224301854738
2170,food,제주,서귀포올레시장본점,travel_spot,1,올레시장 맛집 바다어멍 서귀포올레시장본점 제주 통갈치...,https://blog.naver.com/ellyluv00/224301868363
2171,domestic_travel,제주,서귀포올레시장본점,travel_spot,1,올레시장 맛집 바다어멍 서귀포올레시장본점 제주 통갈치...,https://blog.naver.com/ellyluv00/224301868363
2172,food,제주,서귀포은 호텔,travel_spot,1,"제주도에서 만난 인생 커피,제주에서 “제일 맛있는”커피...",https://blog.naver.com/naldada_/224301615695
2173,domestic_travel,제주,서귀포은 호텔,travel_spot,1,"제주도에서 만난 인생 커피,제주에서 “제일 맛있는”커피...",https://blog.naver.com/naldada_/224301615695
2174,food,부산,서동,candidate,1,방송에 나온 부산 서동 맛집|재성밀면에서 시원한 밀면 후기,https://blog.naver.com/onesunnny/224301764724
2175,domestic_travel,부산,서동,candidate,1,방송에 나온 부산 서동 맛집|재성밀면에서 시원한 밀면 후기,https://blog.naver.com/onesunnny/224301764724
2176,food,부산,서동시장,travel_spot,1,방송에 나온 부산 서동 맛집|재성밀면에서 시원한 밀면 후기,https://blog.naver.com/onesunnny/224301764724
2177,domestic_travel,부산,서동시장,travel_spot,1,방송에 나온 부산 서동 맛집|재성밀면에서 시원한 밀면 후기,https://blog.naver.com/onesunnny/224301764724
2178,food,부산,서면 매콤한 쭈꾸미가 땡길땐 홍스쭈꾸미 서면,candidate,1,[부산 서면] 매콤한 쭈꾸미가 땡길땐 홍스쭈꾸미 서면점!,https://blog.naver.com/singbbu/224301827645
2179,domestic_travel,부산,서면 매콤한 쭈꾸미가 땡길땐 홍스쭈꾸미 서면,candidate,1,[부산 서면] 매콤한 쭈꾸미가 땡길땐 홍스쭈꾸미 서면점!,https://blog.naver.com/singbbu/224301827645
2180,food,부산,서면 서면고기집 소장각 가성비로 즐기는 소갈,restaurant,1,"[부산 서면] 서면고기집 소장각, 가성비로 즐기는 소갈비살...",https://blog.naver.com/ranpunzels/224301775344
2181,domestic_travel,부산,서면 서면고기집 소장각 가성비로 즐기는 소갈,restaurant,1,"[부산 서면] 서면고기집 소장각, 가성비로 즐기는 소갈비살...",https://blog.naver.com/ranpunzels/224301775344
2182,food,부산,서면 카페 부산,cafe,1,부산 서면• 전포 카페_[이즈더네임] 방문 솔직 후기(내돈 내산),https://blog.naver.com/kimeum715/224301693545
2183,domestic_travel,부산,서면 카페 부산,cafe,1,부산 서면• 전포 카페_[이즈더네임] 방문 솔직 후기(내돈 내산),https://blog.naver.com/kimeum715/224301693545
2184,food,부산,서면 BIFC2몰 실내데이트 종로문고 기대되,candidate,1,"부산 서면 BIFC2몰 실내데이트, 종로문고",https://blog.naver.com/sumin2840/224301932411
2185,domestic_travel,부산,서면 BIFC2몰 실내데이트 종로문고 기대되,candidate,1,"부산 서면 BIFC2몰 실내데이트, 종로문고",https://blog.naver.com/sumin2840/224301932411
2186,food,부산,서면에서 핫한 서면훠궈 맛집 이라 그런지 주,restaurant,1,용가회전훠거 부산서면점 ㅣ 내돈내산 꿀팁 ㅣ1시간 웨이팅...,https://blog.naver.com/cha_ling_/224301783728
2187,food,부산,서면점,candidate,1,손정보쌈 부산서면점 부산서면 가브리보쌈 맛집 방문후기,https://blog.naver.com/jihyen0124/224301842043
2188,domestic_travel,부산,서면점,candidate,1,손정보쌈 부산서면점 부산서면 가브리보쌈 맛집 방문후기,https://blog.naver.com/jihyen0124/224301842043
2189,food,부산,서문시장,travel_spot,1,[대구 서문시장 맛집 ] 빨간어묵 원조 맛집 ‘부산어묵장돌이’...,https://blog.naver.com/coma112233/224301849712
2190,domestic_travel,부산,서문시장,travel_spot,1,[대구 서문시장 맛집 ] 빨간어묵 원조 맛집 ‘부산어묵장돌이’...,https://blog.naver.com/coma112233/224301849712
2191,food,대구,서문시장 나들이,travel_spot,1,"주말 대구 서문시장 나들이｜에덴김밥, 돌쇠떡집, 비즈캐슬...",https://blog.naver.com/toto_here/224301909991
2192,domestic_travel,대구,서문시장 나들이,travel_spot,1,"주말 대구 서문시장 나들이｜에덴김밥, 돌쇠떡집, 비즈캐슬...",https://blog.naver.com/toto_here/224301909991
2193,food,대구,서문시장 맛집 빨간어묵 원조 맛집 부산어묵장,restaurant,1,[대구 서문시장 맛집 ] 빨간어묵 원조 맛집 ‘부산어묵장돌이’...,https://blog.naver.com/coma112233/224301849712
2194,domestic_travel,대구,서문시장 맛집 빨간어묵 원조 맛집 부산어묵장,restaurant,1,[대구 서문시장 맛집 ] 빨간어묵 원조 맛집 ‘부산어묵장돌이’...,https://blog.naver.com/coma112233/224301849712
2195,food,대구,서문시장 먹거리 고소함 폭발 겉바속촉 추억의,restaurant,1,[대구 서문시장 먹거리] 고소함 폭발! 겉바속촉 추억의 맛...,https://blog.naver.com/coma112233/224301836768
2196,domestic_travel,대구,서문시장 먹거리 고소함 폭발 겉바속촉 추억의,restaurant,1,[대구 서문시장 먹거리] 고소함 폭발! 겉바속촉 추억의 맛...,https://blog.naver.com/coma112233/224301836768
2197,food,대구,서문시장 블루리본 합천할매손칼국수 다녀와봄,travel_spot,1,대구 서문시장 블루리본 합천할매손칼국수 다녀와봄,https://blog.naver.com/enjoy_it_/224301948086
2198,domestic_travel,대구,서문시장 블루리본 합천할매손칼국수 다녀와봄,travel_spot,1,대구 서문시장 블루리본 합천할매손칼국수 다녀와봄,https://blog.naver.com/enjoy_it_/224301948086
2199,food,대구,서문시장야시장,travel_spot,1,[대구 서문시장 먹거리] 고소함 폭발! 겉바속촉 추억의 맛...,https://blog.naver.com/coma112233/224301836768
2200,domestic_travel,대구,서문시장야시장,travel_spot,1,[대구 서문시장 먹거리] 고소함 폭발! 겉바속촉 추억의 맛...,https://blog.naver.com/coma112233/224301836768
2201,food,부산,서부,candidate,1,부산 서부 사상터미널 짐 보관함 위치 가격,https://blog.naver.com/uruni-blog/224301537135
2202,domestic_travel,부산,서부,candidate,1,부산 서부 사상터미널 짐 보관함 위치 가격,https://blog.naver.com/uruni-blog/224301537135
2203,domestic_travel,경주,서부동,candidate,1,경주 서부동 빵집 이재원 과자공방|경주 케이크 가성비 솔직...,https://blog.naver.com/hmj448/224301783472
2204,domestic_travel,경주,서부동 빵집 이재원 과자공방,candidate,1,경주 서부동 빵집 이재원 과자공방|경주 케이크 가성비 솔직...,https://blog.naver.com/hmj448/224301783472
2205,domestic_travel,경주,서부동 빵집 이재원 과자공방 경주 케이크 가,candidate,1,경주 서부동 빵집 이재원 과자공방|경주 케이크 가성비 솔직...,https://blog.naver.com/hmj448/224301783472
2206,food,종로,서순라길,candidate,1,[서울 종로 / 서순라길 / 비틀스 타코] 종로 웨이팅 맛집 인정...,https://blog.naver.com/greenish-glow/224301639648
2207,food,종로,서순라길에 위치한 베트남 음식 전문점을 소개,candidate,1,베트남 현지 느낌의 서순라길 맛집 대성성,https://blog.naver.com/hbjoy13/224295129418
2208,food,강남,서울 3대 순대국 오늘은 서울 3대 순대국 맛집,restaurant,1,선릉 맛집 농민백암순대 본점 내돈내산 후기 서울 3대 순대국...,https://blog.naver.com/tastyloopy/224301850765
2209,food,부산,서울 3대 순대국 오늘은 서울 3대 순대국 맛집,restaurant,1,선릉 맛집 농민백암순대 본점 내돈내산 후기 서울 3대 순대국...,https://blog.naver.com/tastyloopy/224301850765
2210,food,강남,서울 강남구 테헤란로 87길 46 오크우드호텔,travel_spot,1,[삼성동/코엑스 -오크우드 오크 레스토랑]9가지 무제한 와인과...,https://blog.naver.com/oktopblues/224300221407
2211,domestic_travel,인천,서울 경기 근교 당일치기 동인천 뚜벅이 여행,candidate,1,[인천] 서울 경기 근교 당일치기 동인천 뚜벅이 여행 코스 추천...,https://blog.naver.com/gkstnals66/224297768132
2212,domestic_travel,가평,서울 근교 여행 으로 인기 멀리 가기,candidate,1,6월 국내 여행 지 추천 ｜날씨 좋을 때 가기 좋은 국내 여행 ...,https://blog.naver.com/suhyupnffc/224299794773
2213,food,수원,서울 동대문 블루리본 카레 맛집 레스토랑,restaurant,1,서울 /동대문 블루리본 카레 맛집,https://blog.naver.com/stay-and-play/224301560258
2214,food,성수,서울 성동구 성수일로12길 44 위치 성수 카페,cafe,1,오픈런 후기｜웨이팅 전에 다녀온 신상 감자간식 맛집,https://blog.naver.com/ekhankim/224300847571
2215,food,성수,서울 성동구 N번째 방문 성수 햄버거 맛집,restaurant,1,[서울/성동구]N번째 방문 성수 햄버거 맛집 “보어드앤헝그리...,https://blog.naver.com/sunjukitty/224301812894
2216,domestic_travel,성수,서울 성동구 N번째 방문 성수 햄버거 맛집,restaurant,1,[서울/성동구]N번째 방문 성수 햄버거 맛집 “보어드앤헝그리...,https://blog.naver.com/sunjukitty/224301812894
2217,domestic_travel,성수,서울 성수 서울숲역 클리오 베이비 코숏 팝업스토어,popup,1,서울 성수 서울숲역 클리오 베이비 코숏 팝업스토어 본품...,https://blog.naver.com/gksk3232/224301922144
2218,food,성수,서울 성수향수공방 닷노트 원데이 클래스 공방,candidate,1,"서울 성수향수공방 닷노트, 원데이 클래스 공방 데이트 코스...",https://blog.naver.com/100sijin/224301935070
2219,domestic_travel,성수,서울 성수향수공방 닷노트 원데이 클래스 공방,candidate,1,"서울 성수향수공방 닷노트, 원데이 클래스 공방 데이트 코스...",https://blog.naver.com/100sijin/224301935070
2220,food,인천,서울 종로 병천유황오리 본점,candidate,1,부모님 모시고 가면 무조건 칭찬받는 훈제오리고기 맛집 4,https://blog.naver.com/am9-25/224296124269
2221,food,종로,서울 종로3가역 맛집,restaurant,1,서울 종로3가역 맛집 내돈내산 찐추천 리코 주말 일기,https://blog.naver.com/kyunchan0425/224301937194
2222,food,종로,서울 종로구 익선동 핫플 한옥카페 청수당 베이커리,cafe,1,서울 종로구 익선동 핫플 한옥카페 청수당 베이커리,https://blog.naver.com/journeyfromhere/224301569450
2223,food,강남,서울3대돈까스맛집,restaurant,1,맛집 :: ️ 원카츠 논현점,https://blog.naver.com/amy7623/224301542952
2224,food,부산,서울3대돈까스맛집,restaurant,1,맛집 :: ️ 원카츠 논현점,https://blog.naver.com/amy7623/224301542952
2225,food,종로,서울3대아인슈페너 맛집 시애틀커피,cafe,1,서울3대아인슈페너 맛집 시애틀커피하우스 종로3가점,https://blog.naver.com/skdud3758/224301690483
2226,domestic_travel,가평,서울근교 에서의 독채 풀빌라 경험은 정말 매,candidate,1,가평 서울근교 여행 가족과의 특별한 풀빌라 경험,https://blog.naver.com/cite263/224300566057
2227,domestic_travel,가평,서울근교 여행 가족과의 특별한 풀빌라,candidate,1,가평 서울근교 여행 가족과의 특별한 풀빌라 경험,https://blog.naver.com/cite263/224300566057
2228,domestic_travel,가평,서울근교 여행 가족과의 특별한 풀빌라 경험,candidate,1,가평 서울근교 여행 가족과의 특별한 풀빌라 경험,https://blog.naver.com/cite263/224300566057
2229,domestic_travel,가평,서울근교 여행 가평 고고다이노 키즈호텔,travel_spot,1,서울근교 여행 가평 고고다이노 키즈호텔 특가 예약(테마룸...,https://blog.naver.com/shy0917cjh/224300583214
2230,domestic_travel,가평,서울근교 여행 대가족과 함께한 특별한 풀빌라,candidate,1,가평 서울근교 여행 대가족과 함께한 특별한 풀빌라 체험,https://blog.naver.com/putda11032/224299569460
2231,domestic_travel,가평,서울근교 여행 대가족과의 특별한 추억 만들기,candidate,1,가평 서울근교 여행 대가족과의 특별한 추억 만들기,https://blog.naver.com/djidsaoja84/224297418435
2232,domestic_travel,가평,서울근교 여행 대가족이 함께한 독채 풀빌라,candidate,1,가평 서울근교 여행 대가족이 함께한 독채 풀빌라...,https://blog.naver.com/chief14811/224295495293
2233,domestic_travel,가평,서울근교꽃축제,attraction,1,2026 자라섬 꽃페스타 가평 꽃축제 후기 (입장료·주차...,https://blog.naver.com/mmmmbin/224300575415
2234,domestic_travel,가평,서울근교여행,candidate,1,경기 가평 서울근교여행 달빛정원글램핑앤카라반,https://blog.naver.com/charmingtry/224296974581
2235,domestic_travel,가평,서울근교여행 달빛정원글램핑앤카라반 경기 가평,candidate,1,경기 가평 서울근교여행 달빛정원글램핑앤카라반,https://blog.naver.com/charmingtry/224296974581
2236,domestic_travel,가평,서울근교여행 달빛정원글램핑앤카라반 빽찌입니다,candidate,1,달빛정원 (장성군 삼계면),https://dumbndumber.co.kr/100775927
2237,food,종로,서울레스토랑,restaurant,1,정통 스위스 가정집 라 스위스 서촌 내돈내산 솔직후기,https://blog.naver.com/yejin4752/224301062190
2238,food,성수,서울맛집 위치 성수 서울맛집 은 뚝도시장,restaurant,1,성수 뚝도시장 서울맛집 내돈내산 후기,https://blog.naver.com/reviewkong/224300749417
2239,domestic_travel,성수,서울맛집 위치 성수 서울맛집 은 뚝도시장,restaurant,1,성수 뚝도시장 서울맛집 내돈내산 후기,https://blog.naver.com/reviewkong/224300749417
2240,domestic_travel,성수,서울무료전시,attraction,1,성수 말고 조용히 놀 곳 찾는다면? 서울 전시·실내 행사 5곳 ️,https://blog.naver.com/minsuh0526/224301712036
2241,domestic_travel,제주,서울무료전시,attraction,1,print bakery x 왈종미술관 에디션 런칭 전시 <제주 생활의...,https://blog.naver.com/hootooteee/224301878991
2242,food,성수,서울베이커리,cafe,1,성수빵지순례 [성수베이킹스튜디오] 바게트치아바타 맛집,https://blog.naver.com/alruddlaa/224301818635
2243,domestic_travel,성수,서울베이커리,cafe,1,성수빵지순례 [성수베이킹스튜디오] 바게트치아바타 맛집,https://blog.naver.com/alruddlaa/224301818635
2244,food,성수,서울숲 카페 진짜 튀르키예를 만날 수 있는,cafe,1,"[성수/서울숲 카페] 진짜 튀르키예를 만날 수 있는 곳, 안탭리...",https://blog.naver.com/sense_chae/224301725755
2245,domestic_travel,성수,서울숲역,candidate,1,서울 성수 서울숲역 클리오 베이비 코숏 팝업스토어 본품...,https://blog.naver.com/gksk3232/224301922144
2246,domestic_travel,성수,서울숲역 클리오 베이비 코숏 팝업스토어 본품,popup,1,서울 성수 서울숲역 클리오 베이비 코숏 팝업스토어 본품...,https://blog.naver.com/gksk3232/224301922144
2247,domestic_travel,성수,서울전시,attraction,1,성수 말고 조용히 놀 곳 찾는다면? 서울 전시·실내 행사 5곳 ️,https://blog.naver.com/minsuh0526/224301712036
2248,domestic_travel,부산,서울축제,attraction,1,2026년 6월 가볼만한 축제 총정리! 여름 시작 전 꼭 가야 할 곳,https://blog.naver.com/mint_review/224287521186
2249,food,강남,서울파인다이닝,restaurant,1,"화려한 기교 대신 식재료 본연의 가치로 승부하는 곳, 면 서울",https://blog.naver.com/sblue183/224301098827
2250,food,강남,서울한식다이닝,restaurant,1,"화려한 기교 대신 식재료 본연의 가치로 승부하는 곳, 면 서울",https://blog.naver.com/sblue183/224301098827
2251,food,제주,서쪽,candidate,1,제주 혼자여행 1인 숙소 추천｜제주 서쪽 10만원 이하 가성비...,https://blog.naver.com/sonigatto/224301941830
2252,domestic_travel,제주,서쪽,candidate,1,제주 혼자여행 1인 숙소 추천｜제주 서쪽 10만원 이하 가성비...,https://blog.naver.com/sonigatto/224301941830
2253,food,제주,서쪽 10만원 이하 가성비 저도 마지막 날,candidate,1,제주 혼자여행 1인 숙소 추천｜제주 서쪽 10만원 이하 가성비...,https://blog.naver.com/sonigatto/224301941830
2254,domestic_travel,제주,서쪽 10만원 이하 가성비 저도 마지막 날,candidate,1,제주 혼자여행 1인 숙소 추천｜제주 서쪽 10만원 이하 가성비...,https://blog.naver.com/sonigatto/224301941830
2255,food,제주,서쪽은 바다 꽃 감성 카페 맛집 이 골고루,cafe,1,제주도 여행 비용 절약하는 코스 제주도 서쪽 가볼만한곳 5곳,https://blog.naver.com/sin961027/224301954353
2256,domestic_travel,제주,서쪽은 바다 꽃 감성 카페 맛집 이 골고루,cafe,1,제주도 여행 비용 절약하는 코스 제주도 서쪽 가볼만한곳 5곳,https://blog.naver.com/sin961027/224301954353
2257,domestic_travel,제주,서천 장항항 꼴갑축제,attraction,1,서천 장항항 꼴갑축제 불꽃놀이 명당부터 먹거리까지? 입안...,https://blog.naver.com/project-jaden/224300682190
2258,food,종로,서촌레스토랑,restaurant,1,정통 스위스 가정집 라 스위스 서촌 내돈내산 솔직후기,https://blog.naver.com/yejin4752/224301062190
2259,food,대전,석갈비,candidate,1,대전 석갈비 맛집 9층 삼오식당 주차 상견례 부모님 식당 추천,https://blog.naver.com/2sora1113/224301936942
2260,domestic_travel,대전,석갈비,candidate,1,대전 석갈비 맛집 9층 삼오식당 주차 상견례 부모님 식당 추천,https://blog.naver.com/2sora1113/224301936942
2261,food,대전,석갈비 맛집 9층 삼오식당,restaurant,1,대전 석갈비 맛집 9층 삼오식당 주차 상견례 부모님 식당 추천,https://blog.naver.com/2sora1113/224301936942
2262,domestic_travel,대전,석갈비 맛집 9층 삼오식당,restaurant,1,대전 석갈비 맛집 9층 삼오식당 주차 상견례 부모님 식당 추천,https://blog.naver.com/2sora1113/224301936942
2263,food,대구,석대동 77 전화 앞에서 볼 수 있어서 아이,candidate,1,부산 아기랑 가볼만한 곳 해운대 수목원 방문 후기|양떼 자연...,https://blog.naver.com/bbang10_22/224301908201
2264,domestic_travel,대구,석대동 77 전화 앞에서 볼 수 있어서 아이,candidate,1,부산 아기랑 가볼만한 곳 해운대 수목원 방문 후기|양떼 자연...,https://blog.naver.com/bbang10_22/224301908201
2265,domestic_travel,제주,선물가게,candidate,1,제주 탐나는전 10% 소품샵 선물가게 제주소나이 마그넷,https://blog.naver.com/normaler0_0/224301609151
2266,domestic_travel,인천,선재도의 선재해수욕장이 정답입니다 대부도와,candidate,1,"""물때 못 맞추면 낭패""… 선재해수욕장 방문 전 필수 체크할...",https://blog.naver.com/tour_toctoc/224301685694
2267,food,제주,선흘방주할머니식당,restaurant,1,"[제주 조천 맛집] 선흘방주할머니식당, 제주세계자연유산센터와...",https://blog.naver.com/happy_n_rich/224301324842
2268,domestic_travel,제주,선흘방주할머니식당,restaurant,1,"[제주 조천 맛집] 선흘방주할머니식당, 제주세계자연유산센터와...",https://blog.naver.com/happy_n_rich/224301324842
2269,food,제주,설성공원,travel_spot,1,[2026 음성품바축제 총정리] 초대가수 라인업부터 주차 꿀팁...,https://blog.naver.com/trendnews/224301296365
2270,domestic_travel,제주,설성공원,travel_spot,1,[2026 음성품바축제 총정리] 초대가수 라인업부터 주차 꿀팁...,https://blog.naver.com/trendnews/224301296365
2271,domestic_travel,가평,설악면,candidate,1,가평 설악면 가볼만한곳 북한강 뷰가 아름다운 신선봉 순환...,https://blog.naver.com/behappy1004life/224301889165
2272,domestic_travel,가평,설악면 가볼만한곳 북한강 뷰가 아름다운 신선,candidate,1,가평 설악면 가볼만한곳 북한강 뷰가 아름다운 신선봉 순환...,https://blog.naver.com/behappy1004life/224301889165
2273,domestic_travel,가평,설악IC,candidate,1,가평 설악IC 근처 한식 맛집 미락가 후기｜아이랑 부모님...,https://blog.naver.com/dolpang79/224298501329
2274,domestic_travel,가평,설악IC 근처 한식 맛집,restaurant,1,가평 설악IC 근처 한식 맛집 미락가 후기｜아이랑 부모님...,https://blog.naver.com/dolpang79/224298501329
2275,domestic_travel,가평,설악IC 근처 한식 맛집 미락가,restaurant,1,가평 설악IC 근처 한식 맛집 미락가 후기｜아이랑 부모님...,https://blog.naver.com/dolpang79/224298501329
2276,domestic_travel,가평,설악IC맛집,restaurant,1,가평 설악IC 근처 한식 맛집 미락가 후기｜아이랑 부모님...,https://blog.naver.com/dolpang79/224298501329
2277,domestic_travel,인천,섬 여행 당일치기 출발하고 나면 선내,candidate,1,인천 섬여행 당일치기 연안부두 팔미도유람선 가격 주차,https://blog.naver.com/noh_heeah/224301485345
2278,domestic_travel,인천,섬여행,candidate,1,인천 섬여행 당일치기 연안부두 팔미도유람선 가격 주차,https://blog.naver.com/noh_heeah/224301485345
2279,domestic_travel,인천,섬여행 당일치기 명소가 있다고 해서 다녀왔어,candidate,1,인천 섬여행 당일치기 연안부두 팔미도유람선 가격 주차,https://blog.naver.com/noh_heeah/224301485345
2280,domestic_travel,인천,섬포털 공식 홈페이지 과거보다 배편 접근성이,candidate,1,"서울에서 35분이면 도착하는 숨은 섬, 주문도 여행 아는 사람만...",https://blog.naver.com/richplacefestival/224301763234
2281,domestic_travel,제주,성산,candidate,1,제주 성산 숙소|휘닉스 아일랜드 1박 후기 + 수영장,https://blog.naver.com/seoinidang/224301941554
2282,food,제주,성산 갈치요리 찐 맛집 숙자네숟가락젓가락 성,restaurant,1,맛집 숙자네숟가락젓가락 갈치 한상세트 4인 후기 내돈내산,https://blog.naver.com/raccoon_candy/224301831838
2283,domestic_travel,제주,성산 갈치요리 찐 맛집 숙자네숟가락젓가락 성,restaurant,1,맛집 숙자네숟가락젓가락 갈치 한상세트 4인 후기 내돈내산,https://blog.naver.com/raccoon_candy/224301831838
2284,food,제주,성산일출봉,candidate,1,제주 성산일출봉 /어우름제주고기국수 (성산본점),https://blog.naver.com/didizhdb/224301796377
2285,domestic_travel,제주,성산일출봉,candidate,1,제주 성산일출봉 차박 새벽 풍경 충격이었습니다,https://blog.naver.com/medic3939/224301089266
2286,food,제주,성산일출봉 어우름제주고기국수 성산본점 내돈내,restaurant,1,제주 성산일출봉 /어우름제주고기국수 (성산본점),https://blog.naver.com/didizhdb/224301796377
2287,domestic_travel,제주,성산일출봉 차박 새벽 풍경 충격이었습니다 제,candidate,1,제주 성산일출봉 차박 새벽 풍경 충격이었습니다,https://blog.naver.com/medic3939/224301089266
2288,food,제주,성산일출봉을,candidate,1,제주 카페 성산일출봉을 마주하는 가장 아름다운 방법...,https://blog.naver.com/nasang0223/224301906669
2289,domestic_travel,제주,성산일출봉을,candidate,1,제주 카페 성산일출봉을 마주하는 가장 아름다운 방법...,https://blog.naver.com/nasang0223/224301906669
2290,food,제주,성산일출봉을 마주하는 가장 아름다운 방,candidate,1,제주 카페 성산일출봉을 마주하는 가장 아름다운 방법...,https://blog.naver.com/nasang0223/224301906669
2291,domestic_travel,제주,성산일출봉을 마주하는 가장 아름다운 방,candidate,1,제주 카페 성산일출봉을 마주하는 가장 아름다운 방법...,https://blog.naver.com/nasang0223/224301906669
2292,food,성수,성수동의 복잡한 거리에서 살짝 벗어나,candidate,1,[성수 카페] 성수동의 복잡한 거리에서 살짝 벗어나...,https://blog.naver.com/age2010/224301755252
2293,domestic_travel,성수,성수동의 복잡한 거리에서 살짝 벗어나,candidate,1,[성수 카페] 성수동의 복잡한 거리에서 살짝 벗어나...,https://blog.naver.com/age2010/224301755252
2294,food,대전,성심당 망고시루 대전 핫플 당일치기 관광지,candidate,1,대전 성심당 망고시루 대전 핫플 당일치기 관광지 빵지순례,https://blog.naver.com/rafiuta/224301256354
2295,domestic_travel,대전,성심당 망고시루 대전 핫플 당일치기 관광지,candidate,1,대전 성심당 망고시루 대전 핫플 당일치기 관광지 빵지순례,https://blog.naver.com/rafiuta/224301256354
2296,food,대전,성심당 본점 케익부띠끄 롤케익부터 샌드위치,candidate,1,대전 성심당 본점 ! 케익부띠끄 롤케익부터 샌드위치...,https://blog.naver.com/zzangzzang990/224301953887
2297,domestic_travel,대전,성심당 본점 케익부띠끄 롤케익부터 샌드위치,candidate,1,대전 성심당 본점 ! 케익부띠끄 롤케익부터 샌드위치...,https://blog.naver.com/zzangzzang990/224301953887
2298,food,대전,성심당dcc근처 맛집,restaurant,1,[대전] 오시우커피 / 한밭수목원 / 심스 스모크하우스 / 성심당,https://blog.naver.com/duddud2020/224301941016
2299,domestic_travel,경주,세 곳 중 하나였는데 당일치기 여행 일정으로,candidate,1,[순천 여행] 순천 가볼 만한 곳,https://blog.naver.com/baekjaeyong/224301690142
2300,domestic_travel,경주,세계문화유산,candidate,1,여행 으로 떠나는 경주 세계문화유산 시티투어 당일 기차 여행 ...,https://blog.naver.com/ghoug1g/224301646648
2301,domestic_travel,경주,세계문화유산 시티투어 당일 기차 여행 저는,candidate,1,여행 으로 떠나는 경주 세계문화유산 시티투어 당일 기차 여행 ...,https://blog.naver.com/ghoug1g/224301646648
2302,domestic_travel,가평,세라핌글램핑에서,candidate,1,근교 감성 글램핑 추천! 가평 세라핌글램핑에서 즐긴 힐링 여행,https://blog.naver.com/annamommy3/224301708214
2303,domestic_travel,가평,세라핌글램핑에서 즐긴 힐링 여행 불멍명소,candidate,1,근교 감성 글램핑 추천! 가평 세라핌글램핑에서 즐긴 힐링 여행,https://blog.naver.com/annamommy3/224301708214
2304,food,대전,세종,candidate,1,"1박2일 3도시 여행 (in 공주, 대전, 세종)",https://blog.naver.com/uneye333/224295293907
2305,food,대전,세종 창밖을 바라보며 고소한 커피와 함께 카,cafe,1,"1박2일 3도시 여행 (in 공주, 대전, 세종)",https://blog.naver.com/uneye333/224295293907
2306,food,대구,세천,candidate,1,대구 세천 맛집 물회 한상바다 다사점,https://blog.naver.com/iseonga/224301957485
2307,domestic_travel,대구,세천,candidate,1,대구 세천 맛집 물회 한상바다 다사점,https://blog.naver.com/iseonga/224301957485
2308,food,대구,세천 맛집 한상바다 다사점에 다녀와보니 실제,restaurant,1,대구 세천 맛집 물회 한상바다 다사점,https://blog.naver.com/iseonga/224301957485
2309,domestic_travel,대구,세천 맛집 한상바다 다사점에 다녀와보니 실제,restaurant,1,대구 세천 맛집 물회 한상바다 다사점,https://blog.naver.com/iseonga/224301957485
2310,food,인천,셀프바 있는 1인 주문 가능 송도 명태조림 맛집,restaurant,1,매운맛 조절되고 셀프바 있는 1인 주문 가능 송도 명태조림 맛집,https://blog.naver.com/bojoh/224301936354
2311,food,대구,셀프스튜디오,candidate,1,일상 대구 셀프스튜디오 그날의 미술관 가족사진 주차지원(X)...,https://blog.naver.com/akdongch/224301941916
2312,food,대구,셀프스튜디오 그날의 미술관,attraction,1,일상 대구 셀프스튜디오 그날의 미술관 가족사진 주차지원(X)...,https://blog.naver.com/akdongch/224301941916
2313,domestic_travel,경주,셈이다 아침 부지런히 황리단길에 있는 미피스토어,popup,1,in 경주,https://blog.naver.com/kwonirene/224301186260
2314,food,광주,셋이서 광주 여행 go go 정원이 있는 한식당,restaurant,1,나는 솔로 29기 영숙 영자 순자 광주 여행 맛집 코스 다갔다!...,https://blog.naver.com/tkfkdwlqhouse/224301927684
2315,food,제주,소길국수,candidate,1,제주 소길국수 I 제주공항 3분거리 고기국수 맛집 추천 소길국수,https://blog.naver.com/togetherfine/224301848925
2316,food,제주,소길국수 I 제주공항 3분거리 고기국수 맛집,restaurant,1,제주 소길국수 I 제주공항 3분거리 고기국수 맛집 추천 소길국수,https://blog.naver.com/togetherfine/224301848925
2317,food,인천,소래포구,candidate,1,인천 소래포구 꽃게 축제 수인분당선 타고 편하게 다녀온 후기,https://blog.naver.com/ssssss8201/224301907560
2318,domestic_travel,인천,소래포구,candidate,1,인천 소래포구 꽃게 축제 수인분당선 타고 편하게 다녀온 후기,https://blog.naver.com/ssssss8201/224301907560
2319,food,인천,소래포구 꽃게 축제,attraction,1,인천 소래포구 꽃게 축제 수인분당선 타고 편하게 다녀온 후기,https://blog.naver.com/ssssss8201/224301907560
2320,domestic_travel,인천,소래포구 꽃게 축제,attraction,1,인천 소래포구 꽃게 축제 수인분당선 타고 편하게 다녀온 후기,https://blog.naver.com/ssssss8201/224301907560
2321,food,인천,소래포구 꽃게 축제 수인분당선 타고 편하게,attraction,1,인천 소래포구 꽃게 축제 수인분당선 타고 편하게 다녀온 후기,https://blog.naver.com/ssssss8201/224301907560
2322,domestic_travel,인천,소래포구 꽃게 축제 수인분당선 타고 편하게,attraction,1,인천 소래포구 꽃게 축제 수인분당선 타고 편하게 다녀온 후기,https://blog.naver.com/ssssss8201/224301907560
2323,food,종로,소바,restaurant,1,[종로 맛집 ] 소바 맛집 튀김 맛집 내돈내산 후기 - 희희,https://blog.naver.com/djtptls55/224301867452
2324,food,강남,소보키,candidate,1,소보키 강남점 미나리육전과 닭전골 조합이 미쳤던 강남역 술집,https://blog.naver.com/angels1st/224301509874
2325,food,대전,소제동 대전 소제동 맛집 온천집 온천집 미소,restaurant,1,[대전 소제동] 대전 소제동 맛집 '온천집' 온천집 미소 샤브 한우...,https://blog.naver.com/wngur5161/224301696556
2326,domestic_travel,대전,소제동 대전 소제동 맛집 온천집 온천집 미소,restaurant,1,[대전 소제동] 대전 소제동 맛집 '온천집' 온천집 미소 샤브 한우...,https://blog.naver.com/wngur5161/224301696556
2327,food,대전,소제동 카페 여행지 여전히 행복한 지금 소제,cafe,1,[대전 소제동 카페] 여행지 (여전히 행복한 지금),https://blog.naver.com/bennlia_33/224301784171
2328,domestic_travel,대전,소제동 카페 여행지 여전히 행복한 지금 소제,cafe,1,[대전 소제동 카페] 여행지 (여전히 행복한 지금),https://blog.naver.com/bennlia_33/224301784171
2329,food,광주,소주,candidate,1,[광주] 소주·맥주 2000원!! 광주 동림동 갈매기살 맛집 돼지전설,https://blog.naver.com/arim_dingdong/224301827711
2330,food,강남,속초오징어어시장,travel_spot,1,서울|내돈내산 논현 횟집 추천 ' 속초오징어어시장 ',https://blog.naver.com/sojeong2009/224300467782
2331,food,강남,속초오징어어시장 입니다 속초오징어어시장,travel_spot,1,서울|내돈내산 논현 횟집 추천 ' 속초오징어어시장 ',https://blog.naver.com/sojeong2009/224300467782
2332,food,종로,손해인,candidate,1,[서울 종로 / 노다지포차] 요즘 날씨에 안 가면 손해인 종로...,https://blog.naver.com/greenish-glow/224301659468
2333,food,대전,솔가 23년 한국관공공사의 전주 맛집,restaurant,1,대전 한밭수목원 맛집 솔가숯불갈비 대전직영점 방문 후기,https://blog.naver.com/beautiful_life_7/224301954336
2334,domestic_travel,대전,솔가 23년 한국관공공사의 전주 맛집,restaurant,1,대전 한밭수목원 맛집 솔가숯불갈비 대전직영점 방문 후기,https://blog.naver.com/beautiful_life_7/224301954336
2335,food,대전,솔가숯불갈비,candidate,1,대전 한밭수목원 맛집 솔가숯불갈비 대전직영점 방문 후기,https://blog.naver.com/beautiful_life_7/224301954336
2336,domestic_travel,대전,솔가숯불갈비,candidate,1,대전 한밭수목원 맛집 솔가숯불갈비 대전직영점 방문 후기,https://blog.naver.com/beautiful_life_7/224301954336
2337,domestic_travel,강릉,솔올,candidate,1,"헤리티지여행"" 강릉미술관 솔올 강릉 실내 가볼만한곳",https://blog.naver.com/kikitravellife/224301859985
2338,food,광주,솔직,candidate,1,복호두 광주상무점 청사과버터 솔직후기 광주답례품...,https://blog.naver.com/yooom222/224301616207
2339,domestic_travel,광주,솔직,candidate,1,복호두 광주상무점 청사과버터 솔직후기 광주답례품...,https://blog.naver.com/yooom222/224301616207
2340,food,광주,솔트커피,cafe,1,"경기광주 카페 카페폴 오포점, 솔트라떼랑 딸기스콘이 조합이...",https://blog.naver.com/968-6274/224301062147
2341,food,인천,송도 달빛축제공원,attraction,1,"[일상 생각|사색|송도 달빛 축제 공원] ""송도 달빛축제공원...",https://blog.naver.com/wjcho062/224301841051
2342,domestic_travel,인천,송도 달빛축제공원,attraction,1,"[일상 생각|사색|송도 달빛 축제 공원] ""송도 달빛축제공원...",https://blog.naver.com/wjcho062/224301841051
2343,food,인천,송도 맛집 녹돼야지를 방문했어요 관련 리뷰,restaurant,1,"맛있는 한돈을 즐길 수 있는 송도 맛집 , 녹돼야지 방문 후기",https://blog.naver.com/s_romism/224301937528
2344,domestic_travel,인천,송도 맛집 녹돼야지를 방문했어요 관련 리뷰,restaurant,1,"맛있는 한돈을 즐길 수 있는 송도 맛집 , 녹돼야지 방문 후기",https://blog.naver.com/s_romism/224301937528
2345,food,인천,송도 맛집 오픈 이벤트로 가성비까지 잡은 명,restaurant,1,[인천 송도 맛집 ] 오픈 이벤트로 가성비까지 잡은 '명인갈비...,https://blog.naver.com/lili_story/224301949035
2346,food,인천,송도 맛집 임파스토 양식 맛집 임파스토 리뷰,restaurant,1,"인천 송도 맛집 , 임파스토",https://blog.naver.com/taetaeheee/224301771526
2347,domestic_travel,인천,송도 인스파이어 리조트,travel_spot,1,인천 송도 인스파이어 리조트 프로모션 빅 특가 스플래시 베이...,https://blog.naver.com/rud_gml/224301267430
2348,domestic_travel,인천,송도 인스파이어 리조트 프로모션 빅 특가 스,travel_spot,1,인천 송도 인스파이어 리조트 프로모션 빅 특가 스플래시 베이...,https://blog.naver.com/rud_gml/224301267430
2349,food,인천,송도 초코바게트 맛집 인증이였습니다,restaurant,1,[인천 송도 카페] 송도 꾸덕 초코바게트 맛집 찾았다!...,https://blog.naver.com/jjongeuni_/224301820063
2350,food,인천,송도 카페 송도 꾸덕 초코바게트 맛집 찾았다,cafe,1,[인천 송도 카페] 송도 꾸덕 초코바게트 맛집 찾았다!...,https://blog.naver.com/jjongeuni_/224301820063
2351,food,인천,송도 케이크 맛집 밀우 mealwoo 푸드소,restaurant,1,인천 송도 케이크 맛집 밀우(mealwoo),https://blog.naver.com/2581msy/224301903799
2352,food,인천,송도&강화도,candidate,1,[ 서울 군자&잠실/인천 송도&강화도/충남 서산 맛집 ] 5주 동안...,https://blog.naver.com/eunjji-/224301207898
2353,domestic_travel,인천,송도&강화도,candidate,1,[ 서울 군자&잠실/인천 송도&강화도/충남 서산 맛집 ] 5주 동안...,https://blog.naver.com/eunjji-/224301207898
2354,food,인천,송도&강화도 충남 서산 맛집 5주 동안,restaurant,1,[ 서울 군자&잠실/인천 송도&강화도/충남 서산 맛집 ] 5주 동안...,https://blog.naver.com/eunjji-/224301207898
2355,domestic_travel,인천,송도&강화도 충남 서산 맛집 5주 동안,restaurant,1,[ 서울 군자&잠실/인천 송도&강화도/충남 서산 맛집 ] 5주 동안...,https://blog.naver.com/eunjji-/224301207898
2356,food,인천,송도달빛축제공원,attraction,1,"[일상 생각|사색|송도 달빛 축제 공원] ""송도 달빛축제공원...",https://blog.naver.com/wjcho062/224301841051
2357,domestic_travel,인천,송도달빛축제공원,attraction,1,"[일상 생각|사색|송도 달빛 축제 공원] ""송도 달빛축제공원...",https://blog.naver.com/wjcho062/224301841051
2358,food,인천,송도동,candidate,1,인천 송도동 센트럴파크 와인 맛집 내돈내산 솔직후기...,https://blog.naver.com/muapiece/224301799911
2359,food,인천,송도동 센트럴파크 와인 맛집 내돈내산 솔직후,restaurant,1,인천 송도동 센트럴파크 와인 맛집 내돈내산 솔직후기...,https://blog.naver.com/muapiece/224301799911
2360,food,인천,송도상견례식당,restaurant,1,아리아리랑|한정식|코스요리|상견례 추천 맛집|내돈내산,https://blog.naver.com/precious567/224301879344
2361,food,인천,송도에서 유명한 케이크 맛집 카페를 소개해,cafe,1,인천 송도 케이크 맛집 밀우(mealwoo),https://blog.naver.com/2581msy/224301903799
2362,domestic_travel,성수,송도호텔,travel_spot,1,인천 송도 인스파이어 리조트 프로모션 빅 특가 스플래시 베이...,https://blog.naver.com/rud_gml/224301267430
2363,domestic_travel,인천,송도호텔,travel_spot,1,인천 송도 인스파이어 리조트 프로모션 빅 특가 스플래시 베이...,https://blog.naver.com/rud_gml/224301267430
2364,food,인천,송림동 맛집 정정아식당,restaurant,1,송림동 맛집 정정아식당 푸짐한한식 추천후기,https://blog.naver.com/lucia-0707/224301955484
2365,domestic_travel,인천,송림동 맛집 정정아식당,restaurant,1,송림동 맛집 정정아식당 푸짐한한식 추천후기,https://blog.naver.com/lucia-0707/224301955484
2366,domestic_travel,가평,송세원찐빵,candidate,1,"가평 송세원찐빵 후기, 솔드아웃인데도 기다려서 사온 찰보리찐빵",https://blog.naver.com/hison93/224297409230
2367,food,광주,송정매일시장,travel_spot,1,[광주 송정역 맛집 ] '시장국밥' 전현무계획3도 반한 30년 전통...,https://blog.naver.com/geolsb/224301662775
2368,domestic_travel,광주,송정매일시장,travel_spot,1,[광주 송정역 맛집 ] '시장국밥' 전현무계획3도 반한 30년 전통...,https://blog.naver.com/geolsb/224301662775
2369,food,광주,송정시장,travel_spot,1,광주 송정역 근처 빵집 썬베이커리 착한 가게 방문 후기,https://blog.naver.com/wlsud3626/224301896898
2370,domestic_travel,광주,송정시장,travel_spot,1,광주 송정역 근처 빵집 썬베이커리 착한 가게 방문 후기,https://blog.naver.com/wlsud3626/224301896898
2371,food,부산,송정역,candidate,1,"부산 송정역 맛집 추천, 든든한 추어탕과 솥밥의 조화 ""송정어가""",https://blog.naver.com/seikopump/224301617069
2372,domestic_travel,부산,송정역,candidate,1,"부산 송정역 맛집 추천, 든든한 추어탕과 솥밥의 조화 ""송정어가""",https://blog.naver.com/seikopump/224301617069
2373,food,광주,송정역 근처 빵집 썬베이커리,cafe,1,광주 송정역 근처 빵집 썬베이커리 착한 가게 방문 후기,https://blog.naver.com/wlsud3626/224301896898
2374,domestic_travel,광주,송정역 근처 빵집 썬베이커리,cafe,1,광주 송정역 근처 빵집 썬베이커리 착한 가게 방문 후기,https://blog.naver.com/wlsud3626/224301896898
2375,food,광주,송정역 근처 빵집 썬베이커리 착한 가게 방문,cafe,1,광주 송정역 근처 빵집 썬베이커리 착한 가게 방문 후기,https://blog.naver.com/wlsud3626/224301896898
2376,domestic_travel,광주,송정역 근처 빵집 썬베이커리 착한 가게 방문,cafe,1,광주 송정역 근처 빵집 썬베이커리 착한 가게 방문 후기,https://blog.naver.com/wlsud3626/224301896898
2377,food,광주,송정역 맛집 나주곰탕 식당,restaurant,1,[광주송정역 맛집 ] 나주곰탕 식당에서 특곰탕 후기,https://blog.naver.com/kidbu5914/224301906929
2378,food,광주,송정역 맛집 시장,restaurant,1,[광주 송정역 맛집 ] '시장국밥' 전현무계획3도 반한 30년 전통...,https://blog.naver.com/geolsb/224301662775
2379,domestic_travel,광주,송정역 맛집 시장,restaurant,1,[광주 송정역 맛집 ] '시장국밥' 전현무계획3도 반한 30년 전통...,https://blog.naver.com/geolsb/224301662775
2380,food,광주,송정역 맛집 시장국밥 전현무계획3도 반한 3,restaurant,1,[광주 송정역 맛집 ] '시장국밥' 전현무계획3도 반한 30년 전통...,https://blog.naver.com/geolsb/224301662775
2381,domestic_travel,광주,송정역 맛집 시장국밥 전현무계획3도 반한 3,restaurant,1,[광주 송정역 맛집 ] '시장국밥' 전현무계획3도 반한 30년 전통...,https://blog.naver.com/geolsb/224301662775
2382,food,광주,송정역 맛집 옛날에금잔디 광주 송정역 한정식,restaurant,1,광주 송정역 맛집 옛날에금잔디 광주 송정역 한정식,https://blog.naver.com/yolokotrsy/224301958384
2383,food,광주,송정역 점심 맛집 슈퍼크리스피에서 햄버거 먹,restaurant,1,광주 송정역 점심 맛집 슈퍼크리스피에서 햄버거 먹어 본 후기,https://blog.naver.com/bsd0921/224301818465
2384,domestic_travel,광주,송정역 점심 맛집 슈퍼크리스피에서 햄버거 먹,restaurant,1,광주 송정역 점심 맛집 슈퍼크리스피에서 햄버거 먹어 본 후기,https://blog.naver.com/bsd0921/224301818465
2385,food,강남,솥내음,candidate,1,[솥내음 강남고속버스터미널점] 서울 강남고속터미널 맛집 ...,https://blog.naver.com/jtopark100/224301809393
2386,food,강남,솥내음 스타필드 코엑스몰점 입니다 주말 점심,candidate,1,[강남] 강남 코엑스 맛집 ! 가족과 함께 즐기는 23가지 솥밥...,https://blog.naver.com/chaein_side/224301899749
2387,food,성수,솥밥,candidate,1,성수 솥밥 맛집 쵸리상경 서울 숲 가볼만한 곳,https://blog.naver.com/heina0612/224300914369
2388,food,성수,솥밥 맛집 쵸리상경 서울 숲 가볼만한 곳 매,restaurant,1,성수 솥밥 맛집 쵸리상경 서울 숲 가볼만한 곳,https://blog.naver.com/heina0612/224300914369
2389,domestic_travel,제주,수국,candidate,1,제주 수국 명소 답다니수국밭 가는 타이밍 알려줄게,https://blog.naver.com/ysr3789/224301858032
2390,domestic_travel,제주,수국 명소 답다니수국밭 가는 타이밍 알려줄게,candidate,1,제주 수국 명소 답다니수국밭 가는 타이밍 알려줄게,https://blog.naver.com/ysr3789/224301858032
2391,domestic_travel,제주,수국명소,candidate,1,만장굴 옆 수국명소 제주 동쪽 가볼만한곳 김녕미로공원,https://blog.naver.com/thebestmaze/224301470835
2392,food,부산,수변최고돼지국밥 파인다이닝,restaurant,1,"[부산 맛집 ] 부산의 13,000원 파인다이닝 '수변최고돼지국밥...",https://blog.naver.com/pgcrew/224301944303
2393,food,대구,수성구 다이닝,restaurant,1,대구 수성구 다이닝& 분위기 좋은 범어동 와인바_ 로쏘(ROSSO),https://blog.naver.com/rosa920513/224301927215
2394,domestic_travel,대구,수성구 다이닝,restaurant,1,대구 수성구 다이닝& 분위기 좋은 범어동 와인바_ 로쏘(ROSSO),https://blog.naver.com/rosa920513/224301927215
2395,food,대구,수성구 다이닝& 분위기 좋은 범어동 와인바_,restaurant,1,대구 수성구 다이닝& 분위기 좋은 범어동 와인바_ 로쏘(ROSSO),https://blog.naver.com/rosa920513/224301927215
2396,domestic_travel,대구,수성구 다이닝& 분위기 좋은 범어동 와인바_,restaurant,1,대구 수성구 다이닝& 분위기 좋은 범어동 와인바_ 로쏘(ROSSO),https://blog.naver.com/rosa920513/224301927215
2397,food,대구,수성구 맛집 착한낙지 수성점,restaurant,1,[ 내돈내산 대구 수성구 맛집 ] 착한낙지 수성점｜낙지볶음덮밥...,https://blog.naver.com/dogsaunds/224301849703
2398,food,대구,수성구 신천시장,travel_spot,1,대구 수성구 신천시장 양고기 스프카레 맛집 바를램,https://blog.naver.com/dumborang/224301679356
2399,domestic_travel,대구,수성구 신천시장,travel_spot,1,대구 수성구 신천시장 양고기 스프카레 맛집 바를램,https://blog.naver.com/dumborang/224301679356
2400,food,대구,수성구 신천시장 양고기 스프카레 맛집 바를램,restaurant,1,대구 수성구 신천시장 양고기 스프카레 맛집 바를램,https://blog.naver.com/dumborang/224301679356
2401,domestic_travel,대구,수성구 신천시장 양고기 스프카레 맛집 바를램,restaurant,1,대구 수성구 신천시장 양고기 스프카레 맛집 바를램,https://blog.naver.com/dumborang/224301679356
2402,food,대구,수성구 양념갈비 맛집 서민갈비 직원이 꾸워주,restaurant,1,대구 수성구 양념갈비 맛집 / 서민갈비 / 직원이 꾸워주는 고깃집,https://blog.naver.com/365ing-/224301942593
2403,food,대구,수성구 치킨 덤브치킨 수성점 아이가 먼저 찾,candidate,1,"대구 수성구 치킨 덤브치킨 수성점, 아이가 먼저 찾는...",https://blog.naver.com/yvette24/224301949771
2404,food,대구,수성동,candidate,1,대구 수성동 꽃게 육수 자가제면 칼국수 맛집 약전골목원조국수...,https://blog.naver.com/younvely0607/224301794551
2405,food,대구,수성동 꽃게 육수 자가제면 칼국수 맛집 약전,restaurant,1,대구 수성동 꽃게 육수 자가제면 칼국수 맛집 약전골목원조국수...,https://blog.naver.com/younvely0607/224301794551
2406,food,대구,수성시장,travel_spot,1,"레시피를 완성시켜준 대구 수성구 신선 정육점 추천 , 우담정육점",https://blog.naver.com/drawingirls/224301818663
2407,domestic_travel,대구,수성시장,travel_spot,1,"레시피를 완성시켜준 대구 수성구 신선 정육점 추천 , 우담정육점",https://blog.naver.com/drawingirls/224301818663
2408,domestic_travel,부산,수영,candidate,1,부산 수영 주차가능한 돼지국밥 맛집 돈국 무한리필 샐러드바...,https://blog.naver.com/everydayon2/224301942111
2409,food,부산,수영 술집 닭발 맛집 오늘닭발해 수영본점 저,restaurant,1,부산 수영 술집 닭발 맛집 오늘닭발해 수영본점,https://blog.naver.com/dkswnstjr0613/224301834365
2410,food,부산,수영구,candidate,1,부산 수영구 데이트 레스토랑 '마이클 어반팜 테이블',https://blog.naver.com/space_1030/224301927845
2411,domestic_travel,부산,수영구,candidate,1,부산 수영구 데이트 레스토랑 '마이클 어반팜 테이블',https://blog.naver.com/space_1030/224301927845
2412,food,부산,수영구 감포로 96 2층 아산이자카야 계단,candidate,1,오늘의 술집추천✊ 수영구 숙성회 맛집 아산이자카야 내돈내산 ...,https://blog.naver.com/008800ii/224301860057
2413,food,부산,수영구 데이트 레스토랑,restaurant,1,부산 수영구 데이트 레스토랑 '마이클 어반팜 테이블',https://blog.naver.com/space_1030/224301927845
2414,domestic_travel,부산,수영구 데이트 레스토랑,restaurant,1,부산 수영구 데이트 레스토랑 '마이클 어반팜 테이블',https://blog.naver.com/space_1030/224301927845
2415,food,부산,수영구 데이트 레스토랑 마이클 어반팜 테이블,restaurant,1,부산 수영구 데이트 레스토랑 '마이클 어반팜 테이블',https://blog.naver.com/space_1030/224301927845
2416,domestic_travel,부산,수영구 데이트 레스토랑 마이클 어반팜 테이블,restaurant,1,부산 수영구 데이트 레스토랑 '마이클 어반팜 테이블',https://blog.naver.com/space_1030/224301927845
2417,domestic_travel,부산,수영구에는 조선시대,candidate,1,6/12~14 제24회 광안리어방축제 — 부산 광안리 바다가 가장...,https://blog.naver.com/jiji090/224301769221
2418,food,부산,수영구축제,attraction,1,"2026 광안리 어방축제 : 일정,프로그램,어방포차 메뉴 및 주차...",https://blog.naver.com/moondrift/224301904724
2419,domestic_travel,부산,수영구축제,attraction,1,"2026 광안리 어방축제 : 일정,프로그램,어방포차 메뉴 및 주차...",https://blog.naver.com/moondrift/224301904724
2420,domestic_travel,부산,수영역,candidate,1,부산 수영역 맛집 아구찜 제철 갑오징어회 신통영굴국밥 후기,https://blog.naver.com/puppv2/224301934811
2421,food,부산,수영역 맛집 미친막창 막창 맛집 푸짐한 한,restaurant,1,부산 수영역 맛집|미친막창... 막창 맛집 푸짐한 한 상 단골...,https://blog.naver.com/hye0_0young/224301874642
2422,food,부산,수영역 맛집 술집 부엉이산장 안주가 맛있는,restaurant,1,부산 수영역 맛집 술집 부엉이산장 안주가 맛있는 핫플 ...,https://blog.naver.com/sm88044/224301683912
2423,food,부산,수영역 맛집 술집으로 입소문 난 역시 부산,restaurant,1,부산 수영역 맛집 술집 부엉이산장 안주가 맛있는 핫플 ...,https://blog.naver.com/sm88044/224301683912
2424,food,부산,수영역 맛집 아구찜 제철 갑오징어회 신통영굴,restaurant,1,부산 수영역 맛집 아구찜 제철 갑오징어회 신통영굴국밥 후기,https://blog.naver.com/puppv2/224301934811
2425,domestic_travel,부산,수영역 맛집 아구찜 제철 갑오징어회 신통영굴,restaurant,1,부산 수영역 맛집 아구찜 제철 갑오징어회 신통영굴국밥 후기,https://blog.naver.com/puppv2/224301934811
2426,food,수원,수원 인계동 느좋카페 내돈내산 넓고 커피,cafe,1,[카페] 수원 인계동 느좋카페 / 내돈내산 넓고 커피 찐맛도리집...,https://blog.naver.com/wanikong/224301785255
2427,domestic_travel,강릉,수제버거,candidate,1,"[강릉] 남다른 패티의 수제버거 강릉서부시장 맛집 , 피셔맨웍스",https://blog.naver.com/matzip100_/224301689943
2428,food,강남,수제버거,candidate,1,강남 수제버거 끝판왕 등장 분위기까지 힙한 “다운타우너...,https://blog.naver.com/ehd45741/224300526230
2429,food,강남,수제버거 끝판왕 등장 분위기까지 힙한 다운타,candidate,1,강남 수제버거 끝판왕 등장 분위기까지 힙한 “다운타우너...,https://blog.naver.com/ehd45741/224300526230
2430,food,수원,수제버거 맛집 크레이지버거 두툼한 패티가 맛,restaurant,1,"맛집 크레이지버거, 두툼한 패티가 맛있는 인계동 점심 추천",https://blog.naver.com/ririka25/224301838868
2431,food,대구,수플레팬케이크,candidate,1,[카페 탄] 팔공산 근처 대구 수플레팬케이크 맛집 카페...,https://blog.naver.com/happydd-/224301884221
2432,domestic_travel,대구,수플레팬케이크,candidate,1,[카페 탄] 팔공산 근처 대구 수플레팬케이크 맛집 카페...,https://blog.naver.com/happydd-/224301884221
2433,domestic_travel,경주,숙박,candidate,1,"경주 ㅣ내돈내산 프라이빗경주 호텔 숙박후기(+주차,조식)",https://blog.naver.com/lauren_103/224301758669
2434,domestic_travel,가평,숙소입니다,travel_spot,1,서울 근교 프라이빗한 감성 독채 펜션 추천 가평 환타지콜라보,https://blog.naver.com/rhdwndi2/224298144192
2435,food,강남,순살,candidate,1,[청년감자탕순대국] 강남 순살 뼈해장국 맛집,https://blog.naver.com/lynn1025/224301939421
2436,food,강남,순살 뼈해장국 맛집 안녕하세요 강남에서 야무,restaurant,1,[청년감자탕순대국] 강남 순살 뼈해장국 맛집,https://blog.naver.com/lynn1025/224301939421
2437,food,광주,순자,candidate,1,나는 솔로 29기 영숙 영자 순자 광주 여행 맛집 코스 다갔다!...,https://blog.naver.com/tkfkdwlqhouse/224301927684
2438,food,제주,술빚는여행자,candidate,1,[술빚는여행자] 제주 조천|제주의 바람이 책갈피가 되는 카페...,https://blog.naver.com/antipara/224283060268
2439,domestic_travel,제주,술빚는여행자,candidate,1,[술빚는여행자] 제주 조천|제주의 바람이 책갈피가 되는 카페...,https://blog.naver.com/antipara/224283060268
2440,food,수원,술집,restaurant,1,수원 술집) 수원역 분위기 좋은 가성비 끝판왕 수원역 술집 포차...,https://blog.naver.com/subsub2-/224301716731
2441,food,대구,술집,restaurant,1,봉덕동 맛집 봉덕끝집 감자전에 반하고 온 대구 술집,https://blog.naver.com/fprtl0221/224301614332
2442,domestic_travel,대구,술집,restaurant,1,봉덕동 맛집 봉덕끝집 감자전에 반하고 온 대구 술집,https://blog.naver.com/fprtl0221/224301614332
2443,food,성수,술집,restaurant,1,성수동 맛집 :) 분위기 좋은 레트로 술집 '성수 달맞이 광장...,https://blog.naver.com/kbe0911/224301573584
2444,food,강남,술집,restaurant,1,역삼역회식 센민이자카야 분위기 좋은 강남 술집 예약,https://blog.naver.com/minie30/224300760800
2445,food,인천,술집,restaurant,1,동인천 맛집 술집 차이나타운 필수 코스 로컬 인천 맥주 호랑이,https://blog.naver.com/oursophie/224301854503
2446,food,대구,술집 맛집 이었어요,restaurant,1,봉덕동 맛집 봉덕끝집 감자전에 반하고 온 대구 술집,https://blog.naver.com/fprtl0221/224301614332
2447,domestic_travel,대구,술집 맛집 이었어요,restaurant,1,봉덕동 맛집 봉덕끝집 감자전에 반하고 온 대구 술집,https://blog.naver.com/fprtl0221/224301614332
2448,food,수원,술집 수원역 분위기 좋은 가성비 끝판왕 수원,restaurant,1,수원 술집) 수원역 분위기 좋은 가성비 끝판왕 수원역 술집 포차...,https://blog.naver.com/subsub2-/224301716731
2449,food,강남,술집 예약,restaurant,1,역삼역회식 센민이자카야 분위기 좋은 강남 술집 예약,https://blog.naver.com/minie30/224300760800
2450,food,인천,술집 차이나타운 꼭 가봐야 할 곳 0순,restaurant,1,동인천 맛집 술집 차이나타운 필수 코스 로컬 인천 맥주 호랑이,https://blog.naver.com/oursophie/224301854503
2451,food,부산,숨은,candidate,1,지도에도 없는 부산 숨은 가성비 노포 김밥 맛집 내돈내산 후기,https://blog.naver.com/yoo_luna/224301859701
2452,domestic_travel,부산,숨은,candidate,1,지도에도 없는 부산 숨은 가성비 노포 김밥 맛집 내돈내산 후기,https://blog.naver.com/yoo_luna/224301859701
2453,food,부산,숨은 가성비 노포 김밥 맛집 내돈내산,restaurant,1,지도에도 없는 부산 숨은 가성비 노포 김밥 맛집 내돈내산 후기,https://blog.naver.com/yoo_luna/224301859701
2454,domestic_travel,부산,숨은 가성비 노포 김밥 맛집 내돈내산,restaurant,1,지도에도 없는 부산 숨은 가성비 노포 김밥 맛집 내돈내산 후기,https://blog.naver.com/yoo_luna/224301859701
2455,food,제주,숨은 고기 맛집 입니다 일단 명란을 줌 감동,restaurant,1,사는 게 덧없어 의미를 찾아 헤맸지,https://blog.naver.com/zzz0eee/224301951507
2456,domestic_travel,가평,숲속 호텔,travel_spot,1,가평 글램트리 추천ㅣ숲속 호텔급 시설에 인피니티풀까지...,https://blog.naver.com/lynnda/224300447584
2457,domestic_travel,성수,쉐라톤 그랜드 다낭 리조트,travel_spot,1,쉐라톤 그랜드 다낭 리조트 공식홈페이지 예약 해야 하는 이유,https://blog.naver.com/fsc4hwfsl/224301872343
2458,food,인천,쉐라톤그랜드,candidate,1,"무이도, 쉐라톤그랜드 인천호텔, 차이나타운, 공화춘을 다녀와서",https://blog.naver.com/hongjitop/224301854781
2459,domestic_travel,경주,쉼 한옥스테이 경주로 짧게 다녀온 주말 여행,candidate,1,"황리단길펜션 조용한 하루 보내기 좋았던 경주 쉼, 한옥스테이",https://blog.naver.com/8nhhca/224300541440
2460,food,부산,스위트,candidate,1,호텔 브라운 스위트 부산역 (BrownSuites Busan Station)...,https://blog.naver.com/gotrip2001/224301849583
2461,domestic_travel,부산,스위트,candidate,1,호텔 브라운 스위트 부산역 (BrownSuites Busan Station)...,https://blog.naver.com/gotrip2001/224301849583
2462,domestic_travel,강릉,스카이베이호텔,travel_spot,1,강릉 호텔 스카이베이호텔 숙소 부대시설 숙소 추천 내돈내산 후기,https://blog.naver.com/kkk6891/224301882488
2463,food,수원,스타필드 방문 후 최고의 식사를 원하신다면,candidate,1,수원 스타필드 인근 석암생소금구이 맛집 탐방,https://blog.naver.com/wyfri530/224295253594
2464,domestic_travel,대전,스테이로이,candidate,1,금산 숙소 스테이로이 대전 근교 여행 가족펜션으로 제격,https://blog.naver.com/lasmujeres/224301934702
2465,food,강남,스페셜티커피,cafe,1,냄새 세게나는 우드톤 느좋카페 내돈내산 후기 (원두 선택 가능),https://blog.naver.com/oomnyaam/224300016620
2466,food,대구,슬로우벗베럴,candidate,1,대구대형카페 근교 베이커리 맛집 슬로우벗베럴 대구점...,https://blog.naver.com/mallanglab/224301952254
2467,domestic_travel,대구,슬로우벗베럴,candidate,1,대구대형카페 근교 베이커리 맛집 슬로우벗베럴 대구점...,https://blog.naver.com/mallanglab/224301952254
2468,food,대구,슬로우벗베럴 대구점 대구대형카페 근교 베이커리,cafe,1,대구대형카페 근교 베이커리 맛집 슬로우벗베럴 대구점...,https://blog.naver.com/mallanglab/224301952254
2469,domestic_travel,대구,슬로우벗베럴 대구점 대구대형카페 근교 베이커리,cafe,1,대구대형카페 근교 베이커리 맛집 슬로우벗베럴 대구점...,https://blog.naver.com/mallanglab/224301952254
2470,domestic_travel,제주,승마,candidate,1,밭디|제주 승마 체험부터 이색자전거까지 아이와 가볼만한곳,https://blog.naver.com/momopia/224301902361
2471,domestic_travel,제주,승마 체험부터 이색자전거까지 아이와 가볼만한,candidate,1,밭디|제주 승마 체험부터 이색자전거까지 아이와 가볼만한곳,https://blog.naver.com/momopia/224301902361
2472,domestic_travel,인천,승봉도,candidate,1,인천 승봉도 배시간표 요금 소요시간 정보안내,https://bluebeat.tistory.com/330
2473,food,제주,시 구좌읍 김녕로21길 21 김녕오라이,candidate,1,김녕오라이,https://blog.naver.com/goodgotjd/224299435410
2474,food,제주,시 동문로6길 4 1-3층 일도일동 아베,candidate,1,아베베베이커리 제주 (ABEBE BAKERY Jeju) 동문시장 핫플 방문기,https://blog.naver.com/zzzdkrltnekf/224301715533
2475,domestic_travel,제주,시 동문로6길 4 1-3층 일도일동 아베,candidate,1,아베베베이커리 제주 (ABEBE BAKERY Jeju) 동문시장 핫플 방문기,https://blog.naver.com/zzzdkrltnekf/224301715533
2476,food,제주,시 애월읍 가문동길 38 문개어멍 매일,candidate,1,제주도 핫플 맛집 문개어멍에서 신선한 통철판 해물 요리...,https://blog.naver.com/ddd_ahye/224301859148
2477,food,제주,시 함덕 해수욕장 맛집 함덕고갈치 한상,restaurant,1,[제주 제주시] 함덕 해수욕장 맛집 ‘함덕고갈치’,https://blog.naver.com/jinilog13/224301924185
2478,food,대구,시내,candidate,1,대구 당일치기 여행코스 앞산공원 카페거리 대구 시내 동성로까지,https://blog.naver.com/luv__i/224301732783
2479,domestic_travel,대구,시내,candidate,1,대구 당일치기 여행코스 앞산공원 카페거리 대구 시내 동성로까지,https://blog.naver.com/luv__i/224301732783
2480,food,제주,시내 감성 카페 제주도 느좋 카페 공항 근처,cafe,1,[제주도] 제주 시내 감성 카페 / 제주도 느좋 카페 / 공항 근처...,https://blog.naver.com/ddgo0/224301799086
2481,domestic_travel,제주,시내 감성 카페 제주도 느좋 카페 공항 근처,cafe,1,[제주도] 제주 시내 감성 카페 / 제주도 느좋 카페 / 공항 근처...,https://blog.naver.com/ddgo0/224301799086
2482,domestic_travel,경주,시내권에서 이동 시간이 꽤 걸립니다 하루,candidate,1,전현무계획 시즌3 11회 경주 맛집,https://blog.naver.com/letsfindout_hub/224299626301
2483,food,제주,시는 분들 차타고 5분거리에 있으니 흑돼지 맛집,restaurant,1,신화월드 근처 서귀포 현지인 흑돼지 맛집 제주돈돗 신화월드점,https://blog.naver.com/minkji8792/224301948563
2484,domestic_travel,부산,시민공원,travel_spot,1,부산시민공원에서 만난 특별한 예술 나들이! 2026 부산예총...,https://blog.naver.com/minb__e/224301473312
2485,food,제주,시산방식당,restaurant,1,제주 공항 근처 현지인 맛집 산방식당 도청직영점 메뉴 내돈내산,https://blog.naver.com/song0110/224301928662
2486,food,종로,시애틀커피하우스,cafe,1,서울3대아인슈페너 맛집 시애틀커피하우스 종로3가점,https://blog.naver.com/skdud3758/224301690483
2487,food,종로,시애틀하우스,candidate,1,서울-익산동 10만잔 팔린 아인슈페너 시애틀하우스 종로3가점,https://blog.naver.com/wlswnx/224301917375
2488,food,대구,시지 맛집 오스테리아밀즈 욱수점을 찾았다 시,restaurant,1,"시지 맛집 추천 오스테리아 밀즈 욱수점 주차, 메뉴, 꿀팁...",https://blog.naver.com/tfa__/224301828622
2489,food,제주,시청 양식집 소프 후식으로 바닐라 아이스크림,restaurant,1,제주시 기념일 맛집 추천|분위기 좋은 제주 시청 양식집 소프,https://blog.naver.com/stree0526/224301812756
2490,domestic_travel,제주,시청 양식집 소프 후식으로 바닐라 아이스크림,restaurant,1,제주시 기념일 맛집 추천|분위기 좋은 제주 시청 양식집 소프,https://blog.naver.com/stree0526/224301812756
2491,food,대전,시청역,candidate,1,"대전 시청역 맛집 , 키츠네유부 입안 가득 터지는 풍미 가득 대왕...",https://blog.naver.com/kht502579/224301630267
2492,domestic_travel,대전,시청역,candidate,1,"대전 시청역 맛집 , 키츠네유부 입안 가득 터지는 풍미 가득 대왕...",https://blog.naver.com/kht502579/224301630267
2493,food,부산,시청역,candidate,1,[부산 맛집 /시청역 맛집 ]부산시청 소고기숯불구이 전문점 맛집 ...,https://blog.naver.com/rimee_16250/224301918693
2494,food,부산,시청역 맛집 부산시청 소고기숯불구이 전,restaurant,1,[부산 맛집 /시청역 맛집 ]부산시청 소고기숯불구이 전문점 맛집 ...,https://blog.naver.com/rimee_16250/224301918693
2495,food,대전,시청역 맛집 키츠네유부 입안 가득 터지는 풍,restaurant,1,"대전 시청역 맛집 , 키츠네유부 입안 가득 터지는 풍미 가득 대왕...",https://blog.naver.com/kht502579/224301630267
2496,domestic_travel,대전,시청역 맛집 키츠네유부 입안 가득 터지는 풍,restaurant,1,"대전 시청역 맛집 , 키츠네유부 입안 가득 터지는 풍미 가득 대왕...",https://blog.naver.com/kht502579/224301630267
2497,domestic_travel,부산,시티투어,candidate,1,"KTX 부산 시티투어, 대마도 2박 3일 여행 최대 고민 해결!",https://blog.naver.com/darkchefs/224300951701
2498,domestic_travel,대구,시티투어,candidate,1,대구 드라이브 갈 만한곳 여행코스 대구 시티투어 버스,https://blog.naver.com/kkyycc27/224301960085
2499,domestic_travel,인천,시티투어,candidate,1,친구들과 함께한 낭만 가득 인천 시티투어 & 인스파이어 몰...,https://blog.naver.com/ckj600405/224301953374
2500,domestic_travel,인천,시티투어 & 인스파이어 몰 다음엔 우정여행,candidate,1,친구들과 함께한 낭만 가득 인천 시티투어 & 인스파이어 몰...,https://blog.naver.com/ckj600405/224301953374
2501,domestic_travel,부산,시티투어 당일치기,candidate,1,비프광장 먹거리 놀거리 VR체험관 부산 여행 가볼만한곳...,https://blog.naver.com/pjwmms1125/224301821453
2502,domestic_travel,부산,시티투어 대마도 2박 3일 여행 최대 고민,candidate,1,"KTX 부산 시티투어, 대마도 2박 3일 여행 최대 고민 해결!",https://blog.naver.com/darkchefs/224300951701
2503,domestic_travel,부산,시티투어버스,candidate,1,부산 시티투어버스 노선 시간표 요금 정보 이용방법 설명,https://bluebeat.tistory.com/512
2504,food,대전,식당,restaurant,1,대전 맛집 쌍둥이수육국밥 월평선사점의 푸짐했던 식사후기,https://blog.naver.com/narara20000/224301704324
2505,domestic_travel,대전,식당,restaurant,1,대전 맛집 쌍둥이수육국밥 월평선사점의 푸짐했던 식사후기,https://blog.naver.com/narara20000/224301704324
2506,domestic_travel,경주,식당,restaurant,1,경주 식당 추천 풍미식당 엄마가 차려준 것 같이 맛있는 집밥 맛집,https://blog.naver.com/leeheee14/224301922508
2507,food,성수,식당,restaurant,1,성수 일식 맛집 탐광 내돈내산 솔직 리뷰,https://blog.naver.com/eunsu_exe/224301452958
2508,domestic_travel,성수,식당,restaurant,1,성수 일식 맛집 탐광 내돈내산 솔직 리뷰,https://blog.naver.com/eunsu_exe/224301452958
2509,food,강남,식당,restaurant,1,게 느껴지는 고급스러운 솥밥 식당 강남고속터미널 맛집 후기,https://blog.naver.com/peacedaily/224300775751
2510,food,인천,식당 청관 청관 옆에 식당,restaurant,1,"광명-인천(월미도, 차이나타운, 송도)여행",https://blog.naver.com/realbonny83/224301923669
2511,domestic_travel,경주,식당 추천 풍미식당,restaurant,1,경주 식당 추천 풍미식당 엄마가 차려준 것 같이 맛있는 집밥 맛집,https://blog.naver.com/leeheee14/224301922508
2512,food,광주,식당부터,restaurant,1,당일치기 드라이브 추천 #2|경기도 광주 식당부터 카페까지,https://blog.naver.com/grow_with_me_365/224301141048
2513,domestic_travel,광주,식당부터,restaurant,1,당일치기 드라이브 추천 #2|경기도 광주 식당부터 카페까지,https://blog.naver.com/grow_with_me_365/224301141048
2514,food,광주,식당부터 카페까지 오늘의 당일치기 드라이브,cafe,1,당일치기 드라이브 추천 #2|경기도 광주 식당부터 카페까지,https://blog.naver.com/grow_with_me_365/224301141048
2515,domestic_travel,광주,식당부터 카페까지 오늘의 당일치기 드라이브,cafe,1,당일치기 드라이브 추천 #2|경기도 광주 식당부터 카페까지,https://blog.naver.com/grow_with_me_365/224301141048
2516,food,종로,식물,candidate,1,[서울/종로] 식물|카페 추천|익선동 데이트코스|한옥카페...,https://blog.naver.com/tnwjd2854/224301825776
2517,food,부산,신가네호떡,candidate,1,"5월 내돈내산 식당 모음｜부산 신가네호떡, 진주 양포항, 고성...",https://blog.naver.com/passion-simple/224301936673
2518,food,부산,신가네호떡 진주 양포항 고성 + 요상한 포인,candidate,1,"5월 내돈내산 식당 모음｜부산 신가네호떡, 진주 양포항, 고성...",https://blog.naver.com/passion-simple/224301936673
2519,food,강남,신논현역,candidate,1,강남 신논현역 맛집 신논현 맛집 추천|내돈내산 서울 소꼬리찜...,https://blog.naver.com/dandanhye/224301320542
2520,food,수원,신동 카페거리 맛집 인 쿄와동에 다녀왔어요,cafe,1,수원신동카페거리 맛집 쿄와동 내돈내산,https://blog.naver.com/gayoung1743/224301839727
2521,food,강남,신동궁 감자탕 뼈숯불구이 신동궁감자탕 뼈숯불,candidate,1,강남 신동궁감자탕 뼈숯불구이 역삼직영점 강남주민 찐 맛집 ...,https://blog.naver.com/lee_doll/224300448530
2522,food,강남,신동궁감자탕,candidate,1,강남 신동궁감자탕 뼈숯불구이 역삼직영점 강남주민 찐 맛집 ...,https://blog.naver.com/lee_doll/224300448530
2523,food,강남,신동궁감자탕 뼈숯불구이 역삼직영점 강남주민,candidate,1,강남 신동궁감자탕 뼈숯불구이 역삼직영점 강남주민 찐 맛집 ...,https://blog.naver.com/lee_doll/224300448530
2524,domestic_travel,강릉,신라모노그램,candidate,1,아기와 함께한 조용한 호캉스|신라모노그램 강릉 레지던스,https://blog.naver.com/moonsunstar__/224301680559
2525,food,대구,신라식당,restaurant,1,대구 동성로 맛집 신라식당 한일점 내돈내산,https://blog.naver.com/mink1004z/224301856634
2526,food,대구,신라식당이였습니다 다음엔 또,restaurant,1,대구 동성로 맛집 신라식당 한일점 내돈내산,https://blog.naver.com/mink1004z/224301856634
2527,food,종로,신라호텔,travel_spot,1,익선동 파스타 맛집 신라호텔 10년 경력 셰프의 독립밀방...,https://blog.naver.com/minji9038/224301574094
2528,domestic_travel,제주,신라호텔,travel_spot,1,"[제주] 제주 신라호텔- (6/1~6/3) 72시간 깜짝 특가, 룸온리...",https://blog.naver.com/kindandlove/224300902794
2529,domestic_travel,제주,신라호텔- 6 1,travel_spot,1,"[제주] 제주 신라호텔- (6/1~6/3) 72시간 깜짝 특가, 룸온리...",https://blog.naver.com/kindandlove/224300902794
2530,food,강남,신사 맛집 에서 편안하게 즐긴 특별한 삼겹살,restaurant,1,강남 신사 맛집 에서 편안하게 즐긴 특별한 삼겹살 경험,https://blog.naver.com/smteakuyln460/224301916420
2531,food,강남,신사 맛집 은 고기냄새가 먼저 반겨서 기대감,restaurant,1,강남 신사 맛집 에서 편안하게 즐긴 특별한 삼겹살 경험,https://blog.naver.com/smteakuyln460/224301916420
2532,food,강남,신사레스토랑,restaurant,1,신사 다소곳|청첩장모임 제격! 와인 술술 들어가는 스페인...,https://blog.naver.com/noiilog/224301566757
2533,food,성수,신사소곱창,candidate,1,『 서울 성수곱창』신사소곱창 성수점-곱창모듬(feat.소주맥주),https://blog.naver.com/kazuyyy/224301841132
2534,food,강남,신사역 돈까스 맛집 카츠공방,restaurant,1,신사역 돈까스 맛집 카츠공방 신사역점 모듬카츠세트가 진짜...,https://blog.naver.com/kichica/224301755780
2535,food,대구,신상,candidate,1,[대구 신상 카페] 6/1 가오픈! 카페룰리오가닉 수성구청점 발...,https://blog.naver.com/coffeeprincess1/224301788679
2536,food,성수,신상 맛집 답게 지나가는,restaurant,1,오픈런 후기｜웨이팅 전에 다녀온 신상 감자간식 맛집,https://blog.naver.com/ekhankim/224300847571
2537,food,대구,신상 카페 6 1 가오픈 카페,cafe,1,[대구 신상 카페] 6/1 가오픈! 카페룰리오가닉 수성구청점 발...,https://blog.naver.com/coffeeprincess1/224301788679
2538,food,대구,신상 카페 6 1 가오픈 카페룰리오가닉 수성,cafe,1,[대구 신상 카페] 6/1 가오픈! 카페룰리오가닉 수성구청점 발...,https://blog.naver.com/coffeeprincess1/224301788679
2539,food,대전,신상카페 뚱기가 다녀온 장동 대형 베이커리,cafe,1,[대전 신상카페] 뚱기가 다녀온 장동 대형 베이커리 카페...,https://blog.naver.com/care1cb/224301855890
2540,domestic_travel,대전,신상카페 뚱기가 다녀온 장동 대형 베이커리,cafe,1,[대전 신상카페] 뚱기가 다녀온 장동 대형 베이커리 카페...,https://blog.naver.com/care1cb/224301855890
2541,food,제주,신선한 해산물은 꼭 먹어줘야 하는데 유명한 식당,restaurant,1,[제주도 중문] 웨이팅 피해서 찾은 현지인 맛집 완벽한 신선함...,https://blog.naver.com/yeshyuni_/224301801300
2542,domestic_travel,대구,신세계,candidate,1,신세계 대구 유모차 동반 맛집 크리스탈제이드 내돈내산 솔직후기,https://blog.naver.com/seulkong_2/224301947792
2543,food,대전,신세계는 청년들의 이러한,candidate,1,청년층 방문이 증가한 대전 신세계백화점 무슨 일이죠,https://blog.naver.com/police1965/224301856077
2544,domestic_travel,대전,신세계는 청년들의 이러한,candidate,1,청년층 방문이 증가한 대전 신세계백화점 무슨 일이죠,https://blog.naver.com/police1965/224301856077
2545,food,대구,신세계대구식당,restaurant,1,신세계 대구 유모차 동반 맛집 크리스탈제이드 내돈내산 솔직후기,https://blog.naver.com/seulkong_2/224301947792
2546,domestic_travel,대구,신세계대구식당,restaurant,1,신세계 대구 유모차 동반 맛집 크리스탈제이드 내돈내산 솔직후기,https://blog.naver.com/seulkong_2/224301947792
2547,food,강남,신세계백화점,candidate,1,일본 3대 오니기리 맛집 교토 오니마루 신세계백화점 강남점...,https://blog.naver.com/songsally_/224301929881
2548,food,대구,신세계백화점 8층 용호낙지- 낙곱새 쇼핑 후,candidate,1,대구 신세계백화점 8층 용호낙지- 낙곱새,https://blog.naver.com/free-wing/224301909926
2549,food,대구,신세계백화점 구슬아이스크림 맛집 대구 신세계,restaurant,1,대구 신세계백화점 구슬아이스크림 맛집 대구 신세계 도티로티,https://blog.naver.com/hat1599/224301954491
2550,food,대구,신세계백화점 근처에서 일본 여행 온 기분을,candidate,1,[ 요모 ] 대구 신세계백화점 근처 일본 꼬치집 추천|일본 감성...,https://blog.naver.com/monglby0120/224301841799
2551,food,대전,신세계백화점 무슨 일이죠 서울을 대전으로,candidate,1,청년층 방문이 증가한 대전 신세계백화점 무슨 일이죠,https://blog.naver.com/police1965/224301856077
2552,domestic_travel,대전,신세계백화점 무슨 일이죠 서울을 대전으로,candidate,1,청년층 방문이 증가한 대전 신세계백화점 무슨 일이죠,https://blog.naver.com/police1965/224301856077
2553,food,부산,신세계센텀시티,candidate,1,더로하) 더로하 아기 옷 신세계센텀시티 부산 팝업 방문 후기,https://blog.naver.com/hero3198/224301796444
2554,domestic_travel,부산,신세계센텀시티,candidate,1,더로하) 더로하 아기 옷 신세계센텀시티 부산 팝업 방문 후기,https://blog.naver.com/hero3198/224301796444
2555,food,인천,신승반점,candidate,1,[신승반점] 인천|차이나타운 유니짜장 사천백짬뽕 탕수육 맛집,https://blog.naver.com/sonjieun2000/224301949852
2556,food,인천,신시모도,candidate,1,인천 신시모도 맛집 ‘고남정’|물회·해물부추전·멍게비빔밥...,https://blog.naver.com/yrmrmrm/224300060279
2557,domestic_travel,인천,신시모도,candidate,1,인천 신시모도 맛집 ‘고남정’|물회·해물부추전·멍게비빔밥...,https://blog.naver.com/yrmrmrm/224300060279
2558,food,인천,신시모도 맛집 고남정 물회,restaurant,1,인천 신시모도 맛집 ‘고남정’|물회·해물부추전·멍게비빔밥...,https://blog.naver.com/yrmrmrm/224300060279
2559,domestic_travel,인천,신시모도 맛집 고남정 물회,restaurant,1,인천 신시모도 맛집 ‘고남정’|물회·해물부추전·멍게비빔밥...,https://blog.naver.com/yrmrmrm/224300060279
2560,food,인천,신시모도로 당일치기 여행 을 다녀왔어요 배,candidate,1,인천 신시모도 맛집 ‘고남정’|물회·해물부추전·멍게비빔밥...,https://blog.naver.com/yrmrmrm/224300060279
2561,domestic_travel,인천,신시모도로 당일치기 여행 을 다녀왔어요 배,candidate,1,인천 신시모도 맛집 ‘고남정’|물회·해물부추전·멍게비빔밥...,https://blog.naver.com/yrmrmrm/224300060279
2562,food,부산,신짜글이닭발,candidate,1,"[부산대 맛집 ] ‘신짜글이닭발’|부산대 닭발, 볶음밥",https://blog.naver.com/du-d_d-njs/224301954478
2563,food,수원,신차이,candidate,1,수원 신차이 AK플라자에서 찾은 수원역 중국집,https://blog.naver.com/aksuskql/224301866793
2564,food,수원,신차이 AK플라자에서 찾은 수원역 중국집 분,candidate,1,수원 신차이 AK플라자에서 찾은 수원역 중국집,https://blog.naver.com/aksuskql/224301866793
2565,food,인천,신포국제시장,travel_spot,1,"[인천 신포로데오 맛집 ] ""신포동 노포 맛집 , 1991년부터...",https://blog.naver.com/heeya6838/224301276727
2566,domestic_travel,인천,신포국제시장,travel_spot,1,"[인천 신포로데오 맛집 ] ""신포동 노포 맛집 , 1991년부터...",https://blog.naver.com/heeya6838/224301276727
2567,food,인천,신포동,candidate,1,동인천 신포동 회식하기 좋은 회 맛집 나기문수산 내돈내산 후기,https://blog.naver.com/zpfhfh1209/224301951537
2568,food,인천,신포동 회식하기 좋은 회 맛집 나기문수산 내,restaurant,1,동인천 신포동 회식하기 좋은 회 맛집 나기문수산 내돈내산 후기,https://blog.naver.com/zpfhfh1209/224301951537
2569,food,인천,신포로데오,candidate,1,"[인천 신포로데오 맛집 ] ""신포동 노포 맛집 , 1991년부터...",https://blog.naver.com/heeya6838/224301276727
2570,domestic_travel,인천,신포로데오,candidate,1,"[인천 신포로데오 맛집 ] ""신포동 노포 맛집 , 1991년부터...",https://blog.naver.com/heeya6838/224301276727
2571,food,제주,신화월드,candidate,1,홍회장 보말칼국수|제주 신화월드 근처 맛집 솔직후기!,https://blog.naver.com/hwanivv/224301880592
2572,domestic_travel,제주,신화월드,candidate,1,홍회장 보말칼국수|제주 신화월드 근처 맛집 솔직후기!,https://blog.naver.com/hwanivv/224301880592
2573,food,제주,신화월드 근처 맛집 솔직,restaurant,1,홍회장 보말칼국수|제주 신화월드 근처 맛집 솔직후기!,https://blog.naver.com/hwanivv/224301880592
2574,domestic_travel,제주,신화월드 근처 맛집 솔직,restaurant,1,홍회장 보말칼국수|제주 신화월드 근처 맛집 솔직후기!,https://blog.naver.com/hwanivv/224301880592
2575,domestic_travel,강릉,실내,candidate,1,"헤리티지여행"" 강릉미술관 솔올 강릉 실내 가볼만한곳",https://blog.naver.com/kikitravellife/224301859985
2576,domestic_travel,강릉,실내 가볼만한곳 세계적인 건축 거장의 손길부,candidate,1,"헤리티지여행"" 강릉미술관 솔올 강릉 실내 가볼만한곳",https://blog.naver.com/kikitravellife/224301859985
2577,domestic_travel,강릉,실내 가볼만한곳 인 아르떼뮤지엄을 다녀왔어요,candidate,1,강릉여행 아이와 실내 가볼만한곳 _아르떼뮤지엄 강릉,https://blog.naver.com/minu9138/224301859151
2578,food,부산,실내놀이터,candidate,1,[부산 키즈카페] 히어로플레이파크 대형 실내놀이터 주말 방문...,https://blog.naver.com/frind0220/224301939142
2579,domestic_travel,부산,실내놀이터,candidate,1,[부산 키즈카페] 히어로플레이파크 대형 실내놀이터 주말 방문...,https://blog.naver.com/frind0220/224301939142
2580,food,종로,실내데이트,candidate,1,"부산 서면 BIFC2몰 실내데이트, 종로문고",https://blog.naver.com/sumin2840/224301932411
2581,domestic_travel,인천,실미도유원지에서,candidate,1,인천 실미도유원지에서 차크닉 라면 끓여 먹기️ 하루 7천...,https://blog.naver.com/uunho/224301807280
2582,domestic_travel,인천,실미도유원지에서 차크닉 라면 끓여 먹기,candidate,1,인천 실미도유원지에서 차크닉 라면 끓여 먹기️ 하루 7천...,https://blog.naver.com/uunho/224301807280
2583,food,성수,실비집,candidate,1,5월 [ 도죠 성수 / 카페 413프로젝트 성수 / 실비집 수유...,https://blog.naver.com/i_m313kkk/224297130310
2584,domestic_travel,가평,실에서 신나게 놀 수 있어서 가족 여행 키즈호텔,travel_spot,1,고고다이노 키즈호텔 첫 단독 특가 52% 할인 32 → 14만...,https://blog.naver.com/bean_urse/224298476039
2585,food,대전,심야식당,restaurant,1,"찾은 작은 도쿄, 숯불 향 가득한 인생 라멘 맛집 '키레이'",https://blog.naver.com/dnwjd960911/224301891571
2586,domestic_travel,대전,심야식당,restaurant,1,"찾은 작은 도쿄, 숯불 향 가득한 인생 라멘 맛집 '키레이'",https://blog.naver.com/dnwjd960911/224301891571
2587,food,대전,싸악,candidate,1,한 입에 스트레스가 싸악!! 대전 돼지갈비 맛집 !! -함초양념갈비,https://blog.naver.com/donggutobak/224301916215
2588,food,강남,쌀국수 가성비 맛집 땀땀 내돈내산 강남 가성,restaurant,1,강남 쌀국수 가성비 맛집 땀땀 내돈내산,https://blog.naver.com/maker_joy/224301806898
2589,food,강남,쌀국수 호앙비엣 강남점 맛있는 요리 영상으로,candidate,1,강남 쌀국수 호앙비엣 강남점,https://blog.naver.com/greenbluepurple/224301915553
2590,food,대전,쌍둥이수육국밥,candidate,1,대전 맛집 쌍둥이수육국밥 월평선사점의 푸짐했던 식사후기,https://blog.naver.com/narara20000/224301704324
2591,domestic_travel,대전,쌍둥이수육국밥,candidate,1,대전 맛집 쌍둥이수육국밥 월평선사점의 푸짐했던 식사후기,https://blog.naver.com/narara20000/224301704324
2592,food,대전,쌍둥이수육국밥 월평선사점의 푸짐했던 식,candidate,1,대전 맛집 쌍둥이수육국밥 월평선사점의 푸짐했던 식사후기,https://blog.naver.com/narara20000/224301704324
2593,domestic_travel,대전,쌍둥이수육국밥 월평선사점의 푸짐했던 식,candidate,1,대전 맛집 쌍둥이수육국밥 월평선사점의 푸짐했던 식사후기,https://blog.naver.com/narara20000/224301704324
2594,domestic_travel,광주,쌍암공원,travel_spot,1,광주풍암체육공원 할로윈 숲체험 아이와가기좋은곳,https://blog.naver.com/wicket69986/224301855053
2595,food,성수,쏘쏘한베이킹꺼 도전해봤는데 이 날 이후로 두,candidate,1,나 왜 스물두살..?,https://blog.naver.com/yeonsu0819_/224301957497
2596,food,대전,쑤기와,candidate,1,다음엔 어디 갈까? 성심당 하나로 좋았던 쑤기와 대전 여행 기 시작,https://blog.naver.com/3kid_s/224300728458
2597,domestic_travel,대전,쑤기와,candidate,1,다음엔 어디 갈까? 성심당 하나로 좋았던 쑤기와 대전 여행 기 시작,https://blog.naver.com/3kid_s/224300728458
2598,domestic_travel,경주,아기랑,candidate,1,[경주]아기랑 경주 여행 숙소... 데메테르 풀빌라 가족 여행,https://blog.naver.com/sojin7031/224301017145
2599,domestic_travel,가평,아기랑,candidate,1,가평 아기랑 청평호펜션 수상스키 즐길 수 있는 곳,https://blog.naver.com/jtlwkd123/224297872054
2600,food,부산,아기랑,candidate,1,부산 아기랑 가볼만한 곳 해운대 수목원 방문 후기|양떼 자연...,https://blog.naver.com/bbang10_22/224301908201
2601,domestic_travel,부산,아기랑,candidate,1,부산 아기랑 가볼만한 곳 해운대 수목원 방문 후기|양떼 자연...,https://blog.naver.com/bbang10_22/224301908201
2602,domestic_travel,인천,아기랑,candidate,1,[인천 아기랑] 동화열차 뮤지컬 후기 26개월 아기도 푹 빠진...,https://blog.naver.com/meet_me_t_/224301874329
2603,food,부산,아기랑 가볼만한 곳 해운대 수목원,candidate,1,부산 아기랑 가볼만한 곳 해운대 수목원 방문 후기|양떼 자연...,https://blog.naver.com/bbang10_22/224301908201
2604,domestic_travel,부산,아기랑 가볼만한 곳 해운대 수목원,candidate,1,부산 아기랑 가볼만한 곳 해운대 수목원 방문 후기|양떼 자연...,https://blog.naver.com/bbang10_22/224301908201
2605,food,부산,아기랑 가볼만한 곳 해운대 수목원 방문,candidate,1,부산 아기랑 가볼만한 곳 해운대 수목원 방문 후기|양떼 자연...,https://blog.naver.com/bbang10_22/224301908201
2606,domestic_travel,부산,아기랑 가볼만한 곳 해운대 수목원 방문,candidate,1,부산 아기랑 가볼만한 곳 해운대 수목원 방문 후기|양떼 자연...,https://blog.naver.com/bbang10_22/224301908201
2607,domestic_travel,경주,아기랑 경주 여행 숙소 데메테르 풀빌라,travel_spot,1,[경주]아기랑 경주 여행 숙소... 데메테르 풀빌라 가족 여행,https://blog.naver.com/sojin7031/224301017145
2608,domestic_travel,경주,아기랑 경주 여행 숙소 데메테르 풀빌라 가족,travel_spot,1,[경주]아기랑 경주 여행 숙소... 데메테르 풀빌라 가족 여행,https://blog.naver.com/sojin7031/224301017145
2609,food,인천,아기랑 당일치기 여행 으로 배 타고 힐링하러,candidate,1,영종도 아기랑 당일치기 코스 삼목선착장 배타고 신시모도...,https://blog.naver.com/knm_88/224296398691
2610,domestic_travel,인천,아기랑 당일치기 여행 으로 배 타고 힐링하러,candidate,1,영종도 아기랑 당일치기 코스 삼목선착장 배타고 신시모도...,https://blog.naver.com/knm_88/224296398691
2611,domestic_travel,가평,아기랑 청평호펜션 수상스키 즐길 수 있는 곳,travel_spot,1,가평 아기랑 청평호펜션 수상스키 즐길 수 있는 곳,https://blog.naver.com/jtlwkd123/224297872054
2612,food,수원,아기의자있는식당,restaurant,1,국물 한입에 속까지 든든했던 영통 맛집,https://blog.naver.com/xoornjseh/224301849909
2613,domestic_travel,가평,아도 훨씬 여유롭게 즐길 수 있는 자라섬 꽃축제,attraction,1,자라섬 꽃축제 2026 방문 전 꼭 볼 입장료·주차·꽃 절정 타이밍,https://blog.naver.com/yhking119/224299046910
2614,food,수원,아디저트 수원광교디저트 백미당 갤러리,attraction,1,수원 광교갤러리아백화점디저트 백미당 갤러리아백화점 광교점...,https://blog.naver.com/rewqwtt/224301958664
2615,food,인천,아라누리도서관,candidate,1,인천 아라누리도서관 방문 후기,https://blog.naver.com/bijou_ej/224301899397
2616,domestic_travel,인천,아라누리도서관,candidate,1,인천 아라누리도서관 방문 후기,https://blog.naver.com/bijou_ej/224301899397
2617,food,인천,아라누리도서관 방문,candidate,1,인천 아라누리도서관 방문 후기,https://blog.naver.com/bijou_ej/224301899397
2618,domestic_travel,인천,아라누리도서관 방문,candidate,1,인천 아라누리도서관 방문 후기,https://blog.naver.com/bijou_ej/224301899397
2619,food,수원,아백화점 광교점 광교갤러리아 맛집 광교갤러리,attraction,1,수원 광교갤러리아백화점디저트 백미당 갤러리아백화점 광교점...,https://blog.naver.com/rewqwtt/224301958664
2620,food,수원,아백화점 광교점은요 1 광교갤러리,attraction,1,수원 광교갤러리아백화점디저트 백미당 갤러리아백화점 광교점...,https://blog.naver.com/rewqwtt/224301958664
2621,food,제주,아베베베이커리,cafe,1,아베베베이커리 제주 (ABEBE BAKERY Jeju) 동문시장 핫플 방문기,https://blog.naver.com/zzzdkrltnekf/224301715533
2622,domestic_travel,제주,아베베베이커리,cafe,1,아베베베이커리 제주 (ABEBE BAKERY Jeju) 동문시장 핫플 방문기,https://blog.naver.com/zzzdkrltnekf/224301715533
2623,food,제주,아베베베이커리제주 업체명 아베베베이커리,cafe,1,아베베베이커리 제주 (ABEBE BAKERY Jeju) 동문시장 핫플 방문기,https://blog.naver.com/zzzdkrltnekf/224301715533
2624,domestic_travel,제주,아베베베이커리제주 업체명 아베베베이커리,cafe,1,아베베베이커리 제주 (ABEBE BAKERY Jeju) 동문시장 핫플 방문기,https://blog.naver.com/zzzdkrltnekf/224301715533
2625,food,인천,아벨라움,candidate,1,청라미용실추천 히피펌 고민 끝낸 아벨라움 인천청라점 후기,https://blog.naver.com/mind8681/224301913370
2626,domestic_travel,인천,아벨라움,candidate,1,청라미용실추천 히피펌 고민 끝낸 아벨라움 인천청라점 후기,https://blog.naver.com/mind8681/224301913370
2627,domestic_travel,경주,아산축제,attraction,1,아산 외암마을 야행 — 조선시대 밤마실로 떠나는 특별한 하룻밤,https://blog.naver.com/victory0133/224301499285
2628,domestic_travel,제주,아이동반,candidate,1,"제주 아이동반 숙소 찾는다면? 글램핑,카라반 BEST 3 솔직 후기",https://blog.naver.com/momopia/224301863026
2629,domestic_travel,제주,아이동반 숙소 찾는다면 글램핑 카라반 BES,travel_spot,1,"제주 아이동반 숙소 찾는다면? 글램핑,카라반 BEST 3 솔직 후기",https://blog.naver.com/momopia/224301863026
2630,food,광주,아이랑,candidate,1,"광주 아이랑 가기 좋은 캠핑바베큐, 헬로우텍사스 솔직후기",https://blog.naver.com/hamkke_haru/224301768952
2631,domestic_travel,광주,아이랑,candidate,1,"광주 아이랑 가기 좋은 캠핑바베큐, 헬로우텍사스 솔직후기",https://blog.naver.com/hamkke_haru/224301768952
2632,domestic_travel,강릉,아이랑,candidate,1,"갤러리밥스부터 툇마루까지, 아이랑 강릉 2박 3일 핫플 여행",https://blog.naver.com/gmlwjd2829/224301720312
2633,domestic_travel,제주,아이랑,candidate,1,6월 제주도 가볼만한곳 아이랑 제주도 여행 준비물,https://blog.naver.com/jblossom88/224301923873
2634,food,광주,아이랑 가기 좋은 캠핑바베큐 헬로우텍사스 솔,restaurant,1,"광주 아이랑 가기 좋은 캠핑바베큐, 헬로우텍사스 솔직후기",https://blog.naver.com/hamkke_haru/224301768952
2635,domestic_travel,광주,아이랑 가기 좋은 캠핑바베큐 헬로우텍사스 솔,restaurant,1,"광주 아이랑 가기 좋은 캠핑바베큐, 헬로우텍사스 솔직후기",https://blog.naver.com/hamkke_haru/224301768952
2636,food,대구,아이랑 가볼 만한 곳 퀄리티 대박인데 무료인,candidate,1,[방문후기]대구 아이랑 가볼 만한 곳 ! 퀄리티 대박인데 무료인...,https://blog.naver.com/joy_angelll/224301847364
2637,domestic_travel,대구,아이랑 가볼 만한 곳 퀄리티 대박인데 무료인,candidate,1,[방문후기]대구 아이랑 가볼 만한 곳 ! 퀄리티 대박인데 무료인...,https://blog.naver.com/joy_angelll/224301847364
2638,domestic_travel,가평,아이랑 가평 1박2일 자라섬 꽃축제,attraction,1,아이랑 가평 1박2일 : 자라섬 꽃축제 남이섬 입장권 할인받고...,https://blog.naver.com/donnago_/224299287499
2639,food,대구,아이랑동성로식당,restaurant,1,"[글쓰기] 260503 : 대구 여행 1일차 / 서문시장, 동성로...",https://blog.naver.com/kkokkorun/224301643583
2640,domestic_travel,대구,아이랑동성로식당,restaurant,1,"[글쓰기] 260503 : 대구 여행 1일차 / 서문시장, 동성로...",https://blog.naver.com/kkokkorun/224301643583
2641,domestic_travel,가평,아이랑호텔,travel_spot,1,가평아난티 무라타하우스 아이랑 가평 여행! (히노끼탕/수영장...,https://blog.naver.com/smk03011/224301869303
2642,domestic_travel,대전,아이와,candidate,1,아이와 대전 근교 바다 여행 ! 충남 서천 해수욕장 + 공원 피크닉...,https://blog.naver.com/my_prayer_s2/224301723956
2643,food,인천,아이와,candidate,1,아이와 인천 여행 3시간 코스|송도 국립세계문자박물관...,https://blog.naver.com/bepresentdaily/224296080741
2644,domestic_travel,인천,아이와,candidate,1,아이와 인천 여행 3시간 코스|송도 국립세계문자박물관...,https://blog.naver.com/bepresentdaily/224296080741
2645,domestic_travel,부산,아이와,candidate,1,부산 아이와 함께 가볼만한 소품샵 BEST3 국제시장...,https://blog.naver.com/jiya85/224301848972
2646,domestic_travel,제주,아이와 가볼만한곳 을 찾는 분들이라면 한 번,candidate,1,밭디|제주 승마 체험부터 이색자전거까지 아이와 가볼만한곳,https://blog.naver.com/momopia/224301902361
2647,domestic_travel,부산,아이와 함께 가볼만한 소품샵 BEST3 국제,candidate,1,부산 아이와 함께 가볼만한 소품샵 BEST3 국제시장...,https://blog.naver.com/jiya85/224301848972
2648,domestic_travel,부산,아이와 함께 가볼만한 소품샵 BEST3 국제시장,travel_spot,1,부산 아이와 함께 가볼만한 소품샵 BEST3 국제시장...,https://blog.naver.com/jiya85/224301848972
2649,domestic_travel,부산,아재 그리고 아이들이 좋아할 만한 특별 전시,attraction,1,경남 함안 가볼만한곳 말이산고분군 나홀로나무 가족 피크닉!,https://blog.naver.com/honeybees07/224301909401
2650,domestic_travel,강릉,아침 8시 출발,candidate,1,"""26년 5월""",https://blog.naver.com/yangyang_days/224301842678
2651,domestic_travel,가평,아침고요수목원 6월은 초록이 가장 짙어지는,candidate,1,06월 일일투어 추천 뚜벅이 여행 가평 아침고요수목원!,https://blog.naver.com/okok002300/224301293747
2652,food,인천,아트플랫폼 전시,attraction,1,인천아트플랫폼 전시부터 플리마켓까지 알차게 즐긴 하루,https://blog.naver.com/mingming9706/224301922338
2653,domestic_travel,인천,아트플랫폼 전시,attraction,1,인천아트플랫폼 전시부터 플리마켓까지 알차게 즐긴 하루,https://blog.naver.com/mingming9706/224301922338
2654,food,성수,안냐세요 도리에요 오늘은 잠실 옆 동네 성수,candidate,1,성수동 데이트. 소개팅하기 좋은 이자카야 [oukan : 오우칸 성수],https://blog.naver.com/happydorylife/224301567803
2655,domestic_travel,성수,안냐세요 도리에요 오늘은 잠실 옆 동네 성수,candidate,1,성수동 데이트. 소개팅하기 좋은 이자카야 [oukan : 오우칸 성수],https://blog.naver.com/happydorylife/224301567803
2656,domestic_travel,경주,안동낙강물길공원,travel_spot,1,연인과 떠나는 초록빛 사색 여행 과 숨겨진 감성 정원 완벽 가이드,https://blog.naver.com/akmaro/224299832024
2657,food,인천,안동집 경동시장,travel_spot,1,[ 서울 군자&잠실/인천 송도&강화도/충남 서산 맛집 ] 5주 동안...,https://blog.naver.com/eunjji-/224301207898
2658,domestic_travel,인천,안동집 경동시장,travel_spot,1,[ 서울 군자&잠실/인천 송도&강화도/충남 서산 맛집 ] 5주 동안...,https://blog.naver.com/eunjji-/224301207898
2659,domestic_travel,강릉,안목,candidate,1,애견동반 여름 축제 강원도 가볼만한 곳 강릉 안목 추천,https://blog.naver.com/hodoo527/224301713705
2660,domestic_travel,강릉,안목 커피,cafe,1,강릉의 숨은 명소 Best 5 - 케이드라이브 기사님들이 추천해요!,https://blog.naver.com/kd_1577/224299896389
2661,domestic_travel,강릉,안목해변 차박 일출 하나로 유명해진 이유 솔,travel_spot,1,"강릉 안목해변 차박, 일출 하나로 유명해진 이유",https://blog.naver.com/medic3939/224300583314
2662,domestic_travel,가평,안스테이,candidate,1,[가평] 안스테이 후기｜아이와 가기 좋은 감성 한옥 펜션,https://blog.naver.com/sensia_/224297938003
2663,food,부산,안심식당,restaurant,1,"[곱창 맛집 ] 30년 전통의 내공, 현지인이 인정하는 수영...",https://blog.naver.com/bum5245/224301891178
2664,food,성수,안에 위치한 곳으로 정감가는 시장,travel_spot,1,성수 뚝도시장 서울맛집 내돈내산 후기,https://blog.naver.com/reviewkong/224300749417
2665,domestic_travel,성수,안에 위치한 곳으로 정감가는 시장,travel_spot,1,성수 뚝도시장 서울맛집 내돈내산 후기,https://blog.naver.com/reviewkong/224300749417
2666,food,수원,안주일체,candidate,1,"감성 가득한 영통 데이트코스, 안주일체 수원영통점 다녀온 후기",https://blog.naver.com/sangminttt_93/224301777494
2667,food,대구,안지랑 곱창골목이 시작하는 입구에,candidate,1,대구 안지랑 곱창 골목 맛집 . 현지인이 추천하는 곱창 맛집 똔똔이,https://blog.naver.com/minjo0o/224301955788
2668,food,제주,알겠다,candidate,1,[제주 맛집 ] 왜 줄 서서 먹는지 알겠다! 제주 '우진해장국' 솔직...,https://blog.naver.com/nasang0223/224301909346
2669,domestic_travel,제주,알겠다,candidate,1,[제주 맛집 ] 왜 줄 서서 먹는지 알겠다! 제주 '우진해장국' 솔직...,https://blog.naver.com/nasang0223/224301909346
2670,food,제주,알려주는,candidate,1,"현지인이 알려주는 제주공항 맛집 수복강녕, 예약 및 주차 꿀팁",https://blog.naver.com/ceylonjeju/224301915619
2671,domestic_travel,제주,알려주는,candidate,1,"현지인이 알려주는 제주공항 맛집 수복강녕, 예약 및 주차 꿀팁",https://blog.naver.com/ceylonjeju/224301915619
2672,domestic_travel,경주,알아본,candidate,1,외국인들이 먼저 알아본 경주…왜 교토보다 더 감동받을까,https://blog.naver.com/young5606/224301571616
2673,food,대구,알찜,candidate,1,"청주 오창 뽈찜, 아구찜, 해물찜, 알찜, 대구지리 원조 맛집 !...",https://blog.naver.com/alstkd2198/224301864663
2674,food,강남,압구정 로데오 맛집 파스타 와인 이탈리안 레스토랑,restaurant,1,압구정 로데오 맛집 /파스타/와인/이탈리안 레스토랑 “일리조”,https://blog.naver.com/lla8460all/224300854787
2675,food,강남,압구정레스토랑,restaurant,1,[압구정피자] 압구정역 데이트 맛집 노모어피자에서 즐긴 피맥...,https://blog.naver.com/eunrolove/224301878649
2676,food,강남,압구정로데오역,candidate,1,[강남/압구정로데오역] 보보식당 흑백요리사2 맛집 중식 압구정...,https://blog.naver.com/comatdragon/224301023720
2677,food,강남,압구정로데오역 보보식당 흑백요리사2 맛집,restaurant,1,[강남/압구정로데오역] 보보식당 흑백요리사2 맛집 중식 압구정...,https://blog.naver.com/comatdragon/224301023720
2678,food,강남,압구정로데오역 보보식당 흑백요리사2 맛집 중,restaurant,1,[강남/압구정로데오역] 보보식당 흑백요리사2 맛집 중식 압구정...,https://blog.naver.com/comatdragon/224301023720
2679,food,강남,압구정룸식당,restaurant,1,[강남/압구정로데오역] 보보식당 흑백요리사2 맛집 중식 압구정...,https://blog.naver.com/comatdragon/224301023720
2680,food,대구,앞산,candidate,1,프렌즈 6기] 대구 앞산 카페 추천 ️ : 아리츠 (샌드위치 맛집 ),https://blog.naver.com/pcjihye/224301939387
2681,domestic_travel,대구,앞산,candidate,1,프렌즈 6기] 대구 앞산 카페 추천 ️ : 아리츠 (샌드위치 맛집 ),https://blog.naver.com/pcjihye/224301939387
2682,food,대구,앞산 프렌즈 6기 대구 안지랑 맛집,restaurant,1,[앞산 프렌즈 6기] 대구 안지랑 맛집 추천 ️ : 안지랑 곱창막창...,https://blog.naver.com/pcjihye/224301948049
2683,food,대구,앞산레스토랑,restaurant,1,대구 분위기 좋은 양식 맛집 ㅣ베르덴,https://blog.naver.com/sw112319/224301576224
2684,domestic_travel,대구,앞산레스토랑,restaurant,1,대구 분위기 좋은 양식 맛집 ㅣ베르덴,https://blog.naver.com/sw112319/224301576224
2685,food,대전,애견 동반 카페 경우 재 한 번쯤 가볼 만한,cafe,1,대전애견동반카페 견우재,https://blog.naver.com/angel-7779/224301860454
2686,domestic_travel,가평,애견동반,candidate,1,가평 애견동반 펜션 추천 사우나+계곡+깔끔함까지 완벽했던...,https://blog.naver.com/carrotandvictoria/224296335399
2687,domestic_travel,경주,애견동반,candidate,1,경주 애견동반 숙소 통나무펜션 경주통나무애견독채펜션 주차...,https://blog.naver.com/daypage7367/224300839594
2688,domestic_travel,경주,애견동반 숙소 통나무펜션 경주통나무애견독채펜,travel_spot,1,경주 애견동반 숙소 통나무펜션 경주통나무애견독채펜션 주차...,https://blog.naver.com/daypage7367/224300839594
2689,domestic_travel,성수,애견동반 여름 축제,attraction,1,애견동반 여름 축제 강원도 가볼만한 곳 강릉 안목 추천,https://blog.naver.com/hodoo527/224301713705
2690,domestic_travel,강릉,애견동반 여름 축제,attraction,1,애견동반 여름 축제 강원도 가볼만한 곳 강릉 안목 추천,https://blog.naver.com/hodoo527/224301713705
2691,domestic_travel,가평,애견카페 디그르르에서 신나게 뛰어놀고 난 뒤,cafe,1,"[가평 대성리역 닭갈비 맛집] ""대성리 대가집"" 애견동반 가능한...",https://blog.naver.com/dmsgmleogns/224295868011
2692,domestic_travel,인천,애관극장 국내 최다 좌석 보유 오랜 개보수를,candidate,1,"리무진, 웨딩카 · 하객수송 · VIP의전 · 전국 여행 - 광주극장",https://blog.naver.com/rim6970/224301726044
2693,domestic_travel,부산,애기가 열심히 사진도 찍어주고 국제시장,travel_spot,1,메이,https://blog.naver.com/zlsvvn/224301609504
2694,food,제주,애월 랜디스도넛 제주애월점 내돈내산 솔직,candidate,1,[제주 애월] 랜디스도넛 제주애월점 내돈내산 솔직후기 주차 팁...,https://blog.naver.com/doorkicker_81/224301546635
2695,domestic_travel,제주,애월 랜디스도넛 제주애월점 내돈내산 솔직,candidate,1,[제주 애월] 랜디스도넛 제주애월점 내돈내산 솔직후기 주차 팁...,https://blog.naver.com/doorkicker_81/224301546635
2696,food,제주,애월 새별프렌즈 방문기 귀여운 동물 먹이주기,candidate,1,제주 애월 새별프렌즈 방문기 귀여운 동물 먹이주기 체험 추천,https://blog.naver.com/soul21002/224301741099
2697,domestic_travel,제주,애월 새별프렌즈 방문기 귀여운 동물 먹이주기,candidate,1,제주 애월 새별프렌즈 방문기 귀여운 동물 먹이주기 체험 추천,https://blog.naver.com/soul21002/224301741099
2698,food,제주,애월 오션뷰 고기국수 맛집 아침바다 고기 그,restaurant,1,[제주도] 제주 애월 오션뷰 고기국수 맛집 ‘아침바다 고기...,https://blog.naver.com/4_15log/224301838672
2699,domestic_travel,제주,애월 오션뷰 고기국수 맛집 아침바다 고기 그,restaurant,1,[제주도] 제주 애월 오션뷰 고기국수 맛집 ‘아침바다 고기...,https://blog.naver.com/4_15log/224301838672
2700,food,부산,액티비티,candidate,1,부산 놀거리 액티비티 부산실탄사격장 : 도파민 팡팡,https://blog.naver.com/suulggu/224301946924
2701,domestic_travel,부산,액티비티,candidate,1,부산 놀거리 액티비티 부산실탄사격장 : 도파민 팡팡,https://blog.naver.com/suulggu/224301946924
2702,food,광주,앨리스커피,cafe,1,"[전남 무안] 노란 문이 반겨주는 감성 공간, 앨리스 커피...",https://blog.naver.com/bbne2790/224301940363
2703,domestic_travel,광주,앨리스커피,cafe,1,"[전남 무안] 노란 문이 반겨주는 감성 공간, 앨리스 커피...",https://blog.naver.com/bbne2790/224301940363
2704,food,부산,앰슐랭은 요식업 17년 경력 5성급 호텔,travel_spot,1,부산 부산대파스타 5성급 호텔출신쉐프 레스토랑 추천 앰슐랭...,https://blog.naver.com/busan_sinnam/224301954714
2705,food,제주,야경,candidate,1,"진짜 제주 야경 끝판왕! 천지연폭포, 42년 만의 재개장 무료...",https://blog.naver.com/review76/224301950344
2706,food,제주,야경 끝판왕 천지연폭포 42년 만의 재개장,candidate,1,"진짜 제주 야경 끝판왕! 천지연폭포, 42년 만의 재개장 무료...",https://blog.naver.com/review76/224301950344
2707,food,부산,야경명소,candidate,1,부산야경명소 부산야경 맛집 부산노을 맛집 황령산,https://blog.naver.com/mjmj2500/224301784813
2708,domestic_travel,부산,야경명소,candidate,1,부산야경명소 부산야경 맛집 부산노을 맛집 황령산,https://blog.naver.com/mjmj2500/224301784813
2709,domestic_travel,가평,야유회,candidate,1,한국여성둘라전문가협회 봄 야유회 가평 당일치기 여행 코스 추천,https://blog.naver.com/jjin---/224297906066
2710,food,광주,야장,candidate,1,광주 야장 해방촌 :: 포장마차 감성 찐 맛집 / 뼈찜세트 추천,https://blog.naver.com/eunkiko/224301876944
2711,domestic_travel,광주,야장,candidate,1,광주 야장 해방촌 :: 포장마차 감성 찐 맛집 / 뼈찜세트 추천,https://blog.naver.com/eunkiko/224301876944
2712,food,종로,야장 국제시장 포차를 다녀왔습니다 종로 사람,travel_spot,1,"[종로] 내돈내산, 종로야장 어디로 갈까 나는 ""국제시장 포차""",https://blog.naver.com/kahu9003/224298659460
2713,food,광주,야장 해방촌 사진으로만 봤을 때도 분위기가,candidate,1,광주 야장 해방촌 :: 포장마차 감성 찐 맛집 / 뼈찜세트 추천,https://blog.naver.com/eunkiko/224301876944
2714,domestic_travel,광주,야장 해방촌 사진으로만 봤을 때도 분위기가,candidate,1,광주 야장 해방촌 :: 포장마차 감성 찐 맛집 / 뼈찜세트 추천,https://blog.naver.com/eunkiko/224301876944
2715,food,광주,야장 해방촌 포장마차 감성 찐 맛집 뼈찜세트,restaurant,1,광주 야장 해방촌 :: 포장마차 감성 찐 맛집 / 뼈찜세트 추천,https://blog.naver.com/eunkiko/224301876944
2716,domestic_travel,광주,야장 해방촌 포장마차 감성 찐 맛집 뼈찜세트,restaurant,1,광주 야장 해방촌 :: 포장마차 감성 찐 맛집 / 뼈찜세트 추천,https://blog.naver.com/eunkiko/224301876944
2717,domestic_travel,강릉,야지 하면서 마음이 엄청 두근거렸거든요 안목해변,travel_spot,1,"강릉 안목해변 차박, 일출 하나로 유명해진 이유",https://blog.naver.com/medic3939/224300583314
2718,food,제주,야키토리,candidate,1,유돈 제원노형점|제주 야키토리 이자카야 맛집 추천 솔직후기,https://blog.naver.com/yeoneo_1/224301874564
2719,domestic_travel,제주,야키토리,candidate,1,유돈 제원노형점|제주 야키토리 이자카야 맛집 추천 솔직후기,https://blog.naver.com/yeoneo_1/224301874564
2720,food,성수,야키토리,candidate,1,[서울/성수] 야키토리 나루토|생맥주 맛집 [내돈내산],https://blog.naver.com/yjhn00/224301665186
2721,domestic_travel,성수,야키토리,candidate,1,[서울/성수] 야키토리 나루토|생맥주 맛집 [내돈내산],https://blog.naver.com/yjhn00/224301665186
2722,food,성수,야키토리 나루토 생맥주 맛집 내돈내산,restaurant,1,[서울/성수] 야키토리 나루토|생맥주 맛집 [내돈내산],https://blog.naver.com/yjhn00/224301665186
2723,domestic_travel,성수,야키토리 나루토 생맥주 맛집 내돈내산,restaurant,1,[서울/성수] 야키토리 나루토|생맥주 맛집 [내돈내산],https://blog.naver.com/yjhn00/224301665186
2724,food,대구,양갈비,candidate,1,대구 양갈비 맛집 청년 양고기 방문 후기,https://blog.naver.com/tgc02160/224301944347
2725,domestic_travel,대구,양갈비,candidate,1,대구 양갈비 맛집 청년 양고기 방문 후기,https://blog.naver.com/tgc02160/224301944347
2726,food,대구,양갈비 맛집 으로 유명한 청년 양고기 집에,restaurant,1,대구 양갈비 맛집 청년 양고기 방문 후기,https://blog.naver.com/tgc02160/224301944347
2727,domestic_travel,대구,양갈비 맛집 으로 유명한 청년 양고기 집에,restaurant,1,대구 양갈비 맛집 청년 양고기 방문 후기,https://blog.naver.com/tgc02160/224301944347
2728,domestic_travel,가평,양떼목장,candidate,1,경기도 가평 가볼만한곳 가평 카페 양떼목장 놀거리...,https://blog.naver.com/overroad89/224298386666
2729,food,광주,양림동,candidate,1,광주 양림동 맛집 유소바 양림본점 안키모동 자루소바 후기,https://blog.naver.com/hehi1_/224301694921
2730,domestic_travel,광주,양림동,candidate,1,광주 양림동 맛집 유소바 양림본점 안키모동 자루소바 후기,https://blog.naver.com/hehi1_/224301694921
2731,food,광주,양림동 맛집 유소바 양림본점 안키모동 자루소,restaurant,1,광주 양림동 맛집 유소바 양림본점 안키모동 자루소바 후기,https://blog.naver.com/hehi1_/224301694921
2732,domestic_travel,광주,양림동 맛집 유소바 양림본점 안키모동 자루소,restaurant,1,광주 양림동 맛집 유소바 양림본점 안키모동 자루소바 후기,https://blog.naver.com/hehi1_/224301694921
2733,domestic_travel,강릉,양식,candidate,1,"강릉 양식 맛집 추천, 초당 맛집 동녘댁에서 즐긴 음식 추",https://blog.naver.com/nyeo-ni/224301730739
2734,food,대구,양식,candidate,1,[더현대 대구 맛집 ] 더현대 대구 양식 맛집 와인웍스 대구점...,https://blog.naver.com/jsv1234a/224301888891
2735,food,강남,양재 햄버거 맛집 원스타 올드패션드 도곡점,restaurant,1,[강남] 양재 햄버거 맛집 '원스타 올드패션드 도곡점' 육즙 가득...,https://blog.naver.com/somei0428/224301879613
2736,food,부산,양정,candidate,1,부산 양정 '텐 달러 스테이크 앤 파스타' 가성비 좋은 양식 맛집 ...,https://blog.naver.com/jaegwan_ahn/224300199438
2737,domestic_travel,부산,양정,candidate,1,부산 양정 '텐 달러 스테이크 앤 파스타' 가성비 좋은 양식 맛집 ...,https://blog.naver.com/jaegwan_ahn/224300199438
2738,food,부산,양정 텐 달러 스테이크 앤 파스타 가성비 좋,restaurant,1,부산 양정 '텐 달러 스테이크 앤 파스타' 가성비 좋은 양식 맛집 ...,https://blog.naver.com/jaegwan_ahn/224300199438
2739,domestic_travel,부산,양정 텐 달러 스테이크 앤 파스타 가성비 좋,restaurant,1,부산 양정 '텐 달러 스테이크 앤 파스타' 가성비 좋은 양식 맛집 ...,https://blog.naver.com/jaegwan_ahn/224300199438
2740,food,부산,양정심야식당,restaurant,1,"맛집 ] 나만 알고 싶은 심야 식당 ""가이단"" (KAIDAN) 내돈내산 ...",https://blog.naver.com/jjeo-log/224301882457
2741,domestic_travel,부산,양정심야식당,restaurant,1,"맛집 ] 나만 알고 싶은 심야 식당 ""가이단"" (KAIDAN) 내돈내산 ...",https://blog.naver.com/jjeo-log/224301882457
2742,food,부산,양정역,candidate,1,[부산]양정역 맛집 수심5미터,https://blog.naver.com/cuit1004l/224301951967
2743,food,부산,양정역 근처에 있어요 대로변에 있어 찾기 쉬,candidate,1,[부산]양정역 맛집 수심5미터,https://blog.naver.com/cuit1004l/224301951967
2744,food,부산,양정역 맛집 수심5미터 부산진구 맛집,restaurant,1,[부산]양정역 맛집 수심5미터,https://blog.naver.com/cuit1004l/224301951967
2745,food,부산,양정역 맛집 수심5미터 부산진구 맛집 수심5,restaurant,1,[부산]양정역 맛집 수심5미터,https://blog.naver.com/cuit1004l/224301951967
2746,food,부산,양정의 가성비 양식,candidate,1,양정 가성비 양식 맛집 텐달러 스테이크 앤 파스타,https://blog.naver.com/lhn7001/224301926653
2747,domestic_travel,가평,양주나리공원,travel_spot,1,서울 근교 라벤더 명소·축제 추천,https://blog.naver.com/trendtravel/224296638515
2748,food,성수,양쯔깐루,candidate,1,성수 양쯔깐루 맛집 여름에 어울렸던 레이지요거트,https://blog.naver.com/dkffod123/224300476042
2749,food,성수,양쯔깐루 맛집 면에서 이번 여름을 강타한 이,restaurant,1,성수 양쯔깐루 맛집 여름에 어울렸던 레이지요거트,https://blog.naver.com/dkffod123/224300476042
2750,food,성수,양쯔깐루 맛집 여름에 어울렸던 레이지요거트,restaurant,1,성수 양쯔깐루 맛집 여름에 어울렸던 레이지요거트,https://blog.naver.com/dkffod123/224300476042
2751,domestic_travel,가평,양평 춘천 파주 영종도 인기 이유 이동 피로,candidate,1,좋은 6월 국내 가족 여행 추천｜가성비 1박2일 여행 코스 모음,https://blog.naver.com/pigdream_26/224297592261
2752,domestic_travel,가평,양평 춘천 파주 인천 영종도 인기 이유 이동,candidate,1,가족 여행 추천 BEST 10｜아이와 가기 좋은 국내 여행 총정리,https://blog.naver.com/aoutworld/224297576671
2753,food,대구,어니스트밀로,candidate,1,"[혼자놀기의 진수]건강빵 맛집 어니스트밀로, 대구나들이",https://blog.naver.com/doll8324/224301951298
2754,domestic_travel,대구,어니스트밀로,candidate,1,"[혼자놀기의 진수]건강빵 맛집 어니스트밀로, 대구나들이",https://blog.naver.com/doll8324/224301951298
2755,food,부산,어방축제,attraction,1,"2026 광안리 어방축제 : 일정,프로그램,어방포차 메뉴 및 주차...",https://blog.naver.com/moondrift/224301904724
2756,domestic_travel,부산,어방축제,attraction,1,"2026 광안리 어방축제 : 일정,프로그램,어방포차 메뉴 및 주차...",https://blog.naver.com/moondrift/224301904724
2757,food,강남,어복쟁반,candidate,1,강남 어복쟁반 서관면옥 삼성점 삼성 비빔냉면 맛집 추천,https://blog.naver.com/seohyun051111/224301805123
2758,food,강남,어복쟁반 맛집 서관면옥 삼성점에 다녀왔습니다,restaurant,1,강남 어복쟁반 서관면옥 삼성점 삼성 비빔냉면 맛집 추천,https://blog.naver.com/seohyun051111/224301805123
2759,food,대전,어은동,candidate,1,대전 어은동 맛집 술집|청춘 막걸리,https://blog.naver.com/988702/224301946829
2760,food,대전,어은동 맛집 술집 청춘 막걸리 휴무일 매주,restaurant,1,대전 어은동 맛집 술집|청춘 막걸리,https://blog.naver.com/988702/224301946829
2761,food,부산,어졌는데 왜 살아남은지 이해가 되는 사상단체식당,restaurant,1,부산 사상 고기집 오늘도 갈비곳간 도네누,https://blog.naver.com/tkddnr3295/224301903069
2762,food,대구,언니랑,candidate,1,대구 언니랑 대전 당일치기 여행,https://blog.naver.com/ahel1004/224301953971
2763,food,대전,언니랑,candidate,1,대구 언니랑 대전 당일치기 여행,https://blog.naver.com/ahel1004/224301953971
2764,domestic_travel,대구,언니랑,candidate,1,대구 언니랑 대전 당일치기 여행,https://blog.naver.com/ahel1004/224301953971
2765,domestic_travel,대전,언니랑,candidate,1,대구 언니랑 대전 당일치기 여행,https://blog.naver.com/ahel1004/224301953971
2766,food,대구,언니랑 대전 당일치기 여행 쌈 계속 싸먹어버,candidate,1,대구 언니랑 대전 당일치기 여행,https://blog.naver.com/ahel1004/224301953971
2767,domestic_travel,대구,언니랑 대전 당일치기 여행 쌈 계속 싸먹어버,candidate,1,대구 언니랑 대전 당일치기 여행,https://blog.naver.com/ahel1004/224301953971
2768,food,부산,없는,candidate,1,지도에도 없는 부산 숨은 가성비 노포 김밥 맛집 내돈내산 후기,https://blog.naver.com/yoo_luna/224301859701
2769,domestic_travel,부산,없는,candidate,1,지도에도 없는 부산 숨은 가성비 노포 김밥 맛집 내돈내산 후기,https://blog.naver.com/yoo_luna/224301859701
2770,domestic_travel,강릉,없어져 내려다본 바다 호러물같네요 그리고 호텔,restaurant,1,강릉 호텔 스카이베이호텔 숙소 부대시설 숙소 추천 내돈내산 후기,https://blog.naver.com/kkk6891/224301882488
2771,food,제주,에 가볍게 걸어서 맑은 제주 바람을 맞으며 해변,restaurant,1,제주짬뽕맛집 바당반점 해물간짬뽕과 미니톳 탕수육까지...,https://blog.naver.com/chichi-3-/224301845797
2772,domestic_travel,제주,에 가볍게 걸어서 맑은 제주 바람을 맞으며 해변,restaurant,1,제주짬뽕맛집 바당반점 해물간짬뽕과 미니톳 탕수육까지...,https://blog.naver.com/chichi-3-/224301845797
2773,domestic_travel,강릉,에 딱 있길래 근데 진짜 맛있긴 하더라구요 시장,travel_spot,1,사랑이 넘치는 5월에,https://blog.naver.com/cay4474/224301891256
2774,food,부산,에 사람이 단 한 명도 없는걸 보는 순간 호텔,travel_spot,1,부산 2박 3일 여행,https://blog.naver.com/jjunghwa930/224301634920
2775,food,종로,에 위치 추가가 5개밖에 안 되네요 젤라또 맛집,restaurant,1,"성북동 데이트 코스 추천 ( 맛집 , 젤라또, 소품샵, 독립서점...",https://blog.naver.com/avechlin/224301674127
2776,food,성수,에 재방문 의사 여부도 있어요 1 성수 뚝도시장,travel_spot,1,성수 뚝도시장 서울맛집 내돈내산 후기,https://blog.naver.com/reviewkong/224300749417
2777,domestic_travel,성수,에 재방문 의사 여부도 있어요 1 성수 뚝도시장,travel_spot,1,성수 뚝도시장 서울맛집 내돈내산 후기,https://blog.naver.com/reviewkong/224300749417
2778,domestic_travel,가평,에그하우스,candidate,1,가평 에그하우스 게스트하우스 숙소 후기 청결하고 아담하여...,https://blog.naver.com/jkm501/224301397590
2779,domestic_travel,제주,에디션,candidate,1,"꽃보다 청춘 리미티드 에디션, 제주도 당일치기 도전? 예측불가...",https://blog.naver.com/daizy425/224301949452
2780,domestic_travel,제주,에디션 런칭 전시,attraction,1,print bakery x 왈종미술관 에디션 런칭 전시 <제주 생활의...,https://blog.naver.com/hootooteee/224301878991
2781,food,종로,에서,candidate,1,서울 종로 맛집 에서 직접 먹어본 솔직한 감상,https://blog.naver.com/ghqmdrx/224299340109
2782,food,제주,에서 15년 넘게 사랑받아온 고기국수 맛집,restaurant,1,성북구청 맛집 제주삼대국수 성북구청점 다녀왔습니다!,https://blog.naver.com/hanyang_lover/224301956009
2783,food,제주,에서 갈비살+아구살에 제주 증류주 짠 함덕 해변,travel_spot,1,[2026 국내여행 / 제주도] 유럽 스냅 촬영 후 급 제주도로...,https://blog.naver.com/1ssuny_day_in_june/224301872324
2784,domestic_travel,제주,에서 갈비살+아구살에 제주 증류주 짠 함덕 해변,travel_spot,1,[2026 국내여행 / 제주도] 유럽 스냅 촬영 후 급 제주도로...,https://blog.naver.com/1ssuny_day_in_june/224301872324
2785,food,대전,에서 신혼생활 중인 꿍이 만나러 다녀왔서,candidate,1,예쁜 무지개 속 천사가 있는 그런 꿈,https://blog.naver.com/sun3067389/224301871652
2786,domestic_travel,대전,에서 신혼생활 중인 꿍이 만나러 다녀왔서,candidate,1,예쁜 무지개 속 천사가 있는 그런 꿈,https://blog.naver.com/sun3067389/224301871652
2787,food,제주,에서 제일 맛있는 커피,cafe,1,"제주도에서 만난 인생 커피,제주에서 “제일 맛있는”커피...",https://blog.naver.com/naldada_/224301615695
2788,domestic_travel,제주,에서 제일 맛있는 커피,cafe,1,"제주도에서 만난 인생 커피,제주에서 “제일 맛있는”커피...",https://blog.naver.com/naldada_/224301615695
2789,food,종로,에서 직접 먹어본 솔직한 감상 서울 종,candidate,1,서울 종로 맛집 에서 직접 먹어본 솔직한 감상,https://blog.naver.com/ghqmdrx/224299340109
2790,food,성수,에스파,candidate,1,성수 에스파 팝업 성수역 맛집 아임도넛 내돈내산 ...,https://blog.naver.com/pingpang0/224301860182
2791,food,성수,에스파 팝업 성수역 맛집 아임도넛,popup,1,성수 에스파 팝업 성수역 맛집 아임도넛 내돈내산 ...,https://blog.naver.com/pingpang0/224301860182
2792,food,성수,에스파도,candidate,1,맛있는 녀석들 - [ 서울 성수] 에스파도 반한 지하 통로 비밀 맛집 ...,https://blog.naver.com/ura0084/224300781586
2793,domestic_travel,성수,에스파도,candidate,1,맛있는 녀석들 - [ 서울 성수] 에스파도 반한 지하 통로 비밀 맛집 ...,https://blog.naver.com/ura0084/224300781586
2794,domestic_travel,인천,에어스카이 호텔,travel_spot,1,영종도 숙소:> 에어스카이 호텔 :기분전환하러 가볍게 다녀오기...,https://blog.naver.com/bbozzaki__/224301611040
2795,domestic_travel,제주,에코랜드,candidate,1,"[에코랜드]제주동쪽 가볼만한곳 샤스타데이지, 라벤더...",https://blog.naver.com/heedung_jidung/224301907647
2796,food,부산,엑셀호텔,travel_spot,1,"부산 출발 3박 4일 삿포로 에어텔 후기, 65만원대 가성비...",https://blog.naver.com/ovonews/224301890548
2797,domestic_travel,부산,엑셀호텔,travel_spot,1,"부산 출발 3박 4일 삿포로 에어텔 후기, 65만원대 가성비...",https://blog.naver.com/ovonews/224301890548
2798,food,대구,엑스코,candidate,1,대구 가볼만한곳 대구꽃박람회 엑스코 대구 데이트 코스 놀거리...,https://blog.naver.com/homibike/224301373762
2799,domestic_travel,대구,엑스코,candidate,1,대구 가볼만한곳 대구꽃박람회 엑스코 대구 데이트 코스 놀거리...,https://blog.naver.com/homibike/224301373762
2800,domestic_travel,대전,엔 대전 국립중앙과학관 구경 후 대청호 장미축제,attraction,1,대청호 장미축제는 지금 장미꽃들이 만개 중♡,https://blog.naver.com/angel79satan/224301819560
2801,domestic_travel,제주,여객선,candidate,1,완도에서 제주 여객선 배시간표 요금 주차정보 알아보기,https://bluebeat.tistory.com/189
2802,domestic_travel,가평,여름,candidate,1,가평 여름 가볼만한곳 추천｜30대가 주말에 제대로 놀기...,https://blog.naver.com/dogking-/224296278126
2803,food,대전,여름,candidate,1,대전 여름 데이트 코스 “스카프”,https://blog.naver.com/lifetime47/224301937912
2804,domestic_travel,대전,여름,candidate,1,대전 여름 데이트 코스 “스카프”,https://blog.naver.com/lifetime47/224301937912
2805,domestic_travel,경주,여름,candidate,1,"경주 여름 여행 일기 _ 고요하고 아름다운 곳, 혼행러에게 추천 ...",https://blog.naver.com/iancolorlab/224301239006
2806,domestic_travel,가평,여름 가볼만한곳,candidate,1,가평 여름 가볼만한곳 추천｜30대가 주말에 제대로 놀기...,https://blog.naver.com/dogking-/224296278126
2807,domestic_travel,경주,여름 여행 일기 _ 고요하고 아름다운 곳 혼,candidate,1,"경주 여름 여행 일기 _ 고요하고 아름다운 곳, 혼행러에게 추천 ...",https://blog.naver.com/iancolorlab/224301239006
2808,domestic_travel,광주,여름꽃축제,attraction,1,[경기도 광주 가볼만한곳] 화담숲 여름 수국 축제 예매 및...,https://blog.naver.com/dee7781/224301546752
2809,domestic_travel,가평,여름꽃축제,attraction,1,서울 근교 라벤더 명소·축제 추천,https://blog.naver.com/trendtravel/224296638515
2810,food,제주,여름의,candidate,1,"[제주 카페] 여름의 맛을 담다, '웨스턴 그라운드'에서 즐기는...",https://blog.naver.com/nasang0223/224301922592
2811,domestic_travel,제주,여름의,candidate,1,"[제주 카페] 여름의 맛을 담다, '웨스턴 그라운드'에서 즐기는...",https://blog.naver.com/nasang0223/224301922592
2812,food,제주,여름의 맛을 담다 웨스턴 그라운드 에서,candidate,1,"[제주 카페] 여름의 맛을 담다, '웨스턴 그라운드'에서 즐기는...",https://blog.naver.com/nasang0223/224301922592
2813,domestic_travel,제주,여름의 맛을 담다 웨스턴 그라운드 에서,candidate,1,"[제주 카페] 여름의 맛을 담다, '웨스턴 그라운드'에서 즐기는...",https://blog.naver.com/nasang0223/224301922592
2814,domestic_travel,강릉,여수 전주 대전 등 기차로 이동하기 좋은 여,candidate,1,코레일 열차 정상 운행 소식｜주말 기차 이용 전 꼭 확인하세요,https://blog.naver.com/boksok72/224301499969
2815,domestic_travel,제주,여의도무료전시,attraction,1,print bakery x 왈종미술관 에디션 런칭 전시 <제주 생활의...,https://blog.naver.com/hootooteee/224301878991
2816,domestic_travel,제주,여의도전시,attraction,1,print bakery x 왈종미술관 에디션 런칭 전시 <제주 생활의...,https://blog.naver.com/hootooteee/224301878991
2817,domestic_travel,경주,여주베이커리,cafe,1,경기 여주 베이커리 추천 치아바타가 맛있는 드롭베이커리...,https://blog.naver.com/kekemen84/224301774123
2818,food,대구,여행 1일차 서문시장,travel_spot,1,"[글쓰기] 260503 : 대구 여행 1일차 / 서문시장, 동성로...",https://blog.naver.com/kkokkorun/224301643583
2819,domestic_travel,대구,여행 1일차 서문시장,travel_spot,1,"[글쓰기] 260503 : 대구 여행 1일차 / 서문시장, 동성로...",https://blog.naver.com/kkokkorun/224301643583
2820,food,대구,여행 1일차 서문시장 동성로 다음에도 꼭 들,travel_spot,1,"[글쓰기] 260503 : 대구 여행 1일차 / 서문시장, 동성로...",https://blog.naver.com/kkokkorun/224301643583
2821,domestic_travel,대구,여행 1일차 서문시장 동성로 다음에도 꼭 들,travel_spot,1,"[글쓰기] 260503 : 대구 여행 1일차 / 서문시장, 동성로...",https://blog.naver.com/kkokkorun/224301643583
2822,domestic_travel,가평,여행 26년 차 우정의 인증 노래방 풀빌라,candidate,1,"가평 여행|26년 차 우정의 인증, 노래방 풀빌라 찢고 온 썰...",https://blog.naver.com/with_the_flow_/224298951276
2823,food,부산,여행 4시간 거리 영도 당일치기 여행 찐 후,candidate,1,부산 여행) 4시간 거리 영도 당일치기 여행 찐 후기,https://blog.naver.com/dbfgml321/224301957079
2824,domestic_travel,부산,여행 4시간 거리 영도 당일치기 여행 찐 후,candidate,1,부산 여행) 4시간 거리 영도 당일치기 여행 찐 후기,https://blog.naver.com/dbfgml321/224301957079
2825,domestic_travel,강릉,여행 가볼만한곳 숨은 명소 산불로 전소됐다,candidate,1,강릉 여행 가볼만한곳 숨은 명소 산불로 전소됐다 세계건축상을...,https://blog.naver.com/xiah15holic/224301612854
2826,domestic_travel,부산,여행 가볼만한곳 으로 알려진 고래사어묵 해운,candidate,1,부산 고래사어묵 해운대 여행 선물 야식 추천,https://blog.naver.com/lsh3172/224301881775
2827,domestic_travel,경주,여행 가신다면 료코 꼭 한 번 방문해보세요,candidate,1,[경주/황리단길 맛집] 료코 안심카츠·료무라이스 솔직 후기...,https://blog.naver.com/iammjih/224301850037
2828,domestic_travel,부산,여행 간다면 여기 진짜 저장 필수 부산 X,candidate,1,부산 여행 간다면 여기 진짜 저장 필수,https://blog.naver.com/gua10256/224300714716
2829,domestic_travel,부산,여행 갔다왔어요 저,candidate,1,어이없지만 재밌는 5월로그,https://blog.naver.com/byul5185/224301694247
2830,domestic_travel,강릉,여행 강릉오션뷰,candidate,1,"강릉 당일치기 여행 코스｜오봉이 해물칼국수, 안목해변...",https://blog.naver.com/mingry96/224295748670
2831,food,제주,여행 계획을 세우다 보면 식당,restaurant,1,제주 애월 해오반 후기 _ 애월 한식 맛집 추천,https://blog.naver.com/jblossom-cheonan/224301794576
2832,domestic_travel,제주,여행 계획을 세우다 보면 식당,restaurant,1,제주 애월 해오반 후기 _ 애월 한식 맛집 추천,https://blog.naver.com/jblossom-cheonan/224301794576
2833,domestic_travel,가평,여행 고민 중이시라면 계곡도 즐기고 시골 감,candidate,1,가평 민박 찾는다면 계곡 바로 앞 촌캉스 숙소 호두나무민박 후기,https://blog.naver.com/dys99189/224300489919
2834,domestic_travel,가평,여행 관광 여행 지 관광지 지도 pdf 스마,candidate,1,가평 여행 관광 여행 지 관광지 지도 pdf 스마트폰 다운로드,https://blog.naver.com/healyou_/224301249570
2835,food,대전,여행 기 시작,candidate,1,다음엔 어디 갈까? 성심당 하나로 좋았던 쑤기와 대전 여행 기 시작,https://blog.naver.com/3kid_s/224300728458
2836,domestic_travel,대전,여행 기 시작,candidate,1,다음엔 어디 갈까? 성심당 하나로 좋았던 쑤기와 대전 여행 기 시작,https://blog.naver.com/3kid_s/224300728458
2837,domestic_travel,가평,여행 기록 1DAY 1박2일이지만 역시나 바,restaurant,1,가평1박2일 여행 코스 맛집 펜션,https://blog.naver.com/ghwl3434/224301781944
2838,domestic_travel,제주,여행 까먹기전에 얼른 기록해두고 필요하신분들,candidate,1,제주 성산 숙소|휘닉스 아일랜드 1박 후기 + 수영장,https://blog.naver.com/seoinidang/224301941554
2839,domestic_travel,강릉,여행 당일치기 서울 강릉 KTX 이음,candidate,1,서울 강릉 KTX 시간표 요금 시간 정리,https://lefthusband.tistory.com/657
2840,domestic_travel,대전,여행 대전 가서 빵이랑 보쌈 먹고 온 당일치,candidate,1,[2026 당일치기 대전 여행 ] 대전 가서 빵이랑 보쌈 먹고 온...,https://blog.naver.com/flower788/224301486907
2841,domestic_travel,경주,여행 동선 잡기 좋았어요,candidate,1,경주 나들한옥 한옥스테이 7만원대 한옥 숙소 추천,https://blog.naver.com/dpqls8844/224301871173
2842,food,부산,여행 때도 허심청은 꼭 다시 가고 싶어요,candidate,1,부산 2박 3일 여행 2편 온천장역 돼지국밥부터 동래온천...,https://blog.naver.com/munggmungg/224301786456
2843,domestic_travel,부산,여행 때도 허심청은 꼭 다시 가고 싶어요,candidate,1,부산 2박 3일 여행 2편 온천장역 돼지국밥부터 동래온천...,https://blog.naver.com/munggmungg/224301786456
2844,food,부산,여행 마지막 날 점심 으로 먹은 신사꽃게당,candidate,1,부산 해운대 게장 맛집 신사꽃게당 해운대점 간장게장 양념게장...,https://blog.naver.com/abc0217_/224301923761
2845,food,제주,여행 맛집 검색해서 들어오신 분들 환영합니다,restaurant,1,환불받고 싶을 정도로 기분 잡친 인스타 핫플 솔직후기 내돈내산,https://blog.naver.com/iam_yeon__/224301835392
2846,domestic_travel,제주,여행 맛집 검색해서 들어오신 분들 환영합니다,restaurant,1,환불받고 싶을 정도로 기분 잡친 인스타 핫플 솔직후기 내돈내산,https://blog.naver.com/iam_yeon__/224301835392
2847,domestic_travel,가평,여행 방문해보세요,candidate,1,서울 근교 은하눌 풀빌라 펜션에서 힐링 가평 여행,https://blog.naver.com/wlj86/224301463491
2848,domestic_travel,강릉,여행 부모님이랑 즉흥으로 떠나는 강릉 여행,candidate,1,[강릉 여행 ] 부모님이랑 즉흥으로 떠나는 강릉 여행 오션뷰 숙소...,https://blog.naver.com/fndmlek/224301938638
2849,domestic_travel,부산,여행 부산 여행 일상에서 벗어나 활력을 충전,candidate,1,은하수 유람선과 함께하는 5월 부산 여행 :: 부산 여행 ...,https://blog.naver.com/haema0135/224298059456
2850,domestic_travel,가평,여행 분위기로도 유명하다고 해요 자라섬 꽃축제,attraction,1,가평 자라섬 꽃축제 2026 총정리｜남도꽃정원 봄꽃페스타...,https://blog.naver.com/123whywhy/224299354360
2851,domestic_travel,강릉,여행 아이와 가기 좋은 곳 볼거리와 체험 가,candidate,1,"[강릉 여행 ] 아이와 가기 좋은 곳, 볼거리와 체험 가득한 '오죽헌...",https://blog.naver.com/ddarki_083/224298835759
2852,domestic_travel,강릉,여행 엄마와 함께 떠난 강원도 강릉 2박3일,candidate,1,[강릉 여행 ]엄마와 함께 떠난 강원도 강릉 2박3일/1일차,https://blog.naver.com/pricuae123/224301699781
2853,food,부산,여행 에서 꼭 가보자했던 맛집은,restaurant,1,(25년 1월) 광안리 초필살 돼지구이 주말 웨이팅 후기- 22시...,https://blog.naver.com/b_612ro/224301865124
2854,food,제주,여행 에서 만난 인연들과 함께 춘미향식당,restaurant,1,제주또?또제주?(2),https://blog.naver.com/everbloom_/224301680263
2855,food,제주,여행 에서 만난 인연들과 함께 춘미향식당으로,restaurant,1,제주또?또제주?(2),https://blog.naver.com/everbloom_/224301680263
2856,domestic_travel,경주,여행 에서 숙소 위치는 이동 피로를 크게 줄,travel_spot,1,경주 나들한옥 한옥스테이 7만원대 한옥 숙소 추천,https://blog.naver.com/dpqls8844/224301871173
2857,domestic_travel,가평,여행 에서 은근히 중요한 게 비용과 이동이에,candidate,1,자라섬 꽃축제 2026 지금 가도 좋을까? 입장료·개화시기·동선...,https://blog.naver.com/kim582777/224298626268
2858,food,대전,여행 에서도 꼭 가봐야겠다고 생각한 맛집은,restaurant,1,대전 여행 임영웅 순댓국 맛집 오문창 순댓국 후기 주차 메뉴,https://blog.naver.com/tooooodays/224301618689
2859,domestic_travel,대전,여행 에서도 꼭 가봐야겠다고 생각한 맛집은,restaurant,1,대전 여행 임영웅 순댓국 맛집 오문창 순댓국 후기 주차 메뉴,https://blog.naver.com/tooooodays/224301618689
2860,domestic_travel,부산,여행 오면 바다는 많이 보는데 하늘에서 내려,restaurant,1,부산 여행 간다면 여기 진짜 저장 필수,https://blog.naver.com/gua10256/224300714716
2861,domestic_travel,경주,여행 온 기분을 만끽할 수 있었어요 해암회식당,restaurant,1,경주 바다보며 즐기는 해암회식당,https://blog.naver.com/sys007279/224301364177
2862,food,광주,여행 왔다 나는 솔로 29기 영자 & 옥순,candidate,1,나는 솔로 29기 영숙 영자 순자 광주 여행 맛집 코스 다갔다!...,https://blog.naver.com/tkfkdwlqhouse/224301927684
2863,domestic_travel,경주,여행 우정 여행,candidate,1,서울역 신경주역 KTX 열차 시간표 예약 및 주차정보 보기,https://lefthusband.tistory.com/682
2864,domestic_travel,성수,여행 으로 하루 종일 알차게 보낼 수 있는 리조트,travel_spot,1,인천 송도 인스파이어 리조트 프로모션 빅 특가 스플래시 베이...,https://blog.naver.com/rud_gml/224301267430
2865,domestic_travel,인천,여행 으로 하루 종일 알차게 보낼 수 있는 리조트,travel_spot,1,인천 송도 인스파이어 리조트 프로모션 빅 특가 스플래시 베이...,https://blog.naver.com/rud_gml/224301267430
2866,food,대전,여행 을 계획하실 때 빵지순례 하시잖아요 하,candidate,1,대전 빵지순례 - 풍자 또간집 하레하레 유성점 방문후기,https://blog.naver.com/tmsntmsn/224301936447
2867,domestic_travel,대전,여행 을 계획하실 때 빵지순례 하시잖아요 하,candidate,1,대전 빵지순례 - 풍자 또간집 하레하레 유성점 방문후기,https://blog.naver.com/tmsntmsn/224301936447
2868,domestic_travel,경주,여행 을 계획했다 계획하고 제일 먼저 찾아본,candidate,1,경주 겨울 2박3일 여행 1일차,https://blog.naver.com/choheeya_/224301938934
2869,domestic_travel,부산,여행 을 다녀왔어 기간이 부처님 오신 날이여,candidate,1,부산 삼광사 연등축제 야경 부처님오신날 가볼만한곳,https://blog.naver.com/jjung_gojibi/224301950104
2870,domestic_travel,경주,여행 을 다녀왔어요 아기와 함께하는 여행 은,candidate,1,[경주]아기랑 경주 여행 숙소... 데메테르 풀빌라 가족 여행,https://blog.naver.com/sojin7031/224301017145
2871,food,제주,여행 을 더욱 풍성하고 만족스럽게 만들어 줄,candidate,1,"떠나고 싶은 당신에게, 하이라이트 제주가 선사하는 특별한 경험",https://blog.naver.com/xxermda27577_fe/224301450552
2872,domestic_travel,경주,여행 을 위해 네이버 지도앱에 저장해둔 장소,candidate,1,소품샵 '하우해브유빈'|분위기부터 남다른곳. 여행코스 추천,https://blog.naver.com/nahadada/224301912459
2873,domestic_travel,가평,여행 을 찾는다면 일정과 동선만 잘 잡아도,candidate,1,자라섬 꽃축제 2026 방문 전 꼭 볼 입장료·주차·꽃 절정 타이밍,https://blog.naver.com/yhking119/224299046910
2874,food,부산,여행 이 너무 좋았어서 언니랑 우리 5월에,candidate,1,부산 1박2일 뚜벅이 여행 후기｜광안리·이재모피자 웨이팅...,https://blog.naver.com/theumistudio/224299183217
2875,domestic_travel,부산,여행 이 너무 좋았어서 언니랑 우리 5월에,candidate,1,부산 1박2일 뚜벅이 여행 후기｜광안리·이재모피자 웨이팅...,https://blog.naver.com/theumistudio/224299183217
2876,food,대전,여행 이번에는 뚜벅이 여행 으로 대전에 다녀,candidate,1,주말 방문 웨이팅 보냉백 빵 롤케이크 요거롤 망고롤 대전 여행,https://blog.naver.com/wins0802/224300520563
2877,domestic_travel,대전,여행 이번에는 뚜벅이 여행 으로 대전에 다녀,candidate,1,주말 방문 웨이팅 보냉백 빵 롤케이크 요거롤 망고롤 대전 여행,https://blog.naver.com/wins0802/224300520563
2878,domestic_travel,제주,여행 이였어요,candidate,1,"8월 제주도 여행 9.81파크, 쇠소깍, 새별프렌즈 후기 제주도...",https://blog.naver.com/youngdaily_/224299097116
2879,food,대전,여행 임영웅 순댓국 맛집 오문창 순댓국,restaurant,1,대전 여행 임영웅 순댓국 맛집 오문창 순댓국 후기 주차 메뉴,https://blog.naver.com/tooooodays/224301618689
2880,domestic_travel,대전,여행 임영웅 순댓국 맛집 오문창 순댓국,restaurant,1,대전 여행 임영웅 순댓국 맛집 오문창 순댓국 후기 주차 메뉴,https://blog.naver.com/tooooodays/224301618689
2881,food,대전,여행 중 근처 지나게 된다면 잠깐 들러 보시,candidate,1,대전 가볼만한 곳|한밭수목원 주차부터 관람 후기까지,https://blog.naver.com/sooyontheroad/224301894101
2882,domestic_travel,대전,여행 중 근처 지나게 된다면 잠깐 들러 보시,candidate,1,대전 가볼만한 곳|한밭수목원 주차부터 관람 후기까지,https://blog.naver.com/sooyontheroad/224301894101
2883,food,제주,여행 중 꼭 들러야 할 명소 친구들과 사랑하,candidate,1,우도카페 우도 오션뷰 카페 제주 여행 중 꼭 들러야 할 명소,https://blog.naver.com/zazajin77/224301844199
2884,domestic_travel,제주,여행 중 꼭 들러야 할 명소 친구들과 사랑하,candidate,1,우도카페 우도 오션뷰 카페 제주 여행 중 꼭 들러야 할 명소,https://blog.naver.com/zazajin77/224301844199
2885,food,부산,여행 중 들르기 좋은 모모스커피,cafe,1,부산 여행 중 들르기 좋은 모모스커피 본점 후기,https://blog.naver.com/uk7517/224301941664
2886,domestic_travel,부산,여행 중 들르기 좋은 모모스커피,cafe,1,부산 여행 중 들르기 좋은 모모스커피 본점 후기,https://blog.naver.com/uk7517/224301941664
2887,food,부산,여행 중 들르기 좋은 모모스커피 본점,cafe,1,부산 여행 중 들르기 좋은 모모스커피 본점 후기,https://blog.naver.com/uk7517/224301941664
2888,domestic_travel,부산,여행 중 들르기 좋은 모모스커피 본점,cafe,1,부산 여행 중 들르기 좋은 모모스커피 본점 후기,https://blog.naver.com/uk7517/224301941664
2889,domestic_travel,강릉,여행 중 발견한 초당 모꼬지 맛있는 한끼 가,candidate,1,강릉 여행 중 발견한 [초당 모꼬지] 맛있는 한끼,https://blog.naver.com/ziizs/224300732606
2890,domestic_travel,경주,여행 중에 특별한 경험을 원하신다면 경주루지,candidate,1,"경주 가볼 만한 곳, 경주루지월드에서 짜릿한 경험을!",https://blog.naver.com/song970923/224301819494
2891,domestic_travel,가평,여행 지,candidate,1,가족여행/가평 동물원/경기도... 데이트 추천/ 서울근교 여행 지♡,https://blog.naver.com/yunmi8787/224297371931
2892,domestic_travel,경주,여행 첫 날 아침 일찍 경주 고속버스터미널에,candidate,1,부산 고속버스터미널 시간표 정보안내 하기,https://bluebeat.tistory.com/350
2893,domestic_travel,가평,여행 춘천 나들이 그래서 청평 여행 후 서울,candidate,1,청평역 기차시간표 조회 ITX-청춘 경춘선 전철시간 열차승차권...,https://blog.naver.com/jstd6867/224297234776
2894,domestic_travel,부산,여행 코스,candidate,1,부산 시티투어버스 노선 시간표 요금 정보 이용방법 설명,https://bluebeat.tistory.com/512
2895,food,제주,여행 코스,candidate,1,"[제주 조천 맛집] 선흘방주할머니식당, 제주세계자연유산센터와...",https://blog.naver.com/happy_n_rich/224301324842
2896,domestic_travel,가평,여행 클럽워터 숙박패키지에서 즐겨보세요 CL,candidate,1,가평빠지 숙박패키지|CLUB WATER,https://blog.naver.com/clubwate/224295943738
2897,domestic_travel,가평,여행 필수코스,candidate,1,가평 여행 필수코스 ㅣ 베고니아새정원 봄·여름 나들이 추천️,https://blog.naver.com/hope_beans/224296944852
2898,domestic_travel,강릉,여행 하면 자연스레 떠오르는게 바로 중앙시장,restaurant,1,"강릉 맛집|중앙시장 맛집 , 원조소문난무침회...",https://blog.naver.com/jomii_/224301907335
2899,domestic_travel,경주,여행 황리단길,candidate,1,경주 여행|황리단길|《경주맛집 》,https://blog.naver.com/alsod0982/224301149086
2900,domestic_travel,가평,여행 히노끼탕 수영장,candidate,1,가평아난티 무라타하우스 아이랑 가평 여행! (히노끼탕/수영장...,https://blog.naver.com/smk03011/224301869303
2901,food,광주,여행 go go 정원이 있는 한식당에서 생일,restaurant,1,나는 솔로 29기 영숙 영자 순자 광주 여행 맛집 코스 다갔다!...,https://blog.naver.com/tkfkdwlqhouse/224301927684
2902,domestic_travel,가평,여행_김유정문학촌,candidate,1,춘천/가평 여행_김유정문학촌 카페 맛집_카페봄촌(feat...,https://blog.naver.com/yomozomo09/224301853192
2903,domestic_travel,가평,여행_김유정문학촌 카페 맛집_카페봄촌 fea,cafe,1,춘천/가평 여행_김유정문학촌 카페 맛집_카페봄촌(feat...,https://blog.naver.com/yomozomo09/224301853192
2904,food,제주,여행객에게 실용적인 방문지입니다 메르시 소품,candidate,1,제주공항 근처 제주시 소품샵 메르시 방문 정보와 추천 상품 안내,https://blog.naver.com/complexd8/224301847546
2905,domestic_travel,제주,여행객에게 실용적인 방문지입니다 메르시 소품,candidate,1,제주공항 근처 제주시 소품샵 메르시 방문 정보와 추천 상품 안내,https://blog.naver.com/complexd8/224301847546
2906,domestic_travel,제주,여행에도 꼭 다시 와야겠어요,candidate,1,"테디베어하우스 테지움에서의 제주 가족여행, 특별한 추억...",https://blog.naver.com/nightmin79/224301957420
2907,domestic_travel,제주,여행에서 절대 놓치지 말아야 할 최고의 명소,candidate,1,"[제주 여행 추천] ""운이 좋아야 허락되는 곳!"" 화산과 파도가...",https://blog.naver.com/tnghk5196/224301875251
2908,domestic_travel,강릉,여행에서는 강릉 중앙시장도 둘러보고 바다도,restaurant,1,강릉 중앙시장 맛집 교동대게 강릉 로컬 맛집,https://blog.naver.com/lovejsh85/224301939788
2909,domestic_travel,강릉,여행에서도 다시 방문하고 싶은 곳으로 저장,candidate,1,강릉 중국집 현지인 맛집 궁짬뽕 강문동 맛집 에서 즐긴 얼큰한...,https://blog.naver.com/sj1978nur/224301784593
2910,food,제주,여행에서도 다시 방문하고 싶은 카페로 기억에,cafe,1,[제주도] 제주 시내 감성 카페 / 제주도 느좋 카페 / 공항 근처...,https://blog.naver.com/ddgo0/224301799086
2911,domestic_travel,제주,여행에서도 다시 방문하고 싶은 카페로 기억에,cafe,1,[제주도] 제주 시내 감성 카페 / 제주도 느좋 카페 / 공항 근처...,https://blog.naver.com/ddgo0/224301799086
2912,food,제주,여행을,candidate,1,"만족스러운 제주 여행을 위한 선택, 오션뷰가 펼쳐지는...",https://blog.naver.com/whfbdjwj88/224301953180
2913,food,대전,여행을,candidate,1,대전 성심당 구매후기 - 오픈런 없이 인기 빵 구매한 솔직...,https://blog.naver.com/footneki-v/224301618658
2914,domestic_travel,대전,여행을,candidate,1,대전 성심당 구매후기 - 오픈런 없이 인기 빵 구매한 솔직...,https://blog.naver.com/footneki-v/224301618658
2915,food,부산,여행을 가기위해 KTX를 타러 서울역에 도착,candidate,1,디저트 맛집 <한정선> 생딸기 두바이 찹쌀떡 초코가루가 코에...,https://blog.naver.com/kya9141/224301942205
2916,food,대전,여행을 계획 중이라면 성심당만 들렀다가 가지,candidate,1,대전현지인 맛집 찾는다면? 풍미당 얼큰민물새우칼국수,https://blog.naver.com/hminkyoung/224301840383
2917,domestic_travel,제주,여행을 계획 중이시라면 지금이 딱 좋은 타이,candidate,1,전국 수국 개화시기 제주부터 부산까지 꽃구경 가볼만한곳,https://blog.naver.com/palmtreecafe/224301747134
2918,food,부산,여행을 계획하면서 가장 기대했던 일정 중 하,candidate,1,제대로 즐긴 토종닭 한상 해운대 맛집 ...,https://blog.naver.com/suu_arrz/224301947833
2919,domestic_travel,가평,여행을 계획하면서 조용하게 쉬면서 스파까지,candidate,1,가평 라벨르 스파 펜션 이용후기｜북한강 근처 감성 숙소,https://blog.naver.com/purier28/224301466660
2920,domestic_travel,강릉,여행을 다녀오게 되어서 오 거기 가서 저녁밥,candidate,1,강릉 이모네생선찜 드디어 먹어봄!(주차/예약 방법/가격),https://blog.naver.com/maximum_min/224301448433
2921,food,제주,여행의 시작을 완벽하게 열어줄 든든한 한 끼,candidate,1,[제주 맛집 ] 왜 줄 서서 먹는지 알겠다! 제주 '우진해장국' 솔직...,https://blog.naver.com/nasang0223/224301909346
2922,domestic_travel,제주,여행의 시작을 완벽하게 열어줄 든든한 한 끼,candidate,1,[제주 맛집 ] 왜 줄 서서 먹는지 알겠다! 제주 '우진해장국' 솔직...,https://blog.naver.com/nasang0223/224301909346
2923,domestic_travel,강릉,여행이 인기 있는 이유 강릉은 서울에서도 접,candidate,1,죽기 전에 꼭 가봐야 할 여행 명소 BEST7,https://blog.naver.com/pjwcokr/224301322425
2924,domestic_travel,가평,여행이나 단체 야유회,candidate,1,한국여성둘라전문가협회 봄 야유회 가평 당일치기 여행 코스 추천,https://blog.naver.com/jjin---/224297906066
2925,domestic_travel,강릉,여행자의 동선으로도 만족스러웠던 강릉 중앙시장,travel_spot,1,강릉 맛집 온정당 강릉 중앙시장 맛집 짬뽕칼국수 옹심이 맛집 !!,https://blog.naver.com/toutwri6117/224301949060
2926,food,대구,여행코스 대구,candidate,1,대구 당일치기 여행코스 앞산공원 카페거리 대구 시내 동성로까지,https://blog.naver.com/luv__i/224301732783
2927,domestic_travel,대구,여행코스 대구,candidate,1,대구 당일치기 여행코스 앞산공원 카페거리 대구 시내 동성로까지,https://blog.naver.com/luv__i/224301732783
2928,food,부산,여행하며 해운대에 들러서 바다와 해운대 핫플,restaurant,1,부산 여행 해운대 신상 맛집 추천 하데나 일본 전통 가정식,https://blog.naver.com/ms_lilac/224301678382
2929,domestic_travel,부산,여행하며 해운대에 들러서 바다와 해운대 핫플,restaurant,1,부산 여행 해운대 신상 맛집 추천 하데나 일본 전통 가정식,https://blog.naver.com/ms_lilac/224301678382
2930,domestic_travel,가평,여행하면서 묵었던 달빛동,candidate,1,달빛정원 (장성군 삼계면),https://dumbndumber.co.kr/100775927
2931,domestic_travel,가평,여행하면서 묵었던 달빛정원 글램핑앤카라반 숙,candidate,1,경기 가평 서울근교여행 달빛정원글램핑앤카라반,https://blog.naver.com/charmingtry/224296974581
2932,food,강남,역 3만원대 속눈썹펌 무쌍 속눈썹펌 내돈,candidate,1,[서울/강남] 강남역 3만원대 속눈썹펌|무쌍 속눈썹펌 내돈내산 ...,https://blog.naver.com/g825d/224301833209
2933,food,수원,역 근처 야장 맛집 을 찾는다면 팔딱오리,restaurant,1,[ 수원 ] 수원역 근처 야장 맛집 을 찾는다면? 팔딱오리,https://blog.naver.com/sti12young/224301908091
2934,food,성수,역 일식당 후토마끼 초이다이닝,restaurant,1,성수역 일식당 후토마끼 초이다이닝 성수점 가격대비 만족도가...,https://blog.naver.com/tr6775/224299573972
2935,domestic_travel,성수,역 일식당 후토마끼 초이다이닝,restaurant,1,성수역 일식당 후토마끼 초이다이닝 성수점 가격대비 만족도가...,https://blog.naver.com/tr6775/224299573972
2936,domestic_travel,가평,역 하차 약 볼거리 경기대표관광축제,attraction,1,“사진 맛집 인정” 2026 자라섬꽃축제 일정·개화 상황 총정리,https://blog.naver.com/3050035/224300782260
2937,domestic_travel,부산,역 호텔,travel_spot,1,부산역 호텔 추천! 토요코인 부산역1호점 장단점 총정리,https://blog.naver.com/goodfinds/224301796903
2938,domestic_travel,부산,역근처호텔,travel_spot,1,부산역 호텔 추천! 토요코인 부산역1호점 장단점 총정리,https://blog.naver.com/goodfinds/224301796903
2939,domestic_travel,부산,역사관 부산시민공원 공방 체험 부산정중앙공원,travel_spot,1,부산 부산진구 송상현광장부터 선암사 당일치기 여행...,https://blog.naver.com/wlstn291/224301103226
2940,food,강남,역삼동,candidate,1,[강남/역삼동] 강남에서 맛있는 즉석떡볶이를 맛볼 수 있는...,https://blog.naver.com/mmiinn95/224301163467
2941,food,강남,역삼동 강남에서 맛있는 즉석떡볶이를 맛볼 수,candidate,1,[강남/역삼동] 강남에서 맛있는 즉석떡볶이를 맛볼 수 있는...,https://blog.naver.com/mmiinn95/224301163467
2942,food,강남,역삼문화공원,travel_spot,1,강남역 딤섬 맛집 추천! 미쉐린 가이드 홍콩 딤섬 팀호완...,https://blog.naver.com/parkplm098/224300466632
2943,food,강남,역삼직영점,candidate,1,강남 신동궁감자탕 뼈숯불구이 역삼직영점 강남주민 찐 맛집 ...,https://blog.naver.com/lee_doll/224300448530
2944,food,강남,역식당,restaurant,1,역삼동 맛집 강남샤브샤브 강남역칼국수 강남역칼국수 맛집,https://blog.naver.com/shanghaibabe/224301690396
2945,food,대구,역전할머니맥주,candidate,1,고성동2차로 좋은 고성동술집 역전할머니맥주 대구고성점,https://blog.naver.com/hina414/224301585303
2946,domestic_travel,대구,역전할머니맥주,candidate,1,고성동2차로 좋은 고성동술집 역전할머니맥주 대구고성점,https://blog.naver.com/hina414/224301585303
2947,food,강남,역파인다이닝,restaurant,1,강남역 녘(Nyeock) 솔직 후기 — 내 청첩장을 전하던 날,https://blog.naver.com/buyhan1/224301702813
2948,food,종로,연남토마 북촌점 완전 만족한 식당,restaurant,1,[연남토마 북촌점] 완전 만족한 식당,https://blog.naver.com/dada3229-/224301060724
2949,food,제주,연동,candidate,1,"제주 연동 맛집 제주갈비찜 본점, 단체 모임 회식 추천 , 주차 및...",https://blog.naver.com/star_08_15/224301919758
2950,food,제주,연동 맛집 제주갈비찜 본점 단체 모임 회식,restaurant,1,"제주 연동 맛집 제주갈비찜 본점, 단체 모임 회식 추천 , 주차 및...",https://blog.naver.com/star_08_15/224301919758
2951,food,제주,연동 맛집 찾는 분,restaurant,1,"제주 연동 맛집 제주갈비찜 본점, 단체 모임 회식 추천 , 주차 및...",https://blog.naver.com/star_08_15/224301919758
2952,food,부산,연산동,candidate,1,[부산/연산동] 박복순 쪽갈비,https://blog.naver.com/mdraenge/224301864672
2953,food,부산,연산동 박복순 쪽갈비,candidate,1,[부산/연산동] 박복순 쪽갈비,https://blog.naver.com/mdraenge/224301864672
2954,food,인천,연수구,candidate,1,인천 연수구 맛집 /양꼬치 무한리필 <양고기 동아리> 후기...,https://blog.naver.com/csr2326/224301771044
2955,domestic_travel,인천,연수구,candidate,1,인천 연수구 맛집 /양꼬치 무한리필 <양고기 동아리> 후기...,https://blog.naver.com/csr2326/224301771044
2956,food,인천,연수구 맛집 양꼬치 무한리필,restaurant,1,인천 연수구 맛집 /양꼬치 무한리필 <양고기 동아리> 후기...,https://blog.naver.com/csr2326/224301771044
2957,domestic_travel,인천,연수구 맛집 양꼬치 무한리필,restaurant,1,인천 연수구 맛집 /양꼬치 무한리필 <양고기 동아리> 후기...,https://blog.naver.com/csr2326/224301771044
2958,domestic_travel,경주,연수횟집 표기 병행 식당,restaurant,1,전현무계획 시즌3 11회 경주 맛집,https://blog.naver.com/letsfindout_hub/224299626301
2959,food,부산,연신내,candidate,1,[서울] 연신내 부산미도어묵 “떡산 떡볶이” 다녀온 후기,https://blog.naver.com/burger_woody/224301864499
2960,domestic_travel,부산,연신내,candidate,1,[서울] 연신내 부산미도어묵 “떡산 떡볶이” 다녀온 후기,https://blog.naver.com/burger_woody/224301864499
2961,food,인천,연종도 이렇게 방문했어요 그런데 방문했던 식당,restaurant,1,"무의도 하나개 해수욕장 맛집 어부네, 연종도 연탄 식빵이...",https://blog.naver.com/maum085/224301569488
2962,domestic_travel,인천,연종도 이렇게 방문했어요 그런데 방문했던 식당,restaurant,1,"무의도 하나개 해수욕장 맛집 어부네, 연종도 연탄 식빵이...",https://blog.naver.com/maum085/224301569488
2963,food,대전,연축동,candidate,1,"대전 연축동 베이커리 카페 ""NTBR"" 내돈내산 솔직후기",https://blog.naver.com/doadoa0/224301924064
2964,domestic_travel,대전,연축동,candidate,1,"대전 연축동 베이커리 카페 ""NTBR"" 내돈내산 솔직후기",https://blog.naver.com/doadoa0/224301924064
2965,food,대전,연축동 베이커리 카페 NTBR 내돈내산,cafe,1,"대전 연축동 베이커리 카페 ""NTBR"" 내돈내산 솔직후기",https://blog.naver.com/doadoa0/224301924064
2966,domestic_travel,대전,연축동 베이커리 카페 NTBR 내돈내산,cafe,1,"대전 연축동 베이커리 카페 ""NTBR"" 내돈내산 솔직후기",https://blog.naver.com/doadoa0/224301924064
2967,food,대구,연탄돼지불고기 대구광역시 북구 칠성시장,restaurant,1,[단골식당 연탄돼지불고기] 백종원 3대천왕 출연한 불향...,https://blog.naver.com/andy_365/224299370604
2968,domestic_travel,대구,연탄돼지불고기 대구광역시 북구 칠성시장,restaurant,1,[단골식당 연탄돼지불고기] 백종원 3대천왕 출연한 불향...,https://blog.naver.com/andy_365/224299370604
2969,domestic_travel,광주,연화식당,restaurant,1,"광주 연화식당 혼밥, 육전 때문에 찾았다가 오히려 분위기가 더...",https://blog.naver.com/attageogi/224301554331
2970,food,광주,연화식당 가기 전 필독 육전,restaurant,1,광주 연화식당 가기 전 필독: 육전·조기탕 메뉴와 예약·주차 꿀팁,https://blog.naver.com/84uzmav/224301938730
2971,food,광주,연화식당 혼밥 육전 때문에 찾았다가 오히려,restaurant,1,"광주 연화식당 혼밥, 육전 때문에 찾았다가 오히려 분위기가 더...",https://blog.naver.com/attageogi/224301554331
2972,domestic_travel,광주,연화식당 혼밥 육전 때문에 찾았다가 오히려,restaurant,1,"광주 연화식당 혼밥, 육전 때문에 찾았다가 오히려 분위기가 더...",https://blog.naver.com/attageogi/224301554331
2973,food,대구,영남대 점심 맛집 영대 현지인 제육식당,restaurant,1,영남대 점심 맛집 영대 현지인 제육식당 경주국밥,https://blog.naver.com/kdh5054/224300869929
2974,domestic_travel,경주,영남대 점심 맛집 영대 현지인 제육식당,restaurant,1,영남대 점심 맛집 영대 현지인 제육식당 경주국밥,https://blog.naver.com/kdh5054/224300869929
2975,domestic_travel,대구,영남대 점심 맛집 영대 현지인 제육식당,restaurant,1,영남대 점심 맛집 영대 현지인 제육식당 경주국밥,https://blog.naver.com/kdh5054/224300869929
2976,food,대구,영대 현지인 제육식당,restaurant,1,영남대 점심 맛집 영대 현지인 제육식당 경주국밥,https://blog.naver.com/kdh5054/224300869929
2977,domestic_travel,경주,영대 현지인 제육식당,restaurant,1,영남대 점심 맛집 영대 현지인 제육식당 경주국밥,https://blog.naver.com/kdh5054/224300869929
2978,domestic_travel,대구,영대 현지인 제육식당,restaurant,1,영남대 점심 맛집 영대 현지인 제육식당 경주국밥,https://blog.naver.com/kdh5054/224300869929
2979,domestic_travel,부산,영도 가볼만한곳 HiKER M 플리마켓 하와,candidate,1,[부산 영도 가볼만한곳 ] HiKER M 플리마켓 하와이안 레이...,https://blog.naver.com/alohaharu_hula/224301906507
2980,food,부산,영도 감성커피,cafe,1,[부산 영도] 감성커피 영도대교점 후기｜감성커피 신메뉴...,https://blog.naver.com/168_eo/224301766082
2981,domestic_travel,부산,영도 감성커피,cafe,1,[부산 영도] 감성커피 영도대교점 후기｜감성커피 신메뉴...,https://blog.naver.com/168_eo/224301766082
2982,food,부산,영도 감성커피 영도대교점,cafe,1,[부산 영도] 감성커피 영도대교점 후기｜감성커피 신메뉴...,https://blog.naver.com/168_eo/224301766082
2983,domestic_travel,부산,영도 감성커피 영도대교점,cafe,1,[부산 영도] 감성커피 영도대교점 후기｜감성커피 신메뉴...,https://blog.naver.com/168_eo/224301766082
2984,food,부산,영도 오션뷰 캠핑 바베큐 몽작 찐 솔직,restaurant,1,"부산 영도 오션뷰 캠핑 바베큐 몽작 찐 솔직후기 (주차, 예약...",https://blog.naver.com/travelbenz_o0o/224301605110
2985,domestic_travel,부산,영도 오션뷰 캠핑 바베큐 몽작 찐 솔직,restaurant,1,"부산 영도 오션뷰 캠핑 바베큐 몽작 찐 솔직후기 (주차, 예약...",https://blog.naver.com/travelbenz_o0o/224301605110
2986,food,강남,영어회화,candidate,1,"강남 영어회화 요즘 힙한 그곳, 인생영어놀이터 랭스영에서...",https://blog.naver.com/jinmath78/224301836876
2987,food,강남,영어회화 요즘 힙한 그곳 인생영어놀이터 랭스,candidate,1,"강남 영어회화 요즘 힙한 그곳, 인생영어놀이터 랭스영에서...",https://blog.naver.com/jinmath78/224301836876
2988,domestic_travel,강릉,영월서부시장,travel_spot,1,강릉과 영월로 떠난 1박 2일 세미나 기록 아르떼뮤지엄의...,https://blog.naver.com/piable/224301370168
2989,food,인천,영종,candidate,1,"[인천/영종] 인스파이어 아레나 푸드코트, 고메 빌리지 후기",https://blog.naver.com/wminnie/224295636768
2990,food,인천,영종 인스파이어 아레나 푸드코트 고메 빌리지,candidate,1,"[인천/영종] 인스파이어 아레나 푸드코트, 고메 빌리지 후기",https://blog.naver.com/wminnie/224295636768
2991,food,인천,영종도 가볼만한 곳 1박2일 뚜벅이 여행 코,candidate,1,인천 영종도 가볼만한 곳 1박2일 뚜벅이 여행 코스(뷰맛집...,https://blog.naver.com/sy90955/224300416422
2992,domestic_travel,인천,영종도 가볼만한 곳 1박2일 뚜벅이 여행 코,candidate,1,인천 영종도 가볼만한 곳 1박2일 뚜벅이 여행 코스(뷰맛집...,https://blog.naver.com/sy90955/224300416422
2993,food,인천,영종도 가볼만한곳 인스파이어 리조트,travel_spot,1,"[인천 영종도] 가볼만한곳, 인스파이어 리조트 오아시스...",https://blog.naver.com/shlove01299/224301909997
2994,domestic_travel,인천,영종도 가볼만한곳 인스파이어 리조트,travel_spot,1,"[인천 영종도] 가볼만한곳, 인스파이어 리조트 오아시스...",https://blog.naver.com/shlove01299/224301909997
2995,food,인천,영종도 가볼만한곳 인스파이어 리조트 오아시스,travel_spot,1,"[인천 영종도] 가볼만한곳, 인스파이어 리조트 오아시스...",https://blog.naver.com/shlove01299/224301909997
2996,domestic_travel,인천,영종도 가볼만한곳 인스파이어 리조트 오아시스,travel_spot,1,"[인천 영종도] 가볼만한곳, 인스파이어 리조트 오아시스...",https://blog.naver.com/shlove01299/224301909997
2997,food,인천,영종도 구읍뱃터 맛집 & 숙소 내돈내산,restaurant,1,[인천 영종도] 구읍뱃터 맛집 & 숙소 내돈내산 추천,https://blog.naver.com/ssong_day/224301901029
2998,domestic_travel,인천,영종도 구읍뱃터 맛집 & 숙소 내돈내산,restaurant,1,[인천 영종도] 구읍뱃터 맛집 & 숙소 내돈내산 추천,https://blog.naver.com/ssong_day/224301901029
2999,food,인천,영종도 베이글 맛집 바다 보며 즐기는 엉클베,restaurant,1,"인천 영종도 베이글 맛집, 바다 보며 즐기는 엉클베어베이글...",https://blog.naver.com/lttae/224301875421
3000,domestic_travel,인천,영종도 베이글 맛집 바다 보며 즐기는 엉클베,restaurant,1,"인천 영종도 베이글 맛집, 바다 보며 즐기는 엉클베어베이글...",https://blog.naver.com/lttae/224301875421
3001,food,인천,영종도 베이직 2시간 보정본까지 받은 시점에,candidate,1,Wedding 34. 유연스냅 촬영 후기 : 인천 영종도 베이직(2시간)...,https://blog.naver.com/wofminchae/224301946828
3002,domestic_travel,인천,영종도 베이직 2시간 보정본까지 받은 시점에,candidate,1,Wedding 34. 유연스냅 촬영 후기 : 인천 영종도 베이직(2시간)...,https://blog.naver.com/wofminchae/224301946828
3003,food,인천,영종도 빨간거짱구네 본점 낙지 + 고기 +,restaurant,1,인천 영종도|빨간거짱구네 본점,https://blog.naver.com/foodietrainee/224301813719
3004,food,인천,영종도 서울 근교 에서 즐기는 바다 여행 휴,restaurant,1,여름휴가 비용 부담된다면? 가성비 최고 국내 여행 지 이곳,https://blog.naver.com/silu-/224300891623
3005,domestic_travel,인천,영종도 서울 근교 에서 즐기는 바다 여행 휴,restaurant,1,여름휴가 비용 부담된다면? 가성비 최고 국내 여행 지 이곳,https://blog.naver.com/silu-/224300891623
3006,domestic_travel,인천,영종도 서울근교여행 지 영종도1박2일 즐거웠,candidate,1,[인천/영종도] 서울근교여행 지 '영종도1박2일 ' 즐거웠던...,https://blog.naver.com/sullemgogo/224297325563
3007,domestic_travel,인천,영종도 인기 이유 이동 피로 적음 당일치기,candidate,1,가족 여행 추천 BEST 10｜아이와 가기 좋은 국내 여행 총정리,https://blog.naver.com/aoutworld/224297576671
3008,food,인천,영종도 중산동 맛집 니나노본갈비 사탕도 준비,restaurant,1,인천 영종도 중산동 맛집 니나노본갈비,https://blog.naver.com/thstmdwls54/224301755130
3009,food,인천,영종도 최고의 호캉스 아이들과 가도 좋을 인,candidate,1,"[인천 영종도] 최고의 호캉스, 아이들과 가도 좋을 인천...",https://blog.naver.com/godjw486/224301703422
3010,domestic_travel,인천,영종도 최고의 호캉스 아이들과 가도 좋을 인,candidate,1,"[인천 영종도] 최고의 호캉스, 아이들과 가도 좋을 인천...",https://blog.naver.com/godjw486/224301703422
3011,domestic_travel,인천,영종도 파라다이스시티 시그니처 조형물과 야외,candidate,1,인천 영종도 파라다이스시티 시그니처 조형물과 야외정원...,https://blog.naver.com/ssumuse/224301536821
3012,food,인천,영종도 하프마라톤 후폭풍 2시간 35분 웨이,candidate,1,[인천 영종도] 하프마라톤 후폭풍? 2시간 35분 웨이팅도 이겨낸...,https://blog.naver.com/whun2397/224297171478
3013,domestic_travel,인천,영종도 하프마라톤 후폭풍 2시간 35분 웨이,candidate,1,[인천 영종도] 하프마라톤 후폭풍? 2시간 35분 웨이팅도 이겨낸...,https://blog.naver.com/whun2397/224297171478
3014,food,인천,영종도 호텔 인천 5성급 호텔 네스트호텔,travel_spot,1,[영종도 호텔] 인천 5성급 호텔 네스트호텔 숙박 후기(스탠다드...,https://blog.naver.com/99leehy/224301517976
3015,food,인천,영종도식당,restaurant,1,영종도밥집 찾는다면 여기! 선인불고기 누룽지 소불고기 맛집,https://blog.naver.com/yonggi_camping/224301908334
3016,domestic_travel,인천,영종도식당,restaurant,1,영종도밥집 찾는다면 여기! 선인불고기 누룽지 소불고기 맛집,https://blog.naver.com/yonggi_camping/224301908334
3017,domestic_travel,인천,영종도에 위치한 인스파이어 아레나까지 그것도,candidate,1,인스파이어 아레나 교통 부산 당일치기 4가지 대안,https://blog.naver.com/freelife_dip/224301682948
3018,food,인천,영종도호텔,travel_spot,1,"[인천 영종도] 최고의 호캉스, 아이들과 가도 좋을 인천...",https://blog.naver.com/godjw486/224301703422
3019,domestic_travel,인천,영종도호텔,travel_spot,1,"[인천 영종도] 최고의 호캉스, 아이들과 가도 좋을 인천...",https://blog.naver.com/godjw486/224301703422
3020,food,수원,영통,candidate,1,수원 영통 맛집 깡우동 영통본점 내돈내산 리뷰+주차꿀팁,https://blog.naver.com/cocoa_101v/224301956197
3021,food,수원,영통 맛집 깡우동 영통본점 내돈내산 리뷰+주,restaurant,1,수원 영통 맛집 깡우동 영통본점 내돈내산 리뷰+주차꿀팁,https://blog.naver.com/cocoa_101v/224301956197
3022,food,수원,영통식당,restaurant,1,국물 한입에 속까지 든든했던 영통 맛집,https://blog.naver.com/xoornjseh/224301849909
3023,food,수원,영통역,candidate,1,[수원] 영통역 맛집 갱도 연탄구이 방문 후기( 내돈내산 ),https://blog.naver.com/joynon2/224301954668
3024,food,수원,영통점 하남 스타필드점 총 8개의 매장이 있,candidate,1,서울 /동대문 블루리본 카레 맛집,https://blog.naver.com/stay-and-play/224301560258
3025,domestic_travel,인천,영흥도,candidate,1,"여행 기록 # 28 [당일치기 해루질, 갯벌체험 추천 / 인천 영흥도...",https://blog.naver.com/dahyun_1029/224298703099
3026,domestic_travel,인천,영흥도 갑니다아,candidate,1,"여행 기록 # 28 [당일치기 해루질, 갯벌체험 추천 / 인천 영흥도...",https://blog.naver.com/dahyun_1029/224298703099
3027,domestic_travel,제주,옆 수국명소 제주 동쪽 가볼만한곳 김녕미로공원,travel_spot,1,만장굴 옆 수국명소 제주 동쪽 가볼만한곳 김녕미로공원,https://blog.naver.com/thebestmaze/224301470835
3028,domestic_travel,대전,예쁜,candidate,1,“ 서울 보다 덜 알려져 더 예쁜 대전 대청호 장미축제”,https://blog.naver.com/3050035/224295646828
3029,domestic_travel,가평,예쁜 추억 많이 만드시고 가성비 좋은 숙소에,travel_spot,1,아이랑 가평 1박2일 : 자라섬 꽃축제 남이섬 입장권 할인받고...,https://blog.naver.com/donnago_/224299287499
3030,domestic_travel,제주,예약사이트,candidate,1,제주 가파도 배시간 예약사이트 제주투어패스 24시간,https://blog.naver.com/eksqlsj/224301862752
3031,food,부산,예약제 글램핑 식당,restaurant,1,"부산 영도 오션뷰 캠핑 바베큐 몽작 찐 솔직후기 (주차, 예약...",https://blog.naver.com/travelbenz_o0o/224301605110
3032,domestic_travel,부산,예약제 글램핑 식당,restaurant,1,"부산 영도 오션뷰 캠핑 바베큐 몽작 찐 솔직후기 (주차, 예약...",https://blog.naver.com/travelbenz_o0o/224301605110
3033,domestic_travel,부산,예전보다 많아진 외국인 관광객에 매우 놀랐다,candidate,1,부산경제와 관광산업,https://blog.naver.com/liveestate/224301440687
3034,food,광주,예천경보기,candidate,1,안동경보기 문경경보기 예천경보기 광주경보기 KIA스팅어...,https://blog.naver.com/minjong0816/224301903535
3035,food,광주,옛 전남도청 전시,attraction,1,"광주 옛 전남도청 전시 후기, 2026년 복원 개관, 5·18...",https://blog.naver.com/namroutine/224301950047
3036,domestic_travel,광주,옛 전남도청 전시,attraction,1,"광주 옛 전남도청 전시 후기, 2026년 복원 개관, 5·18...",https://blog.naver.com/namroutine/224301950047
3037,food,광주,옛날에금잔디,candidate,1,광주 송정역 맛집 옛날에금잔디 광주 송정역 한정식,https://blog.naver.com/yolokotrsy/224301958384
3038,food,대전,옛정식당,restaurant,1,대전 옛정식당.,https://blog.naver.com/kimsadi-/224301865094
3039,domestic_travel,대전,옛정식당,restaurant,1,대전 옛정식당.,https://blog.naver.com/kimsadi-/224301865094
3040,food,대전,옛정식당 별 10점 만점중에 7점 정도 이며,restaurant,1,대전 옛정식당.,https://blog.naver.com/kimsadi-/224301865094
3041,domestic_travel,대전,옛정식당 별 10점 만점중에 7점 정도 이며,restaurant,1,대전 옛정식당.,https://blog.naver.com/kimsadi-/224301865094
3042,food,성수,오기 전날 혼자서 먹을 수 있을 만한 식당,restaurant,1,[2026. 5.] 5월 월말결산,https://blog.naver.com/kdahyunk/224301850117
3043,food,대구,오늘은 대구동성로 신라식당,restaurant,1,대구 동성로 맛집 신라식당 한일점 내돈내산,https://blog.naver.com/mink1004z/224301856634
3044,food,대구,오늘의 핫플 영남대 점심 맛집 영대 현지인,restaurant,1,영남대 점심 맛집 영대 현지인 제육식당 경주국밥,https://blog.naver.com/kdh5054/224300869929
3045,domestic_travel,대구,오늘의 핫플 영남대 점심 맛집 영대 현지인,restaurant,1,영남대 점심 맛집 영대 현지인 제육식당 경주국밥,https://blog.naver.com/kdh5054/224300869929
3046,food,인천,오디와이 커피,cafe,1,인천 계양 분위기 자연뷰 맛집 카페 오디와이 커피,https://blog.naver.com/ghuns-/224301797756
3047,domestic_travel,인천,오디와이 커피,cafe,1,인천 계양 분위기 자연뷰 맛집 카페 오디와이 커피,https://blog.naver.com/ghuns-/224301797756
3048,food,인천,오디와이커피,cafe,1,인천 계양 분위기 자연뷰 맛집 카페 오디와이 커피,https://blog.naver.com/ghuns-/224301797756
3049,domestic_travel,인천,오디와이커피,cafe,1,인천 계양 분위기 자연뷰 맛집 카페 오디와이 커피,https://blog.naver.com/ghuns-/224301797756
3050,food,인천,오르세미술관,attraction,1,파리 뮤지엄패스 2일권 4일권 가격 뽕뽑는법 내돈내산 구매 후기,https://blog.naver.com/tigung1107/224301906503
3051,domestic_travel,인천,오르세미술관,attraction,1,파리 뮤지엄패스 2일권 4일권 가격 뽕뽑는법 내돈내산 구매 후기,https://blog.naver.com/tigung1107/224301906503
3052,food,대구,오미가미거리,candidate,1,대구 오미가미거리 야장 감성 제대로인 산오징어 맛집 ...,https://blog.naver.com/sldysl/224301578855
3053,domestic_travel,대구,오미가미거리,candidate,1,대구 오미가미거리 야장 감성 제대로인 산오징어 맛집 ...,https://blog.naver.com/sldysl/224301578855
3054,food,대구,오미가미거리 야장 감성 제대로인 산오징어 맛,candidate,1,대구 오미가미거리 야장 감성 제대로인 산오징어 맛집 ...,https://blog.naver.com/sldysl/224301578855
3055,domestic_travel,대구,오미가미거리 야장 감성 제대로인 산오징어 맛,candidate,1,대구 오미가미거리 야장 감성 제대로인 산오징어 맛집 ...,https://blog.naver.com/sldysl/224301578855
3056,domestic_travel,강릉,오봉이 해물칼국수 안목해변,travel_spot,1,"강릉 당일치기 여행 코스｜오봉이 해물칼국수, 안목해변...",https://blog.naver.com/mingry96/224295748670
3057,food,인천,오빠집에서 뒹굴거리며 놀다가 저녁으로 임성근,candidate,1,[26.05] 난 이제 지쳤어요 땡벌 땡벌~,https://blog.naver.com/so_ve1y/224301701042
3058,domestic_travel,인천,오빠집에서 뒹굴거리며 놀다가 저녁으로 임성근,candidate,1,[26.05] 난 이제 지쳤어요 땡벌 땡벌~,https://blog.naver.com/so_ve1y/224301701042
3059,food,부산,오산 오색시장,travel_spot,1,"오산 오색시장 투어✌2 (부산어묵슬러시, 오색쑥호떡, 소라네김...",https://blog.naver.com/a5250/224301932381
3060,domestic_travel,부산,오산 오색시장,travel_spot,1,"오산 오색시장 투어✌2 (부산어묵슬러시, 오색쑥호떡, 소라네김...",https://blog.naver.com/a5250/224301932381
3061,food,부산,오산오색시장,travel_spot,1,"오산 오색시장 투어✌2 (부산어묵슬러시, 오색쑥호떡, 소라네김...",https://blog.naver.com/a5250/224301932381
3062,domestic_travel,부산,오산오색시장,travel_spot,1,"오산 오색시장 투어✌2 (부산어묵슬러시, 오색쑥호떡, 소라네김...",https://blog.naver.com/a5250/224301932381
3063,domestic_travel,부산,오션뷰,candidate,1,"부산 오션뷰 호텔 끝판왕, 아난티 앳 부산 코브",https://blog.naver.com/goodfinds/224301794798
3064,domestic_travel,부산,오션뷰 호텔,travel_spot,1,"부산 오션뷰 호텔 끝판왕, 아난티 앳 부산 코브",https://blog.naver.com/goodfinds/224301794798
3065,domestic_travel,부산,오션뷰 호텔 끝판왕 아난티 앳 부산 코브,travel_spot,1,"부산 오션뷰 호텔 끝판왕, 아난티 앳 부산 코브",https://blog.naver.com/goodfinds/224301794798
3066,domestic_travel,부산,오션뷰호텔,travel_spot,1,"부산 오션뷰 호텔 끝판왕, 아난티 앳 부산 코브",https://blog.naver.com/goodfinds/224301794798
3067,food,인천,오슬로우 마켓 동인천 고유의 레트로한 분위기,candidate,1,[인천/동인천] 빈티지 보물찾기! '오슬로우 마켓' 축제 리얼...,https://blog.naver.com/longblack27/224301835165
3068,domestic_travel,인천,오슬로우 마켓 동인천 고유의 레트로한 분위기,candidate,1,[인천/동인천] 빈티지 보물찾기! '오슬로우 마켓' 축제 리얼...,https://blog.naver.com/longblack27/224301835165
3069,food,부산,오시리아꼼장어,candidate,1,오시리아꼼장어 부산 기장이화장횟집 신선한 재료와 짚불...,https://blog.naver.com/jzipsa/224301691662
3070,food,대전,오시우커피,cafe,1,[대전] 오시우커피 / 한밭수목원 / 심스 스모크하우스 / 성심당,https://blog.naver.com/duddud2020/224301941016
3071,food,대전,오시우커피 한밭수목원,cafe,1,[대전] 오시우커피 / 한밭수목원 / 심스 스모크하우스 / 성심당,https://blog.naver.com/duddud2020/224301941016
3072,food,대전,오시우커피 한밭수목원 심스 스모크하우스 성심,cafe,1,[대전] 오시우커피 / 한밭수목원 / 심스 스모크하우스 / 성심당,https://blog.naver.com/duddud2020/224301941016
3073,food,인천,오아시스 리조트,travel_spot,1,"[인천 영종도] 가볼만한곳, 인스파이어 리조트 오아시스...",https://blog.naver.com/shlove01299/224301909997
3074,domestic_travel,인천,오아시스 리조트,travel_spot,1,"[인천 영종도] 가볼만한곳, 인스파이어 리조트 오아시스...",https://blog.naver.com/shlove01299/224301909997
3075,food,성수,오우칸,candidate,1,성수동 데이트. 소개팅하기 좋은 이자카야 [oukan : 오우칸 성수],https://blog.naver.com/happydorylife/224301567803
3076,domestic_travel,성수,오우칸,candidate,1,성수동 데이트. 소개팅하기 좋은 이자카야 [oukan : 오우칸 성수],https://blog.naver.com/happydorylife/224301567803
3077,food,광주,오징어볶음,candidate,1,"경기광주 오징어볶음 맛집 오메이징어, 불향 가득한 태전동...",https://blog.naver.com/vipvip1007/224301957362
3078,food,광주,오징어볶음 맛집 기대 이상으로 맛있게 오징어,restaurant,1,"경기광주 오징어볶음 맛집 오메이징어, 불향 가득한 태전동...",https://blog.naver.com/vipvip1007/224301957362
3079,food,광주,오징어볶음 맛집 오메이징어 불향 가득한 태전,restaurant,1,"경기광주 오징어볶음 맛집 오메이징어, 불향 가득한 태전동...",https://blog.naver.com/vipvip1007/224301957362
3080,food,광주,오치동,candidate,1,[ 광주 오치동 ] 북구 양식 맛집 분위기 좋은 대형 브런치...,https://blog.naver.com/zih_e/224301954403
3081,domestic_travel,광주,오치동,candidate,1,[ 광주 오치동 ] 북구 양식 맛집 분위기 좋은 대형 브런치...,https://blog.naver.com/zih_e/224301954403
3082,food,광주,오치동 북구 양식 맛집 분위기 좋은 대형 브,restaurant,1,[ 광주 오치동 ] 북구 양식 맛집 분위기 좋은 대형 브런치...,https://blog.naver.com/zih_e/224301954403
3083,domestic_travel,광주,오치동 북구 양식 맛집 분위기 좋은 대형 브,restaurant,1,[ 광주 오치동 ] 북구 양식 맛집 분위기 좋은 대형 브런치...,https://blog.naver.com/zih_e/224301954403
3084,food,강남,오크우드오크레스토랑,restaurant,1,[삼성동/코엑스 -오크우드 오크 레스토랑]9가지 무제한 와인과...,https://blog.naver.com/oktopblues/224300221407
3085,food,인천,옥련동 맛집 백소정 조합으로 든든한 점심 식,restaurant,1,[인천 옥련동 맛집 ] 백소정... 조합으로 든든한 점심 식사!,https://blog.naver.com/pargjimin/224301934917
3086,food,인천,옥련동 윤가네 칼국수 해장으로 최고 거,candidate,1,[인천 맛집 ] 옥련동 윤가네 칼국수 해장으로 최고,https://blog.naver.com/duoobuoo/224301885527
3087,food,광주,온기정,candidate,1,광주 텐동 맛집 온기정 광주신세계점｜쇼핑하다 먹기 좋은...,https://blog.naver.com/divinite_moon/224301933739
3088,food,부산,온복국수,candidate,1,"[부산동의대 맛집 ] ""온복국수 부산동의대점"" 가성비 최고...",https://blog.naver.com/inno4679/224301834306
3089,domestic_travel,부산,온복국수,candidate,1,"[부산동의대 맛집 ] ""온복국수 부산동의대점"" 가성비 최고...",https://blog.naver.com/inno4679/224301834306
3090,domestic_travel,강릉,온정당 강릉 중앙시장,travel_spot,1,강릉 맛집 온정당 강릉 중앙시장 맛집 짬뽕칼국수 옹심이 맛집 !!,https://blog.naver.com/toutwri6117/224301949060
3091,domestic_travel,강릉,온정당 강릉 중앙시장 맛집 짬뽕칼국수,restaurant,1,강릉 맛집 온정당 강릉 중앙시장 맛집 짬뽕칼국수 옹심이 맛집 !!,https://blog.naver.com/toutwri6117/224301949060
3092,domestic_travel,강릉,온정당 이야기를 남겨봅니다 강릉 중앙시장,travel_spot,1,강릉 맛집 온정당 강릉 중앙시장 맛집 짬뽕칼국수 옹심이 맛집 !!,https://blog.naver.com/toutwri6117/224301949060
3093,food,종로,온정옥,candidate,1,[종로] 온정옥 솔직후기|익선동 맛집|종로 맛집|익선동 점심 ...,https://blog.naver.com/brownpooddle/224301930895
3094,food,부산,온천장 직영점 부산 동래구 금강공원,travel_spot,1,[부산동래] 온천장 가성비 고기집 추천! 더바른식당 다녀왔어요...,https://blog.naver.com/tnqkr0714/224301948311
3095,food,종로,올 수 있는 거리다 외관은 요렇게 종로 노포식당,restaurant,1,"서울 생갈비 맛집|종로 동묘갈비 한돈 생갈비, 삼겹살...",https://blog.naver.com/jjjeoming/224301042984
3096,food,제주,올레길,candidate,1,[제주도] 자매 여행 제주 올레길 2일차 14코스|저지마을...,https://blog.naver.com/famsungkim/224301774225
3097,food,제주,올레시장 맛집 바다어멍 서귀포올레시장,restaurant,1,올레시장 맛집 바다어멍 서귀포올레시장본점 제주 통갈치...,https://blog.naver.com/ellyluv00/224301868363
3098,domestic_travel,제주,올레시장 맛집 바다어멍 서귀포올레시장,restaurant,1,올레시장 맛집 바다어멍 서귀포올레시장본점 제주 통갈치...,https://blog.naver.com/ellyluv00/224301868363
3099,food,강남,올리맛지,candidate,1,"[올리맛지/강남] 강남꼼장어 맛집 , 짱이네 산곰장어에서 부산의...",https://blog.naver.com/gyfls2491/224301469915
3100,food,인천,옹진군 북도면,candidate,1,신시모도 감성카페 추천 ☕ 굴뚝빵 맛집 하라보라 다녀왔어요,https://blog.naver.com/eunji5390/224298721465
3101,domestic_travel,가평,와 가도 좋은 서울 근교 꽃 여행 지입니다 축제,attraction,1,가평 자라섬이 형형색색 꽃으로 물들었어요! Colorful...,https://blog.naver.com/soosoo2207/224299445216
3102,domestic_travel,부산,와 공주 당일치기 여행 유구색동수국정원 수국축제,attraction,1,6월 수국축제｜부산출발 공주 당일여행 추천,https://blog.naver.com/hanatravel-busan/224301478020
3103,food,대전,와 이제 26년도 40퍼 지남 뇨끼 맛집,restaurant,1,와 이제 26년도 40퍼 지남,https://blog.naver.com/jinlee0228/224301887029
3104,domestic_travel,대전,와가지고 원래는 당일치기 하는건데 결국 하루,candidate,1,한중부부 천방지축 5개월 딸 키우기 & 찡아 대전 놀러옴,https://blog.naver.com/minz_kim/224301644182
3105,food,대구,와인웍스,candidate,1,[더현대 대구 맛집 ] 더현대 대구 양식 맛집 와인웍스 대구점...,https://blog.naver.com/jsv1234a/224301888891
3106,domestic_travel,제주,와흘메밀마을,candidate,1,"제주 와흘메밀마을, 10 만 평 하얀 메밀꽃밭에서 인생사진 찍기",https://blog.naver.com/yoonx2mom/224301017546
3107,domestic_travel,제주,와흘메밀마을 10 만 평 하얀 메밀꽃밭에서,candidate,1,"제주 와흘메밀마을, 10 만 평 하얀 메밀꽃밭에서 인생사진 찍기",https://blog.naver.com/yoonx2mom/224301017546
3108,domestic_travel,가평,완벽한,candidate,1,"서울 근교 여행 의 정석, 완벽한 가평 힐링 코스 3가지 추천",https://blog.naver.com/bebemaru1/224300552894
3109,food,대구,완성시켜준,candidate,1,"레시피를 완성시켜준 대구 수성구 신선 정육점 추천 , 우담정육점",https://blog.naver.com/drawingirls/224301818663
3110,domestic_travel,대구,완성시켜준,candidate,1,"레시피를 완성시켜준 대구 수성구 신선 정육점 추천 , 우담정육점",https://blog.naver.com/drawingirls/224301818663
3111,food,제주,왔다간,candidate,1,[제주] 히밥도 왔다간 제주 시내 고기국수 맛집|혼바띠 국수,https://blog.naver.com/precure0619/224301688127
3112,domestic_travel,제주,왔다간,candidate,1,[제주] 히밥도 왔다간 제주 시내 고기국수 맛집|혼바띠 국수,https://blog.naver.com/precure0619/224301688127
3113,food,인천,왕산 해수욕장 맛집 찾는 분들도 많이 방문하,restaurant,1,을왕리 해수욕장 맛집 찾는다면? 품장 을왕리점에서 장어...,https://blog.naver.com/racooncookie/224301958607
3114,domestic_travel,대전,왕자님,candidate,1,5월,https://blog.naver.com/jeongyejin213/224301772490
3115,food,제주,왜 줄 서서 먹는지 알겠다 제주 우진해,candidate,1,[제주 맛집 ] 왜 줄 서서 먹는지 알겠다! 제주 '우진해장국' 솔직...,https://blog.naver.com/nasang0223/224301909346
3116,domestic_travel,제주,왜 줄 서서 먹는지 알겠다 제주 우진해,candidate,1,[제주 맛집 ] 왜 줄 서서 먹는지 알겠다! 제주 '우진해장국' 솔직...,https://blog.naver.com/nasang0223/224301909346
3117,food,강남,요리주점,candidate,1,서울 강남 요리주점 멕시타이거,https://blog.naver.com/thstmdwls54/224301771045
3118,food,강남,요리주점 멕시타이거 배부르니까 맥주만 계속,candidate,1,서울 강남 요리주점 멕시타이거,https://blog.naver.com/thstmdwls54/224301771045
3119,food,대구,요모,candidate,1,[ 요모 ] 대구 신세계백화점 근처 일본 꼬치집 추천|일본 감성...,https://blog.naver.com/monglby0120/224301841799
3120,food,제주,요즘,candidate,1,[제주] 요즘 인스타에서 가장 핫한 카페|기름떡을 파는...,https://blog.naver.com/precure0619/224301687043
3121,domestic_travel,제주,요즘,candidate,1,[제주] 요즘 인스타에서 가장 핫한 카페|기름떡을 파는...,https://blog.naver.com/precure0619/224301687043
3122,food,성수,요즘 가장 핫한 성수동 냉삼 맛집 뚝도시장,restaurant,1,성수동 맛집 카페 데이트 한일상회 고기룸 토마스베이커리...,https://blog.naver.com/monday-sunday-/224301525486
3123,domestic_travel,성수,요즘 가장 핫한 성수동 냉삼 맛집 뚝도시장,restaurant,1,성수동 맛집 카페 데이트 한일상회 고기룸 토마스베이커리...,https://blog.naver.com/monday-sunday-/224301525486
3124,food,제주,요즘 인스타에서 가장 핫한 카페 기름떡을 파,cafe,1,[제주] 요즘 인스타에서 가장 핫한 카페|기름떡을 파는...,https://blog.naver.com/precure0619/224301687043
3125,domestic_travel,제주,요즘 인스타에서 가장 핫한 카페 기름떡을 파,cafe,1,[제주] 요즘 인스타에서 가장 핫한 카페|기름떡을 파는...,https://blog.naver.com/precure0619/224301687043
3126,food,성수,요즘 특별한 날을 기념하는 사람들이 부쩍 늘,candidate,1,서울성수동 맛집 터틀힙 성수 생일 케이크로 추천하는 성수 핫플,https://blog.naver.com/wowhow112/224298515739
3127,domestic_travel,성수,요즘 특별한 날을 기념하는 사람들이 부쩍 늘,candidate,1,서울성수동 맛집 터틀힙 성수 생일 케이크로 추천하는 성수 핫플,https://blog.naver.com/wowhow112/224298515739
3128,food,부산,요트투어 업체들 정말 많은데,candidate,1,부산 여행 코스 추천 요트투어 내돈내산 후기,https://blog.naver.com/rammilog/224301924874
3129,domestic_travel,부산,요트투어 업체들 정말 많은데,candidate,1,부산 여행 코스 추천 요트투어 내돈내산 후기,https://blog.naver.com/rammilog/224301924874
3130,food,부산,용가회전훠거,candidate,1,용가회전훠거 부산서면점 ㅣ 내돈내산 꿀팁 ㅣ1시간 웨이팅...,https://blog.naver.com/cha_ling_/224301783728
3131,food,광주,용봉동 맛집 구전국밥 화끈한 전라도 할맵김치,restaurant,1,광주 용봉동 맛집 구전국밥 화끈한 전라도 할맵김치와...,https://blog.naver.com/kksj2266/224301799724
3132,domestic_travel,광주,용봉동 맛집 구전국밥 화끈한 전라도 할맵김치,restaurant,1,광주 용봉동 맛집 구전국밥 화끈한 전라도 할맵김치와...,https://blog.naver.com/kksj2266/224301799724
3133,food,광주,용봉동 전철우사거리 맛집 황금회포차 광주용봉,restaurant,1,광주 용봉동 전철우사거리 맛집 [ 황금회포차 광주용봉점 ],https://blog.naver.com/464tpwls/224301775936
3134,domestic_travel,광주,용봉동 전철우사거리 맛집 황금회포차 광주용봉,restaurant,1,광주 용봉동 전철우사거리 맛집 [ 황금회포차 광주용봉점 ],https://blog.naver.com/464tpwls/224301775936
3135,domestic_travel,부산,용한 점집,candidate,1,"[완도에서 제주도 배편] 완도항 여객터미널 시간표, 요금, 차량...",https://blog.naver.com/lmgoo11/224301954467
3136,food,인천,용현동,candidate,1,인천 용현동 맛집 인하대학교후문 가성비 한식집!!!!.... 맛사랑,https://blog.naver.com/james5272/224301891790
3137,food,인천,용현동 맛집 인하대학교후문 가성비 한식집 맛,restaurant,1,인천 용현동 맛집 인하대학교후문 가성비 한식집!!!!.... 맛사랑,https://blog.naver.com/james5272/224301891790
3138,food,부산,용호동 맛집 W스퀘어 정바다 횟집 포장,restaurant,1,부산 용호동 맛집 W스퀘어 정바다 횟집 포장 후기,https://blog.naver.com/context/224301650606
3139,domestic_travel,부산,용호동 맛집 W스퀘어 정바다 횟집 포장,restaurant,1,부산 용호동 맛집 W스퀘어 정바다 횟집 포장 후기,https://blog.naver.com/context/224301650606
3140,domestic_travel,제주,우도,candidate,1,"6월 제주 우도 여행 완전 가이드, 제주까지 갔다면 꼭 한 번...",https://blog.naver.com/gnsolution1/224301651745
3141,food,제주,우도 여행 완전 가이드,candidate,1,"6월 제주 우도 여행 완전 가이드, 제주까지 갔다면 꼭 한 번...",https://blog.naver.com/gnsolution1/224301651745
3142,domestic_travel,제주,우도 여행 완전 가이드,candidate,1,"6월 제주 우도 여행 완전 가이드, 제주까지 갔다면 꼭 한 번...",https://blog.naver.com/gnsolution1/224301651745
3143,food,제주,우도 여행 완전 가이드 제주까지 갔다면 꼭,candidate,1,"6월 제주 우도 여행 완전 가이드, 제주까지 갔다면 꼭 한 번...",https://blog.naver.com/gnsolution1/224301651745
3144,domestic_travel,제주,우도 여행 완전 가이드 제주까지 갔다면 꼭,candidate,1,"6월 제주 우도 여행 완전 가이드, 제주까지 갔다면 꼭 한 번...",https://blog.naver.com/gnsolution1/224301651745
3145,food,제주,우도 해녀의집 이번 여행에서 새로 발견한 제,candidate,1,제주도 우도|물들이 해녀의집 해물파전 꼭 드세요,https://blog.naver.com/hapiihapii/224301943949
3146,food,대구,우동1로38번가길 20 2층 양송이in초리조,candidate,1,"[부산 맛집 ] 해리단길에서... 즐기는 특별한 스페인요리 맛집 , 발레",https://blog.naver.com/heeheeheeee/224301868638
3147,food,수원,우만동,candidate,1,"[수원/우만동] ""주모 여기 막걸리 주시오!"" 외치게 되는 찐...",https://blog.naver.com/daily_mandung_2/224301871832
3148,food,수원,우만동 주모 여기 막걸리 주시오 외치게 되는,candidate,1,"[수원/우만동] ""주모 여기 막걸리 주시오!"" 외치게 되는 찐...",https://blog.naver.com/daily_mandung_2/224301871832
3149,food,제주,우선 제주공항 3분거리 내에 있는 고기국수 맛집,restaurant,1,제주 소길국수 I 제주공항 3분거리 고기국수 맛집 추천 소길국수,https://blog.naver.com/togetherfine/224301848925
3150,food,종로,우정국로2길 쪽으로 가면 이런 분위기의 양식당,restaurant,1,양식 맛과 분위기 함께 즐기는 종로 맛집,https://blog.naver.com/mindlle2021/224300565619
3151,domestic_travel,제주,우진해장국,candidate,1,[제주 맛집 ] 왜 줄 서서 먹는지 알겠다! 제주 '우진해장국' 솔직...,https://blog.naver.com/nasang0223/224301909346
3152,food,제주,우진해장국 본점 고사리해장국 평일 이른 아침,candidate,1,"제주 우진해장국 본점 고사리해장국, 평일 이른 아침부터...",https://blog.naver.com/3stel/224296101065
3153,food,강남,우천식육식당,restaurant,1,[ 맛집 ] 강남구청역 한우 맛집 우천식육식당 후기|투쁠 No.9...,https://blog.naver.com/ars970207/224301752743
3154,food,인천,운서역 가볼만한곳,candidate,1,"운서역 전자담배 추천, 액상 종류 많은 보루 인천운서점 방문 후기",https://blog.naver.com/ys__1011/224301869378
3155,domestic_travel,인천,운서역 가볼만한곳,candidate,1,"운서역 전자담배 추천, 액상 종류 많은 보루 인천운서점 방문 후기",https://blog.naver.com/ys__1011/224301869378
3156,domestic_travel,가평,운악채한옥마을,candidate,1,@운악채한옥마을 가평 : 한옥 독채 단층형 내돈내산 2박 9호실...,https://blog.naver.com/hagd_ay/224301858551
3157,food,광주,운암동 맛집 운암동 돈가스 돈까스만드는남자,restaurant,1,[광주 운암동 맛집 /운암동 돈가스]::돈까스만드는남자,https://blog.naver.com/ksms0330/224301787469
3158,food,광주,운암동 케이크 주문제작 레터링 경신여고 무니,candidate,1,광주 운암동 케이크 주문제작 레터링 경신여고 ‘무니...,https://blog.naver.com/ha_aaam/224301948725
3159,domestic_travel,가평,울 근교 로 1박 2일 여행 을 다녀오면서 숙소,travel_spot,1,가평 펜션 추천 북한강 뷰가 매력적인 “이오스펜션” 후기...,https://blog.naver.com/qkrekgo123/224300989700
3160,domestic_travel,부산,울산축제,attraction,1,2026 장생포 수국 페스티벌 완벽 정리|일정·무료입장...,https://blog.naver.com/haehyun_525/224301615170
3161,food,대전,울었던,candidate,1,"집에 가기 싫다고 울었던 대전 근교 당일치기 여행 지 TOP 5 """,https://blog.naver.com/key11145/224300777297
3162,domestic_travel,대전,울었던,candidate,1,"집에 가기 싫다고 울었던 대전 근교 당일치기 여행 지 TOP 5 """,https://blog.naver.com/key11145/224300777297
3163,food,성수,워낙 유명해서 횟집하면 노량진만 알았지 가락시장,travel_spot,1,[ 서울 맛집 ] 서울 가락시장 횟집 맛집 / 장성수산,https://blog.naver.com/ssingssing21_/224301531949
3164,domestic_travel,성수,워낙 유명해서 횟집하면 노량진만 알았지 가락시장,travel_spot,1,[ 서울 맛집 ] 서울 가락시장 횟집 맛집 / 장성수산,https://blog.naver.com/ssingssing21_/224301531949
3165,domestic_travel,대전,원 신세계백화점 한 번은 가볼만한 대전 맥주축제,attraction,1,대전 한밭수목원 신세계백화점,https://blog.naver.com/4862toi/224301890268
3166,food,대전,원기보충하는,candidate,1,원기보충하는 대전 흑염소 전문점 흑염소수육에 산삼주 대전...,https://blog.naver.com/hsb7827/224301945835
3167,food,대구,원대동,candidate,1,[대구 원대동 카페 추천] 현미에너지원 만드는 과정을 직접 본...,https://blog.naver.com/landsky3/224301612211
3168,domestic_travel,대구,원대동,candidate,1,[대구 원대동 카페 추천] 현미에너지원 만드는 과정을 직접 본...,https://blog.naver.com/landsky3/224301612211
3169,domestic_travel,강릉,원조소문난무침회 꼬막무침 포장 강릉중앙시장,travel_spot,1,강릉 맛집 강릉중앙시장 맛집 원조소문난무침회 꼬막무침 포장,https://blog.naver.com/57136/224301902737
3170,domestic_travel,경주,월드 가보고 싶었지만 혼자 여행이라서 안 갔,candidate,1,현콩이의 5월,https://blog.naver.com/hyunkong03/224301872985
3171,domestic_travel,경주,월드 캘리포니아비치 7월 개장일과 놀이공원,travel_spot,1,경주월드 캘리포니아비치 7월 개장일과 놀이공원 오후권 증정...,https://blog.naver.com/nstartkkh/224301927671
3172,domestic_travel,인천,월미도,candidate,1,[ 내돈내산 ] 인천 월미도 오션뷰 가성비 카페 추천! 엔제리너스...,https://blog.naver.com/mooness0126/224301856679
3173,food,인천,월미도 차이나타운 송도 여행,candidate,1,"광명-인천(월미도, 차이나타운, 송도)여행",https://blog.naver.com/realbonny83/224301923669
3174,domestic_travel,인천,월미도놀이공원,travel_spot,1,서울근교 아이랑 가볼만한곳 월미테마파크 주말나들이 추천 ...,https://blog.naver.com/1599gml/224301238117
3175,food,인천,월미도를 총평 서울 근교 당일치기 여행지를,candidate,1,인천 월미바다열차 후기｜서울근교 당일치기 여행코스 추천,https://blog.naver.com/vhrwnsu17/224301457917
3176,domestic_travel,인천,월미도를 총평 서울 근교 당일치기 여행지를,candidate,1,인천 월미바다열차 후기｜서울근교 당일치기 여행코스 추천,https://blog.naver.com/vhrwnsu17/224301457917
3177,food,인천,월미바다열차,restaurant,1,인천 월미바다열차 후기｜서울근교 당일치기 여행코스 추천,https://blog.naver.com/vhrwnsu17/224301457917
3178,domestic_travel,인천,월미바다열차,restaurant,1,인천 월미바다열차 후기｜서울근교 당일치기 여행코스 추천,https://blog.naver.com/vhrwnsu17/224301457917
3179,domestic_travel,대전,월요일,candidate,1,"대전 월요일 당일치기 (영춘모찌, 몽심, 콜버샵, 꿈돌이 푸딩 등)",https://blog.naver.com/giddms4773/224301579455
3180,domestic_travel,대전,월요일 당일치기 영춘모찌 몽심 콜버샵 꿈돌이,candidate,1,"대전 월요일 당일치기 (영춘모찌, 몽심, 콜버샵, 꿈돌이 푸딩 등)",https://blog.naver.com/giddms4773/224301579455
3181,domestic_travel,강릉,월화거리,candidate,1,"강릉 월화거리 야시장 먹거리부터 분위기까지 완벽 (주차, 추천 ...",https://blog.naver.com/jwc_1209/224301409000
3182,domestic_travel,강릉,월화거리 안목해변,travel_spot,1,강원도 강릉 가볼만한 곳 BEST 5 중앙시장 월화거리 안목해변,https://blog.naver.com/sophiachae0723/224301666386
3183,domestic_travel,강릉,월화거리 야시장,travel_spot,1,"강릉 월화거리 야시장 먹거리부터 분위기까지 완벽 (주차, 추천 ...",https://blog.naver.com/jwc_1209/224301409000
3184,domestic_travel,강릉,월화거리 야시장 먹거리부터 분위기까지 완벽,travel_spot,1,"강릉 월화거리 야시장 먹거리부터 분위기까지 완벽 (주차, 추천 ...",https://blog.naver.com/jwc_1209/224301409000
3185,domestic_travel,대구,웨딩,candidate,1,대구 웨딩 박람회 일정 현명한 선택지,https://blog.naver.com/hrotgs653025_xv/224301630066
3186,domestic_travel,대구,웨딩 박람회,attraction,1,대구 웨딩 박람회 일정 현명한 선택지,https://blog.naver.com/hrotgs653025_xv/224301630066
3187,domestic_travel,부산,위드요트,candidate,1,위드요트 부산 광안리 해변출발 해운대 더베이101 야경 폭죽...,https://blog.naver.com/tricolour210/224301902442
3188,domestic_travel,부산,위드요트 부산 광안리 해변,travel_spot,1,위드요트 부산 광안리 해변출발 해운대 더베이101 야경 폭죽...,https://blog.naver.com/tricolour210/224301902442
3189,food,대전,위치 대전 유성구 관평1로 52 들어오셔서 맛집,restaurant,1,대전돈까스 맛집 관평동점심 냉모밀이랑 돈까스 꿀조합...,https://blog.naver.com/hahahahoho77/224301945066
3190,food,종로,위치 서울특별시 종로구 종로 33 가성비 맛집,restaurant,1,"후기｜분위기 좋은 데이트 맛집, 시그니처 코스 B 리뷰 [ 서울맛집 ]",https://blog.naver.com/cielopio_bubu/224300963677
3191,domestic_travel,강릉,위치도 해변,travel_spot,1,아기와 함께한 조용한 호캉스|신라모노그램 강릉 레지던스,https://blog.naver.com/moonsunstar__/224301680559
3192,food,인천,위치해 있어 접근성이 좋습니다 주변에 여러 식당,restaurant,1,센트럴왁싱 구월동점 구월동브라질리언왁싱...,https://blog.naver.com/hapyung96/224301924407
3193,domestic_travel,경주,위한,candidate,1,"2025년 커플을 위한 경주데이트코스 7선, 모르면 손해!",https://dwqn.tistory.com/270
3194,food,제주,유니클로,candidate,1,"코코나라, 유니클로 제주이도점 쇼핑 1일차 총정리 내돈내산",https://blog.naver.com/iam_yeon__/224301900072
3195,food,제주,유명한,candidate,1,서귀포카페 추천! 하트 돌담 포토존이 유명한 제주도 감성카페...,https://blog.naver.com/te_amo_02_99/224301899803
3196,food,대구,유모차,candidate,1,신세계 대구 유모차 동반 맛집 크리스탈제이드 내돈내산 솔직후기,https://blog.naver.com/seulkong_2/224301947792
3197,domestic_travel,대구,유모차,candidate,1,신세계 대구 유모차 동반 맛집 크리스탈제이드 내돈내산 솔직후기,https://blog.naver.com/seulkong_2/224301947792
3198,food,대구,유모차 동반 맛집 크리스탈제이드 내돈내산 솔,restaurant,1,신세계 대구 유모차 동반 맛집 크리스탈제이드 내돈내산 솔직후기,https://blog.naver.com/seulkong_2/224301947792
3199,domestic_travel,대구,유모차 동반 맛집 크리스탈제이드 내돈내산 솔,restaurant,1,신세계 대구 유모차 동반 맛집 크리스탈제이드 내돈내산 솔직후기,https://blog.naver.com/seulkong_2/224301947792
3200,food,제주,유민,candidate,1,제주 유민 아르누보 뮤지엄 후기｜안도 타다오 건축과 섭지코지...,https://blog.naver.com/dailylog547/224301895535
3201,domestic_travel,제주,유민,candidate,1,제주 유민 아르누보 뮤지엄 후기｜안도 타다오 건축과 섭지코지...,https://blog.naver.com/dailylog547/224301895535
3202,food,제주,유민 아르누보 뮤지엄,candidate,1,제주 유민 아르누보 뮤지엄 후기｜안도 타다오 건축과 섭지코지...,https://blog.naver.com/dailylog547/224301895535
3203,domestic_travel,제주,유민 아르누보 뮤지엄,candidate,1,제주 유민 아르누보 뮤지엄 후기｜안도 타다오 건축과 섭지코지...,https://blog.naver.com/dailylog547/224301895535
3204,food,대전,유성,candidate,1,"대전 유성 맛집 어화, 숙성 사시미와 후토마키가 맛있는 곳",https://blog.naver.com/tthdqls/224301935640
3205,domestic_travel,대전,유성,candidate,1,"대전 유성 맛집 어화, 숙성 사시미와 후토마키가 맛있는 곳",https://blog.naver.com/tthdqls/224301935640
3206,food,대전,유성 맛집 어화 숙성 사시미와 후토마키가 맛,restaurant,1,"대전 유성 맛집 어화, 숙성 사시미와 후토마키가 맛있는 곳",https://blog.naver.com/tthdqls/224301935640
3207,domestic_travel,대전,유성 맛집 어화 숙성 사시미와 후토마키가 맛,restaurant,1,"대전 유성 맛집 어화, 숙성 사시미와 후토마키가 맛있는 곳",https://blog.naver.com/tthdqls/224301935640
3208,food,대전,유성구 관평1로 52 들어오셔서 맛집 인정했,restaurant,1,대전돈까스 맛집 관평동점심 냉모밀이랑 돈까스 꿀조합...,https://blog.naver.com/hahahahoho77/224301945066
3209,food,대전,유성구 맛집 인 이유를 알겠더라구요 점심시간,restaurant,1,대전돈까스 맛집 관평동점심 냉모밀이랑 돈까스 꿀조합...,https://blog.naver.com/hahahahoho77/224301945066
3210,food,대전,유성구 봉명동 초밥 맛집 상무초밥 유성점에,restaurant,1,초밥 맛집 으로 유명한 상무초밥 유성점 내돈내산 후기 및 주차...,https://blog.naver.com/moonppo7/224301814958
3211,food,대전,유성수통골에,candidate,1,춘하 에스프레소 오늘 방문 후기입니다(대전 유성수통골에...,https://blog.naver.com/mobum369/224301922443
3212,domestic_travel,대전,유성수통골에,candidate,1,춘하 에스프레소 오늘 방문 후기입니다(대전 유성수통골에...,https://blog.naver.com/mobum369/224301922443
3213,food,대전,유성수통골에 싶다면 오늘 일요일 춘하 ESP,candidate,1,춘하 에스프레소 오늘 방문 후기입니다(대전 유성수통골에...,https://blog.naver.com/mobum369/224301922443
3214,domestic_travel,대전,유성수통골에 싶다면 오늘 일요일 춘하 ESP,candidate,1,춘하 에스프레소 오늘 방문 후기입니다(대전 유성수통골에...,https://blog.naver.com/mobum369/224301922443
3215,domestic_travel,대전,유일베이킹,candidate,1,유일베이킹 대전 이마트 컬처클럽 둔산점 유아 클래스...,https://blog.naver.com/uilbaking/224301929000
3216,food,부산,유정식육식당,restaurant,1,기장역 점심 맛집 가성비 점심특선 유정식육식당 부산기장본점,https://blog.naver.com/twotwo22-/224301942156
3217,domestic_travel,부산,유정식육식당,restaurant,1,기장역 점심 맛집 가성비 점심특선 유정식육식당 부산기장본점,https://blog.naver.com/twotwo22-/224301942156
3218,food,대구,육개장,candidate,1,대구 육개장 맛집 진하고 깊은 국물로 완벽한 해장 광장코아...,https://blog.naver.com/nzee123/224301675076
3219,domestic_travel,대구,육개장,candidate,1,대구 육개장 맛집 진하고 깊은 국물로 완벽한 해장 광장코아...,https://blog.naver.com/nzee123/224301675076
3220,food,제주,육개장,candidate,1,[제주 제주공항 고사리 육개장] 제주 맛집 <우진해장국> /공항...,https://blog.naver.com/y_soo__o/224301446964
3221,domestic_travel,제주,육개장,candidate,1,[제주 제주공항 고사리 육개장] 제주 맛집 <우진해장국> /공항...,https://blog.naver.com/y_soo__o/224301446964
3222,food,대구,육개장 맛집 진하고 깊은 국물로 완벽한 해장,restaurant,1,대구 육개장 맛집 진하고 깊은 국물로 완벽한 해장 광장코아...,https://blog.naver.com/nzee123/224301675076
3223,domestic_travel,대구,육개장 맛집 진하고 깊은 국물로 완벽한 해장,restaurant,1,대구 육개장 맛집 진하고 깊은 국물로 완벽한 해장 광장코아...,https://blog.naver.com/nzee123/224301675076
3224,food,성수,육류,candidate,1,성수 맛집 육류 한상 차린 점심 방문기,https://blog.naver.com/ongdaeun/224300555346
3225,food,성수,육류 한상 차린 점심 방문기 방문하면서,candidate,1,성수 맛집 육류 한상 차린 점심 방문기,https://blog.naver.com/ongdaeun/224300555346
3226,food,광주,육전,candidate,1,"전현무계획 광주 육전 맛집 연화식당, 방문 전 꼭 볼 메뉴·위치...",https://blog.naver.com/flemznls1/224301561961
3227,domestic_travel,광주,육전,candidate,1,"전현무계획 광주 육전 맛집 연화식당, 방문 전 꼭 볼 메뉴·위치...",https://blog.naver.com/flemznls1/224301561961
3228,food,종로,육회쌈,candidate,1,[백제정육점] 강민경 차돌박이 육회쌈 종로 고기집 웨이팅 후기...,https://blog.naver.com/yminang/224301761365
3229,food,제주,융드립커피,cafe,1,2026 봄 제주 (2),https://blog.naver.com/newstar814/224301922565
3230,domestic_travel,제주,융드립커피,cafe,1,2026 봄 제주 (2),https://blog.naver.com/newstar814/224301922565
3231,domestic_travel,인천,으로 갔다 네스트호텔,travel_spot,1,[인천/영종도] 서울근교여행 지 '영종도1박2일 ' 즐거웠던...,https://blog.naver.com/sullemgogo/224297325563
3232,food,광주,으로 불릴까 광주 연화식당,restaurant,1,광주 연화식당 가기 전 필독: 육전·조기탕 메뉴와 예약·주차 꿀팁,https://blog.naver.com/84uzmav/224301938730
3233,food,대전,으로 손 꼽히는,candidate,1,두쫀쿠는 스테디라고 믿는 사람의 5월 일상,https://blog.naver.com/jaeng2j/224301831537
3234,food,제주,으로 알려진 동진국수 동문시장,travel_spot,1,제주동문시장 맛집 고기국수가 맛있는 동진고기국수 동문시장...,https://blog.naver.com/hxunkxng/224301882106
3235,domestic_travel,제주,으로 알려진 동진국수 동문시장,travel_spot,1,제주동문시장 맛집 고기국수가 맛있는 동진고기국수 동문시장...,https://blog.naver.com/hxunkxng/224301882106
3236,food,광주,으로 점심 먹으러 왔어요 그녀도 안사주,candidate,1,(26.05 zip),https://blog.naver.com/catsayeayong/224301943492
3237,food,종로,은 4만원 복국보다 여기가 더 맛있었음 서호시장,travel_spot,1,거제야호-! <통영거제 2박3일 여행>,https://blog.naver.com/luckyzuu/224301955918
3238,food,종로,은 농림축산부 선정 안심식당,restaurant,1,서울 동대문 종로 을지로 맛집 더드림왕수제핫바...,https://blog.naver.com/cooljuyoun1/224299848555
3239,food,대구,은 대구 도서관 옆 길 건너에 있는 한결같은식당,restaurant,1,[대구 맛집 ] 한결같은식당 감성 가정식식당 내돈내산 방문 리뷰,https://blog.naver.com/revieww__/224301888524
3240,food,강남,은행골,candidate,1,맛집 :: ️ 은행골 강남역점,https://blog.naver.com/amy7623/224301151965
3241,food,대전,은행동,candidate,1,대전 은행동 무료 주차장,https://blog.naver.com/minsourrr/224298319490
3242,food,성수,을 강타한 이것 저것 조합이 훌륭한 디저트 식당,cafe,1,성수 양쯔깐루 맛집 여름에 어울렸던 레이지요거트,https://blog.naver.com/dkffod123/224300476042
3243,food,부산,을 다녀왔습니다 예전에 부전역 근처에,candidate,1,[부산 맛집 ] 가성비 좋은 현지인 추천 부전시장 밥집...,https://blog.naver.com/g_roadh/224301852253
3244,domestic_travel,부산,을 다녀왔습니다 예전에 부전역 근처에,candidate,1,[부산 맛집 ] 가성비 좋은 현지인 추천 부전시장 밥집...,https://blog.naver.com/g_roadh/224301852253
3245,food,성수,을 알아보는 분이라면 현재 상황과 필요,candidate,1,성수 맛집 육류 한상 차린 점심 방문기,https://blog.naver.com/ongdaeun/224300555346
3246,food,성수,을 찾는 사람들이 중요하게 여기는 게,candidate,1,성수 맛집 육류 한상 차린 점심 방문기,https://blog.naver.com/ongdaeun/224300555346
3247,food,성수,을 찾는 커플 2 서울 여행 와 성수역 맛집,restaurant,1,성수역 일식당 후토마끼 초이다이닝 성수점 가격대비 만족도가...,https://blog.naver.com/tr6775/224299573972
3248,domestic_travel,성수,을 찾는 커플 2 서울 여행 와 성수역 맛집,restaurant,1,성수역 일식당 후토마끼 초이다이닝 성수점 가격대비 만족도가...,https://blog.naver.com/tr6775/224299573972
3249,food,부산,을 찾아다닐 필요가 없음 나에겐 부담감,candidate,1,• 2605 • 쓸데없는 디테일은 쪼잔의 다른 이름이야,https://blog.naver.com/small_zero7/224301936969
3250,food,인천,을왕리식당,restaurant,1,영종도밥집 찾는다면 여기! 선인불고기 누룽지 소불고기 맛집,https://blog.naver.com/yonggi_camping/224301908334
3251,domestic_travel,인천,을왕리식당,restaurant,1,영종도밥집 찾는다면 여기! 선인불고기 누룽지 소불고기 맛집,https://blog.naver.com/yonggi_camping/224301908334
3252,food,종로,을지로 맛집 세운상가 노포 야장 진영이네 골,restaurant,1,[종로/을지로 맛집 ] 세운상가 노포 야장 진영이네 골뱅이 삼겹살,https://blog.naver.com/ekwjddl27/224301509839
3253,food,종로,을지로 맛집 우기식당,restaurant,1,"을지로 맛집 우기식당 을지로, 숙성회반해산물반으로 퇴근 후...",https://blog.naver.com/pacho_/224300423086
3254,food,종로,을지로 종로3가역 고기 맛집,restaurant,1,을지로] 종로3가역 고기 맛집 < 진주대박집>,https://blog.naver.com/yesooook/224301219818
3255,food,제주,음성품바축제,attraction,1,[2026 음성품바축제 총정리] 초대가수 라인업부터 주차 꿀팁...,https://blog.naver.com/trendnews/224301296365
3256,domestic_travel,제주,음성품바축제,attraction,1,[2026 음성품바축제 총정리] 초대가수 라인업부터 주차 꿀팁...,https://blog.naver.com/trendnews/224301296365
3257,domestic_travel,가평,음악놀이터,candidate,1,가평 음악놀이터 서울근교 아이랑 실내 가볼만한 곳 예약 주차...,https://blog.naver.com/chae1luda/224297248779
3258,domestic_travel,가평,음악놀이터 서울근교 아이랑 실내 가볼만한 곳,candidate,1,가평 음악놀이터 서울근교 아이랑 실내 가볼만한 곳 예약 주차...,https://blog.naver.com/chae1luda/224297248779
3259,domestic_travel,가평,음악의,candidate,1,강아지 2마리랑 다녀온 가평 음악의 숲 B동 후기 (정말 너무...,https://blog.naver.com/gpwls931121/224298991368
3260,food,대구,읍성 서쪽 문 밖에 있다고 해서 붙여진 이름,candidate,1,대구 뚜벅이 혼자 당일치기 여행 가볼만한곳 추천 코스,https://blog.naver.com/psybobo11/224301904590
3261,domestic_travel,대구,읍성 서쪽 문 밖에 있다고 해서 붙여진 이름,candidate,1,대구 뚜벅이 혼자 당일치기 여행 가볼만한곳 추천 코스,https://blog.naver.com/psybobo11/224301904590
3262,food,대구,의 새로운 매력을 만나는 대구에서 감성적인 전시,attraction,1,(대구/전시)대구 전시 추천한국화의 새로운 매력을 만나는...,https://blog.naver.com/pigcjh/224300207722
3263,domestic_travel,대구,의 새로운 매력을 만나는 대구에서 감성적인 전시,attraction,1,(대구/전시)대구 전시 추천한국화의 새로운 매력을 만나는...,https://blog.naver.com/pigcjh/224300207722
3264,food,종로,의 특징들을 이야기해볼게요 첫 번째로,candidate,1,서울 종로 맛집 에서 직접 먹어본 솔직한 감상,https://blog.naver.com/ghqmdrx/224299340109
3265,food,광주,의재미술관,attraction,1,무등산 증심사 산책로 포레스트 뷰 미술관 춘설차 춘설빵 후기...,https://blog.naver.com/cangchichi/224301854445
3266,domestic_travel,광주,의재미술관,attraction,1,무등산 증심사 산책로 포레스트 뷰 미술관 춘설차 춘설빵 후기...,https://blog.naver.com/cangchichi/224301854445
3267,food,수원,이 나있는곳인거 같았답니다 1 인계동 점심 맛집,restaurant,1,인계동 점심 맛집 모노폴1982의 수원 코스요리 즐기기,https://blog.naver.com/greta0074/224301709555
3268,food,부산,이 있다해서 다녀왔어요 더바른 식당,restaurant,1,[부산동래] 온천장 가성비 고기집 추천! 더바른식당 다녀왔어요...,https://blog.naver.com/tnqkr0714/224301948311
3269,food,성수,이 있더라구요 노량진 수산시장,travel_spot,1,[ 서울 맛집 ] 서울 가락시장 횟집 맛집 / 장성수산,https://blog.naver.com/ssingssing21_/224301531949
3270,domestic_travel,성수,이 있더라구요 노량진 수산시장,travel_spot,1,[ 서울 맛집 ] 서울 가락시장 횟집 맛집 / 장성수산,https://blog.naver.com/ssingssing21_/224301531949
3271,domestic_travel,대전,이 푸딩 등 하지만 아직 성심당이 남아있지 커피,cafe,1,"대전 월요일 당일치기 (영춘모찌, 몽심, 콜버샵, 꿈돌이 푸딩 등)",https://blog.naver.com/giddms4773/224301579455
3272,food,성수,이거든요 그런데 제가 정말 맛있게 먹었던 일식당,restaurant,1,"성수동일식당 메시, 뚝섬역에서 맛있는 일식을 먹을 수 있는 곳",https://blog.naver.com/terim_c/224301924394
3273,domestic_travel,인천,이곳에 가면 뭘 할까 고민하고 계신가요 20,candidate,1,인천 가볼만한곳 2026년 추천 7선 확인하기,https://dwqn.tistory.com/375
3274,domestic_travel,경주,이나 분위기 좋은 식당,restaurant,1,[경주/황리단길 맛집] 료코 안심카츠·료무라이스 솔직 후기...,https://blog.naver.com/iammjih/224301850037
3275,food,종로,이다 보니 평일 11시 없이 맛있는 가성비 식당,restaurant,1,종로 가성비 맛집 추천 ! 미국식 중식당 '서울익스프레스88...,https://blog.naver.com/mingbusiness/224301908394
3276,food,인천,이도참치,candidate,1,[이도참치] 인천시청역 초밥 / 구월동 참치 / 인천시청역 점심...,https://blog.naver.com/heelifelike/224301710922
3277,food,종로,이라 해서 더 기대 중 내부는 아담한,candidate,1,동대문 삼계탕 종로 닭한마리 맛집 추천 : 한민국 닭한마리,https://blog.naver.com/ksy010915/224301844960
3278,food,인천,이라고 해서 기대를 하였는데요 기대는,candidate,1,"[Ep. 150] dblog. 현실복귀. 애호박솥밥, 이집트경양식...",https://blog.naver.com/sobidoby/224301920783
3279,food,수원,이라기보다는 어릴 때 시장,travel_spot,1,지동시장 맛집 추천 ｜수원만두 맛집 추억의장날만두 솔직 후기,https://blog.naver.com/dongsangyes/224301816491
3280,food,수원,이라는 노팅힐 베이커리,cafe,1,수원 행궁동 테라스 카페 추천 노팅힐 베이커리 (딸기케이크 맛집 ),https://blog.naver.com/thebagle3/224301814817
3281,food,광주,이라는 타이틀이 왜 이곳에 붙었는지 경,candidate,1,해산물과 매운탕까지 든든하게 즐기기 좋은 경기광주 맛집 다녀옴,https://blog.naver.com/mijin_2679/224301951173
3282,food,대구,이라던데 이미 커피,cafe,1,대구 대봉동 예물전문 결혼반지 수누주얼리 계약하고 온 후기,https://blog.naver.com/mina4622/224301944817
3283,food,대전,이랍니다 대전 유성구 관들2길 8-7,candidate,1,관평동 맛집 사르르 녹는 대패삼겹살 총각네돌판집,https://blog.naver.com/jyt2447/224301951483
3284,food,부산,이뤄진다는,candidate,1,한 가지 소원은 꼭 이뤄진다는 부산 해동용궁사 이야기/ 부처님...,https://blog.naver.com/mozzi_0123/224301392070
3285,domestic_travel,부산,이뤄진다는,candidate,1,한 가지 소원은 꼭 이뤄진다는 부산 해동용궁사 이야기/ 부처님...,https://blog.naver.com/mozzi_0123/224301392070
3286,food,종로,이를 다녀왔어요 평소 엄마는 분위기가 좋은 식당,restaurant,1,익선동 맛집 송암온반 후기｜부모님도 만족한 종로3가 한식 맛집,https://blog.naver.com/lje413/224301748667
3287,domestic_travel,대전,이마트,candidate,1,유일베이킹 대전 이마트 컬처클럽 둔산점 유아 클래스...,https://blog.naver.com/uilbaking/224301929000
3288,domestic_travel,대전,이마트 컬처클럽 둔산점 유아 클래스 대전아이,candidate,1,유일베이킹 대전 이마트 컬처클럽 둔산점 유아 클래스...,https://blog.naver.com/uilbaking/224301929000
3289,domestic_travel,강릉,이모네생선찜 먹으러 오는 차 안에서 가오리,candidate,1,강릉 이모네생선찜 드디어 먹어봄!(주차/예약 방법/가격),https://blog.naver.com/maximum_min/224301448433
3290,domestic_travel,강릉,이번 강릉 여행에서는 강릉 중앙시장,travel_spot,1,강릉 중앙시장 맛집 교동대게 강릉 로컬 맛집,https://blog.naver.com/lovejsh85/224301939788
3291,food,대전,이색,candidate,1,코인으로 게임할 수 있는 대전 이색 술집 [술방구] 둔산동 술집,https://blog.naver.com/main_story_/224301584281
3292,domestic_travel,대전,이색,candidate,1,코인으로 게임할 수 있는 대전 이색 술집 [술방구] 둔산동 술집,https://blog.naver.com/main_story_/224301584281
3293,food,대구,이색,candidate,1,부타캣 NC경산점 방문 후기 / 경산 가볼만한 곳 대구 이색 카페,https://blog.naver.com/yuyu5977/224301938455
3294,domestic_travel,대구,이색,candidate,1,부타캣 NC경산점 방문 후기 / 경산 가볼만한 곳 대구 이색 카페,https://blog.naver.com/yuyu5977/224301938455
3295,food,대전,이색 술집 술방구 둔산동 술집 인스타,restaurant,1,코인으로 게임할 수 있는 대전 이색 술집 [술방구] 둔산동 술집,https://blog.naver.com/main_story_/224301584281
3296,domestic_travel,대전,이색 술집 술방구 둔산동 술집 인스타,restaurant,1,코인으로 게임할 수 있는 대전 이색 술집 [술방구] 둔산동 술집,https://blog.naver.com/main_story_/224301584281
3297,food,대구,이색 카페 팻말을 볼 수 있으니 확인하시고,cafe,1,부타캣 NC경산점 방문 후기 / 경산 가볼만한 곳 대구 이색 카페,https://blog.naver.com/yuyu5977/224301938455
3298,domestic_travel,대구,이색 카페 팻말을 볼 수 있으니 확인하시고,cafe,1,부타캣 NC경산점 방문 후기 / 경산 가볼만한 곳 대구 이색 카페,https://blog.naver.com/yuyu5977/224301938455
3299,food,수원,이색데이트 장소를 찾다가 다녀온 곳이 바로,restaurant,1,행궁동 이색 카페 데이트 장소 수원파충류샵 게코카페 티라노...,https://blog.naver.com/wsid_today_/224299470468
3300,domestic_travel,광주,이씨,candidate,1,"[칠곡 여행 ] 매원마을에서 만난 선물 같은 인연, 광주 이씨...",https://blog.naver.com/sunny-11111/224301880574
3301,domestic_travel,광주,이씨 태그 Tag,candidate,1,"[칠곡 여행 ] 매원마을에서 만난 선물 같은 인연, 광주 이씨...",https://blog.naver.com/sunny-11111/224301880574
3302,food,종로,이었습니다,candidate,1,"종로일식 맛집 [아이소], 육즙 가득 한우 함바그 데이트 후기",https://blog.naver.com/hi304823/224300503273
3303,food,강남,이었습니다 오늘은 10년차 맛집,restaurant,1,강남역 딤섬 맛집 추천! 미쉐린 가이드 홍콩 딤섬 팀호완...,https://blog.naver.com/parkplm098/224300466632
3304,food,대전,이에요 대전 반찬식당,restaurant,1,대전 맛집 반찬식당 보문산 두부두루치기 메뉴추천,https://blog.naver.com/0123shop/224297148245
3305,domestic_travel,대전,이에요 대전 반찬식당,restaurant,1,대전 맛집 반찬식당 보문산 두부두루치기 메뉴추천,https://blog.naver.com/0123shop/224297148245
3306,food,종로,이에요 무려 NCT 위시도 다녀간 종로 맛집,restaurant,1,동대문 삼계탕 종로 닭한마리 맛집 추천 : 한민국 닭한마리,https://blog.naver.com/ksy010915/224301844960
3307,food,대구,이였다면 오늘은 뷰티데이,candidate,1,대구 다사대실 속눈썹펌 맛집 자연스럽고 유지력 좋은곳...,https://blog.naver.com/ssh_1047/224301862742
3308,food,성수,이오김밥에서,candidate,1,성수 맛집 이오김밥에서 건강한 재료로 차린 든든한 한 끼...,https://blog.naver.com/ynam2121/224301886859
3309,food,성수,이오김밥에서 건강한 재료로 차린 든든한,candidate,1,성수 맛집 이오김밥에서 건강한 재료로 차린 든든한 한 끼...,https://blog.naver.com/ynam2121/224301886859
3310,domestic_travel,가평,이오스펜션입니다 조용한 분위기에서 힐링할 수,travel_spot,1,가평 펜션 추천 북한강 뷰가 매력적인 “이오스펜션” 후기...,https://blog.naver.com/qkrekgo123/224300989700
3311,domestic_travel,광주,이와 가볼만한곳 국내 최초 함평양서파충류생태공원,travel_spot,1,"전남 아이와 가볼만한곳 , 국내 최초 함평양서파충류생태공원...",https://blog.naver.com/unapig/224301527746
3312,domestic_travel,부산,이유,candidate,1,"혼자 가기 좋은 뚜벅이 여행 지 10곳 추천( 서울 ·경기강릉, 부산...",https://blog.naver.com/icshlove/224297092785
3313,food,수원,이의동,candidate,1,"수원 이의동 맛집 추천 수원조개구이 조개창고, 신선한 조개와...",https://blog.naver.com/ye_rim_-/224301876910
3314,food,강남,이자,candidate,1,강남 맛집 이자 든든한 한끼 대접하기 좋은 오봉집 선릉점 솔직후기,https://blog.naver.com/hotchuuday/224300535486
3315,food,강남,이자 든든한 한끼 대접하기 좋은 오봉집,candidate,1,강남 맛집 이자 든든한 한끼 대접하기 좋은 오봉집 선릉점 솔직후기,https://blog.naver.com/hotchuuday/224300535486
3316,food,성수,이자카야,candidate,1,성수 맛집 이자카야 지금이밤 성수본점 성수동 데이트 술집...,https://blog.naver.com/wishb0501/224301582593
3317,domestic_travel,성수,이자카야,candidate,1,성수 맛집 이자카야 지금이밤 성수본점 성수동 데이트 술집...,https://blog.naver.com/wishb0501/224301582593
3318,food,성수,이자카야 지금이밤 성수본점 성수동 데이,candidate,1,성수 맛집 이자카야 지금이밤 성수본점 성수동 데이트 술집...,https://blog.naver.com/wishb0501/224301582593
3319,domestic_travel,성수,이자카야 지금이밤 성수본점 성수동 데이,candidate,1,성수 맛집 이자카야 지금이밤 성수본점 성수동 데이트 술집...,https://blog.naver.com/wishb0501/224301582593
3320,domestic_travel,강릉,이정태수제갈,candidate,1,[강릉 맛집 ] 강릉이정태수제갈... 터지는 현지인 추천 강릉 고기집,https://blog.naver.com/wntjddml1/224300312135
3321,domestic_travel,경주,이제,candidate,1,이제 경주 후기 — 경주 Ma-dong에서 만난 히노끼탕과 코스 ...,https://blog.naver.com/check_in_story/224299618574
3322,food,부산,이진,candidate,1,호텔 윈덤 그랜드 부산 이진 (Wyndham Grand Busan Ijin)...,https://blog.naver.com/gotrip2001/224301839034
3323,domestic_travel,부산,이진,candidate,1,호텔 윈덤 그랜드 부산 이진 (Wyndham Grand Busan Ijin)...,https://blog.naver.com/gotrip2001/224301839034
3324,food,부산,이진 Wyndham Grand Busan I,candidate,1,호텔 윈덤 그랜드 부산 이진 (Wyndham Grand Busan Ijin)...,https://blog.naver.com/gotrip2001/224301839034
3325,domestic_travel,부산,이진 Wyndham Grand Busan I,candidate,1,호텔 윈덤 그랜드 부산 이진 (Wyndham Grand Busan Ijin)...,https://blog.naver.com/gotrip2001/224301839034
3326,domestic_travel,경주,이치니산도,candidate,1,[경주 이치니산도] 경주 웨이팅 핫플 산도 맛집 ):,https://blog.naver.com/mickey4131/224301652910
3327,food,대구,이탈리안레스토랑,restaurant,1,대구 수성구 다이닝& 분위기 좋은 범어동 와인바_ 로쏘(ROSSO),https://blog.naver.com/rosa920513/224301927215
3328,domestic_travel,대구,이탈리안레스토랑,restaurant,1,대구 수성구 다이닝& 분위기 좋은 범어동 와인바_ 로쏘(ROSSO),https://blog.naver.com/rosa920513/224301927215
3329,food,성수,이탈리안레스토랑,restaurant,1,성수 맛집 미루성수: 미루성수에서의 새로운 미식 경험,https://blog.naver.com/ycm7802/224301839753
3330,food,강남,이탈리안레스토랑,restaurant,1,강남역 녘(Nyeock) 솔직 후기 — 내 청첩장을 전하던 날,https://blog.naver.com/buyhan1/224301702813
3331,domestic_travel,제주,이호테우 해변 모습을 보여드리려고 해요 여름,travel_spot,1,제주도 해수욕장 개장일 제주 이호테우 해변 추천,https://blog.naver.com/mok5022/224301727366
3332,domestic_travel,경주,익산 가볼만한 곳 주말여행 백제왕궁박물관,attraction,1,익산 가볼만한 곳 주말여행 백제왕궁박물관,https://blog.naver.com/kimdang22_/224301524505
3333,food,종로,익선동 파스타 맛집 신라호텔,restaurant,1,익선동 파스타 맛집 신라호텔 10년 경력 셰프의 독립밀방...,https://blog.naver.com/minji9038/224301574094
3334,food,수원,인계동 느좋카페 내돈내산 넓고 커피 찐맛도리,cafe,1,[카페] 수원 인계동 느좋카페 / 내돈내산 넓고 커피 찐맛도리집...,https://blog.naver.com/wanikong/224301785255
3335,food,수원,인계동 맛집 - 마장동김씨 수원인계점 수원시,restaurant,1,수원 인계동 맛집 - 마장동김씨 수원인계점 (수원시청역...,https://blog.naver.com/trak89/224301927141
3336,food,수원,인계동 맛집 로마경양식 전통 돈까스 함박스테,restaurant,1,수원 인계동 맛집 로마경양식... 전통 돈까스 함박스테이크 맛집,https://blog.naver.com/sandy1014/224301777705
3337,food,수원,인계동 맛집 수원 경양식 맛집을 찾고,restaurant,1,수원 인계동 맛집 로마경양식... 전통 돈까스 함박스테이크 맛집,https://blog.naver.com/sandy1014/224301777705
3338,food,수원,인계동 점심 맛집 쌀국수 포레스트오늘숲,restaurant,1,"수원 인계동 점심 맛집 , 쌀국수 포레스트오늘숲",https://blog.naver.com/singungi1102/224301913285
3339,food,수원,인계동 한정식 맛집 이교수 한정식,restaurant,1,모시고 가기 좋은 깔끔한 수원 인계동 한정식 맛집 [이교수 한정식],https://blog.naver.com/sooo_thanks/224301951989
3340,food,수원,인계점,candidate,1,수원 인계동 맛집 - 마장동김씨 수원인계점 (수원시청역...,https://blog.naver.com/trak89/224301927141
3341,food,강남,인근에 예복 대여 맞춤예복,candidate,1,"청담예복 추천, 애스콧테일러 방문상담, 가격, 후기",https://blog.naver.com/minji_43/224292285288
3342,food,수원,인상적이었던,candidate,1,수원역점 후기|육사시미와 딱새우가 인상적이었던 수원역 맛집,https://blog.naver.com/newspringreview/224301956400
3343,food,인천,인스파이어,candidate,1,[인천 인스파이어 리조트] 영종도 호캉스|푸드코트 피자 존맛...,https://blog.naver.com/yjeew43/224297682825
3344,domestic_travel,인천,인스파이어,candidate,1,[인천 인스파이어 리조트] 영종도 호캉스|푸드코트 피자 존맛...,https://blog.naver.com/yjeew43/224297682825
3345,food,인천,인스파이어 리조트,travel_spot,1,[인천 인스파이어 리조트] 영종도 호캉스|푸드코트 피자 존맛...,https://blog.naver.com/yjeew43/224297682825
3346,domestic_travel,인천,인스파이어 리조트,travel_spot,1,[인천 인스파이어 리조트] 영종도 호캉스|푸드코트 피자 존맛...,https://blog.naver.com/yjeew43/224297682825
3347,food,인천,인스파이어 리조트 영종도 호캉스 푸드코트 피,travel_spot,1,[인천 인스파이어 리조트] 영종도 호캉스|푸드코트 피자 존맛...,https://blog.naver.com/yjeew43/224297682825
3348,domestic_travel,인천,인스파이어 리조트 영종도 호캉스 푸드코트 피,travel_spot,1,[인천 인스파이어 리조트] 영종도 호캉스|푸드코트 피자 존맛...,https://blog.naver.com/yjeew43/224297682825
3349,food,인천,인스파이어엔터테인먼트리조트,travel_spot,1,"[인천 영종도] 가볼만한곳, 인스파이어 리조트 오아시스...",https://blog.naver.com/shlove01299/224301909997
3350,domestic_travel,인천,인스파이어엔터테인먼트리조트,travel_spot,1,"[인천 영종도] 가볼만한곳, 인스파이어 리조트 오아시스...",https://blog.naver.com/shlove01299/224301909997
3351,domestic_travel,광주,인연,candidate,1,"[칠곡 여행 ] 매원마을에서 만난 선물 같은 인연, 광주 이씨...",https://blog.naver.com/sunny-11111/224301880574
3352,domestic_travel,대구,인의,candidate,1,구 대구인의 대구 당일치기 코스 (+ 뚜벅이 ),https://blog.naver.com/wol_sun_/224301597927
3353,food,성수,인증 성수 술집 리타르단도,restaurant,1,성수 파스타 맛집 리타르단도|챔프커피 성수점|성수...,https://blog.naver.com/asweetsandwich/224301919534
3354,domestic_travel,성수,인증 성수 술집 리타르단도,restaurant,1,성수 파스타 맛집 리타르단도|챔프커피 성수점|성수...,https://blog.naver.com/asweetsandwich/224301919534
3355,domestic_travel,성수,인천 송도 인스파이어 리조트,travel_spot,1,인천 송도 인스파이어 리조트 프로모션 빅 특가 스플래시 베이...,https://blog.naver.com/rud_gml/224301267430
3356,domestic_travel,제주,인천에서,candidate,1,인천에서 제주도 배편 시간표 요금 소요시간 확인정보,https://bluebeat.tistory.com/514
3357,food,광주,인크커피,cafe,1,광주 챔피언스필드 최신유행 먹거리ㅣ오토김밥ㅣ행복통닭...,https://blog.naver.com/reviviver/224301756648
3358,domestic_travel,광주,인크커피,cafe,1,광주 챔피언스필드 최신유행 먹거리ㅣ오토김밥ㅣ행복통닭...,https://blog.naver.com/reviviver/224301756648
3359,food,제주,인크커피,cafe,1,[ 서울 가산디지털단지] 가디역 제주 흑돼지 항정카츠 맛집 카츠...,https://blog.naver.com/slsl5340/224300906519
3360,food,인천,인터뷰잇,candidate,1,인터뷰잇 인천미추홀점 이용 후기 [100% 내돈내산 ],https://blog.naver.com/s4341607/224301826092
3361,food,성수,일로3길 맛집,restaurant,1,성수 타코 맛집 모리몰리... 연어타르타르타코 서울숲 타코 맛집,https://blog.naver.com/dhdnjfdmlwldnjs/224301811476
3362,food,제주,일몰,candidate,1,"제주 일몰 명소 추천, 현지인도 찾는 외도동 내도알작지",https://blog.naver.com/nsh2537/224301919347
3363,domestic_travel,제주,일몰,candidate,1,"제주 일몰 명소 추천, 현지인도 찾는 외도동 내도알작지",https://blog.naver.com/nsh2537/224301919347
3364,food,제주,일몰 명소 외도동과 핑크빛으로 물드는 제주,candidate,1,"제주 일몰 명소 추천, 현지인도 찾는 외도동 내도알작지",https://blog.naver.com/nsh2537/224301919347
3365,domestic_travel,제주,일몰 명소 외도동과 핑크빛으로 물드는 제주,candidate,1,"제주 일몰 명소 추천, 현지인도 찾는 외도동 내도알작지",https://blog.naver.com/nsh2537/224301919347
3366,food,강남,일본 3대 오니기리 맛집,restaurant,1,일본 3대 오니기리 맛집 교토 오니마루 신세계백화점 강남점...,https://blog.naver.com/songsally_/224301929881
3367,domestic_travel,부산,일본만,candidate,1,"일본만 부산 대마도 배편, 노바호로 떠나는 알찬 여행",https://blog.naver.com/darkchefs/224300813561
3368,food,부산,일본편에서 다이닝,restaurant,1,광안리 술집 이타쇼 이자카야 핫플 추천,https://blog.naver.com/ses871128/224301856528
3369,domestic_travel,부산,일본편에서 다이닝,restaurant,1,광안리 술집 이타쇼 이자카야 핫플 추천,https://blog.naver.com/ses871128/224301856528
3370,food,대구,일상,candidate,1,일상 대구 셀프스튜디오 그날의 미술관 가족사진 주차지원(X)...,https://blog.naver.com/akdongch/224301941916
3371,domestic_travel,경주,일상,candidate,1,워너k 일상 경주 황리단길 당일치기 무료 공영주차장 정보,https://blog.naver.com/bokyeong77777/224301513801
3372,food,대구,일상 대구 셀프스튜디오 그날의 미술관,attraction,1,일상 대구 셀프스튜디오 그날의 미술관 가족사진 주차지원(X)...,https://blog.naver.com/akdongch/224301941916
3373,food,인천,일상 생각 사색 송도 달빛 축제 공원,attraction,1,"[일상 생각|사색|송도 달빛 축제 공원] ""송도 달빛축제공원...",https://blog.naver.com/wjcho062/224301841051
3374,domestic_travel,인천,일상 생각 사색 송도 달빛 축제 공원,attraction,1,"[일상 생각|사색|송도 달빛 축제 공원] ""송도 달빛축제공원...",https://blog.naver.com/wjcho062/224301841051
3375,food,성수,일식,candidate,1,성수 일식 맛집 탐광 내돈내산 솔직 리뷰,https://blog.naver.com/eunsu_exe/224301452958
3376,domestic_travel,성수,일식,candidate,1,성수 일식 맛집 탐광 내돈내산 솔직 리뷰,https://blog.naver.com/eunsu_exe/224301452958
3377,food,성수,일식 맛집 탐광 내돈내산 솔직 리뷰 성수저녁,restaurant,1,성수 일식 맛집 탐광 내돈내산 솔직 리뷰,https://blog.naver.com/eunsu_exe/224301452958
3378,domestic_travel,성수,일식 맛집 탐광 내돈내산 솔직 리뷰 성수저녁,restaurant,1,성수 일식 맛집 탐광 내돈내산 솔직 리뷰,https://blog.naver.com/eunsu_exe/224301452958
3379,domestic_travel,부산,일출,candidate,1,[부산 겨울 일출] 부산 겨울 해돋이 탐방 코스 안내,https://blog.naver.com/go-in/224301880782
3380,food,수원,임 20 20 라스트 오더 외부 모습 광교 카페,cafe,1,광교 카페거리 맛집 노란 황태 황태구이정식 & 황태 보리 물냉면,https://blog.naver.com/greenbite25/224301754499
3381,food,광주,임동,candidate,1,광주 임동 챔피언스필드 근처 중식 맛집 - 영발원,https://blog.naver.com/chequered_f1ag/224301931098
3382,food,광주,임동 챔피언스필드 근처 중식 맛집 - 영발원,restaurant,1,광주 임동 챔피언스필드 근처 중식 맛집 - 영발원,https://blog.naver.com/chequered_f1ag/224301931098
3383,domestic_travel,제주,임실장미축제,attraction,1,임실N장미축제 개화상황 총정리! 인생샷 명소 추천,https://blog.naver.com/n_n_ii/224301287562
3384,domestic_travel,제주,임실N장미축제,attraction,1,임실N장미축제 개화상황 총정리! 인생샷 명소 추천,https://blog.naver.com/n_n_ii/224301287562
3385,food,부산,임이 잡혀서 그 덕분에 요즘 핫플 들을 동래시장,travel_spot,1,국내신흥여행지 부산가볼만한곳 동래온천 온천장을 아시나요?,https://blog.naver.com/bintorynim/224301819331
3386,domestic_travel,부산,임이 잡혀서 그 덕분에 요즘 핫플 들을 동래시장,travel_spot,1,국내신흥여행지 부산가볼만한곳 동래온천 온천장을 아시나요?,https://blog.naver.com/bintorynim/224301819331
3387,food,광주,임이지,candidate,1,광주 임이지 메이크업 상무점 위치 가격 주차 인생 메이크업...,https://blog.naver.com/ssjj5044/224301955021
3388,food,인천,임학동,candidate,1,[인천 맛집 ] 임학동 맛집 “더맛있는족발보쌈 인천임학점”...,https://blog.naver.com/tjdth503/224301919311
3389,food,인천,임학동 맛집 더맛있는족발보쌈 인천임학점,restaurant,1,[인천 맛집 ] 임학동 맛집 “더맛있는족발보쌈 인천임학점”...,https://blog.naver.com/tjdth503/224301919311
3390,food,수원,입니다 수원 망포동에서 진짜 맛있는 중식당,restaurant,1,[수원/망포동] 부먹인데 바삭바삭해? 탕수육 맛집 금화루,https://blog.naver.com/daily_mandung_2/224301844515
3391,food,부산,입니다 오늘은 10년 넘게 한우곱창 부산대 맛집,restaurant,1,곱창전골까지 야무지게 먹을 수 있는 부산대 맛집 추천,https://blog.naver.com/m_elon/224301820818
3392,food,부산,있는,candidate,1,곱창전골까지 야무지게 먹을 수 있는 부산대 맛집 추천,https://blog.naver.com/m_elon/224301820818
3393,domestic_travel,대전,있는,candidate,1,코인으로 게임할 수 있는 대전 이색 술집 [술방구] 둔산동 술집,https://blog.naver.com/main_story_/224301584281
3394,food,강남,있는 모듬카츠세트가 있다고 해서 다녀온 카츠공방,candidate,1,신사역 돈까스 맛집 카츠공방 신사역점 모듬카츠세트가 진짜...,https://blog.naver.com/kichica/224301755780
3395,domestic_travel,인천,있는 주변에 호텔,travel_spot,1,영종도 숙소:> 에어스카이 호텔 :기분전환하러 가볍게 다녀오기...,https://blog.naver.com/bbozzaki__/224301611040
3396,domestic_travel,인천,있던 터라 여기 괜찮다 싶었어요 에어스카이호텔,travel_spot,1,영종도 숙소:> 에어스카이 호텔 :기분전환하러 가볍게 다녀오기...,https://blog.naver.com/bbozzaki__/224301611040
3397,food,제주,있어 인프라가 매우 뛰어납니다 다인오세아노호텔,travel_spot,1,[제주서쪽여행 애월숙소추천] 다인오세아노호텔 스위트 풀빌라...,https://blog.naver.com/yuna1103/224301888004
3398,domestic_travel,제주,있어 인프라가 매우 뛰어납니다 다인오세아노호텔,travel_spot,1,[제주서쪽여행 애월숙소추천] 다인오세아노호텔 스위트 풀빌라...,https://blog.naver.com/yuna1103/224301888004
3399,food,부산,자극적인 맛을 잊기는 쉽지 않다 맛도 있고 식당,restaurant,1,샤로수길 양념대창 맛집 “안녕부산”|데이트 맛집 추천,https://blog.naver.com/bsy4250/224301805578
3400,domestic_travel,부산,자극적인 맛을 잊기는 쉽지 않다 맛도 있고 식당,restaurant,1,샤로수길 양념대창 맛집 “안녕부산”|데이트 맛집 추천,https://blog.naver.com/bsy4250/224301805578
3401,domestic_travel,가평,자라섬 꽃 페스타에서 만나는,candidate,1,서울 근교 꽃구경 추천! 가평 자라섬 꽃 페스타에서 만나는...,https://blog.naver.com/usi345/224299351255
3402,domestic_travel,가평,자라섬 꽃축제는 수도권에서,attraction,1,가평 자라섬 꽃축제 2026 총정리｜남도꽃정원 봄꽃페스타...,https://blog.naver.com/123whywhy/224299354360
3403,domestic_travel,가평,자라섬 꽃축제를 다녀오게,attraction,1,가평 자라섬 꽃축제 기간 남도 꽃정원 데이트 코스 추천,https://blog.naver.com/su_yogi/224301893946
3404,domestic_travel,가평,자라섬 꽃페스타 실시간,candidate,1,"가평 자라섬 꽃페스타 실시간 후기｜수국 양귀비 만개, 지금...",https://blog.naver.com/hoppog/224301491239
3405,domestic_travel,가평,자라섬 축제,attraction,1,[자라섬 축제] 서울 근교 꽃구경 추천 자라섬 꽃 페스타 2026...,https://blog.naver.com/puri119/224299698947
3406,domestic_travel,가평,자라섬꽃페스타,candidate,1,가평 자라섬꽃페스타,https://blog.naver.com/sopg2633/224299430461
3407,domestic_travel,가평,자라섬꽃페스타 사진 찍는 걸 좋아하거나 서울,candidate,1,가평 자라섬꽃페스타,https://blog.naver.com/sopg2633/224299430461
3408,domestic_travel,가평,자라섬이,candidate,1,가평 자라섬이 형형색색 꽃으로 물들었어요! Colorful...,https://blog.naver.com/soosoo2207/224299445216
3409,domestic_travel,가평,자라섬이 형형색색 꽃으로 물들었어요 Colo,candidate,1,가평 자라섬이 형형색색 꽃으로 물들었어요! Colorful...,https://blog.naver.com/soosoo2207/224299445216
3410,domestic_travel,가평,자연 속에서 특별한 여름 추억을 만들어보세요,candidate,1,가평 제휴펜션|CLUB WATER,https://blog.naver.com/clubwate/224295995014
3411,food,대구,자연속에서,candidate,1,대구 자연속에서 즐기는 모래놀이 물놀이 계곡카페...,https://blog.naver.com/contor11/224301902176
3412,domestic_travel,대구,자연속에서,candidate,1,대구 자연속에서 즐기는 모래놀이 물놀이 계곡카페...,https://blog.naver.com/contor11/224301902176
3413,domestic_travel,인천,자월도,candidate,1,인천 자월도 여행 - 50분이면 가는 보랏빛 섬의 5가지 매력,https://blog.naver.com/venuszzzz/224301505070
3414,domestic_travel,인천,자월도 여행 - 50분이면 가는 보랏빛 섬의,candidate,1,인천 자월도 여행 - 50분이면 가는 보랏빛 섬의 5가지 매력,https://blog.naver.com/venuszzzz/224301505070
3415,food,인천,자유여행,candidate,1,시드니 자유여행 인천공항 1터미널 출국 & 푸드코트 경성분식...,https://blog.naver.com/bonni22/224301785073
3416,domestic_travel,경주,자전거가 너무 좋았다 5월 2일 포항항 포항,candidate,1,2026년 05월,https://blog.naver.com/qortkf1oo/224301541568
3417,domestic_travel,대전,자차,candidate,1,자차 대전 당일치기 여행 후기. (내가 생활한복에 다시 눈뜬 이유),https://blog.naver.com/pixel9/224301873632
3418,domestic_travel,대구,작년에는 거의 부산에서 살았었는데 이번에는,candidate,1,2026: 초록을 거머쥔 5월,https://blog.naver.com/kyyeeee/224301861746
3419,domestic_travel,대구,잖아요 근데 대구역에서 내리면 동성로와 서문시장,travel_spot,1,구 대구인의 대구 당일치기 코스 (+ 뚜벅이 ),https://blog.naver.com/wol_sun_/224301597927
3420,domestic_travel,가평,잣손두부,candidate,1,빛두리 가평 잣손두부 잣두부전골 감자전 내돈내산 주차,https://blog.naver.com/joyto17/224300848525
3421,domestic_travel,가평,잣으로 만든 진한 잣 콩국수를 맛볼 수 있는,candidate,1,후기|자가제면 칼국수와 잣 콩국수가 맛있는 가평칼국수 맛집,https://blog.naver.com/hoshea1/224301838254
3422,domestic_travel,부산,장단점,candidate,1,"부산 김해공항 근처 호텔 추천, 신라스테이 서부산 장단점 총정리",https://blog.naver.com/goodfinds/224301792220
3423,food,광주,장미공원,travel_spot,1,2026년 5월 광주 조선대학교 장미공원 축제 후기!인생사진...,https://blog.naver.com/namroutine/224301921155
3424,domestic_travel,광주,장미공원,travel_spot,1,2026년 5월 광주 조선대학교 장미공원 축제 후기!인생사진...,https://blog.naver.com/namroutine/224301921155
3425,domestic_travel,인천,장미원 실시간 개화 상황 그늘막 인천대공원,travel_spot,1,주말 가볼만한곳 인천대공원 장미원 실시간 개화 상황 그늘막...,https://blog.naver.com/heizin/224300663561
3426,domestic_travel,제주,장미원축제 서울대공원,attraction,1,국내 6월 여행 지 추천 가볼만한곳 BEST 5,https://blog.naver.com/ttuksum/224298364925
3427,domestic_travel,가평,장미정원,candidate,1,가평 장미정원 추천 /오월의 장미가 피어나는 곳...,https://blog.naver.com/alsb4811/224300608474
3428,food,수원,장소,candidate,1,행궁동 이색 카페 데이트 장소 수원파충류샵 게코카페 티라노...,https://blog.naver.com/wsid_today_/224299470468
3429,food,부산,장승포호텔,travel_spot,1,주차장 최신 사진 업데이트,https://blog.naver.com/hhjsp0711/224301274711
3430,domestic_travel,부산,장승포호텔,travel_spot,1,주차장 최신 사진 업데이트,https://blog.naver.com/hhjsp0711/224301274711
3431,food,수원,장안문,candidate,1,수원 장안문 맛집 향촌구이 갑오징어회 후기 (행궁동 술집 추천),https://blog.naver.com/ez_0920/224301952443
3432,domestic_travel,제주,장항항꼴갑축제,attraction,1,서천 장항항 꼴갑축제 불꽃놀이 명당부터 먹거리까지? 입안...,https://blog.naver.com/project-jaden/224300682190
3433,food,부산,재 여섯 팀이 동시에 식사를 할수있는 작은 식당,restaurant,1,2026 부산 미슐랭 레스토랑 : 비비재,https://blog.naver.com/netnetgo/224301908578
3434,food,광주,재방문,candidate,1,"광주 재방문 맛집 , 실패 없는 신백옥양꼬치 경안점 솔직 후기",https://blog.naver.com/k33mmmm/224301948859
3435,domestic_travel,광주,재방문,candidate,1,"광주 재방문 맛집 , 실패 없는 신백옥양꼬치 경안점 솔직 후기",https://blog.naver.com/k33mmmm/224301948859
3436,food,대구,재송동,candidate,1,부산 해운대구 재송동 순대국밥 맛집 (프렌차이즈),https://blog.naver.com/worldconect/224301748901
3437,food,대구,재송동 순대국밥 맛집 프렌차이즈 얼큰순대국이,restaurant,1,부산 해운대구 재송동 순대국밥 맛집 (프렌차이즈),https://blog.naver.com/worldconect/224301748901
3438,food,인천,저녁 이나 먹기로합니다 말나온김에 또 폼찌공방,candidate,1,인천 용현동 맛집 인하대학교후문 가성비 한식집!!!!.... 맛사랑,https://blog.naver.com/james5272/224301891790
3439,food,종로,저녁은 완성,candidate,1,종각 맛집 철판 위에서 완성되는 일본 감성 오꼬노미야끼 맛집 ...,https://blog.naver.com/fdamin/224300842159
3440,food,강남,저는 조만간 루프탑에서 선선한 바람 맞으며 커피,cafe,1,공존하는 복합문화공간 '셀렉티드닉스' 내돈내산 솔직후기!,https://blog.naver.com/justbesimple/224301880447
3441,food,부산,저도 같이 그렇게 먹다가 체할 것 같아서 점,candidate,1,팔도 틈새라면 매운김치컵라면 feat 부산,https://blog.naver.com/makafood/224301884379
3442,food,대구,저희 가족은 모두 엄지척,candidate,1,영남대 점심 맛집 영대 현지인 제육식당 경주국밥,https://blog.naver.com/kdh5054/224300869929
3443,domestic_travel,대구,저희 가족은 모두 엄지척,candidate,1,영남대 점심 맛집 영대 현지인 제육식당 경주국밥,https://blog.naver.com/kdh5054/224300869929
3444,domestic_travel,인천,적음 당일치기 + 1박2일 혼합 가능 키즈 펜션,travel_spot,1,가족 여행 추천 BEST 10｜아이와 가기 좋은 국내 여행 총정리,https://blog.naver.com/aoutworld/224297576671
3445,domestic_travel,가평,적음 당일치기 + 1박2일 혼합 가능 키즈 펜션,travel_spot,1,가족 여행 추천 BEST 10｜아이와 가기 좋은 국내 여행 총정리,https://blog.naver.com/aoutworld/224297576671
3446,food,강남,적인 공간의 조화 확실한 소확행을 보장하는 커피,cafe,1,[퍼센트 아라비카]신세계 강남 카페추천 도쿄블렌드 서울라떼...,https://blog.naver.com/soar0001/224301747944
3447,domestic_travel,대전,전 근교 바다 여행 충남 서천 해수욕장 + 공원,restaurant,1,아이와 대전 근교 바다 여행 ! 충남 서천 해수욕장 + 공원 피크닉...,https://blog.naver.com/my_prayer_s2/224301723956
3448,domestic_travel,대구,전격 방문 어버이날 카네이션은 드려야하니까,candidate,1,5월 기록,https://blog.naver.com/ykkkkkk_/224301819537
3449,food,대구,전국,candidate,1,[대구] 전국 5대 짬뽕 진흥반점 솔직 후기,https://blog.naver.com/achieve_86/224301880108
3450,domestic_travel,강릉,전국축제,attraction,1,축제 공화국 대한민국…주말마다 떠나도 23년이 걸린다,https://blog.naver.com/point3414/224301686151
3451,food,제주,전국축제,attraction,1,[2026 음성품바축제 총정리] 초대가수 라인업부터 주차 꿀팁...,https://blog.naver.com/trendnews/224301296365
3452,domestic_travel,제주,전국축제,attraction,1,[2026 음성품바축제 총정리] 초대가수 라인업부터 주차 꿀팁...,https://blog.naver.com/trendnews/224301296365
3453,domestic_travel,광주,전남,candidate,1,전남 광주 근교 차박 노지 캠핑 명소 베스트 10 총정리 화장실...,https://blog.naver.com/pias6642/224301442585
3454,food,대구,전남 고창 여행 1 - 고창고인돌박물관,attraction,1,"전남 고창 여행 1 - 고창고인돌박물관, 석정온천, 고창 황윤석...",https://blog.naver.com/kwanieun_/224301466346
3455,domestic_travel,대구,전남 고창 여행 1 - 고창고인돌박물관,attraction,1,"전남 고창 여행 1 - 고창고인돌박물관, 석정온천, 고창 황윤석...",https://blog.naver.com/kwanieun_/224301466346
3456,food,광주,전남도청전시,attraction,1,"광주 옛 전남도청 전시 후기, 2026년 복원 개관, 5·18...",https://blog.naver.com/namroutine/224301950047
3457,domestic_travel,광주,전남도청전시,attraction,1,"광주 옛 전남도청 전시 후기, 2026년 복원 개관, 5·18...",https://blog.naver.com/namroutine/224301950047
3458,domestic_travel,부산,전동 자전거 히타카츠 당일치기 족의 구세주,candidate,1,"[정보일기] 배 타고 떠나는 일본여행, 실패없는 대마도 여행의...",https://blog.naver.com/jnlemon/224301438812
3459,food,제주,전망좋은횟집&흑돼지,candidate,1,[제주 맛집 ] 전망좋은횟집&흑돼지 성산본점 내돈내산 솔직후기...,https://blog.naver.com/this_note/224301587131
3460,domestic_travel,제주,전망좋은횟집&흑돼지,candidate,1,[제주 맛집 ] 전망좋은횟집&흑돼지 성산본점 내돈내산 솔직후기...,https://blog.naver.com/this_note/224301587131
3461,food,제주,전망좋은횟집&흑돼지 성산본점,candidate,1,[제주 맛집 ] 전망좋은횟집&흑돼지 성산본점 내돈내산 솔직후기...,https://blog.naver.com/this_note/224301587131
3462,domestic_travel,제주,전망좋은횟집&흑돼지 성산본점,candidate,1,[제주 맛집 ] 전망좋은횟집&흑돼지 성산본점 내돈내산 솔직후기...,https://blog.naver.com/this_note/224301587131
3463,food,대구,전문,candidate,1,대구 중구) 등대 [ 문어숙회삼합 ] 해산물 전문 대구 교동 맛집 ...,https://blog.naver.com/m__moooon/224301950523
3464,food,광주,전시,attraction,1,"광주 옛 전남도청 전시 후기, 2026년 복원 개관, 5·18...",https://blog.naver.com/namroutine/224301950047
3465,domestic_travel,광주,전시,attraction,1,"광주 옛 전남도청 전시 후기, 2026년 복원 개관, 5·18...",https://blog.naver.com/namroutine/224301950047
3466,food,인천,전시,attraction,1,인천아트플랫폼 전시부터 플리마켓까지 알차게 즐긴 하루,https://blog.naver.com/mingming9706/224301922338
3467,domestic_travel,인천,전시,attraction,1,인천아트플랫폼 전시부터 플리마켓까지 알차게 즐긴 하루,https://blog.naver.com/mingming9706/224301922338
3468,food,대구,전시,attraction,1,(대구/전시)대구 전시 추천한국화의 새로운 매력을 만나는...,https://blog.naver.com/pigcjh/224300207722
3469,domestic_travel,대구,전시,attraction,1,(대구/전시)대구 전시 추천한국화의 새로운 매력을 만나는...,https://blog.naver.com/pigcjh/224300207722
3470,food,대구,전시 대구 전시,attraction,1,(대구/전시)대구 전시 추천한국화의 새로운 매력을 만나는...,https://blog.naver.com/pigcjh/224300207722
3471,domestic_travel,대구,전시 대구 전시,attraction,1,(대구/전시)대구 전시 추천한국화의 새로운 매력을 만나는...,https://blog.naver.com/pigcjh/224300207722
3472,domestic_travel,강릉,전시회,attraction,1,"6월 강릉 전시회, 행사, 데이트코스 추천",https://blog.naver.com/bmw-mini_haslla/224301844414
3473,food,인천,전통,candidate,1,30년 전통 인천 부평시장 떡집 호박인절미 맛집 풍년떡집,https://blog.naver.com/pklaaa/224301934288
3474,domestic_travel,인천,전통,candidate,1,30년 전통 인천 부평시장 떡집 호박인절미 맛집 풍년떡집,https://blog.naver.com/pklaaa/224301934288
3475,food,부산,전통시장,travel_spot,1,부산 부전시장 맛집|명란김밥 웨이팅 가치있을까? 6줄...,https://blog.naver.com/codud2372/224301860848
3476,domestic_travel,부산,전통시장,travel_spot,1,부산 부전시장 맛집|명란김밥 웨이팅 가치있을까? 6줄...,https://blog.naver.com/codud2372/224301860848
3477,food,부산,전포 맛집 돈까스 파스타 고온 내돈내산,restaurant,1,[부산 전포 맛집 ] 돈까스 파스타 고온 내돈내산 후기,https://blog.naver.com/so_rrrrr/224301837066
3478,domestic_travel,부산,전포 맛집 돈까스 파스타 고온 내돈내산,restaurant,1,[부산 전포 맛집 ] 돈까스 파스타 고온 내돈내산 후기,https://blog.naver.com/so_rrrrr/224301837066
3479,food,부산,전포 맛집 버거샵 burger shop,restaurant,1,부산 전포 맛집 버거샵(burger shop) ｜ 힙한 감성 가득한...,https://blog.naver.com/20_27/224301958831
3480,food,부산,전포 맛집 코르 파스타 바 주말 점심,restaurant,1,[부산 전포 맛집 ] 코르 파스타 바 주말 점심 후기｜미쉐린 선정...,https://blog.naver.com/minggi--/224301937591
3481,domestic_travel,부산,전포 맛집 코르 파스타 바 주말 점심,restaurant,1,[부산 전포 맛집 ] 코르 파스타 바 주말 점심 후기｜미쉐린 선정...,https://blog.naver.com/minggi--/224301937591
3482,food,부산,전포 방문 시 한 번쯤 먹어볼 만한 이색 수,candidate,1,[부산] 전포 수육 맛집 갱상도 간받이수육에 해물칼국수까지,https://blog.naver.com/suunn247/224301808049
3483,food,부산,전포 수육 맛집 갱상도 간받이수육에 해물칼국,restaurant,1,[부산] 전포 수육 맛집 갱상도 간받이수육에 해물칼국수까지,https://blog.naver.com/suunn247/224301808049
3484,food,부산,전포동 수제버거 맛집 서면 맛집 버거샵 서면,restaurant,1,부산 전포 맛집 버거샵(burger shop) ｜ 힙한 감성 가득한...,https://blog.naver.com/20_27/224301958831
3485,food,부산,전포술집 서면 롯데백화점 부산시민공원,restaurant,1,서면에어비앤비 해월가 자쿠지 힐링이 가능한 부산가족숙소...,https://blog.naver.com/cutykayo/224301895340
3486,domestic_travel,부산,전포술집 서면 롯데백화점 부산시민공원,restaurant,1,서면에어비앤비 해월가 자쿠지 힐링이 가능한 부산가족숙소...,https://blog.naver.com/cutykayo/224301895340
3487,food,부산,전포신상카페 라이크댓커피,cafe,1,전포신상카페 라이크댓커피 전포점 후기,https://blog.naver.com/mintonmoon_/224301886067
3488,domestic_travel,부산,전포신상카페 라이크댓커피,cafe,1,전포신상카페 라이크댓커피 전포점 후기,https://blog.naver.com/mintonmoon_/224301886067
3489,food,광주,전현무계획 광주 상무지구 육전 가게 식당,restaurant,1,전현무계획 광주 상무지구 육전 가게 식당 위치 어디 맛집 추천,https://blog.naver.com/moreandmore-0211/224301897119
3490,food,광주,전현무계획 광주 연화식당,restaurant,1,전현무계획 광주 연화식당 예약 주차 혼밥 육전 맛집 위치 총정리,https://blog.naver.com/overthesense/224301637298
3491,food,광주,전현무계획 광주 육전 맛집 연화식당,restaurant,1,"전현무계획 광주 육전 맛집 연화식당, 방문 전 꼭 볼 메뉴·위치...",https://blog.naver.com/flemznls1/224301561961
3492,domestic_travel,광주,전현무계획 광주 육전 맛집 연화식당,restaurant,1,"전현무계획 광주 육전 맛집 연화식당, 방문 전 꼭 볼 메뉴·위치...",https://blog.naver.com/flemznls1/224301561961
3493,domestic_travel,경주,전현무계획 시즌3 11회 경주 맛집,restaurant,1,전현무계획 시즌3 11회 경주 맛집,https://blog.naver.com/letsfindout_hub/224299626301
3494,domestic_travel,광주,전현무계획3,candidate,1,전현무계획3 광주 돼지국밥 식당 송정역 시장 맛집 추천,https://blog.naver.com/moreandmore-0211/224301910234
3495,food,광주,전현무계획3 광주 돼지국밥 식당 송정역 시장,restaurant,1,전현무계획3 광주 돼지국밥 식당 송정역 시장 맛집 추천,https://blog.naver.com/moreandmore-0211/224301910234
3496,domestic_travel,광주,전현무계획3 광주 돼지국밥 식당 송정역 시장,restaurant,1,전현무계획3 광주 돼지국밥 식당 송정역 시장 맛집 추천,https://blog.naver.com/moreandmore-0211/224301910234
3497,food,강남,점 지하 식품관을 둘러보게 됐어 원래는 커피,cafe,1,"서울 고속터미널 맛집 속초오징어순대, 궁금해서 먹어봄",https://blog.naver.com/vipppppppp/224301009056
3498,food,수원,점 총 8개의 매장이 있다고 합니다 동대문 맛집,restaurant,1,서울 /동대문 블루리본 카레 맛집,https://blog.naver.com/stay-and-play/224301560258
3499,food,강남,점심,candidate,1,신논현역점/신논현역 혼밥/신논현역 점심/강남역 라멘 추천,https://blog.naver.com/bu0413/224301814776
3500,food,수원,점심,candidate,1,수원 막국수 맛집 대궐막국수! 오목천동 4번 간 찐후기(주차 및...,https://blog.naver.com/g8058/224301932229
3501,food,종로,점심,candidate,1,"을지로3가 점심 , 종각역 점심 ) 종로 돈부리, 달떡볶이, 진작, 더...",https://blog.naver.com/leeyou3602/224301888456
3502,food,광주,점심세트,candidate,1,맛집 직장인 점심은 장인닭갈비 점심세트 광주 닭갈비 맛집 ...,https://blog.naver.com/yooom222/224301586866
3503,domestic_travel,광주,점심세트,candidate,1,맛집 직장인 점심은 장인닭갈비 점심세트 광주 닭갈비 맛집 ...,https://blog.naver.com/yooom222/224301586866
3504,domestic_travel,강릉,정남미명과,candidate,1,정남미명과 강릉본점 / 천하제빵 / 강릉빵집 / 토요일방문후기,https://blog.naver.com/gg1234_567/224301747305
3505,domestic_travel,가평,정답,candidate,1,가평 당일치기 정답 가평 아침고요수목원 수국축제 잣두부정식...,https://blog.naver.com/minago_/224300304123
3506,food,대전,정림동,candidate,1,[대전 정림동 맛집 ] 깔끔한 국물에 반하고 꽉 찬 김밥에 두 번...,https://blog.naver.com/yea00703/224301882963
3507,domestic_travel,대전,정림동,candidate,1,[대전 정림동 맛집 ] 깔끔한 국물에 반하고 꽉 찬 김밥에 두 번...,https://blog.naver.com/yea00703/224301882963
3508,food,대전,정림동 맛집 깔끔한 국물에 반하고 꽉 찬 김,restaurant,1,[대전 정림동 맛집 ] 깔끔한 국물에 반하고 꽉 찬 김밥에 두 번...,https://blog.naver.com/yea00703/224301882963
3509,domestic_travel,대전,정림동 맛집 깔끔한 국물에 반하고 꽉 찬 김,restaurant,1,[대전 정림동 맛집 ] 깔끔한 국물에 반하고 꽉 찬 김밥에 두 번...,https://blog.naver.com/yea00703/224301882963
3510,domestic_travel,가평,정신이 없는데 여기는 걷다 보면 강도 국내축제,attraction,1,가평 자라섬 꽃 페스타 다녀온 후기 생각 없이 갔다가 사진만...,https://blog.naver.com/nana_school/224301396872
3511,food,부산,정원,candidate,1,[비밀의 정원] 부산대 사진관 커플사진 찍고 온 솔직후기,https://blog.naver.com/sydo44/224301936231
3512,domestic_travel,부산,정원,candidate,1,[비밀의 정원] 부산대 사진관 커플사진 찍고 온 솔직후기,https://blog.naver.com/sydo44/224301936231
3513,food,광주,정육식당,restaurant,1,정육점 WM 축산물센터 원미트 한우 특수부위 바베큐 여행 후기,https://blog.naver.com/somsatanggod/224299533091
3514,domestic_travel,광주,정육식당,restaurant,1,정육점 WM 축산물센터 원미트 한우 특수부위 바베큐 여행 후기,https://blog.naver.com/somsatanggod/224299533091
3515,food,수원,정자동,candidate,1,"[내돈내산] 수원 정자동 가성면돈, 아내랑 돈까스 오픈런...",https://blog.naver.com/unconditional_/224301757851
3516,food,수원,정자동 가성면돈 아내랑 돈까스 오픈런 진짜,candidate,1,"[내돈내산] 수원 정자동 가성면돈, 아내랑 돈까스 오픈런...",https://blog.naver.com/unconditional_/224301757851
3517,food,수원,정자동 근처에서 연인이랑 이색적인 재미와 함,candidate,1,"[내돈내산] 수원 정자동 가성면돈, 아내랑 돈까스 오픈런...",https://blog.naver.com/unconditional_/224301757851
3518,food,수원,정지영 커피,cafe,1,정지영 커피로스터즈 코코넛라떼,https://blog.naver.com/jinsolcloud/224301819556
3519,food,수원,정지영커피,cafe,1,정지영 커피로스터즈 코코넛라떼,https://blog.naver.com/jinsolcloud/224301819556
3520,food,강남,정희 에 다녀왔습니다 강남역 맛집 입니다 식당,restaurant,1,"맛집 ] 소개팅, 청첩장 모임, 혼밥 하기 좋은 퓨전 한식 맛집 ...",https://blog.naver.com/dajibang/224301941714
3521,domestic_travel,부산,제10회,candidate,1,동아전람 제10회 부산 건축박람회 관람포인트 총정리!인테리어...,https://blog.naver.com/anrmusic/224301934657
3522,food,강남,제목,candidate,1,제목:강남 한식 맛집 신사전에서 전과 막걸리 찐후기,https://blog.naver.com/yellowys0702/224301944266
3523,food,제주,제원노형점,candidate,1,유돈 제원노형점|제주 야키토리 이자카야 맛집 추천 솔직후기,https://blog.naver.com/yeoneo_1/224301874564
3524,domestic_travel,제주,제원노형점,candidate,1,유돈 제원노형점|제주 야키토리 이자카야 맛집 추천 솔직후기,https://blog.naver.com/yeoneo_1/224301874564
3525,domestic_travel,경주,제육식당,restaurant,1,영남대 점심 맛집 영대 현지인 제육식당 경주국밥,https://blog.naver.com/kdh5054/224300869929
3526,domestic_travel,제주,제주 신라호텔,travel_spot,1,"[제주] 제주 신라호텔- (6/1~6/3) 72시간 깜짝 특가, 룸온리...",https://blog.naver.com/kindandlove/224300902794
3527,food,제주,제주 함덕 카페 슈페너 라떼 맛집 함덕,cafe,1,[제주 카페] 제주 함덕 카페|슈페너 라떼 맛집|함덕 감성카페...,https://blog.naver.com/dnddls011/224301739774
3528,domestic_travel,제주,제주 함덕 카페 슈페너 라떼 맛집 함덕,cafe,1,[제주 카페] 제주 함덕 카페|슈페너 라떼 맛집|함덕 감성카페...,https://blog.naver.com/dnddls011/224301739774
3529,domestic_travel,부산,제주도부터 생각하는,candidate,1,대전이 이렇게 좋았어? 당일치기 여행 코스 Best5,https://blog.naver.com/whqufdl37/224301687117
3530,domestic_travel,부산,제주부터,candidate,1,전국 수국 개화시기 제주부터 부산까지 꽃구경 가볼만한곳,https://blog.naver.com/palmtreecafe/224301747134
3531,domestic_travel,대구,제천 여행 숙소 청풍리조트레이크호텔,travel_spot,1,제천 여행 숙소 청풍리조트레이크호텔 숙박하다,https://blog.naver.com/nayusi0610/224301648029
3532,domestic_travel,가평,제휴펜션 CLUB WATER 워크샵,travel_spot,1,가평 제휴펜션|CLUB WATER,https://blog.naver.com/clubwate/224295995014
3533,domestic_travel,강릉,져 여행 의 즐거움을 한층 강릉 월화거리 야시장,travel_spot,1,"강릉 월화거리 야시장 먹거리부터 분위기까지 완벽 (주차, 추천 ...",https://blog.naver.com/jwc_1209/224301409000
3534,food,부산,조개구이,candidate,1,부산 조개구이 맛집 추천... 미쳤던 바담가 후기 (송정역 맛집 ),https://blog.naver.com/rimmiyou/224301670304
3535,domestic_travel,부산,조개구이,candidate,1,부산 조개구이 맛집 추천... 미쳤던 바담가 후기 (송정역 맛집 ),https://blog.naver.com/rimmiyou/224301670304
3536,food,대구,조개구이,candidate,1,대구 조개구이 맛집 교동에서 즐긴 남포 해산물과 건어물타워...,https://blog.naver.com/liooil7777/224301602165
3537,domestic_travel,대구,조개구이,candidate,1,대구 조개구이 맛집 교동에서 즐긴 남포 해산물과 건어물타워...,https://blog.naver.com/liooil7777/224301602165
3538,food,대구,조개구이 맛집 교동에서 즐긴 남포 해산물과,restaurant,1,대구 조개구이 맛집 교동에서 즐긴 남포 해산물과 건어물타워...,https://blog.naver.com/liooil7777/224301602165
3539,domestic_travel,대구,조개구이 맛집 교동에서 즐긴 남포 해산물과,restaurant,1,대구 조개구이 맛집 교동에서 즐긴 남포 해산물과 건어물타워...,https://blog.naver.com/liooil7777/224301602165
3540,food,수원,조개와 너무 재밌어보였습니다 07 광교호수공원,travel_spot,1,"수원 이의동 맛집 추천 수원조개구이 조개창고, 신선한 조개와...",https://blog.naver.com/ye_rim_-/224301876910
3541,domestic_travel,대구,조문국박물관,attraction,1,고대 왕국의 숨결이 살아있는 '의성 조문국 사적지' 힐링 여행,https://blog.naver.com/wee_mwclass/224301446832
3542,food,부산,조선,candidate,1,호텔 그랜드 조선 부산 해운대 (Grand Josun Busan) AGODA...,https://blog.naver.com/gotrip2001/224301856000
3543,domestic_travel,부산,조선,candidate,1,호텔 그랜드 조선 부산 해운대 (Grand Josun Busan) AGODA...,https://blog.naver.com/gotrip2001/224301856000
3544,food,광주,조선대학교,candidate,1,2026년 5월 광주 조선대학교 장미공원 축제 후기!인생사진...,https://blog.naver.com/namroutine/224301921155
3545,domestic_travel,광주,조선대학교,candidate,1,2026년 5월 광주 조선대학교 장미공원 축제 후기!인생사진...,https://blog.naver.com/namroutine/224301921155
3546,food,광주,조선대학교 장미공원 축제,attraction,1,2026년 5월 광주 조선대학교 장미공원 축제 후기!인생사진...,https://blog.naver.com/namroutine/224301921155
3547,domestic_travel,광주,조선대학교 장미공원 축제,attraction,1,2026년 5월 광주 조선대학교 장미공원 축제 후기!인생사진...,https://blog.naver.com/namroutine/224301921155
3548,domestic_travel,강릉,조아 인간인데 이번 강릉 여행 은,candidate,1,눈물 콧물 행복 가득했던 생일 기념 강릉 여행,https://blog.naver.com/sarah980411/224301958317
3549,food,강남,조양관,candidate,1,강남역 한정식 맛집 조양관 강남 상견례 추천,https://blog.naver.com/ggaeb_ee/224301872444
3550,food,인천,조양방직,candidate,1,인천 조양방직 강화도 카페 가볼만한곳 주차,https://blog.naver.com/ekfgown/224296724164
3551,domestic_travel,인천,조양방직,candidate,1,인천 조양방직 강화도 카페 가볼만한곳 주차,https://blog.naver.com/ekfgown/224296724164
3552,food,제주,조천 맛집 선흘방주할머니식당,restaurant,1,"[제주 조천 맛집] 선흘방주할머니식당, 제주세계자연유산센터와...",https://blog.naver.com/happy_n_rich/224301324842
3553,domestic_travel,제주,조천 맛집 선흘방주할머니식당,restaurant,1,"[제주 조천 맛집] 선흘방주할머니식당, 제주세계자연유산센터와...",https://blog.naver.com/happy_n_rich/224301324842
3554,food,제주,조천 맛집 선흘방주할머니식당 제주세계자연유산,restaurant,1,"[제주 조천 맛집] 선흘방주할머니식당, 제주세계자연유산센터와...",https://blog.naver.com/happy_n_rich/224301324842
3555,domestic_travel,제주,조천 맛집 선흘방주할머니식당 제주세계자연유산,restaurant,1,"[제주 조천 맛집] 선흘방주할머니식당, 제주세계자연유산센터와...",https://blog.naver.com/happy_n_rich/224301324842
3556,domestic_travel,제주,조천 숙소 보메와산 펜션 특징과 여행 팁 제,travel_spot,1,제주 조천 숙소 보메와산 펜션 특징과 여행 팁,https://blog.naver.com/economicskf/224301849441
3557,food,제주,조천 제주의 바람이 책갈피가 되는 카페 이곳,cafe,1,[술빚는여행자] 제주 조천|제주의 바람이 책갈피가 되는 카페...,https://blog.naver.com/antipara/224283060268
3558,domestic_travel,제주,조천 제주의 바람이 책갈피가 되는 카페 이곳,cafe,1,[술빚는여행자] 제주 조천|제주의 바람이 책갈피가 되는 카페...,https://blog.naver.com/antipara/224283060268
3559,domestic_travel,제주,조천에 위치한 보메와산 펜션은 넓은 부지와,travel_spot,1,제주 조천 숙소 보메와산 펜션 특징과 여행 팁,https://blog.naver.com/economicskf/224301849441
3560,food,대구,조합,candidate,1,[김천 맛집 ] 매콤하고 아삭한 콩나물의 환상 조합! '대구왕뽈찜...,https://blog.naver.com/jini3656/224301827851
3561,domestic_travel,대구,조합,candidate,1,[김천 맛집 ] 매콤하고 아삭한 콩나물의 환상 조합! '대구왕뽈찜...,https://blog.naver.com/jini3656/224301827851
3562,domestic_travel,대구,좀치네,candidate,1,마 대구 좀치네 (대구 현지인 당일치기 코스 추천),https://blog.naver.com/kthkomo/224301739551
3563,food,종로,종각,candidate,1,종로 종각 없는게 없는 샤브샤브 무한리필 맛집 :: 샤브가든...,https://blog.naver.com/oldnewdiff/224300514836
3564,food,종로,종각 없는게 없는 샤브샤브 무한리필 맛집 샤,restaurant,1,종로 종각 없는게 없는 샤브샤브 무한리필 맛집 :: 샤브가든...,https://blog.naver.com/oldnewdiff/224300514836
3565,food,종로,종각역 근처 숨은 양식 맛집 발견 우정,restaurant,1,양식 맛과 분위기 함께 즐기는 종로 맛집,https://blog.naver.com/mindlle2021/224300565619
3566,food,대구,종로 맛집 대구 이자카야 찾으시는 분들 여기,restaurant,1,[대구/중구] 종로 분위기 있는 이자카야 ' 요바나시 ' 솔직 후기,https://blog.naver.com/emothing_/224301841919
3567,food,종로,종로 풍자 또간집 대련집은 청계천,candidate,1,서울 종로 맛집 대련집 풍자 또간집 노포 칼국수 보쌈 추천!,https://blog.naver.com/azflask/224301070185
3568,food,종로,종로 풍자 또간집에 출연한 노포 오래된,candidate,1,서울 종로 맛집 대련집 풍자 또간집 노포 칼국수 보쌈 추천!,https://blog.naver.com/azflask/224301070185
3569,food,종로,종로점심 종로데이트 익선동 맛집 종로3,restaurant,1,종로 데이트 개나리아구찜 맛집 구운대창구이아구찜 비주얼...,https://blog.naver.com/soso_common_day/224301571495
3570,food,인천,종합버스터미널,candidate,1,인천 종합버스터미널 시간표 예매 요금 편의시설 공유,https://bluebeat.tistory.com/398
3571,food,인천,종합버스터미널 시간표 예매 요금 편의시설 공,candidate,1,인천 종합버스터미널 시간표 예매 요금 편의시설 공유,https://bluebeat.tistory.com/398
3572,domestic_travel,인천,종합터미널,candidate,1,인천 종합터미널 고속버스 시간표 요금 정보확인,https://bluebeat.tistory.com/317
3573,food,강남,좋아한다면 데바스테이트는 꼭 가보세요 청담동커피,cafe,1,청담동카페 추천 커피 좋아한다면 데바스테이트는 꼭 가보세요,https://blog.naver.com/king45111/224301878379
3574,domestic_travel,경주,좋았던,candidate,1,"황리단길펜션 조용한 하루 보내기 좋았던 경주 쉼, 한옥스테이",https://blog.naver.com/8nhhca/224300541440
3575,food,부산,좋은,candidate,1,연산동 밀면 맛집 가성비 좋은 부산밀면,https://blog.naver.com/h_9532/224301945431
3576,food,제주,좋은,candidate,1,제주시 기념일 맛집 추천|분위기 좋은 제주 시청 양식집 소프,https://blog.naver.com/stree0526/224301812756
3577,domestic_travel,제주,좋은,candidate,1,제주시 기념일 맛집 추천|분위기 좋은 제주 시청 양식집 소프,https://blog.naver.com/stree0526/224301812756
3578,food,광주,좋은,candidate,1,더울 때 외식하기 좋은 광주역 맛집 여름 샤브 맛집 추천 로운...,https://blog.naver.com/kmlove3377/224301740219
3579,domestic_travel,광주,좋은,candidate,1,더울 때 외식하기 좋은 광주역 맛집 여름 샤브 맛집 추천 로운...,https://blog.naver.com/kmlove3377/224301740219
3580,food,대구,좋은,candidate,1,"가족외식으로 좋은 대구 동성로 맛집 , 고메스퀘어...",https://blog.naver.com/dlwlals2729/224301896325
3581,domestic_travel,대구,좋은,candidate,1,"가족외식으로 좋은 대구 동성로 맛집 , 고메스퀘어...",https://blog.naver.com/dlwlals2729/224301896325
3582,food,강남,좋은,candidate,1,역삼역회식 센민이자카야 분위기 좋은 강남 술집 예약,https://blog.naver.com/minie30/224300760800
3583,domestic_travel,가평,좋은,candidate,1,"[가평] 사람없는 계곡추천, 단체로 가기 좋은 가평 넓은...",https://blog.naver.com/jenna0406_/224300503547
3584,food,대구,좋은 범어동 와인바_ 로쏘 ROSSO 대구레스토랑,restaurant,1,대구 수성구 다이닝& 분위기 좋은 범어동 와인바_ 로쏘(ROSSO),https://blog.naver.com/rosa920513/224301927215
3585,domestic_travel,대구,좋은 범어동 와인바_ 로쏘 ROSSO 대구레스토랑,restaurant,1,대구 수성구 다이닝& 분위기 좋은 범어동 와인바_ 로쏘(ROSSO),https://blog.naver.com/rosa920513/224301927215
3586,food,인천,좋을,candidate,1,"[인천 영종도] 최고의 호캉스, 아이들과 가도 좋을 인천...",https://blog.naver.com/godjw486/224301703422
3587,domestic_travel,인천,좋을,candidate,1,"[인천 영종도] 최고의 호캉스, 아이들과 가도 좋을 인천...",https://blog.naver.com/godjw486/224301703422
3588,food,제주,주 소길국수 I 제주공항 3분거리 고기국수 맛집,restaurant,1,제주 소길국수 I 제주공항 3분거리 고기국수 맛집 추천 소길국수,https://blog.naver.com/togetherfine/224301848925
3589,domestic_travel,인천,주말 가볼만한곳 인천대공원,travel_spot,1,주말 가볼만한곳 인천대공원 장미원 실시간 개화 상황 그늘막...,https://blog.naver.com/heizin/224300663561
3590,food,대구,주말 대구 서문시장,travel_spot,1,"주말 대구 서문시장 나들이｜에덴김밥, 돌쇠떡집, 비즈캐슬...",https://blog.naver.com/toto_here/224301909991
3591,domestic_travel,대구,주말 대구 서문시장,travel_spot,1,"주말 대구 서문시장 나들이｜에덴김밥, 돌쇠떡집, 비즈캐슬...",https://blog.naver.com/toto_here/224301909991
3592,food,수원,주말 점심 맛있게 매콤한 수원닭갈비 식당,restaurant,1,"인계동 맛집 주말 점심 , 맛있게 매콤한 수원닭갈비 식당 계화정",https://blog.naver.com/open_yourdoor/224301920514
3593,food,성수,주말엔 맛있는 곳을 찾아다니는 완벽한 J형 맛집,restaurant,1,[성수 맛집 ] 능동미나리 성수 솔직 후기! 미나리곰탕과...,https://blog.naver.com/ejl0304-/224301729809
3594,domestic_travel,성수,주말엔 맛있는 곳을 찾아다니는 완벽한 J형 맛집,restaurant,1,[성수 맛집 ] 능동미나리 성수 솔직 후기! 미나리곰탕과...,https://blog.naver.com/ejl0304-/224301729809
3595,domestic_travel,가평,주말여행 다녀오기 딱 좋답니다 오늘은 1박,candidate,1,가평 가성비 숙소 감성 글램핑 펜션 가볼만한곳 추천,https://blog.naver.com/beargobear/224298891545
3596,food,부산,주목한,candidate,1,"""세상에서 가장 위험한 국물? CNN이 주목한 부산 복국의 정체""",https://blog.naver.com/su198964/224301328208
3597,domestic_travel,부산,주목한,candidate,1,"""세상에서 가장 위험한 국물? CNN이 주목한 부산 복국의 정체""",https://blog.naver.com/su198964/224301328208
3598,food,제주,주소,candidate,1,아베베베이커리 제주 (ABEBE BAKERY Jeju) 동문시장 핫플 방문기,https://blog.naver.com/zzzdkrltnekf/224301715533
3599,domestic_travel,제주,주소,candidate,1,아베베베이커리 제주 (ABEBE BAKERY Jeju) 동문시장 핫플 방문기,https://blog.naver.com/zzzdkrltnekf/224301715533
3600,food,종로,주소 서울 종로구 자하문로10길 당근케이크 맛집,restaurant,1,서울여행* 경복궁 산책 후 가기 좋은 서촌카페 mk2 핫플,https://blog.naver.com/yhl66/224301742486
3601,food,제주,주시 동문로6길 4 1-3층 일도일동 아베베베이커리,cafe,1,아베베베이커리 제주 (ABEBE BAKERY Jeju) 동문시장 핫플 방문기,https://blog.naver.com/zzzdkrltnekf/224301715533
3602,domestic_travel,제주,주시 동문로6길 4 1-3층 일도일동 아베베베이커리,cafe,1,아베베베이커리 제주 (ABEBE BAKERY Jeju) 동문시장 핫플 방문기,https://blog.naver.com/zzzdkrltnekf/224301715533
3603,food,강남,주신당,candidate,1,"강남역 점심 맛집 주신당 강남점, 분위기와 코스요리 모두 만족",https://blog.naver.com/niky84/224300469934
3604,food,인천,주안,candidate,1,인천 주안 맛집 수제돈까스 드림식당 내돈내산 방문후기,https://blog.naver.com/msh1740/224301807068
3605,domestic_travel,인천,주안,candidate,1,인천 주안 맛집 수제돈까스 드림식당 내돈내산 방문후기,https://blog.naver.com/msh1740/224301807068
3606,food,인천,주안 맛집 수제돈까스 드림식당,restaurant,1,인천 주안 맛집 수제돈까스 드림식당 내돈내산 방문후기,https://blog.naver.com/msh1740/224301807068
3607,domestic_travel,인천,주안 맛집 수제돈까스 드림식당,restaurant,1,인천 주안 맛집 수제돈까스 드림식당 내돈내산 방문후기,https://blog.naver.com/msh1740/224301807068
3608,food,인천,주안 맛집 수제돈까스 드림식당 내돈내산 방문,restaurant,1,인천 주안 맛집 수제돈까스 드림식당 내돈내산 방문후기,https://blog.naver.com/msh1740/224301807068
3609,domestic_travel,인천,주안 맛집 수제돈까스 드림식당 내돈내산 방문,restaurant,1,인천 주안 맛집 수제돈까스 드림식당 내돈내산 방문후기,https://blog.naver.com/msh1740/224301807068
3610,food,인천,주안까지 가서 먹은 오므라이스집에 대해 써보,candidate,1,인천 주안 맛집 수제돈까스 드림식당 내돈내산 방문후기,https://blog.naver.com/msh1740/224301807068
3611,domestic_travel,인천,주안까지 가서 먹은 오므라이스집에 대해 써보,candidate,1,인천 주안 맛집 수제돈까스 드림식당 내돈내산 방문후기,https://blog.naver.com/msh1740/224301807068
3612,food,대전,주왕산국립공원,travel_spot,1,청송 주왕산 여행 코스... 후기|마음이 조용해지는 힐링 여행,https://blog.naver.com/qkfalfl0207/224301791010
3613,domestic_travel,대전,주왕산국립공원,travel_spot,1,청송 주왕산 여행 코스... 후기|마음이 조용해지는 힐링 여행,https://blog.naver.com/qkfalfl0207/224301791010
3614,food,대구,죽전동,candidate,1,( 맛집 ) 대구 죽전동 술집 / 2차로 가기 좋은 곳 - 맥주 밤거리...,https://blog.naver.com/kjh_894/224301956307
3615,food,대구,죽전동 술집 2차로 가기 좋은 곳 - 맥주,restaurant,1,( 맛집 ) 대구 죽전동 술집 / 2차로 가기 좋은 곳 - 맥주 밤거리...,https://blog.naver.com/kjh_894/224301956307
3616,food,대구,죽전역점을 소개 하려고,candidate,1,( 맛집 ) 대구 죽전동 술집 / 2차로 가기 좋은 곳 - 맥주 밤거리...,https://blog.naver.com/kjh_894/224301956307
3617,food,종로,중구,candidate,1,[대구/중구] 종로 분위기 있는 이자카야 ' 요바나시 ' 솔직 후기,https://blog.naver.com/emothing_/224301841919
3618,food,부산,중구,candidate,1,[부산/중구] 부산 남포동 오마카세 추천 :: 분위기 미쳤던...,https://blog.naver.com/plighd/224298033691
3619,domestic_travel,부산,중구,candidate,1,[부산/중구] 부산 남포동 오마카세 추천 :: 분위기 미쳤던...,https://blog.naver.com/plighd/224298033691
3620,food,대전,중구 간편한 한 끼 감성적인 인테리어의 맛있,candidate,1,"대전 중구|간편한 한 끼, 감성적인 인테리어의 맛있는 김밥집...",https://blog.naver.com/ttuttut/224301906898
3621,food,대구,중구 동성로 디저트 맛집 오디너리하우스 대구,cafe,1,대구 중구 동성로 디저트 맛집 오디너리하우스,https://blog.naver.com/jhslls/224301831107
3622,food,대구,중구 동인동 리오더 커피,cafe,1,대구 중구 동인동 리오더 커피 한입 먹고 반해버린 찐 커피 맛집 ...,https://blog.naver.com/ds7646211/224301571851
3623,food,대구,중구 동인동 리오더 커피 한입 먹고 반해버린,cafe,1,대구 중구 동인동 리오더 커피 한입 먹고 반해버린 찐 커피 맛집 ...,https://blog.naver.com/ds7646211/224301571851
3624,food,대구,중구 등대 문어숙회삼합 해산물 전문 대구 교,candidate,1,대구 중구) 등대 [ 문어숙회삼합 ] 해산물 전문 대구 교동 맛집 ...,https://blog.naver.com/m__moooon/224301950523
3625,food,대전,중구 맛집 광천식당,restaurant,1,"대전 중구 맛집 광천식당, 노포 감성과 매콤한 두루치기의 만남",https://blog.naver.com/starstaracademy/224301570569
3626,domestic_travel,대전,중구 맛집 광천식당,restaurant,1,"대전 중구 맛집 광천식당, 노포 감성과 매콤한 두루치기의 만남",https://blog.naver.com/starstaracademy/224301570569
3627,food,대전,중구 맛집 광천식당 노포 감성과 매콤한 두루,restaurant,1,"대전 중구 맛집 광천식당, 노포 감성과 매콤한 두루치기의 만남",https://blog.naver.com/starstaracademy/224301570569
3628,domestic_travel,대전,중구 맛집 광천식당 노포 감성과 매콤한 두루,restaurant,1,"대전 중구 맛집 광천식당, 노포 감성과 매콤한 두루치기의 만남",https://blog.naver.com/starstaracademy/224301570569
3629,food,대전,중구 맛집 유천동 맛집 향기면옥 막국수 감동,restaurant,1,대전 중구 맛집 유천동 맛집 향기면옥 막국수 감동,https://blog.naver.com/jolnsi/224301889869
3630,food,대구,중구 봉산문화길 43,candidate,1,대구 빙수 맛집 동성로카페 바닐라크럼브 양쯔깐루빙수...,https://blog.naver.com/whtnrud19/224301828285
3631,domestic_travel,대구,중구 봉산문화길 43,candidate,1,대구 빙수 맛집 동성로카페 바닐라크럼브 양쯔깐루빙수...,https://blog.naver.com/whtnrud19/224301828285
3632,food,대전,중구 성심당 근처 가성비 칼국수 맛집 시민칼,restaurant,1,대전 중구 성심당 근처 가성비 칼국수 맛집 [시민칼국수],https://blog.naver.com/khn5171/224301746453
3633,domestic_travel,대전,중구 성심당 케익부띠끄 샌드위치정거장 성심당,candidate,1,[대전/중구] 성심당 케익부띠끄 샌드위치정거장 성심당 문화원...,https://blog.naver.com/cherrytmt_/224301683338
3634,food,대전,중구 성심당근처 맛집 전참시 얼큰이칼국수 복,restaurant,1,대전|중구 성심당근처 맛집 전참시 얼큰이칼국수 복수분식...,https://blog.naver.com/aestival08/224301887207
3635,food,대구,중구 종로 분위기 있는 이자카야 요바나시 솔,restaurant,1,[대구/중구] 종로 분위기 있는 이자카야 ' 요바나시 ' 솔직 후기,https://blog.naver.com/emothing_/224301841919
3636,food,대전,중구 중촌동 한줄의 부엌 집 근처에서 예쁜,candidate,1,"대전 중구|간편한 한 끼, 감성적인 인테리어의 맛있는 김밥집...",https://blog.naver.com/ttuttut/224301906898
3637,food,인천,중구 차이나타운로 44번길 31-3 유명한 맛집,restaurant,1,[신승반점] 인천|차이나타운 유니짜장 사천백짬뽕 탕수육 맛집,https://blog.naver.com/sonjieun2000/224301949852
3638,food,대구,중구 트라이브 레스토랑,restaurant,1,[ 대구 중구 ] 트라이브 레스토랑 : 라자냐,https://blog.naver.com/kyromilo/224301811320
3639,food,대구,중구 트라이브 레스토랑 라자냐 바 자리 있다,restaurant,1,[ 대구 중구 ] 트라이브 레스토랑 : 라자냐,https://blog.naver.com/kyromilo/224301811320
3640,domestic_travel,강릉,중국집,candidate,1,강릉 중국집 현지인 맛집 궁짬뽕 강문동 맛집 에서 즐긴 얼큰한...,https://blog.naver.com/sj1978nur/224301784593
3641,domestic_travel,강릉,중국집 현지인 맛집 궁짬뽕 강문동 맛집 에서,restaurant,1,강릉 중국집 현지인 맛집 궁짬뽕 강문동 맛집 에서 즐긴 얼큰한...,https://blog.naver.com/sj1978nur/224301784593
3642,food,제주,중국집의,candidate,1,제주 중국집의 다양한 매력을 느낄 수 있었던 보배반점...,https://blog.naver.com/gydnjs84178/224301587163
3643,food,제주,중국집의 다양한 매력을 느낄 수 있었던 보배,candidate,1,제주 중국집의 다양한 매력을 느낄 수 있었던 보배반점...,https://blog.naver.com/gydnjs84178/224301587163
3644,food,대전,중동,candidate,1,대전 중동 [꿈돌이 하우스] ”누가 노잼 도시래?“ 놀거리...,https://blog.naver.com/mingggg_g/224301937245
3645,domestic_travel,대전,중동,candidate,1,대전 중동 [꿈돌이 하우스] ”누가 노잼 도시래?“ 놀거리...,https://blog.naver.com/mingggg_g/224301937245
3646,food,대전,중동 꿈돌이 하우스 누가 노잼 도시래 놀거리,candidate,1,대전 중동 [꿈돌이 하우스] ”누가 노잼 도시래?“ 놀거리...,https://blog.naver.com/mingggg_g/224301937245
3647,domestic_travel,대전,중동 꿈돌이 하우스 누가 노잼 도시래 놀거리,candidate,1,대전 중동 [꿈돌이 하우스] ”누가 노잼 도시래?“ 놀거리...,https://blog.naver.com/mingggg_g/224301937245
3648,food,대구,중동1로 39 2층,candidate,1,부산 해운대 LP바 뮤즈온 해운대 데이트코스 추천,https://blog.naver.com/2_s0ey/224301665381
3649,domestic_travel,대구,중동1로 39 2층,candidate,1,부산 해운대 LP바 뮤즈온 해운대 데이트코스 추천,https://blog.naver.com/2_s0ey/224301665381
3650,food,인천,중산동,candidate,1,인천 중산동 갈비 맛집 니나노본갈비 솔직 방문 후기,https://blog.naver.com/puregold-24/224301894879
3651,domestic_travel,인천,중산동,candidate,1,인천 중산동 갈비 맛집 니나노본갈비 솔직 방문 후기,https://blog.naver.com/puregold-24/224301894879
3652,food,인천,중산동 갈비 맛집 니나노본갈비 솔직 방문 후,restaurant,1,인천 중산동 갈비 맛집 니나노본갈비 솔직 방문 후기,https://blog.naver.com/puregold-24/224301894879
3653,domestic_travel,인천,중산동 갈비 맛집 니나노본갈비 솔직 방문 후,restaurant,1,인천 중산동 갈비 맛집 니나노본갈비 솔직 방문 후기,https://blog.naver.com/puregold-24/224301894879
3654,food,종로,중심가에서 조금 떨어져 있기는 하지만 평이,candidate,1,"을지로 노포, 서울 노포, 서울 맛집 , 세운상가 맛집, 종묘 맛집",https://blog.naver.com/tourmaster51/224300867847
3655,food,대전,중앙시장,travel_spot,1,대전|대전중앙시장 내돈내산 맛집 리스트 솔이네계란빵...,https://blog.naver.com/mugja30/224301865406
3656,food,대전,중앙시장 내돈내산 맛집 리스트 솔이네계란,restaurant,1,대전|대전중앙시장 내돈내산 맛집 리스트 솔이네계란빵...,https://blog.naver.com/mugja30/224301865406
3657,domestic_travel,대전,중앙시장 내돈내산 맛집 리스트 솔이네계란,restaurant,1,대전|대전중앙시장 내돈내산 맛집 리스트 솔이네계란빵...,https://blog.naver.com/mugja30/224301865406
3658,domestic_travel,강릉,중앙시장 맛집 교동대게 강릉 로컬 맛집 강릉,restaurant,1,강릉 중앙시장 맛집 교동대게 강릉 로컬 맛집,https://blog.naver.com/lovejsh85/224301939788
3659,domestic_travel,강릉,중앙시장 맛집 교동대게 강릉 로컬 맛집 이번,restaurant,1,강릉 중앙시장 맛집 교동대게 강릉 로컬 맛집,https://blog.naver.com/lovejsh85/224301939788
3660,domestic_travel,강릉,중앙시장 맛집 온정당 이야기를 남겨봅니다 강,restaurant,1,강릉 맛집 온정당 강릉 중앙시장 맛집 짬뽕칼국수 옹심이 맛집 !!,https://blog.naver.com/toutwri6117/224301949060
3661,domestic_travel,강릉,중앙시장 맛집 원조소문난무침회 강릉여행,restaurant,1,"강릉 맛집|중앙시장 맛집 , 원조소문난무침회...",https://blog.naver.com/jomii_/224301907335
3662,food,종로,중에서도 숨은 보석 같은 곳들이 있긴,candidate,1,양식 맛과 분위기 함께 즐기는 종로 맛집,https://blog.naver.com/mindlle2021/224300565619
3663,food,광주,중에서도 이렇게 다양한 해산물을 한자리,candidate,1,해산물과 매운탕까지 든든하게 즐기기 좋은 경기광주 맛집 다녀옴,https://blog.naver.com/mijin_2679/224301951173
3664,food,종로,중에서도 차별화된 분위기와,candidate,1,종로 맛집 노우즈에서 즐기는 담백한 양식,https://blog.naver.com/annpet/224301402368
3665,food,제주,중에서도 특히 제주삼화 중식당,restaurant,1,보배반점 제주삼화점에서 살펴본 제주삼화 중식당의 다채로운...,https://blog.naver.com/qudwn56467/224301955260
3666,food,성수,즐겨먹는,candidate,1,성수역 밥집 전자방｜NCT 해찬도 즐겨먹는 성수동 짬뽕 맛집,https://blog.naver.com/kimnakji/224301679006
3667,domestic_travel,성수,즐겨먹는,candidate,1,성수역 밥집 전자방｜NCT 해찬도 즐겨먹는 성수동 짬뽕 맛집,https://blog.naver.com/kimnakji/224301679006
3668,food,종로,즐기는,candidate,1,양식 맛과 분위기 함께 즐기는 종로 맛집,https://blog.naver.com/mindlle2021/224300565619
3669,domestic_travel,인천,즐기는,candidate,1,봄 바다와 봄꽃 노을감성을 함께 즐기는 인천 섬 여행 코스,https://blog.naver.com/agneslee2000/224298084573
3670,food,부산,즐기는,candidate,1,테마별 부산 여행 추천 ! 취향 따라 즐기는 부산 가볼 만한 곳,https://blog.naver.com/homebody_panda/224301294157
3671,domestic_travel,부산,즐기는,candidate,1,테마별 부산 여행 추천 ! 취향 따라 즐기는 부산 가볼 만한 곳,https://blog.naver.com/homebody_panda/224301294157
3672,domestic_travel,가평,즐기는 특별한 더강 라떼 오렌지의 상큼함이 커피,cafe,1,"가평 보트 데이트코스, 더강카페에서 즐기는 특별한 더강 라떼...",https://blog.naver.com/lovebookn/224301928692
3673,food,대전,증가한,candidate,1,청년층 방문이 증가한 대전 신세계백화점 무슨 일이죠,https://blog.naver.com/police1965/224301856077
3674,domestic_travel,대전,증가한,candidate,1,청년층 방문이 증가한 대전 신세계백화점 무슨 일이죠,https://blog.naver.com/police1965/224301856077
3675,food,제주,증류주 짠 함덕 해변을 따라 도란도란 산작하,travel_spot,1,[2026 국내여행 / 제주도] 유럽 스냅 촬영 후 급 제주도로...,https://blog.naver.com/1ssuny_day_in_june/224301872324
3676,domestic_travel,제주,증류주 짠 함덕 해변을 따라 도란도란 산작하,travel_spot,1,[2026 국내여행 / 제주도] 유럽 스냅 촬영 후 급 제주도로...,https://blog.naver.com/1ssuny_day_in_june/224301872324
3677,food,인천,지금 바로 신포로데오에서 색다른 경험,restaurant,1,"[인천 신포로데오 맛집 ] ""신포동 노포 맛집 , 1991년부터...",https://blog.naver.com/heeya6838/224301276727
3678,domestic_travel,인천,지금 바로 신포로데오에서 색다른 경험,restaurant,1,"[인천 신포로데오 맛집 ] ""신포동 노포 맛집 , 1991년부터...",https://blog.naver.com/heeya6838/224301276727
3679,food,성수,지금이밤,candidate,1,성수 맛집 이자카야 지금이밤 성수본점 성수동 데이트 술집...,https://blog.naver.com/wishb0501/224301582593
3680,domestic_travel,성수,지금이밤,candidate,1,성수 맛집 이자카야 지금이밤 성수본점 성수동 데이트 술집...,https://blog.naver.com/wishb0501/224301582593
3681,domestic_travel,강릉,지는,candidate,1,6월의 강원 추천 여행 지는? 강릉 단오제! 화천 파크골프장!,https://blog.naver.com/gwdoraeyo/224297862469
3682,food,강남,지역을 운행하는 차량이라면 강남 직장인들이,candidate,1,택시광고로 네이버 지도 저장/리뷰 늘리는 구조 만들기,https://blog.naver.com/kimjaesung3896/224301766129
3683,food,부산,지역의 맛집 을 리뷰하는 맛집 전문 블로거,restaurant,1,추천 '마리타운' 데이트하기 좋은 이자카야 감성 동성로 맛집,https://blog.naver.com/siasia_709/224301942970
3684,domestic_travel,부산,지역의 맛집 을 리뷰하는 맛집 전문 블로거,restaurant,1,추천 '마리타운' 데이트하기 좋은 이자카야 감성 동성로 맛집,https://blog.naver.com/siasia_709/224301942970
3685,food,제주,지역의 맛집 중에서도 특히 제주삼화 중식당으,restaurant,1,보배반점 제주삼화점에서 살펴본 제주삼화 중식당의 다채로운...,https://blog.naver.com/qudwn56467/224301955260
3686,domestic_travel,강릉,지역축제,attraction,1,축제 공화국 대한민국…주말마다 떠나도 23년이 걸린다,https://blog.naver.com/point3414/224301686151
3687,food,강남,지우네는 2층에 위치하고 분명 즉석떡볶이 맛집,restaurant,1,[강남/역삼동] 강남에서 맛있는 즉석떡볶이를 맛볼 수 있는...,https://blog.naver.com/mmiinn95/224301163467
3688,food,대구,지점이 엄청 많이 생겼더라구요 건물 외관부터,candidate,1,대구 북구청 맛집 흑백요리사 출연 팔공산엄마밥상 침산점,https://blog.naver.com/hyuk_05_/224301958867
3689,food,제주,지털단지역 7호선 그리고 맞은편에는 유명한 커피,cafe,1,[ 서울 가산디지털단지] 가디역 제주 흑돼지 항정카츠 맛집 카츠...,https://blog.naver.com/slsl5340/224300906519
3690,food,대구,지하 1층 매장으로 발길을 돌렸어요 이날,candidate,1,[더현대 대구 맛집 ] 더현대 대구 양식 맛집 와인웍스 대구점...,https://blog.naver.com/jsv1234a/224301888891
3691,food,부산,지하 1층 홍콩식 와플 까이딴자이 맛집,restaurant,1,"파라다이스호텔 지하 1층 홍콩식 와플, 까이딴자이 맛집",https://blog.naver.com/ming_dori/224301952566
3692,food,대구,지하 1층 홍콩식 와플 까이딴자이 맛집,restaurant,1,"파라다이스호텔 지하 1층 홍콩식 와플, 까이딴자이 맛집",https://blog.naver.com/ming_dori/224301952566
3693,domestic_travel,부산,지하 1층 홍콩식 와플 까이딴자이 맛집,restaurant,1,"파라다이스호텔 지하 1층 홍콩식 와플, 까이딴자이 맛집",https://blog.naver.com/ming_dori/224301952566
3694,domestic_travel,대구,지하 1층 홍콩식 와플 까이딴자이 맛집,restaurant,1,"파라다이스호텔 지하 1층 홍콩식 와플, 까이딴자이 맛집",https://blog.naver.com/ming_dori/224301952566
3695,food,인천,지하철,candidate,1,"인천 지하철 타고 떠나는 바다 감성 여행 , 월미도 여행 제대로...",https://blog.naver.com/richplacefestival/224296083070
3696,domestic_travel,인천,지하철,candidate,1,"인천 지하철 타고 떠나는 바다 감성 여행 , 월미도 여행 제대로...",https://blog.naver.com/richplacefestival/224296083070
3697,food,인천,지하철 타고 떠나는 바다 감성 여행 월미도,restaurant,1,"인천 지하철 타고 떠나는 바다 감성 여행 , 월미도 여행 제대로...",https://blog.naver.com/richplacefestival/224296083070
3698,domestic_travel,인천,지하철 타고 떠나는 바다 감성 여행 월미도,restaurant,1,"인천 지하철 타고 떠나는 바다 감성 여행 , 월미도 여행 제대로...",https://blog.naver.com/richplacefestival/224296083070
3699,food,대전,직영점 외관 내부 대전 한밭수목원 맛집 인,restaurant,1,대전 한밭수목원 맛집 솔가숯불갈비 대전직영점 방문 후기,https://blog.naver.com/beautiful_life_7/224301954336
3700,domestic_travel,대전,직영점 외관 내부 대전 한밭수목원 맛집 인,restaurant,1,대전 한밭수목원 맛집 솔가숯불갈비 대전직영점 방문 후기,https://blog.naver.com/beautiful_life_7/224301954336
3701,domestic_travel,가평,직영펜션 CLUB WATER 워크샵,travel_spot,1,가평 직영펜션|CLUB WATER,https://blog.naver.com/clubwate/224295985764
3702,food,성수,직원식당,restaurant,1,[성수 직장인 맛집 ] 프리미엄 직원식당 성수점,https://blog.naver.com/pionayoon/224301881758
3703,food,성수,직장인,candidate,1,[성수 직장인 맛집 ] 프리미엄 직원식당 성수점,https://blog.naver.com/pionayoon/224301881758
3704,food,성수,직장인 맛집 프리미엄 직원식당,restaurant,1,[성수 직장인 맛집 ] 프리미엄 직원식당 성수점,https://blog.naver.com/pionayoon/224301881758
3705,domestic_travel,부산,진구,candidate,1,부산 부산진구 송상현광장부터 선암사 당일치기 여행...,https://blog.naver.com/wlstn291/224301103226
3706,domestic_travel,부산,진구 송상현광장부터 선암사 당일치기 여행,candidate,1,부산 부산진구 송상현광장부터 선암사 당일치기 여행...,https://blog.naver.com/wlstn291/224301103226
3707,food,광주,진식당,restaurant,1,5월 일상 : 내 무기는 다정함뿐인데,https://blog.naver.com/rladuddk001119/224301635707
3708,food,강남,진주 맛집 양식당,restaurant,1,"진주 맛집 양식당 ""처프트 : Chuffed """,https://blog.naver.com/tmddus8056/224301929141
3709,domestic_travel,강릉,진주남강유등축제,attraction,1,축제 공화국 대한민국…주말마다 떠나도 23년이 걸린다,https://blog.naver.com/point3414/224301686151
3710,food,제주,진짜,candidate,1,"진짜 제주 야경 끝판왕! 천지연폭포, 42년 만의 재개장 무료...",https://blog.naver.com/review76/224301950344
3711,food,대구,진천동 맛집 이었습니다 대구 진천동 맛집 진,restaurant,1,대구 달서구 진천동 막창본능,https://blog.naver.com/guswl4934/224301950012
3712,food,대구,집 칠곡동천점 그날 먹었던 대구 칠곡3지구 맛집,restaurant,1,대구 칠곡3지구 맛집 팔거역 점심맛집 직화낙지볶음 보쌈...,https://blog.naver.com/vydua/224301920080
3713,food,강남,집 LA갈비 전문점 라비옥 역삼본점 역삼동 맛집,restaurant,1,역삼동 맛집 고기집 라비옥 강남 구워주는 고깃집 LA갈비 전문점,https://blog.naver.com/sunone018/224301904082
3714,food,부산,집합소 조선시대부터 이어진 전통시장,travel_spot,1,국내신흥여행지 부산가볼만한곳 동래온천 온천장을 아시나요?,https://blog.naver.com/bintorynim/224301819331
3715,domestic_travel,부산,집합소 조선시대부터 이어진 전통시장,travel_spot,1,국내신흥여행지 부산가볼만한곳 동래온천 온천장을 아시나요?,https://blog.naver.com/bintorynim/224301819331
3716,food,인천,짜장면박물관,attraction,1,[인천] 동인천 당일치기 여행코스& 맛집 추천 - 1. 차이나타운 편,https://blog.naver.com/mama_923/224301939578
3717,domestic_travel,인천,짜장면박물관,attraction,1,[인천] 동인천 당일치기 여행코스& 맛집 추천 - 1. 차이나타운 편,https://blog.naver.com/mama_923/224301939578
3718,food,강남,쪽 돌잔치 딱 좋아 보였던 선릉 맛집 동화고,restaurant,1,[ 내돈내산 ] 강남 쪽 돌잔치... 딱 좋아 보였던 선릉 맛집 '동화고옥',https://blog.naver.com/writer19/224301818486
3719,food,성수,쪽이긴,candidate,1,성수 양쯔깐루 맛집 여름에 어울렸던 레이지요거트,https://blog.naver.com/dkffod123/224300476042
3720,food,성수,쫄깃탱탱한,candidate,1,[성수 맛집 ] 쫄깃탱탱한 자가제면 우동 맛집 ! ‘도도한면...,https://blog.naver.com/come_and_enjoy/224301117634
3721,domestic_travel,성수,쫄깃탱탱한,candidate,1,[성수 맛집 ] 쫄깃탱탱한 자가제면 우동 맛집 ! ‘도도한면...,https://blog.naver.com/come_and_enjoy/224301117634
3722,food,성수,쫄깃탱탱한 자가제면 우동 맛집 도도한면,restaurant,1,[성수 맛집 ] 쫄깃탱탱한 자가제면 우동 맛집 ! ‘도도한면...,https://blog.naver.com/come_and_enjoy/224301117634
3723,domestic_travel,성수,쫄깃탱탱한 자가제면 우동 맛집 도도한면,restaurant,1,[성수 맛집 ] 쫄깃탱탱한 자가제면 우동 맛집 ! ‘도도한면...,https://blog.naver.com/come_and_enjoy/224301117634
3724,domestic_travel,대전,찡아,candidate,1,한중부부 천방지축 5개월 딸 키우기 & 찡아 대전 놀러옴,https://blog.naver.com/minz_kim/224301644182
3725,domestic_travel,경주,차 가기싫어서 병결쓰고 2일차에 경주에 뭔 박물관,attraction,1,5月,https://blog.naver.com/j1zmn_/224301934863
3726,food,부산,차박,candidate,1,부산 차박 명소 문동방파제와 동백방파제 탐방기,https://blog.naver.com/naaon0961/224295233342
3727,domestic_travel,부산,차박,candidate,1,부산 차박 명소 문동방파제와 동백방파제 탐방기,https://blog.naver.com/naaon0961/224295233342
3728,food,성수,차백도 성수점 BTS 뷔 명당에서 즐긴,candidate,1,성수 맛집 차백도 성수점 BTS 뷔 명당에서 즐긴 타로볼밀크티...,https://blog.naver.com/hello--bye/224300987016
3729,domestic_travel,성수,차백도 성수점 BTS 뷔 명당에서 즐긴,candidate,1,성수 맛집 차백도 성수점 BTS 뷔 명당에서 즐긴 타로볼밀크티...,https://blog.naver.com/hello--bye/224300987016
3730,food,성수,차백도 성수점에 다녀왔습니다 화장실구분,candidate,1,성수 맛집 차백도 성수점에 다녀왔습니다!!,https://blog.naver.com/kimhj8702/224301211155
3731,domestic_travel,성수,차백도 성수점에 다녀왔습니다 화장실구분,candidate,1,성수 맛집 차백도 성수점에 다녀왔습니다!!,https://blog.naver.com/kimhj8702/224301211155
3732,domestic_travel,인천,차이나타운 + 송월동 동화마을 있는 서울 근,candidate,1,[ 서울 근교 가볼만한 곳] <인천 차이나타운 + 송월동 동화마을...,https://blog.naver.com/kfbwoman/224298032206
3733,food,인천,차이나타운 가볼 만한 곳 당일치기 놀거리 먹,candidate,1,"인천 차이나타운 가볼 만한 곳, 당일치기 놀거리 먹거리 추천코스",https://blog.naver.com/skylar_ing/224300870862
3734,domestic_travel,인천,차이나타운 가볼 만한 곳 당일치기 놀거리 먹,candidate,1,"인천 차이나타운 가볼 만한 곳, 당일치기 놀거리 먹거리 추천코스",https://blog.naver.com/skylar_ing/224300870862
3735,food,인천,차이나타운 전날 오이도에서 놀고 인천 차이나,candidate,1,"인천 차이나타운 가볼 만한 곳, 당일치기 놀거리 먹거리 추천코스",https://blog.naver.com/skylar_ing/224300870862
3736,domestic_travel,인천,차이나타운 전날 오이도에서 놀고 인천 차이나,candidate,1,"인천 차이나타운 가볼 만한 곳, 당일치기 놀거리 먹거리 추천코스",https://blog.naver.com/skylar_ing/224300870862
3737,food,인천,차이나타운 짜장면 박물관,attraction,1,인천 차이나타운|짜장면 박물관 관람 후기,https://blog.naver.com/cyc36389/224301932804
3738,domestic_travel,인천,차이나타운 짜장면 박물관,attraction,1,인천 차이나타운|짜장면 박물관 관람 후기,https://blog.naver.com/cyc36389/224301932804
3739,food,인천,참치,candidate,1,[이도참치] 인천시청역 초밥 / 구월동 참치 / 인천시청역 점심...,https://blog.naver.com/heelifelike/224301710922
3740,food,종로,참한집,candidate,1,"대구 동성로 삼겹살 맛집 “참한집 종로점”, 돼지껍데기까지...",https://blog.naver.com/yaejin29/224301830342
3741,domestic_travel,광주,창억떡,candidate,1,광주 창억떡집 본점|광주 창억떡 호박인절미|창억떡 웨이팅...,https://blog.naver.com/jjeong_eve/224301580018
3742,food,광주,창억떡집,candidate,1,광주 창억떡집 본점|광주 창억떡 호박인절미|창억떡 웨이팅...,https://blog.naver.com/jjeong_eve/224301580018
3743,domestic_travel,광주,창억떡집,candidate,1,광주 창억떡집 본점|광주 창억떡 호박인절미|창억떡 웨이팅...,https://blog.naver.com/jjeong_eve/224301580018
3744,food,광주,창억떡집 본점 광주 창억떡 호박인절미 창억떡,candidate,1,광주 창억떡집 본점|광주 창억떡 호박인절미|창억떡 웨이팅...,https://blog.naver.com/jjeong_eve/224301580018
3745,domestic_travel,광주,창억떡집 본점 광주 창억떡 호박인절미 창억떡,candidate,1,광주 창억떡집 본점|광주 창억떡 호박인절미|창억떡 웨이팅...,https://blog.naver.com/jjeong_eve/224301580018
3746,food,성수,찾기도 힘들죠 도시락을 싸 다닌다거나 구내식당,restaurant,1,성수 돈까스 맛집 코시 우동 모듬가츠 맛집 뚝섬역 직장인...,https://blog.naver.com/pepper_c/224301941846
3747,domestic_travel,부산,찾는 분 부산 대표 수국 성지 태종사 수국축제,attraction,1,부울경 수국 명소 총정리 부산 태종사부터 거제 저구항·울산...,https://blog.naver.com/dlsgur234/224301143226
3748,food,강남,찾는다면,candidate,1,강남 맛집 찾는다면? 점심부터 회식까지 만족했던 오봉집...,https://blog.naver.com/s____e_m/224301054538
3749,domestic_travel,가평,찾는다면,candidate,1,남이섬키즈풀빌라 찾는다면 가평가족펜션 추천...,https://blog.naver.com/sofla123/224299769182
3750,food,종로,찾는다면 여기 주말에 국립현대미술관 가서 전시,attraction,1,[종로] 익선동 고기골목 통돼지집 후기 (솥뚜껑 삼겹살 주말...,https://blog.naver.com/rhdeb120/224301611172
3751,food,강남,찾는다면 점심부터 회식까지 만족했던 오,candidate,1,강남 맛집 찾는다면? 점심부터 회식까지 만족했던 오봉집...,https://blog.naver.com/s____e_m/224301054538
3752,food,성수,챔프커피,cafe,1,성수 파스타 맛집 리타르단도|챔프커피 성수점|성수...,https://blog.naver.com/asweetsandwich/224301919534
3753,domestic_travel,성수,챔프커피,cafe,1,성수 파스타 맛집 리타르단도|챔프커피 성수점|성수...,https://blog.naver.com/asweetsandwich/224301919534
3754,food,광주,챔피언스필드,candidate,1,광주 챔피언스필드 최신유행 먹거리ㅣ오토김밥ㅣ행복통닭...,https://blog.naver.com/reviviver/224301756648
3755,domestic_travel,광주,챔피언스필드,candidate,1,광주 챔피언스필드 최신유행 먹거리ㅣ오토김밥ㅣ행복통닭...,https://blog.naver.com/reviviver/224301756648
3756,food,광주,챔피언스필드 최신유행 먹거리,candidate,1,광주 챔피언스필드 최신유행 먹거리ㅣ오토김밥ㅣ행복통닭...,https://blog.naver.com/reviviver/224301756648
3757,domestic_travel,광주,챔피언스필드 최신유행 먹거리,candidate,1,광주 챔피언스필드 최신유행 먹거리ㅣ오토김밥ㅣ행복통닭...,https://blog.naver.com/reviviver/224301756648
3758,food,대구,처음 내려와서 곱창 안 먹어봤다는 저를 위해,candidate,1,대구 안지랑 곱창 골목 맛집 . 현지인이 추천하는 곱창 맛집 똔똔이,https://blog.naver.com/minjo0o/224301955788
3759,domestic_travel,강릉,처음인데 같이 간 사람들이 좋아서 그런가 강,candidate,1,"""26년 5월""",https://blog.naver.com/yangyang_days/224301842678
3760,food,강남,천 모너트 4년 연속 블루리본 서베이 서울 맛집,restaurant,1,대치동 프리미엄 수제 케이크 한티역 디저트 맛집 추천 모너트,https://blog.naver.com/mukzzangsong/224301291168
3761,domestic_travel,경주,천년의,candidate,1,"50대가 즐기는 경상도 감성 여행 2 - 경주, 천년의 시간을...",https://blog.naver.com/gm5224/224299477116
3762,food,대구,천안,candidate,1,"26.05.01~05.04 대구, 천안, 통영 여행",https://blog.naver.com/hjdk0919/224301902266
3763,food,대구,천안 통영 여행 26 05 01 오빠 휴가를,candidate,1,"26.05.01~05.04 대구, 천안, 통영 여행",https://blog.naver.com/hjdk0919/224301902266
3764,domestic_travel,강릉,천하제빵,candidate,1,정남미명과 강릉본점 / 천하제빵 / 강릉빵집 / 토요일방문후기,https://blog.naver.com/gg1234_567/224301747305
3765,food,제주,천하제일오라방,candidate,1,[제주] 천하제일오라방 솔직후기(내돈내산),https://blog.naver.com/thgnltkfkd1/224301883246
3766,domestic_travel,제주,천하제일오라방,candidate,1,[제주] 천하제일오라방 솔직후기(내돈내산),https://blog.naver.com/thgnltkfkd1/224301883246
3767,food,부산,천LED라이트 상주LED라이트 제주여행 서울맛집,restaurant,1,안동LED라이트 예천LED라이트 상주LED라이트...,https://blog.naver.com/minjong0816/224301073243
3768,food,제주,천LED라이트 상주LED라이트 제주여행 서울맛집,restaurant,1,안동LED라이트 예천LED라이트 상주LED라이트...,https://blog.naver.com/minjong0816/224301073243
3769,food,대구,천LED라이트 상주LED라이트 제주여행 서울맛집,restaurant,1,안동LED라이트 예천LED라이트 상주LED라이트...,https://blog.naver.com/minjong0816/224301073243
3770,food,광주,첨단 광주 냉면 맛집 _청석골칡냉면,restaurant,1,[광주/첨단] 광주 냉면 맛집 _청석골칡냉면 내돈내산 후기,https://blog.naver.com/gayajisun/224301808263
3771,food,광주,첨단 맛집 나나방콕 광주첨단점,restaurant,1,광주) 광주 첨단 맛집 나나방콕 광주첨단점｜태국 현지 감성...,https://blog.naver.com/hyojung_24/224301605225
3772,domestic_travel,광주,첨단 맛집 나나방콕 광주첨단점,restaurant,1,광주) 광주 첨단 맛집 나나방콕 광주첨단점｜태국 현지 감성...,https://blog.naver.com/hyojung_24/224301605225
3773,food,광주,첨단 맛집 오덴 분위기와 맛에 취하고 연어,restaurant,1,"광주 첨단 맛집 '오덴', 분위기와 맛에 취하고 연어 육회와 오뎅...",https://blog.naver.com/ekdud2850/224301910926
3774,domestic_travel,광주,첨단 맛집 오덴 분위기와 맛에 취하고 연어,restaurant,1,"광주 첨단 맛집 '오덴', 분위기와 맛에 취하고 연어 육회와 오뎅...",https://blog.naver.com/ekdud2850/224301910926
3775,food,광주,첨단 맛집 친구들과 다녀온 찐 맛집 마녀의,restaurant,1,"[광주 첨단 맛집 ] 친구들과 다녀온 찐 맛집 , '마녀의 닭갈비...",https://blog.naver.com/0527omj/224301931454
3776,domestic_travel,광주,첨단 맛집 친구들과 다녀온 찐 맛집 마녀의,restaurant,1,"[광주 첨단 맛집 ] 친구들과 다녀온 찐 맛집 , '마녀의 닭갈비...",https://blog.naver.com/0527omj/224301931454
3777,food,광주,첨단 짬뽕 맛집 보배반점 보배짬뽕 중화비빔밥,restaurant,1,광주 첨단 짬뽕 맛집 보배반점 보배짬뽕 중화비빔밥 미니탕수육,https://blog.naver.com/ssom1106/224301948182
3778,food,광주,첨단2지구맛집,restaurant,1,광주샌드위치 추천 샐러드밥 첨단 맛집,https://blog.naver.com/dlthdud0123/224301826563
3779,food,종로,청계천 맛집 감성에 취하는 한식 맛집 청계천,restaurant,1,"[종각]낭만 종로 청계천 맛집 , 감성에 취하는 한식 맛집",https://blog.naver.com/fearless_life/224301598476
3780,food,종로,청계천 탭샵바 와인 맥주 가볍게 한잔 하기,restaurant,1,[종로 청계천]'탭샵바' 와인 맥주 가볍게 한잔 하기 좋은...,https://blog.naver.com/oingkuku/224295731374
3781,food,제주,청굴물,candidate,1,[제주] 카페 청굴물 / 제주여행코스/ 제주도여행/ 제주 가볼만한...,https://blog.naver.com/puresquid/224301939706
3782,domestic_travel,제주,청굴물,candidate,1,[제주] 카페 청굴물 / 제주여행코스/ 제주도여행/ 제주 가볼만한...,https://blog.naver.com/puresquid/224301939706
3783,food,강남,청년감자탕순대국,candidate,1,[청년감자탕순대국] 강남 순살 뼈해장국 맛집,https://blog.naver.com/lynn1025/224301939421
3784,food,강남,청담동커피,cafe,1,데바스테이트|청담 로스터리 감성 가득한 커피 맛집 후기,https://blog.naver.com/ellyluv00/224301877433
3785,food,강남,청담동파인다이닝,restaurant,1,청담 상견례 맛집 추천 문보핫팟 파인다이닝,https://blog.naver.com/6607144/224299479151
3786,food,강남,청담룸식당,restaurant,1,청담 상견례 맛집 추천 문보핫팟 파인다이닝,https://blog.naver.com/6607144/224299479151
3787,food,강남,청담파인다이닝,restaurant,1,청담 상견례 맛집 추천 문보핫팟 파인다이닝,https://blog.naver.com/6607144/224299479151
3788,food,인천,청라 맛집 백년갈비 룸식당,restaurant,1,인천 청라 맛집 백년갈비 룸식당에서 즐긴 점심 특선,https://blog.naver.com/cutie0249/224301913940
3789,food,인천,청라 맛집 백년갈비 룸식당에서 즐긴 점심 특,restaurant,1,인천 청라 맛집 백년갈비 룸식당에서 즐긴 점심 특선,https://blog.naver.com/cutie0249/224301913940
3790,food,인천,청라 프랜차이즈 치킨 잊게 만드는 마성의 맛,candidate,1,[인천 청라] 프랜차이즈 치킨 잊게 만드는 마성의 맛!찹쌀 품은...,https://blog.naver.com/tral_rara/224301926928
3791,domestic_travel,강릉,청량리역에서,candidate,1,청량리역에서 강릉 동해역 KTX 시간표 및 예매 내용정리,https://lefthusband.tistory.com/678
3792,food,강남,청류벽,candidate,1,강남 맛집 청류벽 방문 솔직 후기,https://blog.naver.com/quitch/224301958149
3793,food,부산,청사포 조개구이 맛집 도희네 조개구이 내돈내,restaurant,1,부산 청사포 조개구이 맛집 도희네 조개구이 내돈내산,https://blog.naver.com/lamulamu1122/224301788077
3794,domestic_travel,부산,청사포 조개구이 맛집 도희네 조개구이 내돈내,restaurant,1,부산 청사포 조개구이 맛집 도희네 조개구이 내돈내산,https://blog.naver.com/lamulamu1122/224301788077
3795,food,수원,청이삼,candidate,1,수원 디저트 맛집 청23 [청이삼 ] 수원 타임빌라스점 과일산도...,https://blog.naver.com/byulbyullog/224301938806
3796,food,제주,청초수물회,candidate,1,오늘의 여행코스!! 청초수물회 제주점 제주 물회,https://blog.naver.com/ainackerman/224301821390
3797,domestic_travel,제주,청초수물회,candidate,1,오늘의 여행코스!! 청초수물회 제주점 제주 물회,https://blog.naver.com/ainackerman/224301821390
3798,food,대구,청춘양식당,restaurant,1,동성로양식 맛집 청춘양식당 접근성 좋은 가성비 포크...,https://blog.naver.com/dms2ql_/224301746613
3799,domestic_travel,가평,청평호,candidate,1,가평 청평호 뷰 카라반 추천 서울근교 카라반 캠프게이트 후기,https://blog.naver.com/kimlily519/224298823337
3800,domestic_travel,가평,청평호가 한눈에 보이는 펜션에서 스파까지 즐,travel_spot,1,가평 아기랑 청평호펜션 수상스키 즐길 수 있는 곳,https://blog.naver.com/jtlwkd123/224297872054
3801,domestic_travel,강릉,체험 가득한 오죽헌 즐길 수 있는 오죽헌 전시,attraction,1,"[강릉 여행 ] 아이와 가기 좋은 곳, 볼거리와 체험 가득한 '오죽헌...",https://blog.naver.com/ddarki_083/224298835759
3802,domestic_travel,부산,초 장미 초여름 산책 부천 장미원 서울 대공원,travel_spot,1,국내 6월 여행 지 추천: 꽃 절정 시기별로 고르면 실패 없는...,https://blog.naver.com/dreaming0/224297800186
3803,domestic_travel,제주,초 장미 초여름 산책 부천 장미원 서울 대공원,travel_spot,1,국내 6월 여행 지 추천: 꽃 절정 시기별로 고르면 실패 없는...,https://blog.naver.com/dreaming0/224297800186
3804,domestic_travel,강릉,초당옥수수커피,cafe,1,4월 강릉여행,https://blog.naver.com/dototo_/224301829408
3805,food,대구,초록도,candidate,1,[초록도] 대구 향수 공방 향기로 '기억되는 특별한 하루',https://blog.naver.com/yyyy__57/224301960340
3806,domestic_travel,대구,초록도,candidate,1,[초록도] 대구 향수 공방 향기로 '기억되는 특별한 하루',https://blog.naver.com/yyyy__57/224301960340
3807,food,대구,초록도 대구 향수 공방,candidate,1,[초록도] 대구 향수 공방 향기로 '기억되는 특별한 하루',https://blog.naver.com/yyyy__57/224301960340
3808,domestic_travel,대구,초록도 대구 향수 공방,candidate,1,[초록도] 대구 향수 공방 향기로 '기억되는 특별한 하루',https://blog.naver.com/yyyy__57/224301960340
3809,food,광주,초록빛,candidate,1,"[광주] 초록빛 정원이 반겨주는 곳, 동곡 '카페 더 비(THE BEE)'",https://blog.naver.com/chameleon69/224301897502
3810,domestic_travel,광주,초록빛,candidate,1,"[광주] 초록빛 정원이 반겨주는 곳, 동곡 '카페 더 비(THE BEE)'",https://blog.naver.com/chameleon69/224301897502
3811,food,광주,초록빛 정원이 반겨주는 곳 동곡 카페 더 비,cafe,1,"[광주] 초록빛 정원이 반겨주는 곳, 동곡 '카페 더 비(THE BEE)'",https://blog.naver.com/chameleon69/224301897502
3812,domestic_travel,광주,초록빛 정원이 반겨주는 곳 동곡 카페 더 비,cafe,1,"[광주] 초록빛 정원이 반겨주는 곳, 동곡 '카페 더 비(THE BEE)'",https://blog.naver.com/chameleon69/224301897502
3813,food,성수,초이다이닝,restaurant,1,성수역 일식당 후토마끼 초이다이닝 성수점 가격대비 만족도가...,https://blog.naver.com/tr6775/224299573972
3814,domestic_travel,성수,초이다이닝,restaurant,1,성수역 일식당 후토마끼 초이다이닝 성수점 가격대비 만족도가...,https://blog.naver.com/tr6775/224299573972
3815,domestic_travel,부산,총 특히 참여형 프로그램이 많아서 구경하는 축제,attraction,1,부산시민공원에서 만난 특별한 예술 나들이! 2026 부산예총...,https://blog.naver.com/minb__e/224301473312
3816,food,광주,총정리 국밥,candidate,1,"전현무계획3 광주 맛집 총정리: 국밥·오리탕·육전, 방문 전 꼭...",https://blog.naver.com/84uzmav/224301940340
3817,food,광주,총정리 송정5일시장,travel_spot,1,"전현무계획 광주 맛집 총정리, 송정5일시장부터 육전 맛집까지",https://blog.naver.com/namaksin14/224301887258
3818,domestic_travel,광주,총정리 송정5일시장,travel_spot,1,"전현무계획 광주 맛집 총정리, 송정5일시장부터 육전 맛집까지",https://blog.naver.com/namaksin14/224301887258
3819,food,대구,최가네,candidate,1,와그작 먹으러 대구까지? 대구 최가네 제과 와그작 케이크 찐...,https://blog.naver.com/troubletravel_/224301946974
3820,domestic_travel,대구,최가네,candidate,1,와그작 먹으러 대구까지? 대구 최가네 제과 와그작 케이크 찐...,https://blog.naver.com/troubletravel_/224301946974
3821,food,대구,최가네 제과 와그작 케이크 찐,candidate,1,와그작 먹으러 대구까지? 대구 최가네 제과 와그작 케이크 찐...,https://blog.naver.com/troubletravel_/224301946974
3822,domestic_travel,대구,최가네 제과 와그작 케이크 찐,candidate,1,와그작 먹으러 대구까지? 대구 최가네 제과 와그작 케이크 찐...,https://blog.naver.com/troubletravel_/224301946974
3823,domestic_travel,광주,최애 베이글 집도 그대로고 acc도 그대로 전시,attraction,1,오월의 청춘 (보고 싶다),https://blog.naver.com/jeonhw0808/224301826067
3824,food,종로,최애 포장마차 해운대에서 방금 금어기 풀린,candidate,1,[백제정육점] 강민경 차돌박이 육회쌈 종로 고기집 웨이팅 후기...,https://blog.naver.com/yminang/224301761365
3825,food,광주,추어탕,candidate,1,광주 추어탕 맛집 ~! 시골집 추어탕,https://blog.naver.com/darkangsoil/224301956040
3826,food,광주,추억의 맛집 찾으신다면 동산회관 한 번 방문,restaurant,1,광주 현지인 맛집 ｜볶음밥까지 완벽했던 동산회관,https://blog.naver.com/zzzzzzz_qzzz/224301939263
3827,domestic_travel,가평,추천 BEST3,candidate,1,가평 숙소 추천 BEST3｜실제로 위치 편하고 여름에 쉬기...,https://blog.naver.com/dogking-/224297082105
3828,food,부산,추천리스트,candidate,1,온천장 맛집 ] 가족 외식 장소 추천 부산 웨이팅 돈가스 맛집 ...,https://blog.naver.com/flypig_g/224301018122
3829,domestic_travel,부산,추천리스트,candidate,1,온천장 맛집 ] 가족 외식 장소 추천 부산 웨이팅 돈가스 맛집 ...,https://blog.naver.com/flypig_g/224301018122
3830,food,제주,춘미향식당,restaurant,1,"[제주 맛집 ] 현지인이 사랑하는 정식 맛집 , 서귀포 '춘미향식당...",https://blog.naver.com/nasang0223/224301912863
3831,domestic_travel,가평,춘천식당,restaurant,1,춘천 한식 맛집_시루(feat 고즈넉한 한식집 / 가족모임 추천),https://blog.naver.com/yomozomo09/224301768337
3832,food,대전,출발,candidate,1,대전 출발! 아이와 함께 다녀온 임실치즈테마파크 장미축제...,https://blog.naver.com/jjang1589/224301652534
3833,domestic_travel,대전,출발,candidate,1,대전 출발! 아이와 함께 다녀온 임실치즈테마파크 장미축제...,https://blog.naver.com/jjang1589/224301652534
3834,domestic_travel,부산,출발 디꾸아호텔,travel_spot,1,"나트랑 달랏 패키지 5일 부산 출발, 디꾸아호텔 총정리",https://blog.naver.com/dkrdka18/224301494212
3835,food,대전,출발 아이와 함께 다녀온 임실치즈테마파크 장,candidate,1,대전 출발! 아이와 함께 다녀온 임실치즈테마파크 장미축제...,https://blog.naver.com/jjang1589/224301652534
3836,domestic_travel,대전,출발 아이와 함께 다녀온 임실치즈테마파크 장,candidate,1,대전 출발! 아이와 함께 다녀온 임실치즈테마파크 장미축제...,https://blog.naver.com/jjang1589/224301652534
3837,domestic_travel,대구,출장 간 김에 요즘 인스타에서 핫한 남대문시장,travel_spot,1,남대문 일본용품파는곳 도매상 일요일도 생활용품 방법과 방문기,http://www.bluelog.kr/85439
3838,domestic_travel,제주,출장 따라와서 당일치기 여행하기,candidate,1,5월 비오는 날의 제주 후닥딱 당일치기 ☔️✈️️,https://blog.naver.com/bambii0/224301620607
3839,domestic_travel,대전,출장과 남은건 창억떡과 성심당 출장 가면 걍,candidate,1,여름 프리뷰,https://blog.naver.com/contedekxze/224301506692
3840,food,대전,충남대,candidate,1,대전 충남대 블루리본 중식당 연래춘대반점 삼선짜장 맛집 ...,https://blog.naver.com/dapara00/224301517752
3841,domestic_travel,대전,충남대,candidate,1,대전 충남대 블루리본 중식당 연래춘대반점 삼선짜장 맛집 ...,https://blog.naver.com/dapara00/224301517752
3842,food,대전,충남대 블루리본 중식당,restaurant,1,대전 충남대 블루리본 중식당 연래춘대반점 삼선짜장 맛집 ...,https://blog.naver.com/dapara00/224301517752
3843,domestic_travel,대전,충남대 블루리본 중식당,restaurant,1,대전 충남대 블루리본 중식당 연래춘대반점 삼선짜장 맛집 ...,https://blog.naver.com/dapara00/224301517752
3844,food,대전,충남대 블루리본 중식당 연래춘대반점 삼선짜장,restaurant,1,대전 충남대 블루리본 중식당 연래춘대반점 삼선짜장 맛집 ...,https://blog.naver.com/dapara00/224301517752
3845,domestic_travel,대전,충남대 블루리본 중식당 연래춘대반점 삼선짜장,restaurant,1,대전 충남대 블루리본 중식당 연래춘대반점 삼선짜장 맛집 ...,https://blog.naver.com/dapara00/224301517752
3846,food,광주,충장로,candidate,1,광주 충장로 치맥 맛집 하울링(HOWLING),https://blog.naver.com/sh3636091/224301768216
3847,domestic_travel,광주,충장로,candidate,1,광주 충장로 치맥 맛집 하울링(HOWLING),https://blog.naver.com/sh3636091/224301768216
3848,food,광주,충장로 치맥 맛집 하울링 HOWLING 테라,restaurant,1,광주 충장로 치맥 맛집 하울링(HOWLING),https://blog.naver.com/sh3636091/224301768216
3849,domestic_travel,광주,충장로 치맥 맛집 하울링 HOWLING 테라,restaurant,1,광주 충장로 치맥 맛집 하울링(HOWLING),https://blog.naver.com/sh3636091/224301768216
3850,food,강남,츄라우미,candidate,1,역삼역 맛집 이자카야 숙성회가 맛있는 츄라우미 강남본점,https://blog.naver.com/jinkong_/224301893992
3851,food,강남,치스타리에,candidate,1,[강남역 맛집 ] 비주얼과 맛 모두 잡은 ‘치스타리에 강남역점’...,https://blog.naver.com/strongsilentfart/224301919932
3852,food,대구,칠곡 3지구 맛집,restaurant,1,대구 칠곡 3지구 맛집 동천동 막창 전문점 연막창 칠곡3지구점...,https://blog.naver.com/vosxlajrrh/224301884844
3853,food,대구,칠곡 3지구 맛집 동천동 막창 전문점 연막창,restaurant,1,대구 칠곡 3지구 맛집 동천동 막창 전문점 연막창 칠곡3지구점...,https://blog.naver.com/vosxlajrrh/224301884844
3854,food,대구,칠곡 보쌈 맛집 기와집 오늘은 보쌈 맛집 리,restaurant,1,대구 칠곡 보쌈 맛집 ‘기와집‘,https://blog.naver.com/bokgilhouse/224301911881
3855,food,대구,칠곡3지구 맛집,restaurant,1,대구 칠곡3지구 맛집 점심 특선 오봉집 푸짐한 가성비 밥집,https://blog.naver.com/mssjse/224301897221
3856,food,대구,칠곡3지구 맛집 오봉집 칠곡동천점 그날 먹었,restaurant,1,대구 칠곡3지구 맛집 팔거역 점심맛집 직화낙지볶음 보쌈...,https://blog.naver.com/vydua/224301920080
3857,food,대구,칠곡3지구 맛집 점심 특선 오봉집 푸짐한 가,restaurant,1,대구 칠곡3지구 맛집 점심 특선 오봉집 푸짐한 가성비 밥집,https://blog.naver.com/mssjse/224301897221
3858,food,대구,칠곡3지구 맛집 팔거역 맛집 점심맛집 그리고,restaurant,1,대구 칠곡3지구 맛집 팔거역 점심맛집 직화낙지볶음 보쌈...,https://blog.naver.com/vydua/224301920080
3859,food,대구,칠곡3지구 맛집 팔거역 점심맛집,restaurant,1,대구 칠곡3지구 맛집 팔거역 점심맛집 직화낙지볶음 보쌈...,https://blog.naver.com/vydua/224301920080
3860,food,대구,칠곡3지구 맛집 팔거역 점심맛집 직화낙지볶음,restaurant,1,대구 칠곡3지구 맛집 팔거역 점심맛집 직화낙지볶음 보쌈...,https://blog.naver.com/vydua/224301920080
3861,food,대구,칠곡3지구 점심 특선 맛집 오봉집 칠곡점 글,restaurant,1,대구 칠곡3지구 맛집 점심 특선 오봉집 푸짐한 가성비 밥집,https://blog.naver.com/mssjse/224301897221
3862,food,대구,칠곡3지구막창맛집,restaurant,1,대구 칠곡 3지구 맛집 동천동 막창 전문점 연막창 칠곡3지구점...,https://blog.naver.com/vosxlajrrh/224301884844
3863,food,대구,칠곡브런치,cafe,1,"[칠곡브런치] 대구 칠곡에서 맛있는 브런치, 수국 맛집 소소래...",https://blog.naver.com/drawingirls/224301840401
3864,food,대구,칠곡에서,candidate,1,"[칠곡브런치] 대구 칠곡에서 맛있는 브런치, 수국 맛집 소소래...",https://blog.naver.com/drawingirls/224301840401
3865,food,대구,칠곡에서 맛있는 브런치 수국 맛집 소소래 소,cafe,1,"[칠곡브런치] 대구 칠곡에서 맛있는 브런치, 수국 맛집 소소래...",https://blog.naver.com/drawingirls/224301840401
3866,food,대구,칠성동 맛집 칠성시장,restaurant,1,칠성동 맛집 칠성시장 근처 쌀국수집 왓타타이 내돈내산 리뷰,https://blog.naver.com/operation-car/224301843213
3867,domestic_travel,대구,칠성동 맛집 칠성시장,restaurant,1,칠성동 맛집 칠성시장 근처 쌀국수집 왓타타이 내돈내산 리뷰,https://blog.naver.com/operation-car/224301843213
3868,food,대구,칠성시장 근처 맛집 대구 북구 쌀국수집 왓타,restaurant,1,칠성동 맛집 칠성시장 근처 쌀국수집 왓타타이 내돈내산 리뷰,https://blog.naver.com/operation-car/224301843213
3869,domestic_travel,대구,칠성시장 근처 맛집 대구 북구 쌀국수집 왓타,restaurant,1,칠성동 맛집 칠성시장 근처 쌀국수집 왓타타이 내돈내산 리뷰,https://blog.naver.com/operation-car/224301843213
3870,food,대구,칠성시장단골식당,restaurant,1,대구 노포감성 제대로인 칠성시작 연탄불고기 찐 맛집 ...,https://blog.naver.com/kate_0522/224301578041
3871,domestic_travel,대구,칠성시장단골식당,restaurant,1,대구 노포감성 제대로인 칠성시작 연탄불고기 찐 맛집 ...,https://blog.naver.com/kate_0522/224301578041
3872,domestic_travel,가평,카라반,candidate,1,포쉬 카라반 가평수영장글램핑 아이와 함께 다녀온 가족 힐링...,https://blog.naver.com/youhee4793/224297999175
3873,domestic_travel,제주,카멜리아힐,candidate,1,국내 6월 여행 지 추천 가볼만한곳 BEST 5,https://blog.naver.com/ttuksum/224298364925
3874,domestic_travel,제주,카멜리아힐 부산 태종사 아시죠 꽃,candidate,1,국내 6월 여행 지 추천: 꽃 절정 시기별로 고르면 실패 없는...,https://blog.naver.com/dreaming0/224297800186
3875,food,강남,카츠공방,candidate,1,신사역 돈까스 맛집 카츠공방 신사역점 모듬카츠세트가 진짜...,https://blog.naver.com/kichica/224301755780
3876,food,대구,카페거리,cafe,1,대구 당일치기 여행코스 앞산공원 카페거리 대구 시내 동성로까지,https://blog.naver.com/luv__i/224301732783
3877,domestic_travel,대구,카페거리,cafe,1,대구 당일치기 여행코스 앞산공원 카페거리 대구 시내 동성로까지,https://blog.naver.com/luv__i/224301732783
3878,food,광주,카페폴,cafe,1,"경기광주 카페 카페폴 오포점, 솔트라떼랑 딸기스콘이 조합이...",https://blog.naver.com/968-6274/224301062147
3879,food,광주,카페폴 오포점 솔트라떼랑 딸기스콘이 조,cafe,1,"경기광주 카페 카페폴 오포점, 솔트라떼랑 딸기스콘이 조합이...",https://blog.naver.com/968-6274/224301062147
3880,food,강남,칵테일,candidate,1,강남 칵테일 무제한 '비랩 강남본점' 안주반입 가능한 가성비...,https://blog.naver.com/iancolorlab/224301820118
3881,food,강남,칵테일 무제한 비랩 강남본점 안주반입 가능한,candidate,1,강남 칵테일 무제한 '비랩 강남본점' 안주반입 가능한 가성비...,https://blog.naver.com/iancolorlab/224301820118
3882,food,강남,칵테일바 봐주셔서 감사합니다,restaurant,1,강남 가성비 칵테일바 실내데이트 Stay in 비밀의 정원,https://blog.naver.com/skagusdl6354/224301649381
3883,food,강남,칼국수,candidate,1,역삼동 맛집 강남샤브샤브 강남역칼국수 강남역칼국수 맛집,https://blog.naver.com/shanghaibabe/224301690396
3884,domestic_travel,가평,캠프게이트,candidate,1,가평 아기랑 청평호펜션 수상스키 즐길 수 있는 곳,https://blog.naver.com/jtlwkd123/224297872054
3885,domestic_travel,가평,캠핑까지,candidate,1,농촌체험부터 별빛 캠핑까지! 가평에서 즐기는 특별한 힐링 여행,https://blog.naver.com/valet24kr/224301838028
3886,food,부산,커피,cafe,1,전포 카페 추천｜부산 커피 맛집 히떼로스터리 전포점 필터커피...,https://blog.naver.com/kimhaeun0927/224301719038
3887,domestic_travel,부산,커피,cafe,1,전포 카페 추천｜부산 커피 맛집 히떼로스터리 전포점 필터커피...,https://blog.naver.com/kimhaeun0927/224301719038
3888,food,제주,커피,cafe,1,"제주도에서 만난 인생 커피,제주에서 “제일 맛있는”커피...",https://blog.naver.com/naldada_/224301615695
3889,domestic_travel,제주,커피,cafe,1,"제주도에서 만난 인생 커피,제주에서 “제일 맛있는”커피...",https://blog.naver.com/naldada_/224301615695
3890,food,수원,커피,cafe,1,[수원 커피] 패터슨 커피: 행궁동 감성 제대로 느껴지는...,https://blog.naver.com/ssj2151/224296825797
3891,domestic_travel,강릉,커피,cafe,1,[강릉 여행 ]엄마와 함께 떠난 강원도 강릉 2박3일/1일차,https://blog.naver.com/pricuae123/224301699781
3892,food,부산,커피 맛집 히떼로스터리 전포점 필터커피,cafe,1,전포 카페 추천｜부산 커피 맛집 히떼로스터리 전포점 필터커피...,https://blog.naver.com/kimhaeun0927/224301719038
3893,domestic_travel,부산,커피 맛집 히떼로스터리 전포점 필터커피,cafe,1,전포 카페 추천｜부산 커피 맛집 히떼로스터리 전포점 필터커피...,https://blog.naver.com/kimhaeun0927/224301719038
3894,food,부산,커피 맛집 히떼로스터리 전포점 필터커피 전포,cafe,1,전포 카페 추천｜부산 커피 맛집 히떼로스터리 전포점 필터커피...,https://blog.naver.com/kimhaeun0927/224301719038
3895,domestic_travel,부산,커피 맛집 히떼로스터리 전포점 필터커피 전포,cafe,1,전포 카페 추천｜부산 커피 맛집 히떼로스터리 전포점 필터커피...,https://blog.naver.com/kimhaeun0927/224301719038
3896,food,수원,커피 패터슨 커피,cafe,1,[수원 커피] 패터슨 커피: 행궁동 감성 제대로 느껴지는...,https://blog.naver.com/ssj2151/224296825797
3897,food,수원,커피 패터슨 커피 행궁동 감성 제대로 느껴지,cafe,1,[수원 커피] 패터슨 커피: 행궁동 감성 제대로 느껴지는...,https://blog.naver.com/ssj2151/224296825797
3898,domestic_travel,경주,케이크,candidate,1,경주 서부동 빵집 이재원 과자공방|경주 케이크 가성비 솔직...,https://blog.naver.com/hmj448/224301783472
3899,domestic_travel,경주,케이크 가성비 솔직 경주과자공방,candidate,1,경주 서부동 빵집 이재원 과자공방|경주 케이크 가성비 솔직...,https://blog.naver.com/hmj448/224301783472
3900,food,부산,켄트호텔이 말아주는 26년 광안리 어방축제,attraction,1,켄트호텔이 말아주는 26년 광안리 어방축제 정보,https://blog.naver.com/kenthotel_busan/224301826364
3901,domestic_travel,부산,켄트호텔이 말아주는 26년 광안리 어방축제,attraction,1,켄트호텔이 말아주는 26년 광안리 어방축제 정보,https://blog.naver.com/kenthotel_busan/224301826364
3902,domestic_travel,부산,코브,candidate,1,"부산 오션뷰 호텔 끝판왕, 아난티 앳 부산 코브",https://blog.naver.com/goodfinds/224301794798
3903,food,부산,코뿔소와 유니콘 아이랑 함께 전시,attraction,1,부산 현대미술관 코뿔소와 유니콘 아이랑 함께 전시 데이트:),https://blog.naver.com/miingssmom/224301885714
3904,domestic_travel,부산,코뿔소와 유니콘 아이랑 함께 전시,attraction,1,부산 현대미술관 코뿔소와 유니콘 아이랑 함께 전시 데이트:),https://blog.naver.com/miingssmom/224301885714
3905,food,제주,코스,candidate,1,제주도 여행 비용 절약하는 코스 제주도 서쪽 가볼만한곳 5곳,https://blog.naver.com/sin961027/224301954353
3906,domestic_travel,제주,코스,candidate,1,제주도 여행 비용 절약하는 코스 제주도 서쪽 가볼만한곳 5곳,https://blog.naver.com/sin961027/224301954353
3907,food,수원,코스,candidate,1,[수원 파란대문 장미] 행궁동 데이트 코스/ 수원 행궁동 장미...,https://blog.naver.com/juchae0308/224301626560
3908,food,수원,코스요리,candidate,1,인계동 점심 맛집 모노폴1982의 수원 코스요리 즐기기,https://blog.naver.com/greta0074/224301709555
3909,food,강남,코엑스 맛집 가족과 함께 즐기는 23가,restaurant,1,[강남] 강남 코엑스 맛집 ! 가족과 함께 즐기는 23가지 솥밥...,https://blog.naver.com/chaein_side/224301899749
3910,food,강남,코엑스 맛집 솥내음 스타필드 코엑스몰점 한우,restaurant,1,강남 코엑스 맛집 솥내음 스타필드 코엑스몰점 한우대창 솥밥...,https://blog.naver.com/qls0816/224301283304
3911,food,인천,코지하우스,candidate,1,코지하우스 인천부평점 신메뉴 내돈내산 선불카드 이용 방문 후기,https://blog.naver.com/heartseon/224301863384
3912,domestic_travel,인천,코지하우스,candidate,1,코지하우스 인천부평점 신메뉴 내돈내산 선불카드 이용 방문 후기,https://blog.naver.com/heartseon/224301863384
3913,domestic_travel,부산,콘서트였습니다 7월 앙콘 기다려 내가,candidate,1,[5월 일상] 현재를 살아가보자,https://blog.naver.com/thals0965/224301951721
3914,food,광주,쿠우쿠우,candidate,1,우산동 맛집 쿠우쿠우 광주하남점,https://blog.naver.com/pompous34/224301936480
3915,food,제주,크림커피,cafe,1,2026 봄 제주 (2),https://blog.naver.com/newstar814/224301922565
3916,domestic_travel,제주,크림커피,cafe,1,2026 봄 제주 (2),https://blog.naver.com/newstar814/224301922565
3917,domestic_travel,성수,키즈리조트,travel_spot,1,인천 송도 인스파이어 리조트 프로모션 빅 특가 스플래시 베이...,https://blog.naver.com/rud_gml/224301267430
3918,domestic_travel,인천,키즈리조트,travel_spot,1,인천 송도 인스파이어 리조트 프로모션 빅 특가 스플래시 베이...,https://blog.naver.com/rud_gml/224301267430
3919,food,부산,키즈카페 히어로플레이파크 대형 실내놀이터 주,cafe,1,[부산 키즈카페] 히어로플레이파크 대형 실내놀이터 주말 방문...,https://blog.naver.com/frind0220/224301939142
3920,domestic_travel,부산,키즈카페 히어로플레이파크 대형 실내놀이터 주,cafe,1,[부산 키즈카페] 히어로플레이파크 대형 실내놀이터 주말 방문...,https://blog.naver.com/frind0220/224301939142
3921,food,부산,킹크랩,candidate,1,동래 외식365 대게좋은날 부산 킹크랩 대게 맛집,https://blog.naver.com/gagulog/224301831352
3922,food,부산,킹크랩 대게 맛집 주말이라 그런지 확실히 부,restaurant,1,동래 외식365 대게좋은날 부산 킹크랩 대게 맛집,https://blog.naver.com/gagulog/224301831352
3923,domestic_travel,부산,타고,candidate,1,부산 2박 3일 여행 1편 새벽 SRT 타고 부산역 복국부터 태종대...,https://blog.naver.com/munggmungg/224301778533
3924,food,수원,타임빌라스 갔다가 평소 시간이 저녁 7시쯤이,candidate,1,수원 디저트 맛집 청23 [청이삼 ] 수원 타임빌라스점 과일산도...,https://blog.naver.com/byulbyullog/224301938806
3925,food,수원,타임빌라스 디저트 맛집 청23 청이삼 과일산,cafe,1,수원 디저트 맛집 청23 [청이삼 ] 수원 타임빌라스점 과일산도...,https://blog.naver.com/byulbyullog/224301938806
3926,food,수원,타임빌라스점,candidate,1,수원 디저트 맛집 청23 [청이삼 ] 수원 타임빌라스점 과일산도...,https://blog.naver.com/byulbyullog/224301938806
3927,food,성수,타코,candidate,1,성수 타코 맛집 모리몰리... 연어타르타르타코 서울숲 타코 맛집,https://blog.naver.com/dhdnjfdmlwldnjs/224301811476
3928,food,종로,타코,candidate,1,[서울 종로 / 서순라길 / 비틀스 타코] 종로 웨이팅 맛집 인정...,https://blog.naver.com/greenish-glow/224301639648
3929,food,성수,타코 맛집 모리몰리 연어타르타르타코 서울숲,restaurant,1,성수 타코 맛집 모리몰리... 연어타르타르타코 서울숲 타코 맛집,https://blog.naver.com/dhdnjfdmlwldnjs/224301811476
3930,food,대전,탄방,candidate,1,[대전/탄방] 돈가스 맛집 “숯불돈까스”,https://blog.naver.com/makeiteon/224301941383
3931,food,대전,탄방 돈가스 맛집 숯불돈까스 숯불돈까스 대전,restaurant,1,[대전/탄방] 돈가스 맛집 “숯불돈까스”,https://blog.naver.com/makeiteon/224301941383
3932,food,대전,탄방동,candidate,1,대전 탄방동 뇨끼 맛집 디까르네 내돈내산 후기,https://blog.naver.com/dyoeee_/224301879610
3933,domestic_travel,대전,탄방동,candidate,1,대전 탄방동 뇨끼 맛집 디까르네 내돈내산 후기,https://blog.naver.com/dyoeee_/224301879610
3934,food,대전,탄방동에 뇨끼 맛집 이 있다고 해서 다녀와봤,restaurant,1,대전 탄방동 뇨끼 맛집 디까르네 내돈내산 후기,https://blog.naver.com/dyoeee_/224301879610
3935,domestic_travel,대전,탄방동에 뇨끼 맛집 이 있다고 해서 다녀와봤,restaurant,1,대전 탄방동 뇨끼 맛집 디까르네 내돈내산 후기,https://blog.naver.com/dyoeee_/224301879610
3936,food,제주,탄산온천,candidate,1,제주 탄산온천 인근 산방산국수 맛집 고기국수 만원 점심,https://blog.naver.com/realrevolution/224301881417
3937,food,제주,탄산온천 인근 산방산국수 맛집 고기국수 만원,restaurant,1,제주 탄산온천 인근 산방산국수 맛집 고기국수 만원 점심,https://blog.naver.com/realrevolution/224301881417
3938,domestic_travel,제주,탐나는전,candidate,1,제주 탐나는전 10% 소품샵 선물가게 제주소나이 마그넷,https://blog.naver.com/normaler0_0/224301609151
3939,domestic_travel,제주,탐나는전 10,candidate,1,제주 탐나는전 10% 소품샵 선물가게 제주소나이 마그넷,https://blog.naver.com/normaler0_0/224301609151
3940,food,인천,탐방 일기 끝,candidate,1,[인천 계양산 맛집 ] 함금옥통큰손쭈꾸미마을 불향 가득 내돈내산,https://blog.naver.com/coco240217/224301915881
3941,domestic_travel,대전,탐정,candidate,1,대전 탐정|고석정 풍경.,https://blog.naver.com/daon_8272/224301953125
3942,domestic_travel,대전,탐정 고석정 풍경 고석정은 강원도 철원에 위,candidate,1,대전 탐정|고석정 풍경.,https://blog.naver.com/daon_8272/224301953125
3943,food,제주,탐하리,candidate,1,가산 현지인 자체 랭킹 1위 고기 맛집|제주 탐하리,https://blog.naver.com/daffodils_0-0/224301671286
3944,food,제주,탐하리 현지인 맛집 자체 랭킹 1위 집인 제,restaurant,1,가산 현지인 자체 랭킹 1위 고기 맛집|제주 탐하리,https://blog.naver.com/daffodils_0-0/224301671286
3945,food,제주,탑동,candidate,1,제주 탑동 장진우 셰프 신상 맛집 사오공대패 구 뽀빠이호프,https://blog.naver.com/je_mattt/224301867865
3946,domestic_travel,제주,탑동,candidate,1,제주 탑동 장진우 셰프 신상 맛집 사오공대패 구 뽀빠이호프,https://blog.naver.com/je_mattt/224301867865
3947,food,제주,탑동 장진우 셰프 신상 맛집 사오공대패 구,restaurant,1,제주 탑동 장진우 셰프 신상 맛집 사오공대패 구 뽀빠이호프,https://blog.naver.com/je_mattt/224301867865
3948,domestic_travel,제주,탑동 장진우 셰프 신상 맛집 사오공대패 구,restaurant,1,제주 탑동 장진우 셰프 신상 맛집 사오공대패 구 뽀빠이호프,https://blog.naver.com/je_mattt/224301867865
3949,domestic_travel,강릉,탑스텐,candidate,1,강릉 탑스텐 호텔 솔직후기,https://blog.naver.com/chj28266/224301828127
3950,domestic_travel,강릉,탑스텐 호텔,travel_spot,1,강릉 탑스텐 호텔 솔직후기,https://blog.naver.com/chj28266/224301828127
3951,domestic_travel,제주,태국허니문,candidate,1,제주 태국허니문 필수 대비,https://blog.naver.com/peqjoui22038_rb/224301435042
3952,domestic_travel,제주,태국허니문 필수 대비 피피섬이나 라차섬 당일,candidate,1,제주 태국허니문 필수 대비,https://blog.naver.com/peqjoui22038_rb/224301435042
3953,food,대구,태능집,candidate,1,[ 국내여행 ] 대구 태능집 : 북성로불고기&우동,https://blog.naver.com/kkokkorun/224301652143
3954,domestic_travel,대구,태능집,candidate,1,[ 국내여행 ] 대구 태능집 : 북성로불고기&우동,https://blog.naver.com/kkokkorun/224301652143
3955,food,대구,태능집 북성로불고기&우동 대구에 방문한다면,restaurant,1,[ 국내여행 ] 대구 태능집 : 북성로불고기&우동,https://blog.naver.com/kkokkorun/224301652143
3956,domestic_travel,대구,태능집 북성로불고기&우동 대구에 방문한다면,restaurant,1,[ 국내여행 ] 대구 태능집 : 북성로불고기&우동,https://blog.naver.com/kkokkorun/224301652143
3957,food,대구,태백산 불정암에서 1박 2일 점사맛집,restaurant,1,태백산 불정암에서 1박 2일,https://blog.naver.com/gimgjunsoo48/224301855132
3958,food,광주,태전동,candidate,1,[경기광주 태전동 맛집 ] 매콤 탱글 '태전아구찜' 낙지 추가 후기...,https://blog.naver.com/inkyo88jung/224301952068
3959,domestic_travel,광주,태전동,candidate,1,[경기광주 태전동 맛집 ] 매콤 탱글 '태전아구찜' 낙지 추가 후기...,https://blog.naver.com/inkyo88jung/224301952068
3960,food,대구,태전동,candidate,1,대구 태전동 맛집 정이가국수 보건대점 치즈돈까스 칼제비...,https://blog.naver.com/mmmu14/224301896829
3961,food,광주,태전동 맛집 매콤 탱글 태전아구찜 낙지 추가,restaurant,1,[경기광주 태전동 맛집 ] 매콤 탱글 '태전아구찜' 낙지 추가 후기...,https://blog.naver.com/inkyo88jung/224301952068
3962,domestic_travel,광주,태전동 맛집 매콤 탱글 태전아구찜 낙지 추가,restaurant,1,[경기광주 태전동 맛집 ] 매콤 탱글 '태전아구찜' 낙지 추가 후기...,https://blog.naver.com/inkyo88jung/224301952068
3963,food,대구,태전동 맛집 정이가국수 보건대점 치즈돈까스,restaurant,1,대구 태전동 맛집 정이가국수 보건대점 치즈돈까스 칼제비...,https://blog.naver.com/mmmu14/224301896829
3964,domestic_travel,부산,태종사 아시죠 꽃,candidate,1,국내 6월 여행 지 추천: 꽃 절정 시기별로 고르면 실패 없는...,https://blog.naver.com/dreaming0/224297800186
3965,domestic_travel,부산,태종사부터,candidate,1,부울경 수국 명소 총정리 부산 태종사부터 거제 저구항·울산...,https://blog.naver.com/dlsgur234/224301143226
3966,domestic_travel,부산,태종사부터 거제 저구항,candidate,1,부울경 수국 명소 총정리 부산 태종사부터 거제 저구항·울산...,https://blog.naver.com/dlsgur234/224301143226
3967,domestic_travel,제주,택시투어를 이용한 여행을 다녀왔습니다 오늘,candidate,1,완도에서 제주 여객선 배시간표 요금 주차정보 알아보기,https://bluebeat.tistory.com/189
3968,domestic_travel,강릉,터 한국 근현대 미술의 거장 장욱진 화백의 전시,attraction,1,"헤리티지여행"" 강릉미술관 솔올 강릉 실내 가볼만한곳",https://blog.naver.com/kikitravellife/224301859985
3969,food,성수,터틀힙,candidate,1,서울성수동 맛집 터틀힙 성수 생일 케이크로 추천하는 성수 핫플,https://blog.naver.com/wowhow112/224298515739
3970,domestic_travel,성수,터틀힙,candidate,1,서울성수동 맛집 터틀힙 성수 생일 케이크로 추천하는 성수 핫플,https://blog.naver.com/wowhow112/224298515739
3971,food,성수,터틀힙 성수,candidate,1,서울성수동 맛집 터틀힙 성수 생일 케이크로 추천하는 성수 핫플,https://blog.naver.com/wowhow112/224298515739
3972,domestic_travel,성수,터틀힙 성수,candidate,1,서울성수동 맛집 터틀힙 성수 생일 케이크로 추천하는 성수 핫플,https://blog.naver.com/wowhow112/224298515739
3973,food,부산,테마별,candidate,1,테마별 부산 여행 추천 ! 취향 따라 즐기는 부산 가볼 만한 곳,https://blog.naver.com/homebody_panda/224301294157
3974,domestic_travel,부산,테마별,candidate,1,테마별 부산 여행 추천 ! 취향 따라 즐기는 부산 가볼 만한 곳,https://blog.naver.com/homebody_panda/224301294157
3975,domestic_travel,제주,테지움,candidate,1,[테디베어하우스 테지움] 제주도 아이랑 가기 좋은 실내 테마파크,https://blog.naver.com/happychef77/224301928167
3976,domestic_travel,제주,테지움에서의,candidate,1,"테디베어하우스 테지움에서의 제주 가족여행, 특별한 추억...",https://blog.naver.com/nightmin79/224301957420
3977,food,광주,텐동,candidate,1,광주 텐동 맛집 온기정 광주신세계점｜쇼핑하다 먹기 좋은...,https://blog.naver.com/divinite_moon/224301933739
3978,food,광주,텐동 맛집 온기정 광주신세계점,restaurant,1,광주 텐동 맛집 온기정 광주신세계점｜쇼핑하다 먹기 좋은...,https://blog.naver.com/divinite_moon/224301933739
3979,food,강남,토말실비,candidate,1,코엑스 맛집 삼성동횟집 토말실비 강남숙성회 후기,https://blog.naver.com/ungeeon/224301506020
3980,food,부산,토박이 저의 맛집 리스트 중 한곳인 청사포에,restaurant,1,부산 한정식 맛집 [ 옥이보리밥 ] 내돈내산 청사포 맛집,https://blog.naver.com/deratfg/224301948135
3981,food,부산,토박이는,candidate,1,성수동 맛집 능동미나리 후기 성수동 도토리오븐 구움과자,https://blog.naver.com/thgusaksu/224301647733
3982,domestic_travel,부산,토박이는,candidate,1,성수동 맛집 능동미나리 후기 성수동 도토리오븐 구움과자,https://blog.naver.com/thgusaksu/224301647733
3983,food,부산,토박이의 찐 맛집 부산 한정식 맛집 을 찾고,restaurant,1,부산 한정식 맛집 [ 옥이보리밥 ] 내돈내산 청사포 맛집,https://blog.naver.com/deratfg/224301948135
3984,domestic_travel,부산,토요코인,candidate,1,부산역 호텔 추천! 토요코인 부산역1호점 장단점 총정리,https://blog.naver.com/goodfinds/224301796903
3985,domestic_travel,부산,톨레도 당일치기 를 하려고 아토차역 근처로 호텔,travel_spot,1,day15 : 바르셀로나에서 마드리드 - nh나시오날 - 메손 델...,https://blog.naver.com/s2_ysy/224301736757
3986,food,제주,통갈치,candidate,1,올레시장 맛집 바다어멍 서귀포올레시장본점 제주 통갈치...,https://blog.naver.com/ellyluv00/224301868363
3987,domestic_travel,제주,통갈치,candidate,1,올레시장 맛집 바다어멍 서귀포올레시장본점 제주 통갈치...,https://blog.naver.com/ellyluv00/224301868363
3988,food,제주,통갈치 올레시장맛집 바다어멍 서귀포올레시장본,restaurant,1,올레시장 맛집 바다어멍 서귀포올레시장본점 제주 통갈치...,https://blog.naver.com/ellyluv00/224301868363
3989,domestic_travel,제주,통갈치 올레시장맛집 바다어멍 서귀포올레시장본,restaurant,1,올레시장 맛집 바다어멍 서귀포올레시장본점 제주 통갈치...,https://blog.naver.com/ellyluv00/224301868363
3990,domestic_travel,강릉,통영 전주등 잘 알려진,candidate,1,당일치기로도 완벽한 충북 단양 여행 필수코스 Best4,https://blog.naver.com/whqufdl37/224301733052
3991,domestic_travel,제주,퇴근길에 더현대서울 간 사람 그 중 프린트베이커리,cafe,1,print bakery x 왈종미술관 에디션 런칭 전시 <제주 생활의...,https://blog.naver.com/hootooteee/224301878991
3992,food,광주,퇴촌의 가장,candidate,1,[경기도 퇴촌]계곡에서 먹는 백숙=극락“앵자산장”,https://blog.naver.com/flry0105/224295921651
3993,domestic_travel,강릉,툇마루 중앙시장,travel_spot,1,"강릉 당일치기 여행 코스 추천 강문해변, 툇마루, 중앙시장...",https://blog.naver.com/jing2vov/224301586874
3994,domestic_travel,경주,투썸,candidate,1,경주 2박3일 여행 /DAY2 경주여행: 투썸 경주감포항점...,https://blog.naver.com/new_everyday91/224301886085
3995,food,인천,투어,candidate,1,식어도 맛있는 숭의로터리 꽈배기 맛집 ! 임산부 우대 매장...,https://blog.naver.com/from_anna/224301902381
3996,domestic_travel,경주,투어,candidate,1,"경주 감성 ""카페 샬라라"" 동화 속 한 장면 같은 힐링 공간",https://blog.naver.com/chacms1143/224301703821
3997,food,제주,투어,candidate,1,[제주] 히밥도 왔다간 제주 시내 고기국수 맛집|혼바띠 국수,https://blog.naver.com/precure0619/224301688127
3998,domestic_travel,제주,투어,candidate,1,[제주] 히밥도 왔다간 제주 시내 고기국수 맛집|혼바띠 국수,https://blog.naver.com/precure0619/224301688127
3999,food,성수,투어2 올리브영N성수 포켓몬 30주년 파티 팝업,popup,1,[성수 포켓몬 투어2] 올리브영N성수 포켓몬 30주년 파티 팝업...,https://blog.naver.com/ejl0304-/224301806574
4000,food,제주,투어도 역시 많이 다녔습니다 먹는것도,candidate,1,제주도 맛집 투어~~,https://blog.naver.com/khj56722/224301943249
4001,domestic_travel,가평,트라움,candidate,1,"서울 근교 글램핑 추천, 분위기 미쳤던 가평 트라움 글램핑",https://blog.naver.com/honglog95/224297282242
4002,domestic_travel,가평,트라움 글램핑 서울 근교 글램핑 찾는 분 감,candidate,1,"서울 근교 글램핑 추천, 분위기 미쳤던 가평 트라움 글램핑",https://blog.naver.com/honglog95/224297282242
4003,domestic_travel,부산,트랑 달랏 패키지 부산출발 첫날부터 5성급 숙소,travel_spot,1,"나트랑 달랏 패키지 5일 부산 출발, 디꾸아호텔 총정리",https://blog.naver.com/dkrdka18/224301494212
4004,food,제주,트립,candidate,1,핫플 트립 제주도버스투어 뚜벅이 패키지로 봄날 혼자여행 완전...,https://blog.naver.com/twnghhgrdeq/224300874653
4005,domestic_travel,제주,트립,candidate,1,핫플 트립 제주도버스투어 뚜벅이 패키지로 봄날 혼자여행 완전...,https://blog.naver.com/twnghhgrdeq/224300874653
4006,food,광주,특별한,candidate,1,"광주, 특별한 경험을 선사하는 매력적인 도시 이야기",https://blog.naver.com/cigarette7130/224301612292
4007,domestic_travel,광주,특별한,candidate,1,"광주, 특별한 경험을 선사하는 매력적인 도시 이야기",https://blog.naver.com/cigarette7130/224301612292
4008,food,광주,특별한 경험을 선사하는 매력적인 도시 이야기,candidate,1,"광주, 특별한 경험을 선사하는 매력적인 도시 이야기",https://blog.naver.com/cigarette7130/224301612292
4009,domestic_travel,광주,특별한 경험을 선사하는 매력적인 도시 이야기,candidate,1,"광주, 특별한 경험을 선사하는 매력적인 도시 이야기",https://blog.naver.com/cigarette7130/224301612292
4010,domestic_travel,경주,특유의 감성이 가득 맛집이나 분위기 좋은 식,restaurant,1,[경주/황리단길 맛집] 료코 안심카츠·료무라이스 솔직 후기...,https://blog.naver.com/iammjih/224301850037
4011,food,부산,파라다이스호텔,travel_spot,1,"파라다이스호텔 지하 1층 홍콩식 와플, 까이딴자이 맛집",https://blog.naver.com/ming_dori/224301952566
4012,food,대구,파라다이스호텔,travel_spot,1,"파라다이스호텔 지하 1층 홍콩식 와플, 까이딴자이 맛집",https://blog.naver.com/ming_dori/224301952566
4013,domestic_travel,부산,파라다이스호텔,travel_spot,1,"파라다이스호텔 지하 1층 홍콩식 와플, 까이딴자이 맛집",https://blog.naver.com/ming_dori/224301952566
4014,domestic_travel,대구,파라다이스호텔,travel_spot,1,"파라다이스호텔 지하 1층 홍콩식 와플, 까이딴자이 맛집",https://blog.naver.com/ming_dori/224301952566
4015,food,수원,파란대문,candidate,1,[수원 파란대문 장미] 행궁동 데이트 코스/ 수원 행궁동 장미...,https://blog.naver.com/juchae0308/224301626560
4016,food,인천,파리미술관,attraction,1,파리 뮤지엄패스 2일권 4일권 가격 뽕뽑는법 내돈내산 구매 후기,https://blog.naver.com/tigung1107/224301906503
4017,domestic_travel,인천,파리미술관,attraction,1,파리 뮤지엄패스 2일권 4일권 가격 뽕뽑는법 내돈내산 구매 후기,https://blog.naver.com/tigung1107/224301906503
4018,food,인천,파리박물관,attraction,1,파리 뮤지엄패스 2일권 4일권 가격 뽕뽑는법 내돈내산 구매 후기,https://blog.naver.com/tigung1107/224301906503
4019,domestic_travel,인천,파리박물관,attraction,1,파리 뮤지엄패스 2일권 4일권 가격 뽕뽑는법 내돈내산 구매 후기,https://blog.naver.com/tigung1107/224301906503
4020,food,성수,파스타,restaurant,1,성수 파스타 맛집 리타르단도|챔프커피 성수점|성수...,https://blog.naver.com/asweetsandwich/224301919534
4021,domestic_travel,성수,파스타,restaurant,1,성수 파스타 맛집 리타르단도|챔프커피 성수점|성수...,https://blog.naver.com/asweetsandwich/224301919534
4022,food,성수,파스타 맛집 리타르단도 챔프커피,cafe,1,성수 파스타 맛집 리타르단도|챔프커피 성수점|성수...,https://blog.naver.com/asweetsandwich/224301919534
4023,domestic_travel,성수,파스타 맛집 리타르단도 챔프커피,cafe,1,성수 파스타 맛집 리타르단도|챔프커피 성수점|성수...,https://blog.naver.com/asweetsandwich/224301919534
4024,food,성수,파스타 맛집 리타르단도 챔프커피 성수점 성수,cafe,1,성수 파스타 맛집 리타르단도|챔프커피 성수점|성수...,https://blog.naver.com/asweetsandwich/224301919534
4025,domestic_travel,성수,파스타 맛집 리타르단도 챔프커피 성수점 성수,cafe,1,성수 파스타 맛집 리타르단도|챔프커피 성수점|성수...,https://blog.naver.com/asweetsandwich/224301919534
4026,food,제주,판교현대백화점식당,restaurant,1,"식당가 맛집 제주상춘재, 만족스러운 한식 한상 내돈내산",https://blog.naver.com/khm4411727/224301854058
4027,food,제주,판교현대백화점식당가9층 맛집,restaurant,1,"식당가 맛집 제주상춘재, 만족스러운 한식 한상 내돈내산",https://blog.naver.com/khm4411727/224301854058
4028,food,대구,팔공산 맛집 을 알려드릴까 해요 팔공산 한식,restaurant,1,대구 팔공산 밥집 방갈로 식당 고기집 맛집 성주한우명가,https://blog.naver.com/mama8820/224301959035
4029,food,대구,팔공산 밥집 방갈로 식당 고기집 맛집 성주한,restaurant,1,대구 팔공산 밥집 방갈로 식당 고기집 맛집 성주한우명가,https://blog.naver.com/mama8820/224301959035
4030,food,수원,팔달구,candidate,1,"수원 팔달구 일본허니문, 현명하게 대처하기",https://blog.naver.com/qooiqwfe59522_re/224301431085
4031,food,수원,팔달구 일본허니문 현명하게 대처하기 다양한,candidate,1,"수원 팔달구 일본허니문, 현명하게 대처하기",https://blog.naver.com/qooiqwfe59522_re/224301431085
4032,domestic_travel,인천,팔미도해변,travel_spot,1,"맨발로 걷는 팔미도 해변 — 도심에서 1시간, 몸과 마음이...",https://blog.naver.com/happyboat01/224297816938
4033,food,성수,팝업 갔다가 반한 영등포 베이글 맛집 테디스,popup,1,성수 팝업 갔다가 반한 영등포 베이글 맛집 테디스베이글,https://blog.naver.com/min2xux/224301613034
4034,domestic_travel,성수,팝업 갔다가 반한 영등포 베이글 맛집 테디스,popup,1,성수 팝업 갔다가 반한 영등포 베이글 맛집 테디스베이글,https://blog.naver.com/min2xux/224301613034
4035,food,수원,패터슨커피,cafe,1,[수원 커피] 패터슨 커피: 행궁동 감성 제대로 느껴지는...,https://blog.naver.com/ssj2151/224296825797
4036,food,대구,펍 맛집 이 자리잡고 있다 또한 경상감영공원,restaurant,1,대구 뚜벅이 혼자 당일치기 여행 가볼만한곳 추천 코스,https://blog.naver.com/psybobo11/224301904590
4037,domestic_travel,대구,펍 맛집 이 자리잡고 있다 또한 경상감영공원,restaurant,1,대구 뚜벅이 혼자 당일치기 여행 가볼만한곳 추천 코스,https://blog.naver.com/psybobo11/224301904590
4038,food,제주,페달을 밟고 먹어서 감동이 2배였던 로컬 맛집,restaurant,1,"알려주는 준비물, 자전거 대여, 가성비 숙소 & 맛집 총정리!",https://blog.naver.com/xlrrmfdl3/224301784627
4039,domestic_travel,제주,페달을 밟고 먹어서 감동이 2배였던 로컬 맛집,restaurant,1,"알려주는 준비물, 자전거 대여, 가성비 숙소 & 맛집 총정리!",https://blog.naver.com/xlrrmfdl3/224301784627
4040,food,성수,페레힐,candidate,1,서울성수동 맛집 페레힐 성수동에서 즐기는 스페인 음식,https://blog.naver.com/wowhow112/224298516459
4041,food,성수,페레힐로 방문해 주세요 방문 전 알아보니 페,candidate,1,서울성수동 맛집 페레힐 성수동에서 즐기는 스페인 음식,https://blog.naver.com/wowhow112/224298516459
4042,food,강남,평양냉면,candidate,1,"강남 평양냉면 맛집 교대역 점심 서관면옥, 메밀향이 살아있는...",https://blog.naver.com/kyoonsun7/224301928824
4043,food,강남,평양냉면 맛집 교대역 점심 서관면옥 메밀향이,restaurant,1,"강남 평양냉면 맛집 교대역 점심 서관면옥, 메밀향이 살아있는...",https://blog.naver.com/kyoonsun7/224301928824
4044,food,성수,평일,candidate,1,성수 핫플 소금빵 맛집 베통 성수 평일 오전 웨이팅 솔직후기,https://blog.naver.com/mfp112/224301758624
4045,domestic_travel,성수,평일,candidate,1,성수 핫플 소금빵 맛집 베통 성수 평일 오전 웨이팅 솔직후기,https://blog.naver.com/mfp112/224301758624
4046,food,인천,포36거리 짜조가 맛있는 인천청라 맛집,restaurant,1,청라쌀국수 맛집 포36거리... 짜조가 맛있는 인천청라 맛집,https://blog.naver.com/artrose30/224301935771
4047,domestic_travel,인천,포36거리 짜조가 맛있는 인천청라 맛집,restaurant,1,청라쌀국수 맛집 포36거리... 짜조가 맛있는 인천청라 맛집,https://blog.naver.com/artrose30/224301935771
4048,food,종로,포차 국제시장,travel_spot,1,"[종로] 내돈내산, 종로야장 어디로 갈까 나는 ""국제시장 포차""",https://blog.naver.com/kahu9003/224298659460
4049,food,성수,포켓몬,candidate,1,[성수 포켓몬 투어2] 올리브영N성수 포켓몬 30주년 파티 팝업...,https://blog.naver.com/ejl0304-/224301806574
4050,food,성수,포켓몬 투어2 올리브영N성수 포켓몬 30주년,candidate,1,[성수 포켓몬 투어2] 올리브영N성수 포켓몬 30주년 파티 팝업...,https://blog.naver.com/ejl0304-/224301806574
4051,domestic_travel,가평,포토존,candidate,1,가족여행/가평 동물원/경기도... 데이트 추천/ 서울근교 여행 지♡,https://blog.naver.com/yunmi8787/224297371931
4052,domestic_travel,경주,포항 날 당일치기 로 떠나기 부산 출발,candidate,1,"MAY, 2026 (마산/통영/거제/경주/포항)",https://blog.naver.com/seulmizi/224301874024
4053,food,인천,퐁듀베이커리,cafe,1,[간석동 맛집 ] 제과제빵 명인의 집! 빵순이 눈돌아가는 '퐁듀...,https://blog.naver.com/annafit1/224301881350
4054,domestic_travel,강릉,푸른 동해와 감성적인,candidate,1,6월 국내여행 가이드…지금... 풍경을 만날 수 있는 여행지 추천,https://blog.naver.com/2022universe_/224301575087
4055,food,대구,푸짐함,candidate,1,(소) ] 상다리 부러지는 푸짐함 대구 삼덕동 횟집 추천,https://blog.naver.com/m__moooon/224301925212
4056,domestic_travel,대구,푸짐함,candidate,1,(소) ] 상다리 부러지는 푸짐함 대구 삼덕동 횟집 추천,https://blog.naver.com/m__moooon/224301925212
4057,domestic_travel,가평,풀플러스,candidate,1,서울근교여행 온수풀펜션 가평 펜션 풀플러스,https://blog.naver.com/leejjunn_22/224298690885
4058,domestic_travel,가평,풀플러스 가족 친구들과 함께하는 여행,candidate,1,서울근교여행 온수풀펜션 가평 펜션 풀플러스,https://blog.naver.com/leejjunn_22/224298690885
4059,food,제주,품바축제,attraction,1,[2026 음성품바축제 총정리] 초대가수 라인업부터 주차 꿀팁...,https://blog.naver.com/trendnews/224301296365
4060,domestic_travel,제주,품바축제,attraction,1,[2026 음성품바축제 총정리] 초대가수 라인업부터 주차 꿀팁...,https://blog.naver.com/trendnews/224301296365
4061,domestic_travel,경주,품은,candidate,1,"하동 저수지 풍경을 품은 경주 한옥카페, 바실라",https://blog.naver.com/ghkdls291/224301826556
4062,food,종로,풍경점을 발견했어요 SNS에서 본 사진들이,candidate,1,종로 맛집 노우즈에서 즐기는 담백한 양식,https://blog.naver.com/annpet/224301402368
4063,food,인천,풍년떡집 30년 전통 인천 부평시장,travel_spot,1,30년 전통 인천 부평시장 떡집 호박인절미 맛집 풍년떡집,https://blog.naver.com/pklaaa/224301934288
4064,domestic_travel,인천,풍년떡집 30년 전통 인천 부평시장,travel_spot,1,30년 전통 인천 부평시장 떡집 호박인절미 맛집 풍년떡집,https://blog.naver.com/pklaaa/224301934288
4065,food,인천,풍물시장,travel_spot,1,"강화도 여행 후기｜풍물시장부터 강화성당, 감성 소품샵...",https://blog.naver.com/vhrwnsu17/224297158788
4066,domestic_travel,인천,풍물시장,travel_spot,1,"강화도 여행 후기｜풍물시장부터 강화성당, 감성 소품샵...",https://blog.naver.com/vhrwnsu17/224297158788
4067,food,광주,풍암동,candidate,1,광주 풍암동 두툼한 이베리코 목살 맛집 미친고기,https://blog.naver.com/kdllege/224301904483
4068,food,광주,풍암동 두툼한 이베리코 목살 맛집 미친고기,restaurant,1,광주 풍암동 두툼한 이베리코 목살 맛집 미친고기,https://blog.naver.com/kdllege/224301904483
4069,domestic_travel,광주,풍암체육공원,travel_spot,1,광주풍암체육공원 할로윈 숲체험 아이와가기좋은곳,https://blog.naver.com/wicket69986/224301855053
4070,food,대구,퓌레와 크림들까지 믿고 먹을 수 있는 서문시장,travel_spot,1,대구빙수 맛집 서문시장 2지구 생과일 가득 디저트 제니빙수,https://blog.naver.com/qhxhdtk/224301675907
4071,domestic_travel,대구,퓌레와 크림들까지 믿고 먹을 수 있는 서문시장,travel_spot,1,대구빙수 맛집 서문시장 2지구 생과일 가득 디저트 제니빙수,https://blog.naver.com/qhxhdtk/224301675907
4072,food,대구,프렌즈 6기 대구 앞산 카페,cafe,1,프렌즈 6기] 대구 앞산 카페 추천 ️ : 아리츠 (샌드위치 맛집 ),https://blog.naver.com/pcjihye/224301939387
4073,domestic_travel,대구,프렌즈 6기 대구 앞산 카페,cafe,1,프렌즈 6기] 대구 앞산 카페 추천 ️ : 아리츠 (샌드위치 맛집 ),https://blog.naver.com/pcjihye/224301939387
4074,food,인천,피치항공,candidate,1,[피치항공] 인천(ICN) - 오사카(KIX) A320-200ceo 이코노미...,https://blog.naver.com/ttohoto/224301531558
4075,domestic_travel,인천,피치항공,candidate,1,[피치항공] 인천(ICN) - 오사카(KIX) A320-200ceo 이코노미...,https://blog.naver.com/ttohoto/224301531558
4076,food,부산,하나씩 있었던 5월에 다녀온 내돈내산 경남 식당,restaurant,1,"5월 내돈내산 식당 모음｜부산 신가네호떡, 진주 양포항, 고성...",https://blog.naver.com/passion-simple/224301936673
4077,food,광주,하남 광주곱창 맛집 곱창촌 우산점 모듬구이,restaurant,1,[광주/하남] 광주곱창 맛집 곱창촌 우산점 모듬구이 후기,https://blog.naver.com/ju_hyun-/224301782770
4078,domestic_travel,광주,하남 광주곱창 맛집 곱창촌 우산점 모듬구이,restaurant,1,[광주/하남] 광주곱창 맛집 곱창촌 우산점 모듬구이 후기,https://blog.naver.com/ju_hyun-/224301782770
4079,food,제주,하남고기집,restaurant,1,"하남고기집 제주덕구 오겹살, 꽃갈비살, 양념껍데기 맛집 추천",https://blog.naver.com/alfkf777/224301843004
4080,domestic_travel,대구,하는 게 우리 부모들의 숙명인 것 칠곡보생태공원,travel_spot,1,칠곡군 가볼 만한 곳 아이랑 즐기기 좋은 여행 지 추천,https://blog.naver.com/stilllifelab/224301617051
4081,food,광주,하늘공원,travel_spot,1,광주 하늘공원 동명동 캐치스피자 후기,https://blog.naver.com/tntjddl12345/224301747901
4082,domestic_travel,광주,하늘공원,travel_spot,1,광주 하늘공원 동명동 캐치스피자 후기,https://blog.naver.com/tntjddl12345/224301747901
4083,food,광주,하늘공원 동명동 캐치스피자,travel_spot,1,광주 하늘공원 동명동 캐치스피자 후기,https://blog.naver.com/tntjddl12345/224301747901
4084,domestic_travel,광주,하늘공원 동명동 캐치스피자,travel_spot,1,광주 하늘공원 동명동 캐치스피자 후기,https://blog.naver.com/tntjddl12345/224301747901
4085,food,대구,하루우동,candidate,1,대구 법원 맛집 직장인 맛집 하루우동 대구범어점 추천 후기,https://blog.naver.com/yasigol0328/224301790530
4086,domestic_travel,대구,하루우동,candidate,1,대구 법원 맛집 직장인 맛집 하루우동 대구범어점 추천 후기,https://blog.naver.com/yasigol0328/224301790530
4087,domestic_travel,강릉,하면 경포해변 안목 커피거리만 떠오르시나요,cafe,1,강릉의 숨은 명소 Best 5 - 케이드라이브 기사님들이 추천해요!,https://blog.naver.com/kd_1577/224299896389
4088,food,대전,하면 떠오르는 것 바로 빵이죠 빵의 도시에서,restaurant,1,"결국 대전 빵지순례 빵버스, 내돈내산 솔직 후기 공개해요!",https://blog.naver.com/review76/224300735299
4089,food,대구,하면 외관부터 맛집 느낌 제대로였어요 안쪽은,restaurant,1,[앞산 프렌즈 6기] 대구 안지랑 맛집 추천 ️ : 안지랑 곱창막창...,https://blog.naver.com/pcjihye/224301948049
4090,domestic_travel,가평,하이드,candidate,1,"가평 하이드 온 부쉬, 아이와 함께 가기 좋은 넓고 여유로운...",https://blog.naver.com/wh0areu/224301912470
4091,domestic_travel,가평,하이드 온 부쉬 아이와 함께 가기 좋은 넓고,candidate,1,"가평 하이드 온 부쉬, 아이와 함께 가기 좋은 넓고 여유로운...",https://blog.naver.com/wh0areu/224301912470
4092,food,제주,하이라이트,candidate,1,"떠나고 싶은 당신에게, 하이라이트 제주가 선사하는 특별한 경험",https://blog.naver.com/xxermda27577_fe/224301450552
4093,food,대구,한 가성비 밥집 대구 칠곡3지구 점심 특선 맛집,restaurant,1,대구 칠곡3지구 맛집 점심 특선 오봉집 푸짐한 가성비 밥집,https://blog.naver.com/mssjse/224301897221
4094,food,대구,한결같은식당,restaurant,1,[대구 맛집 ] 한결같은식당 감성 가정식식당 내돈내산 방문 리뷰,https://blog.naver.com/revieww__/224301888524
4095,food,대구,한결같은식당 감성 가정식식당,restaurant,1,[대구 맛집 ] 한결같은식당 감성 가정식식당 내돈내산 방문 리뷰,https://blog.naver.com/revieww__/224301888524
4096,food,대구,한곳 6월 충남 가볼만한곳 서천 장항항 꼴갑축제,attraction,1,대구 가볼만한곳 대구꽃박람회 엑스코 대구 데이트 코스 놀거리...,https://blog.naver.com/homibike/224301373762
4097,domestic_travel,가평,한곳 6월 충남 가볼만한곳 서천 장항항 꼴갑축제,attraction,1,대구 가볼만한곳 대구꽃박람회 엑스코 대구 데이트 코스 놀거리...,https://blog.naver.com/homibike/224301373762
4098,domestic_travel,대구,한곳 6월 충남 가볼만한곳 서천 장항항 꼴갑축제,attraction,1,대구 가볼만한곳 대구꽃박람회 엑스코 대구 데이트 코스 놀거리...,https://blog.naver.com/homibike/224301373762
4099,food,종로,한남 반포 명동 결국 이번에 계획을 조금 수,candidate,1,"서울 당일치기 데이트|동묘, 종로, 한남, 반포, 명동 다털어!",https://blog.naver.com/yeo_001/224301594259
4100,food,수원,한라면옥,candidate,1,수원데이트 여행코스 ㅣ한라면옥 수원인계점 맛집ㅣ...,https://blog.naver.com/hello_1010_/224301871803
4101,food,제주,한라사진관 현재 한라사진관에서는 한라축산정육식당,restaurant,1,"식사 후 남긴 기분 좋은 추억, 한라사진관",https://blog.naver.com/halla_studio/224301636467
4102,domestic_travel,제주,한라사진관 현재 한라사진관에서는 한라축산정육식당,restaurant,1,"식사 후 남긴 기분 좋은 추억, 한라사진관",https://blog.naver.com/halla_studio/224301636467
4103,food,대전,한밭수목원 꽃축제,attraction,1,대전 한밭수목원 꽃축제 장미 스팟,https://blog.naver.com/darame0422/224301885688
4104,domestic_travel,대전,한밭수목원 꽃축제,attraction,1,대전 한밭수목원 꽃축제 장미 스팟,https://blog.naver.com/darame0422/224301885688
4105,food,대전,한밭수목원 꽃축제 장미 스팟 것이라고 생각합,attraction,1,대전 한밭수목원 꽃축제 장미 스팟,https://blog.naver.com/darame0422/224301885688
4106,domestic_travel,대전,한밭수목원 꽃축제 장미 스팟 것이라고 생각합,attraction,1,대전 한밭수목원 꽃축제 장미 스팟,https://blog.naver.com/darame0422/224301885688
4107,food,대전,한밭수목원 맛집 솔가숯불갈비 대전직영점 방문,restaurant,1,대전 한밭수목원 맛집 솔가숯불갈비 대전직영점 방문 후기,https://blog.naver.com/beautiful_life_7/224301954336
4108,domestic_travel,대전,한밭수목원 맛집 솔가숯불갈비 대전직영점 방문,restaurant,1,대전 한밭수목원 맛집 솔가숯불갈비 대전직영점 방문 후기,https://blog.naver.com/beautiful_life_7/224301954336
4109,domestic_travel,대전,한밭수목원 신세계백화점 한 번은 가볼만한 대,candidate,1,대전 한밭수목원 신세계백화점,https://blog.naver.com/4862toi/224301890268
4110,food,대전,한밭수목원꽃축제,attraction,1,대전 한밭수목원 꽃축제 장미 스팟,https://blog.naver.com/darame0422/224301885688
4111,domestic_travel,대전,한밭수목원꽃축제,attraction,1,대전 한밭수목원 꽃축제 장미 스팟,https://blog.naver.com/darame0422/224301885688
4112,domestic_travel,대전,한밭수목원은 평탄한 산책로와 넓은 공간이 장,candidate,1,국내 6월 여행 지 추천: 꽃·바다·숲까지 실패 줄이는 코스 10곳,https://blog.naver.com/flemznls1/224298152430
4113,food,부산,한번,candidate,1,"골프 좋아한다면 꼭 한번, 부산 LIV Golf 리얼 관람 후기",https://blog.naver.com/meraki3827/224301857923
4114,domestic_travel,부산,한번,candidate,1,"골프 좋아한다면 꼭 한번, 부산 LIV Golf 리얼 관람 후기",https://blog.naver.com/meraki3827/224301857923
4115,food,강남,한성돈까스,candidate,1,"[한성돈까스] 강남역 돈까스 맛집 , 두툼한 고기와 변함없는...",https://blog.naver.com/ayajae/224300379057
4116,food,대구,한식 들안길 한식 남도명가 대구가족외식,candidate,1,[대구/한식] 들안길 한식 ‘남도명가’,https://blog.naver.com/victoria_b_2025/224301790359
4117,domestic_travel,대구,한식 들안길 한식 남도명가 대구가족외식,candidate,1,[대구/한식] 들안길 한식 ‘남도명가’,https://blog.naver.com/victoria_b_2025/224301790359
4118,food,강남,한식 맛집 답게,restaurant,1,제목:강남 한식 맛집 신사전에서 전과 막걸리 찐후기,https://blog.naver.com/yellowys0702/224301944266
4119,food,강남,한식 맛집 신사전입니다 처음 점심에는 닭죽이,restaurant,1,제목:강남 한식 맛집 신사전에서 전과 막걸리 찐후기,https://blog.naver.com/yellowys0702/224301944266
4120,food,종로,한식 맛집 은 농림축산부 선정 안심식당이기도,restaurant,1,서울 동대문 종로 을지로 맛집 더드림왕수제핫바...,https://blog.naver.com/cooljuyoun1/224299848555
4121,food,대구,한식 맛집 을 찾던 중 전복 솥밥과 신선한,restaurant,1,차분히 음미한 칠성동 맛집 에서의 전복 솥밥 이야기...,https://blog.naver.com/p0ot375/224301940412
4122,food,성수,한식다이닝,restaurant,1,성수동 감성 한식 다이닝 '아웃오브오더' 후기/성수역 맛집 추천,https://blog.naver.com/heyon979/224301568165
4123,domestic_travel,성수,한식다이닝,restaurant,1,성수동 감성 한식 다이닝 '아웃오브오더' 후기/성수역 맛집 추천,https://blog.naver.com/heyon979/224301568165
4124,food,강남,한식다이닝,restaurant,1,"전복부터 장어, 들기름 면까지 완벽했던 ‘윤 서울 ’",https://blog.naver.com/meraki3827/224300536564
4125,food,강남,한식파인다이닝,restaurant,1,"전복부터 장어, 들기름 면까지 완벽했던 ‘윤 서울 ’",https://blog.naver.com/meraki3827/224300536564
4126,food,광주,한신포차,candidate,1,전대술집 한신포차 광주용봉점 역시 근본 닭발 맛집,https://blog.naver.com/cherishj_7/224301744159
4127,domestic_travel,광주,한신포차,candidate,1,전대술집 한신포차 광주용봉점 역시 근본 닭발 맛집,https://blog.naver.com/cherishj_7/224301744159
4128,domestic_travel,가평,한옥 독채 단층형 내돈내산 2박 9호실,candidate,1,@운악채한옥마을 가평 : 한옥 독채 단층형 내돈내산 2박 9호실...,https://blog.naver.com/hagd_ay/224301858551
4129,domestic_travel,가평,한옥 독채 펜션 운악채 개별바베큐 가족 여행,restaurant,1,가평 한옥 독채 펜션 운악채 : 개별바베큐 가족 여행 추천 내돈내산,https://blog.naver.com/agerenunc/224301252821
4130,food,종로,한옥레스토랑,restaurant,1,익선동 파스타 맛집 신라호텔 10년 경력 셰프의 독립밀방...,https://blog.naver.com/minji9038/224301574094
4131,domestic_travel,경주,한옥식당,restaurant,1,"경주 맛집 추천 , 황리단길을 넘어선 진정한 미식 여행 가이드",https://blog.naver.com/mama2624/224300907381
4132,domestic_travel,경주,한옥카페 바실라 경주사진명소,cafe,1,"하동 저수지 풍경을 품은 경주 한옥카페, 바실라",https://blog.naver.com/ghkdls291/224301826556
4133,domestic_travel,가평,한옥펜션 운악채 부모님 모시고 가기 좋은 서,travel_spot,1,가평 한옥 독채 펜션 운악채 : 개별바베큐 가족 여행 추천 내돈내산,https://blog.naver.com/agerenunc/224301252821
4134,food,부산,한정식,candidate,1,부산 한정식 맛집 [ 옥이보리밥 ] 내돈내산 청사포 맛집,https://blog.naver.com/deratfg/224301948135
4135,domestic_travel,부산,할머니,candidate,1,"2026_05/ 부산 할머니 오신날, 100일 배냇머리 밀어주기",https://blog.naver.com/imsubin_/224301734665
4136,food,종로,할머니의,candidate,1,"종각역 맛집 , 종로 맛집 , 할머니의 깊은 내공으로 우려낸...",https://blog.naver.com/dunge35/224301197548
4137,food,종로,할머니의 깊은 내공으로 우려낸 서울해장,candidate,1,"종각역 맛집 , 종로 맛집 , 할머니의 깊은 내공으로 우려낸...",https://blog.naver.com/dunge35/224301197548
4138,food,대전,함께 술 한잔하기 좋은 식당,restaurant,1,경기광주 문형동|명사순대 유아 놀이방까지 있는 순대전골 맛집,https://blog.naver.com/sodacsodac/224301911624
4139,food,광주,함께 술 한잔하기 좋은 식당,restaurant,1,경기광주 문형동|명사순대 유아 놀이방까지 있는 순대전골 맛집,https://blog.naver.com/sodacsodac/224301911624
4140,food,강남,함께 즐기는 23가지 솥밥 오늘 소개해드릴 맛집,restaurant,1,[강남] 강남 코엑스 맛집 ! 가족과 함께 즐기는 23가지 솥밥...,https://blog.naver.com/chaein_side/224301899749
4141,domestic_travel,부산,함께하는,candidate,1,아이와 함께하는 부산 여행 핵심 일정과 체험 정보,https://blog.naver.com/bsderive/224301856009
4142,food,제주,함덕,candidate,1,제주 함덕 흑돼지 맛집 숙성도 함덕점｜960 뼈등심·720...,https://blog.naver.com/padded_/224301955665
4143,food,제주,함덕 흑돼지 맛집 숙성도 함덕점,restaurant,1,제주 함덕 흑돼지 맛집 숙성도 함덕점｜960 뼈등심·720...,https://blog.naver.com/padded_/224301955665
4144,food,제주,함덕서우봉해변,travel_spot,1,2026 봄 제주 (2),https://blog.naver.com/newstar814/224301922565
4145,domestic_travel,제주,함덕서우봉해변,travel_spot,1,2026 봄 제주 (2),https://blog.naver.com/newstar814/224301922565
4146,domestic_travel,제주,함덕해변,travel_spot,1,제주 함덕해변 가볼만한 곳 과 겨울철 방문 시 주의사항,https://blog.naver.com/contextrqh/224301868189
4147,domestic_travel,제주,함덕해변 가볼만한 곳 과 겨울철 방문 시 주,travel_spot,1,제주 함덕해변 가볼만한 곳 과 겨울철 방문 시 주의사항,https://blog.naver.com/contextrqh/224301868189
4148,food,제주,함덕해수욕장,candidate,1,제주 함덕해수욕장 오랜만의 방문기. 벌써 여름시즌 물놀이...,https://blog.naver.com/happy_n_rich/224301519792
4149,domestic_travel,제주,함덕해수욕장,candidate,1,제주 함덕해수욕장 오랜만의 방문기. 벌써 여름시즌 물놀이...,https://blog.naver.com/happy_n_rich/224301519792
4150,food,제주,함덕해수욕장 오랜만의 방문기 벌써 여름시즌,candidate,1,제주 함덕해수욕장 오랜만의 방문기. 벌써 여름시즌 물놀이...,https://blog.naver.com/happy_n_rich/224301519792
4151,domestic_travel,제주,함덕해수욕장 오랜만의 방문기 벌써 여름시즌,candidate,1,제주 함덕해수욕장 오랜만의 방문기. 벌써 여름시즌 물놀이...,https://blog.naver.com/happy_n_rich/224301519792
4152,domestic_travel,경주,함양상림공원,travel_spot,1,연인과 떠나는 초록빛 사색 여행 과 숨겨진 감성 정원 완벽 가이드,https://blog.naver.com/akmaro/224299832024
4153,food,대구,핫플 대구빙수 맛집 서문시장,restaurant,1,대구빙수 맛집 서문시장 2지구 생과일 가득 디저트 제니빙수,https://blog.naver.com/qhxhdtk/224301675907
4154,domestic_travel,대구,핫플 대구빙수 맛집 서문시장,restaurant,1,대구빙수 맛집 서문시장 2지구 생과일 가득 디저트 제니빙수,https://blog.naver.com/qhxhdtk/224301675907
4155,food,대전,핫플 대전 혼술바 잔소리 봉명점,restaurant,1,"｜봉명동 대전 핫플 , 대전 혼술바 '잔소리 봉명점'",https://blog.naver.com/shrimpssong/224301819009
4156,domestic_travel,대전,핫플 대전 혼술바 잔소리 봉명점,restaurant,1,"｜봉명동 대전 핫플 , 대전 혼술바 '잔소리 봉명점'",https://blog.naver.com/shrimpssong/224301819009
4157,food,성수,핫플 돌아다니다보면 양식 브런치 감성카페는,cafe,1,성수역한식 맛집 [ 보승회관 ] 얼큰한 순대곱창전골 맛집 술안주...,https://blog.naver.com/ralphauren/224301740554
4158,domestic_travel,성수,핫플 돌아다니다보면 양식 브런치 감성카페는,cafe,1,성수역한식 맛집 [ 보승회관 ] 얼큰한 순대곱창전골 맛집 술안주...,https://blog.naver.com/ralphauren/224301740554
4159,food,성수,핫플 레이스,candidate,1,[성수 카페] 성수동의 복잡한 거리에서 살짝 벗어나...,https://blog.naver.com/age2010/224301755252
4160,domestic_travel,성수,핫플 레이스,candidate,1,[성수 카페] 성수동의 복잡한 거리에서 살짝 벗어나...,https://blog.naver.com/age2010/224301755252
4161,food,수원,핫플 레이스,candidate,1,망포역 카페 홍라드|망포 카공카페 추천|영통 맛집 카페,https://blog.naver.com/fjeiwkfk/224301699725
4162,food,강남,핫플 레이스,candidate,1,깐부치킨 삼성점 코엑스 근처 재벌 기운 가득 품은 옛날통닭...,https://blog.naver.com/wldud2357/224301645924
4163,food,부산,핫플 레이스,candidate,1,[부산/남구] 용호동고깃집 푸주인 용호점,https://blog.naver.com/yjsrds556/224301573206
4164,domestic_travel,부산,핫플 레이스,candidate,1,[부산/남구] 용호동고깃집 푸주인 용호점,https://blog.naver.com/yjsrds556/224301573206
4165,domestic_travel,강릉,핫플 레이스 중앙시장 난 강릉중앙시장,travel_spot,1,"강릉 핫플 레이스, 중앙시장... 난 강릉중앙시장 찐 핫플 탐방기",https://blog.naver.com/parkmath68/224301764332
4166,domestic_travel,강릉,핫플 레이스 중앙시장 난 강릉중앙시장 찐 핫,travel_spot,1,"강릉 핫플 레이스, 중앙시장... 난 강릉중앙시장 찐 핫플 탐방기",https://blog.naver.com/parkmath68/224301764332
4167,food,부산,핫플 맛집 찾아보다가 반주하기 좋아 보였던,restaurant,1,[부산] 2박 3일 맛집 여행 솔직후기 ㅣ 바다·소품샵·부산 맛집 ...,https://blog.naver.com/archivennn/224301658142
4168,domestic_travel,부산,핫플 맛집 찾아보다가 반주하기 좋아 보였던,restaurant,1,[부산] 2박 3일 맛집 여행 솔직후기 ㅣ 바다·소품샵·부산 맛집 ...,https://blog.naver.com/archivennn/224301658142
4169,food,강남,핫플 문을 열고 들어가자마자 블랙톤의,candidate,1,[강남] 나만의 향기를 기록하는 곳|강남 향수공방 '닷노트‘,https://blog.naver.com/sodhskyw/224301745771
4170,food,성수,핫플 보다 더 핫한 달그락뭉티기 성내점 인데,candidate,1,강동구청역 맛집 달그락뭉티기... 신선함 인정 올림픽공원 맛집 후기,https://blog.naver.com/07_889/224301581003
4171,domestic_travel,성수,핫플 보다 더 핫한 달그락뭉티기 성내점 인데,candidate,1,강동구청역 맛집 달그락뭉티기... 신선함 인정 올림픽공원 맛집 후기,https://blog.naver.com/07_889/224301581003
4172,food,성수,핫플 삿포로 프리미엄 비어스탠드 내돈내산 끝,candidate,1,성수 핫플 삿포로 프리미엄 비어스탠드 내돈내산,https://blog.naver.com/mandu8407/224301651400
4173,domestic_travel,성수,핫플 삿포로 프리미엄 비어스탠드 내돈내산 끝,candidate,1,성수 핫플 삿포로 프리미엄 비어스탠드 내돈내산,https://blog.naver.com/mandu8407/224301651400
4174,food,성수,핫플 에 온 기분을 이곳에서 느껴볼 수 있다,candidate,1,창동 빙수 도봉구 맛집 디저트 카페 우이사계,https://blog.naver.com/dongddung_/224301808236
4175,food,성수,핫플 외국인들도 꽤 많이 기다리는 한국,candidate,1,성수동 맛집 능동미나리 후기 성수동 도토리오븐 구움과자,https://blog.naver.com/thgusaksu/224301647733
4176,domestic_travel,성수,핫플 외국인들도 꽤 많이 기다리는 한국,candidate,1,성수동 맛집 능동미나리 후기 성수동 도토리오븐 구움과자,https://blog.naver.com/thgusaksu/224301647733
4177,food,성수,핫플 중에는 기다리는 시간이 더 긴 곳들도,candidate,1,"줄 서길래 들어갔는데, 영등포까지 가보고 싶어진 베이글 맛집",https://blog.naver.com/hyogy0610/224301703439
4178,food,종로,핫플 처럼 오밀조밀한 골목길 감성이 아니라,candidate,1,"성북동 데이트 코스 추천 ( 맛집 , 젤라또, 소품샵, 독립서점...",https://blog.naver.com/avechlin/224301674127
4179,food,성수,핫플 하츠베이커,candidate,1,더현대서울 모찌모찌 팝업 디저트 기간 메뉴 가격 냉장보관,https://blog.naver.com/beaming_with_s/224301591725
4180,food,광주,핫플맛집 고구려에서 자연 품고 즐기는 든든한,restaurant,1,경기광주 핫플맛집 고구려에서 자연 품고 즐기는 든든한 보양식...,https://blog.naver.com/okvovjj/224301877850
4181,domestic_travel,강릉,핫한,candidate,1,강릉 핫한 카페 특이한 디저트 추천 강릉초당두부티라미수,https://blog.naver.com/divb12/224301602104
4182,food,제주,항공권,candidate,1,김포 제주 항공권 제주항공 왕복 탑승 후기,https://blog.naver.com/parksang118/224301845034
4183,food,대구,해 근데 수연이랑 같이여서 더 행복해 올림픽공원,travel_spot,1,나의 사랑했던 게으른 날들,https://blog.naver.com/haezinizini/224301940899
4184,food,강남,해담아구찜,candidate,1,강남 해담아구찜 솔직후기｜맛은 있는데 발라먹다 지쳤다ㅋㅋㅋ,https://blog.naver.com/jenny_dailyyy/224300684820
4185,food,강남,해담아구찜 솔직,candidate,1,강남 해담아구찜 솔직후기｜맛은 있는데 발라먹다 지쳤다ㅋㅋㅋ,https://blog.naver.com/jenny_dailyyy/224300684820
4186,food,부산,해동용궁사,candidate,1,한 가지 소원은 꼭 이뤄진다는 부산 해동용궁사 이야기/ 부처님...,https://blog.naver.com/mozzi_0123/224301392070
4187,domestic_travel,부산,해동용궁사,candidate,1,한 가지 소원은 꼭 이뤄진다는 부산 해동용궁사 이야기/ 부처님...,https://blog.naver.com/mozzi_0123/224301392070
4188,food,부산,해동용궁사 이야기 부처님 바다를 품은 국내,restaurant,1,한 가지 소원은 꼭 이뤄진다는 부산 해동용궁사 이야기/ 부처님...,https://blog.naver.com/mozzi_0123/224301392070
4189,domestic_travel,부산,해동용궁사 이야기 부처님 바다를 품은 국내,restaurant,1,한 가지 소원은 꼭 이뤄진다는 부산 해동용궁사 이야기/ 부처님...,https://blog.naver.com/mozzi_0123/224301392070
4190,food,부산,해리단길,candidate,1,해리단길 부산3대떡볶이 빨간떡볶이 주말 웨이팅 포장...,https://blog.naver.com/yuyu45--/224292801332
4191,domestic_travel,부산,해리단길,candidate,1,해리단길 부산3대떡볶이 빨간떡볶이 주말 웨이팅 포장...,https://blog.naver.com/yuyu45--/224292801332
4192,food,부산,해리단길에서,candidate,1,"[부산 맛집 ] 해리단길에서... 즐기는 특별한 스페인요리 맛집 , 발레",https://blog.naver.com/heeheeheeee/224301868638
4193,food,부산,해리단길에서 즐기는 특별한 스페인요리,candidate,1,"[부산 맛집 ] 해리단길에서... 즐기는 특별한 스페인요리 맛집 , 발레",https://blog.naver.com/heeheeheeee/224301868638
4194,domestic_travel,부산,해맞이공원,travel_spot,1,해맞이공원 수국 명소 다녀왔어요. 바다 뷰까지 예쁜 여름꽃 여행,https://blog.naver.com/lkm8061/224301625905
4195,food,부산,해목,candidate,1,해목 부산 히츠마부시 직접 다녀온 해운대점 솔직한 후기,https://blog.naver.com/leedh428/224301620383
4196,domestic_travel,부산,해목,candidate,1,해목 부산 히츠마부시 직접 다녀온 해운대점 솔직한 후기,https://blog.naver.com/leedh428/224301620383
4197,food,제주,해산물 기반 구성 여행객 + 가족 + 단체,candidate,1,주말여행 어디갈지 고민된다면? 제주 서귀포 바다뷰에서 끝내는...,https://blog.naver.com/youngvin7205/224300690288
4198,domestic_travel,제주,해산물 기반 구성 여행객 + 가족 + 단체,candidate,1,주말여행 어디갈지 고민된다면? 제주 서귀포 바다뷰에서 끝내는...,https://blog.naver.com/youngvin7205/224300690288
4199,domestic_travel,부산,해상 액티비티 부산 야경 투어 요트 체험 광,candidate,1,위드요트 부산 광안리 해변출발 해운대 더베이101 야경 폭죽...,https://blog.naver.com/tricolour210/224301902442
4200,domestic_travel,인천,해수욕장 긴 휴가를 내기 어려운 바쁜 일상,restaurant,1,와 여름이다! 2026 전국 해수욕장 개장일 총정리,https://blog.naver.com/hongsue_/224301653195
4201,food,인천,해요 스테이크하우스 이크 업체 인천 부평구 시장,travel_spot,1,송내 남부역 맛집 스테이크하우스 이크 송내 법원 맛집,https://blog.naver.com/nonovely/224301880836
4202,domestic_travel,인천,해요 스테이크하우스 이크 업체 인천 부평구 시장,travel_spot,1,송내 남부역 맛집 스테이크하우스 이크 송내 법원 맛집,https://blog.naver.com/nonovely/224301880836
4203,food,부산,해운대 게장 맛집 신사꽃게당 해운대점 간장게,restaurant,1,부산 해운대 게장 맛집 신사꽃게당 해운대점 간장게장 양념게장...,https://blog.naver.com/abc0217_/224301923761
4204,food,부산,해운대 돼지국밥 맛집 서가돼지국밥 방문을 추,restaurant,1,"[부산 맛집 ] 해운대 돼지국밥 현지인 맛집 , 서가돼지국밥",https://blog.naver.com/prabhat_kim/224301943263
4205,domestic_travel,부산,해운대 돼지국밥 맛집 서가돼지국밥 방문을 추,restaurant,1,"[부산 맛집 ] 해운대 돼지국밥 현지인 맛집 , 서가돼지국밥",https://blog.naver.com/prabhat_kim/224301943263
4206,food,부산,해운대 돼지국밥 현지인 맛집 서가돼지국,restaurant,1,"[부산 맛집 ] 해운대 돼지국밥 현지인 맛집 , 서가돼지국밥",https://blog.naver.com/prabhat_kim/224301943263
4207,domestic_travel,부산,해운대 돼지국밥 현지인 맛집 서가돼지국,restaurant,1,"[부산 맛집 ] 해운대 돼지국밥 현지인 맛집 , 서가돼지국밥",https://blog.naver.com/prabhat_kim/224301943263
4208,food,부산,해운대 맛집 싱싱한 자연산 해산물이 3차에,restaurant,1,[부산/해운대 맛집 ] 싱싱한 자연산 해산물이 3차에 걸쳐 나오는...,https://blog.naver.com/caren1029/224301692566
4209,domestic_travel,부산,해운대 맛집 싱싱한 자연산 해산물이 3차에,restaurant,1,[부산/해운대 맛집 ] 싱싱한 자연산 해산물이 3차에 걸쳐 나오는...,https://blog.naver.com/caren1029/224301692566
4210,domestic_travel,부산,해운대 모래축제,attraction,1,26년 5월 일상 (feat. 홍콩&마카오 여행 / 애견 동반 제주도 여행...,https://blog.naver.com/rlatmddust/224301853339
4211,domestic_travel,제주,해운대 모래축제,attraction,1,26년 5월 일상 (feat. 홍콩&마카오 여행 / 애견 동반 제주도 여행...,https://blog.naver.com/rlatmddust/224301853339
4212,food,부산,해운대 블루라인파크 근처 청사포의 감성 청사,candidate,1,"청사포역 카페, 부산 해운대 블루라인파크 근처 청사포의 감성...",https://blog.naver.com/poohniestudio/224301751968
4213,domestic_travel,부산,해운대 블루라인파크 근처 청사포의 감성 청사,candidate,1,"청사포역 카페, 부산 해운대 블루라인파크 근처 청사포의 감성...",https://blog.naver.com/poohniestudio/224301751968
4214,food,부산,해운대 블루라인파크 해운대핫플 청사포 부산데,candidate,1,부산 해운대 블루라인파크 해운대핫플 청사포 부산데이트...,https://blog.naver.com/bybbon/224301652068
4215,domestic_travel,부산,해운대 블루라인파크 해운대핫플 청사포 부산데,candidate,1,부산 해운대 블루라인파크 해운대핫플 청사포 부산데이트...,https://blog.naver.com/bybbon/224301652068
4216,domestic_travel,부산,해운대 여행을 계획할 때 절대 빼놓을 수 없,candidate,1,부산 고래사어묵 해운대 여행 선물 야식 추천,https://blog.naver.com/lsh3172/224301881775
4217,domestic_travel,부산,해운대 자쿠지 호텔 아늑 리조트,travel_spot,1,부산 해운대 자쿠지 호텔 아늑 리조트앤 스파 시그니처 스위트...,https://blog.naver.com/jihyejino_o/224301924022
4218,domestic_travel,부산,해운대 자쿠지 호텔 아늑 리조트앤 스파 시그,travel_spot,1,부산 해운대 자쿠지 호텔 아늑 리조트앤 스파 시그니처 스위트...,https://blog.naver.com/jihyejino_o/224301924022
4219,domestic_travel,부산,해운대 호텔,travel_spot,1,부산 해운대 호텔 추천|완벽한 오션뷰와 테라스가 있는 감성...,https://blog.naver.com/mingonchill/224301220128
4220,food,부산,해운대 Grand Josun Busan AG,candidate,1,호텔 그랜드 조선 부산 해운대 (Grand Josun Busan) AGODA...,https://blog.naver.com/gotrip2001/224301856000
4221,domestic_travel,부산,해운대 Grand Josun Busan AG,candidate,1,호텔 그랜드 조선 부산 해운대 (Grand Josun Busan) AGODA...,https://blog.naver.com/gotrip2001/224301856000
4222,food,부산,해운대 LP바 해운대 칵테일바 뮤즈온 방문후,restaurant,1,부산 해운대 LP바 뮤즈온 해운대 데이트코스 추천,https://blog.naver.com/2_s0ey/224301665381
4223,domestic_travel,부산,해운대 LP바 해운대 칵테일바 뮤즈온 방문후,restaurant,1,부산 해운대 LP바 뮤즈온 해운대 데이트코스 추천,https://blog.naver.com/2_s0ey/224301665381
4224,food,부산,해운대구,candidate,1,부산 해운대구 재송동 순대국밥 맛집 (프렌차이즈),https://blog.naver.com/worldconect/224301748901
4225,food,부산,해운대구 석대동 77 전화 앞에서 볼 수 있,candidate,1,부산 아기랑 가볼만한 곳 해운대 수목원 방문 후기|양떼 자연...,https://blog.naver.com/bbang10_22/224301908201
4226,domestic_travel,부산,해운대구 석대동 77 전화 앞에서 볼 수 있,candidate,1,부산 아기랑 가볼만한 곳 해운대 수목원 방문 후기|양떼 자연...,https://blog.naver.com/bbang10_22/224301908201
4227,food,부산,해운대구 우동1로38번가길 20 2층 양송이,candidate,1,"[부산 맛집 ] 해리단길에서... 즐기는 특별한 스페인요리 맛집 , 발레",https://blog.naver.com/heeheeheeee/224301868638
4228,food,부산,해운대구 재송동 순대국밥 맛집 프렌차이즈 얼,restaurant,1,부산 해운대구 재송동 순대국밥 맛집 (프렌차이즈),https://blog.naver.com/worldconect/224301748901
4229,food,부산,해운대구 중동1로 39 2층,candidate,1,부산 해운대 LP바 뮤즈온 해운대 데이트코스 추천,https://blog.naver.com/2_s0ey/224301665381
4230,domestic_travel,부산,해운대구 중동1로 39 2층,candidate,1,부산 해운대 LP바 뮤즈온 해운대 데이트코스 추천,https://blog.naver.com/2_s0ey/224301665381
4231,domestic_travel,부산,해운대의 따끈따끈한 신축 감성 Mingonc,candidate,1,부산 해운대 호텔 추천|완벽한 오션뷰와 테라스가 있는 감성...,https://blog.naver.com/mingonchill/224301220128
4232,domestic_travel,부산,해운대축제,attraction,1,2026 야반도주 in Busan 일정 참가방법 코스 기념품 완벽 정리,https://blog.naver.com/issueletter365/224301896568
4233,food,강남,해장 맛집 안녕하세요 일탈을 꿈꾸는 직장인,restaurant,1,신논현역 부대찌개 맛집 부찌남 후기! 웨이팅도 감수하게...,https://blog.naver.com/parkplm098/224300453582
4234,food,종로,핸드드립커피,cafe,1,"[ 서울/종로 ] 나만 알고 싶은 북카페, ‘학사다방’ 솔직 후기",https://blog.naver.com/dumboooo_/224301780993
4235,food,수원,핸드드립커피,cafe,1,수원 행궁동 감성 카페 '오토그라프' 방문 후기,https://blog.naver.com/sean0078/224297115240
4236,food,성수,햄버거,candidate,1,[서울/성동구]N번째 방문 성수 햄버거 맛집 “보어드앤헝그리...,https://blog.naver.com/sunjukitty/224301812894
4237,domestic_travel,성수,햄버거,candidate,1,[서울/성동구]N번째 방문 성수 햄버거 맛집 “보어드앤헝그리...,https://blog.naver.com/sunjukitty/224301812894
4238,food,성수,햄버거 맛집 보어드앤헝그리 참고로 여기는 진,restaurant,1,[서울/성동구]N번째 방문 성수 햄버거 맛집 “보어드앤헝그리...,https://blog.naver.com/sunjukitty/224301812894
4239,domestic_travel,성수,햄버거 맛집 보어드앤헝그리 참고로 여기는 진,restaurant,1,[서울/성동구]N번째 방문 성수 햄버거 맛집 “보어드앤헝그리...,https://blog.naver.com/sunjukitty/224301812894
4240,food,수원,행궁,candidate,1,[수원/행궁] 행궁동 오픈런 필수 야장 냉삼 맛집 추천 :: 빨간지붕,https://blog.naver.com/loni_i/224301881447
4241,food,수원,행궁 행궁동 오픈런 필수 야장 냉삼 맛집 추,restaurant,1,[수원/행궁] 행궁동 오픈런 필수 야장 냉삼 맛집 추천 :: 빨간지붕,https://blog.naver.com/loni_i/224301881447
4242,food,수원,행궁동 맛집 맛을 즐길 수 있는 쿼터스트리트,restaurant,1,[수원 행궁동 맛집 ]... 맛을 즐길 수 있는 쿼터스트리트 피자 맛집,https://blog.naver.com/shindenggu/224301694058
4243,food,수원,행궁동 맛집 분위기에 취하고 맛에 반하는 오,restaurant,1,[수원 행궁동 맛집 ] 분위기에 취하고 맛에 반하는...,https://blog.naver.com/nasang0223/224301932168
4244,food,수원,행궁동 여행 갑자기 들어오게 된 카페 디저트,cafe,1,당일치기 로 다녀온 수원 행궁동 여행 ..,https://blog.naver.com/uyalogg/224301893245
4245,food,수원,행궁동빙수 카페딩동 호텔,cafe,1,행궁동빙수 카페딩동 호텔망고빙수를 가성비있게,https://blog.naver.com/soda_ne/224301875442
4246,food,수원,행궁동에서 점심 먹고 카페 어디 갈지 찾아보,cafe,1,수원 행궁동 테라스 카페 추천 노팅힐 베이커리 (딸기케이크 맛집 ),https://blog.naver.com/thebagle3/224301814817
4247,food,수원,행궁동커피,cafe,1,[수원 커피] 패터슨 커피: 행궁동 감성 제대로 느껴지는...,https://blog.naver.com/ssj2151/224296825797
4248,food,수원,행리단길을 걷다 보면 늘 사람들로 북적이는,candidate,1,행궁동 웨이팅 맛집 미가공 내돈내산 리뷰 닭고기 메밀 온면과...,https://blog.naver.com/dumbo6/224301891771
4249,food,대구,향수,candidate,1,[초록도] 대구 향수 공방 향기로 '기억되는 특별한 하루',https://blog.naver.com/yyyy__57/224301960340
4250,domestic_travel,대구,향수,candidate,1,[초록도] 대구 향수 공방 향기로 '기억되는 특별한 하루',https://blog.naver.com/yyyy__57/224301960340
4251,food,대구,향수 공방 향기로 기억되는 특별한 하루 향수,candidate,1,[초록도] 대구 향수 공방 향기로 '기억되는 특별한 하루',https://blog.naver.com/yyyy__57/224301960340
4252,domestic_travel,대구,향수 공방 향기로 기억되는 특별한 하루 향수,candidate,1,[초록도] 대구 향수 공방 향기로 '기억되는 특별한 하루',https://blog.naver.com/yyyy__57/224301960340
4253,food,강남,향수공방,candidate,1,[강남] 나만의 향기를 기록하는 곳|강남 향수공방 '닷노트‘,https://blog.naver.com/sodhskyw/224301745771
4254,food,대구,향수공방,candidate,1,[초록도] 대구 향수 공방 향기로 '기억되는 특별한 하루',https://blog.naver.com/yyyy__57/224301960340
4255,domestic_travel,대구,향수공방,candidate,1,[초록도] 대구 향수 공방 향기로 '기억되는 특별한 하루',https://blog.naver.com/yyyy__57/224301960340
4256,domestic_travel,강릉,헌화로 절벽 삼척 강릉헌화로,candidate,1,국내 드라이브 코스 직접 달려본 BEST 10 (진짜 경치 좋은 곳만),https://blog.naver.com/travelmapjourney/224287320062
4257,food,성수,헝그리 참고로 여기는 진짜진짜 제 pick 맛집,restaurant,1,[서울/성동구]N번째 방문 성수 햄버거 맛집 “보어드앤헝그리...,https://blog.naver.com/sunjukitty/224301812894
4258,domestic_travel,성수,헝그리 참고로 여기는 진짜진짜 제 pick 맛집,restaurant,1,[서울/성동구]N번째 방문 성수 햄버거 맛집 “보어드앤헝그리...,https://blog.naver.com/sunjukitty/224301812894
4259,domestic_travel,강릉,헤리티지여행,candidate,1,"헤리티지여행"" 강릉미술관 솔올 강릉 실내 가볼만한곳",https://blog.naver.com/kikitravellife/224301859985
4260,domestic_travel,강릉,헤리티지여행 강릉미술관,attraction,1,"헤리티지여행"" 강릉미술관 솔올 강릉 실내 가볼만한곳",https://blog.naver.com/kikitravellife/224301859985
4261,food,수원,헤올커피,cafe,1,[수원] 1박2일 여행 :: 수원 스타필드 핫쵸|행궁동...,https://blog.naver.com/myominey/224301824552
4262,food,부산,현대미술관,attraction,1,부산 현대미술관 코뿔소와 유니콘 아이랑 함께 전시 데이트:),https://blog.naver.com/miingssmom/224301885714
4263,domestic_travel,부산,현대미술관,attraction,1,부산 현대미술관 코뿔소와 유니콘 아이랑 함께 전시 데이트:),https://blog.naver.com/miingssmom/224301885714
4264,food,부산,현대미술관 코뿔소와 유니콘 아이랑 함께 전시,attraction,1,부산 현대미술관 코뿔소와 유니콘 아이랑 함께 전시 데이트:),https://blog.naver.com/miingssmom/224301885714
4265,domestic_travel,부산,현대미술관 코뿔소와 유니콘 아이랑 함께 전시,attraction,1,부산 현대미술관 코뿔소와 유니콘 아이랑 함께 전시 데이트:),https://blog.naver.com/miingssmom/224301885714
4266,domestic_travel,제주,현무암 돌담 옆에 핀 파란 수국 거제도수국개,candidate,1,전국 수국 개화시기 제주부터 부산까지 꽃구경 가볼만한곳,https://blog.naver.com/palmtreecafe/224301747134
4267,food,광주,현지인,candidate,1,광주 현지인 맛집 ｜볶음밥까지 완벽했던 동산회관,https://blog.naver.com/zzzzzzz_qzzz/224301939263
4268,food,대구,현지인,candidate,1,[대구] 현지인 셰프의 찐맛! 주차 편한 미포하노이 솔직후기,https://blog.naver.com/tasty_stay/224301897982
4269,domestic_travel,경주,현지인,candidate,1,면친자의 경주 현지인 맛집 '박용자경주명동쫄면' 내돈내산...,https://blog.naver.com/candyjunkie/224301690138
4270,food,대전,현지인,candidate,1,대전 현지인 추천 맛집 별난집 내돈내산! 두부두루치기와...,https://blog.naver.com/mj_0921/224300448607
4271,domestic_travel,대전,현지인,candidate,1,대전 현지인 추천 맛집 별난집 내돈내산! 두부두루치기와...,https://blog.naver.com/mj_0921/224300448607
4272,domestic_travel,경주,현지인 맛집 박용자경주명동쫄면 내돈내산 면친,restaurant,1,면친자의 경주 현지인 맛집 '박용자경주명동쫄면' 내돈내산...,https://blog.naver.com/candyjunkie/224301690138
4273,domestic_travel,경주,현지인 쫄면 맛집을 다녀왔어요 경주 박용자경,restaurant,1,면친자의 경주 현지인 맛집 '박용자경주명동쫄면' 내돈내산...,https://blog.naver.com/candyjunkie/224301690138
4274,food,강남,현지인 vs 관광객 둘 다 인정한 닭갈비 맛집,restaurant,1,"현지인 vs 관광객, 둘 다 인정한 닭갈비 맛집 5",https://blog.naver.com/am9-25/224296093327
4275,food,부산,현지인도,candidate,1,부산족발 남포동 족발골목 맛집 추천｜부산 현지인도 인정한...,https://blog.naver.com/raiiiin_/224301661265
4276,domestic_travel,부산,현지인도,candidate,1,부산족발 남포동 족발골목 맛집 추천｜부산 현지인도 인정한...,https://blog.naver.com/raiiiin_/224301661265
4277,domestic_travel,강릉,현지인들도 즐겨 찾는 진짜 숨은 명소들을 소,candidate,1,강릉의 숨은 명소 Best 5 - 케이드라이브 기사님들이 추천해요!,https://blog.naver.com/kd_1577/224299896389
4278,food,광주,현지인들만 아는 숨은 핫플 로컬 맛집 들을,restaurant,1,전현무계획 광주 연화식당 예약 주차 혼밥 육전 맛집 위치 총정리,https://blog.naver.com/overthesense/224301637298
4279,food,제주,현지인이,candidate,1,"[제주 맛집 ] 현지인이 사랑하는 정식 맛집 , 서귀포 '춘미향식당...",https://blog.naver.com/nasang0223/224301912863
4280,food,제주,현지인이 사랑하는 정식 맛집 서귀포 춘,restaurant,1,"[제주 맛집 ] 현지인이 사랑하는 정식 맛집 , 서귀포 '춘미향식당...",https://blog.naver.com/nasang0223/224301912863
4281,food,부산,현지인인,candidate,1,부산 현지인인 제가 여행 올 때 꼭 챙기라고 하는 준비물들,https://blog.naver.com/travelsolve/224295950601
4282,food,부산,현지인인 제가 여행 올 때 꼭 챙기라고 하는,candidate,1,부산 현지인인 제가 여행 올 때 꼭 챙기라고 하는 준비물들,https://blog.naver.com/travelsolve/224295950601
4283,food,대구,현풍,candidate,1,대구 현풍 테크노폴리스 맛집 유가네 닭발,https://blog.naver.com/1133oo/224301953304
4284,food,대구,현풍 비슬산 참숯굴 숯가마 찜질부터 삼겹살 식당,restaurant,1,"대구 근교 힐링 여행, 부모님과 가기 좋은 현풍 ‘비슬산 참숯굴...",https://blog.naver.com/pure5038/224301810462
4285,domestic_travel,대구,현풍 비슬산 참숯굴 숯가마 찜질부터 삼겹살 식당,restaurant,1,"대구 근교 힐링 여행, 부모님과 가기 좋은 현풍 ‘비슬산 참숯굴...",https://blog.naver.com/pure5038/224301810462
4286,food,대구,현풍 테크노폴리스 맛집 유가네 닭발 안냥하세,restaurant,1,대구 현풍 테크노폴리스 맛집 유가네 닭발,https://blog.naver.com/1133oo/224301953304
4287,domestic_travel,제주,형 명소라 산책하듯 둘러보기 좋고 서울 대공원,travel_spot,1,"국내 6월 여행 지 추천 8곳, 꽃축제부터 제주 가족코스까지 한...",https://blog.naver.com/yhking119/224297580534
4288,food,광주,호강한,candidate,1,봉선동 맛집 규슈 봉선점... 입도 호강한 광주남구샤브샤브 맛집,https://blog.naver.com/doldabal/224301896175
4289,food,성수,호과당,candidate,1,"호과당 성수 달콤애플파이, 겹겹이 쌓인 페이스트리와 진한...",https://blog.naver.com/paranikid/224301609064
4290,domestic_travel,성수,호과당,candidate,1,"호과당 성수 달콤애플파이, 겹겹이 쌓인 페이스트리와 진한...",https://blog.naver.com/paranikid/224301609064
4291,food,수원,호매실,candidate,1,[수원 호매실 카페] 가성비와 감성을 동시에 잡은 '감성커피...,https://blog.naver.com/tarot_sinsu/224301395361
4292,food,수원,호매실 소고기 맛집 에 다녀왔습니다 호매실,restaurant,1,[수원 맛집 ] 단체모임하기 좋고... 호매실 소고기 맛집 '우원소',https://blog.naver.com/i_zero_97/224301917371
4293,food,수원,호매실 카페 가성비와 감성을 동시에 잡은 감,cafe,1,[수원 호매실 카페] 가성비와 감성을 동시에 잡은 '감성커피...,https://blog.naver.com/tarot_sinsu/224301395361
4294,food,강남,호앙비엣,candidate,1,강남 쌀국수 호앙비엣 강남점,https://blog.naver.com/greenbluepurple/224301915553
4295,domestic_travel,인천,호캉스,candidate,1,[인천/호캉스/파라다이스] 대학생이 1박에 100만원 넘는 호텔...,https://blog.naver.com/hyminichae/224301324455
4296,food,성수,호호식당,restaurant,1,[성수동찐 맛집 !!] 호호식당 성수 6년 연속 블루리본 선정의 이유,https://blog.naver.com/wol1000gogo/224299830765
4297,food,강남,혼밥,candidate,1,점심 밥집 고기가득덮밥 강남구청역점 강남 혼밥 애견동반 맛집,https://blog.naver.com/azzossi_/224301787233
4298,food,대전,혼술바,restaurant,1,"｜봉명동 대전 핫플 , 대전 혼술바 '잔소리 봉명점'",https://blog.naver.com/shrimpssong/224301819009
4299,domestic_travel,대전,혼술바,restaurant,1,"｜봉명동 대전 핫플 , 대전 혼술바 '잔소리 봉명점'",https://blog.naver.com/shrimpssong/224301819009
4300,domestic_travel,제주,혼인지 무료로 즐기는 섬 수국 산책 제주도에,candidate,1,"6월 수국 명소 BEST, 전국 5곳 총정리",https://blog.naver.com/mood_meal/224301658553
4301,food,부산,혼자,candidate,1,[부산 여행] 여자 혼자 부산 여행 코스 추천 ! 로컬 맛집 지도...,https://blog.naver.com/seungsroum/224301889289
4302,food,제주,혼자,candidate,1,제주 혼자 여행 2박 3일 2일차 맛집 과 산책 코스 정보,https://blog.naver.com/qxkrzbdu/224301838844
4303,domestic_travel,경주,혼자,candidate,1,"경주 혼자 여행 , 1박 2일로 완벽하게 즐기는 감성 산책 가이드",https://blog.naver.com/mama2624/224300938642
4304,domestic_travel,대전,혼자,candidate,1,"임산부 혼자 대전뿌시기 (feat, 성심당)",https://blog.naver.com/mila_im/224301916503
4305,domestic_travel,부산,혼자,candidate,1,나 혼자 간다! 부산 혼자 여행 꿀팁 대방출,https://blog.naver.com/onelove5131/224297837084
4306,domestic_travel,경주,혼자 여행 1박 2일로 완벽하게 즐기는 감성,candidate,1,"경주 혼자 여행 , 1박 2일로 완벽하게 즐기는 감성 산책 가이드",https://blog.naver.com/mama2624/224300938642
4307,food,제주,혼자 여행 2박 3일 2일차 맛집,restaurant,1,제주 혼자 여행 2박 3일 2일차 맛집 과 산책 코스 정보,https://blog.naver.com/qxkrzbdu/224301838844
4308,food,제주,혼자 여행 2박 3일 2일차 맛집 과 산책,restaurant,1,제주 혼자 여행 2박 3일 2일차 맛집 과 산책 코스 정보,https://blog.naver.com/qxkrzbdu/224301838844
4309,domestic_travel,제주,혼자 여행 하면서 포토스팟으로 잠깐 들리기,candidate,1,제주 이호테우 해변 포토스팟 혼자 여행 힐링 코스,https://blog.naver.com/sugarmoon-/224301953639
4310,food,제주,혼자여행,candidate,1,제주 혼자여행 1인 숙소 추천｜제주 서쪽 10만원 이하 가성비...,https://blog.naver.com/sonigatto/224301941830
4311,domestic_travel,제주,혼자여행,candidate,1,제주 혼자여행 1인 숙소 추천｜제주 서쪽 10만원 이하 가성비...,https://blog.naver.com/sonigatto/224301941830
4312,food,제주,혼자여행 1인 숙소,travel_spot,1,제주 혼자여행 1인 숙소 추천｜제주 서쪽 10만원 이하 가성비...,https://blog.naver.com/sonigatto/224301941830
4313,domestic_travel,제주,혼자여행 1인 숙소,travel_spot,1,제주 혼자여행 1인 숙소 추천｜제주 서쪽 10만원 이하 가성비...,https://blog.naver.com/sonigatto/224301941830
4314,domestic_travel,부산,혼행기를 알려드릴게요 혼자 여행 초보자도 실,candidate,1,나 혼자 간다! 부산 혼자 여행 꿀팁 대방출,https://blog.naver.com/onelove5131/224297837084
4315,food,대구,홍게,candidate,1,대구 홍게 무한리필 맛집 잘떳다산오징어 삼덕점,https://blog.naver.com/allonsy619/224301956240
4316,food,대구,홍게 맛집 잘떳다산오징어 삼덕점에서의 식사,restaurant,1,대구 홍게 무한리필 맛집 잘떳다산오징어 삼덕점,https://blog.naver.com/allonsy619/224301956240
4317,food,대구,홍게 무한리필 맛집 잘떳다산오징어 삼덕점 깔,restaurant,1,대구 홍게 무한리필 맛집 잘떳다산오징어 삼덕점,https://blog.naver.com/allonsy619/224301956240
4318,food,부산,홍콩다방 해운대점 주소 부산 해운대구 해운대해변,travel_spot,1,"파라다이스호텔 지하 1층 홍콩식 와플, 까이딴자이 맛집",https://blog.naver.com/ming_dori/224301952566
4319,food,대구,홍콩다방 해운대점 주소 부산 해운대구 해운대해변,travel_spot,1,"파라다이스호텔 지하 1층 홍콩식 와플, 까이딴자이 맛집",https://blog.naver.com/ming_dori/224301952566
4320,domestic_travel,부산,홍콩다방 해운대점 주소 부산 해운대구 해운대해변,travel_spot,1,"파라다이스호텔 지하 1층 홍콩식 와플, 까이딴자이 맛집",https://blog.naver.com/ming_dori/224301952566
4321,domestic_travel,대구,홍콩다방 해운대점 주소 부산 해운대구 해운대해변,travel_spot,1,"파라다이스호텔 지하 1층 홍콩식 와플, 까이딴자이 맛집",https://blog.naver.com/ming_dori/224301952566
4322,food,광주,화담숲 화담숲은 6월에 초록 숲길 걷기 좋은,candidate,1,"6월 국내 여행 지 추천 BEST 12｜수국 명소부터 바다, 숲길...",https://blog.naver.com/smile11410/224295787321
4323,domestic_travel,광주,화담숲 화담숲은 6월에 초록 숲길 걷기 좋은,candidate,1,"6월 국내 여행 지 추천 BEST 12｜수국 명소부터 바다, 숲길...",https://blog.naver.com/smile11410/224295787321
4324,domestic_travel,광주,화담숲수국축제,attraction,1,[경기도 광주 가볼만한곳] 화담숲 여름 수국 축제 예매 및...,https://blog.naver.com/dee7781/224301546752
4325,domestic_travel,부산,화명생태공원,travel_spot,1,6월 7월 부산북구 덕천 금빛 노을 브릿지 여행 추천 주변...,https://blog.naver.com/kdspmj12/224301514888
4326,food,수원,화서역,candidate,1,[수원 화서역] 스타필드 앞 화서먹자골목 숙성육 맛집,https://blog.naver.com/bongso_happy/224301946844
4327,food,강남,화설,candidate,1,[신논현역 맛집 /서초 맛집 ] 화설 강남직영점에서 돼지고기 & 소고기,https://blog.naver.com/alpha_ella/224301755146
4328,food,수원,화성행궁,candidate,1,[수원 화성행궁] 행차시간,https://blog.naver.com/kse318402/224301943886
4329,food,수원,화성행궁 행차시간 10월 11일,candidate,1,[수원 화성행궁] 행차시간,https://blog.naver.com/kse318402/224301943886
4330,domestic_travel,가평,화악산,candidate,1,가평 화악산 계곡에서의 추억,https://blog.naver.com/sooo1203/224301471350
4331,domestic_travel,가평,화악산 계곡에서의 추억 들리지 않던 곳에서,candidate,1,가평 화악산 계곡에서의 추억,https://blog.naver.com/sooo1203/224301471350
4332,food,광주,화정동,candidate,1,광주 화정동 맛집 정성카츠 화정점 경양식 돈까스 모듬카츠,https://blog.naver.com/bar0404/224301953044
4333,food,광주,화정동 맛집 정성카츠 화정점 경양식 돈까스,restaurant,1,광주 화정동 맛집 정성카츠 화정점 경양식 돈까스 모듬카츠,https://blog.naver.com/bar0404/224301953044
4334,domestic_travel,강릉,화천산천어축제,attraction,1,축제 공화국 대한민국…주말마다 떠나도 23년이 걸린다,https://blog.naver.com/point3414/224301686151
4335,domestic_travel,강릉,화폐전시,attraction,1,"[강릉 여행 ] 아이와 가기 좋은 곳, 볼거리와 체험 가득한 '오죽헌...",https://blog.naver.com/ddarki_083/224298835759
4336,domestic_travel,가평,환타지콜라보,candidate,1,서울 근교 프라이빗한 감성 독채 펜션 추천 가평 환타지콜라보,https://blog.naver.com/rhdwndi2/224298144192
4337,domestic_travel,가평,환타지콜라보 이번 여행 은 가평 환타지콜라보,candidate,1,서울 근교 프라이빗한 감성 독채 펜션 추천 가평 환타지콜라보,https://blog.naver.com/rhdwndi2/224298144192
4338,food,제주,활어정류장,candidate,1,옥수동 한남동 맛집 활어정류장! 제주 미영이네 고등어회를...,https://blog.naver.com/woailuxu/224301927729
4339,food,광주,황금회포차,candidate,1,광주 용봉동 전철우사거리 맛집 [ 황금회포차 광주용봉점 ],https://blog.naver.com/464tpwls/224301775936
4340,domestic_travel,광주,황금회포차,candidate,1,광주 용봉동 전철우사거리 맛집 [ 황금회포차 광주용봉점 ],https://blog.naver.com/464tpwls/224301775936
4341,domestic_travel,경주,황룡원,candidate,1,경주 황룡원 전통혼례 │ 튀니지에서 온 성악가 신랑신부의...,https://blog.naver.com/redcarpet_make-up/224301907965
4342,domestic_travel,경주,황룡원 전통혼례,candidate,1,경주 황룡원 전통혼례 │ 튀니지에서 온 성악가 신랑신부의...,https://blog.naver.com/redcarpet_make-up/224301907965
4343,domestic_travel,경주,황리단길 맛집 료코 안심카츠,restaurant,1,[경주/황리단길 맛집] 료코 안심카츠·료무라이스 솔직 후기...,https://blog.naver.com/iammjih/224301850037
4344,domestic_travel,경주,황리단길 산도 맛집 이에요 제가 산도를 너무,restaurant,1,[경주 이치니산도] 경주 웨이팅 핫플 산도 맛집 ):,https://blog.naver.com/mickey4131/224301652910
4345,food,종로,회식 광화문 회식 광화문 생선구이 잘하는 집,candidate,1,종로 회식/광화문 회식/광화문 생선구이 잘하는 집 (정백어가...,https://blog.naver.com/ypyp_11/224301879000
4346,food,광주,회식을 하기에도 부족함이 없어 보였어요 경안시장,travel_spot,1,"광주 재방문 맛집 , 실패 없는 신백옥양꼬치 경안점 솔직 후기",https://blog.naver.com/k33mmmm/224301948859
4347,domestic_travel,광주,회식을 하기에도 부족함이 없어 보였어요 경안시장,travel_spot,1,"광주 재방문 맛집 , 실패 없는 신백옥양꼬치 경안점 솔직 후기",https://blog.naver.com/k33mmmm/224301948859
4348,domestic_travel,부산,획이 아직 비어 있다면 부산에서 열리는 이 축제,attraction,1,"부산원아시아페스티벌 2026 완벽 정리, 10주년 BOF with NOL...",https://blog.naver.com/zzz-trucker/224300678507
4349,food,부산,횟집,candidate,1,"[연산동 맛집 ] 부산 횟집... 100%, 연산동 ""도심속바다"" 내돈내산",https://blog.naver.com/jjijju12/224301933303
4350,domestic_travel,부산,횟집,candidate,1,"[연산동 맛집 ] 부산 횟집... 100%, 연산동 ""도심속바다"" 내돈내산",https://blog.naver.com/jjijju12/224301933303
4351,food,제주,효소찜질,candidate,1,제주 효소찜질 금화효소원 제주점 부모님 모시고 다녀온 힐링...,https://blog.naver.com/mmr1804/224301889168
4352,domestic_travel,제주,효소찜질,candidate,1,제주 효소찜질 금화효소원 제주점 부모님 모시고 다녀온 힐링...,https://blog.naver.com/mmr1804/224301889168
4353,food,제주,효소찜질 금화효소원 제주점 부모님 모시고 다,candidate,1,제주 효소찜질 금화효소원 제주점 부모님 모시고 다녀온 힐링...,https://blog.naver.com/mmr1804/224301889168
4354,domestic_travel,제주,효소찜질 금화효소원 제주점 부모님 모시고 다,candidate,1,제주 효소찜질 금화효소원 제주점 부모님 모시고 다녀온 힐링...,https://blog.naver.com/mmr1804/224301889168
4355,domestic_travel,인천,효율적입니다 예를 들어 인천공항 도착 후 호텔,travel_spot,1,영종도스카이차 즐거운 여행 의 시작을 알리다,https://blog.naver.com/akfdlfkeh123/224301852142
4356,domestic_travel,경주,효은옥,candidate,1,경주 보문단지 맛집 효은옥 경주분점 뼈베레스트 존맛탱,https://blog.naver.com/yozin_/224301911280
4357,food,강남,후기 청담커피,cafe,1,데바스테이트|청담 로스터리 감성 가득한 커피 맛집 후기,https://blog.naver.com/ellyluv00/224301877433
4358,food,대전,후기입니다,candidate,1,춘하 에스프레소 오늘 방문 후기입니다(대전 유성수통골에...,https://blog.naver.com/mobum369/224301922443
4359,domestic_travel,대전,후기입니다,candidate,1,춘하 에스프레소 오늘 방문 후기입니다(대전 유성수통골에...,https://blog.naver.com/mobum369/224301922443
4360,domestic_travel,제주,후닥딱,candidate,1,5월 비오는 날의 제주 후닥딱 당일치기 ☔️✈️️,https://blog.naver.com/bambii0/224301620607
4361,domestic_travel,제주,후닥딱 당일치기,candidate,1,5월 비오는 날의 제주 후닥딱 당일치기 ☔️✈️️,https://blog.naver.com/bambii0/224301620607
4362,domestic_travel,가평,훨씬 더 화려하고 아름다울 것 같은데요 축제,attraction,1,가평 데이트코스 자라섬 남도꽃정원 봄꽃축제,https://blog.naver.com/coo_coo1/224301239484
4363,domestic_travel,제주,휴 다들 아이들의 웃음소리로 가득 찰 이번 축제,attraction,1,전북 고창 아이랑 가볼만한곳 2026 고창 갯벌 축제 체험...,https://blog.naver.com/akkom2/224301243304
4364,domestic_travel,제주,휴애리수국축제,attraction,1,2026년 수국 개화시기 총정리 전국 명소와 가장 예쁜 시기,https://blog.naver.com/jino816/224301442354
4365,food,수원,흑돼지,candidate,1,<재주 / 돈꿀꺽> 제주새마을금고연수원 흑돼지 맛집 돈꿀꺽!,https://blog.naver.com/lmj940102/224301944670
4366,domestic_travel,제주,흑돼지,candidate,1,초벌에 육즙 가득했던 제주 흑돼지( 내돈내산 후기),https://blog.naver.com/tjdrud7227/224301882182
4367,food,수원,흑돼지 맛집 돈꿀꺽 우리집 주변에 사장님 귀,restaurant,1,<재주 / 돈꿀꺽> 제주새마을금고연수원 흑돼지 맛집 돈꿀꺽!,https://blog.naver.com/lmj940102/224301944670
4368,food,제주,흑돼지 맛집 은 참 많죠 그 중 숙성도는 말,restaurant,1,제주 함덕 흑돼지 맛집 숙성도 함덕점｜960 뼈등심·720...,https://blog.naver.com/padded_/224301955665
4369,food,제주,흑돼지 항정카츠 맛집 카츠 카츠 올로즈 위치,restaurant,1,[ 서울 가산디지털단지] 가디역 제주 흑돼지 항정카츠 맛집 카츠...,https://blog.naver.com/slsl5340/224300906519
4370,food,대전,흑염소,candidate,1,원기보충하는 대전 흑염소 전문점 흑염소수육에 산삼주 대전...,https://blog.naver.com/hsb7827/224301945835
4371,food,대전,흑염소 전문점 흑염소수육에 산삼주 대전 대전,candidate,1,원기보충하는 대전 흑염소 전문점 흑염소수육에 산삼주 대전...,https://blog.naver.com/hsb7827/224301945835
4372,food,대구,흑태찜,candidate,1,양념 한 입에 밥 한 공기… 반야월 일송정 흑태찜 대구히야출동!!,https://blog.naver.com/every00700/224301854388
4373,food,광주,히든오아시스,candidate,1,경기광주 카페 히든오아시스/ 디저트 맛집 /크로플 맛집 /경기광주...,https://blog.naver.com/ami4121/224301580277
4374,domestic_travel,광주,히든오아시스,candidate,1,경기광주 카페 히든오아시스/ 디저트 맛집 /크로플 맛집 /경기광주...,https://blog.naver.com/ami4121/224301580277
4375,food,제주,히밥도,candidate,1,[제주] 히밥도 왔다간 제주 시내 고기국수 맛집|혼바띠 국수,https://blog.naver.com/precure0619/224301688127
4376,domestic_travel,제주,히밥도,candidate,1,[제주] 히밥도 왔다간 제주 시내 고기국수 맛집|혼바띠 국수,https://blog.naver.com/precure0619/224301688127
4377,food,제주,히밥도 왔다간 제주 시내 고기국수 맛집 혼바,restaurant,1,[제주] 히밥도 왔다간 제주 시내 고기국수 맛집|혼바띠 국수,https://blog.naver.com/precure0619/224301688127
4378,domestic_travel,제주,히밥도 왔다간 제주 시내 고기국수 맛집 혼바,restaurant,1,[제주] 히밥도 왔다간 제주 시내 고기국수 맛집|혼바띠 국수,https://blog.naver.com/precure0619/224301688127
4379,food,성수,히어로,candidate,1,"[성수 맛집 ] 서울숲 피크닉 필수코스, 샌드위치 히어로 성수점...",https://blog.naver.com/hohokelly-/224301745101
4380,food,대구,히어히어,candidate,1,울산삼산 손정보쌈 계원닭집 대구 카페 히어히어 프렌즈홈...,https://blog.naver.com/nodaji__1/224301834879
4381,domestic_travel,대구,히어히어,candidate,1,울산삼산 손정보쌈 계원닭집 대구 카페 히어히어 프렌즈홈...,https://blog.naver.com/nodaji__1/224301834879
4382,food,대구,히어히어 프렌즈홈 너무 오랜만에 방문했,candidate,1,울산삼산 손정보쌈 계원닭집 대구 카페 히어히어 프렌즈홈...,https://blog.naver.com/nodaji__1/224301834879
4383,domestic_travel,대구,히어히어 프렌즈홈 너무 오랜만에 방문했,candidate,1,울산삼산 손정보쌈 계원닭집 대구 카페 히어히어 프렌즈홈...,https://blog.naver.com/nodaji__1/224301834879
4384,food,부산,히츠마부시,candidate,1,해목 부산 히츠마부시 직접 다녀온 해운대점 솔직한 후기,https://blog.naver.com/leedh428/224301620383
4385,domestic_travel,부산,히츠마부시,candidate,1,해목 부산 히츠마부시 직접 다녀온 해운대점 솔직한 후기,https://blog.naver.com/leedh428/224301620383
4386,food,부산,히츠마부시 직접 다녀온 해운대점 솔직한,candidate,1,해목 부산 히츠마부시 직접 다녀온 해운대점 솔직한 후기,https://blog.naver.com/leedh428/224301620383
4387,domestic_travel,부산,히츠마부시 직접 다녀온 해운대점 솔직한,candidate,1,해목 부산 히츠마부시 직접 다녀온 해운대점 솔직한 후기,https://blog.naver.com/leedh428/224301620383
4388,food,광주,히피펌,candidate,1,"여름 남자펌 추천, 가볍고 트렌디한 텍스처 히피펌 광주 미용실...",https://blog.naver.com/tnwls_8530/224301941614
4389,domestic_travel,강릉,힐링여행,candidate,1,"반려견과 떠나는 힐링여행, 강릉 펫 가족 힐링페스티벌 2026...",https://blog.naver.com/moonlight_800/224298400527
4390,food,제주,ABEBE,candidate,1,아베베베이커리 제주 (ABEBE BAKERY Jeju) 동문시장 핫플 방문기,https://blog.naver.com/zzzdkrltnekf/224301715533
4391,domestic_travel,제주,ABEBE,candidate,1,아베베베이커리 제주 (ABEBE BAKERY Jeju) 동문시장 핫플 방문기,https://blog.naver.com/zzzdkrltnekf/224301715533
4392,food,제주,ABEBE BAKERY Jeju 동문시장,travel_spot,1,아베베베이커리 제주 (ABEBE BAKERY Jeju) 동문시장 핫플 방문기,https://blog.naver.com/zzzdkrltnekf/224301715533
4393,domestic_travel,제주,ABEBE BAKERY Jeju 동문시장,travel_spot,1,아베베베이커리 제주 (ABEBE BAKERY Jeju) 동문시장 핫플 방문기,https://blog.naver.com/zzzdkrltnekf/224301715533
4394,food,제주,ABEBE BAKERY Jeju 동문시장 핫,travel_spot,1,아베베베이커리 제주 (ABEBE BAKERY Jeju) 동문시장 핫플 방문기,https://blog.naver.com/zzzdkrltnekf/224301715533
4395,domestic_travel,제주,ABEBE BAKERY Jeju 동문시장 핫,travel_spot,1,아베베베이커리 제주 (ABEBE BAKERY Jeju) 동문시장 핫플 방문기,https://blog.naver.com/zzzdkrltnekf/224301715533
4396,food,수원,AK맛집,restaurant,1,수원 신차이 AK플라자에서 찾은 수원역 중국집,https://blog.naver.com/aksuskql/224301866793
4397,domestic_travel,제주,ATV 체험의,candidate,1,제주 동쪽 가볼만한곳 ATV 승마 체험 뷰제주하늘,https://blog.naver.com/jinidag/224301941778
4398,food,인천,B동에 위치한 임파스토 매장이 송도 데이트 맛집,restaurant,1,"인천 송도 맛집 , 임파스토",https://blog.naver.com/taetaeheee/224301771526
4399,food,강남,Chuffed 평일 저녁 퇴근 후 칠암동 맛집,restaurant,1,"진주 맛집 양식당 ""처프트 : Chuffed """,https://blog.naver.com/tmddus8056/224301929141
4400,domestic_travel,경주,DAY2,candidate,1,경주 2박3일 여행 /DAY2 경주여행: 투썸 경주감포항점...,https://blog.naver.com/new_everyday91/224301886085
4401,domestic_travel,성수,DDP전시,attraction,1,성수 말고 조용히 놀 곳 찾는다면? 서울 전시·실내 행사 5곳 ️,https://blog.naver.com/minsuh0526/224301712036
4402,domestic_travel,강릉,Editor Haley입니다 강릉 하면 경포해변,travel_spot,1,강릉의 숨은 명소 Best 5 - 케이드라이브 기사님들이 추천해요!,https://blog.naver.com/kd_1577/224299896389
4403,food,성수,ETF베이커리,cafe,1,"성수 데이트 코스 추천, 연못 뷰가 예쁜 ㅣ""ETF베이커리 성수""",https://blog.naver.com/kye3103/224301795991
4404,domestic_travel,성수,ETF베이커리,cafe,1,"성수 데이트 코스 추천, 연못 뷰가 예쁜 ㅣ""ETF베이커리 성수""",https://blog.naver.com/kye3103/224301795991
4405,food,부산,feat,candidate,1,팔도 틈새라면 매운김치컵라면 feat 부산,https://blog.naver.com/makafood/224301884379
4406,food,인천,g 현실복귀 애호박솥밥 이집트경양식 동인천 맛집,restaurant,1,"[Ep. 150] dblog. 현실복귀. 애호박솥밥, 이집트경양식...",https://blog.naver.com/sobidoby/224301920783
4407,food,부산,ham Grand Busan Ijin 부산 맛집,restaurant,1,호텔 윈덤 그랜드 부산 이진 (Wyndham Grand Busan Ijin)...,https://blog.naver.com/gotrip2001/224301839034
4408,domestic_travel,부산,ham Grand Busan Ijin 부산 맛집,restaurant,1,호텔 윈덤 그랜드 부산 이진 (Wyndham Grand Busan Ijin)...,https://blog.naver.com/gotrip2001/224301839034
4409,food,인천,ICN,candidate,1,[피치항공] 인천(ICN) - 오사카(KIX) A320-200ceo 이코노미...,https://blog.naver.com/ttohoto/224301531558
4410,domestic_travel,경주,in,candidate,1,in 경주,https://blog.naver.com/kwonirene/224301186260
4411,domestic_travel,가평,JH풀빌라,candidate,1,가평 JH풀빌라 & 웨스턴글램핑 후기|아이와 함께 즐긴 수영장...,https://blog.naver.com/97648789/224299102014
4412,domestic_travel,부산,K팝축제,attraction,1,"부산원아시아페스티벌 2026 완벽 정리, 10주년 BOF with NOL...",https://blog.naver.com/zzz-trucker/224300678507
4413,food,수원,KT위즈파크,candidate,1,⚾ 수원 KT위즈파크 당일치기 완벽 코스 (디테일版),https://blog.naver.com/ohtiger78/224300097088
4414,domestic_travel,부산,KTX,candidate,1,"KTX 부산 시티투어, 대마도 2박 3일 여행 최대 고민 해결!",https://blog.naver.com/darkchefs/224300951701
4415,domestic_travel,강릉,KTX,candidate,1,서울 강릉 KTX 시간표 요금 시간 정리,https://lefthusband.tistory.com/657
4416,domestic_travel,부산,ktx 특실이랑 비슷하긴 하네 원래 마드리드,candidate,1,day15 : 바르셀로나에서 마드리드 - nh나시오날 - 메손 델...,https://blog.naver.com/s2_ysy/224301736757
4417,food,대전,LG아트센터맛집,restaurant,1,[ 서울 마곡동] 솥내음... 좋은 든든한 한끼 솥밥 마곡 맛집 솔직후기,https://blog.naver.com/rlo_o223/224300736041
4418,food,부산,LIV,candidate,1,"골프 좋아한다면 꼭 한번, 부산 LIV Golf 리얼 관람 후기",https://blog.naver.com/meraki3827/224301857923
4419,domestic_travel,부산,LIV,candidate,1,"골프 좋아한다면 꼭 한번, 부산 LIV Golf 리얼 관람 후기",https://blog.naver.com/meraki3827/224301857923
4420,domestic_travel,경주,Ma-dong에서,candidate,1,이제 경주 후기 — 경주 Ma-dong에서 만난 히노끼탕과 코스 ...,https://blog.naver.com/check_in_story/224299618574
4421,food,대전,n 공주 대전 세종 창밖을 바라보며 고소한 커피,cafe,1,"1박2일 3도시 여행 (in 공주, 대전, 세종)",https://blog.naver.com/uneye333/224295293907
4422,food,부산,N짜오미솥뚜껑닭볶음탕에서 즐긴 특별한 부산 맛집,restaurant,1,해운대 맛집 다다닥N짜오미솥뚜껑닭볶음탕에서 즐긴 특별한...,https://blog.naver.com/goplayboy/224301681796
4423,food,성수,NCT 해찬도 즐겨먹는 성수동 짬뽕 맛집,restaurant,1,성수역 밥집 전자방｜NCT 해찬도 즐겨먹는 성수동 짬뽕 맛집,https://blog.naver.com/kimnakji/224301679006
4424,domestic_travel,성수,NCT 해찬도 즐겨먹는 성수동 짬뽕 맛집,restaurant,1,성수역 밥집 전자방｜NCT 해찬도 즐겨먹는 성수동 짬뽕 맛집,https://blog.naver.com/kimnakji/224301679006
4425,food,성수,NCT해찬 맛집,restaurant,1,성수역 밥집 전자방｜NCT 해찬도 즐겨먹는 성수동 짬뽕 맛집,https://blog.naver.com/kimnakji/224301679006
4426,domestic_travel,성수,NCT해찬 맛집,restaurant,1,성수역 밥집 전자방｜NCT 해찬도 즐겨먹는 성수동 짬뽕 맛집,https://blog.naver.com/kimnakji/224301679006
4427,food,부산,nd Josun Busan AGODA 부산 맛집,restaurant,1,호텔 그랜드 조선 부산 해운대 (Grand Josun Busan) AGODA...,https://blog.naver.com/gotrip2001/224301856000
4428,domestic_travel,부산,nd Josun Busan AGODA 부산 맛집,restaurant,1,호텔 그랜드 조선 부산 해운대 (Grand Josun Busan) AGODA...,https://blog.naver.com/gotrip2001/224301856000
4429,food,부산,nn번째,candidate,1,[부산] nn번째 1박2일 부산여행기 즉흥 여행 여름 코디 공유,https://blog.naver.com/eternalflamee/224301950954
4430,food,부산,nn번째 1박2일 부산여행기 즉흥 여행 여름,candidate,1,[부산] nn번째 1박2일 부산여행기 즉흥 여행 여름 코디 공유,https://blog.naver.com/eternalflamee/224301950954
4431,food,부산,nti at Busan Village 부산 맛집,restaurant,1,호텔 아난티 앳 부산 빌라쥬 (Ananti at Busan Village)...,https://blog.naver.com/gotrip2001/224301834145
4432,domestic_travel,부산,nti at Busan Village 부산 맛집,restaurant,1,호텔 아난티 앳 부산 빌라쥬 (Ananti at Busan Village)...,https://blog.naver.com/gotrip2001/224301834145
4433,food,수원,PEAK,candidate,1,분위기 좋은 북유럽 감성 인계동술집! 피크 PEAK 수원인계점,https://blog.naver.com/triraptor07/224301905075
4434,domestic_travel,제주,print bakery x 왈종미술관,attraction,1,print bakery x 왈종미술관 에디션 런칭 전시 <제주 생활의...,https://blog.naver.com/hootooteee/224301878991
4435,domestic_travel,성수,RSG,candidate,1,"RSG 성수, 2026 Garage Life Festival (with deusexmachina) May...",https://blog.naver.com/cara8721/224301902257
4436,food,강남,RTM 처음 먹어보고 발리에서 먹었던 피자 맛집,restaurant,1,신세계 강남점 파작(PAZAC) 후기｜잠봉 트러플 허니버터·RTM...,https://blog.naver.com/gmlsla2/224300505039
4437,food,부산,Suites Busan Station 부산 맛집,restaurant,1,호텔 브라운 스위트 부산역 (BrownSuites Busan Station)...,https://blog.naver.com/gotrip2001/224301849583
4438,domestic_travel,부산,Suites Busan Station 부산 맛집,restaurant,1,호텔 브라운 스위트 부산역 (BrownSuites Busan Station)...,https://blog.naver.com/gotrip2001/224301849583
4439,food,대구,t 전기차 급속충전 첫 목적지 고창 고인돌 박물관,attraction,1,"전남 고창 여행 1 - 고창고인돌박물관, 석정온천, 고창 황윤석...",https://blog.naver.com/kwanieun_/224301466346
4440,domestic_travel,대구,t 전기차 급속충전 첫 목적지 고창 고인돌 박물관,attraction,1,"전남 고창 여행 1 - 고창고인돌박물관, 석정온천, 고창 황윤석...",https://blog.naver.com/kwanieun_/224301466346
4441,food,부산,ug_busan 팔로우하고 부산카페 맛집,cafe,1,광안리 신상카페 일본 세븐일레븐 스무디 후기,https://blog.naver.com/gyeong_1/224301634941
4442,domestic_travel,부산,ug_busan 팔로우하고 부산카페 맛집,cafe,1,광안리 신상카페 일본 세븐일레븐 스무디 후기,https://blog.naver.com/gyeong_1/224301634941
4443,domestic_travel,부산,VR 남포동 한국 부산 교복체험,candidate,1,비프광장 먹거리 놀거리 VR체험관 부산 여행 가볼만한곳...,https://blog.naver.com/pjwmms1125/224301821453
4444,domestic_travel,부산,VR체험관,candidate,1,비프광장 먹거리 놀거리 VR체험관 부산 여행 가볼만한곳...,https://blog.naver.com/pjwmms1125/224301821453
4445,food,부산,vsant카페,cafe,1,부산 현대미술관 코뿔소와 유니콘 아이랑 함께 전시 데이트:),https://blog.naver.com/miingssmom/224301885714
4446,domestic_travel,부산,vsant카페,cafe,1,부산 현대미술관 코뿔소와 유니콘 아이랑 함께 전시 데이트:),https://blog.naver.com/miingssmom/224301885714
4447,food,부산,withmuk_k 인스타그램에서 부산 맛집,restaurant,1,사직야구장 맛집 매콤 중독 쪽갈비 맛보고싶다면 뜯갈비,https://blog.naver.com/darnish_v/224301639145