date,category,region,candidate_name,candidate_type,post_count
2026-05-25,domestic_travel,가평,당일치기 아이와 여행 오픈런,candidate,1
2026-05-25,domestic_travel,가평,당일치기 완벽 가이드 용문산 경기도가족여행,candidate,1
2026-05-25,domestic_travel,가평,대성리역,candidate,1
2026-05-25,domestic_travel,가평,대성리역 닭갈비 맛집 대성리 대가집 애견동반,restaurant,1
2026-05-25,domestic_travel,가평,대표 수상레저 클럽워터 직영펜션에서 올여름,travel_spot,1
2026-05-25,domestic_travel,가평,북한강에서 즐기는 짜릿한 웨이크보드 & 수상,candidate,1
2026-05-25,domestic_travel,가평,서울근교 여행 대가족이 함께한 독채 풀빌라,candidate,1
2026-05-25,domestic_travel,가평,애견카페 디그르르에서 신나게 뛰어놀고 난 뒤,cafe,1
2026-05-25,domestic_travel,가평,여행 클럽워터 숙박패키지에서 즐겨보세요 CL,candidate,1
2026-05-25,domestic_travel,가평,자연 속에서 특별한 여름 추억을 만들어보세요,candidate,1
2026-05-25,domestic_travel,가평,제휴펜션 CLUB WATER 워크샵,travel_spot,1
2026-05-25,domestic_travel,가평,직영펜션 CLUB WATER 워크샵,travel_spot,1
2026-05-25,domestic_travel,강릉,꿀팁까지,candidate,1
2026-05-25,domestic_travel,강릉,당일치기 여행 코스,candidate,1
2026-05-25,domestic_travel,강릉,빵페스타 중간중간 테이블도 많아서 시식을 하,candidate,1
2026-05-25,domestic_travel,강릉,여행 강릉오션뷰,candidate,1
2026-05-25,domestic_travel,강릉,오봉이 해물칼국수 안목해변,travel_spot,1
2026-05-25,domestic_travel,광주,화담숲 화담숲은 6월에 초록 숲길 걷기 좋은,candidate,1
2026-05-25,domestic_travel,대전,대청호,candidate,1
2026-05-25,domestic_travel,대전,대청호 장미축제,attraction,1
2026-05-25,domestic_travel,대전,대청호 장미축제 매년 5월이 되면 사람들은,attraction,1
2026-05-25,domestic_travel,대전,대청호 장미축제 서울 보다 더 예쁜 비밀 여,attraction,1
2026-05-25,domestic_travel,대전,대청호 장미축제 서울 보다 덜 알려져 더 예,attraction,1
2026-05-25,domestic_travel,대전,보다 덜 알려져 더 예쁜 대전 대청호 장미축제,attraction,1
2026-05-25,domestic_travel,대전,비밀 여행 지를 소개할께요 대전 대청호 장미축제,attraction,1
2026-05-25,domestic_travel,대전,예쁜,candidate,1
2026-05-25,domestic_travel,인천,강화도,candidate,1
2026-05-25,domestic_travel,인천,강화도 숨은 명소 Best 5 - 케이드라이,candidate,1
2026-05-25,domestic_travel,인천,국립세계문자박물관,attraction,1
2026-05-25,domestic_travel,인천,내돈내산 선녀풍2호점 솔직 리뷰 영종도식당,restaurant,1
2026-05-25,domestic_travel,인천,놀이공원,travel_spot,1
2026-05-25,domestic_travel,인천,무의도를 찾았습니다 강아지와 함께 바다를 보,restaurant,1
2026-05-25,domestic_travel,인천,아이와,candidate,1
2026-05-25,domestic_travel,인천,지하철,candidate,1
2026-05-25,domestic_travel,인천,지하철 타고 떠나는 바다 감성 여행 월미도,restaurant,1
2026-05-25,food,광주,퇴촌의 가장,candidate,1
2026-05-25,food,광주,화담숲 화담숲은 6월에 초록 숲길 걷기 좋은,candidate,1
2026-05-25,food,수원,2층 외관부터 이국적인 분위기가 물씬 풍겨서,candidate,1
2026-05-25,food,수원,스타필드,candidate,1
2026-05-25,food,인천,국립세계문자박물관,attraction,1
2026-05-25,food,인천,내돈내산 선녀풍2호점 솔직 리뷰 영종도식당,restaurant,1
2026-05-25,food,인천,놀이공원,travel_spot,1
2026-05-25,food,인천,아이와,candidate,1
2026-05-25,food,인천,영종,candidate,1
2026-05-25,food,인천,영종 인스파이어 아레나 푸드코트 고메 빌리지,candidate,1
2026-05-25,food,인천,지하철,candidate,1
2026-05-25,food,인천,지하철 타고 떠나는 바다 감성 여행 월미도,restaurant,1
2026-05-26,domestic_travel,가평,가득했던,candidate,1
2026-05-26,domestic_travel,가평,경기,candidate,1
2026-05-26,domestic_travel,가평,놀러 갔다가 레일바이크도 타고 왔어요,restaurant,1
2026-05-26,domestic_travel,가평,대대 엄청 귀여운 사진도 많이 건짐,candidate,1
2026-05-26,domestic_travel,가평,라벤더축제,attraction,1
2026-05-26,domestic_travel,가평,레일바이크,restaurant,1
2026-05-26,domestic_travel,가평,미쳤던,candidate,1
2026-05-26,domestic_travel,가평,비오는날,candidate,1
2026-05-26,domestic_travel,가평,비오는날 아기와 가볼만한 곳,candidate,1
2026-05-26,domestic_travel,가평,서울근교여행,candidate,1
2026-05-26,domestic_travel,가평,서울근교여행 달빛정원글램핑앤카라반 경기 가평,candidate,1
2026-05-26,domestic_travel,가평,아침고요수목원,candidate,1
2026-05-26,domestic_travel,가평,애견동반,candidate,1
2026-05-26,domestic_travel,가평,양주나리공원,travel_spot,1
2026-05-26,domestic_travel,가평,여름,candidate,1
2026-05-26,domestic_travel,가평,여름 가볼만한곳,candidate,1
2026-05-26,domestic_travel,가평,여름꽃축제,attraction,1
2026-05-26,domestic_travel,가평,여행하면서 묵었던 달빛정원 글램핑앤카라반 숙,candidate,1
2026-05-26,domestic_travel,가평,음악놀이터,candidate,1
2026-05-26,domestic_travel,가평,음악놀이터 서울근교 아이랑 실내 가볼만한 곳,candidate,1
2026-05-26,domestic_travel,가평,자라섬꽃축제,attraction,1
2026-05-26,domestic_travel,가평,추천 BEST3,candidate,1
2026-05-26,domestic_travel,가평,트라움,candidate,1
2026-05-26,domestic_travel,가평,트라움 글램핑 서울 근교 글램핑 찾는 분 감,candidate,1
2026-05-26,domestic_travel,강릉,부산 이유,candidate,1
2026-05-26,domestic_travel,부산,경기강릉,candidate,1
2026-05-26,domestic_travel,부산,이유,candidate,1
2026-05-26,domestic_travel,인천,동인천,candidate,1
2026-05-26,domestic_travel,인천,뚜벅이,candidate,1
2026-05-26,domestic_travel,인천,뚜벅이 데이트 코스,candidate,1
2026-05-26,domestic_travel,인천,아기랑 당일치기 여행 으로 배 타고 힐링하러,candidate,1
2026-05-26,domestic_travel,인천,조양방직,candidate,1
2026-05-26,domestic_travel,인천,풍물시장,travel_spot,1
2026-05-26,food,인천,뚜벅이,candidate,1
2026-05-26,food,인천,뚜벅이 데이트 코스,candidate,1
2026-05-26,food,인천,아기랑 당일치기 여행 으로 배 타고 힐링하러,candidate,1
2026-05-26,food,인천,조양방직,candidate,1
2026-05-26,food,인천,풍물시장,travel_spot,1
2026-05-27,domestic_travel,가평,가족 여행 지,candidate,1
2026-05-27,domestic_travel,가평,가족여행,candidate,1
2026-05-27,domestic_travel,가평,경기도꽃축제,attraction,1
2026-05-27,domestic_travel,가평,동물원,candidate,1
2026-05-27,domestic_travel,가평,물든,candidate,1
2026-05-27,domestic_travel,가평,봄꽃축제,attraction,1
2026-05-27,domestic_travel,가평,빠지 패키지를 발견해서 서울 근교 가평 빠지,candidate,1
2026-05-27,domestic_travel,가평,서울근교 여행 대가족과의 특별한 추억 만들기,candidate,1
2026-05-27,domestic_travel,가평,서울근교여행 달빛정원글램핑앤카라반 빽찌입니다,candidate,1
2026-05-27,domestic_travel,가평,송세원찐빵,candidate,1
2026-05-27,domestic_travel,가평,숙소입니다,travel_spot,1
2026-05-27,domestic_travel,가평,아기랑,candidate,1
2026-05-27,domestic_travel,가평,아기랑 청평호펜션 수상스키 즐길 수 있는 곳,travel_spot,1
2026-05-27,domestic_travel,가평,아이랑갈만한곳,candidate,1
2026-05-27,domestic_travel,가평,안스테이,candidate,1
2026-05-27,domestic_travel,가평,야유회,candidate,1
2026-05-27,domestic_travel,가평,여행 지,candidate,1
2026-05-27,domestic_travel,가평,여행이나 단체 야유회,candidate,1
2026-05-27,domestic_travel,가평,여행하면서 묵었던 달빛동,candidate,1
2026-05-27,domestic_travel,가평,청평호가 한눈에 보이는 펜션에서 스파까지 즐,travel_spot,1
2026-05-27,domestic_travel,가평,카라반,candidate,1
2026-05-27,domestic_travel,가평,캠프게이트,candidate,1
2026-05-27,domestic_travel,가평,포토존,candidate,1
2026-05-27,domestic_travel,가평,환타지콜라보,candidate,1
2026-05-27,domestic_travel,가평,환타지콜라보 이번 여행 은 가평 환타지콜라보,candidate,1
2026-05-27,domestic_travel,대전,한밭수목원은 평탄한 산책로와 넓은 공간이 장,candidate,1
2026-05-27,domestic_travel,부산,초 장미 초여름 산책 부천 장미원 서울 대공원,travel_spot,1
2026-05-27,domestic_travel,부산,태종사 아시죠 꽃,candidate,1
2026-05-27,domestic_travel,인천,뚜벅이,candidate,1
2026-05-27,domestic_travel,인천,맨발로 걷는 팔미도 해변,travel_spot,1
2026-05-27,domestic_travel,인천,분 제대로 나더라고요 서울 근교에서 이렇게 리조트,travel_spot,1
2026-05-27,domestic_travel,인천,서울 경기 근교 당일치기 동인천 뚜벅이 여행,candidate,1
2026-05-27,domestic_travel,인천,영종도,candidate,1
2026-05-27,domestic_travel,인천,영종도 하프마라톤 후폭풍 2시간 35분 웨이,candidate,1
2026-05-27,domestic_travel,인천,인스파이어,candidate,1
2026-05-27,domestic_travel,인천,인스파이어 리조트,travel_spot,1
2026-05-27,domestic_travel,인천,인스파이어 리조트 영종도 호캉스 푸드코트 피,travel_spot,1
2026-05-27,domestic_travel,인천,차이나타운,candidate,1
2026-05-27,domestic_travel,인천,차이나타운 + 송월동 동화마을 있는 서울 근,candidate,1
2026-05-27,domestic_travel,인천,팔미도해변,travel_spot,1
2026-05-27,domestic_travel,제주,가족코스까지,candidate,1
2026-05-27,domestic_travel,제주,꽃축제부터,attraction,1
2026-05-27,domestic_travel,제주,덜해요 부천 백만송이장미원은 주택가 가까운 공원,travel_spot,1
2026-05-27,domestic_travel,제주,초 장미 초여름 산책 부천 장미원 서울 대공원,travel_spot,1
2026-05-27,domestic_travel,제주,카멜리아힐 부산 태종사 아시죠 꽃,candidate,1
2026-05-27,domestic_travel,제주,형 명소라 산책하듯 둘러보기 좋고 서울 대공원,travel_spot,1
2026-05-27,food,인천,분 제대로 나더라고요 서울 근교에서 이렇게 리조트,travel_spot,1
2026-05-27,food,인천,영종도,candidate,1
2026-05-27,food,인천,영종도 하프마라톤 후폭풍 2시간 35분 웨이,candidate,1
2026-05-27,food,인천,인스파이어,candidate,1
2026-05-27,food,인천,인스파이어 리조트,travel_spot,1
2026-05-27,food,인천,인스파이어 리조트 영종도 호캉스 푸드코트 피,travel_spot,1
2026-05-28,domestic_travel,가평,1박2일 자라섬 꽃축제,attraction,1
2026-05-28,domestic_travel,가평,가 인기인 이유 가평 자라섬 꽃축제,attraction,1
2026-05-28,domestic_travel,가평,가성비,candidate,1
2026-05-28,domestic_travel,가평,가성비 숙소 감성 글램핑 펜션 가볼만한곳 추,travel_spot,1
2026-05-28,domestic_travel,가평,가족,candidate,1
2026-05-28,domestic_travel,가평,가족 여행 숙소치고 부담 덜한 편임 듀플렉스,travel_spot,1
2026-05-28,domestic_travel,가평,계곡,candidate,2
2026-05-28,domestic_travel,가평,고고다이노 키즈호텔,travel_spot,1
2026-05-28,domestic_travel,가평,꽃구경 다녀오고 싶다면 한 번쯤 가볼 만한 축제,attraction,1
2026-05-28,domestic_travel,가평,남이섬과,candidate,1
2026-05-28,domestic_travel,가평,남이섬과 가평빠지와 접근성이 좋은 넓은,candidate,1
2026-05-28,domestic_travel,가평,놀러갔다 왔어요,candidate,1
2026-05-28,domestic_travel,가평,다녀온,candidate,1
2026-05-28,domestic_travel,가평,대중교통 이동 팁 축제,attraction,1
2026-05-28,domestic_travel,가평,라라키즈풀빌라,candidate,1
2026-05-28,domestic_travel,가평,라라키즈풀빌라 키즈펜션 C2 내돈내산,travel_spot,1
2026-05-28,domestic_travel,가평,레저 장소 찾는 가평여행,candidate,1
2026-05-28,domestic_travel,가평,설악IC,candidate,1
2026-05-28,domestic_travel,가평,설악IC 근처 한식 맛집,restaurant,1
2026-05-28,domestic_travel,가평,설악IC 근처 한식 맛집 미락가,restaurant,1
2026-05-28,domestic_travel,가평,설악IC맛집,restaurant,1
2026-05-28,domestic_travel,가평,실에서 신나게 놀 수 있어서 가족 여행 키즈호텔,travel_spot,1
2026-05-28,domestic_travel,가평,아도 훨씬 여유롭게 즐길 수 있는 자라섬 꽃축제,attraction,1
2026-05-28,domestic_travel,가평,아이랑,candidate,1
2026-05-28,domestic_travel,가평,아이랑 가평 1박2일 자라섬 꽃축제,attraction,1
2026-05-28,domestic_travel,가평,양평 춘천 파주 영종도 인기 이유 이동 피로,candidate,1
2026-05-28,domestic_travel,가평,양평 춘천 파주 인천 영종도 인기 이유 이동,candidate,1
2026-05-28,domestic_travel,가평,여행 분위기로도 유명하다고 해요 자라섬 꽃축제,attraction,1
2026-05-28,domestic_travel,가평,여행 에서 은근히 중요한 게 비용과 이동이에,candidate,1
2026-05-28,domestic_travel,가평,여행 을 찾는다면 일정과 동선만 잘 잡아도,candidate,1
2026-05-28,domestic_travel,가평,예쁜 추억 많이 만드시고 가성비 좋은 숙소에,travel_spot,1
2026-05-28,domestic_travel,가평,와 가도 좋은 서울 근교 꽃 여행 지입니다 축제,attraction,1
2026-05-28,domestic_travel,가평,음악의,candidate,1
2026-05-28,domestic_travel,가평,자라섬,candidate,1
2026-05-28,domestic_travel,가평,자라섬 꽃축제,attraction,6
2026-05-28,domestic_travel,가평,자라섬 꽃축제는 수도권에서,attraction,1
2026-05-28,domestic_travel,가평,자라섬꽃페스타,candidate,1
2026-05-28,domestic_travel,가평,자라섬꽃페스타 사진 찍는 걸 좋아하거나 서울,candidate,1
2026-05-28,domestic_travel,가평,자라섬이,candidate,1
2026-05-28,domestic_travel,가평,자라섬이 형형색색 꽃으로 물들었어요 Colo,candidate,1
2026-05-28,domestic_travel,가평,적음 당일치기 + 1박2일 혼합 가능 키즈 펜션,travel_spot,1
2026-05-28,domestic_travel,가평,주말여행 다녀오기 딱 좋답니다 오늘은 1박,candidate,1
2026-05-28,domestic_travel,가평,청평호,candidate,1
2026-05-28,domestic_travel,가평,풀플러스,candidate,1
2026-05-28,domestic_travel,가평,풀플러스 가족 친구들과 함께하는 여행,candidate,1
2026-05-28,domestic_travel,가평,JH풀빌라,candidate,1
2026-05-28,domestic_travel,인천,강화군 길상면 가족 여행 으로 오기 좋고 강,candidate,1
2026-05-28,domestic_travel,인천,느즈막히 셋이서 9시를 넘기고 1층 플라츠레스토랑,restaurant,1
2026-05-28,domestic_travel,인천,바다가는달,restaurant,1
2026-05-28,domestic_travel,인천,영종도,candidate,1
2026-05-28,domestic_travel,인천,영종도 서울근교여행 지 영종도1박2일 즐거웠,candidate,1
2026-05-28,domestic_travel,인천,영종도 인기 이유 이동 피로 적음 당일치기,candidate,1
2026-05-28,domestic_travel,인천,영흥도,candidate,1
2026-05-28,domestic_travel,인천,영흥도 갑니다아,candidate,1
2026-05-28,domestic_travel,인천,으로 갔다 네스트호텔,travel_spot,1
2026-05-28,domestic_travel,인천,적음 당일치기 + 1박2일 혼합 가능 키즈 펜션,travel_spot,1
2026-05-28,domestic_travel,제주,장미원축제 서울대공원,attraction,1
2026-05-28,domestic_travel,제주,카멜리아힐,candidate,1
2026-05-28,food,수원,이색데이트 장소를 찾다가 다녀온 곳이 바로,restaurant,1
2026-05-28,food,수원,장소,candidate,1
2026-05-28,food,인천,강화군 길상면 가족 여행 으로 오기 좋고 강,candidate,1
2026-05-28,food,인천,옹진군 북도면,candidate,1
2026-05-29,domestic_travel,가평,6 28 일 수국 전시,attraction,1
2026-05-29,domestic_travel,가평,가볼만한곳 가평 카페 양떼목장 놀거리 경기도,cafe,1
2026-05-29,domestic_travel,가평,가볼만한곳 가평 카페 양떼목장 놀거리 샤스타,cafe,1
2026-05-29,domestic_travel,가평,가볼만한곳 베이커리 대형카페 가평레이크애비뉴,cafe,1
2026-05-29,domestic_travel,가평,가족,candidate,1
2026-05-29,domestic_travel,가평,가족 여행,candidate,1
2026-05-29,domestic_travel,가평,경기도,candidate,1
2026-05-29,domestic_travel,가평,경기도꽃축제,attraction,1
2026-05-29,domestic_travel,가평,경기도수국축제,attraction,1
2026-05-29,domestic_travel,가평,경기도축제,attraction,1
2026-05-29,domestic_travel,가평,광주정육식당,restaurant,1
2026-05-29,domestic_travel,가평,글램트리,candidate,1
2026-05-29,domestic_travel,가평,글램트리리조트,travel_spot,1
2026-05-29,domestic_travel,가평,남이섬,candidate,1
2026-05-29,domestic_travel,가평,넓은,candidate,1
2026-05-29,domestic_travel,가평,단체,candidate,1
2026-05-29,domestic_travel,가평,당일,candidate,1
2026-05-29,domestic_travel,가평,당일 가평은 서울 근교라 접근성이 좋아서 친,candidate,1
2026-05-29,domestic_travel,가평,당일치기 여행 계획 중인 분 출처 한국관광공,candidate,1
2026-05-29,domestic_travel,가평,당일치기 정답 가평 아침고요수목원,candidate,1
2026-05-29,domestic_travel,가평,당일치기 정답 가평 아침고요수목원 수국축제,attraction,1
2026-05-29,domestic_travel,가평,더힐독채펜션 프라이빗 독채에서 즐긴 힐링 가,travel_spot,1
2026-05-29,domestic_travel,가평,데이트 가평봄꽃여행,candidate,1
2026-05-29,domestic_travel,가평,딱이었던,candidate,1
2026-05-29,domestic_travel,가평,민박,candidate,1
2026-05-29,domestic_travel,가평,민박 찾는다면 계곡 바로 앞 촌캉스 숙소 호,restaurant,1
2026-05-29,domestic_travel,가평,버스킹축제,attraction,1
2026-05-29,domestic_travel,가평,베고니아,candidate,1
2026-05-29,domestic_travel,가평,베고니아 새정원 아이랑 다녀온 내돈내산,candidate,1
2026-05-29,domestic_travel,가평,봄꽃축제,attraction,1
2026-05-29,domestic_travel,가평,사람없는,candidate,1
2026-05-29,domestic_travel,가평,서울 근교 여행 으로 인기 멀리 가기,candidate,1
2026-05-29,domestic_travel,가평,서울근교 여행 대가족과 함께한 특별한 풀빌라,candidate,1
2026-05-29,domestic_travel,가평,숲속 호텔,travel_spot,1
2026-05-29,domestic_travel,가평,아이랑갈만한곳,candidate,1
2026-05-29,domestic_travel,가평,아침고요수목원,candidate,1
2026-05-29,domestic_travel,가평,양떼목장,candidate,1
2026-05-29,domestic_travel,가평,여행 26년 차 우정의 인증 노래방 풀빌라,candidate,1
2026-05-29,domestic_travel,가평,여행 고민 중이시라면 계곡도 즐기고 시골 감,candidate,1
2026-05-29,domestic_travel,가평,여행 춘천 나들이 그래서 청평 여행 후 서울,candidate,1
2026-05-29,domestic_travel,가평,자라섬,candidate,1
2026-05-29,domestic_travel,가평,자라섬 꽃 페스타에서 만나는,candidate,1
2026-05-29,domestic_travel,가평,자라섬 축제,attraction,1
2026-05-29,domestic_travel,가평,자라섬꽃축제,attraction,3
2026-05-29,domestic_travel,가평,정답,candidate,1
2026-05-29,domestic_travel,가평,좋은,candidate,1
2026-05-29,domestic_travel,강릉,안목 커피,cafe,1
2026-05-29,domestic_travel,강릉,하면 경포해변 안목 커피거리만 떠오르시나요,cafe,1
2026-05-29,domestic_travel,강릉,헌화로 절벽 삼척 강릉헌화로,candidate,1
2026-05-29,domestic_travel,강릉,현지인들도 즐겨 찾는 진짜 숨은 명소들을 소,candidate,1
2026-05-29,domestic_travel,강릉,Editor Haley입니다 강릉 하면 경포해변,travel_spot,1
2026-05-29,domestic_travel,경주,안동낙강물길공원,travel_spot,1
2026-05-29,domestic_travel,경주,함양상림공원,travel_spot,1
2026-05-29,domestic_travel,광주,정육식당,restaurant,1
2026-05-29,domestic_travel,대구,당일,candidate,1
2026-05-29,domestic_travel,대구,렌트카,candidate,1
2026-05-29,domestic_travel,부산,1박2일 뚜벅이 여행,candidate,1
2026-05-29,domestic_travel,부산,대구근교,candidate,1
2026-05-29,domestic_travel,부산,대마도,candidate,3
2026-05-29,domestic_travel,부산,대마도 배편 당일치기 여행 구매즉시확정 쓰시,candidate,1
2026-05-29,domestic_travel,부산,맛집이랑 광안리 밤바다까지,restaurant,1
2026-05-29,domestic_travel,부산,밤바다,restaurant,1
2026-05-29,domestic_travel,부산,밤바다 감성 제대로 후회없는 방문 부산 여행,restaurant,1
2026-05-29,domestic_travel,부산,사직야구장,candidate,1
2026-05-29,domestic_travel,부산,여행 이 너무 좋았어서 언니랑 우리 5월에,candidate,1
2026-05-29,domestic_travel,성수,데이릿,candidate,1
2026-05-29,domestic_travel,성수,데이릿 퓨전한식 맛집 데이트,restaurant,1
2026-05-29,domestic_travel,인천,서구 앞바다에 위치한 작은 섬으로 도시와 가,restaurant,1
2026-05-29,domestic_travel,인천,영종도,candidate,1
2026-05-29,domestic_travel,인천,영종도 가볼만한 곳 1박2일 뚜벅이 여행 코,candidate,1
2026-05-29,domestic_travel,인천,즐기는,candidate,1
2026-05-29,food,강남,30 안녕하세요 오늘은 논현역 가성비 회 맛집,restaurant,1
2026-05-29,food,강남,부대찌개 맛집 서초 부대찌개 부찌남 부대찌개,restaurant,1
2026-05-29,food,강남,속초오징어어시장,travel_spot,1
2026-05-29,food,강남,속초오징어어시장 입니다 속초오징어어시장,travel_spot,1
2026-05-29,food,강남,신동궁 감자탕 뼈숯불구이 신동궁감자탕 뼈숯불,candidate,1
2026-05-29,food,강남,신동궁감자탕,candidate,1
2026-05-29,food,강남,신동궁감자탕 뼈숯불구이 역삼직영점 강남주민,candidate,1
2026-05-29,food,강남,신세계,candidate,1
2026-05-29,food,강남,역삼직영점,candidate,1
2026-05-29,food,강남,해장 맛집 안녕하세요 일탈을 꿈꾸는 직장인,restaurant,1
2026-05-29,food,강남,RTM 처음 먹어보고 발리에서 먹었던 피자 맛집,restaurant,1
2026-05-29,food,광주,정육식당,restaurant,1
2026-05-29,food,대구,렌트카,candidate,1
2026-05-29,food,부산,1박2일 뚜벅이 여행,candidate,1
2026-05-29,food,부산,맛집이랑 광안리 밤바다까지,restaurant,1
2026-05-29,food,부산,밤바다,restaurant,1
2026-05-29,food,부산,밤바다 감성 제대로 후회없는 방문 부산 여행,restaurant,1
2026-05-29,food,부산,여행 이 너무 좋았어서 언니랑 우리 5월에,candidate,1
2026-05-29,food,부산,현지인인,candidate,1
2026-05-29,food,부산,현지인인 제가 여행 올 때 꼭 챙기라고 하는,candidate,1
2026-05-29,food,성수,데이릿,candidate,1
2026-05-29,food,성수,데이릿 퓨전한식 맛집 데이트,restaurant,1
2026-05-29,food,수원,KT위즈파크,candidate,1
2026-05-29,food,인천,영종도,candidate,1
2026-05-29,food,인천,영종도 가볼만한 곳 1박2일 뚜벅이 여행 코,candidate,1
2026-05-29,food,종로,국립현대미술관,attraction,1
2026-05-29,food,종로,을지로 맛집 우기식당,restaurant,1
2026-05-29,food,종로,이었습니다,candidate,1
2026-05-29,food,종로,종각,candidate,1
2026-05-29,food,종로,종각 없는게 없는 샤브샤브 무한리필 맛집 샤,restaurant,1
2026-05-30,domestic_travel,가평,가는,candidate,1
2026-05-30,domestic_travel,가평,가는 길 아이 쉬어가기 주말나들이,candidate,1
2026-05-30,domestic_travel,가평,고고다이노,candidate,1
2026-05-30,domestic_travel,가평,고고다이노 키즈호텔,travel_spot,1
2026-05-30,domestic_travel,가평,그러다 북한강 바로 옆에 있는 키즈 특화 호텔,restaurant,1
2026-05-30,domestic_travel,가평,글램핑 온수풀 돔 구조 풀빌라 숙소 찾다가,travel_spot,1
2026-05-30,domestic_travel,가평,글램핑 직접 가봤더니 이건 진짜 수영장 딸린,candidate,1
2026-05-30,domestic_travel,가평,꽃축제 후기 입장료,attraction,1
2026-05-30,domestic_travel,가평,꽃페스타,candidate,1
2026-05-30,domestic_travel,가평,남이섬,candidate,1
2026-05-30,domestic_travel,가평,남이섬 인근 카라반글램핑 자연과의 완벽한 조,candidate,1
2026-05-30,domestic_travel,가평,농가식당,restaurant,1
2026-05-30,domestic_travel,가평,농부시장,travel_spot,1
2026-05-30,domestic_travel,가평,바로마켓,restaurant,1
2026-05-30,domestic_travel,가평,베고니아새정원은 단순한 식물원 느낌이 아니라,candidate,1
2026-05-30,domestic_travel,가평,봄꽃축제,attraction,1
2026-05-30,domestic_travel,가평,빛두리,candidate,1
2026-05-30,domestic_travel,가평,쁘띠프랑스,candidate,1
2026-05-30,domestic_travel,가평,산마을글램핑장,candidate,1
2026-05-30,domestic_travel,가평,서울근교 에서의 독채 풀빌라 경험은 정말 매,candidate,1
2026-05-30,domestic_travel,가평,서울근교 여행 가족과의 특별한 풀빌라,candidate,1
2026-05-30,domestic_travel,가평,서울근교 여행 가족과의 특별한 풀빌라 경험,candidate,1
2026-05-30,domestic_travel,가평,서울근교 여행 가평 고고다이노 키즈호텔,travel_spot,1
2026-05-30,domestic_travel,가평,서울근교꽃축제,attraction,1
2026-05-30,domestic_travel,가평,아침고요수목원 수국축제,attraction,1
2026-05-30,domestic_travel,가평,여행 관광 여행 지 관광지 지도 pdf 스마,candidate,1
2026-05-30,domestic_travel,가평,여행 필수코스,candidate,1
2026-05-30,domestic_travel,가평,역 하차 약 볼거리 경기대표관광축제,attraction,1
2026-05-30,domestic_travel,가평,울 근교 로 1박 2일 여행 을 다녀오면서 숙소,travel_spot,1
2026-05-30,domestic_travel,가평,이오스펜션입니다 조용한 분위기에서 힐링할 수,travel_spot,1
2026-05-30,domestic_travel,가평,잣손두부,candidate,1
2026-05-30,domestic_travel,가평,장미정원,candidate,1
2026-05-30,domestic_travel,가평,찾는다면,candidate,1
2026-05-30,domestic_travel,가평,한옥,candidate,1
2026-05-30,domestic_travel,가평,한옥 독채 펜션 운악채 개별바베큐 가족 여행,restaurant,1
2026-05-30,domestic_travel,가평,한옥펜션 운악채 부모님 모시고 가기 좋은 서,travel_spot,1
2026-05-30,domestic_travel,강릉,2인 국내 펜션,travel_spot,1
2026-05-30,domestic_travel,강릉,2인국내펜션,travel_spot,1
2026-05-30,domestic_travel,강릉,안목해변,travel_spot,1
2026-05-30,domestic_travel,강릉,안목해변 차박 일출 하나로 유명해진 이유 솔,travel_spot,1
2026-05-30,domestic_travel,강릉,야지 하면서 마음이 엄청 두근거렸거든요 안목해변,travel_spot,1
2026-05-30,domestic_travel,강릉,여행 중 발견한 초당 모꼬지 맛있는 한끼 가,candidate,1
2026-05-30,domestic_travel,경주,감포해변,travel_spot,1
2026-05-30,domestic_travel,경주,경북축제,attraction,1
2026-05-30,domestic_travel,경주,국립경주박물관,attraction,1
2026-05-30,domestic_travel,경주,불꽃축제,attraction,1
2026-05-30,domestic_travel,경주,쉼 한옥스테이 경주로 짧게 다녀온 주말 여행,candidate,1
2026-05-30,domestic_travel,경주,아기랑,candidate,1
2026-05-30,domestic_travel,경주,아기랑 경주 여행 숙소 데메테르 풀빌라,travel_spot,1
2026-05-30,domestic_travel,경주,아기랑 경주 여행 숙소 데메테르 풀빌라 가족,travel_spot,1
2026-05-30,domestic_travel,경주,여름,candidate,1
2026-05-30,domestic_travel,경주,여름 여행 일기 _ 고요하고 아름다운 곳 혼,candidate,1
2026-05-30,domestic_travel,경주,여행 을 다녀왔어요 아기와 함께하는 여행 은,candidate,1
2026-05-30,domestic_travel,경주,여행 코스,candidate,2
2026-05-30,domestic_travel,경주,여행 황리단길,candidate,1
2026-05-30,domestic_travel,경주,좋았던,candidate,1
2026-05-30,domestic_travel,경주,황리단길,candidate,1
2026-05-30,domestic_travel,광주,동구,candidate,1
2026-05-30,domestic_travel,광주,목포,candidate,1
2026-05-30,domestic_travel,광주,목포 근교 나들이 고민 끝 영암 카페 마실,cafe,1
2026-05-30,domestic_travel,대구,근교 가볼만한곳 찾는 가족 단위 여행객이나,candidate,1
2026-05-30,domestic_travel,대전,갔다가,candidate,1
2026-05-30,domestic_travel,대전,근교 당일치기 여행 지 TOP 5 아이와주말,candidate,1
2026-05-30,domestic_travel,대전,근교로 떠나는 힐링 여행 계획하기 알려드린,candidate,1
2026-05-30,domestic_travel,대전,다녀온,candidate,1
2026-05-30,domestic_travel,대전,당일치기 여행이라면 야구 경기나 주말 나들이,candidate,1
2026-05-30,domestic_travel,대전,들르기입니다,candidate,1
2026-05-30,domestic_travel,대전,들르기입니다 은근 재밌었음 비오는 날,candidate,1
2026-05-30,domestic_travel,대전,망고롤,candidate,1
2026-05-30,domestic_travel,대전,성심당,candidate,1
2026-05-30,domestic_travel,대전,여행 이번에는 뚜벅이 여행 으로 대전에 다녀,candidate,1
2026-05-30,domestic_travel,대전,울었던,candidate,1
2026-05-30,domestic_travel,부산,5월 주말여행 고1딸과 부산서면 굿즈샵 맛집,restaurant,1
2026-05-30,domestic_travel,부산,고1딸과,candidate,1
2026-05-30,domestic_travel,부산,광안리어방축제,attraction,1
2026-05-30,domestic_travel,부산,근교 가볼만한 곳으로도 이동 부담이 적어서,candidate,1
2026-05-30,domestic_travel,부산,대마도,candidate,2
2026-05-30,domestic_travel,부산,대마도 배편 노바호로 떠나는 알찬 여행 해외,restaurant,1
2026-05-30,domestic_travel,부산,발마사지,candidate,1
2026-05-30,domestic_travel,부산,여행 간다면 여기 진짜 저장 필수 부산 X,candidate,1
2026-05-30,domestic_travel,부산,여행 오면 바다는 많이 보는데 하늘에서 내려,restaurant,1
2026-05-30,domestic_travel,부산,일본만,candidate,1
2026-05-30,domestic_travel,부산,장승포호텔,travel_spot,1
2026-05-30,domestic_travel,부산,획이 아직 비어 있다면 부산에서 열리는 이 축제,attraction,1
2026-05-30,domestic_travel,부산,K팝축제,attraction,1
2026-05-30,domestic_travel,성수,국내 리조트,travel_spot,1
2026-05-30,domestic_travel,성수,대표치즈케이크,candidate,1
2026-05-30,domestic_travel,성수,동식당,restaurant,1
2026-05-30,domestic_travel,성수,디저트 투어 오시는 분들은 참고해서 방문해보,cafe,1
2026-05-30,domestic_travel,성수,뚝도시장,travel_spot,1
2026-05-30,domestic_travel,성수,뚝도시장 서울맛집 위치 성수 서울맛집 은 뚝,restaurant,1
2026-05-30,domestic_travel,성수,뚝도시장에 위치한 서울맛집 내돈내산 리뷰입니,restaurant,1
2026-05-30,domestic_travel,성수,마마리마켓,candidate,1
2026-05-30,domestic_travel,성수,마마리마켓 내돈내산 흑백요리사1 반찬셰,candidate,1
2026-05-30,domestic_travel,성수,사 시작 후 10분 이내에 쿠폰을 발급받고 숙소,travel_spot,1
2026-05-30,domestic_travel,성수,서울맛집 위치 성수 서울맛집 은 뚝도시장,restaurant,1
2026-05-30,domestic_travel,성수,송도호텔,travel_spot,1
2026-05-30,domestic_travel,성수,안에 위치한 곳으로 정감가는 시장,travel_spot,1
2026-05-30,domestic_travel,성수,에 재방문 의사 여부도 있어요 1 성수 뚝도시장,travel_spot,1
2026-05-30,domestic_travel,성수,에스파도,candidate,1
2026-05-30,domestic_travel,성수,여행 으로 하루 종일 알차게 보낼 수 있는 리조트,travel_spot,1
2026-05-30,domestic_travel,성수,인천 송도 인스파이어 리조트,travel_spot,1
2026-05-30,domestic_travel,성수,쫄깃탱탱한,candidate,1
2026-05-30,domestic_travel,성수,쫄깃탱탱한 자가제면 우동 맛집 도도한면,restaurant,1
2026-05-30,domestic_travel,성수,차백도,candidate,2
2026-05-30,domestic_travel,성수,차백도 성수점 BTS 뷔 명당에서 즐긴,candidate,1
2026-05-30,domestic_travel,성수,차백도 성수점에 다녀왔습니다 화장실구분,candidate,1
2026-05-30,domestic_travel,성수,키즈리조트,travel_spot,1
2026-05-30,domestic_travel,인천,강화도로 오빠랑 데이트 다녀왔어요 강화도는,candidate,1
2026-05-30,domestic_travel,인천,갯벌체험,candidate,1
2026-05-30,domestic_travel,인천,국내 리조트,travel_spot,1
2026-05-30,domestic_travel,인천,군자&잠실,candidate,1
2026-05-30,domestic_travel,인천,나들이,candidate,1
2026-05-30,domestic_travel,인천,대공원,travel_spot,1
2026-05-30,domestic_travel,인천,도 많고 해변,travel_spot,1
2026-05-30,domestic_travel,인천,도심속공원,travel_spot,1
2026-05-30,domestic_travel,인천,송도 인스파이어 리조트,travel_spot,1
2026-05-30,domestic_travel,인천,송도 인스파이어 리조트 프로모션 빅 특가 스,travel_spot,1
2026-05-30,domestic_travel,인천,송도&강화도,candidate,1
2026-05-30,domestic_travel,인천,송도&강화도 충남 서산 맛집 5주 동안,restaurant,1
2026-05-30,domestic_travel,인천,송도호텔,travel_spot,1
2026-05-30,domestic_travel,인천,신시모도,candidate,1
2026-05-30,domestic_travel,인천,신시모도 맛집 고남정 물회,restaurant,1
2026-05-30,domestic_travel,인천,신시모도로 당일치기 여행 을 다녀왔어요 배,candidate,1
2026-05-30,domestic_travel,인천,안동집 경동시장,travel_spot,1
2026-05-30,domestic_travel,인천,여행 으로 하루 종일 알차게 보낼 수 있는 리조트,travel_spot,1
2026-05-30,domestic_travel,인천,영종도,candidate,1
2026-05-30,domestic_travel,인천,영종도 서울 근교 에서 즐기는 바다 여행 휴,restaurant,1
2026-05-30,domestic_travel,인천,월미도놀이공원,travel_spot,1
2026-05-30,domestic_travel,인천,장미원 실시간 개화 상황 그늘막 인천대공원,travel_spot,1
2026-05-30,domestic_travel,인천,주말 가볼만한곳 인천대공원,travel_spot,1
2026-05-30,domestic_travel,인천,차이나타운,candidate,1
2026-05-30,domestic_travel,인천,차이나타운 가볼 만한 곳 당일치기 놀거리 먹,candidate,1
2026-05-30,domestic_travel,인천,차이나타운 전날 오이도에서 놀고 인천 차이나,candidate,1
2026-05-30,domestic_travel,인천,키즈리조트,travel_spot,1
2026-05-30,domestic_travel,제주,2인 국내 펜션,travel_spot,1
2026-05-30,domestic_travel,제주,2인국내펜션,travel_spot,1
2026-05-30,domestic_travel,제주,4일,candidate,1
2026-05-30,domestic_travel,제주,고민된다면,candidate,1
2026-05-30,domestic_travel,제주,국내꽃축제,attraction,1
2026-05-30,domestic_travel,제주,서귀포,candidate,1
2026-05-30,domestic_travel,제주,서귀포 바다뷰에서 끝내는,restaurant,1
2026-05-30,domestic_travel,제주,서천 장항항 꼴갑축제,attraction,1
2026-05-30,domestic_travel,제주,장항항꼴갑축제,attraction,1
2026-05-30,domestic_travel,제주,해산물 기반 구성 여행객 + 가족 + 단체,candidate,1
2026-05-30,domestic_travel,제주,휴 다들 아이들의 웃음소리로 가득 찰 이번 축제,attraction,1
2026-05-30,food,강남,5 모임 장소로도 많이 찾는 닭갈비 맛집,restaurant,1
2026-05-30,food,강남,게 느껴지는 고급스러운 솥밥 식당,restaurant,1
2026-05-30,food,강남,결기추천레스토랑,restaurant,1
2026-05-30,food,강남,레이크 타임 21 00 라스트 오더 유명한 맛집,restaurant,1
2026-05-30,food,강남,룸식당,restaurant,1
2026-05-30,food,강남,발견,candidate,1
2026-05-30,food,강남,부모님모시고가기좋은식당,restaurant,1
2026-05-30,food,강남,비즈니스미팅식당,restaurant,1
2026-05-30,food,강남,삼성동 코엑스 -오크우드 오크 레스토랑,restaurant,1
2026-05-30,food,강남,상견례식당,restaurant,1
2026-05-30,food,강남,서울 강남구 테헤란로 87길 46 오크우드호텔,travel_spot,1
2026-05-30,food,강남,서울파인다이닝,restaurant,1
2026-05-30,food,강남,서울한식다이닝,restaurant,1
2026-05-30,food,강남,수제버거,candidate,1
2026-05-30,food,강남,수제버거 끝판왕 등장 분위기까지 힙한 다운타,candidate,1
2026-05-30,food,강남,술집,restaurant,1
2026-05-30,food,강남,술집 예약,restaurant,1
2026-05-30,food,강남,식당,restaurant,1
2026-05-30,food,강남,안목,candidate,1
2026-05-30,food,강남,압구정 로데오 맛집 파스타 와인 이탈리안 레스토랑,restaurant,1
2026-05-30,food,강남,압구정로데오역,candidate,1
2026-05-30,food,강남,압구정로데오역 보보식당 흑백요리사2 맛집,restaurant,1
2026-05-30,food,강남,압구정로데오역 보보식당 흑백요리사2 맛집 중,restaurant,1
2026-05-30,food,강남,압구정룸식당,restaurant,1
2026-05-30,food,강남,역삼동,candidate,1
2026-05-30,food,강남,역삼동 강남에서 맛있는 즉석떡볶이를 맛볼 수,candidate,1
2026-05-30,food,강남,역삼문화공원,travel_spot,1
2026-05-30,food,강남,오크우드오크레스토랑,restaurant,1
2026-05-30,food,강남,은행골,candidate,1
2026-05-30,food,강남,이었습니다 오늘은 10년차 맛집,restaurant,1
2026-05-30,food,강남,이자,candidate,1
2026-05-30,food,강남,이자 든든한 한끼 대접하기 좋은 오봉집,candidate,1
2026-05-30,food,강남,좋은,candidate,1
2026-05-30,food,강남,주신당,candidate,1
2026-05-30,food,강남,지우네는 2층에 위치하고 분명 즉석떡볶이 맛집,restaurant,1
2026-05-30,food,강남,찾는다면,candidate,1
2026-05-30,food,강남,찾는다면 점심부터 회식까지 만족했던 오,candidate,1
2026-05-30,food,강남,한식다이닝,restaurant,1
2026-05-30,food,강남,한식파인다이닝,restaurant,1
2026-05-30,food,강남,해담아구찜,candidate,1
2026-05-30,food,강남,해담아구찜 솔직,candidate,1
2026-05-30,food,강남,현지인 vs 관광객 둘 다 인정한 닭갈비 맛집,restaurant,1
2026-05-30,food,광주,목포,candidate,1
2026-05-30,food,광주,목포 근교 나들이 고민 끝 영암 카페 마실,cafe,1
2026-05-30,food,대구,81 우리 동네 최고 치킨 맛집,restaurant,1
2026-05-30,food,대구,가면 무조건 다시 감,candidate,1
2026-05-30,food,대구,수성구,candidate,1
2026-05-30,food,대구,천LED라이트 상주LED라이트 제주여행 서울맛집,restaurant,1
2026-05-30,food,대전,결국,candidate,1
2026-05-30,food,대전,근교 당일치기 여행 지 TOP 5 아이와주말,candidate,1
2026-05-30,food,대전,다녀온,candidate,1
2026-05-30,food,대전,망고롤,candidate,1
2026-05-30,food,대전,성심당,candidate,1
2026-05-30,food,대전,여행 이번에는 뚜벅이 여행 으로 대전에 다녀,candidate,1
2026-05-30,food,대전,울었던,candidate,1
2026-05-30,food,대전,하면 떠오르는 것 바로 빵이죠 빵의 도시에서,restaurant,1
2026-05-30,food,대전,LG아트센터맛집,restaurant,1
2026-05-30,food,부산,5월 주말여행 고1딸과 부산서면 굿즈샵 맛집,restaurant,1
2026-05-30,food,부산,고1딸과,candidate,1
2026-05-30,food,부산,장승포호텔,travel_spot,1
2026-05-30,food,부산,천LED라이트 상주LED라이트 제주여행 서울맛집,restaurant,1
2026-05-30,food,성수,가브리살,candidate,1
2026-05-30,food,성수,가브리살 보쌈과 성수 맛집 뚝섬 맛집 한식주,restaurant,1
2026-05-30,food,성수,네이버페이,candidate,1
2026-05-30,food,성수,대표치즈케이크,candidate,1
2026-05-30,food,성수,동식당,restaurant,1
2026-05-30,food,성수,디저트 투어 오시는 분들은 참고해서 방문해보,cafe,1
2026-05-30,food,성수,뚝도시장,travel_spot,1
2026-05-30,food,성수,뚝도시장 서울맛집 위치 성수 서울맛집 은 뚝,restaurant,1
2026-05-30,food,성수,뚝도시장에 위치한 서울맛집 내돈내산 리뷰입니,restaurant,1
2026-05-30,food,성수,마마리마켓,candidate,1
2026-05-30,food,성수,마마리마켓 내돈내산 흑백요리사1 반찬셰,candidate,1
2026-05-30,food,성수,보쌈과,candidate,1
2026-05-30,food,성수,분위기 좋은 파스타 맛집 와인바 리타르단도,restaurant,1
2026-05-30,food,성수,서울 성동구 성수일로12길 44 위치 성수 카페,cafe,1
2026-05-30,food,성수,서울맛집 위치 성수 서울맛집 은 뚝도시장,restaurant,1
2026-05-30,food,성수,솥밥,candidate,1
2026-05-30,food,성수,솥밥 맛집 쵸리상경 서울 숲 가볼만한 곳 매,restaurant,1
2026-05-30,food,성수,신상 맛집 답게 지나가는,restaurant,1
2026-05-30,food,성수,안에 위치한 곳으로 정감가는 시장,travel_spot,1
2026-05-30,food,성수,에 재방문 의사 여부도 있어요 1 성수 뚝도시장,travel_spot,1
2026-05-30,food,성수,에스파도,candidate,1
2026-05-30,food,성수,육류,candidate,1
2026-05-30,food,성수,육류 한상 차린 점심 방문기 방문하면서,candidate,1
2026-05-30,food,성수,을 알아보는 분이라면 현재 상황과 필요,candidate,1
2026-05-30,food,성수,을 찾는 사람들이 중요하게 여기는 게,candidate,1
2026-05-30,food,성수,쫄깃탱탱한,candidate,1
2026-05-30,food,성수,쫄깃탱탱한 자가제면 우동 맛집 도도한면,restaurant,1
2026-05-30,food,성수,차백도,candidate,2
2026-05-30,food,성수,차백도 성수점 BTS 뷔 명당에서 즐긴,candidate,1
2026-05-30,food,성수,차백도 성수점에 다녀왔습니다 화장실구분,candidate,1
2026-05-30,food,수원,핸드드립커피,cafe,1
2026-05-30,food,수원,행궁동,candidate,1
2026-05-30,food,인천,곳곳에서 오는 친구들 만날 때 보통 사당이나,candidate,1
2026-05-30,food,인천,군자&잠실,candidate,1
2026-05-30,food,인천,도 많고 해변,travel_spot,1
2026-05-30,food,인천,송도&강화도,candidate,1
2026-05-30,food,인천,송도&강화도 충남 서산 맛집 5주 동안,restaurant,1
2026-05-30,food,인천,신시모도,candidate,1
2026-05-30,food,인천,신시모도 맛집 고남정 물회,restaurant,1
2026-05-30,food,인천,신시모도로 당일치기 여행 을 다녀왔어요 배,candidate,1
2026-05-30,food,인천,안동집 경동시장,travel_spot,1
2026-05-30,food,인천,영종도 서울 근교 에서 즐기는 바다 여행 휴,restaurant,1
2026-05-30,food,인천,차이나타운,candidate,1
2026-05-30,food,인천,차이나타운 가볼 만한 곳 당일치기 놀거리 먹,candidate,1
2026-05-30,food,인천,차이나타운 전날 오이도에서 놀고 인천 차이나,candidate,1
2026-05-30,food,제주,가디역,candidate,1
2026-05-30,food,제주,고민된다면,candidate,1
2026-05-30,food,제주,서귀포,candidate,1
2026-05-30,food,제주,서귀포 바다뷰에서 끝내는,restaurant,1
2026-05-30,food,제주,인크커피,cafe,1
2026-05-30,food,제주,지털단지역 7호선 그리고 맞은편에는 유명한 커피,cafe,1
2026-05-30,food,제주,천LED라이트 상주LED라이트 제주여행 서울맛집,restaurant,1
2026-05-30,food,제주,해산물 기반 구성 여행객 + 가족 + 단체,candidate,1
2026-05-30,food,제주,흑돼지,candidate,1
2026-05-30,food,제주,흑돼지 항정카츠 맛집 카츠 카츠 올로즈 위치,restaurant,1
2026-05-30,food,종로,13 재방문하고 싶은 수제만두 맛집,restaurant,1
2026-05-30,food,종로,16길 12 1 3 5호선 종로3가역 15번,candidate,1
2026-05-30,food,종로,19 르메이에르종로타운 지하 1층,candidate,1
2026-05-30,food,종로,21 30 마지막으로 소개할 종로 한식 맛집,restaurant,1
2026-05-30,food,종로,33 가성비 맛집 최고봉,restaurant,1
2026-05-30,food,종로,3가 맛집,restaurant,2
2026-05-30,food,종로,3가맛집,restaurant,1
2026-05-30,food,종로,3가역맛집,restaurant,1
2026-05-30,food,종로,5호선맛집,restaurant,1
2026-05-30,food,종로,가 바로 아래 접근성 최고인 종로 야장 국제시장,restaurant,1
2026-05-30,food,종로,광장시장,travel_spot,1
2026-05-30,food,종로,광화문 고깃집 화덕구이 가성비 맛집 광화로,restaurant,1
2026-05-30,food,종로,광화문 트러플짜장면이 유명한 중식 맛집 무탄,restaurant,1
2026-05-30,food,종로,끝내주는,candidate,1
2026-05-30,food,종로,내돈내산 종로야장 어디로 갈까 나는 국제시장,travel_spot,1
2026-05-30,food,종로,노포식당 느낌 만땅 간판이 크기 때문에 지나,restaurant,1
2026-05-30,food,종로,단체모임하기,candidate,1
2026-05-30,food,종로,단체모임하기 딱 좋은 종각역 맛집 육석관 편,restaurant,1
2026-05-30,food,종로,대련집,candidate,1
2026-05-30,food,종로,대련집 풍자 또간집 노포 칼국수 보쌈,candidate,1
2026-05-30,food,종로,대학로 블루리본 맛집 호호식당 호호식당,restaurant,1
2026-05-30,food,종로,돈화문로11다길 14-2 종로3가역 삼겹살맛집,restaurant,1
2026-05-30,food,종로,동대문원단시장,travel_spot,1
2026-05-30,food,종로,동묘갈비,candidate,1
2026-05-30,food,종로,로 88에 위치해 있습니다 종로3가역 을지로맛집,restaurant,1
2026-05-30,food,종로,로 내돈내산 종로야장 어디로 갈까 나는 국제시장,travel_spot,1
2026-05-30,food,종로,서순라길에 위치한 베트남 음식 전문점을 소개,candidate,1
2026-05-30,food,종로,서울레스토랑,restaurant,1
2026-05-30,food,종로,서촌레스토랑,restaurant,1
2026-05-30,food,종로,야장 국제시장 포차를 다녀왔습니다 종로 사람,travel_spot,1
2026-05-30,food,종로,연남토마 북촌점 완전 만족한 식당,restaurant,1
2026-05-30,food,종로,올 수 있는 거리다 외관은 요렇게 종로 노포식당,restaurant,1
2026-05-30,food,종로,우정국로2길 쪽으로 가면 이런 분위기의 양식당,restaurant,1
2026-05-30,food,종로,위치 서울특별시 종로구 종로 33 가성비 맛집,restaurant,1
2026-05-30,food,종로,은 농림축산부 선정 안심식당,restaurant,1
2026-05-30,food,종로,을지로 종로3가역 고기 맛집,restaurant,1
2026-05-30,food,종로,저녁은 완성,candidate,1
2026-05-30,food,종로,종각역 근처 숨은 양식 맛집 발견 우정,restaurant,1
2026-05-30,food,종로,종로 풍자 또간집 대련집은 청계천,candidate,1
2026-05-30,food,종로,종로 풍자 또간집에 출연한 노포 오래된,candidate,1
2026-05-30,food,종로,중심가에서 조금 떨어져 있기는 하지만 평이,candidate,1
2026-05-30,food,종로,중에서도 숨은 보석 같은 곳들이 있긴,candidate,1
2026-05-30,food,종로,즐기는,candidate,1
2026-05-30,food,종로,포차 국제시장,travel_spot,1
2026-05-30,food,종로,한식 맛집 은 농림축산부 선정 안심식당이기도,restaurant,1
2026-05-30,food,종로,할머니의,candidate,1
2026-05-30,food,종로,할머니의 깊은 내공으로 우려낸 서울해장,candidate,1
2026-05-30,food,종로,회식,candidate,1
2026-05-31,domestic_travel,가평,2박3일 동안 방문했던 식당,restaurant,1
2026-05-31,domestic_travel,가평,가볼만한곳 5곳을 소개해 드리려고 하는데요,candidate,1
2026-05-31,domestic_travel,가평,가볼만한곳 자라섬 여행 외 4곳 그래서 이번,candidate,1
2026-05-31,domestic_travel,가평,가볼만한곳 한식 쌈밥 28개월 아이와 남이섬,candidate,1
2026-05-31,domestic_travel,가평,가평 더스테이 힐링파크 가든 D타입 커,candidate,1
2026-05-31,domestic_travel,가평,같은 하루를 만들고 싶다보니 가평 자라섬 꽃축제,attraction,1
2026-05-31,domestic_travel,가평,경기,candidate,1
2026-05-31,domestic_travel,가평,경기도,candidate,1
2026-05-31,domestic_travel,가평,계곡,candidate,1
2026-05-31,domestic_travel,가평,관광지를 함께 둘러보기 좋은 위치라 주말여행,candidate,1
2026-05-31,domestic_travel,가평,남이섬 당일치기 2_카페 골든트리 버스 시간,cafe,1
2026-05-31,domestic_travel,가평,당일치기 라면 남이섬과 묶어서 하루에 두 곳,candidate,1
2026-05-31,domestic_travel,가평,당일치기 로 딱 좋고 뚜벅이도 전혀 불편함,candidate,1
2026-05-31,domestic_travel,가평,데이트코스,candidate,1
2026-05-31,domestic_travel,가평,독채펜션 까사스위스 수영장 에어바운스 계곡,restaurant,1
2026-05-31,domestic_travel,가평,들던 서울에서 1시간 차막히면 아침고요수목원펜션,travel_spot,1
2026-05-31,domestic_travel,가평,라벨르,candidate,1
2026-05-31,domestic_travel,가평,라벨르 스파 펜션 이용,travel_spot,1
2026-05-31,domestic_travel,가평,로 가평에 방문한다면 한 번쯤 들러볼 만한 베이커리,cafe,1
2026-05-31,domestic_travel,가평,로컬빵집,candidate,1
2026-05-31,domestic_travel,가평,르봉뺑,candidate,1
2026-05-31,domestic_travel,가평,르봉뺑 가평 빵집 가평 로컬빵집 가평 맛집추,restaurant,1
2026-05-31,domestic_travel,가평,맛있는,candidate,1
2026-05-31,domestic_travel,가평,매력적인,candidate,1
2026-05-31,domestic_travel,가평,미유풀빌라앤스파펜션 평화막국수 레트로풍 인테,travel_spot,1
2026-05-31,domestic_travel,가평,방법,candidate,1
2026-05-31,domestic_travel,가평,베고니아새정원,candidate,1
2026-05-31,domestic_travel,가평,별빛축제,attraction,1
2026-05-31,domestic_travel,가평,보며,candidate,1
2026-05-31,domestic_travel,가평,보트,candidate,1
2026-05-31,domestic_travel,가평,볼만한곳 한식 쌈밥 28개월 아이와 남이섬 맛집,restaurant,1
2026-05-31,domestic_travel,가평,빵집,candidate,1
2026-05-31,domestic_travel,가평,설악면,candidate,1
2026-05-31,domestic_travel,가평,설악면 가볼만한곳 북한강 뷰가 아름다운 신선,candidate,1
2026-05-31,domestic_travel,가평,세라핌글램핑에서,candidate,1
2026-05-31,domestic_travel,가평,세라핌글램핑에서 즐긴 힐링 여행 불멍명소,candidate,1
2026-05-31,domestic_travel,가평,아이랑,candidate,1
2026-05-31,domestic_travel,가평,아이랑호텔,travel_spot,1
2026-05-31,domestic_travel,가평,아침고요수목원,candidate,2
2026-05-31,domestic_travel,가평,아침고요수목원 6월은 초록이 가장 짙어지는,candidate,1
2026-05-31,domestic_travel,가평,아침고요수목원 수국축제,attraction,1
2026-05-31,domestic_travel,가평,에그하우스,candidate,1
2026-05-31,domestic_travel,가평,여행 기록 1DAY 1박2일이지만 역시나 바,restaurant,1
2026-05-31,domestic_travel,가평,여행 방문해보세요,candidate,1
2026-05-31,domestic_travel,가평,여행 히노끼탕 수영장,candidate,1
2026-05-31,domestic_travel,가평,여행_김유정문학촌,candidate,1
2026-05-31,domestic_travel,가평,여행_김유정문학촌 카페 맛집_카페봄촌 fea,cafe,1
2026-05-31,domestic_travel,가평,여행을 계획하면서 조용하게 쉬면서 스파까지,candidate,1
2026-05-31,domestic_travel,가평,완벽한,candidate,1
2026-05-31,domestic_travel,가평,운악채한옥마을,candidate,1
2026-05-31,domestic_travel,가평,자라섬,candidate,3
2026-05-31,domestic_travel,가평,자라섬 꽃축제,attraction,1
2026-05-31,domestic_travel,가평,자라섬 꽃축제를 다녀오게,attraction,1
2026-05-31,domestic_travel,가평,자라섬 꽃페스타 실시간,candidate,1
2026-05-31,domestic_travel,가평,잣으로 만든 진한 잣 콩국수를 맛볼 수 있는,candidate,1
2026-05-31,domestic_travel,가평,정신이 없는데 여기는 걷다 보면 강도 국내축제,attraction,1
2026-05-31,domestic_travel,가평,즐기는 특별한 더강 라떼 오렌지의 상큼함이 커피,cafe,1
2026-05-31,domestic_travel,가평,춘천식당,restaurant,1
2026-05-31,domestic_travel,가평,캠핑까지,candidate,1
2026-05-31,domestic_travel,가평,하이드,candidate,1
2026-05-31,domestic_travel,가평,하이드 온 부쉬 아이와 함께 가기 좋은 넓고,candidate,1
2026-05-31,domestic_travel,가평,한곳 6월 충남 가볼만한곳 서천 장항항 꼴갑축제,attraction,1
2026-05-31,domestic_travel,가평,한옥,candidate,1
2026-05-31,domestic_travel,가평,한옥 독채 단층형 내돈내산 2박 9호실,candidate,1
2026-05-31,domestic_travel,가평,화악산,candidate,1
2026-05-31,domestic_travel,가평,화악산 계곡에서의 추억 들리지 않던 곳에서,candidate,1
2026-05-31,domestic_travel,가평,훨씬 더 화려하고 아름다울 것 같은데요 축제,attraction,1
2026-05-31,domestic_travel,가평,힐링,candidate,2
2026-05-31,domestic_travel,강릉,_아르떼뮤지엄,candidate,1
2026-05-31,domestic_travel,강릉,25 - 국내 여행 은 강릉 경포 해변,travel_spot,1
2026-05-31,domestic_travel,강릉,2박 3일 핫플 여행 강릉호캉스,candidate,1
2026-05-31,domestic_travel,강릉,2박3일,candidate,1
2026-05-31,domestic_travel,강릉,2차 식사 카페,cafe,1
2026-05-31,domestic_travel,강릉,4월,candidate,1
2026-05-31,domestic_travel,강릉,4월 강릉여행 맛집,restaurant,1
2026-05-31,domestic_travel,강릉,6월 강릉 전시,attraction,1
2026-05-31,domestic_travel,강릉,가기,candidate,1
2026-05-31,domestic_travel,강릉,가는,candidate,1
2026-05-31,domestic_travel,강릉,가는 길 배고프시면 한 번 들러보시는 거 추,candidate,1
2026-05-31,domestic_travel,강릉,가득한,candidate,1
2026-05-31,domestic_travel,강릉,가볼만한 곳 BEST 5 중앙시장,travel_spot,1
2026-05-31,domestic_travel,강릉,가볼만한 곳 BEST 5 중앙시장 월화거리,travel_spot,1
2026-05-31,domestic_travel,강릉,가볼만한곳 바다와 감성 가득한 강릉 여행 코,restaurant,1
2026-05-31,domestic_travel,강릉,가오리찜,candidate,1
2026-05-31,domestic_travel,강릉,가오리찜 맛집 이모네 생선찜 내돈내산 리뷰,restaurant,1
2026-05-31,domestic_travel,강릉,간이여서 조금 서둘러 방문했는데도 역시 중앙시장,travel_spot,1
2026-05-31,domestic_travel,강릉,감성,candidate,1
2026-05-31,domestic_travel,강릉,감성 가득한 핸드메이드 소품샵 물꼬기 소품샵,candidate,1
2026-05-31,domestic_travel,강릉,감성숙소 오뉴옥 느좋 한옥 스테이 침실도 두,travel_spot,1
2026-05-31,domestic_travel,강릉,강릉중앙시장,travel_spot,1
2026-05-31,domestic_travel,강릉,강릉중앙시장 맛집 원조소문난무침회 꼬막,restaurant,1
2026-05-31,domestic_travel,강릉,강원도,candidate,3
2026-05-31,domestic_travel,강릉,강원도 강릉 가볼만한 곳 BEST 5 중앙시장,travel_spot,1
2026-05-31,domestic_travel,강릉,경포 해변을 자주감 KTX를 타고 1박하기,travel_spot,1
2026-05-31,domestic_travel,강릉,경포대 바다가,restaurant,1
2026-05-31,domestic_travel,강릉,경포생태저류지,candidate,1
2026-05-31,domestic_travel,강릉,경포생태저류지 산책,candidate,1
2026-05-31,domestic_travel,강릉,경포해변,travel_spot,1
2026-05-31,domestic_travel,강릉,고기집,restaurant,1
2026-05-31,domestic_travel,강릉,고래책방,candidate,1
2026-05-31,domestic_travel,강릉,고래책방 북카페와 기념품샵 여행 의 강릉책방,cafe,1
2026-05-31,domestic_travel,강릉,고민하다 고른 강릉 탑스텐 호텔,travel_spot,1
2026-05-31,domestic_travel,강릉,고씨네,candidate,1
2026-05-31,domestic_travel,강릉,고씨네 동해막국수 본점 강문해변,travel_spot,1
2026-05-31,domestic_travel,강릉,고씨네 동해막국수 본점 강문해변 맛집 아기도,restaurant,1
2026-05-31,domestic_travel,강릉,고씨네동해막국수,candidate,1
2026-05-31,domestic_travel,강릉,곳도 볼 것도 많은 곳입니다 꼭 전시,attraction,1
2026-05-31,domestic_travel,강릉,공장 방문 강릉 중앙시장,travel_spot,1
2026-05-31,domestic_travel,강릉,교동대게,candidate,1
2026-05-31,domestic_travel,강릉,그래서 그냥 바로 바다 보러 안목 해변,restaurant,1
2026-05-31,domestic_travel,강릉,기곡해변,travel_spot,1
2026-05-31,domestic_travel,강릉,기념,candidate,1
2026-05-31,domestic_travel,강릉,기차,candidate,1
2026-05-31,domestic_travel,강릉,남다른,candidate,1
2026-05-31,domestic_travel,강릉,남다른 패티의 수제버거 강릉서부시장,travel_spot,1
2026-05-31,domestic_travel,강릉,남다른 패티의 수제버거 강릉서부시장 맛집 피,restaurant,1
2026-05-31,domestic_travel,강릉,는 나 첫 홍합밥 개존맛이다 진짜 강릉가면 식당,restaurant,1
2026-05-31,domestic_travel,강릉,단오제,candidate,1
2026-05-31,domestic_travel,강릉,단오제 화천 파크골프장 강원여행,candidate,1
2026-05-31,domestic_travel,강릉,당일치기 가능하긴 하다 다만 좀 피곤하다 양,candidate,1
2026-05-31,domestic_travel,강릉,당일치기 나 하고올까 하고 말하자 마자 생각,candidate,1
2026-05-31,domestic_travel,강릉,당일치기 뚜벅이 여행 5 16 토 청량리역,candidate,1
2026-05-31,domestic_travel,강릉,당일치기 뚜벅이여행 01 강릉 KTX 이음,candidate,1
2026-05-31,domestic_travel,강릉,당일치기 라는뜻 여의도중 운동장,candidate,1
2026-05-31,domestic_travel,강릉,당일치기 안녕하세요 이번에는 강원도 강릉으로,candidate,1
2026-05-31,domestic_travel,강릉,당일치기 애들과 어느 날처럼 술자리를 가지다,candidate,1
2026-05-31,domestic_travel,강릉,당일치기 여행가서 사온거,candidate,1
2026-05-31,domestic_travel,강릉,당일치기 여행을 다녀왔어요 서울에서 강릉 당,candidate,1
2026-05-31,domestic_travel,강릉,당일치기 여행을 왔어요 연휴라 차가 많이 막,candidate,1
2026-05-31,domestic_travel,강릉,당일치기 인 저희는 물과 함께,candidate,1
2026-05-31,domestic_travel,강릉,데이트,candidate,1
2026-05-31,domestic_travel,강릉,데이트 가족여행 하기 좋은곳 오죽헌 싶다,candidate,1
2026-05-31,domestic_travel,강릉,동해역,candidate,1
2026-05-31,domestic_travel,강릉,떠나는,candidate,1
2026-05-31,domestic_travel,강릉,뚜벅이,candidate,3
2026-05-31,domestic_travel,강릉,뚜벅이 당일치기 여행 2탄 하슬라 아트월드,candidate,1
2026-05-31,domestic_travel,강릉,뚜벅이 당일치기 여행을 다녀왔어요 강릉 뚜벅,candidate,1
2026-05-31,domestic_travel,강릉,레지던스,candidate,1
2026-05-31,domestic_travel,강릉,레지던스 강릉 여행,candidate,1
2026-05-31,domestic_travel,강릉,로는 다 즐기기 어렵습니다 강릉 테라로사 커피,cafe,1
2026-05-31,domestic_travel,강릉,로컬,candidate,1
2026-05-31,domestic_travel,강릉,로컬 맛집 강릉 중앙시장 맛집 교동대게 강릉,restaurant,1
2026-05-31,domestic_travel,강릉,바다를 즐겼는데요 소요시간이 길지 않아 당일,restaurant,1
2026-05-31,domestic_travel,강릉,반려견축제,attraction,1
2026-05-31,domestic_travel,강릉,베이커리,cafe,1
2026-05-31,domestic_travel,강릉,보령머드축제,attraction,1
2026-05-31,domestic_travel,강릉,비목공원,travel_spot,1
2026-05-31,domestic_travel,강릉,빵지순례 필수 코스,candidate,1
2026-05-31,domestic_travel,강릉,사근진해변,travel_spot,2
2026-05-31,domestic_travel,강릉,사천,candidate,1
2026-05-31,domestic_travel,강릉,사천 오월의 사천 바다를 잔에 담다 아들과,restaurant,1
2026-05-31,domestic_travel,강릉,사천해변,travel_spot,1
2026-05-31,domestic_travel,강릉,솔올,candidate,1
2026-05-31,domestic_travel,강릉,수제버거,candidate,1
2026-05-31,domestic_travel,강릉,스카이베이호텔,travel_spot,1
2026-05-31,domestic_travel,강릉,신라모노그램,candidate,1
2026-05-31,domestic_travel,강릉,실내,candidate,1
2026-05-31,domestic_travel,강릉,실내 가볼만한곳 세계적인 건축 거장의 손길부,candidate,1
2026-05-31,domestic_travel,강릉,실내 가볼만한곳 인 아르떼뮤지엄을 다녀왔어요,candidate,1
2026-05-31,domestic_travel,강릉,아이랑,candidate,1
2026-05-31,domestic_travel,강릉,아침 8시 출발,candidate,1
2026-05-31,domestic_travel,강릉,안목,candidate,1
2026-05-31,domestic_travel,강릉,안목해변,travel_spot,3
2026-05-31,domestic_travel,강릉,애견동반 여름 축제,attraction,1
2026-05-31,domestic_travel,강릉,양식,candidate,1
2026-05-31,domestic_travel,강릉,없어져 내려다본 바다 호러물같네요 그리고 호텔,restaurant,1
2026-05-31,domestic_travel,강릉,에 딱 있길래 근데 진짜 맛있긴 하더라구요 시장,travel_spot,1
2026-05-31,domestic_travel,강릉,여수 전주 대전 등 기차로 이동하기 좋은 여,candidate,1
2026-05-31,domestic_travel,강릉,여행 가볼만한곳 숨은 명소 산불로 전소됐다,candidate,1
2026-05-31,domestic_travel,강릉,여행 당일치기 서울 강릉 KTX 이음,candidate,1
2026-05-31,domestic_travel,강릉,여행 부모님이랑 즉흥으로 떠나는 강릉 여행,candidate,1
2026-05-31,domestic_travel,강릉,여행 아이와 가기 좋은 곳 볼거리와 체험 가,candidate,1
2026-05-31,domestic_travel,강릉,여행 엄마와 함께 떠난 강원도 강릉 2박3일,candidate,1
2026-05-31,domestic_travel,강릉,여행 하면 자연스레 떠오르는게 바로 중앙시장,restaurant,1
2026-05-31,domestic_travel,강릉,여행에서는 강릉 중앙시장도 둘러보고 바다도,restaurant,1
2026-05-31,domestic_travel,강릉,여행에서도 다시 방문하고 싶은 곳으로 저장,candidate,1
2026-05-31,domestic_travel,강릉,여행을 다녀오게 되어서 오 거기 가서 저녁밥,candidate,1
2026-05-31,domestic_travel,강릉,여행이 인기 있는 이유 강릉은 서울에서도 접,candidate,1
2026-05-31,domestic_travel,강릉,여행자의 동선으로도 만족스러웠던 강릉 중앙시장,travel_spot,1
2026-05-31,domestic_travel,강릉,영월서부시장,travel_spot,1
2026-05-31,domestic_travel,강릉,온정당,candidate,2
2026-05-31,domestic_travel,강릉,온정당 강릉 중앙시장,travel_spot,1
2026-05-31,domestic_travel,강릉,온정당 강릉 중앙시장 맛집 짬뽕칼국수,restaurant,1
2026-05-31,domestic_travel,강릉,온정당 이야기를 남겨봅니다 강릉 중앙시장,travel_spot,1
2026-05-31,domestic_travel,강릉,원조소문난무침회 꼬막무침 포장 강릉중앙시장,travel_spot,1
2026-05-31,domestic_travel,강릉,월화거리,candidate,1
2026-05-31,domestic_travel,강릉,월화거리 안목해변,travel_spot,1
2026-05-31,domestic_travel,강릉,월화거리 야시장,travel_spot,1
2026-05-31,domestic_travel,강릉,월화거리 야시장 먹거리부터 분위기까지 완벽,travel_spot,1
2026-05-31,domestic_travel,강릉,위치도 해변,travel_spot,1
2026-05-31,domestic_travel,강릉,이모네생선찜,candidate,2
2026-05-31,domestic_travel,강릉,이모네생선찜 먹으러 오는 차 안에서 가오리,candidate,1
2026-05-31,domestic_travel,강릉,이번 강릉 여행에서는 강릉 중앙시장,travel_spot,1
2026-05-31,domestic_travel,강릉,이정태수제갈,candidate,1
2026-05-31,domestic_travel,강릉,전국축제,attraction,1
2026-05-31,domestic_travel,강릉,전시회,attraction,1
2026-05-31,domestic_travel,강릉,정남미명과,candidate,1
2026-05-31,domestic_travel,강릉,져 여행 의 즐거움을 한층 강릉 월화거리 야시장,travel_spot,1
2026-05-31,domestic_travel,강릉,조아 인간인데 이번 강릉 여행 은,candidate,1
2026-05-31,domestic_travel,강릉,중국집,candidate,1
2026-05-31,domestic_travel,강릉,중국집 현지인 맛집 궁짬뽕 강문동 맛집 에서,restaurant,1
2026-05-31,domestic_travel,강릉,중앙시장,travel_spot,10
2026-05-31,domestic_travel,강릉,중앙시장 맛집 교동대게 강릉 로컬 맛집 강릉,restaurant,1
2026-05-31,domestic_travel,강릉,중앙시장 맛집 교동대게 강릉 로컬 맛집 이번,restaurant,1
2026-05-31,domestic_travel,강릉,중앙시장 맛집 온정당 이야기를 남겨봅니다 강,restaurant,1
2026-05-31,domestic_travel,강릉,중앙시장 맛집 원조소문난무침회 강릉여행,restaurant,1
2026-05-31,domestic_travel,강릉,지는,candidate,1
2026-05-31,domestic_travel,강릉,지역축제,attraction,1
2026-05-31,domestic_travel,강릉,진주남강유등축제,attraction,1
2026-05-31,domestic_travel,강릉,처음인데 같이 간 사람들이 좋아서 그런가 강,candidate,1
2026-05-31,domestic_travel,강릉,천하제빵,candidate,1
2026-05-31,domestic_travel,강릉,청량리역에서,candidate,1
2026-05-31,domestic_travel,강릉,체험 가득한 오죽헌 즐길 수 있는 오죽헌 전시,attraction,1
2026-05-31,domestic_travel,강릉,초당옥수수커피,cafe,1
2026-05-31,domestic_travel,강릉,커피,cafe,1
2026-05-31,domestic_travel,강릉,탑스텐,candidate,1
2026-05-31,domestic_travel,강릉,탑스텐 호텔,travel_spot,1
2026-05-31,domestic_travel,강릉,터 한국 근현대 미술의 거장 장욱진 화백의 전시,attraction,1
2026-05-31,domestic_travel,강릉,통영 전주등 잘 알려진,candidate,1
2026-05-31,domestic_travel,강릉,툇마루 중앙시장,travel_spot,1
2026-05-31,domestic_travel,강릉,푸른 동해와 감성적인,candidate,1
2026-05-31,domestic_travel,강릉,핫플 레이스 중앙시장 난 강릉중앙시장,travel_spot,1
2026-05-31,domestic_travel,강릉,핫플 레이스 중앙시장 난 강릉중앙시장 찐 핫,travel_spot,1
2026-05-31,domestic_travel,강릉,핫한,candidate,1
2026-05-31,domestic_travel,강릉,헤리티지여행,candidate,1
2026-05-31,domestic_travel,강릉,헤리티지여행 강릉미술관,attraction,1
2026-05-31,domestic_travel,강릉,화천산천어축제,attraction,1
2026-05-31,domestic_travel,강릉,화폐전시,attraction,1
2026-05-31,domestic_travel,강릉,힐링여행,candidate,1
2026-05-31,domestic_travel,강릉,KTX,candidate,1
2026-05-31,domestic_travel,경주,11회,candidate,1
2026-05-31,domestic_travel,경주,1박,candidate,1
2026-05-31,domestic_travel,경주,1박 2일 먹고 쉬고 걷고 다 한 여행 경주,candidate,1
2026-05-31,domestic_travel,경주,2박3일,candidate,1
2026-05-31,domestic_travel,경주,2박3일 여행 DAY2 경주여행 투썸 경주감,candidate,1
2026-05-31,domestic_travel,경주,3시간 넘는 장거리 운전으로 둘 다 곯아떨어,candidate,1
2026-05-31,domestic_travel,경주,가는 법 예약해둔,candidate,1
2026-05-31,domestic_travel,경주,가볼,candidate,2
2026-05-31,domestic_travel,경주,가볼 만한 곳 경주 대릉원 포토존 위치 국제,candidate,1
2026-05-31,domestic_travel,경주,가볼 만한 곳 경주루지월드에서 짜릿한 경험을,candidate,1
2026-05-31,domestic_travel,경주,가볼만한곳 동경의상실은 경주 황리단길 중심에,candidate,1
2026-05-31,domestic_travel,경주,가볼만한곳 봉황대 뮤직스퀘어 인순이,candidate,1
2026-05-31,domestic_travel,경주,가볼만한곳 을 찾고 있다면 6월 주말의 시작,candidate,1
2026-05-31,domestic_travel,경주,가성비,candidate,1
2026-05-31,domestic_travel,경주,가을의,candidate,1
2026-05-31,domestic_travel,경주,가을의 경주 열심히 운전 중인 유챎 감사합니,candidate,1
2026-05-31,domestic_travel,경주,갈 만한 곳 특별한 루지 체험으로 짜릿한 이,candidate,1
2026-05-31,domestic_travel,경주,감성,candidate,1
2026-05-31,domestic_travel,경주,감성 카페 샬라라 동화 속 한 장면 같은 힐,cafe,1
2026-05-31,domestic_travel,경주,거제,candidate,1
2026-05-31,domestic_travel,경주,겨울,candidate,1
2026-05-31,domestic_travel,경주,겨울 2박3일 여행 1일차 여행 기간 25,candidate,1
2026-05-31,domestic_travel,경주,경기 여주 베이커리,cafe,1
2026-05-31,domestic_travel,경주,과자공방,candidate,1
2026-05-31,domestic_travel,경주,귀가 당일치기 라면 감포의 간판 없는,candidate,1
2026-05-31,domestic_travel,경주,금리단길,candidate,1
2026-05-31,domestic_travel,경주,금리단길 디저트 맛집 월정제과 밀푀유,cafe,1
2026-05-31,domestic_travel,경주,기념품,candidate,1
2026-05-31,domestic_travel,경주,까지 넣는 것은 무리가 있습니다 연수회식당,restaurant,1
2026-05-31,domestic_travel,경주,나들이,candidate,1
2026-05-31,domestic_travel,경주,나들이 당일치기 로 다녀오기 좋은 곳 안녕하,candidate,1
2026-05-31,domestic_travel,경주,나들한옥,candidate,1
2026-05-31,domestic_travel,경주,나들한옥 한옥스테이 7만원대 한옥 숙소,travel_spot,1
2026-05-31,domestic_travel,경주,내돈내산 프라이빗경주 호텔,travel_spot,1
2026-05-31,domestic_travel,경주,놀거리로,candidate,1
2026-05-31,domestic_travel,경주,놀거리로 가족과 함께 하는 특별한 체험 이,candidate,1
2026-05-31,domestic_travel,경주,당일치기 갓다왓어 불국사를 먼저 갓는데 먹음,candidate,1
2026-05-31,domestic_travel,경주,당일치기 구경,candidate,1
2026-05-31,domestic_travel,경주,당일치기 라면 감포의 간판 없는 자연산 회 식당,restaurant,1
2026-05-31,domestic_travel,경주,당일치기 여행을 마무리했어요,candidate,1
2026-05-31,domestic_travel,경주,당일치기 저 묘 - 뷰 - 에서 먹은 카눌레,candidate,1
2026-05-31,domestic_travel,경주,당일치기 황리단길 점심은 황남두꺼비에서 먹었,candidate,1
2026-05-31,domestic_travel,경주,대릉원,candidate,2
2026-05-31,domestic_travel,경주,대릉원 감사합니다,candidate,1
2026-05-31,domestic_travel,경주,대릉원 목련 명소와 포토존 위치 및 만개 시,candidate,1
2026-05-31,domestic_travel,경주,대릉원 산책로와 목련 명소로서의 가치 대릉원,candidate,1
2026-05-31,domestic_travel,경주,대릉원 야행 등 여러 전통마을 야간 행사가,candidate,1
2026-05-31,domestic_travel,경주,대추밭백한의원,candidate,1
2026-05-31,domestic_travel,경주,대형,candidate,1
2026-05-31,domestic_travel,경주,대형카페 꽃 맛집 바실라입니다 이곳은 이미,cafe,1
2026-05-31,domestic_travel,경주,데이지 핫플 로 유명하죠 저는,candidate,1
2026-05-31,domestic_travel,경주,독채,candidate,1
2026-05-31,domestic_travel,경주,동경의상실,candidate,1
2026-05-31,domestic_travel,경주,드라마궁촬영장소,candidate,1
2026-05-31,domestic_travel,경주,드라이브를 다녀왔어요 원래 계획은 창원에서,candidate,1
2026-05-31,domestic_travel,경주,떠나는,candidate,1
2026-05-31,domestic_travel,경주,루지월드,candidate,4
2026-05-31,domestic_travel,경주,루지월드 스릴넘치는 액티비티 가볼만한곳,candidate,1
2026-05-31,domestic_travel,경주,면친자의,candidate,1
2026-05-31,domestic_travel,경주,물빛커피,cafe,1
2026-05-31,domestic_travel,경주,바다보며,restaurant,1
2026-05-31,domestic_travel,경주,바다보며 즐기는 해암회식당,restaurant,1
2026-05-31,domestic_travel,경주,바다보며 즐기는 해암회식당 감포 여행 을 계,restaurant,1
2026-05-31,domestic_travel,경주,방문했을 때 꼭 가보고 싶었던 산도 맛집 이,restaurant,1
2026-05-31,domestic_travel,경주,백제왕궁박물관,attraction,1
2026-05-31,domestic_travel,경주,보문단지,candidate,6
2026-05-31,domestic_travel,경주,보문단지 맛집 맛자랑 불국사 근처 한정식 맛,restaurant,1
2026-05-31,domestic_travel,경주,보문단지 맛집 효은옥 경주분점 뼈베레스트 존,restaurant,1
2026-05-31,domestic_travel,경주,보문단지 밥집 약 20가지 푸짐한 한정식 솔,candidate,1
2026-05-31,domestic_travel,경주,북홈경주,candidate,1
2026-05-31,domestic_travel,경주,북홈경주 호스텔 만화책과 함께하는 특별한 숙,candidate,1
2026-05-31,domestic_travel,경주,불국사,candidate,2
2026-05-31,domestic_travel,경주,불국사 방문객 90,candidate,1
2026-05-31,domestic_travel,경주,샬라라 동화 속 한 장면 같은 힐링 공간 커피,cafe,1
2026-05-31,domestic_travel,경주,서부동,candidate,1
2026-05-31,domestic_travel,경주,서부동 빵집 이재원 과자공방,candidate,1
2026-05-31,domestic_travel,경주,서부동 빵집 이재원 과자공방 경주 케이크 가,candidate,1
2026-05-31,domestic_travel,경주,세 곳 중 하나였는데 당일치기 여행 일정으로,candidate,1
2026-05-31,domestic_travel,경주,세계문화유산,candidate,1
2026-05-31,domestic_travel,경주,세계문화유산 시티투어 당일 기차 여행 저는,candidate,1
2026-05-31,domestic_travel,경주,셈이다 아침 부지런히 황리단길에 있는 미피스토어,popup,1
2026-05-31,domestic_travel,경주,숙박,candidate,1
2026-05-31,domestic_travel,경주,시내권에서 이동 시간이 꽤 걸립니다 하루,candidate,1
2026-05-31,domestic_travel,경주,식당,restaurant,1
2026-05-31,domestic_travel,경주,식당 추천 풍미식당,restaurant,1
2026-05-31,domestic_travel,경주,아산축제,attraction,1
2026-05-31,domestic_travel,경주,알아본,candidate,1
2026-05-31,domestic_travel,경주,애견동반,candidate,1
2026-05-31,domestic_travel,경주,애견동반 숙소 통나무펜션 경주통나무애견독채펜,travel_spot,1
2026-05-31,domestic_travel,경주,여주베이커리,cafe,1
2026-05-31,domestic_travel,경주,여행 가신다면 료코 꼭 한 번 방문해보세요,candidate,1
2026-05-31,domestic_travel,경주,여행 동선 잡기 좋았어요,candidate,1
2026-05-31,domestic_travel,경주,여행 에서 숙소 위치는 이동 피로를 크게 줄,travel_spot,1
2026-05-31,domestic_travel,경주,여행 온 기분을 만끽할 수 있었어요 해암회식당,restaurant,1
2026-05-31,domestic_travel,경주,여행 우정 여행,candidate,1
2026-05-31,domestic_travel,경주,여행 을 계획했다 계획하고 제일 먼저 찾아본,candidate,1
2026-05-31,domestic_travel,경주,여행 을 위해 네이버 지도앱에 저장해둔 장소,candidate,1
2026-05-31,domestic_travel,경주,여행 중에 특별한 경험을 원하신다면 경주루지,candidate,1
2026-05-31,domestic_travel,경주,여행 첫 날 아침 일찍 경주 고속버스터미널에,candidate,1
2026-05-31,domestic_travel,경주,연수횟집 표기 병행 식당,restaurant,1
2026-05-31,domestic_travel,경주,영남대 점심 맛집 영대 현지인 제육식당,restaurant,1
2026-05-31,domestic_travel,경주,영대 현지인 제육식당,restaurant,1
2026-05-31,domestic_travel,경주,월드 가보고 싶었지만 혼자 여행이라서 안 갔,candidate,1
2026-05-31,domestic_travel,경주,월드 캘리포니아비치 7월 개장일과 놀이공원,travel_spot,1
2026-05-31,domestic_travel,경주,위한,candidate,1
2026-05-31,domestic_travel,경주,이나 분위기 좋은 식당,restaurant,1
2026-05-31,domestic_travel,경주,이제,candidate,1
2026-05-31,domestic_travel,경주,이치니산도,candidate,1
2026-05-31,domestic_travel,경주,익산 가볼만한 곳 주말여행 백제왕궁박물관,attraction,1
2026-05-31,domestic_travel,경주,일상,candidate,1
2026-05-31,domestic_travel,경주,자전거가 너무 좋았다 5월 2일 포항항 포항,candidate,1
2026-05-31,domestic_travel,경주,전현무계획 시즌3 11회 경주 맛집,restaurant,1
2026-05-31,domestic_travel,경주,제육식당,restaurant,1
2026-05-31,domestic_travel,경주,차 가기싫어서 병결쓰고 2일차에 경주에 뭔 박물관,attraction,1
2026-05-31,domestic_travel,경주,천년의,candidate,1
2026-05-31,domestic_travel,경주,케이크,candidate,1
2026-05-31,domestic_travel,경주,케이크 가성비 솔직 경주과자공방,candidate,1
2026-05-31,domestic_travel,경주,투썸,candidate,1
2026-05-31,domestic_travel,경주,투어,candidate,1
2026-05-31,domestic_travel,경주,특유의 감성이 가득 맛집이나 분위기 좋은 식,restaurant,1
2026-05-31,domestic_travel,경주,포항 날 당일치기 로 떠나기 부산 출발,candidate,1
2026-05-31,domestic_travel,경주,품은,candidate,1
2026-05-31,domestic_travel,경주,한옥식당,restaurant,1
2026-05-31,domestic_travel,경주,한옥카페 바실라 경주사진명소,cafe,1
2026-05-31,domestic_travel,경주,현지인,candidate,1
2026-05-31,domestic_travel,경주,현지인 맛집 박용자경주명동쫄면 내돈내산 면친,restaurant,1
2026-05-31,domestic_travel,경주,현지인 쫄면 맛집을 다녀왔어요 경주 박용자경,restaurant,1
2026-05-31,domestic_travel,경주,혼자,candidate,1
2026-05-31,domestic_travel,경주,혼자 여행 1박 2일로 완벽하게 즐기는 감성,candidate,1
2026-05-31,domestic_travel,경주,황룡원,candidate,1
2026-05-31,domestic_travel,경주,황룡원 전통혼례,candidate,1
2026-05-31,domestic_travel,경주,황리단길,candidate,2
2026-05-31,domestic_travel,경주,황리단길 맛집 료코 안심카츠,restaurant,1
2026-05-31,domestic_travel,경주,황리단길 산도 맛집 이에요 제가 산도를 너무,restaurant,1
2026-05-31,domestic_travel,경주,효은옥,candidate,1
2026-05-31,domestic_travel,경주,DAY2,candidate,1
2026-05-31,domestic_travel,경주,in,candidate,1
2026-05-31,domestic_travel,경주,Ma-dong에서,candidate,1
2026-05-31,domestic_travel,광주,1박2일 나들이 본격적인 무더위가 시작되기,candidate,1
2026-05-31,domestic_travel,광주,1박2일여행 1일차 산수쌈밥,candidate,1
2026-05-31,domestic_travel,광주,2 경기도 광주 식당부터 카페,cafe,1
2026-05-31,domestic_travel,광주,20살 때부터 좋아하던 공간인데 달라진거 없,candidate,1
2026-05-31,domestic_travel,광주,6월 3일 전까지 꼭 방문해 보세요 외부 카페,cafe,1
2026-05-31,domestic_travel,광주,가볼만한곳 6월 율봄식물원 수국 축제,attraction,1
2026-05-31,domestic_travel,광주,가볼만한곳 6월 율봄식물원 수국 축제 및 토,attraction,1
2026-05-31,domestic_travel,광주,가볼만한곳 화담숲 여름 수국 축제,attraction,1
2026-05-31,domestic_travel,광주,가볼만한곳 화담숲 여름 수국 축제 예매 및,attraction,1
2026-05-31,domestic_travel,광주,가사문학면,candidate,1
2026-05-31,domestic_travel,광주,경기,candidate,1
2026-05-31,domestic_travel,광주,경기도,candidate,3
2026-05-31,domestic_travel,광주,경기도 광주 가볼만한곳 화담숲 여름 수국 축제,attraction,1
2026-05-31,domestic_travel,광주,곤지암리조트,travel_spot,1
2026-05-31,domestic_travel,광주,과 이동 시간을 줄이기 좋음 가족 여행 연화식당,restaurant,1
2026-05-31,domestic_travel,광주,광산구,candidate,1
2026-05-31,domestic_travel,광주,광산구 가볼만한곳 베스트 10 황룡강 장록습,candidate,1
2026-05-31,domestic_travel,광주,광산구 송정로8번길 2 월요일,candidate,1
2026-05-31,domestic_travel,광주,국가 AI 데이터센터와 팩토리X 서울 자체,candidate,1
2026-05-31,domestic_travel,광주,근교 드라이브 가볼 만한 곳 고창 청농원 라,candidate,1
2026-05-31,domestic_travel,광주,근교 차박 노지 캠핑 명소 베스트 10 총정,candidate,1
2026-05-31,domestic_travel,광주,근교 촌캉스 담양 다경하녹 전라도 촌캉스 솔,candidate,1
2026-05-31,domestic_travel,광주,근교 촌캉스 담양읍에서 멀리 떨어지지 않아,candidate,1
2026-05-31,domestic_travel,광주,근교로 이색적인 나들이를 계획하고 계신 분들,candidate,1
2026-05-31,domestic_travel,광주,기도 광주 가볼만한곳 6월 율봄식물원 수국 축제,attraction,1
2026-05-31,domestic_travel,광주,나나방콕,candidate,1
2026-05-31,domestic_travel,광주,내돈내산 안녕하세요 쭈꿈씨입니다 주말에 양동시장,travel_spot,1
2026-05-31,domestic_travel,광주,놀이방식당,restaurant,1
2026-05-31,domestic_travel,광주,는 매번 바뀌는데 이번에 전시,attraction,1
2026-05-31,domestic_travel,광주,다녀오고,candidate,1
2026-05-31,domestic_travel,광주,닭갈비,candidate,1
2026-05-31,domestic_travel,광주,담양베이커리,cafe,1
2026-05-31,domestic_travel,광주,당일치기 포스팅을 하도록 하겠습니당,candidate,1
2026-05-31,domestic_travel,광주,데려감,candidate,1
2026-05-31,domestic_travel,광주,동구리호수공원,travel_spot,1
2026-05-31,domestic_travel,광주,돼지국밥,candidate,1
2026-05-31,domestic_travel,광주,돼지국밥 식당 송정역 시장,restaurant,1
2026-05-31,domestic_travel,광주,드라이브 가볼 만한 곳 고창 청농원 라벤더 축제,attraction,1
2026-05-31,domestic_travel,광주,들과 함께 첨단 핫플 마녀의 닭갈비 첨단쌍암공원,travel_spot,1
2026-05-31,domestic_travel,광주,뚜벅이가,candidate,1
2026-05-31,domestic_travel,광주,록빛 산책로가 아름다운 곳 많아서 산책 후 커피,cafe,1
2026-05-31,domestic_travel,광주,목포 버스터미널 인천 부산 고속버스 타고 국,candidate,1
2026-05-31,domestic_travel,광주,무등산 증심사 산책로 포레스트 뷰 미술관,attraction,1
2026-05-31,domestic_travel,광주,무안 노란 문이 반겨주는 감성 공간 앨리스 커피,cafe,1
2026-05-31,domestic_travel,광주,무안앨리스커피,cafe,1
2026-05-31,domestic_travel,광주,문흥동,candidate,1
2026-05-31,domestic_travel,광주,문흥동 맛집 수초밥 다녀왔어요 도로이용,restaurant,1
2026-05-31,domestic_travel,광주,미술관,attraction,1
2026-05-31,domestic_travel,광주,복호두,candidate,1
2026-05-31,domestic_travel,광주,본점,candidate,1
2026-05-31,domestic_travel,광주,불고기피자+삼겹살,restaurant,1
2026-05-31,domestic_travel,광주,사와로베이커리,cafe,1
2026-05-31,domestic_travel,광주,서구,candidate,1
2026-05-31,domestic_travel,광주,솔직,candidate,1
2026-05-31,domestic_travel,광주,송정매일시장,travel_spot,1
2026-05-31,domestic_travel,광주,송정시장,travel_spot,1
2026-05-31,domestic_travel,광주,송정역,candidate,3
2026-05-31,domestic_travel,광주,송정역 근처 빵집 썬베이커리,cafe,1
2026-05-31,domestic_travel,광주,송정역 근처 빵집 썬베이커리 착한 가게 방문,cafe,1
2026-05-31,domestic_travel,광주,송정역 맛집 시장,restaurant,1
2026-05-31,domestic_travel,광주,송정역 맛집 시장국밥 전현무계획3도 반한 3,restaurant,1
2026-05-31,domestic_travel,광주,송정역 점심 맛집 슈퍼크리스피에서 햄버거 먹,restaurant,1
2026-05-31,domestic_travel,광주,식당부터,restaurant,1
2026-05-31,domestic_travel,광주,식당부터 카페까지 오늘의 당일치기 드라이브,cafe,1
2026-05-31,domestic_travel,광주,쌍암공원,travel_spot,1
2026-05-31,domestic_travel,광주,아이랑,candidate,1
2026-05-31,domestic_travel,광주,아이랑 가기 좋은 캠핑바베큐 헬로우텍사스 솔,restaurant,1
2026-05-31,domestic_travel,광주,앨리스커피,cafe,1
2026-05-31,domestic_travel,광주,야장,candidate,1
2026-05-31,domestic_travel,광주,야장 해방촌 사진으로만 봤을 때도 분위기가,candidate,1
2026-05-31,domestic_travel,광주,야장 해방촌 포장마차 감성 찐 맛집 뼈찜세트,restaurant,1
2026-05-31,domestic_travel,광주,양림동,candidate,1
2026-05-31,domestic_travel,광주,양림동 맛집 유소바 양림본점 안키모동 자루소,restaurant,1
2026-05-31,domestic_travel,광주,여름꽃축제,attraction,1
2026-05-31,domestic_travel,광주,연화식당,restaurant,1
2026-05-31,domestic_travel,광주,연화식당 혼밥 육전 때문에 찾았다가 오히려,restaurant,1
2026-05-31,domestic_travel,광주,옛 전남도청 전시,attraction,1
2026-05-31,domestic_travel,광주,오치동,candidate,1
2026-05-31,domestic_travel,광주,오치동 북구 양식 맛집 분위기 좋은 대형 브,restaurant,1
2026-05-31,domestic_travel,광주,용봉동,candidate,2
2026-05-31,domestic_travel,광주,용봉동 맛집 구전국밥 화끈한 전라도 할맵김치,restaurant,1
2026-05-31,domestic_travel,광주,용봉동 전철우사거리 맛집 황금회포차 광주용봉,restaurant,1
2026-05-31,domestic_travel,광주,육전,candidate,1
2026-05-31,domestic_travel,광주,의재미술관,attraction,1
2026-05-31,domestic_travel,광주,이씨,candidate,1
2026-05-31,domestic_travel,광주,이씨 태그 Tag,candidate,1
2026-05-31,domestic_travel,광주,이와 가볼만한곳 국내 최초 함평양서파충류생태공원,travel_spot,1
2026-05-31,domestic_travel,광주,인연,candidate,1
2026-05-31,domestic_travel,광주,인크커피,cafe,1
2026-05-31,domestic_travel,광주,장미공원,travel_spot,1
2026-05-31,domestic_travel,광주,재방문,candidate,1
2026-05-31,domestic_travel,광주,전남,candidate,1
2026-05-31,domestic_travel,광주,전남도청전시,attraction,1
2026-05-31,domestic_travel,광주,전시,attraction,1
2026-05-31,domestic_travel,광주,전현무계획,candidate,2
2026-05-31,domestic_travel,광주,전현무계획 광주 육전 맛집 연화식당,restaurant,1
2026-05-31,domestic_travel,광주,전현무계획3,candidate,1
2026-05-31,domestic_travel,광주,전현무계획3 광주 돼지국밥 식당 송정역 시장,restaurant,1
2026-05-31,domestic_travel,광주,점심세트,candidate,1
2026-05-31,domestic_travel,광주,조선대학교,candidate,1
2026-05-31,domestic_travel,광주,조선대학교 장미공원 축제,attraction,1
2026-05-31,domestic_travel,광주,좋은,candidate,1
2026-05-31,domestic_travel,광주,창억떡,candidate,1
2026-05-31,domestic_travel,광주,창억떡집,candidate,1
2026-05-31,domestic_travel,광주,창억떡집 본점 광주 창억떡 호박인절미 창억떡,candidate,1
2026-05-31,domestic_travel,광주,챔피언스필드,candidate,1
2026-05-31,domestic_travel,광주,챔피언스필드 최신유행 먹거리,candidate,1
2026-05-31,domestic_travel,광주,첨단,candidate,3
2026-05-31,domestic_travel,광주,첨단 맛집 나나방콕 광주첨단점,restaurant,1
2026-05-31,domestic_travel,광주,첨단 맛집 오덴 분위기와 맛에 취하고 연어,restaurant,1
2026-05-31,domestic_travel,광주,첨단 맛집 친구들과 다녀온 찐 맛집 마녀의,restaurant,1
2026-05-31,domestic_travel,광주,초록빛,candidate,1
2026-05-31,domestic_travel,광주,초록빛 정원이 반겨주는 곳 동곡 카페 더 비,cafe,1
2026-05-31,domestic_travel,광주,총정리 송정5일시장,travel_spot,1
2026-05-31,domestic_travel,광주,최애 베이글 집도 그대로고 acc도 그대로 전시,attraction,1
2026-05-31,domestic_travel,광주,충장로,candidate,1
2026-05-31,domestic_travel,광주,충장로 치맥 맛집 하울링 HOWLING 테라,restaurant,1
2026-05-31,domestic_travel,광주,태전동,candidate,1
2026-05-31,domestic_travel,광주,태전동 맛집 매콤 탱글 태전아구찜 낙지 추가,restaurant,1
2026-05-31,domestic_travel,광주,특별한,candidate,1
2026-05-31,domestic_travel,광주,특별한 경험을 선사하는 매력적인 도시 이야기,candidate,1
2026-05-31,domestic_travel,광주,풍암체육공원,travel_spot,1
2026-05-31,domestic_travel,광주,하남 광주곱창 맛집 곱창촌 우산점 모듬구이,restaurant,1
2026-05-31,domestic_travel,광주,하늘공원,travel_spot,1
2026-05-31,domestic_travel,광주,하늘공원 동명동 캐치스피자,travel_spot,1
2026-05-31,domestic_travel,광주,한신포차,candidate,1
2026-05-31,domestic_travel,광주,화담숲수국축제,attraction,1
2026-05-31,domestic_travel,광주,황금회포차,candidate,1
2026-05-31,domestic_travel,광주,회식을 하기에도 부족함이 없어 보였어요 경안시장,travel_spot,1
2026-05-31,domestic_travel,광주,히든오아시스,candidate,1
2026-05-31,domestic_travel,대구,1박2일 - 대구소품샵투어 10군데 것을 추,candidate,1
2026-05-31,domestic_travel,대구,2호점,candidate,1
2026-05-31,domestic_travel,대구,3시간 율하체육공원,travel_spot,1
2026-05-31,domestic_travel,대구,6기,candidate,1
2026-05-31,domestic_travel,대구,6시내고향맛집,restaurant,1
2026-05-31,domestic_travel,대구,가면 방앗간처럼 들러주는 부산여행 과연 부산,candidate,1
2026-05-31,domestic_travel,대구,가볼만한곳 대구꽃박람회,attraction,1
2026-05-31,domestic_travel,대구,가볼만한곳 대구꽃박람회 엑스코 대구 데이트,attraction,1
2026-05-31,domestic_travel,대구,가창,candidate,1
2026-05-31,domestic_travel,대구,감삼,candidate,1
2026-05-31,domestic_travel,대구,감삼역,candidate,1
2026-05-31,domestic_travel,대구,감삼역 호텔,travel_spot,1
2026-05-31,domestic_travel,대구,감삼역 호텔 파인트리,travel_spot,1
2026-05-31,domestic_travel,대구,경대북문,candidate,1
2026-05-31,domestic_travel,대구,경대북문 맛집 도토리원돈까스 내돈내산 솔직후,restaurant,1
2026-05-31,domestic_travel,대구,계원닭집,candidate,1
2026-05-31,domestic_travel,대구,고기집을 찾는다면 대봉교역 근처에 위치한 우,restaurant,1
2026-05-31,domestic_travel,대구,고창 고인돌박물관,attraction,1
2026-05-31,domestic_travel,대구,과학마술콘서트,candidate,1
2026-05-31,domestic_travel,대구,과학마술콘서트 아이와 특별한 주말을 보내고,candidate,1
2026-05-31,domestic_travel,대구,광주 목포 버스터미널 인천 부산 고속버스 타,candidate,1
2026-05-31,domestic_travel,대구,교동,candidate,4
2026-05-31,domestic_travel,대구,교동 남포,candidate,1
2026-05-31,domestic_travel,대구,교동 맛집 대구 교동 조개구이 맛집 남포 교,restaurant,1
2026-05-31,domestic_travel,대구,교동 맛집 한빠 한식에 빠진 대구 시청 점심,restaurant,1
2026-05-31,domestic_travel,대구,교동 술집 교동 조개구이,restaurant,1
2026-05-31,domestic_travel,대구,구지점 I 낙동강 뷰 단호박케이크 맛집,restaurant,1
2026-05-31,domestic_travel,대구,국수 다녀와봄 요즘 인스타에 엄청 뜨는 서문시장,travel_spot,1
2026-05-31,domestic_travel,대구,군위,candidate,1
2026-05-31,domestic_travel,대구,근교 당일치기 장소 찾는 분들한테 완전,candidate,1
2026-05-31,domestic_travel,대구,근교 무료 노지캠핑 취사 가능 분,candidate,1
2026-05-31,domestic_travel,대구,근교 힐링 여행 부모님과 가기 좋은 현풍 비,candidate,1
2026-05-31,domestic_travel,대구,근교 ATV 서바이벌 여기서 꼭 경험해야 할,restaurant,1
2026-05-31,domestic_travel,대구,근교로 나들이 갈 만한 곳을 찾다가 완전 취,candidate,1
2026-05-31,domestic_travel,대구,근처,candidate,1
2026-05-31,domestic_travel,대구,기념일식당,restaurant,1
2026-05-31,domestic_travel,대구,김해공항,candidate,1
2026-05-31,domestic_travel,대구,까미생막창,candidate,1
2026-05-31,domestic_travel,대구,까지,candidate,1
2026-05-31,domestic_travel,대구,꼬막짬뽕,candidate,1
2026-05-31,domestic_travel,대구,꼬막짬뽕 맛집 다녀온,restaurant,1
2026-05-31,domestic_travel,대구,꽃구경,candidate,1
2026-05-31,domestic_travel,대구,꽤나 들어간 편이 많은데 오늘은 대구 칠성시장,travel_spot,1
2026-05-31,domestic_travel,대구,날씨 정말 여름이 성큼 아이랑 가볼만한곳 찾,candidate,1
2026-05-31,domestic_travel,대구,냄비에 끼려온 라면까지 식사로 먹어주면 완벽,candidate,1
2026-05-31,domestic_travel,대구,노포감성,candidate,1
2026-05-31,domestic_travel,대구,노포감성 제대로인 칠성시작 연탄불고기 찐 맛,restaurant,1
2026-05-31,domestic_travel,대구,다 오늘은 대구에서 유명한 삼덕동 횟집 칠성시장,travel_spot,1
2026-05-31,domestic_travel,대구,다녀왔던 날 귀여운 부자 종이접기 책 커밍쑨,candidate,1
2026-05-31,domestic_travel,대구,다녀왔던 일기 포스팅 할게요 대구 현지인 친,candidate,1
2026-05-31,domestic_travel,대구,단골식당,restaurant,2
2026-05-31,domestic_travel,대구,달서구,candidate,2
2026-05-31,domestic_travel,대구,달서구 선원로53길 34-18 https n,candidate,1
2026-05-31,domestic_travel,대구,달서구 용산1동 멍도리입니당 대구 달서구 용,candidate,1
2026-05-31,domestic_travel,대구,달서구 초복 맛집 홍이네대왕조개전골 조개삼계,restaurant,1
2026-05-31,domestic_travel,대구,달성공원,travel_spot,1
2026-05-31,domestic_travel,대구,당일치기 가 궁금하다면 4월 29일 블로그를,candidate,1
2026-05-31,domestic_travel,대구,당일치기 돌아다니다가 일터도 보고 친정팀 본,candidate,1
2026-05-31,domestic_travel,대구,당일치기 레츠가 기릿입니다,candidate,1
2026-05-31,domestic_travel,대구,당일치기 를 갔는데 여행지 도장깨기하고 내,candidate,1
2026-05-31,domestic_travel,대구,당일치기 를 떠나보았어요 생일 숫자로 맞춤,candidate,1
2026-05-31,domestic_travel,대구,당일치기 여행 세연콩국 불로동고분군 대구 더,candidate,1
2026-05-31,domestic_travel,대구,당일치기 여행 이번 여행은 아주 즉흥적으로,candidate,1
2026-05-31,domestic_travel,대구,대프리카,candidate,1
2026-05-31,domestic_travel,대구,대프리카 되기 전 대구 당일치기 야당 낭만,candidate,1
2026-05-31,domestic_travel,대구,대한양꼬치 2호점 대구 동구 각산동 양꼬치 맛집,restaurant,1
2026-05-31,domestic_travel,대구,데이트,candidate,1
2026-05-31,domestic_travel,대구,동구,candidate,1
2026-05-31,domestic_travel,대구,동구 각산동 양꼬치 맛집 마라양갈비,restaurant,1
2026-05-31,domestic_travel,대구,동성로,candidate,4
2026-05-31,domestic_travel,대구,동성로 맛집 고메스퀘어,restaurant,1
2026-05-31,domestic_travel,대구,동성로 맛집 밥집 카페동이 동성로본점 든든한,cafe,1
2026-05-31,domestic_travel,대구,동성로 삼겹살 맛집 참한집 종로점 돼지껍데기,restaurant,1
2026-05-31,domestic_travel,대구,동성로식당,restaurant,1
2026-05-31,domestic_travel,대구,동성로카페 애견동반카페 무던 대구 중구 달구,cafe,1
2026-05-31,domestic_travel,대구,동촌,candidate,1
2026-05-31,domestic_travel,대구,드라이브,candidate,1
2026-05-31,domestic_travel,대구,뚜벅이,candidate,1
2026-05-31,domestic_travel,대구,뚜벅이 혼자 당일치기 여행 가볼만한곳,candidate,1
2026-05-31,domestic_travel,대구,룰리커피,cafe,1
2026-05-31,domestic_travel,대구,룸식당,restaurant,1
2026-05-31,domestic_travel,대구,를 찾고 있다면 서화무진 전시,attraction,1
2026-05-31,domestic_travel,대구,먹으러,candidate,1
2026-05-31,domestic_travel,대구,명산,candidate,1
2026-05-31,domestic_travel,대구,미술관,attraction,1
2026-05-31,domestic_travel,대구,및 부산 지역의 맛집 을 리뷰하는 맛집 전문,restaurant,1
2026-05-31,domestic_travel,대구,범어동,candidate,1
2026-05-31,domestic_travel,대구,범어동 맛집 수제버거 아이랑 가기 좋은 다운,restaurant,1
2026-05-31,domestic_travel,대구,법원,candidate,1
2026-05-31,domestic_travel,대구,법원 맛집 직장인 맛집 하루우동 대구범어점,restaurant,1
2026-05-31,domestic_travel,대구,베스트,candidate,1
2026-05-31,domestic_travel,대구,베이커리,cafe,1
2026-05-31,domestic_travel,대구,베트남 음식 맛집 은 생각보다 개개인의 개성,restaurant,1
2026-05-31,domestic_travel,대구,본리동,candidate,1
2026-05-31,domestic_travel,대구,본리동 맛집 미카도스시 회전초밥집 내돈내산리,restaurant,1
2026-05-31,domestic_travel,대구,본점,candidate,1
2026-05-31,domestic_travel,대구,북구,candidate,2
2026-05-31,domestic_travel,대구,북구 맛집 고급스러운 분위기에서 가족외식 보,restaurant,1
2026-05-31,domestic_travel,대구,북성로,candidate,1
2026-05-31,domestic_travel,대구,북성로 맛집 원조북성로우동불고기 현지인,restaurant,1
2026-05-31,domestic_travel,대구,불로동고분군,candidate,1
2026-05-31,domestic_travel,대구,비슬산,candidate,1
2026-05-31,domestic_travel,대구,빙수,candidate,1
2026-05-31,domestic_travel,대구,빙수 맛집 동성로카페 바닐라크럼브 양쯔깐루빙,cafe,1
2026-05-31,domestic_travel,대구,빙수 맛집 서문시장,restaurant,1
2026-05-31,domestic_travel,대구,빠진,candidate,1
2026-05-31,domestic_travel,대구,사람 부럽다,candidate,1
2026-05-31,domestic_travel,대구,산1동 멍도리입니당 대구 달서구 용산동 용산시장,travel_spot,1
2026-05-31,domestic_travel,대구,삼덕동,candidate,3
2026-05-31,domestic_travel,대구,삼덕동 맛집 온담 본점 대구 샤브샤브 편백찜,restaurant,1
2026-05-31,domestic_travel,대구,삼덕동 커알못도 반한 커피 맛집 수평적관계,cafe,1
2026-05-31,domestic_travel,대구,삼덕동카페 동인동카페 조르바삼덕 좋아서 매장,cafe,1
2026-05-31,domestic_travel,대구,삼성라이온즈파크 원정응원석 1-4 맛집,restaurant,1
2026-05-31,domestic_travel,대구,상인역,candidate,1
2026-05-31,domestic_travel,대구,상인역 맛집 삼삼마라 본점 로제마라샹궈 마라,restaurant,1
2026-05-31,domestic_travel,대구,샤브샤브,candidate,1
2026-05-31,domestic_travel,대구,서구,candidate,2
2026-05-31,domestic_travel,대구,서구 평리동 영이식당,restaurant,1
2026-05-31,domestic_travel,대구,서구 평리동 영이식당 재방문 역시 든든한 콩,restaurant,1
2026-05-31,domestic_travel,대구,서문시장,travel_spot,6
2026-05-31,domestic_travel,대구,서문시장 나들이,travel_spot,1
2026-05-31,domestic_travel,대구,서문시장 맛집 빨간어묵 원조 맛집 부산어묵장,restaurant,1
2026-05-31,domestic_travel,대구,서문시장 먹거리 고소함 폭발 겉바속촉 추억의,restaurant,1
2026-05-31,domestic_travel,대구,서문시장 블루리본 합천할매손칼국수 다녀와봄,travel_spot,1
2026-05-31,domestic_travel,대구,서문시장야시장,travel_spot,1
2026-05-31,domestic_travel,대구,석대동 77 전화 앞에서 볼 수 있어서 아이,candidate,1
2026-05-31,domestic_travel,대구,세천,candidate,1
2026-05-31,domestic_travel,대구,세천 맛집 한상바다 다사점에 다녀와보니 실제,restaurant,1
2026-05-31,domestic_travel,대구,수성구,candidate,3
2026-05-31,domestic_travel,대구,수성구 다이닝,restaurant,1
2026-05-31,domestic_travel,대구,수성구 다이닝& 분위기 좋은 범어동 와인바_,restaurant,1
2026-05-31,domestic_travel,대구,수성구 신천시장,travel_spot,1
2026-05-31,domestic_travel,대구,수성구 신천시장 양고기 스프카레 맛집 바를램,restaurant,1
2026-05-31,domestic_travel,대구,수성시장,travel_spot,1
2026-05-31,domestic_travel,대구,수플레팬케이크,candidate,1
2026-05-31,domestic_travel,대구,술집,restaurant,1
2026-05-31,domestic_travel,대구,술집 맛집 이었어요,restaurant,1
2026-05-31,domestic_travel,대구,슬로우벗베럴,candidate,1
2026-05-31,domestic_travel,대구,슬로우벗베럴 대구점 대구대형카페 근교 베이커리,cafe,1
2026-05-31,domestic_travel,대구,시내,candidate,1
2026-05-31,domestic_travel,대구,시티투어,candidate,1
2026-05-31,domestic_travel,대구,신세계,candidate,1
2026-05-31,domestic_travel,대구,신세계대구식당,restaurant,1
2026-05-31,domestic_travel,대구,아이랑,candidate,2
2026-05-31,domestic_travel,대구,아이랑 가볼 만한 곳 퀄리티 대박인데 무료인,candidate,1
2026-05-31,domestic_travel,대구,아이랑동성로식당,restaurant,1
2026-05-31,domestic_travel,대구,앞산,candidate,1
2026-05-31,domestic_travel,대구,앞산레스토랑,restaurant,1
2026-05-31,domestic_travel,대구,양갈비,candidate,1
2026-05-31,domestic_travel,대구,양갈비 맛집 으로 유명한 청년 양고기 집에,restaurant,1
2026-05-31,domestic_travel,대구,어니스트밀로,candidate,1
2026-05-31,domestic_travel,대구,언니랑,candidate,1
2026-05-31,domestic_travel,대구,언니랑 대전 당일치기 여행 쌈 계속 싸먹어버,candidate,1
2026-05-31,domestic_travel,대구,엑스코,candidate,1
2026-05-31,domestic_travel,대구,여행 1일차 서문시장,travel_spot,1
2026-05-31,domestic_travel,대구,여행 1일차 서문시장 동성로 다음에도 꼭 들,travel_spot,1
2026-05-31,domestic_travel,대구,여행코스 대구,candidate,1
2026-05-31,domestic_travel,대구,역전할머니맥주,candidate,1
2026-05-31,domestic_travel,대구,연탄돼지불고기 대구광역시 북구 칠성시장,restaurant,1
2026-05-31,domestic_travel,대구,영남대 점심 맛집 영대 현지인 제육식당,restaurant,1
2026-05-31,domestic_travel,대구,영대 현지인 제육식당,restaurant,1
2026-05-31,domestic_travel,대구,오늘의 핫플 영남대 점심 맛집 영대 현지인,restaurant,1
2026-05-31,domestic_travel,대구,오미가미거리,candidate,1
2026-05-31,domestic_travel,대구,오미가미거리 야장 감성 제대로인 산오징어 맛,candidate,1
2026-05-31,domestic_travel,대구,완성시켜준,candidate,1
2026-05-31,domestic_travel,대구,원대동,candidate,1
2026-05-31,domestic_travel,대구,웨딩,candidate,1
2026-05-31,domestic_travel,대구,웨딩 박람회,attraction,1
2026-05-31,domestic_travel,대구,유모차,candidate,1
2026-05-31,domestic_travel,대구,유모차 동반 맛집 크리스탈제이드 내돈내산 솔,restaurant,1
2026-05-31,domestic_travel,대구,육개장,candidate,1
2026-05-31,domestic_travel,대구,육개장 맛집 진하고 깊은 국물로 완벽한 해장,restaurant,1
2026-05-31,domestic_travel,대구,읍성 서쪽 문 밖에 있다고 해서 붙여진 이름,candidate,1
2026-05-31,domestic_travel,대구,의 새로운 매력을 만나는 대구에서 감성적인 전시,attraction,1
2026-05-31,domestic_travel,대구,이색,candidate,1
2026-05-31,domestic_travel,대구,이색 카페 팻말을 볼 수 있으니 확인하시고,cafe,1
2026-05-31,domestic_travel,대구,이탈리안레스토랑,restaurant,1
2026-05-31,domestic_travel,대구,인의,candidate,1
2026-05-31,domestic_travel,대구,자연속에서,candidate,1
2026-05-31,domestic_travel,대구,작년에는 거의 부산에서 살았었는데 이번에는,candidate,1
2026-05-31,domestic_travel,대구,잖아요 근데 대구역에서 내리면 동성로와 서문시장,travel_spot,1
2026-05-31,domestic_travel,대구,저희 가족은 모두 엄지척,candidate,1
2026-05-31,domestic_travel,대구,전격 방문 어버이날 카네이션은 드려야하니까,candidate,1
2026-05-31,domestic_travel,대구,전남 고창 여행 1 - 고창고인돌박물관,attraction,1
2026-05-31,domestic_travel,대구,전시,attraction,1
2026-05-31,domestic_travel,대구,전시 대구 전시,attraction,1
2026-05-31,domestic_travel,대구,제천 여행 숙소 청풍리조트레이크호텔,travel_spot,1
2026-05-31,domestic_travel,대구,조개구이,candidate,1
2026-05-31,domestic_travel,대구,조개구이 맛집 교동에서 즐긴 남포 해산물과,restaurant,1
2026-05-31,domestic_travel,대구,조문국박물관,attraction,1
2026-05-31,domestic_travel,대구,조합,candidate,1
2026-05-31,domestic_travel,대구,좀치네,candidate,1
2026-05-31,domestic_travel,대구,좋은,candidate,1
2026-05-31,domestic_travel,대구,좋은 범어동 와인바_ 로쏘 ROSSO 대구레스토랑,restaurant,1
2026-05-31,domestic_travel,대구,주말 대구 서문시장,travel_spot,1
2026-05-31,domestic_travel,대구,중구 봉산문화길 43,candidate,1
2026-05-31,domestic_travel,대구,중동1로 39 2층,candidate,1
2026-05-31,domestic_travel,대구,지하 1층 홍콩식 와플 까이딴자이 맛집,restaurant,1
2026-05-31,domestic_travel,대구,초록도,candidate,1
2026-05-31,domestic_travel,대구,초록도 대구 향수 공방,candidate,1
2026-05-31,domestic_travel,대구,최가네,candidate,1
2026-05-31,domestic_travel,대구,최가네 제과 와그작 케이크 찐,candidate,1
2026-05-31,domestic_travel,대구,출장 간 김에 요즘 인스타에서 핫한 남대문시장,travel_spot,1
2026-05-31,domestic_travel,대구,칠성동 맛집 칠성시장,restaurant,1
2026-05-31,domestic_travel,대구,칠성시장 근처 맛집 대구 북구 쌀국수집 왓타,restaurant,1
2026-05-31,domestic_travel,대구,칠성시장단골식당,restaurant,1
2026-05-31,domestic_travel,대구,카페거리,cafe,1
2026-05-31,domestic_travel,대구,태능집,candidate,1
2026-05-31,domestic_travel,대구,태능집 북성로불고기&우동 대구에 방문한다면,restaurant,1
2026-05-31,domestic_travel,대구,파라다이스호텔,travel_spot,1
2026-05-31,domestic_travel,대구,펍 맛집 이 자리잡고 있다 또한 경상감영공원,restaurant,1
2026-05-31,domestic_travel,대구,푸짐함,candidate,1
2026-05-31,domestic_travel,대구,퓌레와 크림들까지 믿고 먹을 수 있는 서문시장,travel_spot,1
2026-05-31,domestic_travel,대구,프렌즈 6기 대구 앞산 카페,cafe,1
2026-05-31,domestic_travel,대구,하는 게 우리 부모들의 숙명인 것 칠곡보생태공원,travel_spot,1
2026-05-31,domestic_travel,대구,하루우동,candidate,1
2026-05-31,domestic_travel,대구,한곳 6월 충남 가볼만한곳 서천 장항항 꼴갑축제,attraction,1
2026-05-31,domestic_travel,대구,한식 들안길 한식 남도명가 대구가족외식,candidate,1
2026-05-31,domestic_travel,대구,핫플 대구빙수 맛집 서문시장,restaurant,1
2026-05-31,domestic_travel,대구,향수,candidate,1
2026-05-31,domestic_travel,대구,향수 공방 향기로 기억되는 특별한 하루 향수,candidate,1
2026-05-31,domestic_travel,대구,향수공방,candidate,1
2026-05-31,domestic_travel,대구,현지인,candidate,2
2026-05-31,domestic_travel,대구,현풍 비슬산 참숯굴 숯가마 찜질부터 삼겹살 식당,restaurant,1
2026-05-31,domestic_travel,대구,홍콩다방 해운대점 주소 부산 해운대구 해운대해변,travel_spot,1
2026-05-31,domestic_travel,대구,히어히어,candidate,1
2026-05-31,domestic_travel,대구,히어히어 프렌즈홈 너무 오랜만에 방문했,candidate,1
2026-05-31,domestic_travel,대구,t 전기차 급속충전 첫 목적지 고창 고인돌 박물관,attraction,1
2026-05-31,domestic_travel,대전,14 제24회 광안리어방축제,attraction,1
2026-05-31,domestic_travel,대전,24시식당,restaurant,1
2026-05-31,domestic_travel,대전,5월 31일까지 오늘까지 진행하는 대전 맥주축제,attraction,1
2026-05-31,domestic_travel,대전,5월축제,attraction,1
2026-05-31,domestic_travel,대전,가기 일주일 전 부산 1박2일 알바 공,restaurant,1
2026-05-31,domestic_travel,대전,가볼만한 곳 한밭수목원,candidate,1
2026-05-31,domestic_travel,대전,가서,candidate,1
2026-05-31,domestic_travel,대전,가성비식당,restaurant,1
2026-05-31,domestic_travel,대전,간 거라서 기빨려서 많이 못 돌아다님 저 모,candidate,1
2026-05-31,domestic_travel,대전,감성까지 오카맨션키즈&애견리조트,travel_spot,1
2026-05-31,domestic_travel,대전,감성식당,restaurant,1
2026-05-31,domestic_travel,대전,갓포회담,candidate,1
2026-05-31,domestic_travel,대전,계족산 황톳길 처음 맨발,candidate,1
2026-05-31,domestic_travel,대전,공격적 유치 과거에는 SNS에서 화제가 된 맛집,restaurant,1
2026-05-31,domestic_travel,대전,괴정동,candidate,1
2026-05-31,domestic_travel,대전,국립중앙과학관 구경 후 대청호 장미축제가 오,attraction,1
2026-05-31,domestic_travel,대전,근교 바다 여행 충남 서천 해수욕장 + 공원,restaurant,1
2026-05-31,domestic_travel,대전,근교 여행 가족펜션으로 제격 본채까지 갈 필,travel_spot,1
2026-05-31,domestic_travel,대전,근교라서 주변에 가볼만한곳 도 많고 여행의,candidate,1
2026-05-31,domestic_travel,대전,꾸드뱅 에그타르트,candidate,1
2026-05-31,domestic_travel,대전,꾸드뱅에 다녀왔다 사실 이곳은 이미 에그타르,candidate,1
2026-05-31,domestic_travel,대전,나들이도 가기로 몇개월 만에 만나도 어색하지,candidate,1
2026-05-31,domestic_travel,대전,남원 나들이 두레식당,restaurant,1
2026-05-31,domestic_travel,대전,놀러옴,candidate,1
2026-05-31,domestic_travel,대전,놀러옴 우리가 언제만났나 기억도 안남,candidate,1
2026-05-31,domestic_travel,대전,느끼고 싶을 때 방문하면 너무 좋은 문화동커피,cafe,1
2026-05-31,domestic_travel,대전,당일치기 가기로 해서 부지런하게,candidate,1
2026-05-31,domestic_travel,대전,당일치기 그린그린 컨셉은 코르T,candidate,1
2026-05-31,domestic_travel,대전,당일치기 꿈돌이 택시 타고,candidate,1
2026-05-31,domestic_travel,대전,당일치기 끝- 정밀 초음파 포스팅도 얼른 해,candidate,1
2026-05-31,domestic_travel,대전,당일치기 레쓰고,candidate,1
2026-05-31,domestic_travel,대전,당일치기 를 갔다왔습니다 체력이 없는 30대,candidate,1
2026-05-31,domestic_travel,대전,당일치기 를 다녀왔는데요 성심당이 워낙 유명,candidate,1
2026-05-31,domestic_travel,대전,당일치기 빵사냥 성심당 롯데백화점 공주칼국수,candidate,1
2026-05-31,domestic_travel,대전,당일치기 성심당만 가기 저 대전 당일치기 다,candidate,1
2026-05-31,domestic_travel,대전,당일치기 여행,candidate,1
2026-05-31,domestic_travel,대전,당일치기 여행 쌈 계속 싸먹어버려,candidate,1
2026-05-31,domestic_travel,대전,당일치기 여행 이렇게 여행 주제로 블로그 쓰,candidate,1
2026-05-31,domestic_travel,대전,당일치기 여행을 계획했다 진짜 대전 맨날 뭐,candidate,1
2026-05-31,domestic_travel,대전,당일치기 포스팅 곧 쪄보겟슨,candidate,1
2026-05-31,domestic_travel,대전,당일치기로 다녀오기 좋은 대전 관광지로 대전,candidate,1
2026-05-31,domestic_travel,대전,대덕구,candidate,1
2026-05-31,domestic_travel,대전,대덕구 중리동 조기종의향미각 본점 솔직,candidate,1
2026-05-31,domestic_travel,대전,대청호 장미축제,attraction,2
2026-05-31,domestic_travel,대전,대청호반자연수변공원,travel_spot,1
2026-05-31,domestic_travel,대전,대청호장미축제,attraction,1
2026-05-31,domestic_travel,대전,두피관리 탈모관리 두피스케일링 찾으신다면 대,candidate,1
2026-05-31,domestic_travel,대전,둔산동,candidate,3
2026-05-31,domestic_travel,대전,둔산동 불장난 대전 둔산동 술집 안주,restaurant,1
2026-05-31,domestic_travel,대전,둔산동 점심 맛집 가성비 좋은 훈제오리,restaurant,1
2026-05-31,domestic_travel,대전,등 기차로 이동하기 좋은 여행지를 계획하고,candidate,1
2026-05-31,domestic_travel,대전,랍스터,candidate,1
2026-05-31,domestic_travel,대전,롯데백화점,candidate,1
2026-05-31,domestic_travel,대전,롯데백화점 성심당 망고시루 주말 오픈런,candidate,1
2026-05-31,domestic_travel,대전,룸식당,restaurant,1
2026-05-31,domestic_travel,대전,리스트 솔이네계란빵 해녀와 어부 대전중앙시장,travel_spot,1
2026-05-31,domestic_travel,대전,마음으로 돌아오는 지역 중 한 곳입니다 중앙시장,travel_spot,1
2026-05-31,domestic_travel,대전,많으실 텐데요 막연히 대표적으로는 웨딩홀 스튜디오,candidate,1
2026-05-31,domestic_travel,대전,맛있는,candidate,1
2026-05-31,domestic_travel,대전,망고시루,candidate,1
2026-05-31,domestic_travel,대전,맥주축제,attraction,1
2026-05-31,domestic_travel,대전,맥주축제인데,attraction,1
2026-05-31,domestic_travel,대전,문화동커피,cafe,1
2026-05-31,domestic_travel,대전,문화동커피 맛집 스페셜티 카페 베타니아 대전,cafe,1
2026-05-31,domestic_travel,대전,밀키트,candidate,1
2026-05-31,domestic_travel,대전,밀키트 47년 전통 백년 갈비탕,candidate,1
2026-05-31,domestic_travel,대전,반찬식당,restaurant,1
2026-05-31,domestic_travel,대전,발 아이와 함께 다녀온 임실치즈테마파크 장미축제,attraction,1
2026-05-31,domestic_travel,대전,버 분들 계시나요 최근에 제 신선하고 깊은 커피,cafe,1
2026-05-31,domestic_travel,대전,베스트,candidate,1
2026-05-31,domestic_travel,대전,봉명동,candidate,1
2026-05-31,domestic_travel,대전,불장난,candidate,1
2026-05-31,domestic_travel,대전,빵지순례 - 풍자 또간집 하레하레 유성점 방,candidate,1
2026-05-31,domestic_travel,대전,삼오식당,restaurant,1
2026-05-31,domestic_travel,대전,상견례식당,restaurant,1
2026-05-31,domestic_travel,대전,상대동,candidate,1
2026-05-31,domestic_travel,대전,상대동 소소담,candidate,1
2026-05-31,domestic_travel,대전,상대동에 방문 포인트,candidate,1
2026-05-31,domestic_travel,대전,서구,candidate,1
2026-05-31,domestic_travel,대전,서구 탄방동 점심 맛집 에서 즐긴 신선한 생,restaurant,1
2026-05-31,domestic_travel,대전,서구 탄방동에서 점심 맛집 이나 회식 장소를,restaurant,1
2026-05-31,domestic_travel,대전,석갈비,candidate,1
2026-05-31,domestic_travel,대전,석갈비 맛집 9층 삼오식당,restaurant,1
2026-05-31,domestic_travel,대전,성심당,candidate,3
2026-05-31,domestic_travel,대전,성심당 망고시루 대전 핫플 당일치기 관광지,candidate,1
2026-05-31,domestic_travel,대전,성심당 본점 케익부띠끄 롤케익부터 샌드위치,candidate,1
2026-05-31,domestic_travel,대전,소제동,candidate,2
2026-05-31,domestic_travel,대전,소제동 대전 소제동 맛집 온천집 온천집 미소,restaurant,1
2026-05-31,domestic_travel,대전,소제동 카페 여행지 여전히 행복한 지금 소제,cafe,1
2026-05-31,domestic_travel,대전,솔가 23년 한국관공공사의 전주 맛집,restaurant,1
2026-05-31,domestic_travel,대전,솔가숯불갈비,candidate,1
2026-05-31,domestic_travel,대전,스테이로이,candidate,1
2026-05-31,domestic_travel,대전,시청역,candidate,1
2026-05-31,domestic_travel,대전,시청역 맛집 키츠네유부 입안 가득 터지는 풍,restaurant,1
2026-05-31,domestic_travel,대전,식당,restaurant,1
2026-05-31,domestic_travel,대전,신상카페 뚱기가 다녀온 장동 대형 베이커리,cafe,1
2026-05-31,domestic_travel,대전,신세계는 청년들의 이러한,candidate,1
2026-05-31,domestic_travel,대전,신세계백화점,candidate,2
2026-05-31,domestic_travel,대전,신세계백화점 무슨 일이죠 서울을 대전으로,candidate,1
2026-05-31,domestic_travel,대전,심야식당,restaurant,1
2026-05-31,domestic_travel,대전,쌍둥이수육국밥,candidate,1
2026-05-31,domestic_travel,대전,쌍둥이수육국밥 월평선사점의 푸짐했던 식,candidate,1
2026-05-31,domestic_travel,대전,쑤기와,candidate,1
2026-05-31,domestic_travel,대전,아이와,candidate,1
2026-05-31,domestic_travel,대전,언니랑,candidate,1
2026-05-31,domestic_travel,대전,에서 신혼생활 중인 꿍이 만나러 다녀왔서,candidate,1
2026-05-31,domestic_travel,대전,엔 대전 국립중앙과학관 구경 후 대청호 장미축제,attraction,1
2026-05-31,domestic_travel,대전,여름,candidate,1
2026-05-31,domestic_travel,대전,여행 기 시작,candidate,1
2026-05-31,domestic_travel,대전,여행 대전 가서 빵이랑 보쌈 먹고 온 당일치,candidate,1
2026-05-31,domestic_travel,대전,여행 에서도 꼭 가봐야겠다고 생각한 맛집은,restaurant,1
2026-05-31,domestic_travel,대전,여행 을 계획하실 때 빵지순례 하시잖아요 하,candidate,1
2026-05-31,domestic_travel,대전,여행 임영웅 순댓국 맛집 오문창 순댓국,restaurant,1
2026-05-31,domestic_travel,대전,여행 중 근처 지나게 된다면 잠깐 들러 보시,candidate,1
2026-05-31,domestic_travel,대전,여행을,candidate,1
2026-05-31,domestic_travel,대전,연축동,candidate,1
2026-05-31,domestic_travel,대전,연축동 베이커리 카페 NTBR 내돈내산,cafe,1
2026-05-31,domestic_travel,대전,옛정식당,restaurant,1
2026-05-31,domestic_travel,대전,옛정식당 별 10점 만점중에 7점 정도 이며,restaurant,1
2026-05-31,domestic_travel,대전,와가지고 원래는 당일치기 하는건데 결국 하루,candidate,1
2026-05-31,domestic_travel,대전,왕자님,candidate,1
2026-05-31,domestic_travel,대전,원 신세계백화점 한 번은 가볼만한 대전 맥주축제,attraction,1
2026-05-31,domestic_travel,대전,월요일,candidate,1
2026-05-31,domestic_travel,대전,월요일 당일치기 영춘모찌 몽심 콜버샵 꿈돌이,candidate,1
2026-05-31,domestic_travel,대전,유성,candidate,1
2026-05-31,domestic_travel,대전,유성 맛집 어화 숙성 사시미와 후토마키가 맛,restaurant,1
2026-05-31,domestic_travel,대전,유성수통골에,candidate,1
2026-05-31,domestic_travel,대전,유성수통골에 싶다면 오늘 일요일 춘하 ESP,candidate,1
2026-05-31,domestic_travel,대전,유일베이킹,candidate,1
2026-05-31,domestic_travel,대전,이 푸딩 등 하지만 아직 성심당이 남아있지 커피,cafe,1
2026-05-31,domestic_travel,대전,이마트,candidate,1
2026-05-31,domestic_travel,대전,이마트 컬처클럽 둔산점 유아 클래스 대전아이,candidate,1
2026-05-31,domestic_travel,대전,이색,candidate,1
2026-05-31,domestic_travel,대전,이색 술집 술방구 둔산동 술집 인스타,restaurant,1
2026-05-31,domestic_travel,대전,이에요 대전 반찬식당,restaurant,1
2026-05-31,domestic_travel,대전,있는,candidate,1
2026-05-31,domestic_travel,대전,자차,candidate,1
2026-05-31,domestic_travel,대전,전 근교 바다 여행 충남 서천 해수욕장 + 공원,restaurant,1
2026-05-31,domestic_travel,대전,정림동,candidate,1
2026-05-31,domestic_travel,대전,정림동 맛집 깔끔한 국물에 반하고 꽉 찬 김,restaurant,1
2026-05-31,domestic_travel,대전,주왕산국립공원,travel_spot,1
2026-05-31,domestic_travel,대전,중구,candidate,3
2026-05-31,domestic_travel,대전,중구 맛집 광천식당,restaurant,1
2026-05-31,domestic_travel,대전,중구 맛집 광천식당 노포 감성과 매콤한 두루,restaurant,1
2026-05-31,domestic_travel,대전,중구 성심당 케익부띠끄 샌드위치정거장 성심당,candidate,1
2026-05-31,domestic_travel,대전,중동,candidate,1
2026-05-31,domestic_travel,대전,중동 꿈돌이 하우스 누가 노잼 도시래 놀거리,candidate,1
2026-05-31,domestic_travel,대전,중앙시장,travel_spot,2
2026-05-31,domestic_travel,대전,중앙시장 내돈내산 맛집 리스트 솔이네계란,restaurant,1
2026-05-31,domestic_travel,대전,증가한,candidate,1
2026-05-31,domestic_travel,대전,직영점 외관 내부 대전 한밭수목원 맛집 인,restaurant,1
2026-05-31,domestic_travel,대전,찡아,candidate,1
2026-05-31,domestic_travel,대전,출발,candidate,1
2026-05-31,domestic_travel,대전,출발 아이와 함께 다녀온 임실치즈테마파크 장,candidate,1
2026-05-31,domestic_travel,대전,출장과 남은건 창억떡과 성심당 출장 가면 걍,candidate,1
2026-05-31,domestic_travel,대전,충남대,candidate,1
2026-05-31,domestic_travel,대전,충남대 블루리본 중식당,restaurant,1
2026-05-31,domestic_travel,대전,충남대 블루리본 중식당 연래춘대반점 삼선짜장,restaurant,1
2026-05-31,domestic_travel,대전,탄방동,candidate,1
2026-05-31,domestic_travel,대전,탄방동에 뇨끼 맛집 이 있다고 해서 다녀와봤,restaurant,1
2026-05-31,domestic_travel,대전,탐정,candidate,1
2026-05-31,domestic_travel,대전,탐정 고석정 풍경 고석정은 강원도 철원에 위,candidate,1
2026-05-31,domestic_travel,대전,한밭수목원,candidate,3
2026-05-31,domestic_travel,대전,한밭수목원 꽃축제,attraction,1
2026-05-31,domestic_travel,대전,한밭수목원 꽃축제 장미 스팟 것이라고 생각합,attraction,1
2026-05-31,domestic_travel,대전,한밭수목원 맛집 솔가숯불갈비 대전직영점 방문,restaurant,1
2026-05-31,domestic_travel,대전,한밭수목원 신세계백화점 한 번은 가볼만한 대,candidate,1
2026-05-31,domestic_travel,대전,한밭수목원꽃축제,attraction,1
2026-05-31,domestic_travel,대전,핫플 대전 혼술바 잔소리 봉명점,restaurant,1
2026-05-31,domestic_travel,대전,현지인,candidate,1
2026-05-31,domestic_travel,대전,혼술바,restaurant,1
2026-05-31,domestic_travel,대전,혼자,candidate,1
2026-05-31,domestic_travel,대전,후기입니다,candidate,1
2026-05-31,domestic_travel,부산,06 14 일 장소 광안리해변,travel_spot,1
2026-05-31,domestic_travel,부산,14 제24회 광안리어방축제,attraction,1
2026-05-31,domestic_travel,부산,1박2일 알바 공부 서울 다시 부산 당일치기,restaurant,1
2026-05-31,domestic_travel,부산,1호선 범일역 라이프버거 수제버거 맛집,restaurant,1
2026-05-31,domestic_travel,부산,2 부산어묵슬러시 오색쑥호떡 소라네김 오산시장,travel_spot,1
2026-05-31,domestic_travel,부산,26 부산역 호텔,travel_spot,1
2026-05-31,domestic_travel,부산,2박 3일 맛집,restaurant,1
2026-05-31,domestic_travel,부산,2박 3일 맛집 여행 솔직,restaurant,1
2026-05-31,domestic_travel,부산,2박 3일 여행 1편 새벽 SRT 타고 부산,candidate,1
2026-05-31,domestic_travel,부산,2박 3일 여행 2편 온천장역 돼지국밥부터,candidate,1
2026-05-31,domestic_travel,부산,2박 3일 혼자 여행 3일차-2 부산 벚꽃,candidate,1
2026-05-31,domestic_travel,부산,3대 맛집,restaurant,1
2026-05-31,domestic_travel,부산,3일차 달랏 호텔,travel_spot,1
2026-05-31,domestic_travel,부산,3일차-2,candidate,1
2026-05-31,domestic_travel,부산,3일차-2 부산 벚꽃 스팟 명란김밥 라떼 맛집,restaurant,1
2026-05-31,domestic_travel,부산,5월 전시,attraction,1
2026-05-31,domestic_travel,부산,5일,candidate,1
2026-05-31,domestic_travel,부산,6시내고향맛집,restaurant,1
2026-05-31,domestic_travel,부산,6월 수국축제,attraction,1
2026-05-31,domestic_travel,부산,6월부산축제,attraction,1
2026-05-31,domestic_travel,부산,7월,candidate,1
2026-05-31,domestic_travel,부산,가 아니라 직접 즐기는 축제,attraction,1
2026-05-31,domestic_travel,부산,가능한,candidate,1
2026-05-31,domestic_travel,부산,가볼,candidate,1
2026-05-31,domestic_travel,부산,가볼만한곳 송도해수욕장 구름 산책로 야경 부,candidate,1
2026-05-31,domestic_travel,부산,가볼만한축제,attraction,1
2026-05-31,domestic_travel,부산,가성비,candidate,3
2026-05-31,domestic_travel,부산,가성비 여행 의 정석 리순덕 호텔,travel_spot,1
2026-05-31,domestic_travel,부산,가성비 여행 의 정석 리순덕 호텔 투숙,travel_spot,1
2026-05-31,domestic_travel,부산,가성비호텔,travel_spot,4
2026-05-31,domestic_travel,부산,가평아이랑호텔,travel_spot,1
2026-05-31,domestic_travel,부산,간다,candidate,1
2026-05-31,domestic_travel,부산,갈매랑축제,attraction,1
2026-05-31,domestic_travel,부산,감천문화마을 입고가게 뜨거운청춘 naver,candidate,1
2026-05-31,domestic_travel,부산,강릉 여수 전주 대전 등 기차로 이동하기 좋,candidate,1
2026-05-31,domestic_travel,부산,강서구호텔,travel_spot,1
2026-05-31,domestic_travel,부산,건축박람회,attraction,1
2026-05-31,domestic_travel,부산,건축박람회를 비롯하여 가구 인테리어 부산벡스,attraction,1
2026-05-31,domestic_travel,부산,겨울,candidate,1
2026-05-31,domestic_travel,부산,결혼식 레고,candidate,1
2026-05-31,domestic_travel,부산,경주 세 곳 중 하나였는데 당일치기 여행 일,candidate,1
2026-05-31,domestic_travel,부산,계획에서 첫번째 가야할 곳,candidate,1
2026-05-31,domestic_travel,부산,고래사어묵,candidate,1
2026-05-31,domestic_travel,부산,고속버스 타고 국내여행 시간표 인천 고속버스,candidate,1
2026-05-31,domestic_travel,부산,고속버스터미널,candidate,1
2026-05-31,domestic_travel,부산,골프,candidate,1
2026-05-31,domestic_travel,부산,광안리,candidate,5
2026-05-31,domestic_travel,부산,광안리 가볼만한곳 놀거리 어방축제,attraction,1
2026-05-31,domestic_travel,부산,광안리 가볼만한곳 놀거리 어방축제 포장마차,attraction,1
2026-05-31,domestic_travel,부산,광안리 바다가 가장 대전,restaurant,1
2026-05-31,domestic_travel,부산,광안리 베이커리,cafe,1
2026-05-31,domestic_travel,부산,광안리 부산 당일치기 여행,candidate,1
2026-05-31,domestic_travel,부산,광안리 해변,travel_spot,1
2026-05-31,domestic_travel,부산,광안리어방축제,attraction,1
2026-05-31,domestic_travel,부산,광안리오션뷰호텔,travel_spot,1
2026-05-31,domestic_travel,부산,광안리호텔,travel_spot,1
2026-05-31,domestic_travel,부산,괘법동맘카페 사상역중식당,cafe,1
2026-05-31,domestic_travel,부산,교통,candidate,1
2026-05-31,domestic_travel,부산,국내 유일 고래 전문 박물관,attraction,1
2026-05-31,domestic_travel,부산,국내신흥여행지,candidate,1
2026-05-31,domestic_travel,부산,그냥 오랜만에 당일치기 여행 스타트,candidate,1
2026-05-31,domestic_travel,부산,그랜드,candidate,1
2026-05-31,domestic_travel,부산,근교 경남 밀양 금계국 명소,candidate,1
2026-05-31,domestic_travel,부산,근교 여행 보랏빛 오션뷰 + 차박 + 기장,candidate,1
2026-05-31,domestic_travel,부산,기장,candidate,2
2026-05-31,domestic_travel,부산,기장 여행 오션뷰 카페 웨이브온 대나무 영화,cafe,1
2026-05-31,domestic_travel,부산,기장역 점심 맛집 가성비 점심특선 유정식육식당,restaurant,1
2026-05-31,domestic_travel,부산,기장호텔,travel_spot,1
2026-05-31,domestic_travel,부산,김해 등 인근 대도시와의 접근성도 매우 훌륭,candidate,1
2026-05-31,domestic_travel,부산,김해공항,candidate,1
2026-05-31,domestic_travel,부산,김해공항 근처 호텔,travel_spot,1
2026-05-31,domestic_travel,부산,김해공항근처호텔,travel_spot,1
2026-05-31,domestic_travel,부산,김해공항호텔,travel_spot,1
2026-05-31,domestic_travel,부산,깡통시장,travel_spot,1
2026-05-31,domestic_travel,부산,꼬치홀릭,candidate,1
2026-05-31,domestic_travel,부산,꽃명소,candidate,1
2026-05-31,domestic_travel,부산,꽃명소 대저생태공원,travel_spot,1
2026-05-31,domestic_travel,부산,꽃명소 대저생태공원 버베나 6월 꽃구경 가볼,travel_spot,1
2026-05-31,domestic_travel,부산,나들이 장소 찾으시는 분들 해운대수목원,candidate,1
2026-05-31,domestic_travel,부산,나만 알고 싶은 심야 식당,restaurant,1
2026-05-31,domestic_travel,부산,나온,candidate,1
2026-05-31,domestic_travel,부산,나트랑 달랏 패키지 5일 부산 출발 디꾸아호텔,travel_spot,1
2026-05-31,domestic_travel,부산,남구,candidate,1
2026-05-31,domestic_travel,부산,남구 용호동고깃집 푸주인 용호점 용호동소고기,restaurant,1
2026-05-31,domestic_travel,부산,남포동,candidate,2
2026-05-31,domestic_travel,부산,남포동 가볼만한곳 일본 식자재 소스의 모든,candidate,1
2026-05-31,domestic_travel,부산,내 인생 최고의 피자 이재모피자 본점,candidate,1
2026-05-31,domestic_travel,부산,내년 벡스코에서 우리 꼭 만나요,candidate,1
2026-05-31,domestic_travel,부산,내산,candidate,1
2026-05-31,domestic_travel,부산,놀거리,candidate,1
2026-05-31,domestic_travel,부산,놀거리 액티비티 부산실탄사격장 도파민 팡팡,candidate,1
2026-05-31,domestic_travel,부산,놀거리 여행 계획 세우다가,candidate,1
2026-05-31,domestic_travel,부산,놀러 오셔서 당일치기 하시는 분이나 잠시 짐,candidate,1
2026-05-31,domestic_travel,부산,다다닥N짜오미솥 회식까지 만족했던 신상 맛집,restaurant,1
2026-05-31,domestic_travel,부산,다대포,candidate,1
2026-05-31,domestic_travel,부산,다대포 해수욕장 국내 당일치기 남해 바다 여,restaurant,1
2026-05-31,domestic_travel,부산,다대포 해수욕장 국내 당일치기 바다 남해 여,restaurant,1
2026-05-31,domestic_travel,부산,다대포 해수욕장은 해변 폭 3백 미터 총 길,travel_spot,1
2026-05-31,domestic_travel,부산,담양,candidate,1
2026-05-31,domestic_travel,부산,당감동,candidate,1
2026-05-31,domestic_travel,부산,당감동 구워주는 고깃집 냉삼 당감 돼지충전소,candidate,1
2026-05-31,domestic_travel,부산,당일치기 4가지 대안 부산에서 인천 영종도에,candidate,1
2026-05-31,domestic_travel,부산,당일치기 갓다왓어 버스 놓칠뻔,candidate,1
2026-05-31,domestic_travel,부산,당일치기 기차 타자마자 오랜만에 만났다구 선,candidate,1
2026-05-31,domestic_travel,부산,당일치기 를 다녀왔어 야구 하나만을 위해서,candidate,1
2026-05-31,domestic_travel,부산,당일치기 모녀여행 이재모대신 인간은 언제나,candidate,1
2026-05-31,domestic_travel,부산,당일치기 부산 당일치기 를 해봤어요,candidate,1
2026-05-31,domestic_travel,부산,당일치기 빠수니2 오빠보러 상영회가야함 빠수,candidate,1
2026-05-31,domestic_travel,부산,당일치기 준비를 합니다 비오는 새벽 대전역입,candidate,1
2026-05-31,domestic_travel,부산,대 파스타 맛집 키노 가성비 끝판왕 양식당,restaurant,1
2026-05-31,domestic_travel,부산,대게,candidate,1
2026-05-31,domestic_travel,부산,대구 광주 목포 버스터미널 인천 부산 고속버,candidate,1
2026-05-31,domestic_travel,부산,대마도,candidate,1
2026-05-31,domestic_travel,부산,대마도 배편,candidate,1
2026-05-31,domestic_travel,부산,대전중앙시장,travel_spot,1
2026-05-31,domestic_travel,부산,대표 수국 성지 태종사 수국축제 부산에서 수,attraction,1
2026-05-31,domestic_travel,부산,대표커피,cafe,1
2026-05-31,domestic_travel,부산,더로하 더로하 아기 옷 신세계센텀시티 부산 팝업,popup,1
2026-05-31,domestic_travel,부산,데이트,candidate,2
2026-05-31,domestic_travel,부산,도 있었는데요 바로 아라가야의 불꽃 팝업전시,popup,1
2026-05-31,domestic_travel,부산,도심 속 편리함과 리조트,travel_spot,1
2026-05-31,domestic_travel,부산,동구,candidate,1
2026-05-31,domestic_travel,부산,동래,candidate,2
2026-05-31,domestic_travel,부산,동래 2차로 가기 좋은 술집 미식가의 연어,restaurant,1
2026-05-31,domestic_travel,부산,동래 맛집 수제 야키토리와 명장역술집,restaurant,1
2026-05-31,domestic_travel,부산,동래구,candidate,1
2026-05-31,domestic_travel,부산,떠나는,candidate,1
2026-05-31,domestic_travel,부산,떡볶이를 먹으러 부산에 오지는 않겠지만 깡통시장,travel_spot,1
2026-05-31,domestic_travel,부산,뚜벅이,candidate,1
2026-05-31,domestic_travel,부산,라발스,candidate,1
2026-05-31,domestic_travel,부산,라발스 호텔,travel_spot,1
2026-05-31,domestic_travel,부산,라발스 호텔 Lavalse Hotel AGO,travel_spot,1
2026-05-31,domestic_travel,부산,로컬 맛집 집합소 조선시대부터 이어진 전통시,restaurant,1
2026-05-31,domestic_travel,부산,리 했슴다 5 20 저 이번 축제,attraction,1
2026-05-31,domestic_travel,부산,마이클 어반팜 테이블 현대 모터스튜디오,candidate,1
2026-05-31,domestic_travel,부산,마차 포차거리 광안리 가볼만한곳 놀거리 어방축제,attraction,1
2026-05-31,domestic_travel,부산,망미동,candidate,1
2026-05-31,domestic_travel,부산,망미동 고기집 마장동황제축산 망미직영점 생갈,restaurant,1
2026-05-31,domestic_travel,부산,매일 17 00 - 익일 01 00 미친 맛집,restaurant,1
2026-05-31,domestic_travel,부산,먹거리,candidate,2
2026-05-31,domestic_travel,부산,먹거리 여행,candidate,1
2026-05-31,domestic_travel,부산,먹을 것 같습니다 그 정도면 충분히 좋은 시장,travel_spot,1
2026-05-31,domestic_travel,부산,메가박스,candidate,1
2026-05-31,domestic_travel,부산,모모스커피,cafe,1
2026-05-31,domestic_travel,부산,몰려간다,candidate,1
2026-05-31,domestic_travel,부산,무료입장 장생포고래박물관,attraction,1
2026-05-31,domestic_travel,부산,문현동,candidate,1
2026-05-31,domestic_travel,부산,문현동 배스킨라빈스 31 부산 문현점 오늘은,candidate,1
2026-05-31,domestic_travel,부산,문현점,candidate,1
2026-05-31,domestic_travel,부산,바다 뷰까지 예쁜 여름꽃 여행 오륙도 해맞이공원,restaurant,1
2026-05-31,domestic_travel,부산,바다 여행 느낌이 더 강해집니다 2 이기대,restaurant,1
2026-05-31,domestic_travel,부산,박 2일 이상 일정으로 에메랄드 빛 미우다 해변,travel_spot,1
2026-05-31,domestic_travel,부산,백일사진_스튜디오,candidate,1
2026-05-31,domestic_travel,부산,백일사진스튜디오,candidate,1
2026-05-31,domestic_travel,부산,백일상스튜디오,candidate,1
2026-05-31,domestic_travel,부산,버거킹,candidate,1
2026-05-31,domestic_travel,부산,벚꽃,candidate,1
2026-05-31,domestic_travel,부산,베를린,candidate,1
2026-05-31,domestic_travel,부산,복국의,candidate,1
2026-05-31,domestic_travel,부산,복국의 정체 부산가볼만한곳,candidate,1
2026-05-31,domestic_travel,부산,부들파이터,candidate,1
2026-05-31,domestic_travel,부산,부전,candidate,1
2026-05-31,domestic_travel,부산,부전 서면 닭발 맛집 불향 가득한 신이내린,restaurant,1
2026-05-31,domestic_travel,부산,부전시장,attraction,1
2026-05-31,domestic_travel,부산,부처님생일맞이,candidate,1
2026-05-31,domestic_travel,부산,부평깡통시장,travel_spot,1
2026-05-31,domestic_travel,부산,부평동,candidate,1
2026-05-31,domestic_travel,부산,부평동 맛집 깡통시장,restaurant,1
2026-05-31,domestic_travel,부산,부평동 맛집 깡통시장 2대째 소문난죽집,restaurant,1
2026-05-31,domestic_travel,부산,비교,candidate,1
2026-05-31,domestic_travel,부산,비즈니스호텔,travel_spot,1
2026-05-31,domestic_travel,부산,빌라쥬,candidate,1
2026-05-31,domestic_travel,부산,빌라쥬 Ananti at Busan Vill,candidate,1
2026-05-31,domestic_travel,부산,사람들도,candidate,1
2026-05-31,domestic_travel,부산,사람들도 몰려간다 부산 6월 축제,attraction,1
2026-05-31,domestic_travel,부산,사상엉클,candidate,1
2026-05-31,domestic_travel,부산,삼광사,candidate,1
2026-05-31,domestic_travel,부산,삼광사 연등축제,attraction,1
2026-05-31,domestic_travel,부산,삼광사 연등축제 야경 부처님오신날 가볼만한곳,attraction,1
2026-05-31,domestic_travel,부산,서동,candidate,1
2026-05-31,domestic_travel,부산,서동시장,travel_spot,1
2026-05-31,domestic_travel,부산,서면,candidate,4
2026-05-31,domestic_travel,부산,서면 매콤한 쭈꾸미가 땡길땐 홍스쭈꾸미 서면,candidate,1
2026-05-31,domestic_travel,부산,서면 서면고기집 소장각 가성비로 즐기는 소갈,restaurant,1
2026-05-31,domestic_travel,부산,서면 카페 부산,cafe,1
2026-05-31,domestic_travel,부산,서면 BIFC2몰 실내데이트 종로문고 기대되,candidate,1
2026-05-31,domestic_travel,부산,서면점,candidate,1
2026-05-31,domestic_travel,부산,서문시장,travel_spot,1
2026-05-31,domestic_travel,부산,서부,candidate,1
2026-05-31,domestic_travel,부산,서울축제,attraction,1
2026-05-31,domestic_travel,부산,손정보쌈,candidate,2
2026-05-31,domestic_travel,부산,송정역,candidate,1
2026-05-31,domestic_travel,부산,수영,candidate,1
2026-05-31,domestic_travel,부산,수영구,candidate,1
2026-05-31,domestic_travel,부산,수영구 데이트 레스토랑,restaurant,1
2026-05-31,domestic_travel,부산,수영구 데이트 레스토랑 마이클 어반팜 테이블,restaurant,1
2026-05-31,domestic_travel,부산,수영구에는 조선시대,candidate,1
2026-05-31,domestic_travel,부산,수영구축제,attraction,1
2026-05-31,domestic_travel,부산,수영역,candidate,1
2026-05-31,domestic_travel,부산,수영역 맛집 아구찜 제철 갑오징어회 신통영굴,restaurant,1
2026-05-31,domestic_travel,부산,숨은,candidate,1
2026-05-31,domestic_travel,부산,숨은 가성비 노포 김밥 맛집 내돈내산,restaurant,1
2026-05-31,domestic_travel,부산,스위트,candidate,1
2026-05-31,domestic_travel,부산,스페셜티커피,cafe,2
2026-05-31,domestic_travel,부산,시민공원,travel_spot,1
2026-05-31,domestic_travel,부산,시티투어,candidate,1
2026-05-31,domestic_travel,부산,시티투어 당일치기,candidate,1
2026-05-31,domestic_travel,부산,시티투어 대마도 2박 3일 여행 최대 고민,candidate,1
2026-05-31,domestic_travel,부산,시티투어버스,candidate,1
2026-05-31,domestic_travel,부산,신세계센텀시티,candidate,1
2026-05-31,domestic_travel,부산,실내놀이터,candidate,1
2026-05-31,domestic_travel,부산,아기랑,candidate,1
2026-05-31,domestic_travel,부산,아기랑 가볼만한 곳 해운대 수목원,candidate,1
2026-05-31,domestic_travel,부산,아기랑 가볼만한 곳 해운대 수목원 방문,candidate,1
2026-05-31,domestic_travel,부산,아이와,candidate,1
2026-05-31,domestic_travel,부산,아이와 함께 가볼만한 소품샵 BEST3 국제,candidate,1
2026-05-31,domestic_travel,부산,아이와 함께 가볼만한 소품샵 BEST3 국제시장,travel_spot,1
2026-05-31,domestic_travel,부산,아재 그리고 아이들이 좋아할 만한 특별 전시,attraction,1
2026-05-31,domestic_travel,부산,애기가 열심히 사진도 찍어주고 국제시장,travel_spot,1
2026-05-31,domestic_travel,부산,액티비티,candidate,1
2026-05-31,domestic_travel,부산,야경명소,candidate,1
2026-05-31,domestic_travel,부산,양정,candidate,1
2026-05-31,domestic_travel,부산,양정 텐 달러 스테이크 앤 파스타 가성비 좋,restaurant,1
2026-05-31,domestic_travel,부산,양정심야식당,restaurant,1
2026-05-31,domestic_travel,부산,어방축제,attraction,1
2026-05-31,domestic_travel,부산,없는,candidate,1
2026-05-31,domestic_travel,부산,엑셀호텔,travel_spot,1
2026-05-31,domestic_travel,부산,여행 4시간 거리 영도 당일치기 여행 찐 후,candidate,1
2026-05-31,domestic_travel,부산,여행 가볼만한곳 으로 알려진 고래사어묵 해운,candidate,1
2026-05-31,domestic_travel,부산,여행 갔다왔어요 저,candidate,1
2026-05-31,domestic_travel,부산,여행 때도 허심청은 꼭 다시 가고 싶어요,candidate,1
2026-05-31,domestic_travel,부산,여행 부산 여행 일상에서 벗어나 활력을 충전,candidate,1
2026-05-31,domestic_travel,부산,여행 을 다녀왔어 기간이 부처님 오신 날이여,candidate,1
2026-05-31,domestic_travel,부산,여행 중 들르기 좋은 모모스커피,cafe,1
2026-05-31,domestic_travel,부산,여행 중 들르기 좋은 모모스커피 본점,cafe,1
2026-05-31,domestic_travel,부산,여행 코스,candidate,1
2026-05-31,domestic_travel,부산,여행하며 해운대에 들러서 바다와 해운대 핫플,restaurant,1
2026-05-31,domestic_travel,부산,역 호텔,travel_spot,1
2026-05-31,domestic_travel,부산,역근처호텔,travel_spot,1
2026-05-31,domestic_travel,부산,역사관 부산시민공원 공방 체험 부산정중앙공원,travel_spot,1
2026-05-31,domestic_travel,부산,연신내,candidate,1
2026-05-31,domestic_travel,부산,영도,candidate,3
2026-05-31,domestic_travel,부산,영도 가볼만한곳 HiKER M 플리마켓 하와,candidate,1
2026-05-31,domestic_travel,부산,영도 감성커피,cafe,1
2026-05-31,domestic_travel,부산,영도 감성커피 영도대교점,cafe,1
2026-05-31,domestic_travel,부산,영도 오션뷰 캠핑 바베큐 몽작 찐 솔직,restaurant,1
2026-05-31,domestic_travel,부산,예약제 글램핑 식당,restaurant,1
2026-05-31,domestic_travel,부산,예전보다 많아진 외국인 관광객에 매우 놀랐다,candidate,1
2026-05-31,domestic_travel,부산,오산 오색시장,travel_spot,1
2026-05-31,domestic_travel,부산,오산오색시장,travel_spot,1
2026-05-31,domestic_travel,부산,오션뷰,candidate,1
2026-05-31,domestic_travel,부산,오션뷰 호텔,travel_spot,1
2026-05-31,domestic_travel,부산,오션뷰 호텔 끝판왕 아난티 앳 부산 코브,travel_spot,1
2026-05-31,domestic_travel,부산,오션뷰호텔,travel_spot,1
2026-05-31,domestic_travel,부산,온복국수,candidate,1
2026-05-31,domestic_travel,부산,와 공주 당일치기 여행 유구색동수국정원 수국축제,attraction,1
2026-05-31,domestic_travel,부산,요트투어 업체들 정말 많은데,candidate,1
2026-05-31,domestic_travel,부산,용한 점집,candidate,1
2026-05-31,domestic_travel,부산,용호동,candidate,2
2026-05-31,domestic_travel,부산,용호동 맛집 W스퀘어 정바다 횟집 포장,restaurant,1
2026-05-31,domestic_travel,부산,울산축제,attraction,1
2026-05-31,domestic_travel,부산,위드요트,candidate,1
2026-05-31,domestic_travel,부산,위드요트 부산 광안리 해변,travel_spot,1
2026-05-31,domestic_travel,부산,유정식육식당,restaurant,1
2026-05-31,domestic_travel,부산,을 다녀왔습니다 예전에 부전역 근처에,candidate,1
2026-05-31,domestic_travel,부산,이뤄진다는,candidate,1
2026-05-31,domestic_travel,부산,이진,candidate,1
2026-05-31,domestic_travel,부산,이진 Wyndham Grand Busan I,candidate,1
2026-05-31,domestic_travel,부산,일본편에서 다이닝,restaurant,1
2026-05-31,domestic_travel,부산,일출,candidate,1
2026-05-31,domestic_travel,부산,임이 잡혀서 그 덕분에 요즘 핫플 들을 동래시장,travel_spot,1
2026-05-31,domestic_travel,부산,자극적인 맛을 잊기는 쉽지 않다 맛도 있고 식당,restaurant,1
2026-05-31,domestic_travel,부산,장단점,candidate,1
2026-05-31,domestic_travel,부산,전동 자전거 히타카츠 당일치기 족의 구세주,candidate,1
2026-05-31,domestic_travel,부산,전시,attraction,2
2026-05-31,domestic_travel,부산,전통시장,travel_spot,1
2026-05-31,domestic_travel,부산,전포,candidate,3
2026-05-31,domestic_travel,부산,전포 맛집 돈까스 파스타 고온 내돈내산,restaurant,1
2026-05-31,domestic_travel,부산,전포 맛집 코르 파스타 바 주말 점심,restaurant,1
2026-05-31,domestic_travel,부산,전포술집 서면 롯데백화점 부산시민공원,restaurant,1
2026-05-31,domestic_travel,부산,전포신상카페 라이크댓커피,cafe,1
2026-05-31,domestic_travel,부산,정원,candidate,1
2026-05-31,domestic_travel,부산,제10회,candidate,1
2026-05-31,domestic_travel,부산,제주도부터 생각하는,candidate,1
2026-05-31,domestic_travel,부산,제주부터,candidate,1
2026-05-31,domestic_travel,부산,조개구이,candidate,1
2026-05-31,domestic_travel,부산,조선,candidate,1
2026-05-31,domestic_travel,부산,주목한,candidate,1
2026-05-31,domestic_travel,부산,중구,candidate,1
2026-05-31,domestic_travel,부산,즐기는,candidate,1
2026-05-31,domestic_travel,부산,지역의 맛집 을 리뷰하는 맛집 전문 블로거,restaurant,1
2026-05-31,domestic_travel,부산,지하 1층 홍콩식 와플 까이딴자이 맛집,restaurant,1
2026-05-31,domestic_travel,부산,진구,candidate,1
2026-05-31,domestic_travel,부산,진구 송상현광장부터 선암사 당일치기 여행,candidate,1
2026-05-31,domestic_travel,부산,집합소 조선시대부터 이어진 전통시장,travel_spot,1
2026-05-31,domestic_travel,부산,차박,candidate,1
2026-05-31,domestic_travel,부산,찾는 분 부산 대표 수국 성지 태종사 수국축제,attraction,1
2026-05-31,domestic_travel,부산,청사포,candidate,2
2026-05-31,domestic_travel,부산,청사포 조개구이 맛집 도희네 조개구이 내돈내,restaurant,1
2026-05-31,domestic_travel,부산,총 특히 참여형 프로그램이 많아서 구경하는 축제,attraction,1
2026-05-31,domestic_travel,부산,추천리스트,candidate,1
2026-05-31,domestic_travel,부산,출발,candidate,3
2026-05-31,domestic_travel,부산,출발 디꾸아호텔,travel_spot,1
2026-05-31,domestic_travel,부산,커피,cafe,1
2026-05-31,domestic_travel,부산,커피 맛집 히떼로스터리 전포점 필터커피,cafe,1
2026-05-31,domestic_travel,부산,커피 맛집 히떼로스터리 전포점 필터커피 전포,cafe,1
2026-05-31,domestic_travel,부산,켄트호텔이 말아주는 26년 광안리 어방축제,attraction,1
2026-05-31,domestic_travel,부산,코브,candidate,1
2026-05-31,domestic_travel,부산,코뿔소와 유니콘 아이랑 함께 전시,attraction,1
2026-05-31,domestic_travel,부산,콘서트였습니다 7월 앙콘 기다려 내가,candidate,1
2026-05-31,domestic_travel,부산,키즈카페 히어로플레이파크 대형 실내놀이터 주,cafe,1
2026-05-31,domestic_travel,부산,타고,candidate,1
2026-05-31,domestic_travel,부산,태종사부터,candidate,1
2026-05-31,domestic_travel,부산,태종사부터 거제 저구항,candidate,1
2026-05-31,domestic_travel,부산,테마별,candidate,1
2026-05-31,domestic_travel,부산,토박이는,candidate,1
2026-05-31,domestic_travel,부산,토요코인,candidate,1
2026-05-31,domestic_travel,부산,톨레도 당일치기 를 하려고 아토차역 근처로 호텔,travel_spot,1
2026-05-31,domestic_travel,부산,투어,candidate,2
2026-05-31,domestic_travel,부산,트랑 달랏 패키지 부산출발 첫날부터 5성급 숙소,travel_spot,1
2026-05-31,domestic_travel,부산,파라다이스호텔,travel_spot,1
2026-05-31,domestic_travel,부산,한번,candidate,1
2026-05-31,domestic_travel,부산,할머니,candidate,1
2026-05-31,domestic_travel,부산,함께하는,candidate,1
2026-05-31,domestic_travel,부산,핫플 레이스,candidate,1
2026-05-31,domestic_travel,부산,핫플 맛집 찾아보다가 반주하기 좋아 보였던,restaurant,1
2026-05-31,domestic_travel,부산,해동용궁사,candidate,1
2026-05-31,domestic_travel,부산,해동용궁사 이야기 부처님 바다를 품은 국내,restaurant,1
2026-05-31,domestic_travel,부산,해리단길,candidate,1
2026-05-31,domestic_travel,부산,해맞이공원,travel_spot,1
2026-05-31,domestic_travel,부산,해목,candidate,1
2026-05-31,domestic_travel,부산,해상 액티비티 부산 야경 투어 요트 체험 광,candidate,1
2026-05-31,domestic_travel,부산,해운대,candidate,8
2026-05-31,domestic_travel,부산,해운대 돼지국밥 맛집 서가돼지국밥 방문을 추,restaurant,1
2026-05-31,domestic_travel,부산,해운대 돼지국밥 현지인 맛집 서가돼지국,restaurant,1
2026-05-31,domestic_travel,부산,해운대 맛집 싱싱한 자연산 해산물이 3차에,restaurant,1
2026-05-31,domestic_travel,부산,해운대 모래축제,attraction,1
2026-05-31,domestic_travel,부산,해운대 블루라인파크 근처 청사포의 감성 청사,candidate,1
2026-05-31,domestic_travel,부산,해운대 블루라인파크 해운대핫플 청사포 부산데,candidate,1
2026-05-31,domestic_travel,부산,해운대 여행을 계획할 때 절대 빼놓을 수 없,candidate,1
2026-05-31,domestic_travel,부산,해운대 자쿠지 호텔 아늑 리조트,travel_spot,1
2026-05-31,domestic_travel,부산,해운대 자쿠지 호텔 아늑 리조트앤 스파 시그,travel_spot,1
2026-05-31,domestic_travel,부산,해운대 호텔,travel_spot,1
2026-05-31,domestic_travel,부산,해운대 Grand Josun Busan AG,candidate,1
2026-05-31,domestic_travel,부산,해운대 LP바 해운대 칵테일바 뮤즈온 방문후,restaurant,1
2026-05-31,domestic_travel,부산,해운대구 석대동 77 전화 앞에서 볼 수 있,candidate,1
2026-05-31,domestic_travel,부산,해운대구 중동1로 39 2층,candidate,1
2026-05-31,domestic_travel,부산,해운대의 따끈따끈한 신축 감성 Mingonc,candidate,1
2026-05-31,domestic_travel,부산,해운대축제,attraction,1
2026-05-31,domestic_travel,부산,현대미술관,attraction,1
2026-05-31,domestic_travel,부산,현대미술관 코뿔소와 유니콘 아이랑 함께 전시,attraction,1
2026-05-31,domestic_travel,부산,현지인도,candidate,1
2026-05-31,domestic_travel,부산,혼자,candidate,1
2026-05-31,domestic_travel,부산,혼행기를 알려드릴게요 혼자 여행 초보자도 실,candidate,1
2026-05-31,domestic_travel,부산,홍콩다방 해운대점 주소 부산 해운대구 해운대해변,travel_spot,1
2026-05-31,domestic_travel,부산,화명생태공원,travel_spot,1
2026-05-31,domestic_travel,부산,횟집,candidate,1
2026-05-31,domestic_travel,부산,히츠마부시,candidate,1
2026-05-31,domestic_travel,부산,히츠마부시 직접 다녀온 해운대점 솔직한,candidate,1
2026-05-31,domestic_travel,부산,ham Grand Busan Ijin 부산 맛집,restaurant,1
2026-05-31,domestic_travel,부산,KTX,candidate,1
2026-05-31,domestic_travel,부산,ktx 특실이랑 비슷하긴 하네 원래 마드리드,candidate,1
2026-05-31,domestic_travel,부산,LIV,candidate,1
2026-05-31,domestic_travel,부산,nd Josun Busan AGODA 부산 맛집,restaurant,1
2026-05-31,domestic_travel,부산,nti at Busan Village 부산 맛집,restaurant,1
2026-05-31,domestic_travel,부산,Suites Busan Station 부산 맛집,restaurant,1
2026-05-31,domestic_travel,부산,ug_busan 팔로우하고 부산카페 맛집,cafe,1
2026-05-31,domestic_travel,부산,VR 남포동 한국 부산 교복체험,candidate,1
2026-05-31,domestic_travel,부산,VR체험관,candidate,1
2026-05-31,domestic_travel,부산,vsant카페,cafe,1
2026-05-31,domestic_travel,성수,가까운 횟집 어디있을까 싶어 검색해보니 가락시장,travel_spot,1
2026-05-31,domestic_travel,성수,가볼만한곳 놀거리 뉴뉴랩 뉴뉴걸즈 성수 갔다,candidate,1
2026-05-31,domestic_travel,성수,가볼만한곳 놀거리 성수 뉴뉴랩 바로 볼 수,restaurant,1
2026-05-31,domestic_travel,성수,가족식사 맛집 4 혼자 시원한 하이볼과 함께,restaurant,1
2026-05-31,domestic_travel,성수,감성,candidate,2
2026-05-31,domestic_travel,성수,감성 카페 도토리오븐 내돈내산 솔직,cafe,1
2026-05-31,domestic_travel,성수,갔다가,candidate,1
2026-05-31,domestic_travel,성수,같은,candidate,1
2026-05-31,domestic_travel,성수,공격적 유치 과거에는 SNS에서 화제가 된 맛집,restaurant,1
2026-05-31,domestic_travel,성수,나들이,candidate,1
2026-05-31,domestic_travel,성수,나들이 포켓몬 30주년 올리브영 메타몽놀이터,candidate,1
2026-05-31,domestic_travel,성수,냠냠,candidate,1
2026-05-31,domestic_travel,성수,네이버 플레이스 바로가기 +++ Turtle,restaurant,1
2026-05-31,domestic_travel,성수,능동미나리,candidate,1
2026-05-31,domestic_travel,성수,다면 구경하기 좋은 곳 성수동 핫플 RSG 팝업,popup,1
2026-05-31,domestic_travel,성수,달콤애플파이,candidate,1
2026-05-31,domestic_travel,성수,달콤애플파이 겹겹이 쌓인 페이스트리와 진한,candidate,1
2026-05-31,domestic_travel,성수,더 핫한 달그락뭉티기 성내점 인데요 올림픽공원,travel_spot,1
2026-05-31,domestic_travel,성수,데이트,candidate,1
2026-05-31,domestic_travel,성수,데이트 한일상회 고기룸 토마스베이커리,cafe,1
2026-05-31,domestic_travel,성수,데이트할,candidate,1
2026-05-31,domestic_travel,성수,데이트할 때 가기 좋은 리타르단도 독특,candidate,1
2026-05-31,domestic_travel,성수,도도한면,candidate,1
2026-05-31,domestic_travel,성수,동 감성 한식 다이닝,restaurant,1
2026-05-31,domestic_travel,성수,동 맛집 라멘 멘야포모 색다른 경험 혼밥,restaurant,1
2026-05-31,domestic_travel,성수,동 핫플 팝업,popup,1
2026-05-31,domestic_travel,성수,동의,candidate,1
2026-05-31,domestic_travel,성수,따우전드,candidate,1
2026-05-31,domestic_travel,성수,뚝섬역,candidate,1
2026-05-31,domestic_travel,성수,뚝섬역 점심 맛집 이응 국밥,restaurant,1
2026-05-31,domestic_travel,성수,라멘,restaurant,1
2026-05-31,domestic_travel,성수,레스토랑,restaurant,1
2026-05-31,domestic_travel,성수,렌트카 제주도 여행을 결정하고 나서 항공권 호텔,travel_spot,1
2026-05-31,domestic_travel,성수,말고,candidate,1
2026-05-31,domestic_travel,성수,말고 조용히 놀 곳 찾는다면 서울 전시,attraction,1
2026-05-31,domestic_travel,성수,맥주박물관 타이동 야시장,attraction,1
2026-05-31,domestic_travel,성수,메이다얼 가지튀김 바오스푸 로우쏭 타이동 야시장,restaurant,1
2026-05-31,domestic_travel,성수,멘야포모,candidate,1
2026-05-31,domestic_travel,성수,미국,candidate,1
2026-05-31,domestic_travel,성수,미국 감성 힙한 파이 맛집 내돈내산 솔직 후,restaurant,1
2026-05-31,domestic_travel,성수,미쁘동,candidate,1
2026-05-31,domestic_travel,성수,미쁘동 성수 방문,candidate,1
2026-05-31,domestic_travel,성수,미테이블,candidate,1
2026-05-31,domestic_travel,성수,반하는,candidate,1
2026-05-31,domestic_travel,성수,베이커리,cafe,2
2026-05-31,domestic_travel,성수,베이커리 맛집 하츠베이커리,cafe,1
2026-05-31,domestic_travel,성수,베이킹스튜디오,candidate,1
2026-05-31,domestic_travel,성수,베통,candidate,1
2026-05-31,domestic_travel,성수,보고왔어요 제품을 볼 수 있는데요 깔끔한 쇼룸,popup,1
2026-05-31,domestic_travel,성수,본점,candidate,1
2026-05-31,domestic_travel,성수,분위기 좋은 곳 성수 감성 와인바 쏘티 서울,restaurant,1
2026-05-31,domestic_travel,성수,분위기에,candidate,1
2026-05-31,domestic_travel,성수,분위기에 취하고 맛에 반하는 성수동 성,candidate,1
2026-05-31,domestic_travel,성수,빵지순례 성수베이킹스튜디오,candidate,1
2026-05-31,domestic_travel,성수,산 아카이브를 탐색하는 내용이라 전통 유물 전시,attraction,1
2026-05-31,domestic_travel,성수,색다른,candidate,1
2026-05-31,domestic_travel,성수,색다른 매력 미루성수에서의 한 끼 여러,candidate,1
2026-05-31,domestic_travel,성수,생일,candidate,1
2026-05-31,domestic_travel,성수,서울 성동구 N번째 방문 성수 햄버거 맛집,restaurant,1
2026-05-31,domestic_travel,성수,서울 성수 서울숲역 클리오 베이비 코숏 팝업스토어,popup,1
2026-05-31,domestic_travel,성수,서울 성수향수공방 닷노트 원데이 클래스 공방,candidate,1
2026-05-31,domestic_travel,성수,서울무료전시,attraction,1
2026-05-31,domestic_travel,성수,서울베이커리,cafe,1
2026-05-31,domestic_travel,성수,서울숲역,candidate,1
2026-05-31,domestic_travel,성수,서울숲역 클리오 베이비 코숏 팝업스토어 본품,popup,1
2026-05-31,domestic_travel,성수,서울전시,attraction,1
2026-05-31,domestic_travel,성수,성수동의 복잡한 거리에서 살짝 벗어나,candidate,1
2026-05-31,domestic_travel,성수,쉐라톤 그랜드 다낭 리조트,travel_spot,1
2026-05-31,domestic_travel,성수,식당,restaurant,1
2026-05-31,domestic_travel,성수,안냐세요 도리에요 오늘은 잠실 옆 동네 성수,candidate,1
2026-05-31,domestic_travel,성수,애견동반 여름 축제,attraction,1
2026-05-31,domestic_travel,성수,야키토리,candidate,1
2026-05-31,domestic_travel,성수,야키토리 나루토 생맥주 맛집 내돈내산,restaurant,1
2026-05-31,domestic_travel,성수,역 일식당 후토마끼 초이다이닝,restaurant,1
2026-05-31,domestic_travel,성수,오우칸,candidate,1
2026-05-31,domestic_travel,성수,요즘 가장 핫한 성수동 냉삼 맛집 뚝도시장,restaurant,1
2026-05-31,domestic_travel,성수,요즘 특별한 날을 기념하는 사람들이 부쩍 늘,candidate,1
2026-05-31,domestic_travel,성수,워낙 유명해서 횟집하면 노량진만 알았지 가락시장,travel_spot,1
2026-05-31,domestic_travel,성수,을 찾는 커플 2 서울 여행 와 성수역 맛집,restaurant,1
2026-05-31,domestic_travel,성수,이 있더라구요 노량진 수산시장,travel_spot,1
2026-05-31,domestic_travel,성수,이자카야,candidate,1
2026-05-31,domestic_travel,성수,이자카야 지금이밤 성수본점 성수동 데이,candidate,1
2026-05-31,domestic_travel,성수,인증 성수 술집 리타르단도,restaurant,1
2026-05-31,domestic_travel,성수,일식,candidate,1
2026-05-31,domestic_travel,성수,일식 맛집 탐광 내돈내산 솔직 리뷰 성수저녁,restaurant,1
2026-05-31,domestic_travel,성수,주말엔 맛있는 곳을 찾아다니는 완벽한 J형 맛집,restaurant,1
2026-05-31,domestic_travel,성수,즐겨먹는,candidate,1
2026-05-31,domestic_travel,성수,지금이밤,candidate,1
2026-05-31,domestic_travel,성수,챔프커피,cafe,1
2026-05-31,domestic_travel,성수,초이다이닝,restaurant,1
2026-05-31,domestic_travel,성수,터틀힙,candidate,1
2026-05-31,domestic_travel,성수,터틀힙 성수,candidate,1
2026-05-31,domestic_travel,성수,파스타,restaurant,1
2026-05-31,domestic_travel,성수,파스타 맛집 리타르단도 챔프커피,cafe,1
2026-05-31,domestic_travel,성수,파스타 맛집 리타르단도 챔프커피 성수점 성수,cafe,1
2026-05-31,domestic_travel,성수,팝업 갔다가 반한 영등포 베이글 맛집 테디스,popup,1
2026-05-31,domestic_travel,성수,평일,candidate,1
2026-05-31,domestic_travel,성수,한식다이닝,restaurant,1
2026-05-31,domestic_travel,성수,핫플 돌아다니다보면 양식 브런치 감성카페는,cafe,1
2026-05-31,domestic_travel,성수,핫플 레이스,candidate,1
2026-05-31,domestic_travel,성수,핫플 보다 더 핫한 달그락뭉티기 성내점 인데,candidate,1
2026-05-31,domestic_travel,성수,핫플 삿포로 프리미엄 비어스탠드 내돈내산 끝,candidate,1
2026-05-31,domestic_travel,성수,핫플 외국인들도 꽤 많이 기다리는 한국,candidate,1
2026-05-31,domestic_travel,성수,햄버거,candidate,1
2026-05-31,domestic_travel,성수,햄버거 맛집 보어드앤헝그리 참고로 여기는 진,restaurant,1
2026-05-31,domestic_travel,성수,헝그리 참고로 여기는 진짜진짜 제 pick 맛집,restaurant,1
2026-05-31,domestic_travel,성수,호과당,candidate,1
2026-05-31,domestic_travel,성수,DDP전시,attraction,1
2026-05-31,domestic_travel,성수,ETF베이커리,cafe,1
2026-05-31,domestic_travel,성수,NCT 해찬도 즐겨먹는 성수동 짬뽕 맛집,restaurant,1
2026-05-31,domestic_travel,성수,NCT해찬 맛집,restaurant,1
2026-05-31,domestic_travel,성수,RSG,candidate,1
2026-05-31,domestic_travel,인천,-오사카,candidate,1
2026-05-31,domestic_travel,인천,30년 전통 인천 부평시장 떡집 호박인절미 맛집,restaurant,1
2026-05-31,domestic_travel,인천,5성급호텔,travel_spot,1
2026-05-31,domestic_travel,인천,6월 가볼만한곳 인천대공원,travel_spot,1
2026-05-31,domestic_travel,인천,가득,candidate,1
2026-05-31,domestic_travel,인천,가볼만한 장미명소 계양산 장미원 실시간 풍경,candidate,1
2026-05-31,domestic_travel,인천,가볼만한 장미명소 계양산 장미원 실시간개화상,candidate,1
2026-05-31,domestic_travel,인천,가볼만한곳 7선을 소개하려고 하는데요 이 글,candidate,1
2026-05-31,domestic_travel,인천,가볼만한곳 제1경 목섬 항도 을 걸을 수 있,candidate,1
2026-05-31,domestic_travel,인천,가볼만한곳 초여름 바다 감성 주말 드라이브,restaurant,1
2026-05-31,domestic_travel,인천,가볼만한곳 힐링 가득 5월 마무리 모두 행복,candidate,1
2026-05-31,domestic_travel,인천,거주자라면 대중교통으로 충분히 당일치기 가능,candidate,1
2026-05-31,domestic_travel,인천,게장,candidate,1
2026-05-31,domestic_travel,인천,경기,candidate,1
2026-05-31,domestic_travel,인천,계양,candidate,2
2026-05-31,domestic_travel,인천,계양 분위기 자연뷰 맛집 카페 오디와이 커피,cafe,1
2026-05-31,domestic_travel,인천,계양 신혼여행 효과적인 실행 방법 당일치기,candidate,1
2026-05-31,domestic_travel,인천,구월동,candidate,1
2026-05-31,domestic_travel,인천,구월동 샤브샤브 청첩장 모임 식당,restaurant,1
2026-05-31,domestic_travel,인천,구월동 설렁탕 맛집 설농가 내돈내산 솔직 후,restaurant,1
2026-05-31,domestic_travel,인천,국내호텔,travel_spot,1
2026-05-31,domestic_travel,인천,기기 좋은 곳이다 세계적인 거장들의 작품이 리조트,travel_spot,1
2026-05-31,domestic_travel,인천,나온,candidate,1
2026-05-31,domestic_travel,인천,내돈내산 으로 작성한 솔직한 축제,attraction,1
2026-05-31,domestic_travel,인천,내돈내산맛집 송주불냉면 계산점 2단계 도전,restaurant,1
2026-05-31,domestic_travel,인천,노랑어리연꽃,candidate,1
2026-05-31,domestic_travel,인천,노량진수산시장,travel_spot,1
2026-05-31,domestic_travel,인천,당일치기 여행,candidate,1
2026-05-31,domestic_travel,인천,대교와 영종부두랑도 가깝고,candidate,1
2026-05-31,domestic_travel,인천,도 아이와 가볼 만한 곳 파라다이스시티 는 호텔,travel_spot,1
2026-05-31,domestic_travel,인천,동구,candidate,1
2026-05-31,domestic_travel,인천,동구 허니문박람회,attraction,1
2026-05-31,domestic_travel,인천,동구 허니문박람회 유용한 팁 어떤 여행 사를,attraction,1
2026-05-31,domestic_travel,인천,동인천,candidate,2
2026-05-31,domestic_travel,인천,동인천 빈티지 보물찾기 오슬로우 마켓 축제,attraction,1
2026-05-31,domestic_travel,인천,루브르박물관,attraction,1
2026-05-31,domestic_travel,인천,마라공방 마라탕 맛집 시민공원,restaurant,1
2026-05-31,domestic_travel,인천,맛있는,candidate,1
2026-05-31,domestic_travel,인천,망부석,candidate,1
2026-05-31,domestic_travel,인천,모래내시장,travel_spot,1
2026-05-31,domestic_travel,인천,변신연습전시,attraction,1
2026-05-31,domestic_travel,인천,보루,candidate,1
2026-05-31,domestic_travel,인천,부산 고속버스 타고 국내여행 시간표 예매 인,candidate,1
2026-05-31,domestic_travel,인천,부산 고속버스 타고 국내여행 시간표 인천 고,candidate,1
2026-05-31,domestic_travel,인천,부평,candidate,2
2026-05-31,domestic_travel,인천,부평 비 오는 날 생각나서 다녀온 부평 소머,candidate,1
2026-05-31,domestic_travel,인천,부평 산곡역 근처 청천동 안주 맛집 땅콩술방,restaurant,1
2026-05-31,domestic_travel,인천,부평구 시장로12번길 30 2층,travel_spot,1
2026-05-31,domestic_travel,인천,부평시장,travel_spot,1
2026-05-31,domestic_travel,인천,부평시장 떡집 호박인절미 맛집 풍년떡집 30,restaurant,1
2026-05-31,domestic_travel,인천,부평시장 떡집 호박인절미 맛집 풍년떡집 강화,restaurant,1
2026-05-31,domestic_travel,인천,빈티지 보물찾기 오슬로우 마켓 축제,attraction,1
2026-05-31,domestic_travel,인천,삼교리동치미막국수,candidate,1
2026-05-31,domestic_travel,인천,서구,candidate,1
2026-05-31,domestic_travel,인천,서구 가정동 곱창 맛집 루원시티 만복래 한우,restaurant,1
2026-05-31,domestic_travel,인천,서구 가정동 루원시티에 위치한 곱창 맛집 만,restaurant,1
2026-05-31,domestic_travel,인천,서구 곱창 맛집 을 찾다가 방문하게 되었는데,restaurant,1
2026-05-31,domestic_travel,인천,선재도의 선재해수욕장이 정답입니다 대부도와,candidate,1
2026-05-31,domestic_travel,인천,섬 여행 당일치기 출발하고 나면 선내,candidate,1
2026-05-31,domestic_travel,인천,섬여행,candidate,1
2026-05-31,domestic_travel,인천,섬여행 당일치기 명소가 있다고 해서 다녀왔어,candidate,1
2026-05-31,domestic_travel,인천,섬포털 공식 홈페이지 과거보다 배편 접근성이,candidate,1
2026-05-31,domestic_travel,인천,소래포구,candidate,1
2026-05-31,domestic_travel,인천,소래포구 꽃게 축제,attraction,1
2026-05-31,domestic_travel,인천,소래포구 꽃게 축제 수인분당선 타고 편하게,attraction,1
2026-05-31,domestic_travel,인천,송도 달빛축제공원,attraction,1
2026-05-31,domestic_travel,인천,송도 맛집 녹돼야지를 방문했어요 관련 리뷰,restaurant,1
2026-05-31,domestic_travel,인천,송도달빛축제공원,attraction,1
2026-05-31,domestic_travel,인천,송림동 맛집 정정아식당,restaurant,1
2026-05-31,domestic_travel,인천,승봉도,candidate,1
2026-05-31,domestic_travel,인천,시티투어,candidate,1
2026-05-31,domestic_travel,인천,시티투어 & 인스파이어 몰 다음엔 우정여행,candidate,1
2026-05-31,domestic_travel,인천,신포국제시장,travel_spot,1
2026-05-31,domestic_travel,인천,신포로데오,candidate,1
2026-05-31,domestic_travel,인천,실미도유원지에서,candidate,1
2026-05-31,domestic_travel,인천,실미도유원지에서 차크닉 라면 끓여 먹기,candidate,1
2026-05-31,domestic_travel,인천,아기랑,candidate,1
2026-05-31,domestic_travel,인천,아라누리도서관,candidate,1
2026-05-31,domestic_travel,인천,아라누리도서관 방문,candidate,1
2026-05-31,domestic_travel,인천,아벨라움,candidate,1
2026-05-31,domestic_travel,인천,아트플랫폼 전시,attraction,1
2026-05-31,domestic_travel,인천,애관극장 국내 최다 좌석 보유 오랜 개보수를,candidate,1
2026-05-31,domestic_travel,인천,에어스카이 호텔,travel_spot,1
2026-05-31,domestic_travel,인천,연수구,candidate,1
2026-05-31,domestic_travel,인천,연수구 맛집 양꼬치 무한리필,restaurant,1
2026-05-31,domestic_travel,인천,연종도 이렇게 방문했어요 그런데 방문했던 식당,restaurant,1
2026-05-31,domestic_travel,인천,영종도,candidate,6
2026-05-31,domestic_travel,인천,영종도 가볼만한곳 인스파이어 리조트,travel_spot,1
2026-05-31,domestic_travel,인천,영종도 가볼만한곳 인스파이어 리조트 오아시스,travel_spot,1
2026-05-31,domestic_travel,인천,영종도 구읍뱃터 맛집 & 숙소 내돈내산,restaurant,1
2026-05-31,domestic_travel,인천,영종도 베이글 맛집 바다 보며 즐기는 엉클베,restaurant,1
2026-05-31,domestic_travel,인천,영종도 베이직 2시간 보정본까지 받은 시점에,candidate,1
2026-05-31,domestic_travel,인천,영종도 최고의 호캉스 아이들과 가도 좋을 인,candidate,1
2026-05-31,domestic_travel,인천,영종도 파라다이스시티 시그니처 조형물과 야외,candidate,1
2026-05-31,domestic_travel,인천,영종도식당,restaurant,1
2026-05-31,domestic_travel,인천,영종도에 위치한 인스파이어 아레나까지 그것도,candidate,1
2026-05-31,domestic_travel,인천,영종도호텔,travel_spot,1
2026-05-31,domestic_travel,인천,오디와이 커피,cafe,1
2026-05-31,domestic_travel,인천,오디와이커피,cafe,1
2026-05-31,domestic_travel,인천,오르세미술관,attraction,1
2026-05-31,domestic_travel,인천,오빠집에서 뒹굴거리며 놀다가 저녁으로 임성근,candidate,1
2026-05-31,domestic_travel,인천,오슬로우 마켓 동인천 고유의 레트로한 분위기,candidate,1
2026-05-31,domestic_travel,인천,오아시스 리조트,travel_spot,1
2026-05-31,domestic_travel,인천,운서역 가볼만한곳,candidate,1
2026-05-31,domestic_travel,인천,월미도,candidate,1
2026-05-31,domestic_travel,인천,월미도를 총평 서울 근교 당일치기 여행지를,candidate,1
2026-05-31,domestic_travel,인천,월미바다열차,restaurant,1
2026-05-31,domestic_travel,인천,을왕리식당,restaurant,1
2026-05-31,domestic_travel,인천,이곳에 가면 뭘 할까 고민하고 계신가요 20,candidate,1
2026-05-31,domestic_travel,인천,인스파이어엔터테인먼트리조트,travel_spot,1
2026-05-31,domestic_travel,인천,일상 생각 사색 송도 달빛 축제 공원,attraction,1
2026-05-31,domestic_travel,인천,있는 주변에 호텔,travel_spot,1
2026-05-31,domestic_travel,인천,있던 터라 여기 괜찮다 싶었어요 에어스카이호텔,travel_spot,1
2026-05-31,domestic_travel,인천,자월도,candidate,1
2026-05-31,domestic_travel,인천,자월도 여행 - 50분이면 가는 보랏빛 섬의,candidate,1
2026-05-31,domestic_travel,인천,전시,attraction,1
2026-05-31,domestic_travel,인천,전통,candidate,1
2026-05-31,domestic_travel,인천,종합터미널,candidate,1
2026-05-31,domestic_travel,인천,좋을,candidate,1
2026-05-31,domestic_travel,인천,주안,candidate,1
2026-05-31,domestic_travel,인천,주안 맛집 수제돈까스 드림식당,restaurant,1
2026-05-31,domestic_travel,인천,주안 맛집 수제돈까스 드림식당 내돈내산 방문,restaurant,1
2026-05-31,domestic_travel,인천,주안까지 가서 먹은 오므라이스집에 대해 써보,candidate,1
2026-05-31,domestic_travel,인천,중산동,candidate,1
2026-05-31,domestic_travel,인천,중산동 갈비 맛집 니나노본갈비 솔직 방문 후,restaurant,1
2026-05-31,domestic_travel,인천,지금 바로 신포로데오에서 색다른 경험,restaurant,1
2026-05-31,domestic_travel,인천,짜장면박물관,attraction,1
2026-05-31,domestic_travel,인천,차이나타운,candidate,1
2026-05-31,domestic_travel,인천,차이나타운 짜장면 박물관,attraction,1
2026-05-31,domestic_travel,인천,코지하우스,candidate,1
2026-05-31,domestic_travel,인천,파리미술관,attraction,1
2026-05-31,domestic_travel,인천,파리박물관,attraction,1
2026-05-31,domestic_travel,인천,포36거리 짜조가 맛있는 인천청라 맛집,restaurant,1
2026-05-31,domestic_travel,인천,풍년떡집 30년 전통 인천 부평시장,travel_spot,1
2026-05-31,domestic_travel,인천,피치항공,candidate,1
2026-05-31,domestic_travel,인천,해수욕장 긴 휴가를 내기 어려운 바쁜 일상,restaurant,1
2026-05-31,domestic_travel,인천,해요 스테이크하우스 이크 업체 인천 부평구 시장,travel_spot,1
2026-05-31,domestic_travel,인천,호캉스,candidate,1
2026-05-31,domestic_travel,인천,효율적입니다 예를 들어 인천공항 도착 후 호텔,travel_spot,1
2026-05-31,domestic_travel,인천,ICN,candidate,2
2026-05-31,domestic_travel,제주,1 그동안 많은 제주여행을 다니면서 봄에 간,candidate,1
2026-05-31,domestic_travel,제주,2 제주홉히,candidate,1
2026-05-31,domestic_travel,제주,2박 3일 이번 여행 최고 맛집,restaurant,1
2026-05-31,domestic_travel,제주,2박 3일 이번 여행 최고 맛집 소규모식탁,restaurant,1
2026-05-31,domestic_travel,제주,3대 김밥 다가미 그러다가 찾은 제주 3대,candidate,1
2026-05-31,domestic_travel,제주,3대 김밥 다가미 그러다가 찾은 제주 3대 맛집,restaurant,1
2026-05-31,domestic_travel,제주,3박 4일 먹은 음식 중 TOP3였던 동문시장,travel_spot,1
2026-05-31,domestic_travel,제주,8월,candidate,1
2026-05-31,domestic_travel,제주,가기,candidate,1
2026-05-31,domestic_travel,제주,가득했던,candidate,1
2026-05-31,domestic_travel,제주,가맹점에서 결제할 때마다 10,candidate,1
2026-05-31,domestic_travel,제주,가이드,candidate,1
2026-05-31,domestic_travel,제주,가족여행,candidate,2
2026-05-31,domestic_travel,제주,가족여행 테디베어하우스 테지움에서 동심으로,candidate,1
2026-05-31,domestic_travel,제주,가족여행 특별한 추억 못할 재미와 감동을 선,candidate,1
2026-05-31,domestic_travel,제주,가파도,candidate,1
2026-05-31,domestic_travel,제주,감성 제대로 제주 여행 오면 밤에 꼭 가봐야,candidate,1
2026-05-31,domestic_travel,제주,강원도,candidate,1
2026-05-31,domestic_travel,제주,같은,candidate,1
2026-05-31,domestic_travel,제주,개장일,candidate,1
2026-05-31,domestic_travel,제주,개화시기,candidate,1
2026-05-31,domestic_travel,제주,건강관리 핫플 내부를 둘러보니 벽면에 방문,candidate,1
2026-05-31,domestic_travel,제주,고기국수가 맛있는 동진고기국수 동문시장,restaurant,1
2026-05-31,domestic_travel,제주,고흥에서,candidate,1
2026-05-31,domestic_travel,제주,공항,candidate,1
2026-05-31,domestic_travel,제주,공항 근처에,candidate,1
2026-05-31,domestic_travel,제주,근처,candidate,1
2026-05-31,domestic_travel,제주,근처에는 현지인이 자주 찾는 작은 식당,restaurant,1
2026-05-31,domestic_travel,제주,글한 핫플 이더라고요 장진우 셰프의 새로운 식당,restaurant,1
2026-05-31,domestic_travel,제주,금오름,candidate,1
2026-05-31,domestic_travel,제주,금화효소원,candidate,1
2026-05-31,domestic_travel,제주,김녕미로공원,travel_spot,1
2026-05-31,domestic_travel,제주,김밥,candidate,1
2026-05-31,domestic_travel,제주,김지훈고기국수,restaurant,1
2026-05-31,domestic_travel,제주,날의,candidate,1
2026-05-31,domestic_travel,제주,남대문시장,travel_spot,1
2026-05-31,domestic_travel,제주,내돈내산 여기 또 좋은게 매장 바로 옆에 흑,restaurant,1
2026-05-31,domestic_travel,제주,넘 좋아 내돈내산 2개 구입 코난해변,travel_spot,1
2026-05-31,domestic_travel,제주,는 저녁 식사였다 집에 갈 땐 해가 져버림 호텔,travel_spot,1
2026-05-31,domestic_travel,제주,다녀오기,candidate,1
2026-05-31,domestic_travel,제주,다시,candidate,1
2026-05-31,domestic_travel,제주,다양한 볼거리와 먹거리가 있지만 그중 제주하,candidate,1
2026-05-31,domestic_travel,제주,달가든하우스,candidate,1
2026-05-31,domestic_travel,제주,당일치기 여행과 이전,candidate,1
2026-05-31,domestic_travel,제주,당일치기 여행을 다녀왔다 쇠소깍 카약 체험과,candidate,1
2026-05-31,domestic_travel,제주,당일치기 제주도명소 마라도짜장면 제주도핫플,candidate,1
2026-05-31,domestic_travel,제주,당일치기 하루 중 몇시간동안은 아기를 엄마에,candidate,1
2026-05-31,domestic_travel,제주,대전중앙시장,travel_spot,1
2026-05-31,domestic_travel,제주,대접받는,candidate,1
2026-05-31,domestic_travel,제주,대접받는 느낌 물씬 부모님과 가기 좋은,candidate,1
2026-05-31,domestic_travel,제주,대표 관광지 중 하나인 천지연폭포를,candidate,1
2026-05-31,domestic_travel,제주,더본호텔,travel_spot,1
2026-05-31,domestic_travel,제주,더현대서울전시,attraction,1
2026-05-31,domestic_travel,제주,덕구,candidate,1
2026-05-31,domestic_travel,제주,데 실제로는 뻔한 그래서 약간 떨어진 광치기해변,travel_spot,1
2026-05-31,domestic_travel,제주,도 6월 가볼 만한 곳 반딧불이 축제,attraction,1
2026-05-31,domestic_travel,제주,도 해수욕장 개장일 제주 이호테우 해변,travel_spot,1
2026-05-31,domestic_travel,제주,도민부부 데이트비양도 맛있는상생축제,attraction,1
2026-05-31,domestic_travel,제주,도에서 만난 인생 커피,cafe,1
2026-05-31,domestic_travel,제주,도여행,candidate,1
2026-05-31,domestic_travel,제주,동문시장,travel_spot,4
2026-05-31,domestic_travel,제주,동문시장 맛집 명란스낵 3박 4일 먹은 음식,restaurant,1
2026-05-31,domestic_travel,제주,동문시장 야시장,travel_spot,1
2026-05-31,domestic_travel,제주,동문시장야시장,travel_spot,1
2026-05-31,domestic_travel,제주,동반,candidate,1
2026-05-31,domestic_travel,제주,동쪽,candidate,3
2026-05-31,domestic_travel,제주,동쪽 가볼만한곳 김녕미로공원,travel_spot,1
2026-05-31,domestic_travel,제주,동쪽 가볼만한곳 김녕미로공원 제주 여행,travel_spot,1
2026-05-31,domestic_travel,제주,동쪽 가볼만한곳 비밀의숲,candidate,1
2026-05-31,domestic_travel,제주,동쪽 가볼만한곳 ATV 승마 체험 뷰제주하늘,candidate,1
2026-05-31,domestic_travel,제주,동쪽 여행 코스로,candidate,1
2026-05-31,domestic_travel,제주,동쪽의 명소이자 핫플 인데요 서핑 레저구역이,candidate,1
2026-05-31,domestic_travel,제주,디지털관광증,candidate,1
2026-05-31,domestic_travel,제주,디카페인커피,cafe,1
2026-05-31,domestic_travel,제주,떠난,candidate,1
2026-05-31,domestic_travel,제주,랜디스도넛,candidate,1
2026-05-31,domestic_travel,제주,렌트카 제주도 여행을 결정하고 나서 항공권 호텔,travel_spot,1
2026-05-31,domestic_travel,제주,리뷰,candidate,1
2026-05-31,domestic_travel,제주,마라도짜장면,candidate,1
2026-05-31,domestic_travel,제주,명란스낵동문시장,travel_spot,1
2026-05-31,domestic_travel,제주,명소 TOP 3 일과 휴식을 동시에 잡는 숙소,travel_spot,1
2026-05-31,domestic_travel,제주,명소를 돌고 우도 택시 기사님이 친절하게 숨,candidate,1
2026-05-31,domestic_travel,제주,모래사장으로 유명한 곳으로 제주를 대표하는 해변,travel_spot,1
2026-05-31,domestic_travel,제주,목걸이사러,candidate,1
2026-05-31,domestic_travel,제주,물회,candidate,1
2026-05-31,domestic_travel,제주,물회 괜찮은 곳인거 같애용 제주 제주시 애월,candidate,1
2026-05-31,domestic_travel,제주,바다어멍 서귀포올레시장,restaurant,1
2026-05-31,domestic_travel,제주,바람을 맞으며 해변을 산책하기에 최적화된 동,restaurant,1
2026-05-31,domestic_travel,제주,바퀴,restaurant,1
2026-05-31,domestic_travel,제주,밭디,candidate,1
2026-05-31,domestic_travel,제주,베이커리,cafe,1
2026-05-31,domestic_travel,제주,별방진,candidate,1
2026-05-31,domestic_travel,제주,별방진 유채꽃 3월 말 방문한 동쪽 가볼만한,candidate,1
2026-05-31,domestic_travel,제주,보말칼국수,candidate,1
2026-05-31,domestic_travel,제주,보와 공연 제주시 제30회 제주국제관광마라톤축제,attraction,1
2026-05-31,domestic_travel,제주,봉성식당,restaurant,1
2026-05-31,domestic_travel,제주,부천 가볼만한 곳 부천 백만송이 장미축제,attraction,1
2026-05-31,domestic_travel,제주,부천장미축제,attraction,1
2026-05-31,domestic_travel,제주,비짓,candidate,1
2026-05-31,domestic_travel,제주,산지,candidate,1
2026-05-31,domestic_travel,제주,산지 해산물로 꾸려진 오마카세 식도락 여행,restaurant,1
2026-05-31,domestic_travel,제주,살다보니 당일치기 육지여행도 해보네 점점 육,candidate,1
2026-05-31,domestic_travel,제주,생활의,candidate,1
2026-05-31,domestic_travel,제주,생활의 또 퇴근길에 더현대서울 간 사람 그,candidate,1
2026-05-31,domestic_travel,제주,서 포토스팟으로 잠깐 들리기 좋은 이호테우 해변,travel_spot,1
2026-05-31,domestic_travel,제주,서귀포,candidate,4
2026-05-31,domestic_travel,제주,서귀포 신화월드 동물원 모모쥬동물원 카피바라,restaurant,1
2026-05-31,domestic_travel,제주,서귀포 치유의숲 입니다 서귀포여행,candidate,1
2026-05-31,domestic_travel,제주,서귀포올레시장본점,travel_spot,1
2026-05-31,domestic_travel,제주,서귀포은 호텔,travel_spot,1
2026-05-31,domestic_travel,제주,서울무료전시,attraction,1
2026-05-31,domestic_travel,제주,서쪽,candidate,1
2026-05-31,domestic_travel,제주,서쪽 10만원 이하 가성비 저도 마지막 날,candidate,1
2026-05-31,domestic_travel,제주,서쪽은 바다 꽃 감성 카페 맛집 이 골고루,cafe,1
2026-05-31,domestic_travel,제주,선물가게,candidate,1
2026-05-31,domestic_travel,제주,선흘방주할머니식당,restaurant,1
2026-05-31,domestic_travel,제주,설성공원,travel_spot,1
2026-05-31,domestic_travel,제주,성산,candidate,1
2026-05-31,domestic_travel,제주,성산 갈치요리 찐 맛집 숙자네숟가락젓가락 성,restaurant,1
2026-05-31,domestic_travel,제주,성산일출봉,candidate,1
2026-05-31,domestic_travel,제주,성산일출봉 차박 새벽 풍경 충격이었습니다 제,candidate,1
2026-05-31,domestic_travel,제주,성산일출봉을,candidate,1
2026-05-31,domestic_travel,제주,성산일출봉을 마주하는 가장 아름다운 방,candidate,1
2026-05-31,domestic_travel,제주,수국,candidate,1
2026-05-31,domestic_travel,제주,수국 명소 답다니수국밭 가는 타이밍 알려줄게,candidate,1
2026-05-31,domestic_travel,제주,수국명소,candidate,1
2026-05-31,domestic_travel,제주,술빚는여행자,candidate,1
2026-05-31,domestic_travel,제주,승마,candidate,1
2026-05-31,domestic_travel,제주,승마 체험부터 이색자전거까지 아이와 가볼만한,candidate,1
2026-05-31,domestic_travel,제주,시 동문로6길 4 1-3층 일도일동 아베,candidate,1
2026-05-31,domestic_travel,제주,시내,candidate,2
2026-05-31,domestic_travel,제주,시내 감성 카페 제주도 느좋 카페 공항 근처,cafe,1
2026-05-31,domestic_travel,제주,시청 양식집 소프 후식으로 바닐라 아이스크림,restaurant,1
2026-05-31,domestic_travel,제주,신라호텔,travel_spot,1
2026-05-31,domestic_travel,제주,신라호텔- 6 1,travel_spot,1
2026-05-31,domestic_travel,제주,신화월드,candidate,1
2026-05-31,domestic_travel,제주,신화월드 근처 맛집 솔직,restaurant,1
2026-05-31,domestic_travel,제주,아베베베이커리,cafe,1
2026-05-31,domestic_travel,제주,아베베베이커리제주 업체명 아베베베이커리,cafe,1
2026-05-31,domestic_travel,제주,아이동반,candidate,1
2026-05-31,domestic_travel,제주,아이동반 숙소 찾는다면 글램핑 카라반 BES,travel_spot,1
2026-05-31,domestic_travel,제주,아이랑,candidate,1
2026-05-31,domestic_travel,제주,아이와 가볼만한곳 을 찾는 분들이라면 한 번,candidate,1
2026-05-31,domestic_travel,제주,알겠다,candidate,1
2026-05-31,domestic_travel,제주,알려주는,candidate,1
2026-05-31,domestic_travel,제주,애월,candidate,4
2026-05-31,domestic_travel,제주,애월 랜디스도넛 제주애월점 내돈내산 솔직,candidate,1
2026-05-31,domestic_travel,제주,애월 새별프렌즈 방문기 귀여운 동물 먹이주기,candidate,1
2026-05-31,domestic_travel,제주,애월 오션뷰 고기국수 맛집 아침바다 고기 그,restaurant,1
2026-05-31,domestic_travel,제주,야키토리,candidate,1
2026-05-31,domestic_travel,제주,에 가볍게 걸어서 맑은 제주 바람을 맞으며 해변,restaurant,1
2026-05-31,domestic_travel,제주,에디션,candidate,1
2026-05-31,domestic_travel,제주,에디션 런칭 전시,attraction,1
2026-05-31,domestic_travel,제주,에서 갈비살+아구살에 제주 증류주 짠 함덕 해변,travel_spot,1
2026-05-31,domestic_travel,제주,에서 제일 맛있는 커피,cafe,1
2026-05-31,domestic_travel,제주,에코랜드,candidate,1
2026-05-31,domestic_travel,제주,여객선,candidate,1
2026-05-31,domestic_travel,제주,여름의,candidate,1
2026-05-31,domestic_travel,제주,여름의 맛을 담다 웨스턴 그라운드 에서,candidate,1
2026-05-31,domestic_travel,제주,여의도무료전시,attraction,1
2026-05-31,domestic_travel,제주,여의도전시,attraction,1
2026-05-31,domestic_travel,제주,여행 계획을 세우다 보면 식당,restaurant,1
2026-05-31,domestic_travel,제주,여행 까먹기전에 얼른 기록해두고 필요하신분들,candidate,1
2026-05-31,domestic_travel,제주,여행 맛집 검색해서 들어오신 분들 환영합니다,restaurant,1
2026-05-31,domestic_travel,제주,여행 이였어요,candidate,1
2026-05-31,domestic_travel,제주,여행 중 꼭 들러야 할 명소 친구들과 사랑하,candidate,1
2026-05-31,domestic_travel,제주,여행 코스,candidate,2
2026-05-31,domestic_travel,제주,여행객에게 실용적인 방문지입니다 메르시 소품,candidate,1
2026-05-31,domestic_travel,제주,여행에도 꼭 다시 와야겠어요,candidate,1
2026-05-31,domestic_travel,제주,여행에서 절대 놓치지 말아야 할 최고의 명소,candidate,1
2026-05-31,domestic_travel,제주,여행에서도 다시 방문하고 싶은 카페로 기억에,cafe,1
2026-05-31,domestic_travel,제주,여행을 계획 중이시라면 지금이 딱 좋은 타이,candidate,1
2026-05-31,domestic_travel,제주,여행의 시작을 완벽하게 열어줄 든든한 한 끼,candidate,1
2026-05-31,domestic_travel,제주,옆 수국명소 제주 동쪽 가볼만한곳 김녕미로공원,travel_spot,1
2026-05-31,domestic_travel,제주,예약사이트,candidate,1
2026-05-31,domestic_travel,제주,올레시장 맛집 바다어멍 서귀포올레시장,restaurant,1
2026-05-31,domestic_travel,제주,와흘메밀마을,candidate,1
2026-05-31,domestic_travel,제주,와흘메밀마을 10 만 평 하얀 메밀꽃밭에서,candidate,1
2026-05-31,domestic_travel,제주,완도에서,candidate,2
2026-05-31,domestic_travel,제주,왔다간,candidate,1
2026-05-31,domestic_travel,제주,왜 줄 서서 먹는지 알겠다 제주 우진해,candidate,1
2026-05-31,domestic_travel,제주,요즘,candidate,1
2026-05-31,domestic_travel,제주,요즘 인스타에서 가장 핫한 카페 기름떡을 파,cafe,1
2026-05-31,domestic_travel,제주,우도,candidate,1
2026-05-31,domestic_travel,제주,우도 여행 완전 가이드,candidate,1
2026-05-31,domestic_travel,제주,우도 여행 완전 가이드 제주까지 갔다면 꼭,candidate,1
2026-05-31,domestic_travel,제주,우진해장국,candidate,1
2026-05-31,domestic_travel,제주,유민,candidate,1
2026-05-31,domestic_travel,제주,유민 아르누보 뮤지엄,candidate,1
2026-05-31,domestic_travel,제주,육개장,candidate,1
2026-05-31,domestic_travel,제주,융드립커피,cafe,1
2026-05-31,domestic_travel,제주,으로 알려진 동진국수 동문시장,travel_spot,1
2026-05-31,domestic_travel,제주,음성품바축제,attraction,1
2026-05-31,domestic_travel,제주,이호테우,candidate,2
2026-05-31,domestic_travel,제주,이호테우 해변,travel_spot,2
2026-05-31,domestic_travel,제주,이호테우 해변 모습을 보여드리려고 해요 여름,travel_spot,1
2026-05-31,domestic_travel,제주,인천에서,candidate,1
2026-05-31,domestic_travel,제주,일몰,candidate,1
2026-05-31,domestic_travel,제주,일몰 명소 외도동과 핑크빛으로 물드는 제주,candidate,1
2026-05-31,domestic_travel,제주,임실장미축제,attraction,1
2026-05-31,domestic_travel,제주,임실N장미축제,attraction,1
2026-05-31,domestic_travel,제주,있어 인프라가 매우 뛰어납니다 다인오세아노호텔,travel_spot,1
2026-05-31,domestic_travel,제주,전국축제,attraction,1
2026-05-31,domestic_travel,제주,전망좋은횟집&흑돼지,candidate,1
2026-05-31,domestic_travel,제주,전망좋은횟집&흑돼지 성산본점,candidate,1
2026-05-31,domestic_travel,제주,제원노형점,candidate,1
2026-05-31,domestic_travel,제주,제주 신라호텔,travel_spot,1
2026-05-31,domestic_travel,제주,제주 함덕 카페 슈페너 라떼 맛집 함덕,cafe,1
2026-05-31,domestic_travel,제주,조천,candidate,3
2026-05-31,domestic_travel,제주,조천 맛집 선흘방주할머니식당,restaurant,1
2026-05-31,domestic_travel,제주,조천 맛집 선흘방주할머니식당 제주세계자연유산,restaurant,1
2026-05-31,domestic_travel,제주,조천 숙소 보메와산 펜션 특징과 여행 팁 제,travel_spot,1
2026-05-31,domestic_travel,제주,조천 제주의 바람이 책갈피가 되는 카페 이곳,cafe,1
2026-05-31,domestic_travel,제주,조천에 위치한 보메와산 펜션은 넓은 부지와,travel_spot,1
2026-05-31,domestic_travel,제주,좋은,candidate,1
2026-05-31,domestic_travel,제주,주소,candidate,1
2026-05-31,domestic_travel,제주,주시 동문로6길 4 1-3층 일도일동 아베베베이커리,cafe,1
2026-05-31,domestic_travel,제주,증류주 짠 함덕 해변을 따라 도란도란 산작하,travel_spot,1
2026-05-31,domestic_travel,제주,천하제일오라방,candidate,1
2026-05-31,domestic_travel,제주,청굴물,candidate,1
2026-05-31,domestic_travel,제주,청초수물회,candidate,1
2026-05-31,domestic_travel,제주,출장 따라와서 당일치기 여행하기,candidate,1
2026-05-31,domestic_travel,제주,커피,cafe,1
2026-05-31,domestic_travel,제주,코스,candidate,1
2026-05-31,domestic_travel,제주,크림커피,cafe,1
2026-05-31,domestic_travel,제주,탐나는전,candidate,1
2026-05-31,domestic_travel,제주,탐나는전 10,candidate,1
2026-05-31,domestic_travel,제주,탑동,candidate,1
2026-05-31,domestic_travel,제주,탑동 장진우 셰프 신상 맛집 사오공대패 구,restaurant,1
2026-05-31,domestic_travel,제주,태국허니문,candidate,1
2026-05-31,domestic_travel,제주,태국허니문 필수 대비 피피섬이나 라차섬 당일,candidate,1
2026-05-31,domestic_travel,제주,택시투어를 이용한 여행을 다녀왔습니다 오늘,candidate,1
2026-05-31,domestic_travel,제주,테지움,candidate,1
2026-05-31,domestic_travel,제주,테지움에서의,candidate,1
2026-05-31,domestic_travel,제주,통갈치,candidate,1
2026-05-31,domestic_travel,제주,통갈치 올레시장맛집 바다어멍 서귀포올레시장본,restaurant,1
2026-05-31,domestic_travel,제주,퇴근길에 더현대서울 간 사람 그 중 프린트베이커리,cafe,1
2026-05-31,domestic_travel,제주,투어,candidate,1
2026-05-31,domestic_travel,제주,트립,candidate,1
2026-05-31,domestic_travel,제주,페달을 밟고 먹어서 감동이 2배였던 로컬 맛집,restaurant,1
2026-05-31,domestic_travel,제주,품바축제,attraction,1
2026-05-31,domestic_travel,제주,한라사진관 현재 한라사진관에서는 한라축산정육식당,restaurant,1
2026-05-31,domestic_travel,제주,함덕서우봉해변,travel_spot,1
2026-05-31,domestic_travel,제주,함덕해변,travel_spot,1
2026-05-31,domestic_travel,제주,함덕해변 가볼만한 곳 과 겨울철 방문 시 주,travel_spot,1
2026-05-31,domestic_travel,제주,함덕해수욕장,candidate,1
2026-05-31,domestic_travel,제주,함덕해수욕장 오랜만의 방문기 벌써 여름시즌,candidate,1
2026-05-31,domestic_travel,제주,해운대 모래축제,attraction,1
2026-05-31,domestic_travel,제주,현무암 돌담 옆에 핀 파란 수국 거제도수국개,candidate,1
2026-05-31,domestic_travel,제주,혼인지 무료로 즐기는 섬 수국 산책 제주도에,candidate,1
2026-05-31,domestic_travel,제주,혼자 여행 하면서 포토스팟으로 잠깐 들리기,candidate,1
2026-05-31,domestic_travel,제주,혼자여행,candidate,1
2026-05-31,domestic_travel,제주,혼자여행 1인 숙소,travel_spot,1
2026-05-31,domestic_travel,제주,효소찜질,candidate,1
2026-05-31,domestic_travel,제주,효소찜질 금화효소원 제주점 부모님 모시고 다,candidate,1
2026-05-31,domestic_travel,제주,후닥딱,candidate,1
2026-05-31,domestic_travel,제주,후닥딱 당일치기,candidate,1
2026-05-31,domestic_travel,제주,휴애리수국축제,attraction,1
2026-05-31,domestic_travel,제주,흑돼지,candidate,1
2026-05-31,domestic_travel,제주,히밥도,candidate,1
2026-05-31,domestic_travel,제주,히밥도 왔다간 제주 시내 고기국수 맛집 혼바,restaurant,1
2026-05-31,domestic_travel,제주,ABEBE,candidate,1
2026-05-31,domestic_travel,제주,ABEBE BAKERY Jeju 동문시장,travel_spot,1
2026-05-31,domestic_travel,제주,ABEBE BAKERY Jeju 동문시장 핫,travel_spot,1
2026-05-31,domestic_travel,제주,ATV 체험의,candidate,1
2026-05-31,domestic_travel,제주,print bakery x 왈종미술관,attraction,1
2026-05-31,food,강남,3만원대 속눈썹펌 무쌍 속눈썹펌 내돈내산 맛집,restaurant,1
2026-05-31,food,강남,80에 위치해 있습니다 신논현역 6번 역삼동맛집,restaurant,1
2026-05-31,food,강남,가볼만한 곳 중에 반지대학 강남캠퍼스가 있다,candidate,1
2026-05-31,food,강남,가성비,candidate,1
2026-05-31,food,강남,가성비 칵테일바 실내데이트 Stay in 비,restaurant,1
2026-05-31,food,강남,갈비,candidate,1
2026-05-31,food,강남,갈비 1등의 온기 제가 갔던 시간대가 애매한,candidate,1
2026-05-31,food,강남,갓덴스시,candidate,1
2026-05-31,food,강남,강남구청역 한우 맛집 우천식육식당,restaurant,1
2026-05-31,food,강남,건강하게,candidate,1
2026-05-31,food,강남,건강하게 먹고 싶을 때 그린레시피 내돈,candidate,1
2026-05-31,food,강남,고기가득덮밥,restaurant,1
2026-05-31,food,강남,고기꾼김춘배,restaurant,1
2026-05-31,food,강남,곰커피로스터스,cafe,1
2026-05-31,food,강남,구워주는,candidate,1
2026-05-31,food,강남,구워주는 고깃집 LA갈비 전문점 라비옥 역삼,candidate,1
2026-05-31,food,강남,구청역점,candidate,1
2026-05-31,food,강남,구황작물빵,candidate,1
2026-05-31,food,강남,근처,candidate,1
2026-05-31,food,강남,꼼장어,candidate,1
2026-05-31,food,강남,꼼장어 맛집 짱이네 산곰장어에서 부산의,restaurant,1
2026-05-31,food,강남,나만의,candidate,1
2026-05-31,food,강남,나만의 향기를 기록하는 곳 강남 향수공방,candidate,1
2026-05-31,food,강남,나만의 향기를 기록하는 곳 강남 향수공방 닷,candidate,1
2026-05-31,food,강남,남구 강남대로92길 29 운영시간 강남데이트맛집,restaurant,1
2026-05-31,food,강남,논현직영점,candidate,1
2026-05-31,food,강남,담벼락식당,restaurant,1
2026-05-31,food,강남,더타코부스,candidate,1
2026-05-31,food,강남,데바스테이트 늦은 밤에도 좋은 로스터리 커피,cafe,1
2026-05-31,food,강남,데바스테이트 청담 로스터리 감성 가득한 커피,cafe,1
2026-05-31,food,강남,데일리픽스,candidate,1
2026-05-31,food,강남,데일리픽스 중독성 있는 맛,candidate,1
2026-05-31,food,강남,라비옥,candidate,1
2026-05-31,food,강남,맛있는,candidate,2
2026-05-31,food,강남,맥도날드,candidate,1
2026-05-31,food,강남,미쳤던,candidate,1
2026-05-31,food,강남,바스버거,restaurant,1
2026-05-31,food,강남,반지대학,candidate,1
2026-05-31,food,강남,부산3대돈까스맛집,restaurant,1
2026-05-31,food,강남,비랩,candidate,1
2026-05-31,food,강남,뼈찜,candidate,1
2026-05-31,food,강남,뼈찜 맛집 을 가고 싶다면 만세 감자탕 10,restaurant,1
2026-05-31,food,강남,삼겹살,candidate,2
2026-05-31,food,강남,상견례,candidate,1
2026-05-31,food,강남,샤브샤브,candidate,1
2026-05-31,food,강남,서 골목길로 좀 들어오면 바로입니당 우천식육식당,restaurant,1
2026-05-31,food,강남,서관면옥 은 광평 한우 다이닝,restaurant,1
2026-05-31,food,강남,서울 3대 순대국 오늘은 서울 3대 순대국 맛집,restaurant,1
2026-05-31,food,강남,서울3대돈까스맛집,restaurant,1
2026-05-31,food,강남,소보키,candidate,1
2026-05-31,food,강남,솥내음,candidate,1
2026-05-31,food,강남,솥내음 스타필드 코엑스몰점 입니다 주말 점심,candidate,1
2026-05-31,food,강남,순살,candidate,1
2026-05-31,food,강남,순살 뼈해장국 맛집 안녕하세요 강남에서 야무,restaurant,1
2026-05-31,food,강남,스페셜티커피,cafe,1
2026-05-31,food,강남,신논현역,candidate,1
2026-05-31,food,강남,신사 맛집 에서 편안하게 즐긴 특별한 삼겹살,restaurant,1
2026-05-31,food,강남,신사 맛집 은 고기냄새가 먼저 반겨서 기대감,restaurant,1
2026-05-31,food,강남,신사레스토랑,restaurant,1
2026-05-31,food,강남,신사역 돈까스 맛집 카츠공방,restaurant,1
2026-05-31,food,강남,신세계,candidate,1
2026-05-31,food,강남,신세계백화점,candidate,1
2026-05-31,food,강남,쌀국수,candidate,2
2026-05-31,food,강남,쌀국수 가성비 맛집 땀땀 내돈내산 강남 가성,restaurant,1
2026-05-31,food,강남,쌀국수 호앙비엣 강남점 맛있는 요리 영상으로,candidate,1
2026-05-31,food,강남,안목,candidate,1
2026-05-31,food,강남,압구정레스토랑,restaurant,1
2026-05-31,food,강남,양재 햄버거 맛집 원스타 올드패션드 도곡점,restaurant,1
2026-05-31,food,강남,어복쟁반,candidate,1
2026-05-31,food,강남,어복쟁반 맛집 서관면옥 삼성점에 다녀왔습니다,restaurant,1
2026-05-31,food,강남,역 3만원대 속눈썹펌 무쌍 속눈썹펌 내돈,candidate,1
2026-05-31,food,강남,역식당,restaurant,1
2026-05-31,food,강남,역파인다이닝,restaurant,1
2026-05-31,food,강남,영어회화,candidate,1
2026-05-31,food,강남,영어회화 요즘 힙한 그곳 인생영어놀이터 랭스,candidate,1
2026-05-31,food,강남,올리맛지,candidate,1
2026-05-31,food,강남,요리주점,candidate,1
2026-05-31,food,강남,요리주점 멕시타이거 배부르니까 맥주만 계속,candidate,1
2026-05-31,food,강남,우천식육식당,restaurant,1
2026-05-31,food,강남,이탈리안레스토랑,restaurant,1
2026-05-31,food,강남,인근에 예복 대여 맞춤예복,candidate,1
2026-05-31,food,강남,일본 3대 오니기리 맛집,restaurant,1
2026-05-31,food,강남,있는 모듬카츠세트가 있다고 해서 다녀온 카츠공방,candidate,1
2026-05-31,food,강남,저는 조만간 루프탑에서 선선한 바람 맞으며 커피,cafe,1
2026-05-31,food,강남,적인 공간의 조화 확실한 소확행을 보장하는 커피,cafe,1
2026-05-31,food,강남,점 지하 식품관을 둘러보게 됐어 원래는 커피,cafe,1
2026-05-31,food,강남,점심,candidate,1
2026-05-31,food,강남,정희 에 다녀왔습니다 강남역 맛집 입니다 식당,restaurant,1
2026-05-31,food,강남,제목,candidate,1
2026-05-31,food,강남,조양관,candidate,1
2026-05-31,food,강남,좋아한다면 데바스테이트는 꼭 가보세요 청담동커피,cafe,1
2026-05-31,food,강남,지역을 운행하는 차량이라면 강남 직장인들이,candidate,1
2026-05-31,food,강남,진주 맛집 양식당,restaurant,1
2026-05-31,food,강남,집 LA갈비 전문점 라비옥 역삼본점 역삼동 맛집,restaurant,1
2026-05-31,food,강남,쪽 돌잔치 딱 좋아 보였던 선릉 맛집 동화고,restaurant,1
2026-05-31,food,강남,천 모너트 4년 연속 블루리본 서베이 서울 맛집,restaurant,1
2026-05-31,food,강남,청년감자탕순대국,candidate,1
2026-05-31,food,강남,청담동커피,cafe,1
2026-05-31,food,강남,청담동파인다이닝,restaurant,1
2026-05-31,food,강남,청담룸식당,restaurant,1
2026-05-31,food,강남,청담파인다이닝,restaurant,1
2026-05-31,food,강남,청류벽,candidate,1
2026-05-31,food,강남,츄라우미,candidate,1
2026-05-31,food,강남,치스타리에,candidate,1
2026-05-31,food,강남,카츠공방,candidate,1
2026-05-31,food,강남,칵테일,candidate,1
2026-05-31,food,강남,칵테일 무제한 비랩 강남본점 안주반입 가능한,candidate,1
2026-05-31,food,강남,칵테일바 봐주셔서 감사합니다,restaurant,1
2026-05-31,food,강남,칼국수,candidate,1
2026-05-31,food,강남,코엑스 맛집 가족과 함께 즐기는 23가,restaurant,1
2026-05-31,food,강남,코엑스 맛집 솥내음 스타필드 코엑스몰점 한우,restaurant,1
2026-05-31,food,강남,토말실비,candidate,1
2026-05-31,food,강남,파인다이닝,restaurant,2
2026-05-31,food,강남,평양냉면,candidate,1
2026-05-31,food,강남,평양냉면 맛집 교대역 점심 서관면옥 메밀향이,restaurant,1
2026-05-31,food,강남,한성돈까스,candidate,1
2026-05-31,food,강남,한식 맛집 답게,restaurant,1
2026-05-31,food,강남,한식 맛집 신사전입니다 처음 점심에는 닭죽이,restaurant,1
2026-05-31,food,강남,함께 즐기는 23가지 솥밥 오늘 소개해드릴 맛집,restaurant,1
2026-05-31,food,강남,핫플 레이스,candidate,1
2026-05-31,food,강남,핫플 문을 열고 들어가자마자 블랙톤의,candidate,1
2026-05-31,food,강남,향수공방,candidate,1
2026-05-31,food,강남,호앙비엣,candidate,1
2026-05-31,food,강남,혼밥,candidate,1
2026-05-31,food,강남,화설,candidate,1
2026-05-31,food,강남,후기 청담커피,cafe,1
2026-05-31,food,강남,Chuffed 평일 저녁 퇴근 후 칠암동 맛집,restaurant,1
2026-05-31,food,광주,- 영발원 전 점심 시간에 딱 맞춰서 식당,restaurant,1
2026-05-31,food,광주,2 경기도 광주 식당부터 카페,cafe,1
2026-05-31,food,광주,26 05 zip 졔쌤이랑 광주 맛집,restaurant,1
2026-05-31,food,광주,3곳,candidate,1
2026-05-31,food,광주,3곳 한 번에 정리,candidate,1
2026-05-31,food,광주,52번째 맛집,restaurant,1
2026-05-31,food,광주,5월 일상 내 무기는 다정함뿐인데 야구선수 맛집,restaurant,1
2026-05-31,food,광주,6월 3일 전까지 꼭 방문해 보세요 외부 카페,cafe,1
2026-05-31,food,광주,가매일식,candidate,1
2026-05-31,food,광주,가사문학면,candidate,1
2026-05-31,food,광주,경기,candidate,1
2026-05-31,food,광주,경기도,candidate,1
2026-05-31,food,광주,경보기 광주경보기 KIA스팅어 제주여행 서울맛집,restaurant,1
2026-05-31,food,광주,계정에 많이 올라오길래 궁금했던 다이닝,restaurant,1
2026-05-31,food,광주,과 이동 시간을 줄이기 좋음 가족 여행 연화식당,restaurant,1
2026-05-31,food,광주,광산구,candidate,1
2026-05-31,food,광주,광산구 가볼만한곳 베스트 10 황룡강 장록습,candidate,1
2026-05-31,food,광주,광산구 송정로8번길 2 월요일,candidate,1
2026-05-31,food,광주,국가 AI 데이터센터와 팩토리X 서울 자체,candidate,1
2026-05-31,food,광주,꽃보다청춘,candidate,2
2026-05-31,food,광주,나나방콕,candidate,1
2026-05-31,food,광주,남구,candidate,3
2026-05-31,food,광주,남구 봉선동 맛집 봉선동 양식 맛집 르시엘블,restaurant,1
2026-05-31,food,광주,내돈내산 안녕하세요 쭈꿈씨입니다 주말에 양동시장,travel_spot,1
2026-05-31,food,광주,냉면,candidate,1
2026-05-31,food,광주,놀이방식당,restaurant,1
2026-05-31,food,광주,는 솔로 29기 영숙 영자 순자 광주 여행 맛집,restaurant,1
2026-05-31,food,광주,다 상무지구 cgv 건물 11층에 상무지구 다이닝,restaurant,1
2026-05-31,food,광주,다녀옴,candidate,1
2026-05-31,food,광주,다녀옴 깔끔하게 정돈된 실내를 둘러보며,candidate,1
2026-05-31,food,광주,닭갈비,candidate,1
2026-05-31,food,광주,닭볶음탕,candidate,1
2026-05-31,food,광주,닭볶음탕 맛집 어쩌다토종닭 몸보신 딱이네,restaurant,1
2026-05-31,food,광주,담양베이커리,cafe,1
2026-05-31,food,광주,당일치기 포스팅을 하도록 하겠습니당,candidate,1
2026-05-31,food,광주,데려감,candidate,1
2026-05-31,food,광주,동구리호수공원,travel_spot,1
2026-05-31,food,광주,동림동,candidate,1
2026-05-31,food,광주,동림동 갈매기살 맛집 돼지전설 동림동맛집 돼,restaurant,1
2026-05-31,food,광주,동림동 돼지전설 광주 운남동 돼지전설 광주,candidate,1
2026-05-31,food,광주,동명동,candidate,1
2026-05-31,food,광주,동명동 돌애 내돈내산 동명동 오징어볶음 바지,restaurant,1
2026-05-31,food,광주,돼지국밥,candidate,1
2026-05-31,food,광주,돼지국밥 식당 송정역 시장,restaurant,1
2026-05-31,food,광주,득한 어반피크 건물 1층에 위치한 상무지구 맛집,restaurant,1
2026-05-31,food,광주,들과 함께 첨단 핫플 마녀의 닭갈비 첨단쌍암공원,travel_spot,1
2026-05-31,food,광주,록빛 산책로가 아름다운 곳 많아서 산책 후 커피,cafe,1
2026-05-31,food,광주,무등산 증심사 산책로 포레스트 뷰 미술관,attraction,1
2026-05-31,food,광주,무안 노란 문이 반겨주는 감성 공간 앨리스 커피,cafe,1
2026-05-31,food,광주,무안앨리스커피,cafe,1
2026-05-31,food,광주,문형동,candidate,1
2026-05-31,food,광주,문형동 명사순대 유아 놀이방까지 있는 순대전,candidate,1
2026-05-31,food,광주,문흥동,candidate,1
2026-05-31,food,광주,문흥동 맛집 수초밥 다녀왔어요 도로이용,restaurant,1
2026-05-31,food,광주,미술관,attraction,1
2026-05-31,food,광주,미용실,candidate,1
2026-05-31,food,광주,미용실 거예요,candidate,1
2026-05-31,food,광주,방송 직후에는 평소보다 대기 시간이,candidate,1
2026-05-31,food,광주,보배반점,candidate,1
2026-05-31,food,광주,복호두,candidate,1
2026-05-31,food,광주,본점,candidate,1
2026-05-31,food,광주,봉선동 룸식당,restaurant,1
2026-05-31,food,광주,봉선동룸식당,restaurant,1
2026-05-31,food,광주,북구,candidate,2
2026-05-31,food,광주,북구 맛집 신무돌칼국수 냉면칼국수와 해물파전,restaurant,1
2026-05-31,food,광주,북구 맛집 신무돌칼국수 여름 별미 냉면칼국수,restaurant,1
2026-05-31,food,광주,북구 운암동 레터링 케이크나 주문제작 케이크,candidate,1
2026-05-31,food,광주,북구 일곡동 브런치 맛집 내돈내산 차차룸 북,cafe,1
2026-05-31,food,광주,불고기피자+삼겹살,restaurant,1
2026-05-31,food,광주,빛나는,candidate,1
2026-05-31,food,광주,빛나는 상추백반 참치찌개 맛집 용봉동백반,restaurant,1
2026-05-31,food,광주,사와로베이커리,cafe,1
2026-05-31,food,광주,상무지구,candidate,2
2026-05-31,food,광주,상무지구 뷔페 다이닝,restaurant,1
2026-05-31,food,광주,상무지구 뷔페 다이닝원 주말 내돈내산 솔직후,restaurant,1
2026-05-31,food,광주,상무지구 육전 가게 식당 위치 어디 맛집 추,restaurant,1
2026-05-31,food,광주,상무지구 인근 쌍촌동에서 오랜 세월 동안 묵,candidate,1
2026-05-31,food,광주,상무지구 중심가와 매우 인접해 있어 여행객들,candidate,1
2026-05-31,food,광주,생고기,restaurant,2
2026-05-31,food,광주,생고기 맛집 꽃보다청춘 광주 서구 생고기 3,restaurant,1
2026-05-31,food,광주,서구,candidate,2
2026-05-31,food,광주,서구 치평동에 있는 육전 한정식 맛집으로 방,restaurant,1
2026-05-31,food,광주,셋이서 광주 여행 go go 정원이 있는 한식당,restaurant,1
2026-05-31,food,광주,소주,candidate,1
2026-05-31,food,광주,솔직,candidate,1
2026-05-31,food,광주,솔트커피,cafe,1
2026-05-31,food,광주,송정매일시장,travel_spot,1
2026-05-31,food,광주,송정시장,travel_spot,1
2026-05-31,food,광주,송정역,candidate,4
2026-05-31,food,광주,송정역 근처 빵집 썬베이커리,cafe,1
2026-05-31,food,광주,송정역 근처 빵집 썬베이커리 착한 가게 방문,cafe,1
2026-05-31,food,광주,송정역 맛집 나주곰탕 식당,restaurant,1
2026-05-31,food,광주,송정역 맛집 시장,restaurant,1
2026-05-31,food,광주,송정역 맛집 시장국밥 전현무계획3도 반한 3,restaurant,1
2026-05-31,food,광주,송정역 맛집 옛날에금잔디 광주 송정역 한정식,restaurant,1
2026-05-31,food,광주,송정역 점심 맛집 슈퍼크리스피에서 햄버거 먹,restaurant,1
2026-05-31,food,광주,순자,candidate,1
2026-05-31,food,광주,식당부터,restaurant,1
2026-05-31,food,광주,식당부터 카페까지 오늘의 당일치기 드라이브,cafe,1
2026-05-31,food,광주,아이랑,candidate,1
2026-05-31,food,광주,아이랑 가기 좋은 캠핑바베큐 헬로우텍사스 솔,restaurant,1
2026-05-31,food,광주,앨리스커피,cafe,1
2026-05-31,food,광주,야장,candidate,1
2026-05-31,food,광주,야장 해방촌 사진으로만 봤을 때도 분위기가,candidate,1
2026-05-31,food,광주,야장 해방촌 포장마차 감성 찐 맛집 뼈찜세트,restaurant,1
2026-05-31,food,광주,양림동,candidate,1
2026-05-31,food,광주,양림동 맛집 유소바 양림본점 안키모동 자루소,restaurant,1
2026-05-31,food,광주,여행 왔다 나는 솔로 29기 영자 & 옥순,candidate,1
2026-05-31,food,광주,여행 go go 정원이 있는 한식당에서 생일,restaurant,1
2026-05-31,food,광주,연화식당,restaurant,3
2026-05-31,food,광주,연화식당 가기 전 필독 육전,restaurant,1
2026-05-31,food,광주,연화식당 혼밥 육전 때문에 찾았다가 오히려,restaurant,1
2026-05-31,food,광주,예천경보기,candidate,1
2026-05-31,food,광주,옛 전남도청 전시,attraction,1
2026-05-31,food,광주,옛날에금잔디,candidate,1
2026-05-31,food,광주,오징어볶음,candidate,1
2026-05-31,food,광주,오징어볶음 맛집 기대 이상으로 맛있게 오징어,restaurant,1
2026-05-31,food,광주,오징어볶음 맛집 오메이징어 불향 가득한 태전,restaurant,1
2026-05-31,food,광주,오치동,candidate,1
2026-05-31,food,광주,오치동 북구 양식 맛집 분위기 좋은 대형 브,restaurant,1
2026-05-31,food,광주,온기정,candidate,1
2026-05-31,food,광주,용봉동,candidate,2
2026-05-31,food,광주,용봉동 맛집 구전국밥 화끈한 전라도 할맵김치,restaurant,1
2026-05-31,food,광주,용봉동 전철우사거리 맛집 황금회포차 광주용봉,restaurant,1
2026-05-31,food,광주,운암동,candidate,2
2026-05-31,food,광주,운암동 맛집 운암동 돈가스 돈까스만드는남자,restaurant,1
2026-05-31,food,광주,운암동 케이크 주문제작 레터링 경신여고 무니,candidate,1
2026-05-31,food,광주,육전,candidate,1
2026-05-31,food,광주,으로 불릴까 광주 연화식당,restaurant,1
2026-05-31,food,광주,으로 점심 먹으러 왔어요 그녀도 안사주,candidate,1
2026-05-31,food,광주,의재미술관,attraction,1
2026-05-31,food,광주,이라는 타이틀이 왜 이곳에 붙었는지 경,candidate,1
2026-05-31,food,광주,인크커피,cafe,1
2026-05-31,food,광주,임동,candidate,1
2026-05-31,food,광주,임동 챔피언스필드 근처 중식 맛집 - 영발원,restaurant,1
2026-05-31,food,광주,임이지,candidate,1
2026-05-31,food,광주,장미공원,travel_spot,1
2026-05-31,food,광주,재방문,candidate,1
2026-05-31,food,광주,전남도청전시,attraction,1
2026-05-31,food,광주,전시,attraction,1
2026-05-31,food,광주,전현무계획,candidate,4
2026-05-31,food,광주,전현무계획 광주 상무지구 육전 가게 식당,restaurant,1
2026-05-31,food,광주,전현무계획 광주 연화식당,restaurant,1
2026-05-31,food,광주,전현무계획 광주 육전 맛집 연화식당,restaurant,1
2026-05-31,food,광주,전현무계획3,candidate,3
2026-05-31,food,광주,전현무계획3 광주 돼지국밥 식당 송정역 시장,restaurant,1
2026-05-31,food,광주,전현무계획3 광주 맛집,restaurant,2
2026-05-31,food,광주,점심세트,candidate,1
2026-05-31,food,광주,조선대학교,candidate,1
2026-05-31,food,광주,조선대학교 장미공원 축제,attraction,1
2026-05-31,food,광주,좋은,candidate,1
2026-05-31,food,광주,중에서도 이렇게 다양한 해산물을 한자리,candidate,1
2026-05-31,food,광주,진식당,restaurant,1
2026-05-31,food,광주,창억떡,candidate,2
2026-05-31,food,광주,창억떡집,candidate,1
2026-05-31,food,광주,창억떡집 본점 광주 창억떡 호박인절미 창억떡,candidate,1
2026-05-31,food,광주,챔피언스필드,candidate,1
2026-05-31,food,광주,챔피언스필드 최신유행 먹거리,candidate,1
2026-05-31,food,광주,첨단,candidate,5
2026-05-31,food,광주,첨단 광주 냉면 맛집 _청석골칡냉면,restaurant,1
2026-05-31,food,광주,첨단 맛집 나나방콕 광주첨단점,restaurant,1
2026-05-31,food,광주,첨단 맛집 오덴 분위기와 맛에 취하고 연어,restaurant,1
2026-05-31,food,광주,첨단 맛집 친구들과 다녀온 찐 맛집 마녀의,restaurant,1
2026-05-31,food,광주,첨단 짬뽕 맛집 보배반점 보배짬뽕 중화비빔밥,restaurant,1
2026-05-31,food,광주,첨단2지구맛집,restaurant,1
2026-05-31,food,광주,초록빛,candidate,1
2026-05-31,food,광주,초록빛 정원이 반겨주는 곳 동곡 카페 더 비,cafe,1
2026-05-31,food,광주,총정리 국밥,candidate,1
2026-05-31,food,광주,총정리 송정5일시장,travel_spot,1
2026-05-31,food,광주,추어탕,candidate,1
2026-05-31,food,광주,추억의 맛집 찾으신다면 동산회관 한 번 방문,restaurant,1
2026-05-31,food,광주,충장로,candidate,1
2026-05-31,food,광주,충장로 치맥 맛집 하울링 HOWLING 테라,restaurant,1
2026-05-31,food,광주,카페폴,cafe,1
2026-05-31,food,광주,카페폴 오포점 솔트라떼랑 딸기스콘이 조,cafe,1
2026-05-31,food,광주,쿠우쿠우,candidate,1
2026-05-31,food,광주,태전동,candidate,1
2026-05-31,food,광주,태전동 맛집 매콤 탱글 태전아구찜 낙지 추가,restaurant,1
2026-05-31,food,광주,텐동,candidate,1
2026-05-31,food,광주,텐동 맛집 온기정 광주신세계점,restaurant,1
2026-05-31,food,광주,특별한,candidate,1
2026-05-31,food,광주,특별한 경험을 선사하는 매력적인 도시 이야기,candidate,1
2026-05-31,food,광주,풍암동,candidate,1
2026-05-31,food,광주,풍암동 두툼한 이베리코 목살 맛집 미친고기,restaurant,1
2026-05-31,food,광주,하남 광주곱창 맛집 곱창촌 우산점 모듬구이,restaurant,1
2026-05-31,food,광주,하늘공원,travel_spot,1
2026-05-31,food,광주,하늘공원 동명동 캐치스피자,travel_spot,1
2026-05-31,food,광주,한신포차,candidate,1
2026-05-31,food,광주,함께 술 한잔하기 좋은 식당,restaurant,1
2026-05-31,food,광주,핫플맛집 고구려에서 자연 품고 즐기는 든든한,restaurant,1
2026-05-31,food,광주,현지인,candidate,1
2026-05-31,food,광주,현지인들만 아는 숨은 핫플 로컬 맛집 들을,restaurant,1
2026-05-31,food,광주,호강한,candidate,1
2026-05-31,food,광주,화정동,candidate,1
2026-05-31,food,광주,화정동 맛집 정성카츠 화정점 경양식 돈까스,restaurant,1
2026-05-31,food,광주,황금회포차,candidate,1
2026-05-31,food,광주,회식을 하기에도 부족함이 없어 보였어요 경안시장,travel_spot,1
2026-05-31,food,광주,히든오아시스,candidate,1
2026-05-31,food,광주,히피펌,candidate,1
2026-05-31,food,대구,14년 단골 14년 단골 맛집,restaurant,1
2026-05-31,food,대구,1박2일 - 대구소품샵투어 10군데 것을 추,candidate,1
2026-05-31,food,대구,26년 5월의 어느 날 냉면 맛집,restaurant,1
2026-05-31,food,대구,29 금 대구 중구 술집 등대 대구 교동 맛집,restaurant,1
2026-05-31,food,대구,2호점,candidate,1
2026-05-31,food,대구,3분 거리에 대구 종로 맛집,restaurant,1
2026-05-31,food,대구,6기,candidate,2
2026-05-31,food,대구,6시내고향맛집,restaurant,1
2026-05-31,food,대구,9단 침산직영점 대구 북구에서 진정한 고기 맛집,restaurant,1
2026-05-31,food,대구,가볼만한곳 대구꽃박람회,attraction,1
2026-05-31,food,대구,가볼만한곳 대구꽃박람회 엑스코 대구 데이트,attraction,1
2026-05-31,food,대구,가창,candidate,1
2026-05-31,food,대구,감삼,candidate,1
2026-05-31,food,대구,감삼역,candidate,1
2026-05-31,food,대구,감삼역 호텔,travel_spot,1
2026-05-31,food,대구,감삼역 호텔 파인트리,travel_spot,1
2026-05-31,food,대구,경대북문,candidate,1
2026-05-31,food,대구,경대북문 맛집 도토리원돈까스 내돈내산 솔직후,restaurant,1
2026-05-31,food,대구,경보기 광주경보기 KIA스팅어 제주여행 서울맛집,restaurant,1
2026-05-31,food,대구,계원닭집,candidate,1
2026-05-31,food,대구,고기집을 찾는다면 대봉교역 근처에 위치한 우,restaurant,1
2026-05-31,food,대구,고창 고인돌박물관,attraction,1
2026-05-31,food,대구,교동,candidate,7
2026-05-31,food,대구,교동 남포,candidate,1
2026-05-31,food,대구,교동 맛집 대구 교동 조개구이 맛집 남포 교,restaurant,1
2026-05-31,food,대구,교동 맛집 한빠 한식에 빠진 대구 시청 점심,restaurant,1
2026-05-31,food,대구,교동 백룸 라운지 교동칵테일바 교동라운지 힙,restaurant,1
2026-05-31,food,대구,교동 술집 교동 조개구이,restaurant,1
2026-05-31,food,대구,교동 술집 등대 안녕하세요 맛있는 사진 찍기,restaurant,1
2026-05-31,food,대구,구지점 I 낙동강 뷰 단호박케이크 맛집,restaurant,1
2026-05-31,food,대구,국물의,candidate,1
2026-05-31,food,대구,국수 다녀와봄 요즘 인스타에 엄청 뜨는 서문시장,travel_spot,1
2026-05-31,food,대구,군위,candidate,1
2026-05-31,food,대구,근교 힐링 여행 부모님과 가기 좋은 현풍 비,candidate,1
2026-05-31,food,대구,근교로 나들이 갈 만한 곳을 찾다가 완전 취,candidate,1
2026-05-31,food,대구,근처,candidate,1
2026-05-31,food,대구,기념일식당,restaurant,1
2026-05-31,food,대구,김해공항,candidate,1
2026-05-31,food,대구,까미생막창,candidate,1
2026-05-31,food,대구,까지,candidate,1
2026-05-31,food,대구,까지 3일 쉬어서 놀러 온 대구 중화비빔밥 맛집,restaurant,1
2026-05-31,food,대구,꼬막짬뽕,candidate,1
2026-05-31,food,대구,꼬막짬뽕 맛집 다녀온,restaurant,1
2026-05-31,food,대구,꽤나 들어간 편이 많은데 오늘은 대구 칠성시장,travel_spot,1
2026-05-31,food,대구,나 식당,restaurant,1
2026-05-31,food,대구,나 올림픽공원,travel_spot,1
2026-05-31,food,대구,날씨 정말 여름이 성큼 아이랑 가볼만한곳 찾,candidate,1
2026-05-31,food,대구,날아가는,candidate,1
2026-05-31,food,대구,남구,candidate,3
2026-05-31,food,대구,남구 냉삼 여름에 딱 어울리는 김치말이 국수,candidate,1
2026-05-31,food,대구,남구 서부정류장 술집 맛집 대구 생골뱅이 전,restaurant,1
2026-05-31,food,대구,남구 피부관리실 수분광채케어로 속수분 잡고,candidate,1
2026-05-31,food,대구,남원골추어탕,candidate,1
2026-05-31,food,대구,냄비에 끼려온 라면까지 식사로 먹어주면 완벽,candidate,1
2026-05-31,food,대구,노포감성,candidate,1
2026-05-31,food,대구,노포감성 제대로인 칠성시작 연탄불고기 찐 맛,restaurant,1
2026-05-31,food,대구,다 오늘은 대구에서 유명한 삼덕동 횟집 칠성시장,travel_spot,1
2026-05-31,food,대구,다사대실,candidate,1
2026-05-31,food,대구,다사대실 속눈썹펌 맛집 자연스럽고 유지력 좋,restaurant,1
2026-05-31,food,대구,다사대실역 근처에 있어서 금방 찾을수,candidate,1
2026-05-31,food,대구,단골식당,restaurant,2
2026-05-31,food,대구,달서구,candidate,3
2026-05-31,food,대구,달서구 놀이방있는,candidate,1
2026-05-31,food,대구,달서구 선원로53길 34-18 https n,candidate,1
2026-05-31,food,대구,달서구 용산1동 멍도리입니당 대구 달서구 용,candidate,1
2026-05-31,food,대구,달서구 진천동 막창본능 얼마 전 대구 진천동,candidate,1
2026-05-31,food,대구,달서구 초복 맛집 홍이네대왕조개전골 조개삼계,restaurant,1
2026-05-31,food,대구,달성,candidate,1
2026-05-31,food,대구,달성공원,travel_spot,1
2026-05-31,food,대구,당일치기 돌아다니다가 일터도 보고 친정팀 본,candidate,1
2026-05-31,food,대구,당일치기 여행 세연콩국 불로동고분군 대구 더,candidate,1
2026-05-31,food,대구,당일치기 여행 이번 여행은 아주 즉흥적으로,candidate,1
2026-05-31,food,대구,대봉동,candidate,1
2026-05-31,food,대구,대봉동 예물전문 결혼반지 수누주얼리 계약하고,candidate,1
2026-05-31,food,대구,대천동,candidate,1
2026-05-31,food,대구,대천동 맛집 달서구 놀이방있는 식당,restaurant,1
2026-05-31,food,대구,대천동 맛집 달서구 놀이방있는 식당 적돈 월,restaurant,1
2026-05-31,food,대구,대한양꼬치 2호점 대구 동구 각산동 양꼬치 맛집,restaurant,1
2026-05-31,food,대구,더현대 대구 양식 맛집 와인웍스 대구점,restaurant,1
2026-05-31,food,대구,데이트,candidate,1
2026-05-31,food,대구,도서관 옆 길 건너에 있는 한결같은식당 내,restaurant,1
2026-05-31,food,대구,동구,candidate,2
2026-05-31,food,대구,동구 각산동 양꼬치 맛집 마라양갈비,restaurant,1
2026-05-31,food,대구,동구 갈만한 곳 동촌유원지 산책 피크닉 +,candidate,1
2026-05-31,food,대구,동구 효신로5길 85 1층 https nav,candidate,1
2026-05-31,food,대구,동구에서 꼼장어 맛집 을 찾고 계신 분,restaurant,1
2026-05-31,food,대구,동대구역,candidate,2
2026-05-31,food,대구,동대구역 술집 신세계백화점 맛집 백연 공간으,restaurant,1
2026-05-31,food,대구,동대구역 술집 신세계백화점 맛집 백연 대구,restaurant,1
2026-05-31,food,대구,동대구역 술집 이자카야 백연 모듬회 묵은지,restaurant,1
2026-05-31,food,대구,동성로,candidate,5
2026-05-31,food,대구,동성로 맛집 고메스퀘어,restaurant,1
2026-05-31,food,대구,동성로 맛집 밥집 카페동이 동성로본점 든든한,cafe,1
2026-05-31,food,대구,동성로 맛집 신라식당,restaurant,1
2026-05-31,food,대구,동성로 맛집 신라식당 한일점 내돈내산 연두콩,restaurant,1
2026-05-31,food,대구,동성로 삼겹살 맛집 참한집 종로점 돼지껍데기,restaurant,1
2026-05-31,food,대구,동성로 타코야끼 맛집 타코비,restaurant,1
2026-05-31,food,대구,동성로베이커리,cafe,1
2026-05-31,food,대구,동성로식당,restaurant,1
2026-05-31,food,대구,동성로양식 맛집 청춘양식당,restaurant,1
2026-05-31,food,대구,동성로청춘양식당,restaurant,1
2026-05-31,food,대구,동성로카페 애견동반카페 무던 대구 중구 달구,cafe,1
2026-05-31,food,대구,동촌,candidate,1
2026-05-31,food,대구,뚜벅이,candidate,1
2026-05-31,food,대구,뚜벅이 혼자 당일치기 여행 가볼만한곳,candidate,1
2026-05-31,food,대구,룰리커피,cafe,1
2026-05-31,food,대구,룸식당,restaurant,1
2026-05-31,food,대구,를 찾고 있다면 서화무진 전시,attraction,1
2026-05-31,food,대구,마지막으로 투어한 카페중에 커피,cafe,1
2026-05-31,food,대구,마치고 친구들과 방문했던 대구 칠곡3지구 맛집,restaurant,1
2026-05-31,food,대구,먹으러,candidate,1
2026-05-31,food,대구,명산,candidate,1
2026-05-31,food,대구,몽글몽글한,candidate,1
2026-05-31,food,대구,몽글몽글한 순두부 들안길 맛집 진가네순두부보,restaurant,1
2026-05-31,food,대구,미술관,attraction,1
2026-05-31,food,대구,및 부산 지역의 맛집 을 리뷰하는 맛집 전문,restaurant,1
2026-05-31,food,대구,반고개,candidate,1
2026-05-31,food,대구,반고개 무침회 골목 맛집 고르기 전 꼭 봐야,restaurant,1
2026-05-31,food,대구,반월당,candidate,1
2026-05-31,food,대구,반월당 스시 맛집 더현대 스시준,restaurant,1
2026-05-31,food,대구,방문했답니다,candidate,1
2026-05-31,food,대구,범어,candidate,1
2026-05-31,food,대구,범어동,candidate,2
2026-05-31,food,대구,범어동 맛집 수제버거 아이랑 가기 좋은 다운,restaurant,1
2026-05-31,food,대구,법원,candidate,1
2026-05-31,food,대구,법원 맛집 직장인 맛집 하루우동 대구범어점,restaurant,1
2026-05-31,food,대구,베스트,candidate,1
2026-05-31,food,대구,베이커리,cafe,1
2026-05-31,food,대구,베트남 음식 맛집 은 생각보다 개개인의 개성,restaurant,1
2026-05-31,food,대구,복어요리,candidate,1
2026-05-31,food,대구,본리동,candidate,1
2026-05-31,food,대구,본리동 맛집 미카도스시 회전초밥집 내돈내산리,restaurant,1
2026-05-31,food,대구,본점,candidate,1
2026-05-31,food,대구,북구,candidate,2
2026-05-31,food,대구,북구 동천로23길 58 매주 월요일 정기휴무,candidate,1
2026-05-31,food,대구,북구 맛집 고급스러운 분위기에서 가족외식 보,restaurant,1
2026-05-31,food,대구,북구에서 진정한 고기 맛집 을 찾으신다면 주,restaurant,1
2026-05-31,food,대구,북구청,candidate,1
2026-05-31,food,대구,북구청 맛집 흑백요리사 출연 팔공산엄마밥상,restaurant,1
2026-05-31,food,대구,북성로,candidate,1
2026-05-31,food,대구,북성로 맛집 원조북성로우동불고기 현지인,restaurant,1
2026-05-31,food,대구,불로동,candidate,1
2026-05-31,food,대구,불로동 맛집 건강한 한식 한 상이 생각날 때,restaurant,1
2026-05-31,food,대구,불로동고분군,candidate,1
2026-05-31,food,대구,비슬산,candidate,1
2026-05-31,food,대구,빙수,candidate,2
2026-05-31,food,대구,빙수 맛집 경산 찬찬농장 무화과집 방문 이,restaurant,1
2026-05-31,food,대구,빙수 맛집 동성로카페 바닐라크럼브 양쯔깐루빙,cafe,1
2026-05-31,food,대구,빙수 맛집 서문시장,restaurant,1
2026-05-31,food,대구,빙수 맛집 찬찬농장 무화과집 산딸기 빙수 출,restaurant,1
2026-05-31,food,대구,빠진,candidate,1
2026-05-31,food,대구,사람 부럽다,candidate,1
2026-05-31,food,대구,사아까,candidate,1
2026-05-31,food,대구,사아까 라멘집 내돈내산 내돈내산 입니다 맛없,restaurant,1
2026-05-31,food,대구,산1동 멍도리입니당 대구 달서구 용산동 용산시장,travel_spot,1
2026-05-31,food,대구,삼덕동,candidate,5
2026-05-31,food,대구,삼덕동 맛집 온담 본점 대구 샤브샤브 편백찜,restaurant,1
2026-05-31,food,대구,삼덕동 샌드베이글 맛집 틸베이글 후르츠샌드,restaurant,1
2026-05-31,food,대구,삼덕동 이자카야 야키토리 맛집 이쵸야 숯불에,restaurant,1
2026-05-31,food,대구,삼덕동 커알못도 반한 커피 맛집 수평적관계,cafe,1
2026-05-31,food,대구,삼덕동카페 동인동카페 조르바삼덕 좋아서 매장,cafe,1
2026-05-31,food,대구,삼성라이온즈파크 원정응원석 1-4 맛집,restaurant,1
2026-05-31,food,대구,상인동,candidate,1
2026-05-31,food,대구,상인동 - 돼지만V대구본점 하고 돼지고기먹으,restaurant,1
2026-05-31,food,대구,상인역,candidate,1
2026-05-31,food,대구,상인역 맛집 삼삼마라 본점 로제마라샹궈 마라,restaurant,1
2026-05-31,food,대구,생골뱅이,candidate,1
2026-05-31,food,대구,생골뱅이 서부정류장 지나갈 때마다 사람이 많,candidate,1
2026-05-31,food,대구,샤브샤브,candidate,1
2026-05-31,food,대구,서구,candidate,3
2026-05-31,food,대구,서구 맛집 노포 감성 가득한 중리숯불막창 에,restaurant,1
2026-05-31,food,대구,서구 평리동 영이식당,restaurant,1
2026-05-31,food,대구,서구 평리동 영이식당 재방문 역시 든든한 콩,restaurant,1
2026-05-31,food,대구,서문시장,travel_spot,6
2026-05-31,food,대구,서문시장 나들이,travel_spot,1
2026-05-31,food,대구,서문시장 맛집 빨간어묵 원조 맛집 부산어묵장,restaurant,1
2026-05-31,food,대구,서문시장 먹거리 고소함 폭발 겉바속촉 추억의,restaurant,1
2026-05-31,food,대구,서문시장 블루리본 합천할매손칼국수 다녀와봄,travel_spot,1
2026-05-31,food,대구,서문시장야시장,travel_spot,1
2026-05-31,food,대구,석대동 77 전화 앞에서 볼 수 있어서 아이,candidate,1
2026-05-31,food,대구,성서,candidate,2
2026-05-31,food,대구,세천,candidate,1
2026-05-31,food,대구,세천 맛집 한상바다 다사점에 다녀와보니 실제,restaurant,1
2026-05-31,food,대구,셀프스튜디오,candidate,1
2026-05-31,food,대구,셀프스튜디오 그날의 미술관,attraction,1
2026-05-31,food,대구,수성구,candidate,7
2026-05-31,food,대구,수성구 다이닝,restaurant,1
2026-05-31,food,대구,수성구 다이닝& 분위기 좋은 범어동 와인바_,restaurant,1
2026-05-31,food,대구,수성구 맛집 착한낙지 수성점,restaurant,1
2026-05-31,food,대구,수성구 신천시장,travel_spot,1
2026-05-31,food,대구,수성구 신천시장 양고기 스프카레 맛집 바를램,restaurant,1
2026-05-31,food,대구,수성구 양념갈비 맛집 서민갈비 직원이 꾸워주,restaurant,1
2026-05-31,food,대구,수성구 치킨 덤브치킨 수성점 아이가 먼저 찾,candidate,1
2026-05-31,food,대구,수성동,candidate,1
2026-05-31,food,대구,수성동 꽃게 육수 자가제면 칼국수 맛집 약전,restaurant,1
2026-05-31,food,대구,수성시장,travel_spot,1
2026-05-31,food,대구,수플레팬케이크,candidate,1
2026-05-31,food,대구,술집,restaurant,1
2026-05-31,food,대구,술집 맛집 이었어요,restaurant,1
2026-05-31,food,대구,슬로우벗베럴,candidate,1
2026-05-31,food,대구,슬로우벗베럴 대구점 대구대형카페 근교 베이커리,cafe,1
2026-05-31,food,대구,시내,candidate,1
2026-05-31,food,대구,시지 맛집 오스테리아밀즈 욱수점을 찾았다 시,restaurant,1
2026-05-31,food,대구,신라식당,restaurant,1
2026-05-31,food,대구,신라식당이였습니다 다음엔 또,restaurant,1
2026-05-31,food,대구,신상,candidate,1
2026-05-31,food,대구,신상 카페 6 1 가오픈 카페,cafe,1
2026-05-31,food,대구,신상 카페 6 1 가오픈 카페룰리오가닉 수성,cafe,1
2026-05-31,food,대구,신세계,candidate,2
2026-05-31,food,대구,신세계대구식당,restaurant,1
2026-05-31,food,대구,신세계백화점,candidate,3
2026-05-31,food,대구,신세계백화점 8층 용호낙지- 낙곱새 쇼핑 후,candidate,1
2026-05-31,food,대구,신세계백화점 구슬아이스크림 맛집 대구 신세계,restaurant,1
2026-05-31,food,대구,신세계백화점 근처에서 일본 여행 온 기분을,candidate,1
2026-05-31,food,대구,아이랑,candidate,2
2026-05-31,food,대구,아이랑 가볼 만한 곳 퀄리티 대박인데 무료인,candidate,1
2026-05-31,food,대구,아이랑동성로식당,restaurant,1
2026-05-31,food,대구,안지랑,candidate,2
2026-05-31,food,대구,안지랑 곱창골목이 시작하는 입구에,candidate,1
2026-05-31,food,대구,알찜,candidate,1
2026-05-31,food,대구,앞산,candidate,1
2026-05-31,food,대구,앞산 프렌즈 6기 대구 안지랑 맛집,restaurant,1
2026-05-31,food,대구,앞산레스토랑,restaurant,1
2026-05-31,food,대구,양갈비,candidate,1
2026-05-31,food,대구,양갈비 맛집 으로 유명한 청년 양고기 집에,restaurant,1
2026-05-31,food,대구,양식,candidate,1
2026-05-31,food,대구,어니스트밀로,candidate,1
2026-05-31,food,대구,언니랑,candidate,1
2026-05-31,food,대구,언니랑 대전 당일치기 여행 쌈 계속 싸먹어버,candidate,1
2026-05-31,food,대구,엑스코,candidate,1
2026-05-31,food,대구,여행 1일차 서문시장,travel_spot,1
2026-05-31,food,대구,여행 1일차 서문시장 동성로 다음에도 꼭 들,travel_spot,1
2026-05-31,food,대구,여행코스 대구,candidate,1
2026-05-31,food,대구,역전할머니맥주,candidate,1
2026-05-31,food,대구,연탄돼지불고기 대구광역시 북구 칠성시장,restaurant,1
2026-05-31,food,대구,영남대 점심 맛집 영대 현지인 제육식당,restaurant,1
2026-05-31,food,대구,영대 현지인 제육식당,restaurant,1
2026-05-31,food,대구,오늘은 대구동성로 신라식당,restaurant,1
2026-05-31,food,대구,오늘의 핫플 영남대 점심 맛집 영대 현지인,restaurant,1
2026-05-31,food,대구,오미가미거리,candidate,1
2026-05-31,food,대구,오미가미거리 야장 감성 제대로인 산오징어 맛,candidate,1
2026-05-31,food,대구,와인웍스,candidate,1
2026-05-31,food,대구,완성시켜준,candidate,1
2026-05-31,food,대구,요모,candidate,1
2026-05-31,food,대구,우동1로38번가길 20 2층 양송이in초리조,candidate,1
2026-05-31,food,대구,원대동,candidate,1
2026-05-31,food,대구,유모차,candidate,1
2026-05-31,food,대구,유모차 동반 맛집 크리스탈제이드 내돈내산 솔,restaurant,1
2026-05-31,food,대구,육개장,candidate,1
2026-05-31,food,대구,육개장 맛집 진하고 깊은 국물로 완벽한 해장,restaurant,1
2026-05-31,food,대구,은 대구 도서관 옆 길 건너에 있는 한결같은식당,restaurant,1
2026-05-31,food,대구,읍성 서쪽 문 밖에 있다고 해서 붙여진 이름,candidate,1
2026-05-31,food,대구,의 새로운 매력을 만나는 대구에서 감성적인 전시,attraction,1
2026-05-31,food,대구,이라던데 이미 커피,cafe,1
2026-05-31,food,대구,이색,candidate,1
2026-05-31,food,대구,이색 카페 팻말을 볼 수 있으니 확인하시고,cafe,1
2026-05-31,food,대구,이였다면 오늘은 뷰티데이,candidate,1
2026-05-31,food,대구,이탈리안레스토랑,restaurant,1
2026-05-31,food,대구,일상,candidate,1
2026-05-31,food,대구,일상 대구 셀프스튜디오 그날의 미술관,attraction,1
2026-05-31,food,대구,자연속에서,candidate,1
2026-05-31,food,대구,재송동,candidate,1
2026-05-31,food,대구,재송동 순대국밥 맛집 프렌차이즈 얼큰순대국이,restaurant,1
2026-05-31,food,대구,저희 가족은 모두 엄지척,candidate,1
2026-05-31,food,대구,전국,candidate,1
2026-05-31,food,대구,전남 고창 여행 1 - 고창고인돌박물관,attraction,1
2026-05-31,food,대구,전문,candidate,1
2026-05-31,food,대구,전시,attraction,1
2026-05-31,food,대구,전시 대구 전시,attraction,1
2026-05-31,food,대구,조개구이,candidate,1
2026-05-31,food,대구,조개구이 맛집 교동에서 즐긴 남포 해산물과,restaurant,1
2026-05-31,food,대구,조합,candidate,1
2026-05-31,food,대구,종로 맛집 대구 이자카야 찾으시는 분들 여기,restaurant,1
2026-05-31,food,대구,좋은,candidate,1
2026-05-31,food,대구,좋은 범어동 와인바_ 로쏘 ROSSO 대구레스토랑,restaurant,1
2026-05-31,food,대구,주말 대구 서문시장,travel_spot,1
2026-05-31,food,대구,죽전동,candidate,1
2026-05-31,food,대구,죽전동 술집 2차로 가기 좋은 곳 - 맥주,restaurant,1
2026-05-31,food,대구,죽전역점을 소개 하려고,candidate,1
2026-05-31,food,대구,중구,candidate,5
2026-05-31,food,대구,중구 동성로 디저트 맛집 오디너리하우스 대구,cafe,1
2026-05-31,food,대구,중구 동인동 리오더 커피,cafe,1
2026-05-31,food,대구,중구 동인동 리오더 커피 한입 먹고 반해버린,cafe,1
2026-05-31,food,대구,중구 등대 문어숙회삼합 해산물 전문 대구 교,candidate,1
2026-05-31,food,대구,중구 봉산문화길 43,candidate,1
2026-05-31,food,대구,중구 종로 분위기 있는 이자카야 요바나시 솔,restaurant,1
2026-05-31,food,대구,중구 트라이브 레스토랑,restaurant,1
2026-05-31,food,대구,중구 트라이브 레스토랑 라자냐 바 자리 있다,restaurant,1
2026-05-31,food,대구,중동1로 39 2층,candidate,1
2026-05-31,food,대구,지점이 엄청 많이 생겼더라구요 건물 외관부터,candidate,1
2026-05-31,food,대구,지하 1층 매장으로 발길을 돌렸어요 이날,candidate,1
2026-05-31,food,대구,지하 1층 홍콩식 와플 까이딴자이 맛집,restaurant,1
2026-05-31,food,대구,진천동 맛집 이었습니다 대구 진천동 맛집 진,restaurant,1
2026-05-31,food,대구,집 칠곡동천점 그날 먹었던 대구 칠곡3지구 맛집,restaurant,1
2026-05-31,food,대구,처음 내려와서 곱창 안 먹어봤다는 저를 위해,candidate,1
2026-05-31,food,대구,천안,candidate,1
2026-05-31,food,대구,천안 통영 여행 26 05 01 오빠 휴가를,candidate,1
2026-05-31,food,대구,청춘양식당,restaurant,1
2026-05-31,food,대구,초록도,candidate,1
2026-05-31,food,대구,초록도 대구 향수 공방,candidate,1
2026-05-31,food,대구,최가네,candidate,1
2026-05-31,food,대구,최가네 제과 와그작 케이크 찐,candidate,1
2026-05-31,food,대구,칠곡,candidate,2
2026-05-31,food,대구,칠곡 3지구 맛집,restaurant,1
2026-05-31,food,대구,칠곡 3지구 맛집 동천동 막창 전문점 연막창,restaurant,1
2026-05-31,food,대구,칠곡 보쌈 맛집 기와집 오늘은 보쌈 맛집 리,restaurant,1
2026-05-31,food,대구,칠곡3지구,candidate,2
2026-05-31,food,대구,칠곡3지구 맛집,restaurant,1
2026-05-31,food,대구,칠곡3지구 맛집 오봉집 칠곡동천점 그날 먹었,restaurant,1
2026-05-31,food,대구,칠곡3지구 맛집 점심 특선 오봉집 푸짐한 가,restaurant,1
2026-05-31,food,대구,칠곡3지구 맛집 팔거역 맛집 점심맛집 그리고,restaurant,1
2026-05-31,food,대구,칠곡3지구 맛집 팔거역 점심맛집,restaurant,1
2026-05-31,food,대구,칠곡3지구 맛집 팔거역 점심맛집 직화낙지볶음,restaurant,1
2026-05-31,food,대구,칠곡3지구 점심 특선 맛집 오봉집 칠곡점 글,restaurant,1
2026-05-31,food,대구,칠곡3지구막창맛집,restaurant,1
2026-05-31,food,대구,칠곡브런치,cafe,1
2026-05-31,food,대구,칠곡에서,candidate,1
2026-05-31,food,대구,칠곡에서 맛있는 브런치 수국 맛집 소소래 소,cafe,1
2026-05-31,food,대구,칠성동 맛집 칠성시장,restaurant,1
2026-05-31,food,대구,칠성시장 근처 맛집 대구 북구 쌀국수집 왓타,restaurant,1
2026-05-31,food,대구,칠성시장단골식당,restaurant,1
2026-05-31,food,대구,카페거리,cafe,1
2026-05-31,food,대구,태능집,candidate,1
2026-05-31,food,대구,태능집 북성로불고기&우동 대구에 방문한다면,restaurant,1
2026-05-31,food,대구,태백산 불정암에서 1박 2일 점사맛집,restaurant,1
2026-05-31,food,대구,태전동,candidate,1
2026-05-31,food,대구,태전동 맛집 정이가국수 보건대점 치즈돈까스,restaurant,1
2026-05-31,food,대구,파라다이스호텔,travel_spot,1
2026-05-31,food,대구,팔공산,candidate,2
2026-05-31,food,대구,팔공산 맛집 을 알려드릴까 해요 팔공산 한식,restaurant,1
2026-05-31,food,대구,팔공산 밥집 방갈로 식당 고기집 맛집 성주한,restaurant,1
2026-05-31,food,대구,펍 맛집 이 자리잡고 있다 또한 경상감영공원,restaurant,1
2026-05-31,food,대구,푸짐함,candidate,1
2026-05-31,food,대구,퓌레와 크림들까지 믿고 먹을 수 있는 서문시장,travel_spot,1
2026-05-31,food,대구,프렌즈 6기 대구 앞산 카페,cafe,1
2026-05-31,food,대구,하루우동,candidate,1
2026-05-31,food,대구,하면 외관부터 맛집 느낌 제대로였어요 안쪽은,restaurant,1
2026-05-31,food,대구,한 가성비 밥집 대구 칠곡3지구 점심 특선 맛집,restaurant,1
2026-05-31,food,대구,한결같은식당,restaurant,1
2026-05-31,food,대구,한결같은식당 감성 가정식식당,restaurant,1
2026-05-31,food,대구,한곳 6월 충남 가볼만한곳 서천 장항항 꼴갑축제,attraction,1
2026-05-31,food,대구,한식 들안길 한식 남도명가 대구가족외식,candidate,1
2026-05-31,food,대구,한식 맛집 을 찾던 중 전복 솥밥과 신선한,restaurant,1
2026-05-31,food,대구,핫플 대구빙수 맛집 서문시장,restaurant,1
2026-05-31,food,대구,해 근데 수연이랑 같이여서 더 행복해 올림픽공원,travel_spot,1
2026-05-31,food,대구,향수,candidate,1
2026-05-31,food,대구,향수 공방 향기로 기억되는 특별한 하루 향수,candidate,1
2026-05-31,food,대구,향수공방,candidate,1
2026-05-31,food,대구,현지인,candidate,1
2026-05-31,food,대구,현풍,candidate,1
2026-05-31,food,대구,현풍 비슬산 참숯굴 숯가마 찜질부터 삼겹살 식당,restaurant,1
2026-05-31,food,대구,현풍 테크노폴리스 맛집 유가네 닭발 안냥하세,restaurant,1
2026-05-31,food,대구,홍게,candidate,1
2026-05-31,food,대구,홍게 맛집 잘떳다산오징어 삼덕점에서의 식사,restaurant,1
2026-05-31,food,대구,홍게 무한리필 맛집 잘떳다산오징어 삼덕점 깔,restaurant,1
2026-05-31,food,대구,홍콩다방 해운대점 주소 부산 해운대구 해운대해변,travel_spot,1
2026-05-31,food,대구,흑태찜,candidate,1
2026-05-31,food,대구,히어히어,candidate,1
2026-05-31,food,대구,히어히어 프렌즈홈 너무 오랜만에 방문했,candidate,1
2026-05-31,food,대구,t 전기차 급속충전 첫 목적지 고창 고인돌 박물관,attraction,1
2026-05-31,food,대전,04 00 대전유성구해물파전 유성구 육전 맛집,restaurant,1
2026-05-31,food,대전,24시식당,restaurant,1
2026-05-31,food,대전,2호선 낙성대역 전자담배 맛집,restaurant,1
2026-05-31,food,대전,3층 일렉트로마트 내에 대전 둔산동 헤어 맛집,restaurant,1
2026-05-31,food,대전,5월 도와줘요 Rock&Roll 마늘빵 맛집,restaurant,1
2026-05-31,food,대전,5월축제,attraction,1
2026-05-31,food,대전,가면 다음에 또 무조건 방문할,candidate,1
2026-05-31,food,대전,가볼만한 곳 한밭수목원,candidate,1
2026-05-31,food,대전,가성비,candidate,1
2026-05-31,food,대전,가성비 식당 찾고 있다면 봉명동 맛집 맛나지,restaurant,1
2026-05-31,food,대전,가성비식당,restaurant,1
2026-05-31,food,대전,감성식당,restaurant,1
2026-05-31,food,대전,갓포회담,candidate,1
2026-05-31,food,대전,고메스퀘어,candidate,1
2026-05-31,food,대전,골프스튜디오,candidate,1
2026-05-31,food,대전,공격적 유치 과거에는 SNS에서 화제가 된 맛집,restaurant,1
2026-05-31,food,대전,공주,candidate,1
2026-05-31,food,대전,광천식당,restaurant,1
2026-05-31,food,대전,괴정동,candidate,1
2026-05-31,food,대전,그수육집칼국수,candidate,1
2026-05-31,food,대전,기념일,candidate,1
2026-05-31,food,대전,꾸드뱅 에그타르트,candidate,1
2026-05-31,food,대전,꾸드뱅에 다녀왔다 사실 이곳은 이미 에그타르,candidate,1
2026-05-31,food,대전,나들이도 가기로 몇개월 만에 만나도 어색하지,candidate,1
2026-05-31,food,대전,남원 나들이 두레식당,restaurant,1
2026-05-31,food,대전,내돈내산 둔산동미용실 박승철헤어스튜디오,candidate,1
2026-05-31,food,대전,내동 대패 맛집 조와따,restaurant,1
2026-05-31,food,대전,냉면과,candidate,1
2026-05-31,food,대전,냉면과 제주 고기를 함께 즐길 수 있는 이런,restaurant,1
2026-05-31,food,대전,느끼고 싶을 때 방문하면 너무 좋은 문화동커피,cafe,1
2026-05-31,food,대전,당일치기 그린그린 컨셉은 코르T,candidate,1
2026-05-31,food,대전,당일치기 꿈돌이 택시 타고,candidate,1
2026-05-31,food,대전,당일치기 를 갔다왔습니다 체력이 없는 30대,candidate,1
2026-05-31,food,대전,당일치기 를 다녀왔는데요 성심당이 워낙 유명,candidate,1
2026-05-31,food,대전,당일치기 여행,candidate,1
2026-05-31,food,대전,당일치기 여행 쌈 계속 싸먹어버려,candidate,1
2026-05-31,food,대전,당일치기 포스팅 곧 쪄보겟슨,candidate,1
2026-05-31,food,대전,당일치기로 다녀오기 좋은 대전 관광지로 대전,candidate,1
2026-05-31,food,대전,대덕구,candidate,1
2026-05-31,food,대전,대덕구 중리동 조기종의향미각 본점 솔직,candidate,1
2026-05-31,food,대전,대청호,candidate,1
2026-05-31,food,대전,대청호 장미축제,attraction,1
2026-05-31,food,대전,대청호반자연수변공원,travel_spot,1
2026-05-31,food,대전,대청호장미축제,attraction,1
2026-05-31,food,대전,대흥동,candidate,1
2026-05-31,food,대전,대흥동 과일 한 가득 크레이프롤 맛집 올드하,restaurant,1
2026-05-31,food,대전,도안,candidate,1
2026-05-31,food,대전,도안동,candidate,1
2026-05-31,food,대전,도안동 원신흥동 점심 맛집 한알천 본점 닭한,restaurant,1
2026-05-31,food,대전,돼지갈비,candidate,1
2026-05-31,food,대전,돼지갈비 맛집 -함초양념갈비 씩씩이입니다,restaurant,1
2026-05-31,food,대전,돼지갈비 맛집 을 찾아 다녀왔습니다 바로 용,restaurant,1
2026-05-31,food,대전,두피관리 탈모관리 두피스케일링 찾으신다면 대,candidate,1
2026-05-31,food,대전,둔산동,candidate,5
2026-05-31,food,대전,둔산동 가츠비 돈까스 맛집 내돈내산 오늘은,restaurant,1
2026-05-31,food,대전,둔산동 불장난 대전 둔산동 술집 안주,restaurant,1
2026-05-31,food,대전,둔산동 점심 맛집 가성비 좋은 훈제오리,restaurant,1
2026-05-31,food,대전,둔산동 중식집 불타는 반점 주말 저녁에 방문,candidate,1
2026-05-31,food,대전,둔산동 헤어 맛집 으로 강추 합니다 지갑사정,restaurant,1
2026-05-31,food,대전,둔산동중식당,restaurant,1
2026-05-31,food,대전,둔산본점,candidate,1
2026-05-31,food,대전,떡반집,candidate,1
2026-05-31,food,대전,떡반집 본점 치즈 떡볶이에 토스트 조합 내돈,candidate,1
2026-05-31,food,대전,랍스터,candidate,1
2026-05-31,food,대전,롯데백화점,candidate,1
2026-05-31,food,대전,롯데백화점 성심당 망고시루 주말 오픈런,candidate,1
2026-05-31,food,대전,룸식당,restaurant,1
2026-05-31,food,대전,리스트 솔이네계란빵 해녀와 어부 대전중앙시장,travel_spot,1
2026-05-31,food,대전,마음으로 돌아오는 지역 중 한 곳입니다 중앙시장,travel_spot,1
2026-05-31,food,대전,맛있는,candidate,1
2026-05-31,food,대전,망고시루,candidate,1
2026-05-31,food,대전,모도시,candidate,1
2026-05-31,food,대전,모도시 내돈내산,candidate,1
2026-05-31,food,대전,문화동커피,cafe,1
2026-05-31,food,대전,문화동커피 맛집 스페셜티 카페 베타니아 대전,cafe,1
2026-05-31,food,대전,밀키트,candidate,1
2026-05-31,food,대전,밀키트 47년 전통 백년 갈비탕,candidate,1
2026-05-31,food,대전,반찬식당,restaurant,1
2026-05-31,food,대전,발 아이와 함께 다녀온 임실치즈테마파크 장미축제,attraction,1
2026-05-31,food,대전,버 분들 계시나요 최근에 제 신선하고 깊은 커피,cafe,1
2026-05-31,food,대전,베스트,candidate,1
2026-05-31,food,대전,본격적으로 시작 5군데 빵 맛집,restaurant,1
2026-05-31,food,대전,볼로니아,candidate,1
2026-05-31,food,대전,봉명동,candidate,4
2026-05-31,food,대전,봉명동 고기집 고깃리88 봉명점 숙성 생고기,restaurant,1
2026-05-31,food,대전,봉명동 메리엔제이 에서 케라틴 영양 속눈썹,candidate,1
2026-05-31,food,대전,봉명동 양이 대혜자인 농민뜨끈이 옥천뼈구이,candidate,1
2026-05-31,food,대전,봉명동삼겹살,candidate,1
2026-05-31,food,대전,불장난,candidate,1
2026-05-31,food,대전,빵 맛집 본격적으로 시작 5군데 빵 맛,restaurant,1
2026-05-31,food,대전,빵지순례 - 풍자 또간집 하레하레 유성점 방,candidate,1
2026-05-31,food,대전,빵택시,candidate,1
2026-05-31,food,대전,사시사철,candidate,1
2026-05-31,food,대전,산삼주,candidate,1
2026-05-31,food,대전,삼오식당,restaurant,1
2026-05-31,food,대전,상견례식당,restaurant,1
2026-05-31,food,대전,상대동,candidate,1
2026-05-31,food,대전,상대동 소소담,candidate,1
2026-05-31,food,대전,상대동에 방문 포인트,candidate,1
2026-05-31,food,대전,서구,candidate,2
2026-05-31,food,대전,서구 맛집 한식 생각날 때 명태랑 류명호 본,restaurant,1
2026-05-31,food,대전,서구 탄방동 점심 맛집 에서 즐긴 신선한 생,restaurant,1
2026-05-31,food,대전,서구 탄방동에서 점심 맛집 이나 회식 장소를,restaurant,1
2026-05-31,food,대전,서구에 위치한 정말 맛있는 닭볶음탕 맛집 을,restaurant,1
2026-05-31,food,대전,석갈비,candidate,1
2026-05-31,food,대전,석갈비 맛집 9층 삼오식당,restaurant,1
2026-05-31,food,대전,성심당,candidate,3
2026-05-31,food,대전,성심당 망고시루 대전 핫플 당일치기 관광지,candidate,1
2026-05-31,food,대전,성심당 본점 케익부띠끄 롤케익부터 샌드위치,candidate,1
2026-05-31,food,대전,성심당dcc근처 맛집,restaurant,1
2026-05-31,food,대전,세종,candidate,1
2026-05-31,food,대전,세종 창밖을 바라보며 고소한 커피와 함께 카,cafe,1
2026-05-31,food,대전,소제동,candidate,2
2026-05-31,food,대전,소제동 대전 소제동 맛집 온천집 온천집 미소,restaurant,1
2026-05-31,food,대전,소제동 카페 여행지 여전히 행복한 지금 소제,cafe,1
2026-05-31,food,대전,솔가 23년 한국관공공사의 전주 맛집,restaurant,1
2026-05-31,food,대전,솔가숯불갈비,candidate,1
2026-05-31,food,대전,시청역,candidate,1
2026-05-31,food,대전,시청역 맛집 키츠네유부 입안 가득 터지는 풍,restaurant,1
2026-05-31,food,대전,식당,restaurant,1
2026-05-31,food,대전,신상카페 뚱기가 다녀온 장동 대형 베이커리,cafe,1
2026-05-31,food,대전,신세계는 청년들의 이러한,candidate,1
2026-05-31,food,대전,신세계백화점,candidate,2
2026-05-31,food,대전,신세계백화점 무슨 일이죠 서울을 대전으로,candidate,1
2026-05-31,food,대전,심야식당,restaurant,1
2026-05-31,food,대전,싸악,candidate,1
2026-05-31,food,대전,쌍둥이수육국밥,candidate,1
2026-05-31,food,대전,쌍둥이수육국밥 월평선사점의 푸짐했던 식,candidate,1
2026-05-31,food,대전,쑤기와,candidate,1
2026-05-31,food,대전,애견 동반 카페 경우 재 한 번쯤 가볼 만한,cafe,1
2026-05-31,food,대전,어은동,candidate,1
2026-05-31,food,대전,어은동 맛집 술집 청춘 막걸리 휴무일 매주,restaurant,1
2026-05-31,food,대전,언니랑,candidate,1
2026-05-31,food,대전,에서 신혼생활 중인 꿍이 만나러 다녀왔서,candidate,1
2026-05-31,food,대전,여름,candidate,1
2026-05-31,food,대전,여행 기 시작,candidate,1
2026-05-31,food,대전,여행 에서도 꼭 가봐야겠다고 생각한 맛집은,restaurant,1
2026-05-31,food,대전,여행 을 계획하실 때 빵지순례 하시잖아요 하,candidate,1
2026-05-31,food,대전,여행 임영웅 순댓국 맛집 오문창 순댓국,restaurant,1
2026-05-31,food,대전,여행 중 근처 지나게 된다면 잠깐 들러 보시,candidate,1
2026-05-31,food,대전,여행을,candidate,1
2026-05-31,food,대전,여행을 계획 중이라면 성심당만 들렀다가 가지,candidate,1
2026-05-31,food,대전,연축동,candidate,1
2026-05-31,food,대전,연축동 베이커리 카페 NTBR 내돈내산,cafe,1
2026-05-31,food,대전,옛정식당,restaurant,1
2026-05-31,food,대전,옛정식당 별 10점 만점중에 7점 정도 이며,restaurant,1
2026-05-31,food,대전,오시우커피,cafe,1
2026-05-31,food,대전,오시우커피 한밭수목원,cafe,1
2026-05-31,food,대전,오시우커피 한밭수목원 심스 스모크하우스 성심,cafe,1
2026-05-31,food,대전,와 이제 26년도 40퍼 지남 뇨끼 맛집,restaurant,1
2026-05-31,food,대전,원기보충하는,candidate,1
2026-05-31,food,대전,위치 대전 유성구 관평1로 52 들어오셔서 맛집,restaurant,1
2026-05-31,food,대전,유성,candidate,1
2026-05-31,food,대전,유성 맛집 어화 숙성 사시미와 후토마키가 맛,restaurant,1
2026-05-31,food,대전,유성구 관평1로 52 들어오셔서 맛집 인정했,restaurant,1
2026-05-31,food,대전,유성구 맛집 인 이유를 알겠더라구요 점심시간,restaurant,1
2026-05-31,food,대전,유성구 봉명동 초밥 맛집 상무초밥 유성점에,restaurant,1
2026-05-31,food,대전,유성수통골에,candidate,1
2026-05-31,food,대전,유성수통골에 싶다면 오늘 일요일 춘하 ESP,candidate,1
2026-05-31,food,대전,으로 손 꼽히는,candidate,1
2026-05-31,food,대전,은행동,candidate,1
2026-05-31,food,대전,이랍니다 대전 유성구 관들2길 8-7,candidate,1
2026-05-31,food,대전,이색,candidate,1
2026-05-31,food,대전,이색 술집 술방구 둔산동 술집 인스타,restaurant,1
2026-05-31,food,대전,이에요 대전 반찬식당,restaurant,1
2026-05-31,food,대전,있는,candidate,2
2026-05-31,food,대전,정림동,candidate,1
2026-05-31,food,대전,정림동 맛집 깔끔한 국물에 반하고 꽉 찬 김,restaurant,1
2026-05-31,food,대전,주왕산국립공원,travel_spot,1
2026-05-31,food,대전,중구,candidate,6
2026-05-31,food,대전,중구 간편한 한 끼 감성적인 인테리어의 맛있,candidate,1
2026-05-31,food,대전,중구 맛집 광천식당,restaurant,1
2026-05-31,food,대전,중구 맛집 광천식당 노포 감성과 매콤한 두루,restaurant,1
2026-05-31,food,대전,중구 맛집 유천동 맛집 향기면옥 막국수 감동,restaurant,1
2026-05-31,food,대전,중구 성심당 근처 가성비 칼국수 맛집 시민칼,restaurant,1
2026-05-31,food,대전,중구 성심당근처 맛집 전참시 얼큰이칼국수 복,restaurant,1
2026-05-31,food,대전,중구 중촌동 한줄의 부엌 집 근처에서 예쁜,candidate,1
2026-05-31,food,대전,중동,candidate,1
2026-05-31,food,대전,중동 꿈돌이 하우스 누가 노잼 도시래 놀거리,candidate,1
2026-05-31,food,대전,중앙시장,travel_spot,1
2026-05-31,food,대전,중앙시장 내돈내산 맛집 리스트 솔이네계란,restaurant,1
2026-05-31,food,대전,증가한,candidate,1
2026-05-31,food,대전,직영점 외관 내부 대전 한밭수목원 맛집 인,restaurant,1
2026-05-31,food,대전,출발,candidate,1
2026-05-31,food,대전,출발 아이와 함께 다녀온 임실치즈테마파크 장,candidate,1
2026-05-31,food,대전,충남대,candidate,1
2026-05-31,food,대전,충남대 블루리본 중식당,restaurant,1
2026-05-31,food,대전,충남대 블루리본 중식당 연래춘대반점 삼선짜장,restaurant,1
2026-05-31,food,대전,탄방,candidate,1
2026-05-31,food,대전,탄방 돈가스 맛집 숯불돈까스 숯불돈까스 대전,restaurant,1
2026-05-31,food,대전,탄방동,candidate,1
2026-05-31,food,대전,탄방동에 뇨끼 맛집 이 있다고 해서 다녀와봤,restaurant,1
2026-05-31,food,대전,한밭수목원,candidate,2
2026-05-31,food,대전,한밭수목원 꽃축제,attraction,1
2026-05-31,food,대전,한밭수목원 꽃축제 장미 스팟 것이라고 생각합,attraction,1
2026-05-31,food,대전,한밭수목원 맛집 솔가숯불갈비 대전직영점 방문,restaurant,1
2026-05-31,food,대전,한밭수목원꽃축제,attraction,1
2026-05-31,food,대전,함께 술 한잔하기 좋은 식당,restaurant,1
2026-05-31,food,대전,핫플 대전 혼술바 잔소리 봉명점,restaurant,1
2026-05-31,food,대전,현지인,candidate,1
2026-05-31,food,대전,혼술바,restaurant,1
2026-05-31,food,대전,후기입니다,candidate,1
2026-05-31,food,대전,흑염소,candidate,1
2026-05-31,food,대전,흑염소 전문점 흑염소수육에 산삼주 대전 대전,candidate,1
2026-05-31,food,대전,n 공주 대전 세종 창밖을 바라보며 고소한 커피,cafe,1
2026-05-31,food,부산,1호선 범일역 라이프버거 수제버거 맛집,restaurant,1
2026-05-31,food,부산,2 부산어묵슬러시 오색쑥호떡 소라네김 오산시장,travel_spot,1
2026-05-31,food,부산,26 부산역 호텔,travel_spot,1
2026-05-31,food,부산,2박 3일 맛집,restaurant,1
2026-05-31,food,부산,2박 3일 맛집 여행 솔직,restaurant,1
2026-05-31,food,부산,2박 3일 부산여행 부산 맛집,restaurant,1
2026-05-31,food,부산,2박 3일 여행 2편 온천장역 돼지국밥부터,candidate,1
2026-05-31,food,부산,2박 3일 여행 여기가 핫플 이라고 했는데,candidate,1
2026-05-31,food,부산,2박 3일 혼자 여행 3일차-2 부산 벚꽃,candidate,1
2026-05-31,food,부산,3대 맛집,restaurant,1
2026-05-31,food,부산,3대 빵집 명품 빵집 부산역카페,cafe,1
2026-05-31,food,부산,3대 빵집 명품 빵집 부산역카페 부산빵집 비,cafe,1
2026-05-31,food,부산,3대돈까스맛집,restaurant,1
2026-05-31,food,부산,3일,candidate,1
2026-05-31,food,부산,3일차-2,candidate,1
2026-05-31,food,부산,3일차-2 부산 벚꽃 스팟 명란김밥 라떼 맛집,restaurant,1
2026-05-31,food,부산,5월 내돈내산 식당,restaurant,1
2026-05-31,food,부산,6시내고향맛집,restaurant,1
2026-05-31,food,부산,6월부산축제,attraction,1
2026-05-31,food,부산,가계부,candidate,1
2026-05-31,food,부산,가능한,candidate,1
2026-05-31,food,부산,가득했던,candidate,1
2026-05-31,food,부산,가볼,candidate,1
2026-05-31,food,부산,가서 커피,cafe,1
2026-05-31,food,부산,가성비,candidate,3
2026-05-31,food,부산,가성비 여행 의 정석 리순덕 호텔,travel_spot,1
2026-05-31,food,부산,가성비 여행 의 정석 리순덕 호텔 투숙,travel_spot,1
2026-05-31,food,부산,가성비호텔,travel_spot,2
2026-05-31,food,부산,가평아이랑호텔,travel_spot,1
2026-05-31,food,부산,갈겡 실습 화이팅이야,candidate,1
2026-05-31,food,부산,갈매기살,candidate,1
2026-05-31,food,부산,갈매기살 맛집 진짜가 나타났다,restaurant,1
2026-05-31,food,부산,갈매기살 맛집 진짜가 나타났다 다대포 고기집,restaurant,1
2026-05-31,food,부산,강당골,candidate,1
2026-05-31,food,부산,강서구,candidate,1
2026-05-31,food,부산,강서구 한식 맛집 숨은 맛집 하이든대동 거,restaurant,1
2026-05-31,food,부산,거제동 맛집 명성고깃집 거제아시아드직영점 후,restaurant,1
2026-05-31,food,부산,경보기 광주경보기 KIA스팅어 제주여행 서울맛집,restaurant,1
2026-05-31,food,부산,광안리,candidate,5
2026-05-31,food,부산,광안리 다리집 유명한 떡볶이는 먹어줘야 제,candidate,1
2026-05-31,food,부산,광안리 맛집 해장성지 아침식사 가능한 로컬,restaurant,1
2026-05-31,food,부산,광안리 베이커리,cafe,1
2026-05-31,food,부산,광안리 부산 당일치기 여행,candidate,1
2026-05-31,food,부산,광안리 점심 핫플 페이센동 03 깔끔한 내부,candidate,1
2026-05-31,food,부산,광안리 점심 해수욕장 근처 페이센동 광안리점,candidate,1
2026-05-31,food,부산,광안리어방축제,attraction,1
2026-05-31,food,부산,광안리오션뷰호텔,travel_spot,1
2026-05-31,food,부산,광안리호텔,travel_spot,1
2026-05-31,food,부산,괘법동맘카페 사상역중식당,cafe,1
2026-05-31,food,부산,구서동돼지국밥,candidate,1
2026-05-31,food,부산,구서동돼지국밥 맛집 금정구청 앞 부곡동 밥집,restaurant,1
2026-05-31,food,부산,국내신흥여행지,candidate,1
2026-05-31,food,부산,그랜드,candidate,1
2026-05-31,food,부산,근교 여행 보랏빛 오션뷰 + 차박 + 기장,candidate,1
2026-05-31,food,부산,금정,candidate,1
2026-05-31,food,부산,금정구레스토랑,restaurant,1
2026-05-31,food,부산,기장,candidate,3
2026-05-31,food,부산,기장 여행 오션뷰 카페 웨이브온 대나무 영화,cafe,1
2026-05-31,food,부산,기장과 서울 한남동본점 딱 두 곳 뿐이라 충,candidate,1
2026-05-31,food,부산,기장에는 맛있는 대게를 즐길 수 있는 맛집이,restaurant,1
2026-05-31,food,부산,기장에서,candidate,1
2026-05-31,food,부산,기장역 점심 맛집 가성비 점심특선 유정식육식당,restaurant,1
2026-05-31,food,부산,기장이화장횟집,candidate,1
2026-05-31,food,부산,기장이화장횟집 신선한 재료와 짚불 이러한 놀,candidate,1
2026-05-31,food,부산,깡통시장,travel_spot,1
2026-05-31,food,부산,꼬치홀릭,candidate,1
2026-05-31,food,부산,끼룩이네,candidate,1
2026-05-31,food,부산,나들이 장소 찾으시는 분들 해운대수목원,candidate,1
2026-05-31,food,부산,나만 알고 싶은 심야 식당,restaurant,1
2026-05-31,food,부산,나온,candidate,1
2026-05-31,food,부산,남구,candidate,2
2026-05-31,food,부산,남구 대연동 삼겹살 맛집 소 돼지고기 숯불구,restaurant,1
2026-05-31,food,부산,남구 용호동고깃집 푸주인 용호점 용호동소고기,restaurant,1
2026-05-31,food,부산,남포동,candidate,1
2026-05-31,food,부산,내 인생 최고의 피자 이재모피자 본점,candidate,1
2026-05-31,food,부산,내려가기 전에,candidate,1
2026-05-31,food,부산,내산,candidate,1
2026-05-31,food,부산,너네가 있어서 행복해 부산현대미술관,attraction,1
2026-05-31,food,부산,노포,candidate,1
2026-05-31,food,부산,노포 지도 이번 겨울 부산 여행을 계획 중인,candidate,1
2026-05-31,food,부산,놀거리,candidate,1
2026-05-31,food,부산,놀거리 액티비티 부산실탄사격장 도파민 팡팡,candidate,1
2026-05-31,food,부산,놀거리 여행 계획 세우다가,candidate,1
2026-05-31,food,부산,놀러 오셔서 당일치기 하시는 분이나 잠시 짐,candidate,1
2026-05-31,food,부산,다다닥N짜오미솥 회식까지 만족했던 신상 맛집,restaurant,1
2026-05-31,food,부산,다대포,candidate,1
2026-05-31,food,부산,다대포 갑오징어 주문했는데 서비스가 이 정도,candidate,1
2026-05-31,food,부산,다대포에서 인생 다대포 해수욕장 일몰 구경,candidate,1
2026-05-31,food,부산,달맞이,candidate,1
2026-05-31,food,부산,달맞이 스프링힐 아 그래놀라요거트볼까지 먹었,candidate,1
2026-05-31,food,부산,담양,candidate,1
2026-05-31,food,부산,당감동,candidate,2
2026-05-31,food,부산,당감동 고깃집 소갈비살 전문점,candidate,1
2026-05-31,food,부산,당감동 구워주는 고깃집 냉삼 당감 돼지충전소,candidate,1
2026-05-31,food,부산,당일치기 기차 타자마자 오랜만에 만났다구 선,candidate,1
2026-05-31,food,부산,대 파스타 맛집 키노 가성비 끝판왕 양식당,restaurant,1
2026-05-31,food,부산,대 NC백화점 여름 샤브샤브 부산대 맛집,restaurant,1
2026-05-31,food,부산,대게,candidate,1
2026-05-31,food,부산,대게좋은날,candidate,1
2026-05-31,food,부산,대파스타,restaurant,1
2026-05-31,food,부산,대파스타 5성급 호텔,restaurant,1
2026-05-31,food,부산,대파스타 5성급 호텔출신쉐프 레스토랑 추,restaurant,1
2026-05-31,food,부산,대표커피,cafe,1
2026-05-31,food,부산,더로하 더로하 아기 옷 신세계센텀시티 부산 팝업,popup,1
2026-05-31,food,부산,데이트,candidate,2
2026-05-31,food,부산,동구,candidate,1
2026-05-31,food,부산,동래,candidate,2
2026-05-31,food,부산,동래 2차로 가기 좋은 술집 미식가의 연어,restaurant,1
2026-05-31,food,부산,동래 맛집 수제 야키토리와 명장역술집,restaurant,1
2026-05-31,food,부산,동래 아구찜 맛집 양포항 역시 이날도 아구찜,restaurant,1
2026-05-31,food,부산,동래구,candidate,1
2026-05-31,food,부산,동래구 금강공원로 40-1 중앙빌딩 1층 0,travel_spot,1
2026-05-31,food,부산,동백국밥,candidate,1
2026-05-31,food,부산,돼지갈비 맛집 대지숯불갈비,restaurant,1
2026-05-31,food,부산,떡볶이를 먹으러 부산에 오지는 않겠지만 깡통시장,travel_spot,1
2026-05-31,food,부산,뚜벅이,candidate,1
2026-05-31,food,부산,라발스,candidate,1
2026-05-31,food,부산,라발스 호텔,travel_spot,1
2026-05-31,food,부산,라발스 호텔 Lavalse Hotel AGO,travel_spot,1
2026-05-31,food,부산,로컬 맛집 집합소 조선시대부터 이어진 전통시,restaurant,1
2026-05-31,food,부산,리 했슴다 5 20 저 이번 축제,attraction,1
2026-05-31,food,부산,마라탕,candidate,1
2026-05-31,food,부산,마이클 어반팜 테이블 현대 모터스튜디오,candidate,1
2026-05-31,food,부산,맛집을 찾는다고 가정해 보자 단순히 부산 맛,restaurant,1
2026-05-31,food,부산,망미동,candidate,1
2026-05-31,food,부산,망미동 고기집 마장동황제축산 망미직영점 생갈,restaurant,1
2026-05-31,food,부산,매일 17 00 - 익일 01 00 미친 맛집,restaurant,1
2026-05-31,food,부산,먹거리,candidate,1
2026-05-31,food,부산,먹을 것 같습니다 그 정도면 충분히 좋은 시장,travel_spot,1
2026-05-31,food,부산,메르의,candidate,1
2026-05-31,food,부산,명륜동,candidate,1
2026-05-31,food,부산,명륜동 맛집 온천장 맛집 목화기사식당,restaurant,1
2026-05-31,food,부산,명륜동 맛집 온천장 맛집 목화기사식당 부산,restaurant,1
2026-05-31,food,부산,모모스커피,cafe,1
2026-05-31,food,부산,몰려간다,candidate,1
2026-05-31,food,부산,문삼이 24시간 푸짐한 삼합쭈삼구이 수영역 맛집,restaurant,1
2026-05-31,food,부산,문현동,candidate,1
2026-05-31,food,부산,문현동 배스킨라빈스 31 부산 문현점 오늘은,candidate,1
2026-05-31,food,부산,문현점,candidate,1
2026-05-31,food,부산,물금,candidate,1
2026-05-31,food,부산,물금 여행,candidate,1
2026-05-31,food,부산,미슐랭,candidate,1
2026-05-31,food,부산,미슐랭 레스토랑 비비재 여섯 팀이 동시에 식,restaurant,1
2026-05-31,food,부산,바스크 치즈 케익 먹으니까 커피,cafe,1
2026-05-31,food,부산,박 2일 이상 일정으로 에메랄드 빛 미우다 해변,travel_spot,1
2026-05-31,food,부산,방문 당시 못 가봐서 솥밥은 점심 때 특히,candidate,1
2026-05-31,food,부산,백일사진_스튜디오,candidate,1
2026-05-31,food,부산,백일사진스튜디오,candidate,1
2026-05-31,food,부산,백일상스튜디오,candidate,1
2026-05-31,food,부산,버거킹,candidate,1
2026-05-31,food,부산,범내골,candidate,1
2026-05-31,food,부산,벚꽃,candidate,1
2026-05-31,food,부산,베를린,candidate,1
2026-05-31,food,부산,베이글,candidate,1
2026-05-31,food,부산,복국의,candidate,1
2026-05-31,food,부산,복국의 정체 부산가볼만한곳,candidate,1
2026-05-31,food,부산,부담없는,candidate,1
2026-05-31,food,부산,부들파이터,candidate,1
2026-05-31,food,부산,부모님,candidate,1
2026-05-31,food,부산,부모님 모시고 가기 좋은 냉수탕가든,candidate,1
2026-05-31,food,부산,부산 빵 투어 여튼 해운대 잠깐 있다가,candidate,1
2026-05-31,food,부산,부산대파스타 5성급 호텔출신쉐프 레스토랑,restaurant,1
2026-05-31,food,부산,부전,candidate,1
2026-05-31,food,부산,부전 서면 닭발 맛집 불향 가득한 신이내린,restaurant,1
2026-05-31,food,부산,부전시장,attraction,1
2026-05-31,food,부산,부평깡통시장,travel_spot,1
2026-05-31,food,부산,부평동,candidate,1
2026-05-31,food,부산,부평동 맛집 깡통시장,restaurant,1
2026-05-31,food,부산,부평동 맛집 깡통시장 2대째 소문난죽집,restaurant,1
2026-05-31,food,부산,북구,candidate,1
2026-05-31,food,부산,북구 금곡동 맛집 솔방울로 굽는 고기 솔방구,restaurant,1
2026-05-31,food,부산,비교,candidate,1
2026-05-31,food,부산,빌라쥬,candidate,1
2026-05-31,food,부산,빌라쥬 Ananti at Busan Vill,candidate,1
2026-05-31,food,부산,빵맛 커피,cafe,1
2026-05-31,food,부산,빵집,candidate,1
2026-05-31,food,부산,사람들도,candidate,1
2026-05-31,food,부산,사람들도 몰려간다 부산 6월 축제,attraction,1
2026-05-31,food,부산,사람이라 서울에 오면 순대국은 안먹을 줄 알,candidate,1
2026-05-31,food,부산,사상,candidate,1
2026-05-31,food,부산,사상 고기집 오늘도 갈비곳간 도네누 일부 내,restaurant,1
2026-05-31,food,부산,사상엉클,candidate,1
2026-05-31,food,부산,사직동,candidate,1
2026-05-31,food,부산,사천훠궈,candidate,1
2026-05-31,food,부산,사하구,candidate,1
2026-05-31,food,부산,사하구 맛집 보배반점 장림점에서 보낸 그동안,restaurant,1
2026-05-31,food,부산,산곰장어에서,candidate,1
2026-05-31,food,부산,생활의달인,candidate,1
2026-05-31,food,부산,생활의달인 맛집 부산 생활의달인 맛집 부산,restaurant,1
2026-05-31,food,부산,생활의달인 맛집 생활의 달인 박해문 셰프님이,restaurant,1
2026-05-31,food,부산,생활의달인 맛집 해운대 문스시 해운대 모임장,restaurant,1
2026-05-31,food,부산,샤브샤브,candidate,1
2026-05-31,food,부산,서동,candidate,1
2026-05-31,food,부산,서동시장,travel_spot,1
2026-05-31,food,부산,서면,candidate,5
2026-05-31,food,부산,서면 매콤한 쭈꾸미가 땡길땐 홍스쭈꾸미 서면,candidate,1
2026-05-31,food,부산,서면 서면고기집 소장각 가성비로 즐기는 소갈,restaurant,1
2026-05-31,food,부산,서면 카페 부산,cafe,1
2026-05-31,food,부산,서면 BIFC2몰 실내데이트 종로문고 기대되,candidate,1
2026-05-31,food,부산,서면에서 핫한 서면훠궈 맛집 이라 그런지 주,restaurant,1
2026-05-31,food,부산,서면점,candidate,1
2026-05-31,food,부산,서문시장,travel_spot,1
2026-05-31,food,부산,서부,candidate,1
2026-05-31,food,부산,서울 3대 순대국 오늘은 서울 3대 순대국 맛집,restaurant,1
2026-05-31,food,부산,서울3대돈까스맛집,restaurant,1
2026-05-31,food,부산,손정보쌈,candidate,3
2026-05-31,food,부산,송정역,candidate,1
2026-05-31,food,부산,수변최고돼지국밥 파인다이닝,restaurant,1
2026-05-31,food,부산,수영,candidate,2
2026-05-31,food,부산,수영 술집 닭발 맛집 오늘닭발해 수영본점 저,restaurant,1
2026-05-31,food,부산,수영구,candidate,1
2026-05-31,food,부산,수영구 감포로 96 2층 아산이자카야 계단,candidate,1
2026-05-31,food,부산,수영구 데이트 레스토랑,restaurant,1
2026-05-31,food,부산,수영구 데이트 레스토랑 마이클 어반팜 테이블,restaurant,1
2026-05-31,food,부산,수영구축제,attraction,1
2026-05-31,food,부산,수영역,candidate,3
2026-05-31,food,부산,수영역 맛집 미친막창 막창 맛집 푸짐한 한,restaurant,1
2026-05-31,food,부산,수영역 맛집 술집 부엉이산장 안주가 맛있는,restaurant,1
2026-05-31,food,부산,수영역 맛집 술집으로 입소문 난 역시 부산,restaurant,1
2026-05-31,food,부산,수영역 맛집 아구찜 제철 갑오징어회 신통영굴,restaurant,1
2026-05-31,food,부산,숨은,candidate,1
2026-05-31,food,부산,숨은 가성비 노포 김밥 맛집 내돈내산,restaurant,1
2026-05-31,food,부산,스위트,candidate,1
2026-05-31,food,부산,스페셜티커피,cafe,2
2026-05-31,food,부산,시청역,candidate,1
2026-05-31,food,부산,시청역 맛집 부산시청 소고기숯불구이 전,restaurant,1
2026-05-31,food,부산,신가네호떡,candidate,1
2026-05-31,food,부산,신가네호떡 진주 양포항 고성 + 요상한 포인,candidate,1
2026-05-31,food,부산,신세계센텀시티,candidate,1
2026-05-31,food,부산,신짜글이닭발,candidate,1
2026-05-31,food,부산,실내놀이터,candidate,1
2026-05-31,food,부산,아기랑,candidate,1
2026-05-31,food,부산,아기랑 가볼만한 곳 해운대 수목원,candidate,1
2026-05-31,food,부산,아기랑 가볼만한 곳 해운대 수목원 방문,candidate,1
2026-05-31,food,부산,안심식당,restaurant,1
2026-05-31,food,부산,액티비티,candidate,1
2026-05-31,food,부산,앰슐랭은 요식업 17년 경력 5성급 호텔,travel_spot,1
2026-05-31,food,부산,야경명소,candidate,1
2026-05-31,food,부산,양정,candidate,1
2026-05-31,food,부산,양정 텐 달러 스테이크 앤 파스타 가성비 좋,restaurant,1
2026-05-31,food,부산,양정심야식당,restaurant,1
2026-05-31,food,부산,양정역,candidate,1
2026-05-31,food,부산,양정역 근처에 있어요 대로변에 있어 찾기 쉬,candidate,1
2026-05-31,food,부산,양정역 맛집 수심5미터 부산진구 맛집,restaurant,1
2026-05-31,food,부산,양정역 맛집 수심5미터 부산진구 맛집 수심5,restaurant,1
2026-05-31,food,부산,양정의 가성비 양식,candidate,1
2026-05-31,food,부산,어방축제,attraction,1
2026-05-31,food,부산,어졌는데 왜 살아남은지 이해가 되는 사상단체식당,restaurant,1
2026-05-31,food,부산,없는,candidate,1
2026-05-31,food,부산,에 사람이 단 한 명도 없는걸 보는 순간 호텔,travel_spot,1
2026-05-31,food,부산,엑셀호텔,travel_spot,1
2026-05-31,food,부산,여행 4시간 거리 영도 당일치기 여행 찐 후,candidate,1
2026-05-31,food,부산,여행 때도 허심청은 꼭 다시 가고 싶어요,candidate,1
2026-05-31,food,부산,여행 마지막 날 점심 으로 먹은 신사꽃게당,candidate,1
2026-05-31,food,부산,여행 에서 꼭 가보자했던 맛집은,restaurant,1
2026-05-31,food,부산,여행 중 들르기 좋은 모모스커피,cafe,1
2026-05-31,food,부산,여행 중 들르기 좋은 모모스커피 본점,cafe,1
2026-05-31,food,부산,여행을 가기위해 KTX를 타러 서울역에 도착,candidate,1
2026-05-31,food,부산,여행을 계획하면서 가장 기대했던 일정 중 하,candidate,1
2026-05-31,food,부산,여행하며 해운대에 들러서 바다와 해운대 핫플,restaurant,1
2026-05-31,food,부산,연산동,candidate,1
2026-05-31,food,부산,연산동 박복순 쪽갈비,candidate,1
2026-05-31,food,부산,연신내,candidate,1
2026-05-31,food,부산,영도,candidate,3
2026-05-31,food,부산,영도 감성커피,cafe,1
2026-05-31,food,부산,영도 감성커피 영도대교점,cafe,1
2026-05-31,food,부산,영도 오션뷰 캠핑 바베큐 몽작 찐 솔직,restaurant,1
2026-05-31,food,부산,예약제 글램핑 식당,restaurant,1
2026-05-31,food,부산,오산 오색시장,travel_spot,1
2026-05-31,food,부산,오산오색시장,travel_spot,1
2026-05-31,food,부산,오시리아꼼장어,candidate,1
2026-05-31,food,부산,온복국수,candidate,1
2026-05-31,food,부산,온천장 직영점 부산 동래구 금강공원,travel_spot,1
2026-05-31,food,부산,요트투어 업체들 정말 많은데,candidate,1
2026-05-31,food,부산,용가회전훠거,candidate,1
2026-05-31,food,부산,용호동,candidate,2
2026-05-31,food,부산,용호동 맛집 W스퀘어 정바다 횟집 포장,restaurant,1
2026-05-31,food,부산,유정식육식당,restaurant,1
2026-05-31,food,부산,을 다녀왔습니다 예전에 부전역 근처에,candidate,1
2026-05-31,food,부산,을 찾아다닐 필요가 없음 나에겐 부담감,candidate,1
2026-05-31,food,부산,이 있다해서 다녀왔어요 더바른 식당,restaurant,1
2026-05-31,food,부산,이뤄진다는,candidate,1
2026-05-31,food,부산,이진,candidate,1
2026-05-31,food,부산,이진 Wyndham Grand Busan I,candidate,1
2026-05-31,food,부산,일본편에서 다이닝,restaurant,1
2026-05-31,food,부산,임이 잡혀서 그 덕분에 요즘 핫플 들을 동래시장,travel_spot,1
2026-05-31,food,부산,입니다 오늘은 10년 넘게 한우곱창 부산대 맛집,restaurant,1
2026-05-31,food,부산,있는,candidate,1
2026-05-31,food,부산,자극적인 맛을 잊기는 쉽지 않다 맛도 있고 식당,restaurant,1
2026-05-31,food,부산,재 여섯 팀이 동시에 식사를 할수있는 작은 식당,restaurant,1
2026-05-31,food,부산,저도 같이 그렇게 먹다가 체할 것 같아서 점,candidate,1
2026-05-31,food,부산,전통시장,travel_spot,1
2026-05-31,food,부산,전포,candidate,5
2026-05-31,food,부산,전포 맛집 돈까스 파스타 고온 내돈내산,restaurant,1
2026-05-31,food,부산,전포 맛집 버거샵 burger shop,restaurant,1
2026-05-31,food,부산,전포 맛집 코르 파스타 바 주말 점심,restaurant,1
2026-05-31,food,부산,전포 방문 시 한 번쯤 먹어볼 만한 이색 수,candidate,1
2026-05-31,food,부산,전포 수육 맛집 갱상도 간받이수육에 해물칼국,restaurant,1
2026-05-31,food,부산,전포동 수제버거 맛집 서면 맛집 버거샵 서면,restaurant,1
2026-05-31,food,부산,전포술집 서면 롯데백화점 부산시민공원,restaurant,1
2026-05-31,food,부산,전포신상카페 라이크댓커피,cafe,1
2026-05-31,food,부산,정원,candidate,1
2026-05-31,food,부산,조개구이,candidate,1
2026-05-31,food,부산,조선,candidate,1
2026-05-31,food,부산,좋은,candidate,1
2026-05-31,food,부산,주목한,candidate,1
2026-05-31,food,부산,중구,candidate,1
2026-05-31,food,부산,즐기는,candidate,1
2026-05-31,food,부산,지역의 맛집 을 리뷰하는 맛집 전문 블로거,restaurant,1
2026-05-31,food,부산,지하 1층 홍콩식 와플 까이딴자이 맛집,restaurant,1
2026-05-31,food,부산,집합소 조선시대부터 이어진 전통시장,travel_spot,1
2026-05-31,food,부산,차박,candidate,1
2026-05-31,food,부산,청사포,candidate,2
2026-05-31,food,부산,청사포 조개구이 맛집 도희네 조개구이 내돈내,restaurant,1
2026-05-31,food,부산,추천리스트,candidate,1
2026-05-31,food,부산,출발,candidate,2
2026-05-31,food,부산,커피,cafe,1
2026-05-31,food,부산,커피 맛집 히떼로스터리 전포점 필터커피,cafe,1
2026-05-31,food,부산,커피 맛집 히떼로스터리 전포점 필터커피 전포,cafe,1
2026-05-31,food,부산,켄트호텔이 말아주는 26년 광안리 어방축제,attraction,1
2026-05-31,food,부산,코뿔소와 유니콘 아이랑 함께 전시,attraction,1
2026-05-31,food,부산,키즈카페 히어로플레이파크 대형 실내놀이터 주,cafe,1
2026-05-31,food,부산,킹크랩,candidate,1
2026-05-31,food,부산,킹크랩 대게 맛집 주말이라 그런지 확실히 부,restaurant,1
2026-05-31,food,부산,테마별,candidate,1
2026-05-31,food,부산,토박이 저의 맛집 리스트 중 한곳인 청사포에,restaurant,1
2026-05-31,food,부산,토박이는,candidate,1
2026-05-31,food,부산,토박이의 찐 맛집 부산 한정식 맛집 을 찾고,restaurant,1
2026-05-31,food,부산,투어,candidate,2
2026-05-31,food,부산,파라다이스호텔,travel_spot,1
2026-05-31,food,부산,하나씩 있었던 5월에 다녀온 내돈내산 경남 식당,restaurant,1
2026-05-31,food,부산,한번,candidate,1
2026-05-31,food,부산,한정식,candidate,1
2026-05-31,food,부산,핫플 레이스,candidate,1
2026-05-31,food,부산,핫플 맛집 찾아보다가 반주하기 좋아 보였던,restaurant,1
2026-05-31,food,부산,해동용궁사,candidate,1
2026-05-31,food,부산,해동용궁사 이야기 부처님 바다를 품은 국내,restaurant,1
2026-05-31,food,부산,해리단길,candidate,1
2026-05-31,food,부산,해리단길에서,candidate,1
2026-05-31,food,부산,해리단길에서 즐기는 특별한 스페인요리,candidate,1
2026-05-31,food,부산,해목,candidate,1
2026-05-31,food,부산,해운대,candidate,7
2026-05-31,food,부산,해운대 게장 맛집 신사꽃게당 해운대점 간장게,restaurant,1
2026-05-31,food,부산,해운대 돼지국밥 맛집 서가돼지국밥 방문을 추,restaurant,1
2026-05-31,food,부산,해운대 돼지국밥 현지인 맛집 서가돼지국,restaurant,1
2026-05-31,food,부산,해운대 맛집 싱싱한 자연산 해산물이 3차에,restaurant,1
2026-05-31,food,부산,해운대 블루라인파크 근처 청사포의 감성 청사,candidate,1
2026-05-31,food,부산,해운대 블루라인파크 해운대핫플 청사포 부산데,candidate,1
2026-05-31,food,부산,해운대 Grand Josun Busan AG,candidate,1
2026-05-31,food,부산,해운대 LP바 해운대 칵테일바 뮤즈온 방문후,restaurant,1
2026-05-31,food,부산,해운대구,candidate,1
2026-05-31,food,부산,해운대구 석대동 77 전화 앞에서 볼 수 있,candidate,1
2026-05-31,food,부산,해운대구 우동1로38번가길 20 2층 양송이,candidate,1
2026-05-31,food,부산,해운대구 재송동 순대국밥 맛집 프렌차이즈 얼,restaurant,1
2026-05-31,food,부산,해운대구 중동1로 39 2층,candidate,1
2026-05-31,food,부산,현대미술관,attraction,1
2026-05-31,food,부산,현대미술관 코뿔소와 유니콘 아이랑 함께 전시,attraction,1
2026-05-31,food,부산,현지인도,candidate,1
2026-05-31,food,부산,혼자,candidate,1
2026-05-31,food,부산,홍콩다방 해운대점 주소 부산 해운대구 해운대해변,travel_spot,1
2026-05-31,food,부산,횟집,candidate,1
2026-05-31,food,부산,히츠마부시,candidate,1
2026-05-31,food,부산,히츠마부시 직접 다녀온 해운대점 솔직한,candidate,1
2026-05-31,food,부산,feat,candidate,1
2026-05-31,food,부산,ham Grand Busan Ijin 부산 맛집,restaurant,1
2026-05-31,food,부산,LIV,candidate,1
2026-05-31,food,부산,N짜오미솥뚜껑닭볶음탕에서 즐긴 특별한 부산 맛집,restaurant,1
2026-05-31,food,부산,nd Josun Busan AGODA 부산 맛집,restaurant,1
2026-05-31,food,부산,nn번째,candidate,1
2026-05-31,food,부산,nn번째 1박2일 부산여행기 즉흥 여행 여름,candidate,1
2026-05-31,food,부산,nti at Busan Village 부산 맛집,restaurant,1
2026-05-31,food,부산,Suites Busan Station 부산 맛집,restaurant,1
2026-05-31,food,부산,ug_busan 팔로우하고 부산카페 맛집,cafe,1
2026-05-31,food,부산,vsant카페,cafe,1
2026-05-31,food,부산,withmuk_k 인스타그램에서 부산 맛집,restaurant,1
2026-05-31,food,성수,18 40분 프리미엄 직원식당,restaurant,1
2026-05-31,food,성수,5월 도죠 성수 카페,cafe,1
2026-05-31,food,성수,6년,candidate,1
2026-05-31,food,성수,6년 연속 블루리본 선정의 이유 6년 연속,candidate,1
2026-05-31,food,성수,가까운 횟집 어디있을까 싶어 검색해보니 가락시장,travel_spot,1
2026-05-31,food,성수,가족식사 맛집 4 혼자 시원한 하이볼과 함께,restaurant,1
2026-05-31,food,성수,갈 겸 가서 먹었어 근데,candidate,1
2026-05-31,food,성수,감성,candidate,2
2026-05-31,food,성수,감성 카페 도토리오븐 내돈내산 솔직,cafe,1
2026-05-31,food,성수,감자탕,candidate,1
2026-05-31,food,성수,갔다가,candidate,1
2026-05-31,food,성수,같은,candidate,1
2026-05-31,food,성수,공격적 유치 과거에는 SNS에서 화제가 된 맛집,restaurant,1
2026-05-31,food,성수,글로리,candidate,1
2026-05-31,food,성수,글로리 닭칼국수 따뜻한 한옥 분위기 한 끼,candidate,1
2026-05-31,food,성수,내돈내산 성수동의 대표 감자탕 맛집 성수동의,restaurant,1
2026-05-31,food,성수,냠냠,candidate,1
2026-05-31,food,성수,네이버 플레이스 바로가기 +++ Turtle,restaurant,1
2026-05-31,food,성수,놀러 갔다가 분위기 좋고 음식까지 맛있었던,candidate,1
2026-05-31,food,성수,느낌보다는 편하게 밥 먹기 좋은 식당,restaurant,1
2026-05-31,food,성수,능동미나리,candidate,1
2026-05-31,food,성수,능동미나리 능동 미나리곰탕 육회비,candidate,1
2026-05-31,food,성수,능동미나리 성수지점 안녕하세요 오늘은 성수,candidate,1
2026-05-31,food,성수,다면 구경하기 좋은 곳 성수동 핫플 RSG 팝업,popup,1
2026-05-31,food,성수,달맞이,candidate,1
2026-05-31,food,성수,달콤애플파이,candidate,1
2026-05-31,food,성수,달콤애플파이 겹겹이 쌓인 페이스트리와 진한,candidate,1
2026-05-31,food,성수,더 핫한 달그락뭉티기 성내점 인데요 올림픽공원,travel_spot,1
2026-05-31,food,성수,더현대서울 모찌모찌 팝업,popup,1
2026-05-31,food,성수,데이트,candidate,1
2026-05-31,food,성수,데이트 한일상회 고기룸 토마스베이커리,cafe,1
2026-05-31,food,성수,데이트할,candidate,1
2026-05-31,food,성수,데이트할 때 가기 좋은 리타르단도 독특,candidate,1
2026-05-31,food,성수,도도한면,candidate,1
2026-05-31,food,성수,도죠,candidate,1
2026-05-31,food,성수,돈까스,candidate,1
2026-05-31,food,성수,돈까스 맛집 코시 우동 모듬가츠 맛집 뚝섬역,restaurant,1
2026-05-31,food,성수,동 3대 디저트 맛집,cafe,1
2026-05-31,food,성수,동 감성 한식 다이닝,restaurant,1
2026-05-31,food,성수,동 맛집 라멘 멘야포모 색다른 경험 혼밥,restaurant,1
2026-05-31,food,성수,동 핫플 팝업,popup,1
2026-05-31,food,성수,동선 살펴본 내용 성수 맛집 을 찾기,restaurant,1
2026-05-31,food,성수,동의,candidate,1
2026-05-31,food,성수,동일식당,restaurant,1
2026-05-31,food,성수,동찐 맛집 호호식당,restaurant,1
2026-05-31,food,성수,따우전드,candidate,1
2026-05-31,food,성수,뚝섬역,candidate,2
2026-05-31,food,성수,뚝섬역 뚝섬소금구이 뚝섬역고깃집 성수회식 맛,candidate,1
2026-05-31,food,성수,뚝섬역 점심 맛집 이응 국밥,restaurant,1
2026-05-31,food,성수,뚝섬역고깃집,candidate,1
2026-05-31,food,성수,라멘,restaurant,1
2026-05-31,food,성수,레스토랑,restaurant,1
2026-05-31,food,성수,로 유명한 우이사계입니다 체코 굴뚝빵부터 커피,cafe,1
2026-05-31,food,성수,마루마끼,candidate,1
2026-05-31,food,성수,마루마끼 성수 후토마끼 좋아하시는 분들,candidate,1
2026-05-31,food,성수,맘에 들어서 nn번째 재탕중인건 안 두쫀쿠 맛집,restaurant,1
2026-05-31,food,성수,맥주박물관 타이동 야시장,attraction,1
2026-05-31,food,성수,메이다얼 가지튀김 바오스푸 로우쏭 타이동 야시장,restaurant,1
2026-05-31,food,성수,멘야포모,candidate,1
2026-05-31,food,성수,미국,candidate,1
2026-05-31,food,성수,미국 감성 힙한 파이 맛집 내돈내산 솔직 후,restaurant,1
2026-05-31,food,성수,미루성수,candidate,1
2026-05-31,food,성수,미루성수 미루성수에서의 새로운 미식 경,candidate,1
2026-05-31,food,성수,미쁘동,candidate,1
2026-05-31,food,성수,미쁘동 성수 방문,candidate,1
2026-05-31,food,성수,미테이블,candidate,1
2026-05-31,food,성수,반하는,candidate,1
2026-05-31,food,성수,베이커리,cafe,2
2026-05-31,food,성수,베이커리 맛집 하츠베이커리,cafe,1
2026-05-31,food,성수,베이킹스튜디오,candidate,1
2026-05-31,food,성수,베통,candidate,1
2026-05-31,food,성수,변 핫플 에서 시간을 보내기 아주 좋습니다 팝업,popup,1
2026-05-31,food,성수,본점,candidate,1
2026-05-31,food,성수,분위기 좋은 곳 성수 감성 와인바 쏘티 서울,restaurant,1
2026-05-31,food,성수,분위기에,candidate,1
2026-05-31,food,성수,분위기에 취하고 맛에 반하는 성수동 성,candidate,1
2026-05-31,food,성수,비 있게 즐기는 방법도 있으니 6월 11일 팝업,popup,1
2026-05-31,food,성수,빵지순례 디저트 맛집 메이타왕 소금 에그타르,cafe,1
2026-05-31,food,성수,빵지순례 성수베이킹스튜디오,candidate,1
2026-05-31,food,성수,뿌술려다가,candidate,1
2026-05-31,food,성수,색다른,candidate,1
2026-05-31,food,성수,색다른 매력 미루성수에서의 한 끼 여러,candidate,1
2026-05-31,food,성수,생일,candidate,1
2026-05-31,food,성수,서 바로 방문해 봤어요 레몬 도넛과 하이볼 팝업,popup,1
2026-05-31,food,성수,서울 성동구 N번째 방문 성수 햄버거 맛집,restaurant,1
2026-05-31,food,성수,서울 성수향수공방 닷노트 원데이 클래스 공방,candidate,1
2026-05-31,food,성수,서울베이커리,cafe,1
2026-05-31,food,성수,서울숲 카페 진짜 튀르키예를 만날 수 있는,cafe,1
2026-05-31,food,성수,성수동의 복잡한 거리에서 살짝 벗어나,candidate,1
2026-05-31,food,성수,술집,restaurant,1
2026-05-31,food,성수,식당,restaurant,1
2026-05-31,food,성수,신사소곱창,candidate,1
2026-05-31,food,성수,실비집,candidate,1
2026-05-31,food,성수,쏘쏘한베이킹꺼 도전해봤는데 이 날 이후로 두,candidate,1
2026-05-31,food,성수,안냐세요 도리에요 오늘은 잠실 옆 동네 성수,candidate,1
2026-05-31,food,성수,야키토리,candidate,1
2026-05-31,food,성수,야키토리 나루토 생맥주 맛집 내돈내산,restaurant,1
2026-05-31,food,성수,양쯔깐루,candidate,1
2026-05-31,food,성수,양쯔깐루 맛집 면에서 이번 여름을 강타한 이,restaurant,1
2026-05-31,food,성수,양쯔깐루 맛집 여름에 어울렸던 레이지요거트,restaurant,1
2026-05-31,food,성수,에스파,candidate,1
2026-05-31,food,성수,에스파 팝업 성수역 맛집 아임도넛,popup,1
2026-05-31,food,성수,역 일식당 후토마끼 초이다이닝,restaurant,1
2026-05-31,food,성수,오기 전날 혼자서 먹을 수 있을 만한 식당,restaurant,1
2026-05-31,food,성수,오우칸,candidate,1
2026-05-31,food,성수,요즘 가장 핫한 성수동 냉삼 맛집 뚝도시장,restaurant,1
2026-05-31,food,성수,요즘 특별한 날을 기념하는 사람들이 부쩍 늘,candidate,1
2026-05-31,food,성수,워낙 유명해서 횟집하면 노량진만 알았지 가락시장,travel_spot,1
2026-05-31,food,성수,을 강타한 이것 저것 조합이 훌륭한 디저트 식당,cafe,1
2026-05-31,food,성수,을 찾는 커플 2 서울 여행 와 성수역 맛집,restaurant,1
2026-05-31,food,성수,이 있더라구요 노량진 수산시장,travel_spot,1
2026-05-31,food,성수,이거든요 그런데 제가 정말 맛있게 먹었던 일식당,restaurant,1
2026-05-31,food,성수,이오김밥에서,candidate,1
2026-05-31,food,성수,이오김밥에서 건강한 재료로 차린 든든한,candidate,1
2026-05-31,food,성수,이자카야,candidate,1
2026-05-31,food,성수,이자카야 지금이밤 성수본점 성수동 데이,candidate,1
2026-05-31,food,성수,이탈리안레스토랑,restaurant,1
2026-05-31,food,성수,인증 성수 술집 리타르단도,restaurant,1
2026-05-31,food,성수,일로3길 맛집,restaurant,1
2026-05-31,food,성수,일식,candidate,1
2026-05-31,food,성수,일식 맛집 탐광 내돈내산 솔직 리뷰 성수저녁,restaurant,1
2026-05-31,food,성수,주말엔 맛있는 곳을 찾아다니는 완벽한 J형 맛집,restaurant,1
2026-05-31,food,성수,즐겨먹는,candidate,1
2026-05-31,food,성수,지금이밤,candidate,1
2026-05-31,food,성수,직원식당,restaurant,1
2026-05-31,food,성수,직장인,candidate,1
2026-05-31,food,성수,직장인 맛집 프리미엄 직원식당,restaurant,1
2026-05-31,food,성수,쪽이긴,candidate,1
2026-05-31,food,성수,찾기도 힘들죠 도시락을 싸 다닌다거나 구내식당,restaurant,1
2026-05-31,food,성수,챔프커피,cafe,1
2026-05-31,food,성수,초이다이닝,restaurant,1
2026-05-31,food,성수,타코,candidate,1
2026-05-31,food,성수,타코 맛집 모리몰리 연어타르타르타코 서울숲,restaurant,1
2026-05-31,food,성수,터틀힙,candidate,1
2026-05-31,food,성수,터틀힙 성수,candidate,1
2026-05-31,food,성수,투어2 올리브영N성수 포켓몬 30주년 파티 팝업,popup,1
2026-05-31,food,성수,파스타,restaurant,1
2026-05-31,food,성수,파스타 맛집 리타르단도 챔프커피,cafe,1
2026-05-31,food,성수,파스타 맛집 리타르단도 챔프커피 성수점 성수,cafe,1
2026-05-31,food,성수,팝업 갔다가 반한 영등포 베이글 맛집 테디스,popup,1
2026-05-31,food,성수,페레힐,candidate,1
2026-05-31,food,성수,페레힐로 방문해 주세요 방문 전 알아보니 페,candidate,1
2026-05-31,food,성수,평일,candidate,1
2026-05-31,food,성수,포켓몬,candidate,1
2026-05-31,food,성수,포켓몬 투어2 올리브영N성수 포켓몬 30주년,candidate,1
2026-05-31,food,성수,한식다이닝,restaurant,1
2026-05-31,food,성수,핫플 돌아다니다보면 양식 브런치 감성카페는,cafe,1
2026-05-31,food,성수,핫플 레이스,candidate,1
2026-05-31,food,성수,핫플 보다 더 핫한 달그락뭉티기 성내점 인데,candidate,1
2026-05-31,food,성수,핫플 삿포로 프리미엄 비어스탠드 내돈내산 끝,candidate,1
2026-05-31,food,성수,핫플 에 온 기분을 이곳에서 느껴볼 수 있다,candidate,1
2026-05-31,food,성수,핫플 외국인들도 꽤 많이 기다리는 한국,candidate,1
2026-05-31,food,성수,핫플 중에는 기다리는 시간이 더 긴 곳들도,candidate,1
2026-05-31,food,성수,핫플 하츠베이커,candidate,1
2026-05-31,food,성수,햄버거,candidate,1
2026-05-31,food,성수,햄버거 맛집 보어드앤헝그리 참고로 여기는 진,restaurant,1
2026-05-31,food,성수,헝그리 참고로 여기는 진짜진짜 제 pick 맛집,restaurant,1
2026-05-31,food,성수,호과당,candidate,1
2026-05-31,food,성수,호호식당,restaurant,1
2026-05-31,food,성수,히어로,candidate,1
2026-05-31,food,성수,ETF베이커리,cafe,1
2026-05-31,food,성수,NCT 해찬도 즐겨먹는 성수동 짬뽕 맛집,restaurant,1
2026-05-31,food,성수,NCT해찬 맛집,restaurant,1
2026-05-31,food,수원,1등급 숙성육과 갓 지은 솔밥으로 유명한 맛집,restaurant,1
2026-05-31,food,수원,1박2일 여행 수원 스타필드 핫쵸 행궁동 여,candidate,1
2026-05-31,food,수원,1박2일 여행지 가보정 - 수원위즈파크 좋았,candidate,1
2026-05-31,food,수원,1시간 당진 5일장부터 면천읍성까지 디저트 맛집,cafe,1
2026-05-31,food,수원,가성비베이커리,cafe,1
2026-05-31,food,수원,가성비와 감성을 동시에 잡은 감성커피,cafe,1
2026-05-31,food,수원,감성커피,cafe,1
2026-05-31,food,수원,게이샤커피,cafe,1
2026-05-31,food,수원,계화정 계화정 식당,restaurant,1
2026-05-31,food,수원,광교 경양식 맛집 이집트경양식 위치,restaurant,1
2026-05-31,food,수원,광교 경양식 맛집 이집트경양식 클립,restaurant,1
2026-05-31,food,수원,광교갤러리,attraction,1
2026-05-31,food,수원,광교갤러리아백화점디저트,attraction,1
2026-05-31,food,수원,광교갤러리아백화점디저트 백미당 갤러리,attraction,1
2026-05-31,food,수원,광교갤러리아백화점디저트 백미당 갤러리아백화점,attraction,1
2026-05-31,food,수원,광교중앙역,candidate,1
2026-05-31,food,수원,광교중앙역 아브뉴프랑 냉동삼겹살 맛집 잠수교,restaurant,1
2026-05-31,food,수원,광교호수공원,travel_spot,3
2026-05-31,food,수원,깔끔한,candidate,1
2026-05-31,food,수원,끝판왕,candidate,1
2026-05-31,food,수원,다녀온,candidate,1
2026-05-31,food,수원,단체모임하기,candidate,1
2026-05-31,food,수원,닭장맥주,candidate,1
2026-05-31,food,수원,당일치기 여행 다음에 또 놀러와야지,candidate,1
2026-05-31,food,수원,당일치기 여행 행궁동에 가보고 싶어서 수원,candidate,1
2026-05-31,food,수원,돼지국밥 맛집 이다 보양 얼큰 고사리 찹쌀누,restaurant,1
2026-05-31,food,수원,디저트 맛집 청23 청이삼 수원 타임빌라스점,cafe,1
2026-05-31,food,수원,또간집,candidate,1
2026-05-31,food,수원,또또또간집,candidate,1
2026-05-31,food,수원,또또또간집 행궁동 맛집 로우파이브,restaurant,1
2026-05-31,food,수원,럼 핫한 열기로 안주 퀄리티가 웬만한 전문 식당,restaurant,1
2026-05-31,food,수원,로 찾아왔나봐요 점심 조금 지난 시간인데도 식당,restaurant,1
2026-05-31,food,수원,마장동김씨,candidate,1
2026-05-31,food,수원,막국수,candidate,1
2026-05-31,food,수원,막국수 맛집 대궐막국수 오목천동 4번 간 찐,restaurant,1
2026-05-31,food,수원,망포동,candidate,1
2026-05-31,food,수원,망포동 부먹인데 바삭바삭해 탕수육 맛집 금화,restaurant,1
2026-05-31,food,수원,망포동에서 진짜 맛있는 중식당이나 탕수육 맛,restaurant,1
2026-05-31,food,수원,망포역,candidate,1
2026-05-31,food,수원,매콤한,candidate,1
2026-05-31,food,수원,명태랑,candidate,1
2026-05-31,food,수원,명태랑 류명호 본점 내돈내산 명태조림 맛있네,candidate,1
2026-05-31,food,수원,삼겹살,candidate,1
2026-05-31,food,수원,삼겹살 맛집 수원역 가성비 좋은 부추삼겹살,restaurant,1
2026-05-31,food,수원,삼겹살 맛집 수원역 삼겹살 맛집 부추삼겹살,restaurant,1
2026-05-31,food,수원,샤브온리원,candidate,1
2026-05-31,food,수원,서울 동대문 블루리본 카레 맛집 레스토랑,restaurant,1
2026-05-31,food,수원,수원 인계동 느좋카페 내돈내산 넓고 커피,cafe,1
2026-05-31,food,수원,수제버거 맛집 크레이지버거 두툼한 패티가 맛,restaurant,1
2026-05-31,food,수원,술집,restaurant,1
2026-05-31,food,수원,술집 수원역 분위기 좋은 가성비 끝판왕 수원,restaurant,1
2026-05-31,food,수원,스타필드,candidate,2
2026-05-31,food,수원,스타필드 방문 후 최고의 식사를 원하신다면,candidate,1
2026-05-31,food,수원,신동 카페거리 맛집 인 쿄와동에 다녀왔어요,cafe,1
2026-05-31,food,수원,신차이,candidate,1
2026-05-31,food,수원,신차이 AK플라자에서 찾은 수원역 중국집 분,candidate,1
2026-05-31,food,수원,아기의자있는식당,restaurant,1
2026-05-31,food,수원,아디저트 수원광교디저트 백미당 갤러리,attraction,1
2026-05-31,food,수원,아백화점 광교점 광교갤러리아 맛집 광교갤러리,attraction,1
2026-05-31,food,수원,아백화점 광교점은요 1 광교갤러리,attraction,1
2026-05-31,food,수원,안주일체,candidate,1
2026-05-31,food,수원,역 근처 야장 맛집 을 찾는다면 팔딱오리,restaurant,1
2026-05-31,food,수원,영통,candidate,1
2026-05-31,food,수원,영통 맛집 깡우동 영통본점 내돈내산 리뷰+주,restaurant,1
2026-05-31,food,수원,영통식당,restaurant,1
2026-05-31,food,수원,영통역,candidate,1
2026-05-31,food,수원,영통점 하남 스타필드점 총 8개의 매장이 있,candidate,1
2026-05-31,food,수원,우만동,candidate,1
2026-05-31,food,수원,우만동 주모 여기 막걸리 주시오 외치게 되는,candidate,1
2026-05-31,food,수원,이 나있는곳인거 같았답니다 1 인계동 점심 맛집,restaurant,1
2026-05-31,food,수원,이라기보다는 어릴 때 시장,travel_spot,1
2026-05-31,food,수원,이라는 노팅힐 베이커리,cafe,1
2026-05-31,food,수원,이의동,candidate,1
2026-05-31,food,수원,인계동,candidate,5
2026-05-31,food,수원,인계동 느좋카페 내돈내산 넓고 커피 찐맛도리,cafe,1
2026-05-31,food,수원,인계동 맛집 - 마장동김씨 수원인계점 수원시,restaurant,1
2026-05-31,food,수원,인계동 맛집 로마경양식 전통 돈까스 함박스테,restaurant,1
2026-05-31,food,수원,인계동 맛집 수원 경양식 맛집을 찾고,restaurant,1
2026-05-31,food,수원,인계동 점심 맛집 쌀국수 포레스트오늘숲,restaurant,1
2026-05-31,food,수원,인계동 한정식 맛집 이교수 한정식,restaurant,1
2026-05-31,food,수원,인계점,candidate,1
2026-05-31,food,수원,인상적이었던,candidate,1
2026-05-31,food,수원,임 20 20 라스트 오더 외부 모습 광교 카페,cafe,1
2026-05-31,food,수원,입니다 수원 망포동에서 진짜 맛있는 중식당,restaurant,1
2026-05-31,food,수원,장안문,candidate,1
2026-05-31,food,수원,점 총 8개의 매장이 있다고 합니다 동대문 맛집,restaurant,1
2026-05-31,food,수원,점심,candidate,1
2026-05-31,food,수원,정자동,candidate,1
2026-05-31,food,수원,정자동 가성면돈 아내랑 돈까스 오픈런 진짜,candidate,1
2026-05-31,food,수원,정자동 근처에서 연인이랑 이색적인 재미와 함,candidate,1
2026-05-31,food,수원,정지영 커피,cafe,1
2026-05-31,food,수원,정지영커피,cafe,1
2026-05-31,food,수원,조개와 너무 재밌어보였습니다 07 광교호수공원,travel_spot,1
2026-05-31,food,수원,주말 점심 맛있게 매콤한 수원닭갈비 식당,restaurant,1
2026-05-31,food,수원,찾은,candidate,2
2026-05-31,food,수원,청이삼,candidate,1
2026-05-31,food,수원,커피,cafe,1
2026-05-31,food,수원,커피 패터슨 커피,cafe,1
2026-05-31,food,수원,커피 패터슨 커피 행궁동 감성 제대로 느껴지,cafe,1
2026-05-31,food,수원,코스,candidate,1
2026-05-31,food,수원,코스요리,candidate,1
2026-05-31,food,수원,타임빌라스 갔다가 평소 시간이 저녁 7시쯤이,candidate,1
2026-05-31,food,수원,타임빌라스 디저트 맛집 청23 청이삼 과일산,cafe,1
2026-05-31,food,수원,타임빌라스점,candidate,1
2026-05-31,food,수원,파란대문,candidate,1
2026-05-31,food,수원,팔달구,candidate,1
2026-05-31,food,수원,팔달구 일본허니문 현명하게 대처하기 다양한,candidate,1
2026-05-31,food,수원,패터슨커피,cafe,1
2026-05-31,food,수원,한라면옥,candidate,1
2026-05-31,food,수원,핫플 레이스,candidate,1
2026-05-31,food,수원,행궁,candidate,1
2026-05-31,food,수원,행궁 행궁동 오픈런 필수 야장 냉삼 맛집 추,restaurant,1
2026-05-31,food,수원,행궁동,candidate,7
2026-05-31,food,수원,행궁동 맛집 맛을 즐길 수 있는 쿼터스트리트,restaurant,1
2026-05-31,food,수원,행궁동 맛집 분위기에 취하고 맛에 반하는 오,restaurant,1
2026-05-31,food,수원,행궁동 여행 갑자기 들어오게 된 카페 디저트,cafe,1
2026-05-31,food,수원,행궁동빙수 카페딩동 호텔,cafe,1
2026-05-31,food,수원,행궁동에서 점심 먹고 카페 어디 갈지 찾아보,cafe,1
2026-05-31,food,수원,행궁동커피,cafe,1
2026-05-31,food,수원,행리단길을 걷다 보면 늘 사람들로 북적이는,candidate,1
2026-05-31,food,수원,헤올커피,cafe,1
2026-05-31,food,수원,호매실,candidate,1
2026-05-31,food,수원,호매실 소고기 맛집 에 다녀왔습니다 호매실,restaurant,1
2026-05-31,food,수원,호매실 카페 가성비와 감성을 동시에 잡은 감,cafe,1
2026-05-31,food,수원,화서역,candidate,1
2026-05-31,food,수원,화성행궁,candidate,1
2026-05-31,food,수원,화성행궁 행차시간 10월 11일,candidate,1
2026-05-31,food,수원,흑돼지,candidate,1
2026-05-31,food,수원,흑돼지 맛집 돈꿀꺽 우리집 주변에 사장님 귀,restaurant,1
2026-05-31,food,수원,AK맛집,restaurant,1
2026-05-31,food,수원,PEAK,candidate,1
2026-05-31,food,인천,1층에서 먹거나 별로 없는 배달식당,restaurant,1
2026-05-31,food,인천,30년 전통 인천 부평시장 떡집 호박인절미 맛집,restaurant,1
2026-05-31,food,인천,3인이 배불리 인천서구 맛집,restaurant,1
2026-05-31,food,인천,5성급,candidate,1
2026-05-31,food,인천,5성급 호텔 네스트호텔,travel_spot,1
2026-05-31,food,인천,5성급호텔,travel_spot,1
2026-05-31,food,인천,5월일상 진짜 인천 서구의 자랑 만두 맛집,restaurant,1
2026-05-31,food,인천,6월 가볼만한곳 인천대공원,travel_spot,1
2026-05-31,food,인천,가든파티,candidate,1
2026-05-31,food,인천,가볼만한 장미명소 계양산 장미원 실시간 풍경,candidate,1
2026-05-31,food,인천,가볼만한 장미명소 계양산 장미원 실시간개화상,candidate,1
2026-05-31,food,인천,거주자라면 대중교통으로 충분히 당일치기 가능,candidate,1
2026-05-31,food,인천,게장,candidate,1
2026-05-31,food,인천,계양,candidate,1
2026-05-31,food,인천,계양 분위기 자연뷰 맛집 카페 오디와이 커피,cafe,1
2026-05-31,food,인천,계양산,candidate,1
2026-05-31,food,인천,계양산 맛집 함금옥통큰손쭈꾸미마을 불향 가득,restaurant,1
2026-05-31,food,인천,고수찜닭,candidate,1
2026-05-31,food,인천,구송도,candidate,1
2026-05-31,food,인천,구송도 맛집 부모님 생각나는 보양식 돌솥해물,restaurant,1
2026-05-31,food,인천,구송도 맛집 송도돌솥해물누룽지탕 점심 을 드,restaurant,1
2026-05-31,food,인천,구월동,candidate,1
2026-05-31,food,인천,구월동 샤브샤브 청첩장 모임 식당,restaurant,1
2026-05-31,food,인천,구월동 설렁탕 맛집 설농가 내돈내산 솔직 후,restaurant,1
2026-05-31,food,인천,구월동에 위치해 있어 접근성이 좋습니다 주변,candidate,1
2026-05-31,food,인천,국내호텔,travel_spot,1
2026-05-31,food,인천,국립인천해양박물관,attraction,1
2026-05-31,food,인천,근처에 배달되는 곳도 별로 없어서 그냥 호텔,travel_spot,1
2026-05-31,food,인천,기록 서울보다 10배는 힙한 찐힙 동인천 맛집,restaurant,1
2026-05-31,food,인천,나온,candidate,1
2026-05-31,food,인천,내돈내산 으로 작성한 솔직한 축제,attraction,1
2026-05-31,food,인천,내돈내산맛집 송주불냉면 계산점 2단계 도전,restaurant,1
2026-05-31,food,인천,노량진수산시장,travel_spot,1
2026-05-31,food,인천,논현동 맛집 킨지 데이트 하기 좋은 애견동반,restaurant,1
2026-05-31,food,인천,논현동에서 분위기 좋고 맛까지 제대로 잡은,candidate,1
2026-05-31,food,인천,더맛있는족발보쌈,candidate,1
2026-05-31,food,인천,동인천,candidate,2
2026-05-31,food,인천,동인천 빈티지 보물찾기 오슬로우 마켓 축제,attraction,1
2026-05-31,food,인천,로컬,candidate,1
2026-05-31,food,인천,롯데백화점,candidate,1
2026-05-31,food,인천,롯데백화점 5월 6월 팝업,popup,1
2026-05-31,food,인천,루브르박물관,attraction,1
2026-05-31,food,인천,마라공방 마라탕 맛집 시민공원,restaurant,1
2026-05-31,food,인천,맛있는,candidate,1
2026-05-31,food,인천,망부석,candidate,1
2026-05-31,food,인천,맥주,candidate,1
2026-05-31,food,인천,모래내시장,travel_spot,1
2026-05-31,food,인천,목 토 13 45 3일차 이온몰 쇼핑 핫플 카페,cafe,1
2026-05-31,food,인천,목구멍,candidate,1
2026-05-31,food,인천,무이도 쉐라톤그랜드 인천호텔,travel_spot,1
2026-05-31,food,인천,미추홀구,candidate,1
2026-05-31,food,인천,미추홀구 맛집 풍년미가 게장정식 주안직영점,restaurant,1
2026-05-31,food,인천,베이커리,cafe,1
2026-05-31,food,인천,변신연습전시,attraction,1
2026-05-31,food,인천,보루,candidate,1
2026-05-31,food,인천,부평,candidate,2
2026-05-31,food,인천,부평 비 오는 날 생각나서 다녀온 부평 소머,candidate,1
2026-05-31,food,인천,부평 산곡역 근처 청천동 안주 맛집 땅콩술방,restaurant,1
2026-05-31,food,인천,부평구,candidate,1
2026-05-31,food,인천,부평구 가성비와 맛까지 좋은 부평역 맛집 추,restaurant,1
2026-05-31,food,인천,부평구 시장로12번길 30 2층,travel_spot,1
2026-05-31,food,인천,부평구에서 부평역 맛집 이나 가성비와 맛까지,restaurant,1
2026-05-31,food,인천,부평시장,travel_spot,1
2026-05-31,food,인천,부평시장 떡집 호박인절미 맛집 풍년떡집 30,restaurant,1
2026-05-31,food,인천,부평시장 떡집 호박인절미 맛집 풍년떡집 강화,restaurant,1
2026-05-31,food,인천,빈티지 보물찾기 오슬로우 마켓 축제,attraction,1
2026-05-31,food,인천,삼교리동치미막국수,candidate,1
2026-05-31,food,인천,상견례식당,restaurant,1
2026-05-31,food,인천,서구,candidate,2
2026-05-31,food,인천,서구 가정동 곱창 맛집 루원시티 만복래 한우,restaurant,1
2026-05-31,food,인천,서구 가정동 루원시티에 위치한 곱창 맛집 만,restaurant,1
2026-05-31,food,인천,서구 곱창 맛집 을 찾다가 방문하게 되었는데,restaurant,1
2026-05-31,food,인천,서구 담지로86번길 5-5 1층,candidate,1
2026-05-31,food,인천,서구 맛집 술집 빨간맛포차,restaurant,1
2026-05-31,food,인천,서구에서 찾은 최고의 맛집 내고향삼천포 에,restaurant,1
2026-05-31,food,인천,서구의 자랑 만두 맛집 입니다 사장님 앞으로,restaurant,1
2026-05-31,food,인천,서구청,candidate,1
2026-05-31,food,인천,서구청 맛집 삼대째손두부 보쌈정식부터 들깨순,restaurant,1
2026-05-31,food,인천,서구청 인근에 위치하고 있어 접근성이 좋은,candidate,1
2026-05-31,food,인천,서울 종로 병천유황오리 본점,candidate,1
2026-05-31,food,인천,셀프바 있는 1인 주문 가능 송도 명태조림 맛집,restaurant,1
2026-05-31,food,인천,소래포구,candidate,1
2026-05-31,food,인천,소래포구 꽃게 축제,attraction,1
2026-05-31,food,인천,소래포구 꽃게 축제 수인분당선 타고 편하게,attraction,1
2026-05-31,food,인천,송도 달빛축제공원,attraction,1
2026-05-31,food,인천,송도 맛집 녹돼야지를 방문했어요 관련 리뷰,restaurant,1
2026-05-31,food,인천,송도 맛집 오픈 이벤트로 가성비까지 잡은 명,restaurant,1
2026-05-31,food,인천,송도 맛집 임파스토 양식 맛집 임파스토 리뷰,restaurant,1
2026-05-31,food,인천,송도 초코바게트 맛집 인증이였습니다,restaurant,1
2026-05-31,food,인천,송도 카페 송도 꾸덕 초코바게트 맛집 찾았다,cafe,1
2026-05-31,food,인천,송도 케이크 맛집 밀우 mealwoo 푸드소,restaurant,1
2026-05-31,food,인천,송도달빛축제공원,attraction,1
2026-05-31,food,인천,송도동,candidate,1
2026-05-31,food,인천,송도동 센트럴파크 와인 맛집 내돈내산 솔직후,restaurant,1
2026-05-31,food,인천,송도상견례식당,restaurant,1
2026-05-31,food,인천,송도에서 유명한 케이크 맛집 카페를 소개해,cafe,1
2026-05-31,food,인천,송림동 맛집 정정아식당,restaurant,1
2026-05-31,food,인천,술집,restaurant,1
2026-05-31,food,인천,술집 차이나타운 꼭 가봐야 할 곳 0순,restaurant,1
2026-05-31,food,인천,쉐라톤그랜드,candidate,1
2026-05-31,food,인천,식당 청관 청관 옆에 식당,restaurant,1
2026-05-31,food,인천,신승반점,candidate,1
2026-05-31,food,인천,신포국제시장,travel_spot,1
2026-05-31,food,인천,신포동,candidate,1
2026-05-31,food,인천,신포동 회식하기 좋은 회 맛집 나기문수산 내,restaurant,1
2026-05-31,food,인천,신포로데오,candidate,1
2026-05-31,food,인천,아라누리도서관,candidate,1
2026-05-31,food,인천,아라누리도서관 방문,candidate,1
2026-05-31,food,인천,아벨라움,candidate,1
2026-05-31,food,인천,아트플랫폼 전시,attraction,1
2026-05-31,food,인천,연수구,candidate,1
2026-05-31,food,인천,연수구 맛집 양꼬치 무한리필,restaurant,1
2026-05-31,food,인천,연수구 송도과학로16번길 33-4 D동 1층,candidate,2
2026-05-31,food,인천,연종도 이렇게 방문했어요 그런데 방문했던 식당,restaurant,1
2026-05-31,food,인천,영종도,candidate,7
2026-05-31,food,인천,영종도 가볼만한곳 인스파이어 리조트,travel_spot,1
2026-05-31,food,인천,영종도 가볼만한곳 인스파이어 리조트 오아시스,travel_spot,1
2026-05-31,food,인천,영종도 구읍뱃터 맛집 & 숙소 내돈내산,restaurant,1
2026-05-31,food,인천,영종도 베이글 맛집 바다 보며 즐기는 엉클베,restaurant,1
2026-05-31,food,인천,영종도 베이직 2시간 보정본까지 받은 시점에,candidate,1
2026-05-31,food,인천,영종도 빨간거짱구네 본점 낙지 + 고기 +,restaurant,1
2026-05-31,food,인천,영종도 중산동 맛집 니나노본갈비 사탕도 준비,restaurant,1
2026-05-31,food,인천,영종도 최고의 호캉스 아이들과 가도 좋을 인,candidate,1
2026-05-31,food,인천,영종도 호텔 인천 5성급 호텔 네스트호텔,travel_spot,1
2026-05-31,food,인천,영종도식당,restaurant,1
2026-05-31,food,인천,영종도호텔,travel_spot,1
2026-05-31,food,인천,오디와이 커피,cafe,1
2026-05-31,food,인천,오디와이커피,cafe,1
2026-05-31,food,인천,오르세미술관,attraction,1
2026-05-31,food,인천,오빠집에서 뒹굴거리며 놀다가 저녁으로 임성근,candidate,1
2026-05-31,food,인천,오슬로우 마켓 동인천 고유의 레트로한 분위기,candidate,1
2026-05-31,food,인천,오아시스 리조트,travel_spot,1
2026-05-31,food,인천,옥련동,candidate,2
2026-05-31,food,인천,옥련동 맛집 백소정 조합으로 든든한 점심 식,restaurant,1
2026-05-31,food,인천,옥련동 윤가네 칼국수 해장으로 최고 거,candidate,1
2026-05-31,food,인천,왕산 해수욕장 맛집 찾는 분들도 많이 방문하,restaurant,1
2026-05-31,food,인천,용현동,candidate,1
2026-05-31,food,인천,용현동 맛집 인하대학교후문 가성비 한식집 맛,restaurant,1
2026-05-31,food,인천,운서역 가볼만한곳,candidate,1
2026-05-31,food,인천,월미도,candidate,2
2026-05-31,food,인천,월미도 차이나타운 송도 여행,candidate,1
2026-05-31,food,인천,월미도를 총평 서울 근교 당일치기 여행지를,candidate,1
2026-05-31,food,인천,월미바다열차,restaurant,1
2026-05-31,food,인천,위치해 있어 접근성이 좋습니다 주변에 여러 식당,restaurant,1
2026-05-31,food,인천,을왕리식당,restaurant,1
2026-05-31,food,인천,이도참치,candidate,1
2026-05-31,food,인천,이라고 해서 기대를 하였는데요 기대는,candidate,1
2026-05-31,food,인천,인스파이어엔터테인먼트리조트,travel_spot,1
2026-05-31,food,인천,인터뷰잇,candidate,1
2026-05-31,food,인천,일상 생각 사색 송도 달빛 축제 공원,attraction,1
2026-05-31,food,인천,임학동,candidate,1
2026-05-31,food,인천,임학동 맛집 더맛있는족발보쌈 인천임학점,restaurant,1
2026-05-31,food,인천,자유여행,candidate,1
2026-05-31,food,인천,저녁 이나 먹기로합니다 말나온김에 또 폼찌공방,candidate,1
2026-05-31,food,인천,전시,attraction,1
2026-05-31,food,인천,전통,candidate,1
2026-05-31,food,인천,종합버스터미널,candidate,1
2026-05-31,food,인천,종합버스터미널 시간표 예매 요금 편의시설 공,candidate,1
2026-05-31,food,인천,좋을,candidate,1
2026-05-31,food,인천,주안,candidate,1
2026-05-31,food,인천,주안 맛집 수제돈까스 드림식당,restaurant,1
2026-05-31,food,인천,주안 맛집 수제돈까스 드림식당 내돈내산 방문,restaurant,1
2026-05-31,food,인천,주안까지 가서 먹은 오므라이스집에 대해 써보,candidate,1
2026-05-31,food,인천,중구 차이나타운로 44번길 31-3 유명한 맛집,restaurant,1
2026-05-31,food,인천,중산동,candidate,1
2026-05-31,food,인천,중산동 갈비 맛집 니나노본갈비 솔직 방문 후,restaurant,1
2026-05-31,food,인천,지금 바로 신포로데오에서 색다른 경험,restaurant,1
2026-05-31,food,인천,짜장면박물관,attraction,1
2026-05-31,food,인천,차이나타운,candidate,2
2026-05-31,food,인천,차이나타운 짜장면 박물관,attraction,1
2026-05-31,food,인천,참치,candidate,1
2026-05-31,food,인천,청라,candidate,2
2026-05-31,food,인천,청라 맛집 백년갈비 룸식당,restaurant,1
2026-05-31,food,인천,청라 맛집 백년갈비 룸식당에서 즐긴 점심 특,restaurant,1
2026-05-31,food,인천,청라 프랜차이즈 치킨 잊게 만드는 마성의 맛,candidate,1
2026-05-31,food,인천,코지하우스,candidate,1
2026-05-31,food,인천,탐방 일기 끝,candidate,1
2026-05-31,food,인천,투어,candidate,1
2026-05-31,food,인천,파리미술관,attraction,1
2026-05-31,food,인천,파리박물관,attraction,1
2026-05-31,food,인천,포36거리 짜조가 맛있는 인천청라 맛집,restaurant,1
2026-05-31,food,인천,퐁듀베이커리,cafe,1
2026-05-31,food,인천,풍년떡집 30년 전통 인천 부평시장,travel_spot,1
2026-05-31,food,인천,피치항공,candidate,1
2026-05-31,food,인천,해요 스테이크하우스 이크 업체 인천 부평구 시장,travel_spot,1
2026-05-31,food,인천,B동에 위치한 임파스토 매장이 송도 데이트 맛집,restaurant,1
2026-05-31,food,인천,g 현실복귀 애호박솥밥 이집트경양식 동인천 맛집,restaurant,1
2026-05-31,food,인천,ICN,candidate,1
2026-05-31,food,제주,1 그동안 많은 제주여행을 다니면서 봄에 간,candidate,1
2026-05-31,food,제주,2 여행 기 스타뜨 2 밝았어요 밝았어 제주,candidate,1
2026-05-31,food,제주,2 제주홉히,candidate,1
2026-05-31,food,제주,2박 3일 이번 여행 최고 맛집,restaurant,1
2026-05-31,food,제주,2박 3일 이번 여행 최고 맛집 소규모식탁,restaurant,1
2026-05-31,food,제주,3대 김밥 다가미 그러다가 찾은 제주 3대,candidate,1
2026-05-31,food,제주,3대 김밥 다가미 그러다가 찾은 제주 3대 맛집,restaurant,1
2026-05-31,food,제주,3박 4일 먹은 음식 중 TOP3였던 동문시장,travel_spot,1
2026-05-31,food,제주,4일차 비브레이브 새물국수 당산봉 가성비 맛집,restaurant,1
2026-05-31,food,제주,6월 제주 공항 근처 아침식사 맛집 카페,cafe,1
2026-05-31,food,제주,6일내내 신화월드에 묵었어서 근처에 흑돼지 맛집,restaurant,1
2026-05-31,food,제주,가득했던,candidate,1
2026-05-31,food,제주,가산 현지인 자체 랭킹 1위 고기 맛집,restaurant,1
2026-05-31,food,제주,가이드,candidate,1
2026-05-31,food,제주,감성 제대로 제주 여행 오면 밤에 꼭 가봐야,candidate,1
2026-05-31,food,제주,같은,candidate,1
2026-05-31,food,제주,건강관리 핫플 내부를 둘러보니 벽면에 방문,candidate,1
2026-05-31,food,제주,건빵사장입니다 오늘은 제주 김치까지 신선한 식당,restaurant,1
2026-05-31,food,제주,경보기 광주경보기 KIA스팅어 제주여행 서울맛집,restaurant,1
2026-05-31,food,제주,계획은 공항에서 전복죽을 먹고 가는것 4층 식당,restaurant,1
2026-05-31,food,제주,고기국수가 맛있는 동진고기국수 동문시장,restaurant,1
2026-05-31,food,제주,고기를,restaurant,1
2026-05-31,food,제주,고기를 함께 즐길 수 있는 이런 분들께,restaurant,1
2026-05-31,food,제주,공항,candidate,5
2026-05-31,food,제주,공항 근처 맛집 진한 국물이 일품인 신제주,restaurant,1
2026-05-31,food,제주,공항 근처 아침식사 맛집 카페 아이랑 가족여,cafe,1
2026-05-31,food,제주,공항 근처 현지인 맛집 산방식당,restaurant,1
2026-05-31,food,제주,공항 근처 현지인 맛집 산방식당 도청직영점,restaurant,1
2026-05-31,food,제주,공항 근처 현지인 맛집 산방식당 도청직영점에,restaurant,1
2026-05-31,food,제주,공항 근처에,candidate,1
2026-05-31,food,제주,공항 밥집을 찾는 분들이라면 접근성도 좋아,candidate,1
2026-05-31,food,제주,공항근처 온유베이커리,cafe,1
2026-05-31,food,제주,관광지를 무료로,candidate,1
2026-05-31,food,제주,근처,candidate,1
2026-05-31,food,제주,근처에는 현지인이 자주 찾는 작은 식당,restaurant,1
2026-05-31,food,제주,글한 핫플 이더라고요 장진우 셰프의 새로운 식당,restaurant,1
2026-05-31,food,제주,금화효소원,candidate,1
2026-05-31,food,제주,김밥,candidate,1
2026-05-31,food,제주,김지훈고기국수,restaurant,1
2026-05-31,food,제주,김치까지 신선한 식당이었어요 단체석 유아의자,restaurant,1
2026-05-31,food,제주,남대문시장,travel_spot,1
2026-05-31,food,제주,낭뜰에쉼팡,candidate,1
2026-05-31,food,제주,낭뜰에쉼팡 제주 조천 한식 찐 맛집 낭뜰에쉼,restaurant,1
2026-05-31,food,제주,내고향,candidate,1
2026-05-31,food,제주,내돈내산 리뷰 맛있는 제주소고기 제주한우 맛,restaurant,1
2026-05-31,food,제주,내돈내산 여기 또 좋은게 매장 바로 옆에 흑,restaurant,1
2026-05-31,food,제주,내산 리뷰를 남겨보려고 합니당 분위기는 고급레스토랑,restaurant,1
2026-05-31,food,제주,냉면과,candidate,1
2026-05-31,food,제주,넘 좋아 내돈내산 2개 구입 코난해변,travel_spot,1
2026-05-31,food,제주,는 저녁 식사였다 집에 갈 땐 해가 져버림 호텔,travel_spot,1
2026-05-31,food,제주,다양한 볼거리와 먹거리가 있지만 그중 제주하,candidate,1
2026-05-31,food,제주,달가든하우스,candidate,1
2026-05-31,food,제주,대접받는,candidate,1
2026-05-31,food,제주,대접받는 느낌 물씬 부모님과 가기 좋은,candidate,1
2026-05-31,food,제주,덕구,candidate,1
2026-05-31,food,제주,도민들도 줄 서서 먹는다는 진짜 로컬 핫플,candidate,1
2026-05-31,food,제주,도민부부 데이트비양도 맛있는상생축제,attraction,1
2026-05-31,food,제주,도에서 만난 인생 커피,cafe,1
2026-05-31,food,제주,도여행,candidate,1
2026-05-31,food,제주,동문시장,travel_spot,4
2026-05-31,food,제주,동문시장 맛집 명란스낵 3박 4일 먹은 음식,restaurant,1
2026-05-31,food,제주,동문시장 야시장,travel_spot,1
2026-05-31,food,제주,동문시장야시장,travel_spot,1
2026-05-31,food,제주,동쪽 여행 코스로,candidate,1
2026-05-31,food,제주,동쪽의 명소이자 핫플 인데요 서핑 레저구역이,candidate,1
2026-05-31,food,제주,든든한,candidate,1
2026-05-31,food,제주,디지털관광증 평일 저녁이었는데도 가족 단위,candidate,1
2026-05-31,food,제주,디카페인커피,cafe,1
2026-05-31,food,제주,또간집,candidate,1
2026-05-31,food,제주,랜디스도넛,candidate,1
2026-05-31,food,제주,리뷰,candidate,1
2026-05-31,food,제주,만족스러운,candidate,1
2026-05-31,food,제주,맛있는,candidate,1
2026-05-31,food,제주,먹는다면,candidate,1
2026-05-31,food,제주,명란스낵동문시장,travel_spot,1
2026-05-31,food,제주,명소를 돌고 우도 택시 기사님이 친절하게 숨,candidate,1
2026-05-31,food,제주,몸국,candidate,1
2026-05-31,food,제주,물회,candidate,1
2026-05-31,food,제주,물회 괜찮은 곳인거 같애용 제주 제주시 애월,candidate,1
2026-05-31,food,제주,미영이네,candidate,1
2026-05-31,food,제주,미영이네 고등어회를 오늘은 오랜만에 미식가들,candidate,1
2026-05-31,food,제주,바다어멍 서귀포올레시장,restaurant,1
2026-05-31,food,제주,바람을 맞으며 해변을 산책하기에 최적화된 동,restaurant,1
2026-05-31,food,제주,바퀴,restaurant,1
2026-05-31,food,제주,방문이 조금 더 좋을 것 같아요 총 평 온유베이커리,cafe,1
2026-05-31,food,제주,베이커리,cafe,1
2026-05-31,food,제주,보말칼국수,candidate,2
2026-05-31,food,제주,보말칼국수를 소개 해드리겠습니다 진짜 로컬,candidate,1
2026-05-31,food,제주,보배반점,candidate,2
2026-05-31,food,제주,보배반점 제주삼화점에서 살펴본 제주삼화 중식당,restaurant,1
2026-05-31,food,제주,봉성식당,restaurant,1
2026-05-31,food,제주,부천 가볼만한 곳 부천 백만송이 장미축제,attraction,1
2026-05-31,food,제주,부천장미축제,attraction,1
2026-05-31,food,제주,빵지순레,candidate,1
2026-05-31,food,제주,빵지순레 프랑스 디저트 맛집 콜롱주 느껴질정,cafe,1
2026-05-31,food,제주,빵집,candidate,1
2026-05-31,food,제주,산방식당,restaurant,1
2026-05-31,food,제주,산지,candidate,1
2026-05-31,food,제주,산지 해산물로 꾸려진 오마카세 식도락 여행,restaurant,1
2026-05-31,food,제주,살이_4월 너무 더워서 카페,cafe,1
2026-05-31,food,제주,살펴본,candidate,1
2026-05-31,food,제주,서귀포,candidate,3
2026-05-31,food,제주,서귀포 신화월드 동물원 모모쥬동물원 카피바라,restaurant,1
2026-05-31,food,제주,서귀포 춘미향식당,restaurant,1
2026-05-31,food,제주,서귀포 치유의숲 입니다 서귀포여행,candidate,1
2026-05-31,food,제주,서귀포시 성산읍 고성동서로 67 1층,candidate,1
2026-05-31,food,제주,서귀포올레시장본점,travel_spot,1
2026-05-31,food,제주,서귀포은 호텔,travel_spot,1
2026-05-31,food,제주,서쪽,candidate,1
2026-05-31,food,제주,서쪽 10만원 이하 가성비 저도 마지막 날,candidate,1
2026-05-31,food,제주,서쪽은 바다 꽃 감성 카페 맛집 이 골고루,cafe,1
2026-05-31,food,제주,선흘방주할머니식당,restaurant,1
2026-05-31,food,제주,설성공원,travel_spot,1
2026-05-31,food,제주,성산 갈치요리 찐 맛집 숙자네숟가락젓가락 성,restaurant,1
2026-05-31,food,제주,성산일출봉,candidate,1
2026-05-31,food,제주,성산일출봉 어우름제주고기국수 성산본점 내돈내,restaurant,1
2026-05-31,food,제주,성산일출봉을,candidate,1
2026-05-31,food,제주,성산일출봉을 마주하는 가장 아름다운 방,candidate,1
2026-05-31,food,제주,소길국수,candidate,1
2026-05-31,food,제주,소길국수 I 제주공항 3분거리 고기국수 맛집,restaurant,1
2026-05-31,food,제주,술빚는여행자,candidate,1
2026-05-31,food,제주,숨은 고기 맛집 입니다 일단 명란을 줌 감동,restaurant,1
2026-05-31,food,제주,시 구좌읍 김녕로21길 21 김녕오라이,candidate,1
2026-05-31,food,제주,시 동문로6길 4 1-3층 일도일동 아베,candidate,1
2026-05-31,food,제주,시 애월읍 가문동길 38 문개어멍 매일,candidate,1
2026-05-31,food,제주,시 함덕 해수욕장 맛집 함덕고갈치 한상,restaurant,1
2026-05-31,food,제주,시내,candidate,2
2026-05-31,food,제주,시내 감성 카페 제주도 느좋 카페 공항 근처,cafe,1
2026-05-31,food,제주,시는 분들 차타고 5분거리에 있으니 흑돼지 맛집,restaurant,1
2026-05-31,food,제주,시산방식당,restaurant,1
2026-05-31,food,제주,시청 양식집 소프 후식으로 바닐라 아이스크림,restaurant,1
2026-05-31,food,제주,신선한 해산물은 꼭 먹어줘야 하는데 유명한 식당,restaurant,1
2026-05-31,food,제주,신화월드,candidate,1
2026-05-31,food,제주,신화월드 근처 맛집 솔직,restaurant,1
2026-05-31,food,제주,아베베베이커리,cafe,1
2026-05-31,food,제주,아베베베이커리제주 업체명 아베베베이커리,cafe,1
2026-05-31,food,제주,알겠다,candidate,1
2026-05-31,food,제주,알려주는,candidate,1
2026-05-31,food,제주,애월,candidate,4
2026-05-31,food,제주,애월 랜디스도넛 제주애월점 내돈내산 솔직,candidate,1
2026-05-31,food,제주,애월 새별프렌즈 방문기 귀여운 동물 먹이주기,candidate,1
2026-05-31,food,제주,애월 오션뷰 고기국수 맛집 아침바다 고기 그,restaurant,1
2026-05-31,food,제주,야경,candidate,1
2026-05-31,food,제주,야경 끝판왕 천지연폭포 42년 만의 재개장,candidate,1
2026-05-31,food,제주,야키토리,candidate,1
2026-05-31,food,제주,에 가볍게 걸어서 맑은 제주 바람을 맞으며 해변,restaurant,1
2026-05-31,food,제주,에서 15년 넘게 사랑받아온 고기국수 맛집,restaurant,1
2026-05-31,food,제주,에서 갈비살+아구살에 제주 증류주 짠 함덕 해변,travel_spot,1
2026-05-31,food,제주,에서 제일 맛있는 커피,cafe,1
2026-05-31,food,제주,여름의,candidate,1
2026-05-31,food,제주,여름의 맛을 담다 웨스턴 그라운드 에서,candidate,1
2026-05-31,food,제주,여행 계획을 세우다 보면 식당,restaurant,1
2026-05-31,food,제주,여행 맛집 검색해서 들어오신 분들 환영합니다,restaurant,1
2026-05-31,food,제주,여행 에서 만난 인연들과 함께 춘미향식당,restaurant,1
2026-05-31,food,제주,여행 에서 만난 인연들과 함께 춘미향식당으로,restaurant,1
2026-05-31,food,제주,여행 을 더욱 풍성하고 만족스럽게 만들어 줄,candidate,1
2026-05-31,food,제주,여행 중 꼭 들러야 할 명소 친구들과 사랑하,candidate,1
2026-05-31,food,제주,여행 코스,candidate,1
2026-05-31,food,제주,여행객에게 실용적인 방문지입니다 메르시 소품,candidate,1
2026-05-31,food,제주,여행에서도 다시 방문하고 싶은 카페로 기억에,cafe,1
2026-05-31,food,제주,여행을,candidate,1
2026-05-31,food,제주,여행의 시작을 완벽하게 열어줄 든든한 한 끼,candidate,1
2026-05-31,food,제주,연동,candidate,1
2026-05-31,food,제주,연동 맛집 제주갈비찜 본점 단체 모임 회식,restaurant,1
2026-05-31,food,제주,연동 맛집 찾는 분,restaurant,1
2026-05-31,food,제주,올레길,candidate,1
2026-05-31,food,제주,올레시장 맛집 바다어멍 서귀포올레시장,restaurant,1
2026-05-31,food,제주,왔다간,candidate,1
2026-05-31,food,제주,왜 줄 서서 먹는지 알겠다 제주 우진해,candidate,1
2026-05-31,food,제주,요즘,candidate,1
2026-05-31,food,제주,요즘 인스타에서 가장 핫한 카페 기름떡을 파,cafe,1
2026-05-31,food,제주,우도,candidate,2
2026-05-31,food,제주,우도 여행 완전 가이드,candidate,1
2026-05-31,food,제주,우도 여행 완전 가이드 제주까지 갔다면 꼭,candidate,1
2026-05-31,food,제주,우도 해녀의집 이번 여행에서 새로 발견한 제,candidate,1
2026-05-31,food,제주,우선 제주공항 3분거리 내에 있는 고기국수 맛집,restaurant,1
2026-05-31,food,제주,우진해장국,candidate,2
2026-05-31,food,제주,우진해장국 본점 고사리해장국 평일 이른 아침,candidate,1
2026-05-31,food,제주,유니클로,candidate,1
2026-05-31,food,제주,유명한,candidate,1
2026-05-31,food,제주,유민,candidate,1
2026-05-31,food,제주,유민 아르누보 뮤지엄,candidate,1
2026-05-31,food,제주,육개장,candidate,1
2026-05-31,food,제주,융드립커피,cafe,1
2026-05-31,food,제주,으로 알려진 동진국수 동문시장,travel_spot,1
2026-05-31,food,제주,음성품바축제,attraction,1
2026-05-31,food,제주,일몰,candidate,1
2026-05-31,food,제주,일몰 명소 외도동과 핑크빛으로 물드는 제주,candidate,1
2026-05-31,food,제주,있어 인프라가 매우 뛰어납니다 다인오세아노호텔,travel_spot,1
2026-05-31,food,제주,전국축제,attraction,1
2026-05-31,food,제주,전망좋은횟집&흑돼지,candidate,1
2026-05-31,food,제주,전망좋은횟집&흑돼지 성산본점,candidate,1
2026-05-31,food,제주,제원노형점,candidate,1
2026-05-31,food,제주,제주 함덕 카페 슈페너 라떼 맛집 함덕,cafe,1
2026-05-31,food,제주,조천,candidate,3
2026-05-31,food,제주,조천 맛집 선흘방주할머니식당,restaurant,1
2026-05-31,food,제주,조천 맛집 선흘방주할머니식당 제주세계자연유산,restaurant,1
2026-05-31,food,제주,조천 제주의 바람이 책갈피가 되는 카페 이곳,cafe,1
2026-05-31,food,제주,좋은,candidate,1
2026-05-31,food,제주,주 소길국수 I 제주공항 3분거리 고기국수 맛집,restaurant,1
2026-05-31,food,제주,주소,candidate,1
2026-05-31,food,제주,주시 동문로6길 4 1-3층 일도일동 아베베베이커리,cafe,1
2026-05-31,food,제주,중국집의,candidate,1
2026-05-31,food,제주,중국집의 다양한 매력을 느낄 수 있었던 보배,candidate,1
2026-05-31,food,제주,중에서도 특히 제주삼화 중식당,restaurant,1
2026-05-31,food,제주,증류주 짠 함덕 해변을 따라 도란도란 산작하,travel_spot,1
2026-05-31,food,제주,지역의 맛집 중에서도 특히 제주삼화 중식당으,restaurant,1
2026-05-31,food,제주,진짜,candidate,1
2026-05-31,food,제주,천하제일오라방,candidate,1
2026-05-31,food,제주,청굴물,candidate,1
2026-05-31,food,제주,청초수물회,candidate,1
2026-05-31,food,제주,춘미향식당,restaurant,1
2026-05-31,food,제주,커피,cafe,1
2026-05-31,food,제주,코스,candidate,1
2026-05-31,food,제주,크림커피,cafe,1
2026-05-31,food,제주,탄산온천,candidate,1
2026-05-31,food,제주,탄산온천 인근 산방산국수 맛집 고기국수 만원,restaurant,1
2026-05-31,food,제주,탐하리,candidate,1
2026-05-31,food,제주,탐하리 현지인 맛집 자체 랭킹 1위 집인 제,restaurant,1
2026-05-31,food,제주,탑동,candidate,1
2026-05-31,food,제주,탑동 장진우 셰프 신상 맛집 사오공대패 구,restaurant,1
2026-05-31,food,제주,통갈치,candidate,1
2026-05-31,food,제주,통갈치 올레시장맛집 바다어멍 서귀포올레시장본,restaurant,1
2026-05-31,food,제주,투어,candidate,1
2026-05-31,food,제주,투어도 역시 많이 다녔습니다 먹는것도,candidate,1
2026-05-31,food,제주,트립,candidate,1
2026-05-31,food,제주,판교현대백화점식당,restaurant,1
2026-05-31,food,제주,판교현대백화점식당가9층 맛집,restaurant,1
2026-05-31,food,제주,페달을 밟고 먹어서 감동이 2배였던 로컬 맛집,restaurant,1
2026-05-31,food,제주,표선,candidate,2
2026-05-31,food,제주,품바축제,attraction,1
2026-05-31,food,제주,하남고기집,restaurant,1
2026-05-31,food,제주,하이라이트,candidate,1
2026-05-31,food,제주,한라사진관 현재 한라사진관에서는 한라축산정육식당,restaurant,1
2026-05-31,food,제주,함덕,candidate,1
2026-05-31,food,제주,함덕 흑돼지 맛집 숙성도 함덕점,restaurant,1
2026-05-31,food,제주,함덕서우봉해변,travel_spot,1
2026-05-31,food,제주,함덕해수욕장,candidate,1
2026-05-31,food,제주,함덕해수욕장 오랜만의 방문기 벌써 여름시즌,candidate,1
2026-05-31,food,제주,항공권,candidate,1
2026-05-31,food,제주,현지인이,candidate,1
2026-05-31,food,제주,현지인이 사랑하는 정식 맛집 서귀포 춘,restaurant,1
2026-05-31,food,제주,혼자,candidate,1
2026-05-31,food,제주,혼자 여행 2박 3일 2일차 맛집,restaurant,1
2026-05-31,food,제주,혼자 여행 2박 3일 2일차 맛집 과 산책,restaurant,1
2026-05-31,food,제주,혼자여행,candidate,1
2026-05-31,food,제주,혼자여행 1인 숙소,travel_spot,1
2026-05-31,food,제주,활어정류장,candidate,1
2026-05-31,food,제주,효소찜질,candidate,1
2026-05-31,food,제주,효소찜질 금화효소원 제주점 부모님 모시고 다,candidate,1
2026-05-31,food,제주,흑돼지,candidate,1
2026-05-31,food,제주,흑돼지 맛집 은 참 많죠 그 중 숙성도는 말,restaurant,1
2026-05-31,food,제주,히밥도,candidate,1
2026-05-31,food,제주,히밥도 왔다간 제주 시내 고기국수 맛집 혼바,restaurant,1
2026-05-31,food,제주,ABEBE,candidate,1
2026-05-31,food,제주,ABEBE BAKERY Jeju 동문시장,travel_spot,1
2026-05-31,food,제주,ABEBE BAKERY Jeju 동문시장 핫,travel_spot,1
2026-05-31,food,종로,37 지하1층 53 이런 점 때문에 광화문 맛집,restaurant,1
2026-05-31,food,종로,3가 고기집 익선갈매기 야장 맛집,restaurant,1
2026-05-31,food,종로,3가 맛집,restaurant,2
2026-05-31,food,종로,3가 야장쪽 메인 로드에 위치한 해산물 맛집,restaurant,1
2026-05-31,food,종로,3가삼겹살 맛집,restaurant,1
2026-05-31,food,종로,3가역 고기 맛집 -지금 삼겹살 맛집,restaurant,1
2026-05-31,food,종로,3가점 서울3대 아인슈페너 맛집,restaurant,1
2026-05-31,food,종로,3가카페,cafe,2
2026-05-31,food,종로,3분 거리에 대구 종로 맛집,restaurant,1
2026-05-31,food,종로,5가맛집,restaurant,2
2026-05-31,food,종로,5길 37 지하1층 53 이런 점이 광화문 맛집,restaurant,1
2026-05-31,food,종로,6시 30분은 브레이크 종로계림닭도리탕원조 맛집,restaurant,1
2026-05-31,food,종로,가성비,candidate,2
2026-05-31,food,종로,가성비 맛집 이다 보니 평일 11시 없이 맛,restaurant,1
2026-05-31,food,종로,가성비 야장 맛집 밥도사술도사 내돈내산,restaurant,1
2026-05-31,food,종로,것 모두 충족시켜 준 내돈내산 종로3가역 맛집,restaurant,1
2026-05-31,food,종로,계림,candidate,1
2026-05-31,food,종로,계림 닭도리탕 알싸한 마늘맛에 중독되는,candidate,1
2026-05-31,food,종로,고기집,restaurant,1
2026-05-31,food,종로,고씨네동해막국수,candidate,1
2026-05-31,food,종로,골뱅이 삼겹살 맛집 을 소개하려고 합니다 진,restaurant,1
2026-05-31,food,종로,공공재커피,cafe,1
2026-05-31,food,종로,광장시장,travel_spot,2
2026-05-31,food,종로,구 새문안로5길 37 지하1층 53 광화문 맛집,restaurant,2
2026-05-31,food,종로,나만,candidate,1
2026-05-31,food,종로,나만 알고 싶은 북카페 학사다방 솔직,cafe,1
2026-05-31,food,종로,낙원,candidate,1
2026-05-31,food,종로,낙원 야장 고기 맛집 종로3가 흥지로스 서울,restaurant,1
2026-05-31,food,종로,낙지탕탕이와,candidate,1
2026-05-31,food,종로,낭만,candidate,1
2026-05-31,food,종로,노다지포차,candidate,1
2026-05-31,food,종로,노다지포차 요즘 날씨에 안 가면 손해인 종로,candidate,1
2026-05-31,food,종로,노우즈에서,candidate,1
2026-05-31,food,종로,노우즈에서 즐기는 담백한 양식 종각역,candidate,1
2026-05-31,food,종로,닭한마리,candidate,1
2026-05-31,food,종로,대구 이자카야 찾으시는 분들 여기 정말,candidate,1
2026-05-31,food,종로,데이트,candidate,2
2026-05-31,food,종로,데이트 개나리아구찜 맛집 구운대창구이아구찜,restaurant,1
2026-05-31,food,종로,돈부리,candidate,1
2026-05-31,food,종로,돈부리 달떡볶이 진작 더 종로돈부리,candidate,1
2026-05-31,food,종로,동묘,candidate,1
2026-05-31,food,종로,로 3가 야장쪽 메인 로드에 위치한 해산물 맛집,restaurant,1
2026-05-31,food,종로,만족한,candidate,1
2026-05-31,food,종로,문안로5길 37 지하1층 이런 점도 광화문 맛집,restaurant,1
2026-05-31,food,종로,병천유황오리 본점,candidate,1
2026-05-31,food,종로,부모님도 만족한 종로3가 한식 맛집,restaurant,1
2026-05-31,food,종로,비 오는 날 광장시장,travel_spot,1
2026-05-31,food,종로,삼겹살 종로3가 고기집 삼겹살 맛집,restaurant,1
2026-05-31,food,종로,삼계탕,candidate,1
2026-05-31,food,종로,새문안로5길 37 지하1층 53 왜 광화문 맛집,restaurant,1
2026-05-31,food,종로,서순라길,candidate,1
2026-05-31,food,종로,서울 종로3가역 맛집,restaurant,1
2026-05-31,food,종로,서울 종로구 익선동 핫플 한옥카페 청수당 베이커리,cafe,1
2026-05-31,food,종로,서울3대아인슈페너 맛집 시애틀커피,cafe,1
2026-05-31,food,종로,소바,restaurant,1
2026-05-31,food,종로,손해인,candidate,1
2026-05-31,food,종로,시애틀커피,cafe,2
2026-05-31,food,종로,시애틀커피하우스,cafe,1
2026-05-31,food,종로,시애틀하우스,candidate,1
2026-05-31,food,종로,식물,candidate,1
2026-05-31,food,종로,신라호텔,travel_spot,1
2026-05-31,food,종로,실내데이트,candidate,1
2026-05-31,food,종로,에 위치 추가가 5개밖에 안 되네요 젤라또 맛집,restaurant,1
2026-05-31,food,종로,에서,candidate,1
2026-05-31,food,종로,에서 직접 먹어본 솔직한 감상 서울 종,candidate,1
2026-05-31,food,종로,온정옥,candidate,1
2026-05-31,food,종로,육회쌈,candidate,1
2026-05-31,food,종로,은 4만원 복국보다 여기가 더 맛있었음 서호시장,travel_spot,1
2026-05-31,food,종로,을지로 맛집 세운상가 노포 야장 진영이네 골,restaurant,1
2026-05-31,food,종로,의 특징들을 이야기해볼게요 첫 번째로,candidate,1
2026-05-31,food,종로,이다 보니 평일 11시 없이 맛있는 가성비 식당,restaurant,1
2026-05-31,food,종로,이라 해서 더 기대 중 내부는 아담한,candidate,1
2026-05-31,food,종로,이를 다녀왔어요 평소 엄마는 분위기가 좋은 식당,restaurant,1
2026-05-31,food,종로,이에요 무려 NCT 위시도 다녀간 종로 맛집,restaurant,1
2026-05-31,food,종로,익선동 파스타 맛집 신라호텔,restaurant,1
2026-05-31,food,종로,점심,candidate,1
2026-05-31,food,종로,종로점심 종로데이트 익선동 맛집 종로3,restaurant,1
2026-05-31,food,종로,주소 서울 종로구 자하문로10길 당근케이크 맛집,restaurant,1
2026-05-31,food,종로,중구,candidate,1
2026-05-31,food,종로,중에서도 차별화된 분위기와,candidate,1
2026-05-31,food,종로,참한집,candidate,1
2026-05-31,food,종로,찾는다면 여기 주말에 국립현대미술관 가서 전시,attraction,1
2026-05-31,food,종로,청계천,candidate,2
2026-05-31,food,종로,청계천 맛집 감성에 취하는 한식 맛집 청계천,restaurant,1
2026-05-31,food,종로,청계천 탭샵바 와인 맥주 가볍게 한잔 하기,restaurant,1
2026-05-31,food,종로,최애 포장마차 해운대에서 방금 금어기 풀린,candidate,1
2026-05-31,food,종로,타코,candidate,1
2026-05-31,food,종로,풍경점을 발견했어요 SNS에서 본 사진들이,candidate,1
2026-05-31,food,종로,한남 반포 명동 결국 이번에 계획을 조금 수,candidate,1
2026-05-31,food,종로,한옥레스토랑,restaurant,1
2026-05-31,food,종로,핫플 처럼 오밀조밀한 골목길 감성이 아니라,candidate,1
2026-05-31,food,종로,핸드드립커피,cafe,1
2026-05-31,food,종로,회식,candidate,1
2026-05-31,food,종로,회식 광화문 회식 광화문 생선구이 잘하는 집,candidate,1