rank,category,region,candidate_name,candidate_type,post_count,sample_titles,sample_links
1,domestic_travel,부산,해운대,candidate,8,"호텔 그랜드 조선 부산 해운대 (Grand Josun Busan) AGODA...|청사포역 카페, 부산 해운대 블루라인파크 근처 청사포의 감성...|[부산/해운대 맛집 ] 싱싱한 자연산 해산물이 3차에 걸쳐 나오는...|부산 해운대 돈까스 맛있는집 좌동 맛집 유유카츠|부산 해운대 혼자 여행 숙소! 부산 해운대 마린캡슐호텔앤스파...",https://blog.naver.com/gotrip2001/224301856000|https://blog.naver.com/poohniestudio/224301751968|https://blog.naver.com/caren1029/224301692566|https://blog.naver.com/jhhha0323/224301557617|https://blog.naver.com/travelnote77/224301845244
2,food,부산,서면,candidate,7,"[부산 서면] 매콤한 쭈꾸미가 땡길땐 홍스쭈꾸미 서면점!|[부산 서면] 서면고기집 소장각, 가성비로 즐기는 소갈비살...|부산 서면 막창 맛집 추천 ｜심형래도 인정한 단골막창 서면점...|부산 서면 수제버거 맛집 치킨버거클럽 후기|부산 서면 전포동 멕시코 타코 맛집 인생 치미창가를 찾은...",https://blog.naver.com/singbbu/224301827645|https://blog.naver.com/ranpunzels/224301775344|https://blog.naver.com/ringildong03/224301768704|https://blog.naver.com/qnzo019/224301713003|https://blog.naver.com/kaylee1216/224301736941
3,domestic_travel,강릉,중앙시장,travel_spot,7,"강릉감자닭강정 중앙시장 포장 후기 강릉 맛집 추천|4월 강릉여행|강릉 핫플 레이스, 중앙시장... 난 강릉중앙시장 찐 핫플 탐방기|갤러리밥스부터 툇마루까지, 아이랑 강릉 2박 3일 핫플 여행|강릉 맛집 중앙시장 맛집 인생물회 육회물회 컵물회",https://blog.naver.com/editorc/224301823035|https://blog.naver.com/dototo_/224301829408|https://blog.naver.com/parkmath68/224301764332|https://blog.naver.com/gmlwjd2829/224301720312|https://blog.naver.com/57136/224301829140
4,food,부산,해운대,candidate,7,"호텔 그랜드 조선 부산 해운대 (Grand Josun Busan) AGODA...|청사포역 카페, 부산 해운대 블루라인파크 근처 청사포의 감성...|[부산/해운대 맛집 ] 싱싱한 자연산 해산물이 3차에 걸쳐 나오는...|부산 해운대 돈까스 맛있는집 좌동 맛집 유유카츠|부산 해운대 혼자 여행 숙소! 부산 해운대 마린캡슐호텔앤스파...",https://blog.naver.com/gotrip2001/224301856000|https://blog.naver.com/poohniestudio/224301751968|https://blog.naver.com/caren1029/224301692566|https://blog.naver.com/jhhha0323/224301557617|https://blog.naver.com/travelnote77/224301845244
5,food,제주,애월,candidate,6,제주 애월 카페 추천 지브리 감성 요거트볼과 치아바타 맛집 ...|제주 애월 해오반 후기 _ 애월 한식 맛집 추천|[제주도] 제주 애월 오션뷰 고기국수 맛집 ‘아침바다 고기...|제주 애월 10만원대 가성비 독채 오션뷰 숙소 ㅣ 에어비앤비 추천|[제주 애월] 랜디스도넛 제주애월점 내돈내산 솔직후기 주차 팁...,https://blog.naver.com/inzero8/224301874058|https://blog.naver.com/jblossom-cheonan/224301794576|https://blog.naver.com/4_15log/224301838672|https://blog.naver.com/lsjsu1241/224301725280|https://blog.naver.com/doorkicker_81/224301546635
6,domestic_travel,가평,자라섬 꽃축제,attraction,6,가평 자라섬 꽃축제 2026 총정리｜남도꽃정원 봄꽃페스타...|자라섬 꽃축제 2026 방문 전 꼭 볼 입장료·주차·꽃 절정 타이밍|자라섬 꽃축제 2026 지금 가기 전 꼭 볼 일정·입장료·셔틀...|자라섬 꽃축제 2026 지금 가도 될까? 일정·입장료·셔틀...|자라섬 꽃축제 2026 지금 가도 좋을까? 입장료·개화시기·동선...,https://blog.naver.com/123whywhy/224299354360|https://blog.naver.com/yhking119/224299046910|https://blog.naver.com/flemznls1/224298925262|https://blog.naver.com/betterthanever0810/224298653145|https://blog.naver.com/kim582777/224298626268
7,domestic_travel,대전,대청호 장미축제,attraction,5,"대청호 장미축제 실시간 개화현황과 무료 주차 꿀팁 총정리|대청호 장미축제는 지금 장미꽃들이 만개 중♡|“ 서울 보다 덜 알려져 더 예쁜 대전 대청호 장미축제”|대전 대청호 장미축제 가볼 만할까? 주차·개화현황·포토존 총정리|대청호 장미축제, 인기이유 후기",https://blog.naver.com/issueletter365/224301618826|https://blog.naver.com/angel79satan/224301819560|https://blog.naver.com/3050035/224295646828|https://blog.naver.com/sldighd1863/224301792243|https://blog.naver.com/kkangpaetokkieeee/224301184821
8,food,대전,성심당,candidate,5,대전 성심당 망고시루 대전 핫플 당일치기 관광지 빵지순례|대전 성심당 구매후기 - 오픈런 없이 인기 빵 구매한 솔직...|#대전 성심당 구매팁 총정리 - 웨이팅 줄이고 인기빵 빠르게...|대전 성심당 근처 맛집 로운 샤브샤브 NC중앙로점 봄메뉴 추천|6월 대전 여행 추천 대전 성심당 시루 케익 전문점 망고롤 구매...,https://blog.naver.com/rafiuta/224301256354|https://blog.naver.com/footneki-v/224301618658|https://blog.naver.com/footneki-v/224299393422|https://blog.naver.com/heomihwa17/224301825484|https://blog.naver.com/kdspmj12/224301254493
9,domestic_travel,대전,성심당,candidate,5,대전 성심당 망고시루 대전 핫플 당일치기 관광지 빵지순례|대전 성심당 구매후기 - 오픈런 없이 인기 빵 구매한 솔직...|#대전 성심당 구매팁 총정리 - 웨이팅 줄이고 인기빵 빠르게...|대전 성심당 근처 맛집 로운 샤브샤브 NC중앙로점 봄메뉴 추천|6월 대전 여행 추천 대전 성심당 시루 케익 전문점 망고롤 구매...,https://blog.naver.com/rafiuta/224301256354|https://blog.naver.com/footneki-v/224301618658|https://blog.naver.com/footneki-v/224299393422|https://blog.naver.com/heomihwa17/224301825484|https://blog.naver.com/kdspmj12/224301254493
10,domestic_travel,제주,애월,candidate,5,제주 애월 해오반 후기 _ 애월 한식 맛집 추천|[제주도] 제주 애월 오션뷰 고기국수 맛집 ‘아침바다 고기...|제주 애월 10만원대 가성비 독채 오션뷰 숙소 ㅣ 에어비앤비 추천|[제주 애월] 랜디스도넛 제주애월점 내돈내산 솔직후기 주차 팁...|제주 애월 새별프렌즈 방문기 귀여운 동물 먹이주기 체험 추천,https://blog.naver.com/jblossom-cheonan/224301794576|https://blog.naver.com/4_15log/224301838672|https://blog.naver.com/lsjsu1241/224301725280|https://blog.naver.com/doorkicker_81/224301546635|https://blog.naver.com/soul21002/224301741099
11,food,광주,연화식당,restaurant,5,"전현무계획 광주 연화식당 예약 주차 혼밥 육전 맛집 위치 총정리|광주 연화식당 가기 전 필독: 육전·룸·방송 소문까지 한 번에...|전현무계획3 광주 육전 맛집 연화식당 위치 가격 주차 팁 총정리|광주 연화식당 혼밥, 육전 때문에 찾았다가 오히려 분위기가 더...|광주 연화식당 가기 전 꼭 볼 정보: 육전·키조개전 메뉴부터...",https://blog.naver.com/overthesense/224301637298|https://blog.naver.com/e150934/224301848407|https://blog.naver.com/tornadoofsoul/224301770965|https://blog.naver.com/attageogi/224301554331|https://blog.naver.com/flemznls1/224301794817
12,food,종로,3가 맛집,restaurant,4,익선동 파스타 맛집 신라호텔 10년 경력 셰프의 독립밀방...|종로 데이트 개나리아구찜 맛집 구운대창구이아구찜 비주얼...|종로3가 맛집 추천 비 오는 날 생각나는 만두전골 맛집 종가만두|종로3가 맛집 <종가만두>｜13... 재방문하고 싶은 수제만두 맛집,https://blog.naver.com/minji9038/224301574094|https://blog.naver.com/soso_common_day/224301571495|https://blog.naver.com/hyeonji4983/224299341138|https://blog.naver.com/kevin6227/224300559052
13,domestic_travel,가평,봄꽃축제,attraction,4,2026 자라섬 꽃페스타 가평 꽃축제 후기 (입장료·주차...|서울 근교 꽃구경 추천! 가평 자라섬 꽃 페스타에서 만나는...|2026 자라섬 꽃 페스타 다녀왔어요! 지금이 가장 예쁠 때|이번 주말 놓치면 1년을 후회합니다! 2026 자라섬 꽃 페스타...,https://blog.naver.com/mmmmbin/224300575415|https://blog.naver.com/usi345/224299351255|https://blog.naver.com/kyju6507/224297372051|https://blog.naver.com/kebaake/224301775851
14,food,인천,부평,candidate,4,"인천 부평 양꼬치 맛집 추천 ""초원양꼬치""|[인천/부평] 산곡역 근처 청천동 안주 맛집 , 땅콩술방|[인천 부평] 비 오는 날 생각나서 다녀온 부평 소머리국밥 맛집 ...|인천 부평 한식 맛집 가성비 점심 해장국 혼밥 추천",https://blog.naver.com/3040204/224301733616|https://blog.naver.com/eens_2/224301836212|https://blog.naver.com/uhagodqhr94/224301819658|https://blog.naver.com/beargobear/224301831705
15,food,제주,서귀포,candidate,4,"제주,서귀포,중문 맛집 제주운치 서귀포 중문점 뷰 좋은 중문...|제주 서귀포 카페 말차 전문점 슬로우 말차|제주 서귀포 치유의숲 입니다|주말여행 어디갈지 고민된다면? 제주 서귀포 바다뷰에서 끝내는...",https://blog.naver.com/brswye/224295399190|https://blog.naver.com/pmina0610/224301757744|https://blog.naver.com/ikje1225/224301811952|https://blog.naver.com/youngvin7205/224300690288
16,domestic_travel,제주,서귀포,candidate,4,제주 서귀포 카페 말차 전문점 슬로우 말차|제주 서귀포 치유의숲 입니다|제주 서귀포 천지연폭포 야간명소 주차장 정보|주말여행 어디갈지 고민된다면? 제주 서귀포 바다뷰에서 끝내는...,https://blog.naver.com/pmina0610/224301757744|https://blog.naver.com/ikje1225/224301811952|https://blog.naver.com/ssoyeon_yoon/224301699889|https://blog.naver.com/youngvin7205/224300690288
17,domestic_travel,부산,서면,candidate,4,"[부산 서면] 매콤한 쭈꾸미가 땡길땐 홍스쭈꾸미 서면점!|[부산 서면] 서면고기집 소장각, 가성비로 즐기는 소갈비살...|부산 서면 수제버거 맛집 치킨버거클럽 후기|부산 서면• 전포 카페_[이즈더네임] 방문 솔직 후기(내돈 내산)",https://blog.naver.com/singbbu/224301827645|https://blog.naver.com/ranpunzels/224301775344|https://blog.naver.com/qnzo019/224301713003|https://blog.naver.com/kimeum715/224301693545
18,domestic_travel,가평,아침고요수목원,candidate,4,가평 당일치기 정답 가평 아침고요수목원 수국축제 잣두부정식...|가평 아침고요수목원 맛집 추천 밤나무집춘천닭갈비|가평 아침고요수목원 수국축제 다녀온 후기 사진으로 보던...|06월 일일투어 추천 뚜벅이 여행 가평 아침고요수목원!,https://blog.naver.com/minago_/224300304123|https://blog.naver.com/cabotin_8494/224296484004|https://blog.naver.com/nana_school/224301394724|https://blog.naver.com/okok002300/224301293747
19,domestic_travel,가평,자라섬,candidate,4,"가평 자라섬 꽃페스타 실시간 후기｜수국 양귀비 만개, 지금...|가평 자라섬 꽃 페스타 다녀온 후기 생각 없이 갔다가 사진만...|서울 근교 꽃구경 추천! 가평 자라섬 꽃 페스타에서 만나는...|가평 자라섬 꽃축제 2026 총정리｜남도꽃정원 봄꽃페스타...",https://blog.naver.com/hoppog/224301491239|https://blog.naver.com/nana_school/224301396872|https://blog.naver.com/usi345/224299351255|https://blog.naver.com/123whywhy/224299354360
20,domestic_travel,가평,자라섬꽃축제,attraction,4,2026 자라섬 꽃 페스타 총정리｜위치·기간·입장료·주차...|서울 근교 꽃구경 추천! 가평 자라섬 꽃 페스타에서 만나는...|2026 자라섬 꽃 페스타 꽃축제|일정 주차 할인 꿀팁|가평 가볼만한곳 추천 2026 자라섬 꽃축제 다녀온 후기,https://blog.naver.com/boxbox45/224300172384|https://blog.naver.com/usi345/224299351255|https://blog.naver.com/nizekk/224299703527|https://blog.naver.com/sitimibi85/224297294108
21,domestic_travel,전주,한옥마을,candidate,4,전라도 2박 3일 여행 1일차｜전주 한옥마을 + 신라스테이 전주|호텔 신라 스테이 전주 한옥마을 (SHILLA STAY) AGODA...|전주 한옥마을 가볼만한곳 전주 향교 포함 전주 한옥마을 여행|전주 한옥마을 여행 코스 (주차 상세 정보 포함),https://blog.naver.com/cafedrawing/224301496917|https://blog.naver.com/agoda_klook_/224300996844|https://blog.naver.com/sin961027/224301762091|https://blog.naver.com/dpftkskem/224301403350
22,food,인천,가성비,candidate,3,재료만 고집하는 무한리필 인천 가성비 맛집 내돈내산 솔직 후기|주말 점심 특선 메뉴가 있는 가성비 인천 서창동 초밥 맛집 ...|☀️인천 가성비 맛집 ! 정말 맛있는 인천 맛집 유튜브...,https://blog.naver.com/travelermcp/224301742000|https://blog.naver.com/lifelab_hj/224301830806|https://blog.naver.com/taeyangsnsgroup24/224300381904
23,food,광주,경기,candidate,3,"경기 광주 카페, 디저트 맛있는 “제주베어하우스”|경기 광주 태전동한식 오메이징어 후기|[경기/광주] 6월 가볼만한곳 추천, 몽글몽글 수국이 가득한...",https://blog.naver.com/mimlover91/224301867839|https://blog.naver.com/bokgil6323/224301776622|https://blog.naver.com/noxdemo/224301548873
24,domestic_travel,가평,계곡,candidate,3,"가평 계곡 촌캉스 펜션, 임초리부뚜막 303호 솥뚜껑 바베큐...|가평 계곡 앞 독채펜션! 추천 초록정원계곡독채펜션 가족 여행|가평 계곡 앞 단체펜션 추천 초록정원계곡독채펜션에서...",https://blog.naver.com/cjstkdlf007/224301796322|https://blog.naver.com/wwkd01/224299112063|https://blog.naver.com/dldusdn0725/224299053241
25,food,종로,광장시장,travel_spot,3,"광장시장 자매육회집 육회비빕밥 후기|광장시장 맛집 전라도횟집 내돈내산 후기｜모둠회 2인 25...|광장시장 먹거리 투어 후기, 줄 서서 먹은 맛집 4곳",https://blog.naver.com/veritavitia/224301838148|https://blog.naver.com/oburi-/224301407518|https://blog.naver.com/yellowbabo/224301203451
26,food,부산,기장,candidate,3,부산 기장 대게 맛집 과 여행 코스 완벽 가이드|부산 기장 카페 맛집|대형... “ 방문후기 2탄( 내돈내산 )|부산 기장 여행 오션뷰 카페 웨이브온 대나무 영화 촬영지...,https://blog.naver.com/gnyyumth121/224295086836|https://blog.naver.com/moonglade15/224301803449|https://blog.naver.com/4729581/224301792300
27,domestic_travel,강릉,뚜벅이,candidate,3,혼자 바다보러 가기 강릉 뚜벅이 당일치기 여행코스 추천|강릉 뚜벅이 당일치기 여행 2탄 하슬라 아트월드|강릉 뚜벅이 당일치기 토요일 눈치게임 성공(툇마루...,https://blog.naver.com/yoonsss22/224301654841|https://blog.naver.com/maum085/224301540337|https://blog.naver.com/rmaaywls/224301514626
28,food,제주,보배반점,candidate,3,보배반점 제주삼화점에서 만난 제주 중국집의 특별한 맛과...|제주시 중식의 풍미 속에 자리한 보배반점 제주시청점 이야기|보배반점 제주도청점에서 느끼는 연동 맛집 의 정겨운 중식 스토리,https://blog.naver.com/rldlf6476/224301871821|https://blog.naver.com/pwh5260/224301829419|https://blog.naver.com/jinguem030701/224301815693
29,food,대구,서문시장,travel_spot,3,"[대구 서문시장 맛집 ] 빨간어묵 원조 맛집 ‘부산어묵장돌이’...|[대구 서문시장 먹거리] 고소함 폭발! 겉바속촉 추억의 맛...|[글쓰기] 260503 : 대구 여행 1일차 / 서문시장, 동성로...",https://blog.naver.com/coma112233/224301849712|https://blog.naver.com/coma112233/224301836768|https://blog.naver.com/kkokkorun/224301643583
30,domestic_travel,대구,서문시장,travel_spot,3,"[대구 서문시장 맛집 ] 빨간어묵 원조 맛집 ‘부산어묵장돌이’...|[대구 서문시장 먹거리] 고소함 폭발! 겉바속촉 추억의 맛...|[글쓰기] 260503 : 대구 여행 1일차 / 서문시장, 동성로...",https://blog.naver.com/coma112233/224301849712|https://blog.naver.com/coma112233/224301836768|https://blog.naver.com/kkokkorun/224301643583
31,food,수원,스타필드,candidate,3,수원 스타필드 인근 석암생소금구이 맛집 탐방|[수원] 1박2일 여행 :: 수원 스타필드 핫쵸|행궁동...|수원 스타필드 추천|런던베이글 뮤지엄 후기,https://blog.naver.com/wyfri530/224295253594|https://blog.naver.com/myominey/224301824552|https://blog.naver.com/ararop/224295893357
32,food,광주,육전,candidate,3,"전현무계획3 광주 육전 맛집 연화식당 위치 가격 주차 팁 총정리|전현무계획 광주 육전 맛집 연화식당, 방문 전 꼭 볼 메뉴·위치...|전현무계획 광주 육전 연화식당 예약부터 메뉴까지 완벽 정리",https://blog.naver.com/tornadoofsoul/224301770965|https://blog.naver.com/flemznls1/224301561961|https://blog.naver.com/ehdhksrn/224301782234
33,food,부산,전포,candidate,3,[부산 전포 맛집 ] 돈까스 파스타 고온 내돈내산 후기|[부산] 전포 수육 맛집 갱상도 간받이수육에 해물칼국수까지|(부산/전포) 라떼 밀크티 블루리본 커피 맛집 ...,https://blog.naver.com/so_rrrrr/224301837066|https://blog.naver.com/suunn247/224301808049|https://blog.naver.com/eldrn990/224301744329
34,food,광주,전현무계획,candidate,3,"전현무계획 광주 연화식당 예약 주차 혼밥 육전 맛집 위치 총정리|전현무계획 광주 육전 맛집 연화식당, 방문 전 꼭 볼 메뉴·위치...|전현무계획 광주 육전 연화식당 예약부터 메뉴까지 완벽 정리",https://blog.naver.com/overthesense/224301637298|https://blog.naver.com/flemznls1/224301561961|https://blog.naver.com/ehdhksrn/224301782234
35,food,광주,전현무계획3,candidate,3,"전현무계획3 광주 맛집 3곳 한 번에 정리｜육전·돼지국밥...|전현무계획3 광주 육전 맛집 연화식당 위치 가격 주차 팁 총정리|전현무계획3 광주 맛집 3 코스 정리: 국밥·오리탕·육전, 방문...",https://blog.naver.com/e150934/224301849679|https://blog.naver.com/tornadoofsoul/224301770965|https://blog.naver.com/flemznls1/224301796267
36,food,광주,첨단,candidate,3,[광주/첨단] 광주 냉면 맛집 _청석골칡냉면 내돈내산 후기|광주 맛집 첨단 핫플 추천 리조또와 피자가 맛있는...|광주 첨단 라멘 맛집 미소라멘&카츠 돈코츠라멘 카츠카레 후기,https://blog.naver.com/gayajisun/224301808263|https://blog.naver.com/choggang1578/224301723548|https://blog.naver.com/upjjing/224301841610
37,food,종로,3가맛집,restaurant,2,"종각 맛집 추천, 인사동 맛집 코미도리 종각점 숙성도미회...|청계천에서 먹기 좋은 샌드위치 맛집 파작 PAZAC 내돈내산 후기",https://blog.naver.com/ssanta7/224300754997|https://blog.naver.com/happy_thingss/224300384875
38,food,종로,3가카페,cafe,2,"종로3가점 :: 서울3대 아인슈페너 맛집 , 종로 데이트 추천|서울3대아인슈페너 맛집 시애틀커피하우스 종로3가점",https://blog.naver.com/ggaonii/224301740961|https://blog.naver.com/skdud3758/224301690483
39,food,종로,5가맛집,restaurant,2,"비 오는 날 광장시장 데이트, 낙지탕탕이와 종로빈대떡|광장시장 맛집 전라도횟집 내돈내산 후기｜모둠회 2인 25...",https://blog.naver.com/ji0edaa/224301760040|https://blog.naver.com/oburi-/224301407518
40,food,부산,가성비,candidate,2,[부산 맛집 ] 가성비 좋은 현지인 추천 부전시장 밥집...|부산 가성비 여행의 정석 리순덕 호텔 투숙 후기부터 츤데레...,https://blog.naver.com/g_roadh/224301852253|https://blog.naver.com/alsdnd7464/224301508155
41,domestic_travel,부산,가성비,candidate,2,[부산 맛집 ] 가성비 좋은 현지인 추천 부전시장 밥집...|부산 가성비 여행의 정석 리순덕 호텔 투숙 후기부터 츤데레...,https://blog.naver.com/g_roadh/224301852253|https://blog.naver.com/alsdnd7464/224301508155
42,food,강남,가성비,candidate,2,강남 가성비 맛집 장인닭갈비 내돈내산 솔직후기|강남 가성비 칵테일바 실내데이트 Stay in 비밀의 정원,https://blog.naver.com/02haeun/224295045842|https://blog.naver.com/skagusdl6354/224301649381
43,domestic_travel,가평,가족,candidate,2,봄 가평 가족 여행 추천 <더스테이힐링파크> 포레스트A타입 후기.|서울 근교 레저 추천 가평카트장 체험 후기 가평 가족 여행 코스,https://blog.naver.com/kimd0827/224300438985|https://blog.naver.com/soyeonshin2/224298681623
44,food,제주,감성,candidate,2,[위례 맛집 추천 ] 도심 속에서 즐기는 제주 감성 고기...|구읍뱃터 카페 오션뷰 랑데자뷰 영종에서 만나는 제주 감성...,https://blog.naver.com/loveinsoccer/224301701934|https://blog.naver.com/trendtale/224301265240
45,domestic_travel,전주,객사,candidate,2,전주 객사 맛집|객리단길 초밥 맛집 추천|스시미라이 방문 후기|전주 객사 커넥션 세희쌤 레드염색 대성공 여름맞이 변신 후기,https://blog.naver.com/qkrwlgml1027/224301640270|https://blog.naver.com/halippo/224301581716
46,domestic_travel,가평,경기,candidate,2,[경기/가평]르봉뺑:가평 빵집 가평 로컬빵집 가평 맛집추천 ...|경기 가평 서울근교여행 달빛정원글램핑앤카라반,https://blog.naver.com/congsssi/224301768878|https://blog.naver.com/charmingtry/224296974581
47,domestic_travel,광주,경기,candidate,2,"[경기/광주] 6월 가볼만한곳 추천, 몽글몽글 수국이 가득한...|[경기 광주 겨울] 광주 화담숲 겨울 설경 탐방 코스",https://blog.naver.com/noxdemo/224301548873|https://blog.naver.com/go-in/224301384451
48,domestic_travel,가평,경기도꽃축제,attraction,2,2026 자라섬 꽃 페스타 총정리｜위치·기간·입장료·주차...|2026 자라섬 꽃 페스타 다녀왔어요! 지금이 가장 예쁠 때,https://blog.naver.com/boxbox45/224300172384|https://blog.naver.com/kyju6507/224297372051
49,food,인천,계양,candidate,2,계산동고시원 아늑한 풀옵션 원룸 고시원 레지던스여유 인천 계양|인천 계양 분위기 자연뷰 맛집 카페 오디와이 커피,https://blog.naver.com/woodlog05/224301866045|https://blog.naver.com/ghuns-/224301797756
50,domestic_travel,인천,계양,candidate,2,"인천 계양 분위기 자연뷰 맛집 카페 오디와이 커피|인천 계양 신혼여행, 효과적인 실행 방법",https://blog.naver.com/ghuns-/224301797756|https://blog.naver.com/bhsisvz447339_fg/224301392764
51,domestic_travel,가평,고고다이노 키즈호텔,travel_spot,2,서울근교 여행 가평 고고다이노 키즈호텔 특가 예약(테마룸...|고고다이노 키즈호텔 첫 단독 특가 52% 할인 32 → 14만...,https://blog.naver.com/shy0917cjh/224300583214|https://blog.naver.com/bean_urse/224298476039
52,food,제주,공항,candidate,2,"제주 공항 근처 맛집 , 진한 국물이 일품인 신제주 보말칼국수...|[제주 제주공항 고사리 육개장] 제주 맛집 <우진해장국> /공항...",https://blog.naver.com/kongkong_log/224301743920|https://blog.naver.com/y_soo__o/224301446964
53,food,수원,광교호수공원,travel_spot,2,"광교 호수공원 맛집 청년감자탕순대국 묵은지감자탕 후기|광교 법조타운 맛집 , 야끼토리잔잔 광교점 후기!",https://blog.naver.com/domdobu/224301759569|https://blog.naver.com/smile085/224301833775
54,food,부산,그랜드,candidate,2,호텔 윈덤 그랜드 부산 이진 (Wyndham Grand Busan Ijin)...|부산 송도 호텔 윈덤 그랜드 부산 전객실 오션뷰 호캉스 후기...,https://blog.naver.com/gotrip2001/224301839034|https://blog.naver.com/minhee084/224301830527
55,domestic_travel,부산,그랜드,candidate,2,호텔 윈덤 그랜드 부산 이진 (Wyndham Grand Busan Ijin)...|부산 송도 호텔 윈덤 그랜드 부산 전객실 오션뷰 호캉스 후기...,https://blog.naver.com/gotrip2001/224301839034|https://blog.naver.com/minhee084/224301830527
56,food,제주,근처,candidate,2,[제주] 곽지 해수욕장 근처 제주 느낌 제대로 즐길 수 있는 술집...|제주공항 근처 제주시 소품샵 메르시 방문 정보와 추천 상품 안내,https://blog.naver.com/rooooya/224301723195|https://blog.naver.com/complexd8/224301847546
57,domestic_travel,제주,근처,candidate,2,[제주] 곽지 해수욕장 근처 제주 느낌 제대로 즐길 수 있는 술집...|제주공항 근처 제주시 소품샵 메르시 방문 정보와 추천 상품 안내,https://blog.naver.com/rooooya/224301723195|https://blog.naver.com/complexd8/224301847546
58,domestic_travel,부산,기장,candidate,2,부산 기장 카페 맛집|대형... “ 방문후기 2탄( 내돈내산 )|부산 기장 여행 오션뷰 카페 웨이브온 대나무 영화 촬영지...,https://blog.naver.com/moonglade15/224301803449|https://blog.naver.com/4729581/224301792300
59,domestic_travel,전주,남부시장야시장,travel_spot,2,전주 풍남헌 고택 (한옥스테이) AGODA 아고다 할인받기!!|전주 여행 마지막 밤은 남부시장 야시장으로,https://blog.naver.com/agoda_klook_/224301010240|https://blog.naver.com/harangru/224301226263
60,domestic_travel,가평,남이섬,candidate,2,가평 남이섬 인근 카라반글램핑 자연과의 완벽한 조화|가평 남이섬 (초여름 당일치기 코스 추천 / 할인 꿀팁...,https://blog.naver.com/ceiling394/224300561210|https://blog.naver.com/hyelin_chu/224300035753
61,food,광주,냉면,candidate,2,[광주/첨단] 광주 냉면 맛집 _청석골칡냉면 내돈내산 후기|광주 냉면 맛집 화정동 관산칡냉면 shine1979 여름필수코스,https://blog.naver.com/gayajisun/224301808263|https://blog.naver.com/uuworld_/224301765339
62,food,대구,단골식당,restaurant,2,대구 노포감성 제대로인 칠성시작 연탄불고기 찐 맛집 ...|[단골식당 연탄돼지불고기] 백종원 3대천왕 출연한 불향...,https://blog.naver.com/kate_0522/224301578041|https://blog.naver.com/andy_365/224299370604
63,domestic_travel,대구,단골식당,restaurant,2,대구 노포감성 제대로인 칠성시작 연탄불고기 찐 맛집 ...|[단골식당 연탄돼지불고기] 백종원 3대천왕 출연한 불향...,https://blog.naver.com/kate_0522/224301578041|https://blog.naver.com/andy_365/224299370604
64,domestic_travel,대전,대청호,candidate,2,“ 서울 보다 덜 알려져 더 예쁜 대전 대청호 장미축제”|대전 대청호 장미축제 가볼 만할까? 주차·개화현황·포토존 총정리,https://blog.naver.com/3050035/224295646828|https://blog.naver.com/sldighd1863/224301792243
65,food,대전,대청호 장미축제,attraction,2,"대청호 장미축제 실시간 개화현황과 무료 주차 꿀팁 총정리|대청호 장미축제, 인기이유 후기",https://blog.naver.com/issueletter365/224301618826|https://blog.naver.com/kkangpaetokkieeee/224301184821
66,domestic_travel,대전,대청호장미축제,attraction,2,대청호 장미축제 실시간 개화현황과 무료 주차 꿀팁 총정리|대전 대청호 장미축제 가볼 만할까? 주차·개화현황·포토존 총정리,https://blog.naver.com/issueletter365/224301618826|https://blog.naver.com/sldighd1863/224301792243
67,domestic_travel,전주,덕진공원,travel_spot,2,"[전주 여행 ] 덕진공원, 전주 온다면 꼭 들려야 할 숨은 명소!|전주 덕진공원 야경 산책 낮보단 밤이 아름답다",https://blog.naver.com/01yuchan/224301752002|https://blog.naver.com/yarn76/224301821831
68,food,부산,데이트,candidate,2,부산 데이트 맛집 추천 스콜 서면역 펍 맛집|샤로수길 양념대창 맛집 “안녕부산”|데이트 맛집 추천,https://blog.naver.com/oreo0106/224301855700|https://blog.naver.com/bsy4250/224301805578
69,domestic_travel,부산,데이트,candidate,2,부산 데이트 맛집 추천 스콜 서면역 펍 맛집|샤로수길 양념대창 맛집 “안녕부산”|데이트 맛집 추천,https://blog.naver.com/oreo0106/224301855700|https://blog.naver.com/bsy4250/224301805578
70,food,종로,데이트,candidate,2,"종로3가점 :: 서울3대 아인슈페너 맛집 , 종로 데이트 추천|종로 데이트 개나리아구찜 맛집 구운대창구이아구찜 비주얼...",https://blog.naver.com/ggaonii/224301740961|https://blog.naver.com/soso_common_day/224301571495
71,domestic_travel,인천,뚜벅이,candidate,2,[인천] 서울 경기 근교 당일치기 동인천 뚜벅이 여행 코스 추천...|인천 뚜벅이 데이트 코스｜월미도에서 배 타고 구읍뱃터까지,https://blog.naver.com/gkstnals66/224297768132|https://blog.naver.com/vhrwnsu17/224296479417
72,domestic_travel,대전,롯데백화점,candidate,2,대전 롯데백화점 성심당 망고시루 주말 오픈런 후기 웨이팅...|유일베이킹 롯데백화점 대전점 키즈 케이크 클래스_회전목마...,https://blog.naver.com/z4272z/224301865746|https://blog.naver.com/uilbaking/224301803951
73,food,인천,롯데백화점,candidate,2,"인천 롯데백화점 5월 6월 팝업 모음 / 케이스티파이, slyfox...|5월 마지막주 인천 롯데백화점 팝업 구경다녀왔어요",https://blog.naver.com/coqocoqo/224301775474|https://blog.naver.com/vview0702/224301516527
74,food,제주,맛있는,candidate,2,"경기 광주 카페, 디저트 맛있는 “제주베어하우스”|야키니쿠제주 내돈내산 리뷰 맛있는 제주소고기 제주한우 맛집",https://blog.naver.com/mimlover91/224301867839|https://blog.naver.com/meogeoping/224301807301
75,food,강남,맛있는,candidate,2,[썸띵어바웃커피] 디저트 맛있는 강남역 카페|신논현역 카페 어퍼앤언더 디저트가 맛있는 강남 카페 추천,https://blog.naver.com/mujae16/224301865008|https://blog.naver.com/cyfl02/224301787263
76,food,성수,멘야포모,candidate,2,"성수동 맛집 라멘과 토마토의 만남, 멘야포모 성수점|성수동 맛집 라멘 멘치카츠 멘야포모 성수점",https://blog.naver.com/mbjt2351/224301866638|https://blog.naver.com/vudod1/224297993583
77,food,대전,베스트,candidate,2,"[대전] 대흥동 과일 한 가득 크레이프롤 맛집 ‘올드하우스’|대전 중구 맛집 광천식당, 노포 감성과 매콤한 두루치기의 만남",https://blog.naver.com/doridori_min2/224301876461|https://blog.naver.com/starstaracademy/224301570569
78,food,광주,보배반점,candidate,2,상무지구 맛집 감성 터지는 보배반점 광주상무점!|광주하남 맛집 보배반점 광주하남2지구점 내돈내산 후기 주차...,https://blog.naver.com/as99k/224301863094|https://blog.naver.com/haemi789/224301792928
79,food,부산,부들파이터,candidate,2,부산대 맛집 이색 양식 맛집 추천 부들파이터 부산대점|부산대 맛집 필리핀 바베큐 제대로 즐기고 온 부들파이터 부산대점,https://blog.naver.com/tpghk980811/224301870428|https://blog.naver.com/uri_like/224301866166
80,domestic_travel,인천,부평,candidate,2,"[인천/부평] 산곡역 근처 청천동 안주 맛집 , 땅콩술방|[인천 부평] 비 오는 날 생각나서 다녀온 부평 소머리국밥 맛집 ...",https://blog.naver.com/eens_2/224301836212|https://blog.naver.com/uhagodqhr94/224301819658
81,domestic_travel,강릉,사근진해변,travel_spot,2,[강릉 여행 ]엄마와 함께 떠난 강원도 강릉/2박3일|6월의 강원 추천 여행 지는? 강릉 단오제! 화천 파크골프장!,https://blog.naver.com/pricuae123/224301699781|https://blog.naver.com/gwdoraeyo/224297862469
82,domestic_travel,강릉,사천해변,travel_spot,2,"[강릉/사천] 오월의 사천 바다를 잔에 담다, 아들과 함께한...|여름 바다에서 즐기는 차박 캠핑 명소 5곳",https://blog.naver.com/cozzingzzing/224301855216|https://blog.naver.com/rdkeiuy1384/224295237297
83,food,제주,서쪽,candidate,2,제주 서쪽 한경면 고기 맛집 마돈가제트 내돈내산 후기|제주 서쪽 아이랑 가볼만한 곳 잔물결·어린왕자감귤밭...,https://blog.naver.com/sunsundid/224301715202|https://blog.naver.com/ddmom_log/224301827426
84,food,대구,성서,candidate,2,대구 성서 스시 귀빈 추천|대구 성서 계대 돼지고기 맛집 #양기생돼지양념구이 (중독됨.....,https://blog.naver.com/sujinng_/224301862257|https://blog.naver.com/sujinng_/224301847969
85,food,부산,손정보쌈,candidate,2,손정보쌈 부산서면점 서면역 맛집 든든한 한식 맛집 후기|손정보쌈 부산서면점 부산서면 가브리보쌈 맛집 방문후기,https://blog.naver.com/majestic7107/224301842382|https://blog.naver.com/jihyen0124/224301842043
86,domestic_travel,부산,손정보쌈,candidate,2,손정보쌈 부산서면점 서면역 맛집 든든한 한식 맛집 후기|손정보쌈 부산서면점 부산서면 가브리보쌈 맛집 방문후기,https://blog.naver.com/majestic7107/224301842382|https://blog.naver.com/jihyen0124/224301842043
87,domestic_travel,전주,신시가지,candidate,2,[메종드앤]전주 신시가지 브런치 뷔페|효자동 브런치 맛집 에서...|전주 신시가지 롯데마트 전주점 근처 돈카츠집 진짜 별로다......,https://blog.naver.com/kim1004a/224301824946|https://blog.naver.com/ekdrms____/224301797310
88,domestic_travel,가평,아이랑,candidate,2,아이랑 가평 1박2일 : 자라섬 꽃축제 남이섬 입장권 할인받고...|가평아난티 무라타하우스 아이랑 가평 여행! (히노끼탕/수영장...,https://blog.naver.com/donnago_/224299287499|https://blog.naver.com/smk03011/224301869303
89,domestic_travel,가평,아이랑갈만한곳,candidate,2,가평 아이랑갈만한곳 추천! 아이와 함께 다녀온 남이섬 나들이...|가족여행/가평 동물원/경기도... 데이트 추천/ 서울근교 여행 지♡,https://blog.naver.com/soyeonshin2/224299541299|https://blog.naver.com/yunmi8787/224297371931
90,domestic_travel,대전,아이와,candidate,2,대전 아이와 가볼만한 곳 추천! 대전근현대사전시관에서 만난...|아이와 대전 근교 바다 여행 ! 충남 서천 해수욕장 + 공원 피크닉...,https://blog.naver.com/e_eeee7/224301457316|https://blog.naver.com/my_prayer_s2/224301723956
91,domestic_travel,가평,아침고요수목원 수국축제,attraction,2,아침고요수목원 수국축제 2026! 기간·찾아가는 길·포토스팟...|가평 아침고요수목원 수국축제 다녀온 후기 사진으로 보던...,https://blog.naver.com/myeong0820/224301121414|https://blog.naver.com/nana_school/224301394724
92,food,강남,안목,candidate,2,"역삼역 맛집 <안목 강남역삼> 후기_ 돼지국밥|안목 강남역삼점, 주말마다 생각나는 돼지국밥 맛집",https://blog.naver.com/glows-/224301840796|https://blog.naver.com/kimhyeni/224300930467
93,domestic_travel,강릉,안목해변,travel_spot,2,"[강릉 여행 ]엄마와 함께 떠난 강원도 강릉/2박3일|강릉 안목해변 차박, 일출 하나로 유명해진 이유",https://blog.naver.com/pricuae123/224301699781|https://blog.naver.com/medic3939/224300583314
94,food,대구,앞산,candidate,2,"대구 앞산 맛집 파스타가 맛있는 호어모아 아기랑 유모차,주차...|[대구 맛집 ] 앞산 한정식 솥밥 더덕구이정식 맛집 백복수반",https://blog.naver.com/family_3j/224301549173|https://blog.naver.com/sbsbsbsb_____/224301797981
95,food,대구,엑스코,candidate,2,대구 엑스코 맛집 한끼니쿠에서 즐기는 완벽한 소고기 세트|대구 가볼만한곳 대구꽃박람회 엑스코 대구 데이트 코스 놀거리...,https://blog.naver.com/adkmk/224301834014|https://blog.naver.com/homibike/224301373762
96,domestic_travel,대구,엑스코,candidate,2,"도겸승관 대구 콘서트 후기, 대구 엑스코 동관 시야, 눈물의...|대구 가볼만한곳 대구꽃박람회 엑스코 대구 데이트 코스 놀거리...",https://blog.naver.com/at_last_spring/224301413861|https://blog.naver.com/homibike/224301373762
97,domestic_travel,광주,연화식당,restaurant,2,"광주 연화식당 혼밥, 육전 때문에 찾았다가 오히려 분위기가 더...|광주 연화식당 가기 전 꼭 볼 정보: 육전·키조개전 메뉴부터...",https://blog.naver.com/attageogi/224301554331|https://blog.naver.com/flemznls1/224301794817
98,food,대전,유성,candidate,2,"대전 유성 장어 맛집 , 기력 보충하러 간 갑동숯불민물장어|대전 유성 맛집 삼겹살 전주하우스 솥뚜껑 생삼겹살 후기",https://blog.naver.com/kn0320/224301879553|https://blog.naver.com/twinkle_woona/224301870368
99,domestic_travel,강릉,이모네생선찜,candidate,2,강릉 이모네생선찜 예약 전쟁 끝에 다녀온 솔직 후기|강릉 이모네생선찜 드디어 먹어봄!(주차/예약 방법/가격),https://blog.naver.com/ddhhn/224301764025|https://blog.naver.com/maximum_min/224301448433
100,domestic_travel,부산,장승포호텔,travel_spot,2,주차장 최신 사진 업데이트|쉬러 가는 거제,https://blog.naver.com/hhjsp0711/224301274711|https://blog.naver.com/hhjsp0711/224301209568
101,food,광주,전현무계획3 광주 맛집,restaurant,2,"전현무계획3 광주 맛집 3곳 한 번에 정리｜육전·돼지국밥...|전현무계획3 광주 맛집 3 코스 정리: 국밥·오리탕·육전, 방문...",https://blog.naver.com/e150934/224301849679|https://blog.naver.com/flemznls1/224301796267
102,domestic_travel,강릉,정남미명과,candidate,2,정남미명과 강릉본점 / 천하제빵 / 강릉빵집 / 토요일방문후기|강릉여행코스 정남미명과 강릉 수평선점에서 보낸 주말 일기,https://blog.naver.com/gg1234_567/224301747305|https://blog.naver.com/twin_n/224301769271
103,domestic_travel,제주,조천,candidate,2,"제주 조천 숙소 보메와산 펜션 특징과 여행 팁|[제주 조천 맛집] 선흘방주할머니식당, 제주세계자연유산센터와...",https://blog.naver.com/economicskf/224301849441|https://blog.naver.com/happy_n_rich/224301324842
104,food,인천,주안,candidate,2,인천 주안 맛집 수제돈까스 드림식당 내돈내산 방문후기|인천 주안 간석동에 중식당 대연 내돈내산 후기,https://blog.naver.com/msh1740/224301807068|https://blog.naver.com/birthday-1/224301779983
105,food,제주,중국집의,candidate,2,보배반점 제주삼화점에서 만난 제주 중국집의 특별한 맛과...|제주 중국집의 다양한 매력을 느낄 수 있었던 보배반점...,https://blog.naver.com/rldlf6476/224301871821|https://blog.naver.com/gydnjs84178/224301587163
106,domestic_travel,대전,중앙시장,travel_spot,2,대전|대전중앙시장 내돈내산 맛집 리스트 솔이네계란빵...|대전이 이렇게 좋았어? 당일치기 여행 코스 Best5,https://blog.naver.com/mugja30/224301865406|https://blog.naver.com/whqufdl37/224301687117
107,food,인천,차이나타운,candidate,2,"[인천 차이나타운 짜장면 맛집 ] 유니짜장 맛집 '신승반점'|인천 차이나타운 가볼 만한 곳, 당일치기 놀거리 먹거리 추천코스",https://blog.naver.com/rkdudvs95/224301847594|https://blog.naver.com/skylar_ing/224300870862
108,domestic_travel,인천,차이나타운,candidate,2,"인천 차이나타운 가볼 만한 곳, 당일치기 놀거리 먹거리 추천코스|[ 서울 근교 가볼만한 곳] <인천 차이나타운 + 송월동 동화마을...",https://blog.naver.com/skylar_ing/224300870862|https://blog.naver.com/kfbwoman/224298032206
109,food,수원,찾은,candidate,2,수원 신차이 AK플라자에서 찾은 수원역 중국집|[오렌지베이글]광고지만 내돈내산 으로 또 찾은 수원빵 맛집 !...,https://blog.naver.com/aksuskql/224301866793|https://blog.naver.com/chichi324/224301824828
110,domestic_travel,광주,첨단,candidate,2,광주 맛집 첨단 핫플 추천 리조또와 피자가 맛있는...|광주 첨단 라멘 맛집 미소라멘&카츠 돈코츠라멘 카츠카레 후기,https://blog.naver.com/choggang1578/224301723548|https://blog.naver.com/upjjing/224301841610
111,food,강남,청계산갈비살,candidate,2,"청계산갈비살, 강남구청 소고기 맛집 에서의 회식 만족도 높은...|[청계산갈비살] 강남구청 소고기 맛집 , 푸짐하고 부드러운...",https://blog.naver.com/g2og280/224301873469|https://blog.naver.com/yyspgtlg53467/224301854447
112,food,종로,청계천,candidate,2,"[종각]낭만 종로 청계천 맛집 , 감성에 취하는 한식 맛집|[종로 청계천]'탭샵바' 와인 맥주 가볍게 한잔 하기 좋은...",https://blog.naver.com/fearless_life/224301598476|https://blog.naver.com/oingkuku/224295731374
113,food,부산,청사포,candidate,2,부산 청사포 조개구이 맛집 도희네 조개구이 내돈내산|부산 해운대 블루라인파크 해운대핫플 청사포 부산데이트...,https://blog.naver.com/lamulamu1122/224301788077|https://blog.naver.com/bybbon/224301652068
114,domestic_travel,부산,청사포,candidate,2,부산 청사포 조개구이 맛집 도희네 조개구이 내돈내산|부산 해운대 블루라인파크 해운대핫플 청사포 부산데이트...,https://blog.naver.com/lamulamu1122/224301788077|https://blog.naver.com/bybbon/224301652068
115,food,제주,청초수물회,candidate,2,오늘의 여행코스!! 청초수물회 제주점 제주 물회|청초수물회 제주점 애월 맛집 애월에서 즐기는 특별한 물회,https://blog.naver.com/ainackerman/224301821390|https://blog.naver.com/coco_soobin/224301808707
116,food,대전,충남대,candidate,2,"재방문 N번째,, 대전 충남대 맛집 , 대전 궁동 양식 맛집|대전 충남대 블루리본 중식당 연래춘대반점 삼선짜장 맛집 ...",https://blog.naver.com/arborkim/224301864033|https://blog.naver.com/dapara00/224301517752
117,domestic_travel,제주,카멜리아힐,candidate,2,국내 6월 여행 지 추천 가볼만한곳 BEST 5|제주도 제주 카멜리아힐 가족여행 데이트 코스,https://blog.naver.com/ttuksum/224298364925|https://blog.naver.com/healyou_/224301785895
118,food,대전,칼국수,candidate,2,"장원갑 칼국수_대전 칼국수 맛집 , 대전 은행동 맛집|대전 칼국수 현지인 맛집 시민칼국수 내돈내산 솔직후기",https://blog.naver.com/codud9573/224301868830|https://blog.naver.com/from_kuki/224301773677
119,domestic_travel,대전,칼국수,candidate,2,"장원갑 칼국수_대전 칼국수 맛집 , 대전 은행동 맛집|대전 칼국수 현지인 맛집 시민칼국수 내돈내산 솔직후기",https://blog.naver.com/codud9573/224301868830|https://blog.naver.com/from_kuki/224301773677
120,domestic_travel,부산,타고,candidate,2,"부산 2박 3일 여행 1편 새벽 SRT 타고 부산역 복국부터 태종대...|서울 마지막 일정, 남산을 둘러보고 KTX 청룡 타고 부산으로",https://blog.naver.com/munggmungg/224301778533|https://blog.naver.com/vinus8269/224301473423
121,food,수원,타임빌라스,candidate,2,정희 타임빌라스 수원점 내돈내산 수원역 한식당 수원역 맛집추천|수원 타임빌라스 맛집 88철판 통삼겹철판 내돈내산 후기...,https://blog.naver.com/joyloger/224301741342|https://blog.naver.com/kimrina1994/224301724202
122,food,대구,태능집,candidate,2,[대구 맛집 ] 태능집.. 북성로 석쇠불고기집 & 나는야 우동!!|[ 국내여행 ] 대구 태능집 : 북성로불고기&우동,https://blog.naver.com/a73apple/224301715816|https://blog.naver.com/kkokkorun/224301652143
123,food,부산,투어,candidate,2,부산족발 남포동 족발골목 맛집 추천｜부산 현지인도 인정한...|[부산/남구] 용호동고깃집 푸주인 용호점,https://blog.naver.com/raiiiin_/224301661265|https://blog.naver.com/yjsrds556/224301573206
124,domestic_travel,부산,투어,candidate,2,부산족발 남포동 족발골목 맛집 추천｜부산 현지인도 인정한...|[부산/남구] 용호동고깃집 푸주인 용호점,https://blog.naver.com/raiiiin_/224301661265|https://blog.naver.com/yjsrds556/224301573206
125,food,강남,트라가,candidate,2,"강남역 맛집 가성비 최고, 트라가 강남역점!|강남역 맛집 대발견! 다시 가고 싶은 트라가 강남역점",https://blog.naver.com/gpfuswjs0827/224301856684|https://blog.naver.com/gapadoyo/224301817255
126,domestic_travel,가평,한옥,candidate,2,@운악채한옥마을 가평 : 한옥 독채 단층형 내돈내산 2박 9호실...|가평 한옥 독채 펜션 운악채 : 개별바베큐 가족 여행 추천 내돈내산,https://blog.naver.com/hagd_ay/224301858551|https://blog.naver.com/agerenunc/224301252821
127,food,부산,핫플 레이스,candidate,2,"[부산/남구] 용호동고깃집 푸주인 용호점|부산 영도 대형카페, 오션뷰 가득한 영도카페385",https://blog.naver.com/yjsrds556/224301573206|https://blog.naver.com/seikopump/224301512724
128,domestic_travel,부산,핫플 레이스,candidate,2,"[부산/남구] 용호동고깃집 푸주인 용호점|부산 영도 대형카페, 오션뷰 가득한 영도카페385",https://blog.naver.com/yjsrds556/224301573206|https://blog.naver.com/seikopump/224301512724
129,domestic_travel,강릉,핫한,candidate,2,강릉 핫한 카페 특이한 디저트 추천 강릉초당두부티라미수|강릉 핫한 곳 추천 좀 해주세요,https://blog.naver.com/divb12/224301602104|https://blog.naver.com/mcgt1v/224301833596
130,domestic_travel,대구,현지인,candidate,2,"[대구 신암동 맛집 ] 더큰본부 I... 대구 맛집 , 현지인 맛집 ...|마 대구 좀치네 (대구 현지인 당일치기 코스 추천)",https://blog.naver.com/002young_/224300210231|https://blog.naver.com/kthkomo/224301739551
131,food,대전,현지인,candidate,2,"대전 현지인 추천 맛집 별난집 내돈내산! 두부두루치기와...|[대전] 현암뚝방구이 (대전 현지인 맛집 , 백반 기행 맛집 )",https://blog.naver.com/mj_0921/224300448607|https://blog.naver.com/newskyrim/224301805880
132,domestic_travel,부산,화명생태공원,travel_spot,2,6월 7월 부산북구 덕천 금빛 노을 브릿지 여행 추천 주변...|오늘도 만보걷기!,https://blog.naver.com/kdspmj12/224301514888|https://blog.naver.com/bassing82/224301776918
133,food,종로,회식,candidate,2,"종로 회식/광화문 회식/광화문 생선구이 잘하는 집 (정백어가...|종로 회식 맛집 추천, 초벌 쪽갈비가 미친 오는정 솔직후기...",https://blog.naver.com/ypyp_11/224301879000|https://blog.naver.com/ladytiger-/224300744813
134,domestic_travel,가평,힐링,candidate,2,"서울 근교 여행 의 정석, 완벽한 가평 힐링 코스 3가지 추천|서울 근교 은하눌 풀빌라 펜션에서 힐링 가평 여행",https://blog.naver.com/bebemaru1/224300552894|https://blog.naver.com/wlj86/224301463491
135,domestic_travel,제주,ABEBE,candidate,2,아베베베이커리 제주 (ABEBE BAKERY Jeju) 동문시장 핫플 방문기|제주 (ABEBE BAKERY Jeju) 제주항 근처 가볼만한곳 가볼만한곳,https://blog.naver.com/zzzdkrltnekf/224301715533|https://blog.naver.com/yeoni_e11/224301825431
136,domestic_travel,인천,ICN,candidate,2,[아시아나항공] 오사카(KIX) - 인천(ICN) A321-200neo 밤도깨비...|[피치항공] 인천(ICN) - 오사카(KIX) A320-200ceo 이코노미...,https://blog.naver.com/ttohoto/224301531950|https://blog.naver.com/ttohoto/224301531558
137,domestic_travel,강릉,KTX,candidate,2,서울 강릉 KTX 시간표 요금 시간 정리|[KTX] 강릉 경포와 바다부채길을 탐방하는 당일치기 여행기,https://lefthusband.tistory.com/657|https://blog.naver.com/minsu_seo4723/224301393408
138,food,부산,1 숨은 힐링 명소와 로컬 맛집,restaurant,1,1 ] 숨은 힐링 명소와 로컬 맛집 정보 대방출 (부산~포항),https://blog.naver.com/changh5n/224301692272
139,domestic_travel,부산,1 숨은 힐링 명소와 로컬 맛집,restaurant,1,1 ] 숨은 힐링 명소와 로컬 맛집 정보 대방출 (부산~포항),https://blog.naver.com/changh5n/224301692272
140,food,대구,12 00-21 30 대구 맛집,restaurant,1,대구 한식 오마카세 “현방” 생일 내돈내산 아쉬운 후기...,https://blog.naver.com/honestzzang/224301739246
141,domestic_travel,대구,12 00-21 30 대구 맛집,restaurant,1,대구 한식 오마카세 “현방” 생일 내돈내산 아쉬운 후기...,https://blog.naver.com/honestzzang/224301739246
142,food,종로,13 재방문하고 싶은 수제만두 맛집,restaurant,1,종로3가 맛집 <종가만두>｜13... 재방문하고 싶은 수제만두 맛집,https://blog.naver.com/kevin6227/224300559052
143,domestic_travel,부산,14 제24회 광안리어방축제,attraction,1,6/12~14 제24회 광안리어방축제 — 부산 광안리 바다가 가장...,https://blog.naver.com/jiji090/224301769221
144,domestic_travel,대전,14 제24회 광안리어방축제,attraction,1,6/12~14 제24회 광안리어방축제 — 부산 광안리 바다가 가장...,https://blog.naver.com/jiji090/224301769221
145,food,대구,14년 단골 맛집 14년 단골 맛집,restaurant,1,대구 반월당 스시 맛집 더현대 스시준~ 14년 단골 맛집 !,https://blog.naver.com/jaenacon79/224301878341
146,domestic_travel,부산,1박2일 알바 공부 서울 다시 부산 당일치기,restaurant,1,노잼코스로 간 대전,https://blog.naver.com/aesthesder/224301794815
147,domestic_travel,가평,1박2일 자라섬 꽃축제,attraction,1,아이랑 가평 1박2일 : 자라섬 꽃축제 남이섬 입장권 할인받고...,https://blog.naver.com/donnago_/224299287499
148,food,제주,1층에는 스시바이미 라는 유명한 스시 맛집,restaurant,1,[제주도/애월] 애월 가성비 오션뷰 숙소 내돈내산 애월...,https://blog.naver.com/xeelyu/224301758356
149,domestic_travel,제주,1층에는 스시바이미 라는 유명한 스시 맛집,restaurant,1,[제주도/애월] 애월 가성비 오션뷰 숙소 내돈내산 애월...,https://blog.naver.com/xeelyu/224301758356
150,food,인천,1층에서 먹거나 별로 없는 배달식당,restaurant,1,[영종도 호텔] 인천 5성급 호텔 네스트호텔 숙박 후기(스탠다드...,https://blog.naver.com/99leehy/224301517976
151,food,광주,2 경기도 광주 식당부터 카페,cafe,1,당일치기 드라이브 추천 #2|경기도 광주 식당부터 카페까지,https://blog.naver.com/grow_with_me_365/224301141048
152,domestic_travel,광주,2 경기도 광주 식당부터 카페,cafe,1,당일치기 드라이브 추천 #2|경기도 광주 식당부터 카페까지,https://blog.naver.com/grow_with_me_365/224301141048
153,food,종로,21 30 마지막으로 소개할 종로 한식 맛집,restaurant,1,서울 동대문 종로 을지로 맛집 더드림왕수제핫바...,https://blog.naver.com/cooljuyoun1/224299848555
154,food,대전,24시식당,restaurant,1,대전 맛집 쌍둥이수육국밥 월평선사점의 푸짐했던 식사후기,https://blog.naver.com/narara20000/224301704324
155,domestic_travel,대전,24시식당,restaurant,1,대전 맛집 쌍둥이수육국밥 월평선사점의 푸짐했던 식사후기,https://blog.naver.com/narara20000/224301704324
156,domestic_travel,강릉,25 - 국내 여행 은 강릉 경포 해변,travel_spot,1,경제 기자 에피소드 #25,https://blog.naver.com/hazedew/224301751791
157,food,대구,26년 5월의 어느 날 냉면 맛집,restaurant,1,26년 5월의 어느 날,https://blog.naver.com/hay_le/224301868606
158,domestic_travel,강릉,26년 여름엔 막국수가 최고 강릉해변,travel_spot,1,26년 여름엔 막국수가 최고! 강릉해변메밀막국수,https://blog.naver.com/okpop3837/224301708835
159,food,인천,26호 아기 때부터 방문한 찐 단골 맛집,restaurant,1,26호 아기 때부터 방문한 찐 단골 맛집 추천 인천 회센터 추천,https://blog.naver.com/lifeofnina/224301676328
160,domestic_travel,인천,26호 아기 때부터 방문한 찐 단골 맛집,restaurant,1,26호 아기 때부터 방문한 찐 단골 맛집 추천 인천 회센터 추천,https://blog.naver.com/lifeofnina/224301676328
161,food,부산,2박 3일 맛집,restaurant,1,[부산] 2박 3일 맛집 여행 솔직후기 ㅣ 바다·소품샵·부산 맛집 ...,https://blog.naver.com/archivennn/224301658142
162,domestic_travel,부산,2박 3일 맛집,restaurant,1,[부산] 2박 3일 맛집 여행 솔직후기 ㅣ 바다·소품샵·부산 맛집 ...,https://blog.naver.com/archivennn/224301658142
163,food,부산,2박 3일 맛집 여행 솔직,restaurant,1,[부산] 2박 3일 맛집 여행 솔직후기 ㅣ 바다·소품샵·부산 맛집 ...,https://blog.naver.com/archivennn/224301658142
164,domestic_travel,부산,2박 3일 맛집 여행 솔직,restaurant,1,[부산] 2박 3일 맛집 여행 솔직후기 ㅣ 바다·소품샵·부산 맛집 ...,https://blog.naver.com/archivennn/224301658142
165,domestic_travel,강릉,2인 국내 펜션,travel_spot,1,2인 국내 펜션 추천 TOP 5 (6월 예약 전 꼭 확인할 정보),https://blog.naver.com/protebe/224300921621
166,domestic_travel,제주,2인 국내 펜션,travel_spot,1,2인 국내 펜션 추천 TOP 5 (6월 예약 전 꼭 확인할 정보),https://blog.naver.com/protebe/224300921621
167,domestic_travel,강릉,2인국내펜션,travel_spot,1,2인 국내 펜션 추천 TOP 5 (6월 예약 전 꼭 확인할 정보),https://blog.naver.com/protebe/224300921621
168,domestic_travel,제주,2인국내펜션,travel_spot,1,2인 국내 펜션 추천 TOP 5 (6월 예약 전 꼭 확인할 정보),https://blog.naver.com/protebe/224300921621
169,domestic_travel,강릉,2차 식사 카페,cafe,1,"""26년 5월""",https://blog.naver.com/yangyang_days/224301842678
170,food,성수,3-5월 최애 맛집,restaurant,1,3-5월,https://blog.naver.com/jsh020610/224301870203
171,food,강남,30년된 포대기 애착인형 삼성역 맛집,restaurant,1,"ㅣ 삼성역 맛집 , 봉은사ㅣ 강남 챠지티 ㅣ30년된 포대기 애착인형",https://blog.naver.com/rurix_doll/224301862852
172,food,종로,33 가성비 맛집 최고봉,restaurant,1,"후기｜분위기 좋은 데이트 맛집, 시그니처 코스 B 리뷰 [ 서울맛집 ]",https://blog.naver.com/cielopio_bubu/224300963677
173,food,종로,3가 숯불구이 맛집,restaurant,1,종로3가 숯불구이 맛집 숙달돼지 종각 솔직 후기,https://blog.naver.com/lkjh9879/224301826884
174,food,종로,3가 야장쪽 메인 로드에 위치한 해산물 맛집,restaurant,1,[영업직 리뷰] 신용산역 목포명가 용산점_ 내돈내산 / 주차꿀팁...,https://blog.naver.com/login-out/224301839795
175,food,종로,3가삼겹살 맛집,restaurant,1,[종로3가역 고기 맛집 ]-지금... 삼겹살 맛집 '홍지로스',https://blog.naver.com/horeaki/224301731227
176,food,종로,3가역 고기 맛집 -지금 삼겹살 맛집,restaurant,1,[종로3가역 고기 맛집 ]-지금... 삼겹살 맛집 '홍지로스',https://blog.naver.com/horeaki/224301731227
177,food,종로,3가역맛집,restaurant,1,을지면옥 평양냉면 내돈내산｜평냉 입문 실패 없는 서울 3대...,https://blog.naver.com/oburi-/224300636527
178,food,종로,3가점 서울3대 아인슈페너 맛집,restaurant,1,"종로3가점 :: 서울3대 아인슈페너 맛집 , 종로 데이트 추천",https://blog.naver.com/ggaonii/224301740961
179,food,부산,3대 맛집,restaurant,1,부산족발 남포동 족발골목 맛집 추천｜부산 현지인도 인정한...,https://blog.naver.com/raiiiin_/224301661265
180,domestic_travel,부산,3대 맛집,restaurant,1,부산족발 남포동 족발골목 맛집 추천｜부산 현지인도 인정한...,https://blog.naver.com/raiiiin_/224301661265
181,food,대전,3대국밥 맛집,restaurant,1,가성비 최고 순대국밥 / 한화 문현빈 맛집 / 내돈내산,https://blog.naver.com/egoongnam/224301764664
182,food,부산,3대돈까스맛집,restaurant,1,맛집 :: ️ 원카츠 논현점,https://blog.naver.com/amy7623/224301542952
183,food,종로,3분 거리에 대구 종로 맛집,restaurant,1,[대구/중구] 종로 분위기 있는 이자카야 ' 요바나시 ' 솔직 후기,https://blog.naver.com/emothing_/224301841919
184,food,대구,3분 거리에 대구 종로 맛집,restaurant,1,[대구/중구] 종로 분위기 있는 이자카야 ' 요바나시 ' 솔직 후기,https://blog.naver.com/emothing_/224301841919
185,domestic_travel,대구,3시간 율하체육공원,travel_spot,1,지금 여행 가기 좋은 곳 대구 꽃구경 명소 율하천 금계국 위치...,https://blog.naver.com/kdspmj12/224301276892
186,domestic_travel,부산,3일차 달랏 호텔,travel_spot,1,"나트랑 달랏 패키지 5일 부산 출발, 디꾸아호텔 총정리",https://blog.naver.com/dkrdka18/224301494212
187,domestic_travel,강릉,4월 강릉여행 맛집,restaurant,1,4월 강릉여행,https://blog.naver.com/dototo_/224301829408
188,food,강남,5 모임 장소로도 많이 찾는 닭갈비 맛집,restaurant,1,"현지인 vs 관광객, 둘 다 인정한 닭갈비 맛집 5",https://blog.naver.com/am9-25/224296093327
189,food,광주,52번째 맛집,restaurant,1,[52번째 맛집 탐방] 광주... 빛나는 상추백반 참치찌개 맛집,https://blog.naver.com/crazymet2/224301805962
190,food,인천,5성급 호텔 네스트호텔,travel_spot,1,[영종도 호텔] 인천 5성급 호텔 네스트호텔 숙박 후기(스탠다드...,https://blog.naver.com/99leehy/224301517976
191,food,인천,5성급호텔,travel_spot,1,"[인천 영종도] 최고의 호캉스, 아이들과 가도 좋을 인천...",https://blog.naver.com/godjw486/224301703422
192,domestic_travel,인천,5성급호텔,travel_spot,1,"[인천 영종도] 최고의 호캉스, 아이들과 가도 좋을 인천...",https://blog.naver.com/godjw486/224301703422
193,food,성수,5월 도죠 성수 카페,cafe,1,5월 [ 도죠 성수 / 카페 413프로젝트 성수 / 실비집 수유...,https://blog.naver.com/i_m313kkk/224297130310
194,food,성수,5월 마지막주 인천 롯데백화점 팝업,popup,1,5월 마지막주 인천 롯데백화점 팝업 구경다녀왔어요,https://blog.naver.com/vview0702/224301516527
195,food,인천,5월 마지막주 인천 롯데백화점 팝업,popup,1,5월 마지막주 인천 롯데백화점 팝업 구경다녀왔어요,https://blog.naver.com/vview0702/224301516527
196,food,수원,5월 마지막주 인천 롯데백화점 팝업,popup,1,5월 마지막주 인천 롯데백화점 팝업 구경다녀왔어요,https://blog.naver.com/vview0702/224301516527
197,food,수원,5월 문화활동 기록 맛집,restaurant,1,5월 문화활동 기록,https://blog.naver.com/widebalance/224301873196
198,food,인천,5월 인천 여행 만족할 만한 카페,cafe,1,5월 인천 여행,https://blog.naver.com/cejourreve/224301773787
199,food,부산,5월 주말여행 고1딸과 부산서면 굿즈샵 맛집,restaurant,1,5월 주말여행 고1딸과 부산서면 굿즈샵 맛집투어 애니매이트...,https://blog.naver.com/corona1022/224301114759
200,domestic_travel,부산,5월 주말여행 고1딸과 부산서면 굿즈샵 맛집,restaurant,1,5월 주말여행 고1딸과 부산서면 굿즈샵 맛집투어 애니매이트...,https://blog.naver.com/corona1022/224301114759
201,food,부산,5월로그 화덕피자 맛집,restaurant,1,5월로그,https://blog.naver.com/tmdskadbrud/224301867954
202,food,부산,5월에 먹은 것들 은근히 맛집,restaurant,1,5월에 먹은 것들.,https://blog.naver.com/yuzyhand/224301726979
203,food,대전,5월축제,attraction,1,대청호 장미축제 실시간 개화현황과 무료 주차 꿀팁 총정리,https://blog.naver.com/issueletter365/224301618826
204,domestic_travel,대전,5월축제,attraction,1,대청호 장미축제 실시간 개화현황과 무료 주차 꿀팁 총정리,https://blog.naver.com/issueletter365/224301618826
205,domestic_travel,가평,5월축제,attraction,1,이번 주말 놓치면 1년을 후회합니다! 2026 자라섬 꽃 페스타...,https://blog.naver.com/kebaake/224301775851
206,food,종로,5호선맛집,restaurant,1,la라갈비 좋아하는 사람? 저요. 내돈내산 추천드림...,https://blog.naver.com/dlathfl3232/224300824423
207,domestic_travel,가평,6 28 일 수국 전시,attraction,1,5/30(토)~6/28(일) 수국 전시회 서울근교 당일치기 꽃구경,https://blog.naver.com/ohdori13/224299956293
208,food,부산,6시내고향맛집,restaurant,1,[대구 서문시장 맛집 ] 빨간어묵 원조 맛집 ‘부산어묵장돌이’...,https://blog.naver.com/coma112233/224301849712
209,food,대구,6시내고향맛집,restaurant,1,[대구 서문시장 맛집 ] 빨간어묵 원조 맛집 ‘부산어묵장돌이’...,https://blog.naver.com/coma112233/224301849712
210,domestic_travel,부산,6시내고향맛집,restaurant,1,[대구 서문시장 맛집 ] 빨간어묵 원조 맛집 ‘부산어묵장돌이’...,https://blog.naver.com/coma112233/224301849712
211,domestic_travel,대구,6시내고향맛집,restaurant,1,[대구 서문시장 맛집 ] 빨간어묵 원조 맛집 ‘부산어묵장돌이’...,https://blog.naver.com/coma112233/224301849712
212,domestic_travel,대구,6월 21일까지 전시,attraction,1,대구문화예술회관 미술관,https://blog.naver.com/nadoomom81/224301815207
213,food,인천,6월 가볼만한곳 인천대공원,travel_spot,1,6월 가볼만한곳 인천대공원 장미원|장미 향기 가득한 초여름...,https://blog.naver.com/diary_life_/224301179332
214,domestic_travel,인천,6월 가볼만한곳 인천대공원,travel_spot,1,6월 가볼만한곳 인천대공원 장미원|장미 향기 가득한 초여름...,https://blog.naver.com/diary_life_/224301179332
215,domestic_travel,강릉,6월 강릉 전시,attraction,1,"6월 강릉 전시회, 행사, 데이트코스 추천",https://blog.naver.com/bmw-mini_haslla/224301844414
216,domestic_travel,강릉,6월 국내 축제,attraction,1,6월 국내 축제 추천 강릉단오제부터 자라섬 꽃 페스타까지,https://blog.naver.com/wise-owl/224300086813
217,domestic_travel,부산,6월 수국축제,attraction,1,6월 수국축제｜부산출발 공주 당일 여행 추천,https://blog.naver.com/hanatravel-busan/224301478020
218,food,성수,6월성수팝업,popup,1,주말 성수동 데이트 코스 가볼만한곳 놀거리 맛집 추천 TOP5는?,https://blog.naver.com/project-jaden/224301517252
219,domestic_travel,성수,6월성수팝업,popup,1,주말 성수동 데이트 코스 가볼만한곳 놀거리 맛집 추천 TOP5는?,https://blog.naver.com/project-jaden/224301517252
220,food,대전,6월을 목전에 두고 쓴 일기 맛집,restaurant,1,6월을 목전에 두고 쓴 일기,https://blog.naver.com/fellinluv_/224301849072
221,food,대구,81 우리 동네 최고 치킨 맛집,restaurant,1,81,https://blog.naver.com/9x__b/224301088528
222,food,부산,88완당 반송본점 완당 부산완당 부산 맛집,restaurant,1,부산완당 부산 맛집 해운대수목원 맛집 88완당 반송본점 완당...,https://blog.naver.com/ssxbxx/224301865272
223,domestic_travel,부산,88완당 반송본점 완당 부산완당 부산 맛집,restaurant,1,부산완당 부산 맛집 해운대수목원 맛집 88완당 반송본점 완당...,https://blog.naver.com/ssxbxx/224301865272
224,domestic_travel,가평,가 인기인 이유 가평 자라섬 꽃축제,attraction,1,가평 자라섬 꽃축제 2026 총정리｜남도꽃정원 봄꽃페스타...,https://blog.naver.com/123whywhy/224299354360
225,domestic_travel,대전,가기 일주일 전 부산 1박2일 알바 공,restaurant,1,노잼코스로 간 대전,https://blog.naver.com/aesthesder/224301794815
226,food,성수,가락시장,travel_spot,1,"가락시장 횟집 맛집 장성수산, 스끼다시 계절 오마카세 회 포장...",https://blog.naver.com/minji_b21/224301733490
227,domestic_travel,성수,가락시장,travel_spot,1,"가락시장 횟집 맛집 장성수산, 스끼다시 계절 오마카세 회 포장...",https://blog.naver.com/minji_b21/224301733490
228,domestic_travel,강릉,가볼만한 곳 BEST 5 중앙시장,travel_spot,1,강원도 강릉 가볼만한 곳 BEST 5 중앙시장 월화거리 안목해변,https://blog.naver.com/sophiachae0723/224301666386
229,domestic_travel,강릉,가볼만한 곳 BEST 5 중앙시장 월화거리,travel_spot,1,강원도 강릉 가볼만한 곳 BEST 5 중앙시장 월화거리 안목해변,https://blog.naver.com/sophiachae0723/224301666386
230,food,인천,가볼만한 귀여운 골목 안 감성 카페 길상면,cafe,1,"인천 가볼만한 귀여운 골목 안 감성 카페, 길상면 카페...",https://blog.naver.com/sayaka77900/224301798468
231,domestic_travel,인천,가볼만한 귀여운 골목 안 감성 카페 길상면,cafe,1,"인천 가볼만한 귀여운 골목 안 감성 카페, 길상면 카페...",https://blog.naver.com/sayaka77900/224301798468
232,domestic_travel,광주,가볼만한곳 6월 율봄식물원 수국 축제,attraction,1,[경기도 광주 가볼만한곳] 6월 율봄식물원 수국 축제 및 토마토...,https://blog.naver.com/dee7781/224301570916
233,domestic_travel,광주,가볼만한곳 6월 율봄식물원 수국 축제 및 토,attraction,1,[경기도 광주 가볼만한곳] 6월 율봄식물원 수국 축제 및 토마토...,https://blog.naver.com/dee7781/224301570916
234,domestic_travel,가평,가볼만한곳 가평 카페 양떼목장 놀거리 경기도,cafe,1,경기도 가평 가볼만한곳 가평 카페 양떼목장 놀거리...,https://blog.naver.com/overroad89/224298386666
235,domestic_travel,가평,가볼만한곳 가평 카페 양떼목장 놀거리 샤스타,cafe,1,경기도 가평 가볼만한곳 가평 카페 양떼목장 놀거리...,https://blog.naver.com/overroad89/224298386666
236,food,대구,가볼만한곳 대구간송미술관,attraction,1,"[대구 가볼만한곳 ] 대구간송미술관 상설전 예약 주차 정보, 가는...",https://blog.naver.com/happyfang-/224301591111
237,domestic_travel,대구,가볼만한곳 대구간송미술관,attraction,1,"[대구 가볼만한곳 ] 대구간송미술관 상설전 예약 주차 정보, 가는...",https://blog.naver.com/happyfang-/224301591111
238,food,대구,가볼만한곳 대구꽃박람회,attraction,1,대구 가볼만한곳 대구꽃박람회 엑스코 대구 데이트 코스 놀거리...,https://blog.naver.com/homibike/224301373762
239,domestic_travel,대구,가볼만한곳 대구꽃박람회,attraction,1,대구 가볼만한곳 대구꽃박람회 엑스코 대구 데이트 코스 놀거리...,https://blog.naver.com/homibike/224301373762
240,food,대구,가볼만한곳 대구꽃박람회 엑스코 대구 데이트,attraction,1,대구 가볼만한곳 대구꽃박람회 엑스코 대구 데이트 코스 놀거리...,https://blog.naver.com/homibike/224301373762
241,domestic_travel,대구,가볼만한곳 대구꽃박람회 엑스코 대구 데이트,attraction,1,대구 가볼만한곳 대구꽃박람회 엑스코 대구 데이트 코스 놀거리...,https://blog.naver.com/homibike/224301373762
242,domestic_travel,가평,가볼만한곳 베이커리 대형카페 가평레이크애비뉴,cafe,1,가평 가볼만한곳 베이커리 대형카페 가평레이크애비뉴 리버뷰...,https://blog.naver.com/sakura_hirahira/224300466826
243,domestic_travel,광주,가볼만한곳 화담숲 여름 수국 축제,attraction,1,[경기도 광주 가볼만한곳] 화담숲 여름 수국 축제 예매 및...,https://blog.naver.com/dee7781/224301546752
244,domestic_travel,광주,가볼만한곳 화담숲 여름 수국 축제 예매 및,attraction,1,[경기도 광주 가볼만한곳] 화담숲 여름 수국 축제 예매 및...,https://blog.naver.com/dee7781/224301546752
245,domestic_travel,부산,가볼만한축제,attraction,1,2026년 6월 가볼만한 축제 총정리! 여름 시작 전 꼭 가야 할 곳,https://blog.naver.com/mint_review/224287521186
246,food,성수,가브리살 보쌈과 성수 맛집 뚝섬 맛집 한식주,restaurant,1,"[ 서울 성수] 가브리살 보쌈과... 성수 맛집 , 뚝섬 맛집 , 한식주점...",https://blog.naver.com/leecw1106/224301004294
247,food,제주,가산 현지인 자체 랭킹 1위 고기 맛집,restaurant,1,가산 현지인 자체 랭킹 1위 고기 맛집|제주 탐하리,https://blog.naver.com/daffodils_0-0/224301671286
248,domestic_travel,제주,가산 현지인 자체 랭킹 1위 고기 맛집,restaurant,1,가산 현지인 자체 랭킹 1위 고기 맛집|제주 탐하리,https://blog.naver.com/daffodils_0-0/224301671286
249,domestic_travel,제주,가성비 리조트 켄싱턴리조트,travel_spot,1,"가성비 리조트! 켄싱턴리조트 제주한림, 제주도 가족 여행 숙소",https://blog.naver.com/travelnote77/224301787156
250,food,인천,가성비 맛집 정말 맛있는 인천 맛집 유튜브,restaurant,1,☀️인천 가성비 맛집 ! 정말 맛있는 인천 맛집 유튜브...,https://blog.naver.com/taeyangsnsgroup24/224300381904
251,domestic_travel,가평,가성비 숙소 감성 글램핑 펜션 가볼만한곳 추,travel_spot,1,가평 가성비 숙소 감성 글램핑 펜션 가볼만한곳 추천,https://blog.naver.com/beargobear/224298891545
252,food,종로,가성비 야장 맛집 밥도사술도사 내돈내산,restaurant,1,종로 가성비 야장 맛집 밥도사술도사 내돈내산 후기,https://blog.naver.com/mimizi_/224301559066
253,food,부산,가성비 여행의 정석 리순덕 호텔,travel_spot,1,부산 가성비 여행의 정석 리순덕 호텔 투숙 후기부터 츤데레...,https://blog.naver.com/alsdnd7464/224301508155
254,domestic_travel,부산,가성비 여행의 정석 리순덕 호텔,travel_spot,1,부산 가성비 여행의 정석 리순덕 호텔 투숙 후기부터 츤데레...,https://blog.naver.com/alsdnd7464/224301508155
255,food,강남,가성비 오마카세 맛집 스시도 총평 감히 자부,restaurant,1,강남 스시 오마카세 맛집 추천 가성비45000원 스시도,https://blog.naver.com/dw001221/224301734883
256,food,강남,가성비 칵테일바 실내데이트 Stay in 비,restaurant,1,강남 가성비 칵테일바 실내데이트 Stay in 비밀의 정원,https://blog.naver.com/skagusdl6354/224301649381
257,food,대전,가성비식당,restaurant,1,대전 맛집 쌍둥이수육국밥 월평선사점의 푸짐했던 식사후기,https://blog.naver.com/narara20000/224301704324
258,domestic_travel,대전,가성비식당,restaurant,1,대전 맛집 쌍둥이수육국밥 월평선사점의 푸짐했던 식사후기,https://blog.naver.com/narara20000/224301704324
259,food,수원,가성비와 감성을 동시에 잡은 감성커피,cafe,1,[수원 호매실 카페] 가성비와 감성을 동시에 잡은 '감성커피...,https://blog.naver.com/tarot_sinsu/224301395361
260,domestic_travel,부산,가성비호텔,travel_spot,1,"부산 김해공항 근처 호텔 추천, 신라스테이 서부산 장단점 총정리",https://blog.naver.com/goodfinds/224301792220
261,domestic_travel,제주,가성비호텔,travel_spot,1,제주 숙소 기록 — 제주 센트럴 시티 편리한 공항 이동과 시내...,https://blog.naver.com/journeegram/224301136785
262,domestic_travel,강릉,가오리찜 맛집 이모네 생선찜 내돈내산 리뷰,restaurant,1,강릉 가오리찜 맛집 이모네 생선찜 내돈내산 리뷰,https://blog.naver.com/spdhfh12/224301480350
263,domestic_travel,부산,가족 단체 여행 숙소 팔레드시즈 콘도 해운대,travel_spot,1,"부산 가족 단체 여행 숙소! 팔레드시즈 콘도, 해운대해수욕장...",https://blog.naver.com/travelnote77/224301818097
264,domestic_travel,가평,가족 여행 숙소치고 부담 덜한 편임 듀플렉스,travel_spot,1,고고다이노 키즈호텔 첫 단독 특가 52% 할인 32 → 14만...,https://blog.naver.com/bean_urse/224298476039
265,food,인천,가좌동 진천토종순대 맛집 순대국 맛집 그런,restaurant,1,인천 가좌동 진천토종순대 맛집 순대국 맛집,https://blog.naver.com/0110_oe/224301814085
266,food,대구,가창 맛집 가창 우리농장 낮술하러 방문,restaurant,1,"대구 가창 맛집 , 가창 우리농장 낮술하러 방문후기 ! (꼭 재방문...",https://blog.naver.com/namssi_cooking/224301798341
267,domestic_travel,대구,가창 맛집 가창 우리농장 낮술하러 방문,restaurant,1,"대구 가창 맛집 , 가창 우리농장 낮술하러 방문후기 ! (꼭 재방문...",https://blog.naver.com/namssi_cooking/224301798341
268,food,부산,가평아이랑호텔,travel_spot,1,가평아난티 무라타하우스 아이랑 가평 여행! (히노끼탕/수영장...,https://blog.naver.com/smk03011/224301869303
269,domestic_travel,부산,가평아이랑호텔,travel_spot,1,가평아난티 무라타하우스 아이랑 가평 여행! (히노끼탕/수영장...,https://blog.naver.com/smk03011/224301869303
270,food,대전,간짜장 맛집 을 찾고 있다면,restaurant,1,[대전 탑립동 맛집 ] 간짜장 맛집 찾는다면 왕궁중화요리,https://blog.naver.com/ssangkong65/224301061079
271,food,제주,갈치조림 맛집 제주도갈치조림 제주 갈치조림,restaurant,1,제주 갈치조림 맛집 제주도갈치조림 추천 애월 갈치바다 후기,https://blog.naver.com/gftravel/224301739365
272,domestic_travel,제주,갈치조림 맛집 제주도갈치조림 제주 갈치조림,restaurant,1,제주 갈치조림 맛집 제주도갈치조림 추천 애월 갈치바다 후기,https://blog.naver.com/gftravel/224301739365
273,food,대구,감삼역 호텔,travel_spot,1,대구 감삼역 호텔 파인트리 후기｜광장코아 야장거리 가기...,https://blog.naver.com/nareehim/224301492443
274,domestic_travel,대구,감삼역 호텔,travel_spot,1,대구 감삼역 호텔 파인트리 후기｜광장코아 야장거리 가기...,https://blog.naver.com/nareehim/224301492443
275,food,대구,감삼역 호텔 파인트리,travel_spot,1,대구 감삼역 호텔 파인트리 후기｜광장코아 야장거리 가기...,https://blog.naver.com/nareehim/224301492443
276,domestic_travel,대구,감삼역 호텔 파인트리,travel_spot,1,대구 감삼역 호텔 파인트리 후기｜광장코아 야장거리 가기...,https://blog.naver.com/nareehim/224301492443
277,food,제주,감성 가득한 올레시장 맛집 으로 유명하구나,restaurant,1,올레시장 맛집 바다어멍 서귀포올레시장본점 제주 통갈치...,https://blog.naver.com/ellyluv00/224301868363
278,domestic_travel,제주,감성 가득한 올레시장 맛집 으로 유명하구나,restaurant,1,올레시장 맛집 바다어멍 서귀포올레시장본점 제주 통갈치...,https://blog.naver.com/ellyluv00/224301868363
279,food,제주,감성 고기 흑돼지 맛집 찾기는 은근히 어렵잖,restaurant,1,[위례 맛집 추천 ] 도심 속에서 즐기는 제주 감성 고기...,https://blog.naver.com/loveinsoccer/224301701934
280,food,대전,감성까지 청주 당일치기 청주 키즈리조트,travel_spot,1,청주에서 애들이 제일 좋아했던 곳 물놀이부터 숙소 감성까지...,https://blog.naver.com/blacksepo1/224299334224
281,domestic_travel,대전,감성까지 청주 당일치기 청주 키즈리조트,travel_spot,1,청주에서 애들이 제일 좋아했던 곳 물놀이부터 숙소 감성까지...,https://blog.naver.com/blacksepo1/224299334224
282,domestic_travel,강릉,감성숙소 오뉴옥 느좋 한옥 스테이 침실도 두,travel_spot,1,[강릉 감성숙소] 오뉴옥: 느좋 한옥 스테이,https://blog.naver.com/osz88/224301742161
283,food,제주,감성커피,cafe,1,"제주 북카페 추천|조용한 분위기, 가성비까지 만족",https://blog.naver.com/xeong-g/224301675425
284,food,수원,감성커피,cafe,1,[수원 호매실 카페] 가성비와 감성을 동시에 잡은 '감성커피...,https://blog.naver.com/tarot_sinsu/224301395361
285,domestic_travel,대전,갑천생태호수공원 갑천생태호수공원,travel_spot,1,대전갑천생태호수공원,https://blog.naver.com/catcat_lee/224301796302
286,food,강남,강남구청역 한우 맛집 우천식육식당,restaurant,1,[ 맛집 ] 강남구청역 한우 맛집 우천식육식당 후기|투쁠 No.9...,https://blog.naver.com/ars970207/224301752743
287,domestic_travel,강릉,강릉 여행 에서 진짜 숨겨진 카페를 발,cafe,1,정동진오션뷰 / 삼각형 프레임 너머로 바다가 보이는 강릉 카페...,https://blog.naver.com/all7142/224301815400
288,food,인천,강릉해변메밀막국수,travel_spot,1,[식당 리뷰] 강릉해변메밀막국수 인천검단점 에서 물막국수...,https://blog.naver.com/pandorr/224301724885
289,domestic_travel,인천,강릉해변메밀막국수,travel_spot,1,[식당 리뷰] 강릉해변메밀막국수 인천검단점 에서 물막국수...,https://blog.naver.com/pandorr/224301724885
290,food,부산,강서구 한식 맛집 숨은 맛집 하이든대동 거,restaurant,1,부산 강서구 한식 맛집 숨은 맛집 하이든대동,https://blog.naver.com/aldiqls/224301801344
291,domestic_travel,부산,강서구호텔,travel_spot,1,"부산 김해공항 근처 호텔 추천, 신라스테이 서부산 장단점 총정리",https://blog.naver.com/goodfinds/224301792220
292,domestic_travel,강릉,거제옥포대첩축제,attraction,1,6월 국내 축제 추천 강릉단오제부터 자라섬 꽃 페스타까지,https://blog.naver.com/wise-owl/224300086813
293,food,제주,건물 두채여서 커피,cafe,1,"제주 한경면 카페, 3인칭 관찰자 시점",https://blog.naver.com/hspic/224301781022
294,domestic_travel,제주,건물 두채여서 커피,cafe,1,"제주 한경면 카페, 3인칭 관찰자 시점",https://blog.naver.com/hspic/224301781022
295,food,강남,게 느껴지는 고급스러운 솥밥 식당,restaurant,1,게 느껴지는 고급스러운 솥밥 식당 강남고속터미널 맛집 후기,https://blog.naver.com/peacedaily/224300775751
296,food,수원,게이샤커피,cafe,1,[수원 커피] 패터슨 커피: 행궁동 감성 제대로 느껴지는...,https://blog.naver.com/ssj2151/224296825797
297,food,강남,결기추천레스토랑,restaurant,1,[삼성동/코엑스 -오크우드 오크 레스토랑]9가지 무제한 와인과...,https://blog.naver.com/oktopblues/224300221407
298,domestic_travel,가평,경기도수국축제,attraction,1,5/30(토)~6/28(일) 수국 전시회 서울근교 당일치기 꽃구경,https://blog.naver.com/ohdori13/224299956293
299,domestic_travel,가평,경기도축제,attraction,1,2026 자라섬 꽃 페스타 꽃축제|일정 주차 할인 꿀팁,https://blog.naver.com/nizekk/224299703527
300,food,대구,경대북문 맛집 도토리원돈까스 내돈내산 솔직후,restaurant,1,{대구 경대북문 맛집 }도토리원돈까스 내돈내산 솔직후기...,https://blog.naver.com/lsov1013/224301807598
301,domestic_travel,대구,경대북문 맛집 도토리원돈까스 내돈내산 솔직후,restaurant,1,{대구 경대북문 맛집 }도토리원돈까스 내돈내산 솔직후기...,https://blog.naver.com/lsov1013/224301807598
302,domestic_travel,강릉,경포 해변을 자주감 KTX를 타고 1박하기,travel_spot,1,경제 기자 에피소드 #25,https://blog.naver.com/hazedew/224301751791
303,domestic_travel,강릉,경포&바다부채길 당일치기 기차 여행 주말 안,restaurant,1,[KTX] 강릉 경포와 바다부채길을 탐방하는 당일치기 여행기,https://blog.naver.com/minsu_seo4723/224301393408
304,domestic_travel,강릉,경포해변,travel_spot,1,[강릉 여행 ]경포대 일출 명소 명당 추천,https://blog.naver.com/guudle/224301399888
305,food,인천,계양 분위기 자연뷰 맛집 카페 오디와이 커피,cafe,1,인천 계양 분위기 자연뷰 맛집 카페 오디와이 커피,https://blog.naver.com/ghuns-/224301797756
306,domestic_travel,인천,계양 분위기 자연뷰 맛집 카페 오디와이 커피,cafe,1,인천 계양 분위기 자연뷰 맛집 카페 오디와이 커피,https://blog.naver.com/ghuns-/224301797756
307,food,광주,계정에 많이 올라오길래 궁금했던 다이닝,restaurant,1,광주 상무지구 뷔페 다이닝원 주말 내돈내산 솔직후기,https://blog.naver.com/didue_/224301810519
308,food,강남,고기,restaurant,1,강남 고기 회식 장소로 손색없는 석암생소금구이 신논현점...,https://blog.naver.com/kkckkc7834/224301817859
309,food,강남,고기 회식 장소로 손색없는 석암생소금구이 신,restaurant,1,강남 고기 회식 장소로 손색없는 석암생소금구이 신논현점...,https://blog.naver.com/kkckkc7834/224301817859
310,food,강남,고기 회식 장소로 입소문이 자자한 석암생소금,restaurant,1,강남 고기 회식 장소로 손색없는 석암생소금구이 신논현점...,https://blog.naver.com/kkckkc7834/224301817859
311,food,강남,고기가득덮밥,restaurant,1,점심 밥집 고기가득덮밥 강남구청역점 강남 혼밥 애견동반 맛집,https://blog.naver.com/azzossi_/224301787233
312,food,제주,고기국수,restaurant,1,답십리 맛집 ‘오소록’ 제주 고기국수 맛집추천,https://blog.naver.com/50lovely23/224301683044
313,domestic_travel,강릉,고기집,restaurant,1,[강릉 맛집 ] 강릉이정태수제갈... 터지는 현지인 추천 강릉 고기집,https://blog.naver.com/wntjddml1/224300312135
314,food,강남,고기집,restaurant,1,"[강남 고기집] 불판 없이 시원한 숙성 고기 맛집 , 도호",https://blog.naver.com/chohee1st/224301704781
315,food,제주,고기집,restaurant,1,수내역 맛집 고기집 제주몬트락 박포갈비와 톳냉면이 맛있는 곳,https://blog.naver.com/woochi92_31/224300806919
316,domestic_travel,제주,고기집,restaurant,1,수내역 맛집 고기집 제주몬트락 박포갈비와 톳냉면이 맛있는 곳,https://blog.naver.com/woochi92_31/224300806919
317,food,종로,고기집,restaurant,1,[백제정육점] 강민경 차돌박이 육회쌈 종로 고기집 웨이팅 후기...,https://blog.naver.com/yminang/224301761365
318,food,강남,고기집 불판 없이 시원한 숙성 고기 맛집 도,restaurant,1,"[강남 고기집] 불판 없이 시원한 숙성 고기 맛집 , 도호",https://blog.naver.com/chohee1st/224301704781
319,food,대구,고기집을 찾는다면 대봉교역 근처에 위치한 우,restaurant,1,"레시피를 완성시켜준 대구 수성구 신선 정육점 추천 , 우담정육점",https://blog.naver.com/drawingirls/224301818663
320,domestic_travel,대구,고기집을 찾는다면 대봉교역 근처에 위치한 우,restaurant,1,"레시피를 완성시켜준 대구 수성구 신선 정육점 추천 , 우담정육점",https://blog.naver.com/drawingirls/224301818663
321,domestic_travel,강릉,고래책방 북카페와 기념품샵 여행 의 강릉책방,cafe,1,강릉 여행 #12｜강릉 고래책방 북카페와 기념품샵 여행 의...,https://blog.naver.com/green_tea-/224301510436
322,domestic_travel,강릉,고민하다 고른 강릉 탑스텐 호텔,travel_spot,1,강릉 탑스텐 호텔 솔직후기,https://blog.naver.com/chj28266/224301828127
323,domestic_travel,강릉,고씨네 동해막국수 본점 강문해변,travel_spot,1,"강릉 고씨네 동해막국수 본점! 강문해변 맛집 , 아기도 애견...",https://blog.naver.com/nanine0516/224301566405
324,domestic_travel,강릉,고씨네 동해막국수 본점 강문해변 맛집 아기도,restaurant,1,"강릉 고씨네 동해막국수 본점! 강문해변 맛집 , 아기도 애견...",https://blog.naver.com/nanine0516/224301566405
325,food,수원,곡반정동 라멘 맛집 하카타식당,restaurant,1,수원 곡반정동 라멘 맛집 하카타식당 재방문 후기,https://blog.naver.com/vincent2gogh/224301862930
326,food,수원,곡반정동 라멘 맛집 하카타식당 재방문,restaurant,1,수원 곡반정동 라멘 맛집 하카타식당 재방문 후기,https://blog.naver.com/vincent2gogh/224301862930
327,domestic_travel,광주,곤지암리조트,travel_spot,1,[경기도 광주 가볼만한곳] 화담숲 여름 수국 축제 예매 및...,https://blog.naver.com/dee7781/224301546752
328,food,대구,골목 끝에서 만난 아늑함 탈린커피,cafe,1,[대구 남산동/카페] 골목 끝에서 만난 아늑함 '탈린커피바',https://blog.naver.com/bujson/224300168991
329,domestic_travel,대구,골목 끝에서 만난 아늑함 탈린커피,cafe,1,[대구 남산동/카페] 골목 끝에서 만난 아늑함 '탈린커피바',https://blog.naver.com/bujson/224300168991
330,food,종로,골뱅이 삼겹살 맛집 을 소개하려고 합니다 진,restaurant,1,[종로/을지로 맛집 ] 세운상가 노포 야장 진영이네 골뱅이 삼겹살,https://blog.naver.com/ekwjddl27/224301509839
331,food,강남,곰커피로스터스,cafe,1,‘커피볶는곰’|롯데백화점강남 근처 원두 맛집 추천,https://blog.naver.com/dailyarchivelab/224301846672
332,domestic_travel,강릉,곳도 볼 것도 많은 곳입니다 꼭 전시,attraction,1,"6월 강릉 전시회, 행사, 데이트코스 추천",https://blog.naver.com/bmw-mini_haslla/224301844414
333,food,종로,공공재커피,cafe,1,"안국역 카페 추천, 공공재 커피 클럽 내돈내산 후기｜북촌 감성...",https://blog.naver.com/bbangyi_/224301781479
334,domestic_travel,강릉,공장 방문 강릉 중앙시장,travel_spot,1,2026 강릉단오제 완벽 가이드|풀리니 단오다·프로그램·맛집...,https://blog.naver.com/tvstars23/224301596449
335,domestic_travel,부산,공주수국축제,attraction,1,6월 수국축제｜부산출발 공주 당일 여행 추천,https://blog.naver.com/hanatravel-busan/224301478020
336,food,제주,공항 근처 맛집 진한 국물이 일품인 신제주,restaurant,1,"제주 공항 근처 맛집 , 진한 국물이 일품인 신제주 보말칼국수...",https://blog.naver.com/kongkong_log/224301743920
337,domestic_travel,제주,공항근처호텔,travel_spot,1,제주 숙소 기록 — 제주 센트럴 시티 편리한 공항 이동과 시내...,https://blog.naver.com/journeegram/224301136785
338,food,제주,곽지해변,travel_spot,1,제주 곽지해수욕장 맛집 카페태희 피시앤칩스 후기! 과물노천탕...,https://blog.naver.com/22ing2/224301510151
339,domestic_travel,제주,곽지해변,travel_spot,1,제주 곽지해수욕장 맛집 카페태희 피시앤칩스 후기! 과물노천탕...,https://blog.naver.com/22ing2/224301510151
340,food,제주,곽지해수욕장 맛집 카페태희 피시앤칩스,cafe,1,제주 곽지해수욕장 맛집 카페태희 피시앤칩스 후기! 과물노천탕...,https://blog.naver.com/22ing2/224301510151
341,domestic_travel,제주,곽지해수욕장 맛집 카페태희 피시앤칩스,cafe,1,제주 곽지해수욕장 맛집 카페태희 피시앤칩스 후기! 과물노천탕...,https://blog.naver.com/22ing2/224301510151
342,domestic_travel,전주,관광호텔,travel_spot,1,전주 관광호텔 꽃심 (Jeonju tourist hotel) AGODA 아고다...,https://blog.naver.com/agoda_klook_/224301006268
343,domestic_travel,전주,관광호텔 꽃심 Jeonju tourist h,travel_spot,1,전주 관광호텔 꽃심 (Jeonju tourist hotel) AGODA 아고다...,https://blog.naver.com/agoda_klook_/224301006268
344,food,수원,광교 맛집 바다를 먹은 고등어 갤러리,attraction,1,[광교 맛집 ] 바다를 먹은 고등어 갤러리아백화점 광교점,https://blog.naver.com/sidero10/224301852891
345,food,부산,광안리 맛집 해장성지 아침식사 가능한 로컬,restaurant,1,부산 광안리 맛집 ! 해장성지 아침식사 가능한 로컬 밥집...,https://blog.naver.com/busanminae/224301859222
346,domestic_travel,부산,광안리 바다가 가장 대전,restaurant,1,6/12~14 제24회 광안리어방축제 — 부산 광안리 바다가 가장...,https://blog.naver.com/jiji090/224301769221
347,food,부산,광안리 베이커리,cafe,1,[ 광안리 베이커리 1티어 / 내돈내산 솔직후기 / 실타례...,https://blog.naver.com/byseouni/224301836398
348,domestic_travel,부산,광안리 베이커리,cafe,1,[ 광안리 베이커리 1티어 / 내돈내산 솔직후기 / 실타례...,https://blog.naver.com/byseouni/224301836398
349,food,부산,광안리 분식 맛집 광안리 해수욕장에 가기 전,restaurant,1,"부산 광안리 분식 맛집 , 광안리 해수욕장에 가기 전 가볍게...",https://blog.naver.com/momentary_0/224301736813
350,domestic_travel,부산,광안리 분식 맛집 광안리 해수욕장에 가기 전,restaurant,1,"부산 광안리 분식 맛집 , 광안리 해수욕장에 가기 전 가볍게...",https://blog.naver.com/momentary_0/224301736813
351,food,부산,광안리 세븐테마카페 실내동물원 아이랑 가볼만,cafe,1,부산 광안리 세븐테마카페 실내동물원 아이랑 가볼만한곳 ...,https://blog.naver.com/katie121212/224301800780
352,domestic_travel,부산,광안리 세븐테마카페 실내동물원 아이랑 가볼만,cafe,1,부산 광안리 세븐테마카페 실내동물원 아이랑 가볼만한곳 ...,https://blog.naver.com/katie121212/224301800780
353,food,부산,광안리 혼여 가성비 숙소 더뷰게스트,travel_spot,1,부산 광안리 혼여 가성비 숙소 더뷰게스트 내돈내산 4인실 4박...,https://blog.naver.com/sy1228532/224300801121
354,domestic_travel,부산,광안리 혼여 가성비 숙소 더뷰게스트,travel_spot,1,부산 광안리 혼여 가성비 숙소 더뷰게스트 내돈내산 4인실 4박...,https://blog.naver.com/sy1228532/224300801121
355,domestic_travel,부산,광안리어방축제,attraction,1,"광안리어방축제 2026 완벽 정리, 일정부터 프로그램, 꿀팁까지...",https://blog.naver.com/zzz-trucker/224300675929
356,food,부산,광안리오션뷰호텔,travel_spot,1,켄트호텔이 말아주는 26년 광안리 어방축제 정보,https://blog.naver.com/kenthotel_busan/224301826364
357,domestic_travel,부산,광안리오션뷰호텔,travel_spot,1,켄트호텔이 말아주는 26년 광안리 어방축제 정보,https://blog.naver.com/kenthotel_busan/224301826364
358,food,부산,광안리호텔,travel_spot,1,켄트호텔이 말아주는 26년 광안리 어방축제 정보,https://blog.naver.com/kenthotel_busan/224301826364
359,domestic_travel,부산,광안리호텔,travel_spot,1,켄트호텔이 말아주는 26년 광안리 어방축제 정보,https://blog.naver.com/kenthotel_busan/224301826364
360,domestic_travel,가평,광주정육식당,restaurant,1,정육점 WM 축산물센터 원미트 한우 특수부위 바베큐 여행 후기,https://blog.naver.com/somsatanggod/224299533091
361,food,대전,광천식당,restaurant,1,두쫀쿠는 스테디라고 믿는 사람의 5월 일상,https://blog.naver.com/jaeng2j/224301831537
362,food,종로,광화문 고깃집 화덕구이 가성비 맛집 광화로,restaurant,1,서울 종로 광화문 고깃집 화덕구이 가성비 맛집 광화로,https://blog.naver.com/yskimn/224300931577
363,food,종로,광화문 직장인 맛집 카페 렛잇비 청계천 데이,cafe,1,서울 종로 광화문 직장인 맛집 카페 렛잇비 청계천 데이트...,https://blog.naver.com/melodyline-/224301872128
364,food,종로,광화문 트러플짜장면이 유명한 중식 맛집 무탄,restaurant,1,서울 종로 광화문 트러플짜장면이 유명한 중식 맛집 [무탄],https://blog.naver.com/khn5171/224301027996
365,food,대구,교동 맛집 한빠 한식에 빠진 대구 시청 점심,restaurant,1,대구 교동 맛집 한빠 한식에 빠진 대구 시청 점심 맛집 추천,https://blog.naver.com/jiny_iwish/224301608309
366,domestic_travel,대구,교동 맛집 한빠 한식에 빠진 대구 시청 점심,restaurant,1,대구 교동 맛집 한빠 한식에 빠진 대구 시청 점심 맛집 추천,https://blog.naver.com/jiny_iwish/224301608309
367,food,대구,교동 백룸 라운지 교동칵테일바 교동라운지 힙,restaurant,1,[대구 교동 백룸 라운지] 교동칵테일바 교동라운지 힙한술집,https://blog.naver.com/sua__zip/224301618843
368,food,대구,교동 소주 안주로 어울리는 뭉티기 맛집 교뭉,restaurant,1,대구 교동 소주 안주로 어울리는 뭉티기 맛집 [교뭉집],https://blog.naver.com/realhi_/224301532921
369,domestic_travel,대구,교동 소주 안주로 어울리는 뭉티기 맛집 교뭉,restaurant,1,대구 교동 소주 안주로 어울리는 뭉티기 맛집 [교뭉집],https://blog.naver.com/realhi_/224301532921
370,food,대구,교동 조개구이 야장 맛집 남포 도심 한가운데,restaurant,1,대구 교동 조개구이 야장 맛집 남포,https://blog.naver.com/blossomtori/224301781818
371,food,대구,교동 피자 맛집 대구 교동 피자 맛집으로 호,restaurant,1,호보스피자 교동점대구 교동 피자 맛집,https://blog.naver.com/grace_baek/224301687607
372,domestic_travel,성수,국내 리조트,travel_spot,1,인천 송도 인스파이어 리조트 프로모션 빅 특가 스플래시 베이...,https://blog.naver.com/rud_gml/224301267430
373,domestic_travel,인천,국내 리조트,travel_spot,1,인천 송도 인스파이어 리조트 프로모션 빅 특가 스플래시 베이...,https://blog.naver.com/rud_gml/224301267430
374,domestic_travel,부산,국내 유일 고래 전문 박물관,attraction,1,2026 장생포 수국 페스티벌 완벽 정리|일정·무료입장...,https://blog.naver.com/haehyun_525/224301615170
375,domestic_travel,부산,국내꽃축제,attraction,1,6월 수국축제｜부산출발 공주 당일 여행 추천,https://blog.naver.com/hanatravel-busan/224301478020
376,domestic_travel,제주,국내꽃축제,attraction,1,굳이 멀리 안 가도 된다… 6월 초여름 국내 꽃길 여행 지 BEST5,https://blog.naver.com/grt0809/224300642999
377,food,인천,국내호텔,travel_spot,1,"[인천 영종도] 최고의 호캉스, 아이들과 가도 좋을 인천...",https://blog.naver.com/godjw486/224301703422
378,domestic_travel,인천,국내호텔,travel_spot,1,"[인천 영종도] 최고의 호캉스, 아이들과 가도 좋을 인천...",https://blog.naver.com/godjw486/224301703422
379,food,인천,국립세계문자박물관,attraction,1,아이와 인천 여행 3시간 코스|송도 국립세계문자박물관...,https://blog.naver.com/bepresentdaily/224296080741
380,domestic_travel,인천,국립세계문자박물관,attraction,1,아이와 인천 여행 3시간 코스|송도 국립세계문자박물관...,https://blog.naver.com/bepresentdaily/224296080741
381,domestic_travel,대전,국립중앙과학관 구경 후 대청호 장미축제가 오,attraction,1,대청호 장미축제는 지금 장미꽃들이 만개 중♡,https://blog.naver.com/angel79satan/224301819560
382,food,종로,국립현대미술관,attraction,1,"미술관 전시 감상 후 삼청동을 거닐다 찾은 맛집 , 삼청동 수제비",https://blog.naver.com/designerkim/224300480858
383,food,대구,그녀의커피,cafe,1,"우리동네빙수 맛집 ,그녀의커피이야기",https://blog.naver.com/nobel1331/224301710372
384,food,대전,그리고 이제 6월이다 이미 소문난 맛집,restaurant,1,대전여행✨️그리고 이제 6월이다!,https://blog.naver.com/dw_0214v/224301864700
385,domestic_travel,대전,근교 바다 여행 충남 서천 해수욕장 + 공원,restaurant,1,아이와 대전 근교 바다 여행 ! 충남 서천 해수욕장 + 공원 피크닉...,https://blog.naver.com/my_prayer_s2/224301723956
386,food,광주,근교 아기랑 곡성 섬진강 기차마을 장미축제,attraction,1,"광주 근교 아기랑 곡성 섬진강 기차마을 장미축제(수유실, 꿀팁)",https://blog.naver.com/orangejunkie/224301350256
387,domestic_travel,광주,근교 아기랑 곡성 섬진강 기차마을 장미축제,attraction,1,"광주 근교 아기랑 곡성 섬진강 기차마을 장미축제(수유실, 꿀팁)",https://blog.naver.com/orangejunkie/224301350256
388,domestic_travel,전주,근교 아이가 너무 좋아했던 갯벌체험 비인해변,travel_spot,1,전주 근교 아이가 너무 좋아했던 갯벌체험 비인해변에 다녀왔어요,https://blog.naver.com/dumbospizza/224301195259
389,domestic_travel,대구,근교 ATV 서바이벌 여기서 꼭 경험해야 할,restaurant,1,"대구 근교 ATV 서바이벌, 여기서 꼭 경험해야 할 3가지",https://blog.naver.com/cjdjjang3/224301294343
390,food,수원,근처 25년 전통 칼국수와 불낙지볶음 맛집,restaurant,1,[수원 수원역 맛집 ]... 근처 25년 전통 칼국수와 불낙지볶음 맛집,https://blog.naver.com/shindenggu/224301718862
391,food,인천,근처에 배달되는 곳도 별로 없어서 그냥 호텔,travel_spot,1,[영종도 호텔] 인천 5성급 호텔 네스트호텔 숙박 후기(스탠다드...,https://blog.naver.com/99leehy/224301517976
392,food,제주,근처에는 현지인이 자주 찾는 작은 식당,restaurant,1,제주 달가든하우스 예약 꿀팁과 실제 후기 공유,https://blog.naver.com/qxmdudic/224301059025
393,domestic_travel,제주,근처에는 현지인이 자주 찾는 작은 식당,restaurant,1,제주 달가든하우스 예약 꿀팁과 실제 후기 공유,https://blog.naver.com/qxmdudic/224301059025
394,food,대전,근현대사전시관 무료로 관람이 다양한 포토존이,attraction,1,대전 아이와 가볼만한 곳 추천! 대전근현대사전시관에서 만난...,https://blog.naver.com/e_eeee7/224301457316
395,domestic_travel,대전,근현대사전시관 무료로 관람이 다양한 포토존이,attraction,1,대전 아이와 가볼만한 곳 추천! 대전근현대사전시관에서 만난...,https://blog.naver.com/e_eeee7/224301457316
396,domestic_travel,가평,글램트리리조트,travel_spot,1,가평 글램트리 추천ㅣ숲속 호텔급 시설에 인피니티풀까지...,https://blog.naver.com/lynnda/224300447584
397,domestic_travel,가평,글램핑 온수풀 돔 구조 풀빌라 숙소 찾다가,travel_spot,1,"가평 글램핑 온수풀, 돔 구조 풀빌라 숙소 찾다가 여기서...",https://blog.naver.com/nowgo-/224300841681
398,domestic_travel,전주,글로스터 호텔,travel_spot,1,글로스터 호텔 전주 (Gloucester hotel) AGODA 아고다...,https://blog.naver.com/agoda_klook_/224300992783
399,domestic_travel,강릉,기곡해변,travel_spot,1,[강원도 여행 추천] 여름 여행 계획 바다요가 묵호 어달리 카페...,https://blog.naver.com/serendipity__0903/224301554572
400,food,강남,기념일 식당으로 적합 강남 분위기 좋은 오마,restaurant,1,스시 오마카세 맛집 스시도 디너 후기 강남 단체 모임 맛집 추천,https://blog.naver.com/sh676700/224301714283
401,food,대구,기념일식당,restaurant,1,대구 가성비 오마카세 캇포킨|생일기념방문|런치코스에 추천 ...,https://blog.naver.com/zxcun96724/224301716522
402,domestic_travel,대구,기념일식당,restaurant,1,대구 가성비 오마카세 캇포킨|생일기념방문|런치코스에 추천 ...,https://blog.naver.com/zxcun96724/224301716522
403,food,부산,기장 여행 오션뷰 카페 웨이브온 대나무 영화,cafe,1,부산 기장 여행 오션뷰 카페 웨이브온 대나무 영화 촬영지...,https://blog.naver.com/4729581/224301792300
404,domestic_travel,부산,기장 여행 오션뷰 카페 웨이브온 대나무 영화,cafe,1,부산 기장 여행 오션뷰 카페 웨이브온 대나무 영화 촬영지...,https://blog.naver.com/4729581/224301792300
405,food,부산,기장에는 맛있는 대게를 즐길 수 있는 맛집이,restaurant,1,부산 기장에서 즐기는 대게 여행 코스 와 맛집,https://blog.naver.com/xsxbteph2958/224295241486
406,food,제주,김지훈고기국수,restaurant,1,제주고기국수맛집 김지훈고기국수 제주본점,https://blog.naver.com/306_1203/224301145378
407,domestic_travel,제주,김지훈고기국수,restaurant,1,제주고기국수맛집 김지훈고기국수 제주본점,https://blog.naver.com/306_1203/224301145378
408,domestic_travel,부산,김해공항 근처 호텔,travel_spot,1,"부산 김해공항 근처 호텔 추천, 신라스테이 서부산 장단점 총정리",https://blog.naver.com/goodfinds/224301792220
409,domestic_travel,부산,김해공항근처호텔,travel_spot,1,"부산 김해공항 근처 호텔 추천, 신라스테이 서부산 장단점 총정리",https://blog.naver.com/goodfinds/224301792220
410,domestic_travel,부산,김해공항호텔,travel_spot,1,"부산 김해공항 근처 호텔 추천, 신라스테이 서부산 장단점 총정리",https://blog.naver.com/goodfinds/224301792220
411,food,부산,깡통시장,travel_spot,1,부산 남포동 부평깡통시장/60년광복동김치국수/시한폭탄 국수...,https://blog.naver.com/dmqlc1080/224301873826
412,domestic_travel,부산,깡통시장,travel_spot,1,부산 남포동 부평깡통시장/60년광복동김치국수/시한폭탄 국수...,https://blog.naver.com/dmqlc1080/224301873826
413,food,강남,꼼장어 맛집 짱이네 산곰장어에서 부산의,restaurant,1,"[올리맛지/강남] 강남꼼장어 맛집 , 짱이네 산곰장어에서 부산의...",https://blog.naver.com/gyfls2491/224301469915
414,food,부산,꽃돼지식당,restaurant,1,동래역 고기집 대창전골이 찐인 꽃돼지식당,https://blog.naver.com/chooonii/224301861612
415,domestic_travel,부산,꽃명소 대저생태공원,travel_spot,1,"부산 꽃명소 대저생태공원 버베나,6월 꽃구경 가볼만한곳",https://blog.naver.com/tomato0902/224301737783
416,domestic_travel,부산,꽃명소 대저생태공원 버베나 6월 꽃구경 가볼,travel_spot,1,"부산 꽃명소 대저생태공원 버베나,6월 꽃구경 가볼만한곳",https://blog.naver.com/tomato0902/224301737783
417,domestic_travel,가평,꽃축제 후기 입장료,attraction,1,2026 자라섬 꽃페스타 가평 꽃축제 후기 (입장료·주차...,https://blog.naver.com/mmmmbin/224300575415
418,domestic_travel,제주,꽃축제부터,attraction,1,"국내 6월 여행 지 추천 8곳, 꽃축제부터 제주 가족코스까지 한...",https://blog.naver.com/yhking119/224297580534
419,food,대구,나 식당,restaurant,1,대구 동구|갈만한 곳 동촌유원지 산책 피크닉 + 근처 맛집...,https://blog.naver.com/ziswo/224301600687
420,food,부산,나나 투니크 콜라보 카페 부산 오픈 MD부터,cafe,1,부산 나나 투니크 콜라보 카페 부산 오픈! MD부터...,https://blog.naver.com/hi_youm/224301789404
421,domestic_travel,부산,나나 투니크 콜라보 카페 부산 오픈 MD부터,cafe,1,부산 나나 투니크 콜라보 카페 부산 오픈! MD부터...,https://blog.naver.com/hi_youm/224301789404
422,food,종로,나만 알고 싶은 북카페 학사다방 솔직,cafe,1,"[ 서울/종로 ] 나만 알고 싶은 북카페, ‘학사다방’ 솔직 후기",https://blog.naver.com/dumboooo_/224301780993
423,food,광주,낙선재 남한산성 최고의 한정식 맛집 안,restaurant,1,[남한산성 맛집 /광주 맛집 /낙선재] 남한산성 최고의 한정식 맛집 ...,https://blog.naver.com/menumeeting/224301871897
424,food,종로,낙원 야장 고기 맛집 종로3가 흥지로스 서울,restaurant,1,[종로 낙원] 야장 고기 맛집 종로3가 흥지로스,https://blog.naver.com/sesangtambang/224301649204
425,food,광주,남구 봉선동 맛집 봉선동 양식 맛집 르시엘블,restaurant,1,[광주 남구 봉선동 맛집 ]봉선동 양식 맛집 :: ‘르시엘블루 ’...,https://blog.naver.com/runa000/224301786699
426,food,대구,남구 서부정류장 술집 맛집 대구 생골뱅이 전,restaurant,1,( 내돈내산 ) 대구 남구 서부정류장 술집 맛집 ‘대구 생골뱅이’...,https://blog.naver.com/tjsgp6345/224301849165
427,food,부산,남구 용호동고깃집 푸주인 용호점 용호동소고기,restaurant,1,[부산/남구] 용호동고깃집 푸주인 용호점,https://blog.naver.com/yjsrds556/224301573206
428,domestic_travel,부산,남구 용호동고깃집 푸주인 용호점 용호동소고기,restaurant,1,[부산/남구] 용호동고깃집 푸주인 용호점,https://blog.naver.com/yjsrds556/224301573206
429,food,부산,남구 W스퀘어 맛집,restaurant,1,[부산 남구 W스퀘어 맛집 ] 김씨화덕 내돈내산 솔직후기/ 만조...,https://blog.naver.com/rlo_ols/224301727993
430,food,부산,남구 W스퀘어 맛집 김씨화덕 내돈내산 솔직후,restaurant,1,[부산 남구 W스퀘어 맛집 ] 김씨화덕 내돈내산 솔직후기/ 만조...,https://blog.naver.com/rlo_ols/224301727993
431,domestic_travel,강릉,남다른 패티의 수제버거 강릉서부시장,travel_spot,1,"[강릉] 남다른 패티의 수제버거 강릉서부시장 맛집 , 피셔맨웍스",https://blog.naver.com/matzip100_/224301689943
432,domestic_travel,강릉,남다른 패티의 수제버거 강릉서부시장 맛집 피,restaurant,1,"[강릉] 남다른 패티의 수제버거 강릉서부시장 맛집 , 피셔맨웍스",https://blog.naver.com/matzip100_/224301689943
433,food,제주,남대문시장,travel_spot,1,남대문시장즉석떡볶이 김밥 제주시청점,https://blog.naver.com/goodgotjd/224299436312
434,domestic_travel,제주,남대문시장,travel_spot,1,남대문시장즉석떡볶이 김밥 제주시청점,https://blog.naver.com/goodgotjd/224299436312
435,food,수원,남문시장,travel_spot,1,우연히 찾은 프랑스 감성 베이커리 ( 내돈내산 솔직후기),https://blog.naver.com/flashyun/224301711433
436,domestic_travel,전주,남부시장,travel_spot,1,싱그러움과 전통이 가득한 6월 전주 가볼만한곳 5곳 & 필수...,https://blog.naver.com/bhy1468/224301797465
437,domestic_travel,전주,남부시장 을 더 알뜰하고 스마트하게 즐기는,travel_spot,1,[알뜰 쇼핑] 전통시장의 스마트한 변신! '온누리상품권...,https://blog.naver.com/wjswnekdma/224300211909
438,food,대구,남산동 카페 골목 끝에서 만난 아늑함 탈린커,cafe,1,[대구 남산동/카페] 골목 끝에서 만난 아늑함 '탈린커피바',https://blog.naver.com/bujson/224300168991
439,domestic_travel,대구,남산동 카페 골목 끝에서 만난 아늑함 탈린커,cafe,1,[대구 남산동/카페] 골목 끝에서 만난 아늑함 '탈린커피바',https://blog.naver.com/bujson/224300168991
440,domestic_travel,가평,남이섬 당일치기 2_카페 골든트리 버스 시간,cafe,1,가평역 버스 시간표 주차장 편의시설 정보 모두 확인,https://bluebeat.tistory.com/305
441,food,부산,남포동 부평깡통시장,travel_spot,1,부산 남포동 부평깡통시장/60년광복동김치국수/시한폭탄 국수...,https://blog.naver.com/dmqlc1080/224301873826
442,domestic_travel,부산,남포동 부평깡통시장,travel_spot,1,부산 남포동 부평깡통시장/60년광복동김치국수/시한폭탄 국수...,https://blog.naver.com/dmqlc1080/224301873826
443,food,부산,남포동 부평깡통시장 60년광복동김치국수 시한,travel_spot,1,부산 남포동 부평깡통시장/60년광복동김치국수/시한폭탄 국수...,https://blog.naver.com/dmqlc1080/224301873826
444,domestic_travel,부산,남포동 부평깡통시장 60년광복동김치국수 시한,travel_spot,1,부산 남포동 부평깡통시장/60년광복동김치국수/시한폭탄 국수...,https://blog.naver.com/dmqlc1080/224301873826
445,food,부산,낮에는 축제를 즐기고 저녁 에는 부산 바다,attraction,1,포트빌리지 부산 2026 일정부터 맛집 ·먹거리 부산...,https://blog.naver.com/pandamall1/224301848054
446,domestic_travel,부산,낮에는 축제를 즐기고 저녁 에는 부산 바다,attraction,1,포트빌리지 부산 2026 일정부터 맛집 ·먹거리 부산...,https://blog.naver.com/pandamall1/224301848054
447,food,제주,내돈내산 리뷰 맛있는 제주소고기 제주한우 맛,restaurant,1,야키니쿠제주 내돈내산 리뷰 맛있는 제주소고기 제주한우 맛집,https://blog.naver.com/meogeoping/224301807301
448,food,인천,내돈내산 선녀풍2호점 솔직 리뷰 영종도식당,restaurant,1,영종도 물회 맛집? 내돈내산 선녀풍2호점 솔직 리뷰,https://blog.naver.com/1619g/224295472768
449,domestic_travel,인천,내돈내산 선녀풍2호점 솔직 리뷰 영종도식당,restaurant,1,영종도 물회 맛집? 내돈내산 선녀풍2호점 솔직 리뷰,https://blog.naver.com/1619g/224295472768
450,food,성수,내돈내산 성수동의 대표 감자탕 맛집 성수동의,restaurant,1,[ 서울 /성수] 내돈내산 성수동의 대표 감자탕 맛집 ...,https://blog.naver.com/bbo_ah/224301677796
451,food,제주,내돈내산 애월 말그대로 해변,travel_spot,1,[제주도/애월] 애월 가성비 오션뷰 숙소 내돈내산 애월...,https://blog.naver.com/xeelyu/224301758356
452,domestic_travel,제주,내돈내산 애월 말그대로 해변,travel_spot,1,[제주도/애월] 애월 가성비 오션뷰 숙소 내돈내산 애월...,https://blog.naver.com/xeelyu/224301758356
453,food,인천,내돈내산 으로 작성한 솔직한 축제,attraction,1,[인천/동인천] 빈티지 보물찾기! '오슬로우 마켓' 축제 리얼...,https://blog.naver.com/longblack27/224301835165
454,domestic_travel,인천,내돈내산 으로 작성한 솔직한 축제,attraction,1,[인천/동인천] 빈티지 보물찾기! '오슬로우 마켓' 축제 리얼...,https://blog.naver.com/longblack27/224301835165
455,food,종로,내돈내산 종로야장 어디로 갈까 나는 국제시장,travel_spot,1,"[종로] 내돈내산, 종로야장 어디로 갈까 나는 ""국제시장 포차""",https://blog.naver.com/kahu9003/224298659460
456,food,인천,내돈내산맛집 송주불냉면 계산점 2단계 도전,restaurant,1,인천 내돈내산맛집 송주불냉면 계산점 2단계 도전 후기,https://blog.naver.com/xini_30/224301802469
457,domestic_travel,인천,내돈내산맛집 송주불냉면 계산점 2단계 도전,restaurant,1,인천 내돈내산맛집 송주불냉면 계산점 2단계 도전 후기,https://blog.naver.com/xini_30/224301802469
458,food,대전,내동 대패 맛집 조와따,restaurant,1,내동 대패삼겹살 맛집 조와따대패 술 무한리필 주차 내돈내산,https://blog.naver.com/faview/224301794635
459,food,수원,냉면 맛집 으로 알려진 곳답게 꾸준히 사람들,restaurant,1,여름 별미로 딱 칡냉면,https://blog.naver.com/yamyam_i/224301822372
460,food,제주,넘 좋아 내돈내산 2개 구입 코난해변,travel_spot,1,"[제주시] 제주시 근처 카페 모음 ;) 무상 찻집, 치크 포포, 아베베...",https://blog.naver.com/happy2sy_/224301830265
461,domestic_travel,제주,넘 좋아 내돈내산 2개 구입 코난해변,travel_spot,1,"[제주시] 제주시 근처 카페 모음 ;) 무상 찻집, 치크 포포, 아베베...",https://blog.naver.com/happy2sy_/224301830265
462,food,성수,네이버 플레이스 바로가기 +++ Turtle,restaurant,1,서울성수동 맛집 터틀힙 성수 생일 케이크로 추천하는 성수 핫플,https://blog.naver.com/wowhow112/224298515739
463,domestic_travel,성수,네이버 플레이스 바로가기 +++ Turtle,restaurant,1,서울성수동 맛집 터틀힙 성수 생일 케이크로 추천하는 성수 핫플,https://blog.naver.com/wowhow112/224298515739
464,domestic_travel,부산,노바호,restaurant,1,[대마도 여행] 대마도 당일치기 가능할까? 티엔티부산 노바호...,https://blog.naver.com/gmlsk77/224301419081
465,domestic_travel,부산,노바호 그래서 대마도 당일치기 를 호기롭게,restaurant,1,[대마도 여행] 대마도 당일치기 가능할까? 티엔티부산 노바호...,https://blog.naver.com/gmlsk77/224301419081
466,food,대구,노포감성 제대로인 칠성시작 연탄불고기 찐 맛,restaurant,1,대구 노포감성 제대로인 칠성시작 연탄불고기 찐 맛집 ...,https://blog.naver.com/kate_0522/224301578041
467,domestic_travel,대구,노포감성 제대로인 칠성시작 연탄불고기 찐 맛,restaurant,1,대구 노포감성 제대로인 칠성시작 연탄불고기 찐 맛집 ...,https://blog.naver.com/kate_0522/224301578041
468,food,종로,노포식당 느낌 만땅 간판이 크기 때문에 지나,restaurant,1,"서울 생갈비 맛집|종로 동묘갈비 한돈 생갈비, 삼겹살...",https://blog.naver.com/jjjeoming/224301042984
469,food,제주,노형 술집 유돈 제원노형점의 제주 야키토리,restaurant,1,유돈 제원노형점|제주 야키토리 이자카야 맛집 추천 솔직후기,https://blog.naver.com/yeoneo_1/224301874564
470,domestic_travel,제주,노형 술집 유돈 제원노형점의 제주 야키토리,restaurant,1,유돈 제원노형점|제주 야키토리 이자카야 맛집 추천 솔직후기,https://blog.naver.com/yeoneo_1/224301874564
471,food,제주,노형동 에그타르트 맛집 베이커블 내돈내산 후,restaurant,1,제주 노형동 에그타르트 맛집 베이커블 내돈내산 후기,https://blog.naver.com/kahj1318/224301713790
472,domestic_travel,가평,놀러 갔다가 레일바이크도 타고 왔어요,restaurant,1,"가평 레일바이크 후기, 온라인 예약 방법 및 소요시간 총정리!",https://blog.naver.com/onlyone3939/224296631733
473,food,인천,놀이공원,travel_spot,1,"인천 지하철 타고 떠나는 바다 감성 여행 , 월미도 여행 제대로...",https://blog.naver.com/richplacefestival/224296083070
474,domestic_travel,인천,놀이공원,travel_spot,1,"인천 지하철 타고 떠나는 바다 감성 여행 , 월미도 여행 제대로...",https://blog.naver.com/richplacefestival/224296083070
475,food,광주,놀이방식당,restaurant,1,"광주 아이랑 가기 좋은 캠핑바베큐, 헬로우텍사스 솔직후기",https://blog.naver.com/hamkke_haru/224301768952
476,domestic_travel,광주,놀이방식당,restaurant,1,"광주 아이랑 가기 좋은 캠핑바베큐, 헬로우텍사스 솔직후기",https://blog.naver.com/hamkke_haru/224301768952
477,domestic_travel,가평,농가식당,restaurant,1,2026 자라섬꽃페스타 방문 후기 바로마켓 가평점에서 전국...,https://blog.naver.com/heunggeuli/224300968585
478,domestic_travel,가평,농부시장,travel_spot,1,2026 자라섬꽃페스타 방문 후기 바로마켓 가평점에서 전국...,https://blog.naver.com/heunggeuli/224300968585
479,food,대전,뉴욕현대미술관 모마에서 본 앤디 워홀 대전시,attraction,1,"뉴욕현대미술관 모마에서 본 앤디 워홀, 대전시립미술관에서...",https://blog.naver.com/photograph35/224301844182
480,domestic_travel,대전,뉴욕현대미술관 모마에서 본 앤디 워홀 대전시,attraction,1,"뉴욕현대미술관 모마에서 본 앤디 워홀, 대전시립미술관에서...",https://blog.naver.com/photograph35/224301844182
481,domestic_travel,광주,는 매번 바뀌는데 이번에 전시,attraction,1,오월의 청춘 (보고 싶다),https://blog.naver.com/jeonhw0808/224301826067
482,food,부산,다 먹고 혼술바 가기,restaurant,1,봄이 지나_,https://blog.naver.com/bjyqwe/224301804326
483,food,대구,다사대실 속눈썹펌 맛집 자연스럽고 유지력 좋,restaurant,1,대구 다사대실 속눈썹펌 맛집 자연스럽고 유지력 좋은곳...,https://blog.naver.com/ssh_1047/224301862742
484,food,강남,단체 모임 맛집 강남 단체 회식 맛집 단체석,restaurant,1,스시 오마카세 맛집 스시도 디너 후기 강남 단체 모임 맛집 추천,https://blog.naver.com/sh676700/224301714283
485,food,종로,단체모임하기 딱 좋은 종각역 맛집 육석관 편,restaurant,1,"[ 서울 종로] 단체모임하기 딱 좋은, 종각역 맛집 육석관",https://blog.naver.com/eunnyberry_/224300899608
486,food,종로,단체배달 맛집 스시사소우 방문기 저는 새우쨈,restaurant,1,"[혜화] 대학로 맛집 , 종로 단체배달 맛집 ""스시사소우"" 방문기",https://blog.naver.com/berryjam0302/224301868433
487,food,종로,단체배달 맛집 스시사소우 방문기를 올리려고,restaurant,1,"[혜화] 대학로 맛집 , 종로 단체배달 맛집 ""스시사소우"" 방문기",https://blog.naver.com/berryjam0302/224301868433
488,food,대구,달서구 샤브샤브 맛집 으로 진짜 인기 만점이,restaurant,1,"편백찜 무한리필 ""샤브인정""|달서구 샤브샤브 맛집 가족모임 추천",https://blog.naver.com/lanchaelog/224301822740
489,food,대구,달서구 죽전네거리 브런치 카페 일루스터테이블,cafe,1,[대구 달서구] 죽전네거리 브런치 카페 일루스터테이블 본점...,https://blog.naver.com/dlehgus33/224301520366
490,food,대구,달서구 초복 맛집 홍이네대왕조개전골 조개삼계,restaurant,1,대구 달서구 초복 맛집 홍이네대왕조개전골 조개삼계탕과 100...,https://blog.naver.com/kkyj0070/224301794030
491,domestic_travel,대구,달서구 초복 맛집 홍이네대왕조개전골 조개삼계,restaurant,1,대구 달서구 초복 맛집 홍이네대왕조개전골 조개삼계탕과 100...,https://blog.naver.com/kkyj0070/224301794030
492,food,대구,달성공원,travel_spot,1,[ 국내여행 ] 대구 태능집 : 북성로불고기&우동,https://blog.naver.com/kkokkorun/224301652143
493,domestic_travel,대구,달성공원,travel_spot,1,[ 국내여행 ] 대구 태능집 : 북성로불고기&우동,https://blog.naver.com/kkokkorun/224301652143
494,food,종로,닭매운탕 맛집 오죽이네 서울 에 볼일이 있어,restaurant,1,종로 익선동 최자로드 맛집 오죽이네 닭매운탕 후기,https://blog.naver.com/goodday235/224300360020
495,food,광주,닭볶음탕 맛집 어쩌다토종닭 몸보신 딱이네,restaurant,1,광주 닭볶음탕 맛집 어쩌다토종닭 몸보신 딱이네~,https://blog.naver.com/jmjm0507ss/224301713475
496,domestic_travel,전주,당일치기 야무지게 놀고 갑니당 냉면맛집 또갈,restaurant,1,우린 언제나 우리이기를,https://blog.naver.com/roseof_sh_aron/224301604700
497,domestic_travel,가평,당일치기 정답 가평 아침고요수목원 수국축제,attraction,1,가평 당일치기 정답 가평 아침고요수목원 수국축제 잣두부정식...,https://blog.naver.com/minago_/224300304123
498,food,강남,대 축제,attraction,1,"안안녕하세요, 박수현입니다.",https://blog.naver.com/sssuuu_h/224301860349
499,food,부산,대 파스타 맛집 키노 가성비 끝판왕 양식당,restaurant,1,부산대 파스타 맛집 키노 가성비 끝판왕 양식당 모임 장소로 추천,https://blog.naver.com/dlagytls87/224301768886
500,domestic_travel,부산,대 파스타 맛집 키노 가성비 끝판왕 양식당,restaurant,1,부산대 파스타 맛집 키노 가성비 끝판왕 양식당 모임 장소로 추천,https://blog.naver.com/dlagytls87/224301768886
501,domestic_travel,인천,대공원,travel_spot,1,주말 가볼만한곳 인천대공원 장미원 실시간 개화 상황 그늘막...,https://blog.naver.com/heizin/224300663561
502,domestic_travel,부산,대마도 배편 노바호로 떠나는 알찬 여행 해외,restaurant,1,"일본만 부산 대마도 배편, 노바호로 떠나는 알찬 여행",https://blog.naver.com/darkchefs/224300813561
503,food,대구,대봉동 네일샵 살롱드더싹 웨딩네일 맛집 으로,restaurant,1,"살롱드더싹 ""|핑크자석젤리본네일 내돈내산 후기",https://blog.naver.com/z__sun/224301723596
504,domestic_travel,대구,대봉동 네일샵 살롱드더싹 웨딩네일 맛집 으로,restaurant,1,"살롱드더싹 ""|핑크자석젤리본네일 내돈내산 후기",https://blog.naver.com/z__sun/224301723596
505,domestic_travel,전주,대성동 오리주물럭 현지인 맛집 은행나무가든,restaurant,1,[전주 대성동] 오리주물럭 현지인 맛집 ‘은행나무가든’,https://blog.naver.com/fm100978/224301816936
506,domestic_travel,가평,대성리역 닭갈비 맛집 대성리 대가집 애견동반,restaurant,1,"[가평 대성리역 닭갈비 맛집] ""대성리 대가집"" 애견동반 가능한...",https://blog.naver.com/dmsgmleogns/224295868011
507,food,부산,대연동 소고기 맛집 평일에도 줄서는 삼부자황,restaurant,1,부산 대연동 소고기 맛집 평일에도 줄서는 삼부자황제갈비살...,https://blog.naver.com/twiggy19/224301854450
508,food,부산,대연점 동백전 못골시장에 장 보러 갈 때마다,travel_spot,1,"[내 돈 내산] 대연동 간식 추천 이 두부야 부산 대연점, 동백전...",https://blog.naver.com/mabin___/224301785543
509,domestic_travel,부산,대연점 동백전 못골시장에 장 보러 갈 때마다,travel_spot,1,"[내 돈 내산] 대연동 간식 추천 이 두부야 부산 대연점, 동백전...",https://blog.naver.com/mabin___/224301785543
510,food,대전,대전 도안동 고기 맛집 찾는다면 대전최,restaurant,1,[대전 맛집 ] 대전 도안동 고기 맛집 찾는다면? 대전최초...,https://blog.naver.com/pindabin/224301852318
511,domestic_travel,부산,대전중앙시장,travel_spot,1,대전이 이렇게 좋았어? 당일치기 여행 코스 Best5,https://blog.naver.com/whqufdl37/224301687117
512,domestic_travel,제주,대전중앙시장,travel_spot,1,대전이 이렇게 좋았어? 당일치기 여행 코스 Best5,https://blog.naver.com/whqufdl37/224301687117
513,domestic_travel,가평,대중교통 이동 팁 축제,attraction,1,자라섬 꽃축제 2026 지금 가도 될까? 일정·입장료·셔틀...,https://blog.naver.com/betterthanever0810/224298653145
514,food,부산,대창전골 맛집 추니컷 꽃돼지식당,restaurant,1,동래역 고기집 대창전골이 찐인 꽃돼지식당,https://blog.naver.com/chooonii/224301861612
515,food,대전,대청공원,travel_spot,1,"대청호 장미축제, 인기이유 후기",https://blog.naver.com/kkangpaetokkieeee/224301184821
516,domestic_travel,대전,대청공원,travel_spot,1,"대청호 장미축제, 인기이유 후기",https://blog.naver.com/kkangpaetokkieeee/224301184821
517,domestic_travel,대전,대청호 장미축제 매년 5월이 되면 사람들은,attraction,1,“ 서울 보다 덜 알려져 더 예쁜 대전 대청호 장미축제”,https://blog.naver.com/3050035/224295646828
518,domestic_travel,대전,대청호 장미축제 서울 보다 더 예쁜 비밀 여,attraction,1,“ 서울 보다 덜 알려져 더 예쁜 대전 대청호 장미축제”,https://blog.naver.com/3050035/224295646828
519,domestic_travel,대전,대청호 장미축제 서울 보다 덜 알려져 더 예,attraction,1,“ 서울 보다 덜 알려져 더 예쁜 대전 대청호 장미축제”,https://blog.naver.com/3050035/224295646828
520,food,대전,대청호반자연수변공원,travel_spot,1,대청호 장미축제 실시간 개화현황과 무료 주차 꿀팁 총정리,https://blog.naver.com/issueletter365/224301618826
521,domestic_travel,대전,대청호반자연수변공원,travel_spot,1,대청호 장미축제 실시간 개화현황과 무료 주차 꿀팁 총정리,https://blog.naver.com/issueletter365/224301618826
522,food,대전,대청호장미축제,attraction,1,대청호 장미축제 실시간 개화현황과 무료 주차 꿀팁 총정리,https://blog.naver.com/issueletter365/224301618826
523,domestic_travel,부산,대표 수국 성지 태종사 수국축제 부산에서 수,attraction,1,부울경 수국 명소 총정리 부산 태종사부터 거제 저구항·울산...,https://blog.naver.com/dlsgur234/224301143226
524,domestic_travel,가평,대표 수상레저 클럽워터 직영펜션에서 올여름,travel_spot,1,가평 직영펜션|CLUB WATER,https://blog.naver.com/clubwate/224295985764
525,domestic_travel,강릉,대표소금빵맛집 인솔트 베이커리,cafe,1,강릉대표소금빵맛집 / 인솔트 베이커리 포장 후기,https://blog.naver.com/baek3135/224301804920
526,food,종로,대학로 블루리본 맛집 호호식당 호호식당,restaurant,1,대학로 블루리본 맛집 '호호식당',https://blog.naver.com/artisttt824/224300806731
527,food,대전,대흥동 과일 한 가득 크레이프롤 맛집 올드하,restaurant,1,[대전] 대흥동 과일 한 가득 크레이프롤 맛집 ‘올드하우스’,https://blog.naver.com/doridori_min2/224301876461
528,food,인천,더반 파라다이스시티 호텔,travel_spot,1,인천 영종도 파라다이스시티 시그니처 조형물과 야외정원...,https://blog.naver.com/ssumuse/224301536821
529,domestic_travel,인천,더반 파라다이스시티 호텔,travel_spot,1,인천 영종도 파라다이스시티 시그니처 조형물과 야외정원...,https://blog.naver.com/ssumuse/224301536821
530,domestic_travel,제주,더본호텔,travel_spot,1,"꼬맹이를 맡기고 떠난 제주도 여행 , 다시 행복해질 용기를 얻다",https://blog.naver.com/step0110/224301673596
531,domestic_travel,전주,더하노이풋앤바디,restaurant,1,전주마사지 추천 “더하노이풋앤바디 전주에코시티점”스톤...,https://blog.naver.com/km02061/224301816573
532,food,성수,더현대서울 모찌모찌 팝업,popup,1,더현대서울 모찌모찌 팝업 디저트 기간 메뉴 가격 냉장보관,https://blog.naver.com/beaming_with_s/224301591725
533,domestic_travel,가평,더힐독채펜션 프라이빗 독채에서 즐긴 힐링 가,travel_spot,1,가평 더힐독채펜션 프라이빗 독채에서 즐긴 힐링 가족 여행,https://blog.naver.com/hse729/224299998889
534,domestic_travel,전주,덕진공원 공원 산책로를 따라 초여름 연꽃 나,travel_spot,1,2026 전북 가볼만한곳 6월 축제 BEST5 총정리!,https://blog.naver.com/lazy_comma_/224301701962
535,domestic_travel,전주,덕진공원 야경 산책 낮보단 밤이 아름답다 외,travel_spot,1,전주 덕진공원 야경 산책 낮보단 밤이 아름답다,https://blog.naver.com/yarn76/224301821831
536,food,강남,데바스테이트 늦은 밤에도 좋은 로스터리 커피,cafe,1,청담동카페 데바스테이트 늦은 밤에도 좋은 로스터리 커피 맛집,https://blog.naver.com/eianna00/224301879612
537,food,강남,데바스테이트 청담 로스터리 감성 가득한 커피,cafe,1,데바스테이트|청담 로스터리 감성 가득한 커피 맛집 후기,https://blog.naver.com/ellyluv00/224301877433
538,food,성수,데이릿 퓨전한식 맛집 데이트,restaurant,1,서울 성수 데이릿 퓨전한식 맛집 데이트 추천,https://blog.naver.com/gjekdud0155/224300487407
539,domestic_travel,성수,데이릿 퓨전한식 맛집 데이트,restaurant,1,서울 성수 데이릿 퓨전한식 맛집 데이트 추천,https://blog.naver.com/gjekdud0155/224300487407
540,food,종로,데이트 개나리아구찜 맛집 구운대창구이아구찜,restaurant,1,종로 데이트 개나리아구찜 맛집 구운대창구이아구찜 비주얼...,https://blog.naver.com/soso_common_day/224301571495
541,food,성수,데이트 한일상회 고기룸 토마스베이커리,cafe,1,성수동 맛집 카페 데이트 한일상회 고기룸 토마스베이커리...,https://blog.naver.com/monday-sunday-/224301525486
542,domestic_travel,성수,데이트 한일상회 고기룸 토마스베이커리,cafe,1,성수동 맛집 카페 데이트 한일상회 고기룸 토마스베이커리...,https://blog.naver.com/monday-sunday-/224301525486
543,food,광주,독도집광주공원,travel_spot,1,[광주동구 맛집 ]독도집... 해물에 한잔하기 좋은 충장로 노포 맛집,https://blog.naver.com/tngh6410/224301727740
544,domestic_travel,가평,독채펜션 까사스위스 가족여행,travel_spot,1,"가평 독채펜션 까사스위스 가족여행 후기｜수영장, 에어바운스...",https://blog.naver.com/walkinginthewinter/224301756697
545,food,부산,돌짜장 퍼시먼커피,cafe,1,창원 주남저수지 근처 여행 코스 추천｜돌짜장 퍼시먼커피...,https://blog.naver.com/flower_jiny/224296851066
546,domestic_travel,부산,돌짜장 퍼시먼커피,cafe,1,창원 주남저수지 근처 여행 코스 추천｜돌짜장 퍼시먼커피...,https://blog.naver.com/flower_jiny/224296851066
547,food,대전,둔산동 가츠비 돈까스 맛집 내돈내산 오늘은,restaurant,1,대전 둔산동 '가츠비' 돈까스 맛집 [ 내돈내산 ],https://blog.naver.com/yum-yumlife/224301787713
548,food,대전,둔산동 맛집 으로 소문난 서가앤쿡 시청역점,restaurant,1,둔산동 맛집 추천 대전 서가앤쿡 시청역점 폭립 솔직 후기,https://blog.naver.com/a840127/224301679509
549,domestic_travel,대전,둔산동 맛집 으로 소문난 서가앤쿡 시청역점,restaurant,1,둔산동 맛집 추천 대전 서가앤쿡 시청역점 폭립 솔직 후기,https://blog.naver.com/a840127/224301679509
550,food,대전,둔산동 맛집 하노이베트남쌀국수둔산본점 키워드,restaurant,1,하노이 베트남 쌀국수 둔산본점 아이랑 둔산동 맛집 내돈내산,https://blog.naver.com/munhui1106/224301717445
551,food,대전,둔산동 점심 맛집 가성비 좋은 훈제오리,restaurant,1,대전 맛집 둔산동 점심 맛집 가성비 좋은 훈제오리 점심특선...,https://blog.naver.com/luckeeee/224301821027
552,domestic_travel,대전,둔산동 점심 맛집 가성비 좋은 훈제오리,restaurant,1,대전 맛집 둔산동 점심 맛집 가성비 좋은 훈제오리 점심특선...,https://blog.naver.com/luckeeee/224301821027
553,food,대전,둔산동 훠궈 맛집 큰나무 대전 서구 둔산동,restaurant,1,"하이디라오 후유증 달래준 대전 둔산동 훠궈 맛집 , 큰나무...",https://blog.naver.com/szhixiu/224301759455
554,food,대구,뒤집어도 바로 대봉동에 위치한 방천시장,restaurant,1,"김광석거리 맛집 , 대봉동 생고기 맛있는 방천생고기",https://blog.naver.com/ym0in/224301868825
555,domestic_travel,대구,뒤집어도 바로 대봉동에 위치한 방천시장,restaurant,1,"김광석거리 맛집 , 대봉동 생고기 맛있는 방천생고기",https://blog.naver.com/ym0in/224301868825
556,food,제주,등 다양한 식당,restaurant,1,제주도 해비치 호텔 숙박 정보와 실용 가이드,https://blog.naver.com/loannl/224301868925
557,food,광주,디저트 맛있는 제주베어하우스 괜찮았다,cafe,1,"경기 광주 카페, 디저트 맛있는 “제주베어하우스”",https://blog.naver.com/mimlover91/224301867839
558,food,제주,디저트 맛집 대부분 그냥 포장만 가능하게 되,cafe,1,제주 노형동 에그타르트 맛집 베이커블 내돈내산 후기,https://blog.naver.com/kahj1318/224301713790
559,food,종로,디저트 맛집 아베베베이커리,cafe,1,종로 디저트 맛집 아베베베이커리 서울 (ABEBE BAKERY SEOUL)...,https://blog.naver.com/jamaenco/224301790249
560,food,종로,디저트 맛집 아베베베이커리 서울 ABEBE,cafe,1,종로 디저트 맛집 아베베베이커리 서울 (ABEBE BAKERY SEOUL)...,https://blog.naver.com/jamaenco/224301790249
561,food,대전,디저트 맛집 탈탈 털기 버터 베이크 샵 내돈,cafe,1,대전 디저트 맛집 탈탈 털기... 버터 베이크 샵 내돈내산 후기) ✨,https://blog.naver.com/oyd10004/224301760377
562,domestic_travel,대전,디저트 맛집 탈탈 털기 버터 베이크 샵 내돈,cafe,1,대전 디저트 맛집 탈탈 털기... 버터 베이크 샵 내돈내산 후기) ✨,https://blog.naver.com/oyd10004/224301760377
563,food,종로,디저트 맛집을 찾는다면 꼭 한번 들러 볼 만,cafe,1,종로 디저트 맛집 아베베베이커리 서울 (ABEBE BAKERY SEOUL)...,https://blog.naver.com/jamaenco/224301790249
564,food,성수,디저트 투어 오시는 분들은 참고해서 방문해보,cafe,1,"성수 디저트 추천, 과일 찹쌀떡 웨이팅 맛집 '한정선'",https://blog.naver.com/devsooki/224300633351
565,domestic_travel,성수,디저트 투어 오시는 분들은 참고해서 방문해보,cafe,1,"성수 디저트 추천, 과일 찹쌀떡 웨이팅 맛집 '한정선'",https://blog.naver.com/devsooki/224300633351
566,food,수원,또또또간집 행궁동 맛집 로우파이브,restaurant,1,"수원 또또또간집 행궁동 맛집 ""로우파이브"" 내돈내산 후기",https://blog.naver.com/beautifulyeonpurple/224301765033
567,food,성수,뚝도시장,travel_spot,1,성수 뚝도시장 서울맛집 내돈내산 후기,https://blog.naver.com/reviewkong/224300749417
568,domestic_travel,성수,뚝도시장,travel_spot,1,성수 뚝도시장 서울맛집 내돈내산 후기,https://blog.naver.com/reviewkong/224300749417
569,food,성수,뚝도시장 서울맛집 위치 성수 서울맛집 은 뚝,restaurant,1,성수 뚝도시장 서울맛집 내돈내산 후기,https://blog.naver.com/reviewkong/224300749417
570,domestic_travel,성수,뚝도시장 서울맛집 위치 성수 서울맛집 은 뚝,restaurant,1,성수 뚝도시장 서울맛집 내돈내산 후기,https://blog.naver.com/reviewkong/224300749417
571,food,성수,뚝도시장에 위치한 서울맛집 내돈내산 리뷰입니,restaurant,1,성수 뚝도시장 서울맛집 내돈내산 후기,https://blog.naver.com/reviewkong/224300749417
572,domestic_travel,성수,뚝도시장에 위치한 서울맛집 내돈내산 리뷰입니,restaurant,1,성수 뚝도시장 서울맛집 내돈내산 후기,https://blog.naver.com/reviewkong/224300749417
573,food,성수,뚝섬역 점심 맛집 이응 국밥,restaurant,1,성수 뚝섬역 점심 맛집 이응 국밥｜라멘 같은 국물에 밥...,https://blog.naver.com/s2in____wo/224301586047
574,domestic_travel,성수,뚝섬역 점심 맛집 이응 국밥,restaurant,1,성수 뚝섬역 점심 맛집 이응 국밥｜라멘 같은 국물에 밥...,https://blog.naver.com/s2in____wo/224301586047
575,food,대구,라떼 맛집 찾아 감,restaurant,1,5월은 푸르구나 우리들은 자란다,https://blog.naver.com/ksm1004goo/224301814555
576,domestic_travel,가평,라라키즈풀빌라 키즈펜션 C2 내돈내산,travel_spot,1,가평 라라키즈풀빌라 키즈펜션 C2 내돈내산 후기(두가족 여행 ...,https://blog.naver.com/soojeong_524/224299393730
577,food,성수,라멘,restaurant,1,서울 성수 라멘 맛집 멘츠루 내돈내산 후기,https://blog.naver.com/eunjin_95-/224301533801
578,domestic_travel,성수,라멘,restaurant,1,서울 성수 라멘 맛집 멘츠루 내돈내산 후기,https://blog.naver.com/eunjin_95-/224301533801
579,food,부산,라발스 호텔,travel_spot,1,부산 라발스 호텔 (Lavalse Hotel) AGODA 아고다 할인받기!!,https://blog.naver.com/gotrip2001/224301844079
580,domestic_travel,부산,라발스 호텔,travel_spot,1,부산 라발스 호텔 (Lavalse Hotel) AGODA 아고다 할인받기!!,https://blog.naver.com/gotrip2001/224301844079
581,food,부산,라발스 호텔 Lavalse Hotel AGO,travel_spot,1,부산 라발스 호텔 (Lavalse Hotel) AGODA 아고다 할인받기!!,https://blog.naver.com/gotrip2001/224301844079
582,domestic_travel,부산,라발스 호텔 Lavalse Hotel AGO,travel_spot,1,부산 라발스 호텔 (Lavalse Hotel) AGODA 아고다 할인받기!!,https://blog.naver.com/gotrip2001/224301844079
583,domestic_travel,가평,라벤더축제,attraction,1,서울 근교 라벤더 명소·축제 추천,https://blog.naver.com/trendtravel/224296638515
584,domestic_travel,가평,라벨르 스파 펜션 이용,travel_spot,1,가평 라벨르 스파 펜션 이용후기｜북한강 근처 감성 숙소,https://blog.naver.com/purier28/224301466660
585,domestic_travel,전주,라한 호텔,travel_spot,1,라한 호텔 전주 (Lahan Hotel Jeonju) AGODA 아고다...,https://blog.naver.com/agoda_klook_/224301000814
586,food,부산,레스토랑,restaurant,1,"부산 안락동 온천천카페거리 분위기 맛집 , 비스트로타마르 강추",https://blog.naver.com/hykslover0328/224301704035
587,domestic_travel,부산,레스토랑,restaurant,1,"부산 안락동 온천천카페거리 분위기 맛집 , 비스트로타마르 강추",https://blog.naver.com/hykslover0328/224301704035
588,food,수원,레스토랑,restaurant,1,[수원 행궁동 맛집 ]... 맛을 즐길 수 있는 쿼터스트리트 피자 맛집,https://blog.naver.com/shindenggu/224301694058
589,domestic_travel,전주,레스토랑,restaurant,1,전주 레스토랑 마노 후기,https://blog.naver.com/ljw95_/224301664929
590,food,성수,레스토랑,restaurant,1,성수동 감성 한식 다이닝 '아웃오브오더' 후기/성수역 맛집 추천,https://blog.naver.com/heyon979/224301568165
591,domestic_travel,성수,레스토랑,restaurant,1,성수동 감성 한식 다이닝 '아웃오브오더' 후기/성수역 맛집 추천,https://blog.naver.com/heyon979/224301568165
592,food,강남,레스토랑,restaurant,1,[아올] 강남 소개팅 맛집 강남 청첩장 모임 장소 추천 강남 맛집 ...,https://blog.naver.com/cotton_hotplace/224301535256
593,food,대구,레이어드 맛집 해피니언 범어w점 안녕하세요,restaurant,1,대구 레이어드 맛집 해피니언 범어w점,https://blog.naver.com/lifeforlain/224301858291
594,domestic_travel,가평,레일바이크,restaurant,1,"가평 레일바이크 후기, 온라인 예약 방법 및 소요시간 총정리!",https://blog.naver.com/onlyone3939/224296631733
595,domestic_travel,강릉,로 소문난 스테이인터뷰인데요 커피,cafe,1,정동진오션뷰 / 삼각형 프레임 너머로 바다가 보이는 강릉 카페...,https://blog.naver.com/all7142/224301815400
596,food,부산,로컬 맛집 집합소 조선시대부터 이어진 전통시,restaurant,1,국내신흥여행지 부산가볼만한곳 동래온천 온천장을 아시나요?,https://blog.naver.com/bintorynim/224301819331
597,domestic_travel,부산,로컬 맛집 집합소 조선시대부터 이어진 전통시,restaurant,1,국내신흥여행지 부산가볼만한곳 동래온천 온천장을 아시나요?,https://blog.naver.com/bintorynim/224301819331
598,food,성수,롬앤스토어 가챠 맛집 인 거 아시는 분 어째,popup,1,좋아하는 것들로 가득한 봄 일상⋆˚✿˖°,https://blog.naver.com/noeyusarchive/224301830589
599,food,인천,롯데백화점 5월 6월 팝업,popup,1,"인천 롯데백화점 5월 6월 팝업 모음 / 케이스티파이, slyfox...",https://blog.naver.com/coqocoqo/224301775474
600,food,인천,롯데백화점 팝업 구경다녀왔어요 당고네 5 2,popup,1,5월 마지막주 인천 롯데백화점 팝업 구경다녀왔어요,https://blog.naver.com/vview0702/224301516527
601,food,인천,루원시티중식당,restaurant,1,"루원시티 & 가정동 모임하기 좋은 중국집 추천, 천월반점...",https://blog.naver.com/ryongcham/224301873257
602,food,인천,룸식당,restaurant,1,인천 가족모임 장소 추천 ! 복요리 맛집 “이복집“ 석남점...,https://blog.naver.com/kimh_m/224301725213
603,food,강남,룸식당,restaurant,1,[강남/압구정로데오역] 보보식당 흑백요리사2 맛집 중식 압구정...,https://blog.naver.com/comatdragon/224301023720
604,domestic_travel,가평,르봉뺑 가평 빵집 가평 로컬빵집 가평 맛집추,restaurant,1,[경기/가평]르봉뺑:가평 빵집 가평 로컬빵집 가평 맛집추천 ...,https://blog.naver.com/congsssi/224301768878
605,food,부산,리순덕호텔,travel_spot,1,부산 가성비 여행의 정석 리순덕 호텔 투숙 후기부터 츤데레...,https://blog.naver.com/alsdnd7464/224301508155
606,domestic_travel,부산,리순덕호텔,travel_spot,1,부산 가성비 여행의 정석 리순덕 호텔 투숙 후기부터 츤데레...,https://blog.naver.com/alsdnd7464/224301508155
607,food,부산,마린시티 맛집 _ 참가자미_ 가자미회_ 광안,restaurant,1,부산/마린시티 맛집 _ 참가자미_ 가자미회_ 광안대교뷰 테라스...,https://blog.naver.com/pxxkjixxn/224301872115
608,food,대구,마지막으로 투어한 카페중에 커피,cafe,1,대구 중구 동인동 리오더 커피 한입 먹고 반해버린 찐 커피 맛집 ...,https://blog.naver.com/ds7646211/224301571851
609,food,대구,막창 맛집 중에서도 현지인들은 물론이고 타지,restaurant,1,대구 여행 맛집 진미막창 대구 3대 막창 감자막창 막쫀꾸 후기,https://blog.naver.com/ehsats/224301510689
610,domestic_travel,대구,막창 맛집 중에서도 현지인들은 물론이고 타지,restaurant,1,대구 여행 맛집 진미막창 대구 3대 막창 감자막창 막쫀꾸 후기,https://blog.naver.com/ehsats/224301510689
611,food,대전,만년동파스타,restaurant,1,대전 만년동파스타 맛집 기념일에 가기좋은 레스토랑 만보우노,https://blog.naver.com/aquarius37k/224301836256
612,food,대전,만년동파스타 맛집 기념일에 가기좋은 레스토랑,restaurant,1,대전 만년동파스타 맛집 기념일에 가기좋은 레스토랑 만보우노,https://blog.naver.com/aquarius37k/224301836256
613,food,부산,맛집이랑 광안리 밤바다까지,restaurant,1,부산 1박2일 뚜벅이 여행 후기｜광안리·이재모피자 웨이팅...,https://blog.naver.com/theumistudio/224299183217
614,domestic_travel,부산,맛집이랑 광안리 밤바다까지,restaurant,1,부산 1박2일 뚜벅이 여행 후기｜광안리·이재모피자 웨이팅...,https://blog.naver.com/theumistudio/224299183217
615,food,대구,맛집추천 점심,restaurant,1,"대구 송현동 맛집 , 부드러운 고기에 가족 외식하기 좋은 뼈구이...",https://blog.naver.com/ccongzzy/224301702098
616,domestic_travel,대구,맛집추천 점심,restaurant,1,"대구 송현동 맛집 , 부드러운 고기에 가족 외식하기 좋은 뼈구이...",https://blog.naver.com/ccongzzy/224301702098
617,food,수원,망포동 맛집 십년한우실비집 망포 한우모둠 망,restaurant,1,수원 망포동 맛집 십년한우실비집 망포 한우모둠,https://blog.naver.com/jiyu-/224301808714
618,food,수원,망포동 부먹인데 바삭바삭해 탕수육 맛집 금화,restaurant,1,[수원/망포동] 부먹인데 바삭바삭해? 탕수육 맛집 금화루,https://blog.naver.com/daily_mandung_2/224301844515
619,food,수원,망포동에서 진짜 맛있는 중식당이나 탕수육 맛,restaurant,1,[수원/망포동] 부먹인데 바삭바삭해? 탕수육 맛집 금화루,https://blog.naver.com/daily_mandung_2/224301844515
620,food,대전,매봉식당,restaurant,1,대전노포 맛집 법동 계족산 핫플 두부샌드위치 전골 맛집 ...,https://blog.naver.com/eksql_-/224301858776
621,food,성수,맥주박물관 타이동 야시장,attraction,1,"맥주박물관, 타이동 야시장까지 완벽 코스![칭다오 맛집 추천]",https://blog.naver.com/mymylord116/224301625772
622,domestic_travel,성수,맥주박물관 타이동 야시장,attraction,1,"맥주박물관, 타이동 야시장까지 완벽 코스![칭다오 맛집 추천]",https://blog.naver.com/mymylord116/224301625772
623,domestic_travel,인천,맨발로 걷는 팔미도 해변,travel_spot,1,"맨발로 걷는 팔미도 해변 — 도심에서 1시간, 몸과 마음이...",https://blog.naver.com/happyboat01/224297816938
624,food,광주,메타프로방스 개구리 생태공원,travel_spot,1,담양아이리니펜션/담양펜션/메타프로방스/개구리 생태공원,https://blog.naver.com/santorini-8/224301873504
625,domestic_travel,광주,메타프로방스 개구리 생태공원,travel_spot,1,담양아이리니펜션/담양펜션/메타프로방스/개구리 생태공원,https://blog.naver.com/santorini-8/224301873504
626,food,대구,명덕역 카페 빙수 맛집 평소에 배달로 자주,cafe,1,빙고래 대구대명점|대구 명덕역 카페 빙수 맛집,https://blog.naver.com/seyom__/224301876245
627,food,제주,명란스낵동문시장,travel_spot,1,제주 동문시장 맛집 명란스낵 3박 4일 먹은 음식 중 TOP3였던...,https://blog.naver.com/bomiomi/224301771708
628,domestic_travel,제주,명란스낵동문시장,travel_spot,1,제주 동문시장 맛집 명란스낵 3박 4일 먹은 음식 중 TOP3였던...,https://blog.naver.com/bomiomi/224301771708
629,food,대구,모임하기 좋은 북구청역 맛집 안녕하세요 대구,restaurant,1,고성동 삼겹살 상록회관 연탄구이 대구 모임하기 좋은...,https://blog.naver.com/bluebell0118/224301479686
630,food,종로,목살 맛집 숙달돼지 종각에서 프리미엄 삼겹살,restaurant,1,종로 목살 맛집 숙달돼지 종각에서 프리미엄 삼겹살 경험,https://blog.naver.com/sonia161203/224301867936
631,food,종로,목살 맛집 숙달돼지 종각점 주소 서울 종로구,restaurant,1,종로 목살 맛집 숙달돼지 종각에서 프리미엄 삼겹살 경험,https://blog.naver.com/sonia161203/224301867936
632,food,종로,목살 맛집 찾는 분들은 꼭 한번 가보셔야 할,restaurant,1,종로 목살 맛집 숙달돼지 종각에서 프리미엄 삼겹살 경험,https://blog.naver.com/sonia161203/224301867936
633,food,제주,목장 카페 아침미소목장 가족 여행 강추,cafe,1,"제주 목장 카페 아침미소목장, 가족 여행 강추 후기(아이 있는...",https://blog.naver.com/suji397/224301772815
634,domestic_travel,제주,목장 카페 아침미소목장 가족 여행 강추,cafe,1,"제주 목장 카페 아침미소목장, 가족 여행 강추 후기(아이 있는...",https://blog.naver.com/suji397/224301772815
635,food,광주,목포 근교 나들이 고민 끝 영암 카페 마실,cafe,1,"광주 목포 근교 나들이 고민 끝 영암 카페 마실, 아이랑 가도...",https://blog.naver.com/jinpurplejin/224300658747
636,domestic_travel,광주,목포 근교 나들이 고민 끝 영암 카페 마실,cafe,1,"광주 목포 근교 나들이 고민 끝 영암 카페 마실, 아이랑 가도...",https://blog.naver.com/jinpurplejin/224300658747
637,food,대구,몽글몽글한 순두부 들안길 맛집 진가네순두부보,restaurant,1,대구 몽글몽글한 순두부 들안길 맛집 진가네순두부보쌈 들안길...,https://blog.naver.com/cap_hong/224301750344
638,food,광주,무등산 증심사 산책로 포레스트 뷰 미술관,attraction,1,무등산 증심사 산책로 포레스트 뷰 미술관 춘설차 춘설빵 후기...,https://blog.naver.com/cangchichi/224301854445
639,domestic_travel,광주,무등산 증심사 산책로 포레스트 뷰 미술관,attraction,1,무등산 증심사 산책로 포레스트 뷰 미술관 춘설차 춘설빵 후기...,https://blog.naver.com/cangchichi/224301854445
640,domestic_travel,부산,무료입장 장생포고래박물관,attraction,1,2026 장생포 수국 페스티벌 완벽 정리|일정·무료입장...,https://blog.naver.com/haehyun_525/224301615170
641,domestic_travel,전주,무료축제,attraction,1,전주 한옥마을의 푸른 밤천년의 역사를 걷는 2026...,https://blog.naver.com/awesome0254/224300403420
642,domestic_travel,인천,무의도를 찾았습니다 강아지와 함께 바다를 보,restaurant,1,"서울근교 산책 명소, 무의도 하나개해수욕장 / 해상관광탐방로...",https://blog.naver.com/jolie_coeur/224295872427
643,food,대전,문화동커피,cafe,1,대전 문화동커피 맛집 스페셜티 카페 베타니아,https://blog.naver.com/mallanglab/224301868009
644,food,대전,문화동커피 맛집 스페셜티 카페 베타니아 대전,cafe,1,대전 문화동커피 맛집 스페셜티 카페 베타니아,https://blog.naver.com/mallanglab/224301868009
645,domestic_travel,대구,문화예술회관 미술관,attraction,1,대구문화예술회관 미술관,https://blog.naver.com/nadoomom81/224301815207
646,domestic_travel,대구,문화예술회관 미술관 작품 전시,attraction,1,대구문화예술회관 미술관,https://blog.naver.com/nadoomom81/224301815207
647,domestic_travel,전주,물빛커피,cafe,1,아산 외암마을 야행 — 조선시대 밤마실로 떠나는 특별한 하룻밤,https://blog.naver.com/victory0133/224301499285
648,domestic_travel,전주,물짜장 맛집 대보장 물짜장+짬뽕,restaurant,1,전주의 딸이 추천한 전주 물짜장 맛집 대보장|물짜장+짬뽕 후기,https://blog.naver.com/neon32510/224293946203
649,domestic_travel,가평,물회 해오름수산 현리 현지인 맛집 나도 가봄,restaurant,1,가평 물회 해오름수산 현리 현지인 맛집 나도 가봄,https://blog.naver.com/ww4953/224301197037
650,food,광주,미술관,attraction,1,무등산 증심사 산책로 포레스트 뷰 미술관 춘설차 춘설빵 후기...,https://blog.naver.com/cangchichi/224301854445
651,domestic_travel,광주,미술관,attraction,1,무등산 증심사 산책로 포레스트 뷰 미술관 춘설차 춘설빵 후기...,https://blog.naver.com/cangchichi/224301854445
652,food,부산,미술관,attraction,1,부산 원도심 전시 추천 : 금고 속에서 마주한 푸른 빛의 서사...,https://blog.naver.com/selbashyuk/224301163074
653,domestic_travel,부산,미술관,attraction,1,부산 원도심 전시 추천 : 금고 속에서 마주한 푸른 빛의 서사...,https://blog.naver.com/selbashyuk/224301163074
654,domestic_travel,가평,미유풀빌라앤스파펜션 평화막국수 레트로풍 인테,travel_spot,1,"[가평 미유풀빌라앤스파펜션, 평화막국수] 레트로풍 인테리어...",https://blog.naver.com/cebin99999/224301285892
655,food,인천,미추홀구 맛집 풍년미가 게장정식 주안직영점,restaurant,1,인천 미추홀구 맛집 풍년미가 게장정식 주안직영점 가성비 좋고...,https://blog.naver.com/gihaebba/224301804137
656,food,대전,민물장어 맛집 남촌민물장어 내돈내산 찐,restaurant,1,대전 민물장어 맛집 남촌민물장어 내돈내산 찐 후기,https://blog.naver.com/los2ve_hui/224301742433
657,domestic_travel,가평,민박 찾는다면 계곡 바로 앞 촌캉스 숙소 호,restaurant,1,가평 민박 찾는다면 계곡 바로 앞 촌캉스 숙소 호두나무민박 후기,https://blog.naver.com/dys99189/224300489919
658,domestic_travel,부산,바다 여행 느낌이 더 강해집니다 2 이기대,restaurant,1,해맞이공원 수국 명소 다녀왔어요. 바다 뷰까지 예쁜 여름꽃 여행,https://blog.naver.com/lkm8061/224301625905
659,food,제주,바다 풍경은 이곳에서 식사하는 모든,restaurant,1,서귀포중문본점 구석집: 제주 중문 맛집 찾아가본 후기!,https://blog.naver.com/gpfuswjs0827/224301803513
660,domestic_travel,제주,바다 풍경은 이곳에서 식사하는 모든,restaurant,1,서귀포중문본점 구석집: 제주 중문 맛집 찾아가본 후기!,https://blog.naver.com/gpfuswjs0827/224301803513
661,domestic_travel,인천,바다가는달,restaurant,1,바다가는달 인천바다피크닉 아이와 영종도가볼만한곳 추천,https://blog.naver.com/hyein1229/224298498713
662,domestic_travel,강릉,바다를 즐겼는데요 소요시간이 길지 않아 당일,restaurant,1,강릉역 기차시간표 노선 요금 예매 정보안내,https://lefthusband.tistory.com/620
663,food,제주,바람을 맞으며 해변을 산책하기에 최적화된 동,restaurant,1,제주짬뽕맛집 바당반점 해물간짬뽕과 미니톳 탕수육까지...,https://blog.naver.com/chichi-3-/224301845797
664,domestic_travel,제주,바람을 맞으며 해변을 산책하기에 최적화된 동,restaurant,1,제주짬뽕맛집 바당반점 해물간짬뽕과 미니톳 탕수육까지...,https://blog.naver.com/chichi-3-/224301845797
665,domestic_travel,가평,바로마켓,restaurant,1,2026 자라섬꽃페스타 방문 후기 바로마켓 가평점에서 전국...,https://blog.naver.com/heunggeuli/224300968585
666,food,강남,바스버거,restaurant,1,강남역 점심 데이트장소로 추천하는 바스버거 강남삼성타운점,https://blog.naver.com/namju0504/224301617271
667,domestic_travel,대구,박물관,attraction,1,대구 동구 아이랑 섬유박물관,https://blog.naver.com/dlqmsia/224301835460
668,domestic_travel,인천,박물관,attraction,1,시흥 곤충박물관 벅스리움 예약없이,https://blog.naver.com/whdmsdud13/224301776462
669,food,대구,반고개 무침회 골목 맛집 고르기 전 꼭 볼,restaurant,1,대구 반고개 무침회 골목 맛집 고르기 전 꼭 볼 포인트 5가지,https://blog.naver.com/kim6352p/224301867964
670,food,대구,반고개 무침회 골목 맛집 을 고를 때 보면,restaurant,1,대구 반고개 무침회 골목 맛집 고르기 전 꼭 볼 포인트 5가지,https://blog.naver.com/kim6352p/224301867964
671,food,대구,반월당 스시 맛집 더현대 스시준,restaurant,1,대구 반월당 스시 맛집 더현대 스시준~ 14년 단골 맛집 !,https://blog.naver.com/jaenacon79/224301878341
672,food,대전,반찬식당,restaurant,1,대전 맛집 반찬식당 보문산 두부두루치기 메뉴추천,https://blog.naver.com/0123shop/224297148245
673,domestic_travel,대전,반찬식당,restaurant,1,대전 맛집 반찬식당 보문산 두부두루치기 메뉴추천,https://blog.naver.com/0123shop/224297148245
674,food,부산,밤바다,restaurant,1,광안리 드론쇼 후기 부산 밤바다 감성 제대로!!후회없는 방문,https://blog.naver.com/wnfusdl2232/224300280862
675,domestic_travel,부산,밤바다,restaurant,1,광안리 드론쇼 후기 부산 밤바다 감성 제대로!!후회없는 방문,https://blog.naver.com/wnfusdl2232/224300280862
676,food,부산,밤바다 감성 제대로 후회없는 방문 부산 여행,restaurant,1,광안리 드론쇼 후기 부산 밤바다 감성 제대로!!후회없는 방문,https://blog.naver.com/wnfusdl2232/224300280862
677,domestic_travel,부산,밤바다 감성 제대로 후회없는 방문 부산 여행,restaurant,1,광안리 드론쇼 후기 부산 밤바다 감성 제대로!!후회없는 방문,https://blog.naver.com/wnfusdl2232/224300280862
678,food,제주,방어회 먹고 바로 제주 동문시장 야시장,restaurant,1,제주 동문시장 야시장 8번 출구 후기! 딱새우회·방어회 먹고...,https://blog.naver.com/22ing2/224301850927
679,domestic_travel,제주,방어회 먹고 바로 제주 동문시장 야시장,restaurant,1,제주 동문시장 야시장 8번 출구 후기! 딱새우회·방어회 먹고...,https://blog.naver.com/22ing2/224301850927
680,food,대구,방촌동 삼겹살 맛집 솥뚜껑에 구워먹는 고기,restaurant,1,대구 방촌동 삼겹살 맛집 솥뚜껑에 구워먹는 고기 한 판 '일행...,https://blog.naver.com/alsyd2018/224300352932
681,food,대구,방촌동 삼겹살 맛집 을 찾으며 검색하다가 찾,restaurant,1,대구 방촌동 삼겹살 맛집 솥뚜껑에 구워먹는 고기 한 판 '일행...,https://blog.naver.com/alsyd2018/224300352932
682,domestic_travel,전주,배달 맛집 전주제면소 하가지구 냉면 맛집 리,restaurant,1,전주제면소 전주 배달 맛집 하가지구 냉면 추천,https://blog.naver.com/iisldkqwlke/224301863097
683,food,광주,백운동 카페 찾는다면 백운커피,cafe,1,백운동 카페 찾는다면 백운커피 백운본점 솔직후기.,https://blog.naver.com/dntjsgp/224300920890
684,domestic_travel,광주,백운동 카페 찾는다면 백운커피,cafe,1,백운동 카페 찾는다면 백운커피 백운본점 솔직후기.,https://blog.naver.com/dntjsgp/224300920890
685,food,광주,백운커피,cafe,1,백운동 카페 찾는다면 백운커피 백운본점 솔직후기.,https://blog.naver.com/dntjsgp/224300920890
686,domestic_travel,광주,백운커피,cafe,1,백운동 카페 찾는다면 백운커피 백운본점 솔직후기.,https://blog.naver.com/dntjsgp/224300920890
687,domestic_travel,가평,버스킹축제,attraction,1,[자라섬 축제] 서울 근교 꽃구경 추천 자라섬 꽃 페스타 2026...,https://blog.naver.com/puri119/224299698947
688,food,대구,범물본가국수 잔치국수 식당,restaurant,1,"범물본가국수,잔치국수 식당 후기",https://blog.naver.com/sweet_dreams87/224301776742
689,food,대구,범어동 맛집 수제버거 아이랑 가기 좋은 다운,restaurant,1,대구 범어동 맛집 수제버거 아이랑 가기 좋은 다운타우너,https://blog.naver.com/sodalited/224301576826
690,domestic_travel,대구,범어동 맛집 수제버거 아이랑 가기 좋은 다운,restaurant,1,대구 범어동 맛집 수제버거 아이랑 가기 좋은 다운타우너,https://blog.naver.com/sodalited/224301576826
691,food,부산,범어사근처식당,restaurant,1,부산청룡동 맛집 범어사근처 콩국수 찹쌀떡 산미고금,https://blog.naver.com/cjf4902/224301809272
692,food,대구,법원 맛집 직장인 맛집 하루우동 대구범어점,restaurant,1,대구 법원 맛집 직장인 맛집 하루우동 대구범어점 추천 후기,https://blog.naver.com/yasigol0328/224301790530
693,domestic_travel,대구,법원 맛집 직장인 맛집 하루우동 대구범어점,restaurant,1,대구 법원 맛집 직장인 맛집 하루우동 대구범어점 추천 후기,https://blog.naver.com/yasigol0328/224301790530
694,food,대구,베트남 음식 맛집 은 생각보다 개개인의 개성,restaurant,1,칠성동 맛집 칠성시장 근처 쌀국수집 왓타타이 내돈내산 리뷰,https://blog.naver.com/operation-car/224301843213
695,domestic_travel,대구,베트남 음식 맛집 은 생각보다 개개인의 개성,restaurant,1,칠성동 맛집 칠성시장 근처 쌀국수집 왓타타이 내돈내산 리뷰,https://blog.naver.com/operation-car/224301843213
696,domestic_travel,가평,별빛축제,attraction,1,인생샷 보장! 아침고요수목원 오색별빛정원전 방문기,https://blog.naver.com/sean0078/224297728288
697,domestic_travel,강릉,보령머드축제,attraction,1,축제 공화국 대한민국…주말마다 떠나도 23년이 걸린다,https://blog.naver.com/point3414/224301686151
698,food,대전,복수동 맛집 소개해드립니다 1인분에 무려 3,restaurant,1,대전 복수동 맛집 추천 혜자였던 국내산 한돈 다원석갈비,https://blog.naver.com/bomnalunni/224301676118
699,food,대구,본리동 신상카페 바토플루이르 베이크하우스 바,cafe,1,대구 본리동 신상카페 바토플루이르 베이크하우스,https://blog.naver.com/warinthebed/224301549813
700,food,광주,봉선 봉선동 맛집 & 점심 밥집 찾는다면 양,restaurant,1,[광주/봉선] 봉선동 맛집 & 점심 밥집 찾는다면 '양념게장까지...,https://blog.naver.com/aesthetics_of_wait/224301857166
701,food,광주,봉선동 맛집 고향보쌈칼국수 봉선점 방문,restaurant,1,[용로그] 광주 봉선동 맛집 고향보쌈칼국수 봉선점 방문,https://blog.naver.com/lilux-/224301528756
702,domestic_travel,광주,봉선동 맛집 고향보쌈칼국수 봉선점 방문,restaurant,1,[용로그] 광주 봉선동 맛집 고향보쌈칼국수 봉선점 방문,https://blog.naver.com/lilux-/224301528756
703,food,강남,부대찌개 맛집 서초 부대찌개 부찌남 부대찌개,restaurant,1,신논현역 부대찌개 맛집 부찌남 후기! 웨이팅도 감수하게...,https://blog.naver.com/parkplm098/224300453582
704,food,광주,부모님 모시고 갈 식당,restaurant,1,[남한산성 맛집 /광주 맛집 /낙선재] 남한산성 최고의 한정식 맛집 ...,https://blog.naver.com/menumeeting/224301871897
705,food,종로,부모님도 만족한 종로3가 한식 맛집,restaurant,1,익선동 맛집 송암온반 후기｜부모님도 만족한 종로3가 한식 맛집,https://blog.naver.com/lje413/224301748667
706,food,강남,부모님모시고가기좋은식당,restaurant,1,"화려한 기교 대신 식재료 본연의 가치로 승부하는 곳, 면 서울",https://blog.naver.com/sblue183/224301098827
707,food,강남,부산3대돈까스맛집,restaurant,1,맛집 :: ️ 원카츠 논현점,https://blog.naver.com/amy7623/224301542952
708,food,부산,부전 서면 닭발 맛집 불향 가득한 신이내린,restaurant,1,부산 부전 서면 닭발 맛집 :: 불향 가득한 신이내린 닭발...,https://blog.naver.com/kkongchichi/224301779387
709,domestic_travel,부산,부전 서면 닭발 맛집 불향 가득한 신이내린,restaurant,1,부산 부전 서면 닭발 맛집 :: 불향 가득한 신이내린 닭발...,https://blog.naver.com/kkongchichi/224301779387
710,food,부산,부전시장,attraction,1,부전시장 맛집|명란김밥 웨이팅 가치있어? 6줄 2만원대...,https://blog.naver.com/codud2372/224301860848
711,domestic_travel,부산,부전시장,attraction,1,부전시장 맛집|명란김밥 웨이팅 가치있어? 6줄 2만원대...,https://blog.naver.com/codud2372/224301860848
712,domestic_travel,제주,부티아 독채 펜션 구좌읍 감성 자쿠지 욕실,travel_spot,1,"제주도 가족 단체 여행 숙소! 제주 부티아 독채 펜션, 구좌읍...",https://blog.naver.com/travelnote77/224301799517
713,food,인천,부평 산곡역 근처 청천동 안주 맛집 땅콩술방,restaurant,1,"[인천/부평] 산곡역 근처 청천동 안주 맛집 , 땅콩술방",https://blog.naver.com/eens_2/224301836212
714,domestic_travel,인천,부평 산곡역 근처 청천동 안주 맛집 땅콩술방,restaurant,1,"[인천/부평] 산곡역 근처 청천동 안주 맛집 , 땅콩술방",https://blog.naver.com/eens_2/224301836212
715,food,인천,부평 한식 맛집 가성비 점심 해장국 혼밥 추,restaurant,1,인천 부평 한식 맛집 가성비 점심 해장국 혼밥 추천,https://blog.naver.com/beargobear/224301831705
716,food,인천,부평구 장어 맛집 소금빛 풍천장어 몸보신 보,restaurant,1,[인천 / 부평구] 장어 맛집 소금빛 풍천장어 / 몸보신 보양식 추천,https://blog.naver.com/soob_ni/224301875119
717,food,인천,부평구청커피,cafe,1,"[부평 맛집 ] 부평구청역 호지밀크티 맛집 카페 온도쉼, 힐링...",https://blog.naver.com/star960127/224301521087
718,domestic_travel,인천,부평구청커피,cafe,1,"[부평 맛집 ] 부평구청역 호지밀크티 맛집 카페 온도쉼, 힐링...",https://blog.naver.com/star960127/224301521087
719,food,대구,북구 맛집 고급스러운 분위기에서 가족외식 보,restaurant,1,대구 북구 맛집 고급스러운 분위기에서 가족외식 보길도1988...,https://blog.naver.com/papaya3040/224301684943
720,domestic_travel,대구,북구 맛집 고급스러운 분위기에서 가족외식 보,restaurant,1,대구 북구 맛집 고급스러운 분위기에서 가족외식 보길도1988...,https://blog.naver.com/papaya3040/224301684943
721,food,대구,북구 맛집 을 찾던 중 우연히 알게 된 보길,restaurant,1,대구 한식 맛집 에서 전복 솥밥의 깊은 맛을 느껴보는 법...,https://blog.naver.com/tp_ojun_xty34/224301878078
722,food,대구,북구 칠곡 맛집 가성비 좋은 소고기 맛집이있,restaurant,1,대구 북구 칠곡 맛집 숙성 소고기 가성비 좋은 첫눈에반했소,https://blog.naver.com/dus0711/224301852640
723,food,대구,북구 칠곡 맛집 숙성 소고기 가성비 좋은 첫,restaurant,1,대구 북구 칠곡 맛집 숙성 소고기 가성비 좋은 첫눈에반했소,https://blog.naver.com/dus0711/224301852640
724,food,대구,북구청에서 해산물과 고기를 동시에 상록회관,restaurant,1,"대구 북구청에서 해산물과 고기를 동시에, 상록회관 연탄구이...",https://blog.naver.com/yayoiiiii/224301508823
725,domestic_travel,대구,북구청에서 해산물과 고기를 동시에 상록회관,restaurant,1,"대구 북구청에서 해산물과 고기를 동시에, 상록회관 연탄구이...",https://blog.naver.com/yayoiiiii/224301508823
726,food,대구,북성로 맛집 원조북성로우동불고기 현지인,restaurant,1,대구 북성로 맛집 원조북성로우동불고기 현지인 추천 찐 맛집,https://blog.naver.com/tintorera/224301730383
727,domestic_travel,대구,북성로 맛집 원조북성로우동불고기 현지인,restaurant,1,대구 북성로 맛집 원조북성로우동불고기 현지인 추천 찐 맛집,https://blog.naver.com/tintorera/224301730383
728,food,대구,북창동순두부 mbc네거리점 해물순두부 맛집,restaurant,1,대구 북창동순두부 mbc네거리점|해물순두부 맛집 내돈내산 ...,https://blog.naver.com/rumi_day/224301714006
729,food,부산,북항 오션뷰 숙소 ft 부산역 가성비 숙소,travel_spot,1,부산토박이 추천 부산역 가성비 호텔 북항 오션뷰 숙소 (ft....,https://blog.naver.com/mcp_jane/224301764481
730,domestic_travel,부산,북항 오션뷰 숙소 ft 부산역 가성비 숙소,travel_spot,1,부산토박이 추천 부산역 가성비 호텔 북항 오션뷰 숙소 (ft....,https://blog.naver.com/mcp_jane/224301764481
731,food,성수,분위기 좋은 파스타 맛집 와인바 리타르단도,restaurant,1,[ 서울 맛집 ] 성수 분위기 좋은 파스타 맛집 / 와인바 리타르단도,https://blog.naver.com/hyeg_seo/224301156151
732,food,종로,비 오는 날 광장시장,travel_spot,1,"비 오는 날 광장시장 데이트, 낙지탕탕이와 종로빈대떡",https://blog.naver.com/ji0edaa/224301760040
733,food,대전,비래동 태국요리 맛집 카오삐약 내돈내산,restaurant,1,대전 비래동 태국요리 맛집 카오삐약 내돈내산 후기,https://blog.naver.com/joo__u/224301754644
734,domestic_travel,강릉,비목공원,travel_spot,1,6월의 강원 추천 여행 지는? 강릉 단오제! 화천 파크골프장!,https://blog.naver.com/gwdoraeyo/224297862469
735,food,강남,비즈니스미팅식당,restaurant,1,"화려한 기교 대신 식재료 본연의 가치로 승부하는 곳, 면 서울",https://blog.naver.com/sblue183/224301098827
736,food,인천,빈티지 보물찾기 오슬로우 마켓 축제,attraction,1,[인천/동인천] 빈티지 보물찾기! '오슬로우 마켓' 축제 리얼...,https://blog.naver.com/longblack27/224301835165
737,domestic_travel,인천,빈티지 보물찾기 오슬로우 마켓 축제,attraction,1,[인천/동인천] 빈티지 보물찾기! '오슬로우 마켓' 축제 리얼...,https://blog.naver.com/longblack27/224301835165
738,food,대구,빙수 맛집 동성로카페 바닐라크럼브 양쯔깐루빙,cafe,1,대구 빙수 맛집 동성로카페 바닐라크럼브 양쯔깐루빙수...,https://blog.naver.com/whtnrud19/224301828285
739,domestic_travel,대구,빙수 맛집 동성로카페 바닐라크럼브 양쯔깐루빙,cafe,1,대구 빙수 맛집 동성로카페 바닐라크럼브 양쯔깐루빙수...,https://blog.naver.com/whtnrud19/224301828285
740,food,대구,빙수 맛집 서문시장,restaurant,1,대구빙수 맛집 서문시장 2지구 생과일 가득 디저트 제니빙수,https://blog.naver.com/qhxhdtk/224301675907
741,domestic_travel,대구,빙수 맛집 서문시장,restaurant,1,대구빙수 맛집 서문시장 2지구 생과일 가득 디저트 제니빙수,https://blog.naver.com/qhxhdtk/224301675907
742,food,광주,빛나는 상추백반 참치찌개 맛집 용봉동백반,restaurant,1,[52번째 맛집 탐방] 광주... 빛나는 상추백반 참치찌개 맛집,https://blog.naver.com/crazymet2/224301805962
743,food,제주,빵지순레 프랑스 디저트 맛집 콜롱주 당일생산,cafe,1,제주 빵지순레 프랑스 디저트 맛집 콜롱주,https://blog.naver.com/mungko112/224301877701
744,food,성수,빵지순례 디저트 맛집 메이타왕 소금 에그타르,cafe,1,성수 빵지순례 디저트 맛집 메이타왕 소금 에그타르트 줄서서...,https://blog.naver.com/imdressholic/224298382291
745,food,제주,빵지순례 디저트 맛집 콜롱주 콜롱주 제주 빵,cafe,1,제주 빵지순레 프랑스 디저트 맛집 콜롱주,https://blog.naver.com/mungko112/224301877701
746,domestic_travel,부산,빵축제,attraction,1,흰여울작업실 라탄 미니 바구니 체험 in 부산 빵타스틱...,https://blog.naver.com/huinnyeoul_/224301796282
747,food,강남,뼈찜 맛집 을 가고 싶다면 만세 감자탕 10,restaurant,1,강남 뼈찜 양재천 가성비 맛집 추천 만세감자탕 후기,https://blog.naver.com/www7071/224301818458
748,food,부산,사람들도 몰려간다 부산 6월 축제,attraction,1,부산 사람들도 몰려간다!부산 6월 축제·행사 BEST 6 (BIDF...,https://blog.naver.com/bodyshu_/224301697776
749,domestic_travel,부산,사람들도 몰려간다 부산 6월 축제,attraction,1,부산 사람들도 몰려간다!부산 6월 축제·행사 BEST 6 (BIDF...,https://blog.naver.com/bodyshu_/224301697776
750,food,부산,사상 해물칼국수 맛집 오늘은 언니와 사상 르,restaurant,1,부산 사상 해물칼국수 맛집,https://blog.naver.com/hbb9283/224301828604
751,food,대구,사아까 라멘집 내돈내산 내돈내산 입니다 맛없,restaurant,1,대구 사아까 라멘집 내돈내산,https://blog.naver.com/demonstration1004/224301808031
752,domestic_travel,강릉,사천 오월의 사천 바다를 잔에 담다 아들과,restaurant,1,"[강릉/사천] 오월의 사천 바다를 잔에 담다, 아들과 함께한...",https://blog.naver.com/cozzingzzing/224301855216
753,food,제주,산지 해산물로 꾸려진 오마카세 식도락 여행,restaurant,1,"마치 도쿄에 온 것 같은, 제주 산지 해산물로 꾸려진 오마카세...",https://blog.naver.com/comosoyti/224301863634
754,domestic_travel,제주,산지 해산물로 꾸려진 오마카세 식도락 여행,restaurant,1,"마치 도쿄에 온 것 같은, 제주 산지 해산물로 꾸려진 오마카세...",https://blog.naver.com/comosoyti/224301863634
755,food,제주,살이_4월 너무 더워서 카페,cafe,1,제주살이_4월,https://blog.naver.com/hwangmj516/224301850041
756,food,대구,삼덕동 이자카야 야키토리 맛집 이쵸야 숯불에,restaurant,1,[대구 삼덕동 이자카야 야키토리 맛집 ] 이쵸야 숯불에 직접 굽는...,https://blog.naver.com/fpal1742/224301825389
757,food,대구,삼덕동카페 동인동카페 조르바삼덕 좋아서 매장,cafe,1,대구 삼덕동카페 동인동카페 조르바삼덕,https://blog.naver.com/whtnrud19/224301846315
758,domestic_travel,대구,삼덕동카페 동인동카페 조르바삼덕 좋아서 매장,cafe,1,대구 삼덕동카페 동인동카페 조르바삼덕,https://blog.naver.com/whtnrud19/224301846315
759,food,강남,삼성동 코엑스 -오크우드 오크 레스토랑,restaurant,1,[삼성동/코엑스 -오크우드 오크 레스토랑]9가지 무제한 와인과...,https://blog.naver.com/oktopblues/224300221407
760,food,강남,상견례식당,restaurant,1,"화려한 기교 대신 식재료 본연의 가치로 승부하는 곳, 면 서울",https://blog.naver.com/sblue183/224301098827
761,food,광주,상무지구 맛집 청수민물장어 상무지구 맛집 청,restaurant,1,광주 상무지구 맛집 청수민물장어,https://blog.naver.com/pompous34/224301867406
762,food,광주,상무지구 뷔페 다이닝,restaurant,1,광주 상무지구 뷔페 다이닝원 주말 내돈내산 솔직후기,https://blog.naver.com/didue_/224301810519
763,food,광주,상무지구 뷔페 다이닝원 주말 내돈내산 솔직후,restaurant,1,광주 상무지구 뷔페 다이닝원 주말 내돈내산 솔직후기,https://blog.naver.com/didue_/224301810519
764,food,대구,상송식당,restaurant,1,[구미상송식당] 힐링되는 뷰와 함께 맛있는 닭불고기...'상송식당',https://blog.naver.com/83hwanghj/224301718850
765,domestic_travel,대구,상송식당,restaurant,1,[구미상송식당] 힐링되는 뷰와 함께 맛있는 닭불고기...'상송식당',https://blog.naver.com/83hwanghj/224301718850
766,food,대구,상인동 분식 맛집 심야매점 1번세트와 염통의,restaurant,1,대구 상인동 분식 맛집 심야매점 1번세트와 염통의 환상조합,https://blog.naver.com/young_a917/224301867655
767,domestic_travel,대구,상인동 분식 맛집 심야매점 1번세트와 염통의,restaurant,1,대구 상인동 분식 맛집 심야매점 1번세트와 염통의 환상조합,https://blog.naver.com/young_a917/224301867655
768,food,대구,상인역 맛집 삼삼마라 본점 로제마라샹궈 마라,restaurant,1,"[대구 상인역 맛집 ] 삼삼마라 본점 로제마라샹궈, 마라 초보도...",https://blog.naver.com/tial94/224301675001
769,domestic_travel,대구,상인역 맛집 삼삼마라 본점 로제마라샹궈 마라,restaurant,1,"[대구 상인역 맛집 ] 삼삼마라 본점 로제마라샹궈, 마라 초보도...",https://blog.naver.com/tial94/224301675001
770,food,부산,생고기 맛집 또 가고 싶은 맛집 안민 부산,restaurant,1,서면 구워주는 고기집 핫한 맛집 찾는다면 여기 필수 안민 부산,https://blog.naver.com/sev77en/224301545761
771,food,광주,생고기 맛집 으로도 이미 명성이 자자한,restaurant,1,[꽃보다청춘 리미티드에디션] 정유미·박서준·최우식의 제주도...,https://blog.naver.com/airuth/224301824664
772,food,제주,생꽃고기,restaurant,1,구워주는 육즙 가득 제주 생꽃고기 운서역 삼겹살 찐 맛집 발견,https://blog.naver.com/greenjhl/224301665649
773,food,제주,생꽃고기 운서역 삼겹살 찐 맛집 발견,restaurant,1,구워주는 육즙 가득 제주 생꽃고기 운서역 삼겹살 찐 맛집 발견,https://blog.naver.com/greenjhl/224301665649
774,food,제주,생꽃고기 운서역 삼겹살 찐맛집 발견 운서역맛,restaurant,1,구워주는 육즙 가득 제주 생꽃고기 운서역 삼겹살 찐 맛집 발견,https://blog.naver.com/greenjhl/224301665649
775,domestic_travel,인천,서구 앞바다에 위치한 작은 섬으로 도시와 가,restaurant,1,"서울 에서 가장 가까운 비밀 섬, 세어도 여행 아는 사람만 찾는...",https://blog.naver.com/richplacefestival/224300426898
776,food,대구,서구 애견카페 젠틀펫 강아지와 힐링한 방문,cafe,1,대구 서구 애견카페 젠틀펫|강아지와 힐링한 방문 후기,https://blog.naver.com/large0913/224301810333
777,domestic_travel,대구,서구 애견카페 젠틀펫 강아지와 힐링한 방문,cafe,1,대구 서구 애견카페 젠틀펫|강아지와 힐링한 방문 후기,https://blog.naver.com/large0913/224301810333
778,food,대구,서구 평리동 영이식당,restaurant,1,대구 서구 평리동 영이식당 재방문! 역시 든든한 콩불정식,https://blog.naver.com/jia525_/224301771557
779,domestic_travel,대구,서구 평리동 영이식당,restaurant,1,대구 서구 평리동 영이식당 재방문! 역시 든든한 콩불정식,https://blog.naver.com/jia525_/224301771557
780,food,대구,서구 평리동 영이식당 재방문 역시 든든한 콩,restaurant,1,대구 서구 평리동 영이식당 재방문! 역시 든든한 콩불정식,https://blog.naver.com/jia525_/224301771557
781,domestic_travel,대구,서구 평리동 영이식당 재방문 역시 든든한 콩,restaurant,1,대구 서구 평리동 영이식당 재방문! 역시 든든한 콩불정식,https://blog.naver.com/jia525_/224301771557
782,food,제주,서귀포 바다뷰에서 끝내는,restaurant,1,주말여행 어디갈지 고민된다면? 제주 서귀포 바다뷰에서 끝내는...,https://blog.naver.com/youngvin7205/224300690288
783,domestic_travel,제주,서귀포 바다뷰에서 끝내는,restaurant,1,주말여행 어디갈지 고민된다면? 제주 서귀포 바다뷰에서 끝내는...,https://blog.naver.com/youngvin7205/224300690288
784,food,제주,서귀포 올레시장,travel_spot,1,서귀포 올레시장회포장 해산물 소린이네 횟집 가성비횟집,https://blog.naver.com/bluesky00001/224301809314
785,domestic_travel,제주,서귀포 올레시장,travel_spot,1,서귀포 올레시장회포장 해산물 소린이네 횟집 가성비횟집,https://blog.naver.com/bluesky00001/224301809314
786,food,제주,서귀포 중문 맛집 제주운치 서귀포 중문점 뷰,restaurant,1,"제주,서귀포,중문 맛집 제주운치 서귀포 중문점 뷰 좋은 중문...",https://blog.naver.com/brswye/224295399190
787,food,제주,서귀포 카페 말차 전문점 슬로우 말차 총평,cafe,1,제주 서귀포 카페 말차 전문점 슬로우 말차,https://blog.naver.com/pmina0610/224301757744
788,domestic_travel,제주,서귀포 카페 말차 전문점 슬로우 말차 총평,cafe,1,제주 서귀포 카페 말차 전문점 슬로우 말차,https://blog.naver.com/pmina0610/224301757744
789,food,제주,서귀포올레시장본점,travel_spot,1,올레시장 맛집 바다어멍 서귀포올레시장본점 제주 통갈치...,https://blog.naver.com/ellyluv00/224301868363
790,domestic_travel,제주,서귀포올레시장본점,travel_spot,1,올레시장 맛집 바다어멍 서귀포올레시장본점 제주 통갈치...,https://blog.naver.com/ellyluv00/224301868363
791,food,제주,서귀포은 호텔,travel_spot,1,"제주도에서 만난 인생 커피,제주에서 “제일 맛있는”커피...",https://blog.naver.com/naldada_/224301615695
792,domestic_travel,제주,서귀포은 호텔,travel_spot,1,"제주도에서 만난 인생 커피,제주에서 “제일 맛있는”커피...",https://blog.naver.com/naldada_/224301615695
793,food,부산,서동시장,travel_spot,1,방송에 나온 부산 서동 맛집|재성밀면에서 시원한 밀면 후기,https://blog.naver.com/onesunnny/224301764724
794,domestic_travel,부산,서동시장,travel_spot,1,방송에 나온 부산 서동 맛집|재성밀면에서 시원한 밀면 후기,https://blog.naver.com/onesunnny/224301764724
795,food,부산,서면 2번가와 부전시장,attraction,1,해월가 집처럼 편안한 부산서면펜션,https://blog.naver.com/djaak9996/224301650239
796,domestic_travel,부산,서면 2번가와 부전시장,attraction,1,해월가 집처럼 편안한 부산서면펜션,https://blog.naver.com/djaak9996/224301650239
797,food,부산,서면 롯데백화점 맛집 서면 수제버거 멜팅소울,restaurant,1,부산 서면 롯데백화점 맛집 서면 수제버거 멜팅소울 롯데백화점...,https://blog.naver.com/fnvl_8_/224301799006
798,food,부산,서면 서면고기집 소장각 가성비로 즐기는 소갈,restaurant,1,"[부산 서면] 서면고기집 소장각, 가성비로 즐기는 소갈비살...",https://blog.naver.com/ranpunzels/224301775344
799,domestic_travel,부산,서면 서면고기집 소장각 가성비로 즐기는 소갈,restaurant,1,"[부산 서면] 서면고기집 소장각, 가성비로 즐기는 소갈비살...",https://blog.naver.com/ranpunzels/224301775344
800,food,부산,서면 전포동 멕시코 타코 맛집 인생 치미창가,restaurant,1,부산 서면 전포동 멕시코 타코 맛집 인생 치미창가를 찾은...,https://blog.naver.com/kaylee1216/224301736941
801,food,부산,서면 카페 부산,cafe,1,부산 서면• 전포 카페_[이즈더네임] 방문 솔직 후기(내돈 내산),https://blog.naver.com/kimeum715/224301693545
802,domestic_travel,부산,서면 카페 부산,cafe,1,부산 서면• 전포 카페_[이즈더네임] 방문 솔직 후기(내돈 내산),https://blog.naver.com/kimeum715/224301693545
803,food,부산,서면에서 핫한 서면훠궈 맛집 이라 그런지 주,restaurant,1,용가회전훠거 부산서면점 ㅣ 내돈내산 꿀팁 ㅣ1시간 웨이팅...,https://blog.naver.com/cha_ling_/224301783728
804,food,부산,서문시장,travel_spot,1,[대구 서문시장 맛집 ] 빨간어묵 원조 맛집 ‘부산어묵장돌이’...,https://blog.naver.com/coma112233/224301849712
805,domestic_travel,부산,서문시장,travel_spot,1,[대구 서문시장 맛집 ] 빨간어묵 원조 맛집 ‘부산어묵장돌이’...,https://blog.naver.com/coma112233/224301849712
806,food,대구,서문시장 맛집 빨간어묵 원조 맛집 부산어묵장,restaurant,1,[대구 서문시장 맛집 ] 빨간어묵 원조 맛집 ‘부산어묵장돌이’...,https://blog.naver.com/coma112233/224301849712
807,domestic_travel,대구,서문시장 맛집 빨간어묵 원조 맛집 부산어묵장,restaurant,1,[대구 서문시장 맛집 ] 빨간어묵 원조 맛집 ‘부산어묵장돌이’...,https://blog.naver.com/coma112233/224301849712
808,food,대구,서문시장 먹거리 고소함 폭발 겉바속촉 추억의,restaurant,1,[대구 서문시장 먹거리] 고소함 폭발! 겉바속촉 추억의 맛...,https://blog.naver.com/coma112233/224301836768
809,domestic_travel,대구,서문시장 먹거리 고소함 폭발 겉바속촉 추억의,restaurant,1,[대구 서문시장 먹거리] 고소함 폭발! 겉바속촉 추억의 맛...,https://blog.naver.com/coma112233/224301836768
810,food,대구,서문시장야시장,travel_spot,1,[대구 서문시장 먹거리] 고소함 폭발! 겉바속촉 추억의 맛...,https://blog.naver.com/coma112233/224301836768
811,domestic_travel,대구,서문시장야시장,travel_spot,1,[대구 서문시장 먹거리] 고소함 폭발! 겉바속촉 추억의 맛...,https://blog.naver.com/coma112233/224301836768
812,food,수원,서울 동대문 블루리본 카레 맛집 레스토랑,restaurant,1,서울 /동대문 블루리본 카레 맛집,https://blog.naver.com/stay-and-play/224301560258
813,food,성수,서울 성동구 N번째 방문 성수 햄버거 맛집,restaurant,1,[서울/성동구]N번째 방문 성수 햄버거 맛집 “보어드앤헝그리...,https://blog.naver.com/sunjukitty/224301812894
814,domestic_travel,성수,서울 성동구 N번째 방문 성수 햄버거 맛집,restaurant,1,[서울/성동구]N번째 방문 성수 햄버거 맛집 “보어드앤헝그리...,https://blog.naver.com/sunjukitty/224301812894
815,food,강남,서울3대돈까스맛집,restaurant,1,맛집 :: ️ 원카츠 논현점,https://blog.naver.com/amy7623/224301542952
816,food,부산,서울3대돈까스맛집,restaurant,1,맛집 :: ️ 원카츠 논현점,https://blog.naver.com/amy7623/224301542952
817,food,종로,서울3대아인슈페너 맛집 시애틀커피,cafe,1,서울3대아인슈페너 맛집 시애틀커피하우스 종로3가점,https://blog.naver.com/skdud3758/224301690483
818,domestic_travel,가평,서울근교 여행 가평 고고다이노 키즈호텔,travel_spot,1,서울근교 여행 가평 고고다이노 키즈호텔 특가 예약(테마룸...,https://blog.naver.com/shy0917cjh/224300583214
819,domestic_travel,가평,서울근교꽃축제,attraction,1,2026 자라섬 꽃페스타 가평 꽃축제 후기 (입장료·주차...,https://blog.naver.com/mmmmbin/224300575415
820,food,종로,서울레스토랑,restaurant,1,정통 스위스 가정집 라 스위스 서촌 내돈내산 솔직후기,https://blog.naver.com/yejin4752/224301062190
821,food,성수,서울맛집 위치 성수 서울맛집 은 뚝도시장,restaurant,1,성수 뚝도시장 서울맛집 내돈내산 후기,https://blog.naver.com/reviewkong/224300749417
822,domestic_travel,성수,서울맛집 위치 성수 서울맛집 은 뚝도시장,restaurant,1,성수 뚝도시장 서울맛집 내돈내산 후기,https://blog.naver.com/reviewkong/224300749417
823,food,성수,서울숲 카페 진짜 튀르키예를 만날 수 있는,cafe,1,"[성수/서울숲 카페] 진짜 튀르키예를 만날 수 있는 곳, 안탭리...",https://blog.naver.com/sense_chae/224301725755
824,domestic_travel,성수,서울숲 카페 진짜 튀르키예를 만날 수 있는,cafe,1,"[성수/서울숲 카페] 진짜 튀르키예를 만날 수 있는 곳, 안탭리...",https://blog.naver.com/sense_chae/224301725755
825,domestic_travel,부산,서울축제,attraction,1,2026년 6월 가볼만한 축제 총정리! 여름 시작 전 꼭 가야 할 곳,https://blog.naver.com/mint_review/224287521186
826,food,강남,서울파인다이닝,restaurant,1,"화려한 기교 대신 식재료 본연의 가치로 승부하는 곳, 면 서울",https://blog.naver.com/sblue183/224301098827
827,food,강남,서울한식다이닝,restaurant,1,"화려한 기교 대신 식재료 본연의 가치로 승부하는 곳, 면 서울",https://blog.naver.com/sblue183/224301098827
828,food,제주,서쪽 고기 맛집 마돈가제트 내돈내산 구매 후,restaurant,1,제주 서쪽 한경면 고기 맛집 마돈가제트 내돈내산 후기,https://blog.naver.com/sunsundid/224301715202
829,food,제주,서쪽 한경면 고기 맛집 마돈가제트,restaurant,1,제주 서쪽 한경면 고기 맛집 마돈가제트 내돈내산 후기,https://blog.naver.com/sunsundid/224301715202
830,food,인천,서창동 초밥 맛집 을 찾는다면 아묻따 스시모,restaurant,1,주말 점심 특선 메뉴가 있는 가성비 인천 서창동 초밥 맛집 ...,https://blog.naver.com/lifelab_hj/224301830806
831,domestic_travel,제주,서천 장항항 꼴갑축제,attraction,1,서천 장항항 꼴갑축제 불꽃놀이 명당부터 먹거리까지? 입안...,https://blog.naver.com/project-jaden/224300682190
832,food,종로,서촌 오봉카츠 겉바속촉 인생 돈가스와 시원한,restaurant,1,종로 서촌 오봉카츠 겉바속촉 인생 돈가스와 시원한 기린...,https://blog.naver.com/minji9038/224301812844
833,food,종로,서촌레스토랑,restaurant,1,정통 스위스 가정집 라 스위스 서촌 내돈내산 솔직후기,https://blog.naver.com/yejin4752/224301062190
834,domestic_travel,대전,석장리박물관,attraction,1,[공주 아이와 가볼만한곳] 대전/세종 근교 나들이 마무리 코스...,https://blog.naver.com/kmg0813/224301396372
835,food,강남,선릉데이트식당,restaurant,1,대치동 맛집 점심 메뉴 추천 한국에서 일본 맛집 을 느끼다 만목...,https://blog.naver.com/drunkenbear_/224301736682
836,food,인천,선재도 맛집 바람의 마을 해물파전 하나만으로,restaurant,1,"[인천 선재도 맛집 ] 바람의 마을, 해물파전 하나만으로도...",https://blog.naver.com/fiiiore/224301859249
837,food,제주,선흘방주할머니식당,restaurant,1,"[제주 조천 맛집] 선흘방주할머니식당, 제주세계자연유산센터와...",https://blog.naver.com/happy_n_rich/224301324842
838,domestic_travel,제주,선흘방주할머니식당,restaurant,1,"[제주 조천 맛집] 선흘방주할머니식당, 제주세계자연유산센터와...",https://blog.naver.com/happy_n_rich/224301324842
839,food,제주,설성공원,travel_spot,1,[2026 음성품바축제 총정리] 초대가수 라인업부터 주차 꿀팁...,https://blog.naver.com/trendnews/224301296365
840,domestic_travel,제주,설성공원,travel_spot,1,[2026 음성품바축제 총정리] 초대가수 라인업부터 주차 꿀팁...,https://blog.naver.com/trendnews/224301296365
841,domestic_travel,가평,설악IC 근처 한식 맛집,restaurant,1,가평 설악IC 근처 한식 맛집 미락가 후기｜아이랑 부모님...,https://blog.naver.com/dolpang79/224298501329
842,domestic_travel,가평,설악IC 근처 한식 맛집 미락가,restaurant,1,가평 설악IC 근처 한식 맛집 미락가 후기｜아이랑 부모님...,https://blog.naver.com/dolpang79/224298501329
843,domestic_travel,가평,설악IC맛집,restaurant,1,가평 설악IC 근처 한식 맛집 미락가 후기｜아이랑 부모님...,https://blog.naver.com/dolpang79/224298501329
844,domestic_travel,대구,섬유박물관,attraction,1,대구 동구 아이랑 섬유박물관,https://blog.naver.com/dlqmsia/224301835460
845,food,제주,성산 갈치요리 찐 맛집 숙자네숟가락젓가락 성,restaurant,1,맛집 숙자네숟가락젓가락 갈치 한상세트 4인 후기 내돈내산,https://blog.naver.com/raccoon_candy/224301831838
846,domestic_travel,제주,성산 갈치요리 찐 맛집 숙자네숟가락젓가락 성,restaurant,1,맛집 숙자네숟가락젓가락 갈치 한상세트 4인 후기 내돈내산,https://blog.naver.com/raccoon_candy/224301831838
847,food,제주,성산 아쿠아리움 식당,restaurant,1,제주성산 아쿠아리움 식당 오션아레나 기념품,https://blog.naver.com/blossom0124_/224301792294
848,domestic_travel,제주,성산 아쿠아리움 식당,restaurant,1,제주성산 아쿠아리움 식당 오션아레나 기념품,https://blog.naver.com/blossom0124_/224301792294
849,food,제주,성산일출봉 어우름제주고기국수 성산본점 내돈내,restaurant,1,제주 성산일출봉 /어우름제주고기국수 (성산본점),https://blog.naver.com/didizhdb/224301796377
850,food,제주,성수 팝업,popup,1,성수 팝업 테디스베이글 한정 수량 착즙 제주감귤 주스와...,https://blog.naver.com/ge_gee00/224301513068
851,domestic_travel,제주,성수 팝업,popup,1,성수 팝업 테디스베이글 한정 수량 착즙 제주감귤 주스와...,https://blog.naver.com/ge_gee00/224301513068
852,food,제주,성수팝업,popup,1,성수 팝업 테디스베이글 한정 수량 착즙 제주감귤 주스와...,https://blog.naver.com/ge_gee00/224301513068
853,domestic_travel,제주,성수팝업,popup,1,성수 팝업 테디스베이글 한정 수량 착즙 제주감귤 주스와...,https://blog.naver.com/ge_gee00/224301513068
854,food,대전,성심당 근처 맛집 로운 샤브샤브 NC중앙로점,restaurant,1,대전 성심당 근처 맛집 로운 샤브샤브 NC중앙로점 봄메뉴 추천,https://blog.naver.com/heomihwa17/224301825484
855,domestic_travel,대전,성심당 근처 맛집 로운 샤브샤브 NC중앙로점,restaurant,1,대전 성심당 근처 맛집 로운 샤브샤브 NC중앙로점 봄메뉴 추천,https://blog.naver.com/heomihwa17/224301825484
856,food,인천,셀카 맛집 이에요 3층 Paris 로맨틱하고,restaurant,1,[영종도 가볼만한곳] 서해 바다 뷰에 반하고 27가지...,https://blog.naver.com/loveys0517/224301863811
857,domestic_travel,인천,셀카 맛집 이에요 3층 Paris 로맨틱하고,restaurant,1,[영종도 가볼만한곳] 서해 바다 뷰에 반하고 27가지...,https://blog.naver.com/loveys0517/224301863811
858,food,부산,소개드립니다 부산시청 중식당,restaurant,1,부산 부산시청 중식당 부산시청 맛집 연화연,https://blog.naver.com/busan_sinnam/224301863959
859,food,제주,소고기 맛집 우대포 제주도남점 깍뚝꽃살 양념,restaurant,1,"제주 소고기 맛집 우대포 제주도남점 (깍뚝꽃살, 양념 소갈비살...",https://blog.naver.com/so---happy/224301814397
860,food,제주,소고기 맛집 우대포 제주도남점 제주도 제주시,restaurant,1,"제주 소고기 맛집 우대포 제주도남점 (깍뚝꽃살, 양념 소갈비살...",https://blog.naver.com/so---happy/224301814397
861,food,제주,소길국수 I 제주공항 3분거리 고기국수 맛집,restaurant,1,제주 소길국수 I 제주공항 3분거리 고기국수 맛집 추천 소길국수,https://blog.naver.com/togetherfine/224301848925
862,food,종로,소바,restaurant,1,[종로 맛집 ] 소바 맛집 튀김 맛집 내돈내산후기 - 희희,https://blog.naver.com/djtptls55/224301867452
863,food,대전,소제동 대전 소제동 맛집 온천집 온천집 미소,restaurant,1,[대전 소제동] 대전 소제동 맛집 '온천집' 온천집 미소 샤브 한우...,https://blog.naver.com/wngur5161/224301696556
864,food,대전,소제동 카페 여행지 여전히 행복한 지금 소제,cafe,1,[대전 소제동 카페] 여행지 (여전히 행복한 지금),https://blog.naver.com/bennlia_33/224301784171
865,domestic_travel,대전,소제동 카페 여행지 여전히 행복한 지금 소제,cafe,1,[대전 소제동 카페] 여행지 (여전히 행복한 지금),https://blog.naver.com/bennlia_33/224301784171
866,food,강남,속초오징어어시장,travel_spot,1,서울|내돈내산 논현 횟집 추천 ' 속초오징어어시장 ',https://blog.naver.com/sojeong2009/224300467782
867,food,강남,속초오징어어시장 입니다 속초오징어어시장,travel_spot,1,서울|내돈내산 논현 횟집 추천 ' 속초오징어어시장 ',https://blog.naver.com/sojeong2009/224300467782
868,food,인천,송도 달빛축제공원,attraction,1,"[일상 생각|사색|송도 달빛 축제 공원] ""송도 달빛축제공원...",https://blog.naver.com/wjcho062/224301841051
869,domestic_travel,인천,송도 달빛축제공원,attraction,1,"[일상 생각|사색|송도 달빛 축제 공원] ""송도 달빛축제공원...",https://blog.naver.com/wjcho062/224301841051
870,food,인천,송도 맛집 부모님 생신 기념 가족식사 한식,restaurant,1,인천 송도 맛집 부모님 생신 기념 가족식사 한식 밥상편지 송도점,https://blog.naver.com/white5198/224301868556
871,food,인천,송도 맛집 으로 입소문이 자자한 밥상편지 송,restaurant,1,인천 송도 맛집 부모님 생신 기념 가족식사 한식 밥상편지 송도점,https://blog.naver.com/white5198/224301868556
872,food,인천,송도 맛집 임파스토 양식 맛집 임파스토 리뷰,restaurant,1,"인천 송도 맛집 , 임파스토",https://blog.naver.com/taetaeheee/224301771526
873,domestic_travel,인천,송도 인스파이어 리조트,travel_spot,1,인천 송도 인스파이어 리조트 프로모션 빅 특가 스플래시 베이...,https://blog.naver.com/rud_gml/224301267430
874,domestic_travel,인천,송도 인스파이어 리조트 프로모션 빅 특가 스,travel_spot,1,인천 송도 인스파이어 리조트 프로모션 빅 특가 스플래시 베이...,https://blog.naver.com/rud_gml/224301267430
875,food,인천,송도 중식당 맛집 홍보석 친구가 정말 맛있는,restaurant,1,인천 송도 중식당 맛집 홍보석,https://blog.naver.com/thstmdwls54/224301750445
876,domestic_travel,인천,송도 중식당 맛집 홍보석 친구가 정말 맛있는,restaurant,1,인천 송도 중식당 맛집 홍보석,https://blog.naver.com/thstmdwls54/224301750445
877,food,인천,송도 초코바게트 맛집 인증이였습니다,restaurant,1,[인천 송도 카페] 송도 꾸덕 초코바게트 맛집 찾았다!...,https://blog.naver.com/jjongeuni_/224301820063
878,food,인천,송도 카페 송도 꾸덕 초코바게트 맛집 찾았다,cafe,1,[인천 송도 카페] 송도 꾸덕 초코바게트 맛집 찾았다!...,https://blog.naver.com/jjongeuni_/224301820063
879,food,부산,송도 호텔,travel_spot,1,부산 송도 호텔 윈덤 그랜드 부산 전객실 오션뷰 호캉스 후기...,https://blog.naver.com/minhee084/224301830527
880,domestic_travel,부산,송도 호텔,travel_spot,1,부산 송도 호텔 윈덤 그랜드 부산 전객실 오션뷰 호캉스 후기...,https://blog.naver.com/minhee084/224301830527
881,food,부산,송도 호텔 윈덤 그랜드 부산 전객실 오션뷰,travel_spot,1,부산 송도 호텔 윈덤 그랜드 부산 전객실 오션뷰 호캉스 후기...,https://blog.naver.com/minhee084/224301830527
882,domestic_travel,부산,송도 호텔 윈덤 그랜드 부산 전객실 오션뷰,travel_spot,1,부산 송도 호텔 윈덤 그랜드 부산 전객실 오션뷰 호캉스 후기...,https://blog.naver.com/minhee084/224301830527
883,food,인천,송도&강화도 충남 서산 맛집 5주 동안,restaurant,1,[ 서울 군자&잠실/인천 송도&강화도/충남 서산 맛집 ] 5주 동안...,https://blog.naver.com/eunjji-/224301207898
884,domestic_travel,인천,송도&강화도 충남 서산 맛집 5주 동안,restaurant,1,[ 서울 군자&잠실/인천 송도&강화도/충남 서산 맛집 ] 5주 동안...,https://blog.naver.com/eunjji-/224301207898
885,food,인천,송도달빛축제공원,attraction,1,"[일상 생각|사색|송도 달빛 축제 공원] ""송도 달빛축제공원...",https://blog.naver.com/wjcho062/224301841051
886,domestic_travel,인천,송도달빛축제공원,attraction,1,"[일상 생각|사색|송도 달빛 축제 공원] ""송도 달빛축제공원...",https://blog.naver.com/wjcho062/224301841051
887,food,인천,송도동 센트럴파크 와인 맛집 내돈내산 솔직후,restaurant,1,인천 송도동 센트럴파크 와인 맛집 내돈내산 솔직후기...,https://blog.naver.com/muapiece/224301799911
888,food,인천,송도중식당,restaurant,1,인천 송도 중식당 맛집 홍보석,https://blog.naver.com/thstmdwls54/224301750445
889,domestic_travel,인천,송도중식당,restaurant,1,인천 송도 중식당 맛집 홍보석,https://blog.naver.com/thstmdwls54/224301750445
890,domestic_travel,성수,송도호텔,travel_spot,1,인천 송도 인스파이어 리조트 프로모션 빅 특가 스플래시 베이...,https://blog.naver.com/rud_gml/224301267430
891,domestic_travel,인천,송도호텔,travel_spot,1,인천 송도 인스파이어 리조트 프로모션 빅 특가 스플래시 베이...,https://blog.naver.com/rud_gml/224301267430
892,food,부산,송정 송정로컬 맛집 고기 쌈밥 고등어찜을 한,restaurant,1,(부산/송정) 송정로컬 맛집 고기 쌈밥 고등어찜을 한번에...,https://blog.naver.com/eldrn990/224301711032
893,food,대구,송정동 소금빵 맛집 디비에이 29 금 다녀왔,restaurant,1,"부산 해운대구 송정동, 소금빵 맛집 : 디비에이",https://blog.naver.com/tintiny79/224301799850
894,food,광주,송정매일시장,travel_spot,1,[광주 송정역 맛집 ] '시장국밥' 전현무계획3도 반한 30년 전통...,https://blog.naver.com/geolsb/224301662775
895,domestic_travel,광주,송정매일시장,travel_spot,1,[광주 송정역 맛집 ] '시장국밥' 전현무계획3도 반한 30년 전통...,https://blog.naver.com/geolsb/224301662775
896,food,광주,송정역 맛집 시장,restaurant,1,[광주 송정역 맛집 ] '시장국밥' 전현무계획3도 반한 30년 전통...,https://blog.naver.com/geolsb/224301662775
897,domestic_travel,광주,송정역 맛집 시장,restaurant,1,[광주 송정역 맛집 ] '시장국밥' 전현무계획3도 반한 30년 전통...,https://blog.naver.com/geolsb/224301662775
898,food,광주,송정역 맛집 시장국밥 전현무계획3도 반한 3,restaurant,1,[광주 송정역 맛집 ] '시장국밥' 전현무계획3도 반한 30년 전통...,https://blog.naver.com/geolsb/224301662775
899,domestic_travel,광주,송정역 맛집 시장국밥 전현무계획3도 반한 3,restaurant,1,[광주 송정역 맛집 ] '시장국밥' 전현무계획3도 반한 30년 전통...,https://blog.naver.com/geolsb/224301662775
900,food,광주,송정역 점심 맛집 슈퍼크리스피에서 햄버거 먹,restaurant,1,광주 송정역 점심 맛집 슈퍼크리스피에서 햄버거 먹어 본 후기,https://blog.naver.com/bsd0921/224301818465
901,domestic_travel,광주,송정역 점심 맛집 슈퍼크리스피에서 햄버거 먹,restaurant,1,광주 송정역 점심 맛집 슈퍼크리스피에서 햄버거 먹어 본 후기,https://blog.naver.com/bsd0921/224301818465
902,food,대구,송현동 맛집 부드러운 고기에 가족 외식하기,restaurant,1,"대구 송현동 맛집 , 부드러운 고기에 가족 외식하기 좋은 뼈구이...",https://blog.naver.com/ccongzzy/224301702098
903,domestic_travel,대구,송현동 맛집 부드러운 고기에 가족 외식하기,restaurant,1,"대구 송현동 맛집 , 부드러운 고기에 가족 외식하기 좋은 뼈구이...",https://blog.naver.com/ccongzzy/224301702098
904,food,성수,솥밥 맛집 쵸리상경 서울 숲 가볼만한 곳 매,restaurant,1,성수 솥밥 맛집 쵸리상경 서울 숲 가볼만한 곳,https://blog.naver.com/heina0612/224300914369
905,food,대구,솥밥의 따뜻한 바다 북구 맛집 으로 이름난,restaurant,1,보길도1988 칠성본점에서 만나는 대구 솥밥의 따뜻한 바다...,https://blog.naver.com/hyperhub3409/224301867986
906,domestic_travel,대구,솥밥의 따뜻한 바다 북구 맛집 으로 이름난,restaurant,1,보길도1988 칠성본점에서 만나는 대구 솥밥의 따뜻한 바다...,https://blog.naver.com/hyperhub3409/224301867986
907,food,대구,수산시장,travel_spot,1,대구대게 맛집 추천 대구 준이수산 매천시장대게 후기,https://blog.naver.com/minini_00/224301685834
908,domestic_travel,대구,수산시장,travel_spot,1,대구대게 맛집 추천 대구 준이수산 매천시장대게 후기,https://blog.naver.com/minini_00/224301685834
909,food,대구,수성구 들안길 맛집 가족모임 금등어 맛이 깔,restaurant,1,대구 수성구 들안길 맛집 가족모임 금등어,https://blog.naver.com/jungae7272/224301723939
910,food,대구,수성구 맛집 착한낙지 수성점,restaurant,1,[ 내돈내산 대구 수성구 맛집 ] 착한낙지 수성점｜낙지볶음덮밥...,https://blog.naver.com/dogsaunds/224301849703
911,food,대구,수성구 범어동에서 데이트 맛집 가족모임 미팅,restaurant,1,대구 수성구 맛집 추천 만덕수산 모듬회 코스요리 맛있는...,https://blog.naver.com/sw8373/224301411242
912,domestic_travel,대구,수성구 범어동에서 데이트 맛집 가족모임 미팅,restaurant,1,대구 수성구 맛집 추천 만덕수산 모듬회 코스요리 맛있는...,https://blog.naver.com/sw8373/224301411242
913,food,대구,수성구 신천시장,travel_spot,1,대구 수성구 신천시장 양고기 스프카레 맛집 바를램,https://blog.naver.com/dumborang/224301679356
914,domestic_travel,대구,수성구 신천시장,travel_spot,1,대구 수성구 신천시장 양고기 스프카레 맛집 바를램,https://blog.naver.com/dumborang/224301679356
915,food,대구,수성구 신천시장 양고기 스프카레 맛집 바를램,restaurant,1,대구 수성구 신천시장 양고기 스프카레 맛집 바를램,https://blog.naver.com/dumborang/224301679356
916,domestic_travel,대구,수성구 신천시장 양고기 스프카레 맛집 바를램,restaurant,1,대구 수성구 신천시장 양고기 스프카레 맛집 바를램,https://blog.naver.com/dumborang/224301679356
917,food,대구,수성구 지산동 중국집 맛집 주민들에게 사랑받,restaurant,1,대구 수성구 지산동 중국집 맛집 주민들에게 사랑받는 중국성...,https://blog.naver.com/youngone_907/224301762909
918,domestic_travel,대구,수성구 지산동 중국집 맛집 주민들에게 사랑받,restaurant,1,대구 수성구 지산동 중국집 맛집 주민들에게 사랑받는 중국성...,https://blog.naver.com/youngone_907/224301762909
919,food,대구,수성동 꽃게 육수 자가제면 칼국수 맛집 약전,restaurant,1,대구 수성동 꽃게 육수 자가제면 칼국수 맛집 약전골목원조국수...,https://blog.naver.com/younvely0607/224301794551
920,food,대구,수성시장,travel_spot,1,"레시피를 완성시켜준 대구 수성구 신선 정육점 추천 , 우담정육점",https://blog.naver.com/drawingirls/224301818663
921,domestic_travel,대구,수성시장,travel_spot,1,"레시피를 완성시켜준 대구 수성구 신선 정육점 추천 , 우담정육점",https://blog.naver.com/drawingirls/224301818663
922,food,부산,수영 술집 닭발 맛집 오늘닭발해 수영본점 저,restaurant,1,부산 수영 술집 닭발 맛집 오늘닭발해 수영본점,https://blog.naver.com/dkswnstjr0613/224301834365
923,food,부산,수영역 맛집 미친막창 막창 맛집 푸짐한 한,restaurant,1,부산 수영역 맛집|미친막창... 막창 맛집 푸짐한 한 상 단골...,https://blog.naver.com/hye0_0young/224301874642
924,food,부산,수영역 맛집 술집 부엉이산장 안주가 맛있는,restaurant,1,부산 수영역 맛집 술집 부엉이산장 안주가 맛있는 핫플 ...,https://blog.naver.com/sm88044/224301683912
925,food,부산,수영역 맛집 술집으로 입소문 난 역시 부산,restaurant,1,부산 수영역 맛집 술집 부엉이산장 안주가 맛있는 핫플 ...,https://blog.naver.com/sm88044/224301683912
926,food,광주,수완지구 초코바게트 맛집 브레드누아젯 내돈내,restaurant,1,광주 수완지구 초코바게트 맛집 [브레드누아젯] 내돈내산 후기,https://blog.naver.com/gmldus7070/224301729941
927,food,수원,수원 인계동 느좋카페 내돈내산 넓고 커피,cafe,1,[카페] 수원 인계동 느좋카페 / 내돈내산 넓고 커피 찐맛도리집...,https://blog.naver.com/wanikong/224301785255
928,domestic_travel,강릉,수원에서 먹는 강릉해변,travel_spot,1,수원에서 먹는 [강릉해변 메밀 막국수] 다녀왔습니다~,https://blog.naver.com/mhhowon/224301741591
929,food,강남,수제 버거 햄버거 맛집 위트앤미트 강남점 오,restaurant,1,강남 수제 버거 햄버거 맛집 위트앤미트 강남점,https://blog.naver.com/junghyune__/224301844223
930,food,강남,수제 버거 햄버거 맛집 위트앤미트 강남점 포,restaurant,1,강남 수제 버거 햄버거 맛집 위트앤미트 강남점,https://blog.naver.com/junghyune__/224301844223
931,food,수원,수제버거 맛집 크레이지버거 두툼한 패티가 맛,restaurant,1,"맛집 크레이지버거, 두툼한 패티가 맛있는 인계동 점심 추천",https://blog.naver.com/ririka25/224301838868
932,domestic_travel,강릉,수평선점에서 보낸 주말 일기 바다를 볼 수,restaurant,1,강릉여행코스 정남미명과 강릉 수평선점에서 보낸 주말 일기,https://blog.naver.com/twin_n/224301769271
933,food,제주,숙성 고기 맛집 센트럴파크 맛집 송도 센트럴,restaurant,1,"해밀락, 센트럴파크 데이트 코스로 딱인 제주 숙성 고기 맛집",https://blog.naver.com/wjung2018/224301818983
934,domestic_travel,가평,숙소입니다,travel_spot,1,서울 근교 프라이빗한 감성 독채 펜션 추천 가평 환타지콜라보,https://blog.naver.com/rhdwndi2/224298144192
935,food,수원,술집,restaurant,1,수원 술집) 수원역 분위기 좋은 가성비 끝판왕 수원역 술집 포차...,https://blog.naver.com/subsub2-/224301716731
936,food,대구,술집,restaurant,1,봉덕동 맛집 봉덕끝집 감자전에 반하고 온 대구 술집,https://blog.naver.com/fprtl0221/224301614332
937,domestic_travel,대구,술집,restaurant,1,봉덕동 맛집 봉덕끝집 감자전에 반하고 온 대구 술집,https://blog.naver.com/fprtl0221/224301614332
938,food,성수,술집,restaurant,1,성수동 맛집 :) 분위기 좋은 레트로 술집 '성수 달맞이 광장...,https://blog.naver.com/kbe0911/224301573584
939,food,인천,술집,restaurant,1,동인천 맛집 술집 차이나타운 필수코스 로컬 인천 맥주 호랑이,https://blog.naver.com/oursophie/224301854503
940,food,강남,술집,restaurant,1,역삼역회식 센민이자카야 분위기 좋은 강남 술집 예약,https://blog.naver.com/minie30/224300760800
941,food,대구,술집 맛집 이었어요,restaurant,1,봉덕동 맛집 봉덕끝집 감자전에 반하고 온 대구 술집,https://blog.naver.com/fprtl0221/224301614332
942,domestic_travel,대구,술집 맛집 이었어요,restaurant,1,봉덕동 맛집 봉덕끝집 감자전에 반하고 온 대구 술집,https://blog.naver.com/fprtl0221/224301614332
943,food,수원,술집 수원역 분위기 좋은 가성비 끝판왕 수원,restaurant,1,수원 술집) 수원역 분위기 좋은 가성비 끝판왕 수원역 술집 포차...,https://blog.naver.com/subsub2-/224301716731
944,food,강남,술집 예약,restaurant,1,역삼역회식 센민이자카야 분위기 좋은 강남 술집 예약,https://blog.naver.com/minie30/224300760800
945,domestic_travel,가평,숲속 호텔,travel_spot,1,가평 글램트리 추천ㅣ숲속 호텔급 시설에 인피니티풀까지...,https://blog.naver.com/lynnda/224300447584
946,food,강남,스페셜티커피,cafe,1,냄새 세게나는 우드톤 느좋카페 내돈내산 후기 (원두 선택 가능),https://blog.naver.com/oomnyaam/224300016620
947,food,부산,스페셜티커피,cafe,1,[해운대 오션뷰 카페] 더 반 베를린 부산점,https://blog.naver.com/merry96715/224301618919
948,domestic_travel,부산,스페셜티커피,cafe,1,[해운대 오션뷰 카페] 더 반 베를린 부산점,https://blog.naver.com/merry96715/224301618919
949,food,대전,식당,restaurant,1,대전 맛집 쌍둥이수육국밥 월평선사점의 푸짐했던 식사후기,https://blog.naver.com/narara20000/224301704324
950,domestic_travel,대전,식당,restaurant,1,대전 맛집 쌍둥이수육국밥 월평선사점의 푸짐했던 식사후기,https://blog.naver.com/narara20000/224301704324
951,food,대구,식당,restaurant,1,"대구 동구 숨은 집밥 맛집 , 두손보리밥에서 든든한 한 끼",https://blog.naver.com/nadiyya79/224301870840
952,food,성수,식당,restaurant,1,성수 일식 맛집 탐광 내돈내산 솔직 리뷰,https://blog.naver.com/eunsu_exe/224301452958
953,domestic_travel,성수,식당,restaurant,1,성수 일식 맛집 탐광 내돈내산 솔직 리뷰,https://blog.naver.com/eunsu_exe/224301452958
954,food,강남,식당,restaurant,1,게 느껴지는 고급스러운 솥밥 식당 강남고속터미널 맛집 후기,https://blog.naver.com/peacedaily/224300775751
955,food,부산,식당,restaurant,1,부산 살면서 느낀 돼지국밥 처음 먹는 사람들 특징 정리,https://blog.naver.com/travelsolve/224295988025
956,domestic_travel,부산,식당,restaurant,1,부산 살면서 느낀 돼지국밥 처음 먹는 사람들 특징 정리,https://blog.naver.com/travelsolve/224295988025
957,food,인천,식당 리뷰 강릉해변,restaurant,1,[식당 리뷰] 강릉해변메밀막국수 인천검단점 에서 물막국수...,https://blog.naver.com/pandorr/224301724885
958,domestic_travel,인천,식당 리뷰 강릉해변,restaurant,1,[식당 리뷰] 강릉해변메밀막국수 인천검단점 에서 물막국수...,https://blog.naver.com/pandorr/224301724885
959,domestic_travel,강릉,식당 리뷰 강릉해변,restaurant,1,[식당 리뷰] 강릉해변메밀막국수 인천검단점 에서 물막국수...,https://blog.naver.com/pandorr/224301724885
960,food,광주,식당부터,restaurant,1,당일치기 드라이브 추천 #2|경기도 광주 식당부터 카페까지,https://blog.naver.com/grow_with_me_365/224301141048
961,domestic_travel,광주,식당부터,restaurant,1,당일치기 드라이브 추천 #2|경기도 광주 식당부터 카페까지,https://blog.naver.com/grow_with_me_365/224301141048
962,food,광주,식당부터 카페까지 오늘의 당일치기 드라이브,cafe,1,당일치기 드라이브 추천 #2|경기도 광주 식당부터 카페까지,https://blog.naver.com/grow_with_me_365/224301141048
963,domestic_travel,광주,식당부터 카페까지 오늘의 당일치기 드라이브,cafe,1,당일치기 드라이브 추천 #2|경기도 광주 식당부터 카페까지,https://blog.naver.com/grow_with_me_365/224301141048
964,food,제주,신길동 가보자식당,restaurant,1,[ 신길동 가보자식당 ] +내돈내산,https://blog.naver.com/dhalsdk6661/224301738414
965,food,수원,신동 카페거리 맛집 인 쿄와동에 다녀왔어요,cafe,1,수원신동카페거리 맛집 쿄와동 내돈내산,https://blog.naver.com/gayoung1743/224301839727
966,domestic_travel,강릉,신라 모노그램 호텔,travel_spot,1,강릉 신라 모노그램 호텔 레지던스 비교 재방문 만족 gym...,https://blog.naver.com/kangeunjeu/224301825780
967,domestic_travel,강릉,신라 모노그램 호텔 레지던스 비교 재방문 만,travel_spot,1,강릉 신라 모노그램 호텔 레지던스 비교 재방문 만족 gym...,https://blog.naver.com/kangeunjeu/224301825780
968,food,대구,신라식당,restaurant,1,대구 동성로 맛집 신라식당 한일점 내돈내산,https://blog.naver.com/mink1004z/224301856634
969,food,대구,신라식당이였습니다 다음엔 또,restaurant,1,대구 동성로 맛집 신라식당 한일점 내돈내산,https://blog.naver.com/mink1004z/224301856634
970,food,종로,신라호텔,travel_spot,1,익선동 파스타 맛집 신라호텔 10년 경력 셰프의 독립밀방...,https://blog.naver.com/minji9038/224301574094
971,domestic_travel,제주,신라호텔,travel_spot,1,"[제주] 제주 신라호텔- (6/1~6/3) 72시간 깜짝 특가, 룸온리...",https://blog.naver.com/kindandlove/224300902794
972,domestic_travel,제주,신라호텔- 6 1,travel_spot,1,"[제주] 제주 신라호텔- (6/1~6/3) 72시간 깜짝 특가, 룸온리...",https://blog.naver.com/kindandlove/224300902794
973,food,강남,신사역 돈까스 맛집 카츠공방,restaurant,1,신사역 돈까스 맛집 카츠공방 신사역점 모듬카츠세트가 진짜...,https://blog.naver.com/kichica/224301755780
974,food,성수,신상 맛집 답게 지나가는,restaurant,1,오픈런 후기｜웨이팅 전에 다녀온 신상 감자간식 맛집,https://blog.naver.com/ekhankim/224300847571
975,food,대구,신상 카페 6 1 가오픈 카페,cafe,1,[대구 신상 카페] 6/1 가오픈! 카페룰리오가닉 수성구청점 발...,https://blog.naver.com/coffeeprincess1/224301788679
976,food,대구,신상 카페 6 1 가오픈 카페룰리오가닉 수성,cafe,1,[대구 신상 카페] 6/1 가오픈! 카페룰리오가닉 수성구청점 발...,https://blog.naver.com/coffeeprincess1/224301788679
977,food,대전,신상카페 뚱기가 다녀온 장동 대형 베이커리,cafe,1,[대전 신상카페] 뚱기가 다녀온 장동 대형 베이커리 카페...,https://blog.naver.com/care1cb/224301855890
978,domestic_travel,대전,신상카페 뚱기가 다녀온 장동 대형 베이커리,cafe,1,[대전 신상카페] 뚱기가 다녀온 장동 대형 베이커리 카페...,https://blog.naver.com/care1cb/224301855890
979,domestic_travel,전주,신시가지 브런치 뷔페 효자동 브런치 맛집 에,cafe,1,[메종드앤]전주 신시가지 브런치 뷔페|효자동 브런치 맛집 에서...,https://blog.naver.com/kim1004a/224301824946
980,domestic_travel,전주,신시가지레스토랑,restaurant,1,"맛집 핸더 신시가지점, 분위기 좋은 전주파스타 맛집 추천",https://blog.naver.com/tnlavy12/224301829194
981,food,인천,신시모도 맛집 고남정 물회,restaurant,1,인천 신시모도 맛집 ‘고남정’|물회·해물부추전·멍게비빔밥...,https://blog.naver.com/yrmrmrm/224300060279
982,domestic_travel,인천,신시모도 맛집 고남정 물회,restaurant,1,인천 신시모도 맛집 ‘고남정’|물회·해물부추전·멍게비빔밥...,https://blog.naver.com/yrmrmrm/224300060279
983,food,대구,신암동 맛집 더큰본부 기본 닭똥집은 당연히,restaurant,1,동대구역 주변 맛집 대구 신암동 더큰본부 똥집골목 닭똥집 추천,https://blog.naver.com/hyuny127/224301715917
984,domestic_travel,대구,신암동 맛집 더큰본부 기본 닭똥집은 당연히,restaurant,1,동대구역 주변 맛집 대구 신암동 더큰본부 똥집골목 닭똥집 추천,https://blog.naver.com/hyuny127/224301715917
985,food,대구,신암동 맛집 더큰본부 I 대구 맛집,restaurant,1,"[대구 신암동 맛집 ] 더큰본부 I... 대구 맛집 , 현지인 맛집 ...",https://blog.naver.com/002young_/224300210231
986,domestic_travel,대구,신암동 맛집 더큰본부 I 대구 맛집,restaurant,1,"[대구 신암동 맛집 ] 더큰본부 I... 대구 맛집 , 현지인 맛집 ...",https://blog.naver.com/002young_/224300210231
987,food,대구,신암동 맛집 더큰본부 I 대구 맛집 현지인,restaurant,1,"[대구 신암동 맛집 ] 더큰본부 I... 대구 맛집 , 현지인 맛집 ...",https://blog.naver.com/002young_/224300210231
988,domestic_travel,대구,신암동 맛집 더큰본부 I 대구 맛집 현지인,restaurant,1,"[대구 신암동 맛집 ] 더큰본부 I... 대구 맛집 , 현지인 맛집 ...",https://blog.naver.com/002young_/224300210231
989,food,광주,신창동 임산부 왁싱 뷰티바이윤 내돈내산,restaurant,1,광주 신창동 임산부 왁싱 뷰티바이윤 내돈내산 후기,https://blog.naver.com/902_s2/224301742008
990,food,대구,신천시장,travel_spot,1,대구 한식 오마카세 “현방” 생일 내돈내산 아쉬운 후기...,https://blog.naver.com/honestzzang/224301739246
991,domestic_travel,대구,신천시장,travel_spot,1,대구 한식 오마카세 “현방” 생일 내돈내산 아쉬운 후기...,https://blog.naver.com/honestzzang/224301739246
992,food,성수,실바니안팝업,popup,1,주말 성수동 데이트 코스 가볼만한곳 놀거리 맛집 추천 TOP5는?,https://blog.naver.com/project-jaden/224301517252
993,domestic_travel,성수,실바니안팝업,popup,1,주말 성수동 데이트 코스 가볼만한곳 놀거리 맛집 추천 TOP5는?,https://blog.naver.com/project-jaden/224301517252
994,food,대전,싸인식당,restaurant,1,광주 쌍촌동 맛집 커먼스 광주본점 : 미국 감성 야장 테라스에서...,https://blog.naver.com/2317995/224301511335
995,food,광주,싸인식당,restaurant,1,광주 쌍촌동 맛집 커먼스 광주본점 : 미국 감성 야장 테라스에서...,https://blog.naver.com/2317995/224301511335
996,food,강남,쌀국수 가성비 맛집 땀땀 내돈내산 강남 가성,restaurant,1,강남 쌀국수 가성비 맛집 땀땀 내돈내산,https://blog.naver.com/maker_joy/224301806898
997,domestic_travel,광주,쌍암공원,travel_spot,1,광주풍암체육공원 할로윈 숲체험 아이와가기좋은곳,https://blog.naver.com/wicket69986/224301855053
998,food,광주,쌍촌동 맛집 커먼스 광주본점 미국 감성 야장,restaurant,1,광주 쌍촌동 맛집 커먼스 광주본점 : 미국 감성 야장 테라스에서...,https://blog.naver.com/2317995/224301511335
999,food,강남,썸띵어바웃커피,cafe,1,신논현역 카페 추천! 흑임자크림라떼가 정말 맛있었던...,https://blog.naver.com/yallyallyallalla/224301523475
1000,domestic_travel,가평,아기랑 청평호펜션 수상스키 즐길 수 있는 곳,travel_spot,1,가평 아기랑 청평호펜션 수상스키 즐길 수 있는 곳,https://blog.naver.com/jtlwkd123/224297872054
1001,food,수원,아기의자있는식당,restaurant,1,국물 한입에 속까지 든든했던 영통 맛집,https://blog.naver.com/xoornjseh/224301849909
1002,food,수원,아백화점 광교점 광교 갤러리,attraction,1,[광교 맛집 ] 바다를 먹은 고등어 갤러리아백화점 광교점,https://blog.naver.com/sidero10/224301852891
1003,food,제주,아베베베이커리제주 업체명 아베베베이커리,cafe,1,아베베베이커리 제주 (ABEBE BAKERY Jeju) 동문시장 핫플 방문기,https://blog.naver.com/zzzdkrltnekf/224301715533
1004,domestic_travel,제주,아베베베이커리제주 업체명 아베베베이커리,cafe,1,아베베베이커리 제주 (ABEBE BAKERY Jeju) 동문시장 핫플 방문기,https://blog.naver.com/zzzdkrltnekf/224301715533
1005,domestic_travel,전주,아산축제,attraction,1,아산 외암마을 야행 — 조선시대 밤마실로 떠나는 특별한 하룻밤,https://blog.naver.com/victory0133/224301499285
1006,domestic_travel,제주,아이동반 숙소 찾는다면 글램핑 카라반 BES,travel_spot,1,"제주 아이동반 숙소 찾는다면? 글램핑,카라반 BEST 3 솔직 후기",https://blog.naver.com/momopia/224301863026
1007,food,광주,아이랑 가기 좋은 캠핑바베큐 헬로우텍사스 솔,restaurant,1,"광주 아이랑 가기 좋은 캠핑바베큐, 헬로우텍사스 솔직후기",https://blog.naver.com/hamkke_haru/224301768952
1008,domestic_travel,광주,아이랑 가기 좋은 캠핑바베큐 헬로우텍사스 솔,restaurant,1,"광주 아이랑 가기 좋은 캠핑바베큐, 헬로우텍사스 솔직후기",https://blog.naver.com/hamkke_haru/224301768952
1009,domestic_travel,대전,아이랑 가볼만한곳 관저동 실내바다낚시터 안녕,restaurant,1,대전 아이랑 가볼만한곳 관저동 실내바다낚시터,https://blog.naver.com/sim7512/224301803373
1010,domestic_travel,가평,아이랑 가평 1박2일 자라섬 꽃축제,attraction,1,아이랑 가평 1박2일 : 자라섬 꽃축제 남이섬 입장권 할인받고...,https://blog.naver.com/donnago_/224299287499
1011,food,부산,아이랑갈만한식당,restaurant,1,부산동래 맛집 센교 회전초밥 맛집 아이랑갈만한식당 부산회전초밥,https://blog.naver.com/kanghee225-/224301878791
1012,food,대구,아이랑동성로식당,restaurant,1,"[글쓰기] 260503 : 대구 여행 1일차 / 서문시장, 동성로...",https://blog.naver.com/kkokkorun/224301643583
1013,domestic_travel,대구,아이랑동성로식당,restaurant,1,"[글쓰기] 260503 : 대구 여행 1일차 / 서문시장, 동성로...",https://blog.naver.com/kkokkorun/224301643583
1014,food,대구,아이랑식당,restaurant,1,"대구 앞산 맛집 파스타가 맛있는 호어모아 아기랑 유모차,주차...",https://blog.naver.com/family_3j/224301549173
1015,domestic_travel,대구,아이랑식당,restaurant,1,"대구 앞산 맛집 파스타가 맛있는 호어모아 아기랑 유모차,주차...",https://blog.naver.com/family_3j/224301549173
1016,domestic_travel,가평,아이랑호텔,travel_spot,1,가평아난티 무라타하우스 아이랑 가평 여행! (히노끼탕/수영장...,https://blog.naver.com/smk03011/224301869303
1017,domestic_travel,전주,아중리술집,restaurant,1,전주 아중리술집 럭셔리가맥 ｜ 현지인들이 찾는 가맥 맛집,https://blog.naver.com/hitejinro_jeonju/224301638559
1018,domestic_travel,전주,아중리술집 럭셔리가맥,restaurant,1,전주 아중리술집 럭셔리가맥 ｜ 현지인들이 찾는 가맥 맛집,https://blog.naver.com/hitejinro_jeonju/224301638559
1019,food,인천,안동집 경동시장,travel_spot,1,[ 서울 군자&잠실/인천 송도&강화도/충남 서산 맛집 ] 5주 동안...,https://blog.naver.com/eunjji-/224301207898
1020,domestic_travel,인천,안동집 경동시장,travel_spot,1,[ 서울 군자&잠실/인천 송도&강화도/충남 서산 맛집 ] 5주 동안...,https://blog.naver.com/eunjji-/224301207898
1021,food,부산,안락동 온천천카페거리 분위기 맛집 비스트로타,cafe,1,"부산 안락동 온천천카페거리 분위기 맛집 , 비스트로타마르 강추",https://blog.naver.com/hykslover0328/224301704035
1022,domestic_travel,부산,안락동 온천천카페거리 분위기 맛집 비스트로타,cafe,1,"부산 안락동 온천천카페거리 분위기 맛집 , 비스트로타마르 강추",https://blog.naver.com/hykslover0328/224301704035
1023,domestic_travel,강릉,안목 커피,cafe,1,강릉의 숨은 명소 Best 5 - 케이드라이브 기사님들이 추천해요!,https://blog.naver.com/kd_1577/224299896389
1024,domestic_travel,강릉,안목해변 차박 일출 하나로 유명해진 이유 솔,travel_spot,1,"강릉 안목해변 차박, 일출 하나로 유명해진 이유",https://blog.naver.com/medic3939/224300583314
1025,food,성수,안에 위치한 곳으로 정감가는 시장,travel_spot,1,성수 뚝도시장 서울맛집 내돈내산 후기,https://blog.naver.com/reviewkong/224300749417
1026,domestic_travel,성수,안에 위치한 곳으로 정감가는 시장,travel_spot,1,성수 뚝도시장 서울맛집 내돈내산 후기,https://blog.naver.com/reviewkong/224300749417
1027,domestic_travel,전주,알뜰 쇼핑 전통시장,travel_spot,1,[알뜰 쇼핑] 전통시장의 스마트한 변신! '온누리상품권...,https://blog.naver.com/wjswnekdma/224300211909
1028,food,강남,압구정로데오역 보보식당 흑백요리사2 맛집,restaurant,1,[강남/압구정로데오역] 보보식당 흑백요리사2 맛집 중식 압구정...,https://blog.naver.com/comatdragon/224301023720
1029,food,강남,압구정로데오역 보보식당 흑백요리사2 맛집 중,restaurant,1,[강남/압구정로데오역] 보보식당 흑백요리사2 맛집 중식 압구정...,https://blog.naver.com/comatdragon/224301023720
1030,food,강남,압구정룸식당,restaurant,1,[강남/압구정로데오역] 보보식당 흑백요리사2 맛집 중식 압구정...,https://blog.naver.com/comatdragon/224301023720
1031,food,대구,앞산 맛집 파스타가 맛있는 호어모아 아기랑,restaurant,1,"대구 앞산 맛집 파스타가 맛있는 호어모아 아기랑 유모차,주차...",https://blog.naver.com/family_3j/224301549173
1032,domestic_travel,대구,앞산 맛집 파스타가 맛있는 호어모아 아기랑,restaurant,1,"대구 앞산 맛집 파스타가 맛있는 호어모아 아기랑 유모차,주차...",https://blog.naver.com/family_3j/224301549173
1033,food,대구,앞산 한정식 솥밥 더덕구이정식 맛집 백,restaurant,1,[대구 맛집 ] 앞산 한정식 솥밥 더덕구이정식 맛집 백복수반,https://blog.naver.com/sbsbsbsb_____/224301797981
1034,food,대구,앞산레스토랑,restaurant,1,대구 분위기 좋은 양식 맛집 ㅣ베르덴,https://blog.naver.com/sw112319/224301576224
1035,domestic_travel,대구,앞산레스토랑,restaurant,1,대구 분위기 좋은 양식 맛집 ㅣ베르덴,https://blog.naver.com/sw112319/224301576224
1036,food,대전,애견 동반 카페 맛집 견우째를 다녀왔습니다,cafe,1,대전애견동반카페 견우재,https://blog.naver.com/angel-7779/224301860454
1037,domestic_travel,성수,애견동반 여름 축제,attraction,1,애견동반 여름 축제 강원도 가볼만한 곳 강릉 안목 추천,https://blog.naver.com/hodoo527/224301713705
1038,domestic_travel,강릉,애견동반 여름 축제,attraction,1,애견동반 여름 축제 강원도 가볼만한 곳 강릉 안목 추천,https://blog.naver.com/hodoo527/224301713705
1039,food,부산,애견동반식당,restaurant,1,해운대 맛집 애견동반 가능 샤브 드 해운대,https://blog.naver.com/sobeimish/224301678934
1040,domestic_travel,부산,애견동반식당,restaurant,1,해운대 맛집 애견동반 가능 샤브 드 해운대,https://blog.naver.com/sobeimish/224301678934
1041,food,대구,애견동반식당,restaurant,1,"호떡이의 애견동반 맛집 ... 대구가족모임, 내돈내산 ...",https://blog.naver.com/bae_hodddddeok/224301752176
1042,food,대전,애견동반카페 견우재 오늘은 대전시,attraction,1,대전애견동반카페 견우재,https://blog.naver.com/angel-7779/224301860454
1043,domestic_travel,가평,애견카페 디그르르에서 신나게 뛰어놀고 난 뒤,cafe,1,"[가평 대성리역 닭갈비 맛집] ""대성리 대가집"" 애견동반 가능한...",https://blog.naver.com/dmsgmleogns/224295868011
1044,domestic_travel,부산,애기가 열심히 사진도 찍어주고 국제시장,travel_spot,1,메이,https://blog.naver.com/zlsvvn/224301609504
1045,food,인천,애슐리키위축제,attraction,1,"마억두의 애슐리퀸즈 스퀘어원점 후기 (동춘동뷔페, 키위축제...",https://blog.naver.com/gpdus508500/224301763232
1046,domestic_travel,인천,애슐리키위축제,attraction,1,"마억두의 애슐리퀸즈 스퀘어원점 후기 (동춘동뷔페, 키위축제...",https://blog.naver.com/gpdus508500/224301763232
1047,food,제주,애월 10만원대 가성비 독채 오션뷰 숙소,travel_spot,1,제주 애월 10만원대 가성비 독채 오션뷰 숙소 ㅣ 에어비앤비 추천,https://blog.naver.com/lsjsu1241/224301725280
1048,domestic_travel,제주,애월 10만원대 가성비 독채 오션뷰 숙소,travel_spot,1,제주 애월 10만원대 가성비 독채 오션뷰 숙소 ㅣ 에어비앤비 추천,https://blog.naver.com/lsjsu1241/224301725280
1049,food,제주,애월 오션뷰 고기국수 맛집 아침바다 고기 그,restaurant,1,[제주도] 제주 애월 오션뷰 고기국수 맛집 ‘아침바다 고기...,https://blog.naver.com/4_15log/224301838672
1050,domestic_travel,제주,애월 오션뷰 고기국수 맛집 아침바다 고기 그,restaurant,1,[제주도] 제주 애월 오션뷰 고기국수 맛집 ‘아침바다 고기...,https://blog.naver.com/4_15log/224301838672
1051,domestic_travel,전주,야간축제,attraction,1,2026 전주국가유산야행 일정 주차 예약 한옥마을 야경 코스...,https://blog.naver.com/sunha1011/224301531077
1052,food,제주,야시장,travel_spot,1,제주 동문시장 야시장 8번 출구 후기! 딱새우회·방어회 먹고...,https://blog.naver.com/22ing2/224301850927
1053,domestic_travel,제주,야시장,travel_spot,1,제주 동문시장 야시장 8번 출구 후기! 딱새우회·방어회 먹고...,https://blog.naver.com/22ing2/224301850927
1054,domestic_travel,전주,야시장,travel_spot,1,전주 여행 마지막 밤은 남부시장 야시장으로,https://blog.naver.com/harangru/224301226263
1055,food,종로,야장 국제시장 포차를 다녀왔습니다 종로 사람,travel_spot,1,"[종로] 내돈내산, 종로야장 어디로 갈까 나는 ""국제시장 포차""",https://blog.naver.com/kahu9003/224298659460
1056,food,광주,야장 해방촌 포장마차 감성 찐 맛집 뼈찜세트,restaurant,1,광주 야장 해방촌 :: 포장마차 감성 찐 맛집 / 뼈찜세트 추천 후기,https://blog.naver.com/eunkiko/224301876944
1057,domestic_travel,광주,야장 해방촌 포장마차 감성 찐 맛집 뼈찜세트,restaurant,1,광주 야장 해방촌 :: 포장마차 감성 찐 맛집 / 뼈찜세트 추천 후기,https://blog.naver.com/eunkiko/224301876944
1058,food,성수,야키토리 나루토 생맥주 맛집 내돈내산,restaurant,1,[서울/성수] 야키토리 나루토|생맥주 맛집 [내돈내산],https://blog.naver.com/yjhn00/224301665186
1059,domestic_travel,성수,야키토리 나루토 생맥주 맛집 내돈내산,restaurant,1,[서울/성수] 야키토리 나루토|생맥주 맛집 [내돈내산],https://blog.naver.com/yjhn00/224301665186
1060,food,강남,양갈비 맛집 고메램 오랜만에 모인 회사 동기,restaurant,1,서울 강남 양갈비 맛집 고메램,https://blog.naver.com/thstmdwls54/224301759934
1061,food,대구,양고기,restaurant,1,대구 양고기 맛집 쿠마램 동성로 술집 후기,https://blog.naver.com/nananahn/224301833828
1062,domestic_travel,대구,양고기,restaurant,1,대구 양고기 맛집 쿠마램 동성로 술집 후기,https://blog.naver.com/nananahn/224301833828
1063,food,광주,양림동 맛집 유소바 양림본점 안키모동 자루소,restaurant,1,광주 양림동 맛집 유소바 양림본점 안키모동 자루소바 후기,https://blog.naver.com/hehi1_/224301694921
1064,domestic_travel,광주,양림동 맛집 유소바 양림본점 안키모동 자루소,restaurant,1,광주 양림동 맛집 유소바 양림본점 안키모동 자루소바 후기,https://blog.naver.com/hehi1_/224301694921
1065,food,부산,양정 텐 달러 스테이크 앤 파스타 가성비 좋,restaurant,1,부산 양정 '텐 달러 스테이크 앤 파스타' 가성비 좋은 양식 맛집 ...,https://blog.naver.com/jaegwan_ahn/224300199438
1066,domestic_travel,부산,양정 텐 달러 스테이크 앤 파스타 가성비 좋,restaurant,1,부산 양정 '텐 달러 스테이크 앤 파스타' 가성비 좋은 양식 맛집 ...,https://blog.naver.com/jaegwan_ahn/224300199438
1067,domestic_travel,가평,양주나리공원,travel_spot,1,서울 근교 라벤더 명소·축제 추천,https://blog.naver.com/trendtravel/224296638515
1068,food,대구,어르신식당,restaurant,1,"대구 송현동 맛집 , 부드러운 고기에 가족 외식하기 좋은 뼈구이...",https://blog.naver.com/ccongzzy/224301702098
1069,domestic_travel,대구,어르신식당,restaurant,1,"대구 송현동 맛집 , 부드러운 고기에 가족 외식하기 좋은 뼈구이...",https://blog.naver.com/ccongzzy/224301702098
1070,food,강남,어복쟁반 맛집 서관면옥 삼성점에 다녀왔습니다,restaurant,1,강남 어복쟁반 서관면옥 삼성점 삼성 비빔냉면 맛집 추천,https://blog.naver.com/seohyun051111/224301805123
1071,domestic_travel,제주,에디션 런칭 전시,attraction,1,print bakery x 왈종미술관 에디션 런칭 전시 <제주 생활의...,https://blog.naver.com/hootooteee/224301878991
1072,food,수원,에서 먹는 강릉해변,travel_spot,1,수원에서 먹는 [강릉해변 메밀 막국수] 다녀왔습니다~,https://blog.naver.com/mhhowon/224301741591
1073,domestic_travel,대구,에서 수산물 시장,travel_spot,1,"전남 고창 여행 1 - 고창고인돌박물관, 석정온천, 고창 황윤석...",https://blog.naver.com/kwanieun_/224301466346
1074,food,제주,에서 제일 맛있는 커피,cafe,1,"제주도에서 만난 인생 커피,제주에서 “제일 맛있는”커피...",https://blog.naver.com/naldada_/224301615695
1075,domestic_travel,제주,에서 제일 맛있는 커피,cafe,1,"제주도에서 만난 인생 커피,제주에서 “제일 맛있는”커피...",https://blog.naver.com/naldada_/224301615695
1076,food,대구,에서의 하루 식당,restaurant,1,수성구 도도모,https://blog.naver.com/gaggong100/224301861220
1077,food,성수,에스메로 성수동 칵테일 바 토요일 점심 회식,restaurant,1,2026년 5월 일상,https://blog.naver.com/mono__a/224301823034
1078,food,성수,에스파 팝업 성수역 맛집 아임도넛,popup,1,성수 에스파 팝업 성수역 맛집 아임도넛 내돈내산...,https://blog.naver.com/pingpang0/224301860182
1079,domestic_travel,인천,에어스카이 호텔,travel_spot,1,영종도 숙소:> 에어스카이 호텔 :기분전환하러 가볍게 다녀오기...,https://blog.naver.com/bbozzaki__/224301611040
1080,domestic_travel,강릉,에이치에비뉴호텔,travel_spot,1,[강릉 여행지 숙소 추천] 에이치에비뉴호텔 강릉경포점...,https://blog.naver.com/lettuce030904/224293269658
1081,food,대구,엑스코 맛집 으로 입소문이 난 이유를 알 것,restaurant,1,대구 엑스코 맛집 한끼니쿠에서 즐기는 완벽한 소고기 세트,https://blog.naver.com/adkmk/224301834014
1082,food,대구,엑스코 맛집 한끼니쿠에서 즐기는 완벽한 소고,restaurant,1,대구 엑스코 맛집 한끼니쿠에서 즐기는 완벽한 소고기 세트,https://blog.naver.com/adkmk/224301834014
1083,domestic_travel,광주,여름꽃축제,attraction,1,[경기도 광주 가볼만한곳] 화담숲 여름 수국 축제 예매 및...,https://blog.naver.com/dee7781/224301546752
1084,domestic_travel,가평,여름꽃축제,attraction,1,서울 근교 라벤더 명소·축제 추천,https://blog.naver.com/trendtravel/224296638515
1085,food,대구,여행 1일차 서문시장,travel_spot,1,"[글쓰기] 260503 : 대구 여행 1일차 / 서문시장, 동성로...",https://blog.naver.com/kkokkorun/224301643583
1086,domestic_travel,대구,여행 1일차 서문시장,travel_spot,1,"[글쓰기] 260503 : 대구 여행 1일차 / 서문시장, 동성로...",https://blog.naver.com/kkokkorun/224301643583
1087,food,대구,여행 1일차 서문시장 동성로 다음에도 꼭 들,travel_spot,1,"[글쓰기] 260503 : 대구 여행 1일차 / 서문시장, 동성로...",https://blog.naver.com/kkokkorun/224301643583
1088,domestic_travel,대구,여행 1일차 서문시장 동성로 다음에도 꼭 들,travel_spot,1,"[글쓰기] 260503 : 대구 여행 1일차 / 서문시장, 동성로...",https://blog.naver.com/kkokkorun/224301643583
1089,food,부산,여행 2탄 광안리 카페,cafe,1,"부산 여행 2탄 ""광안리 카페 말루비아""",https://blog.naver.com/watermib/224301872719
1090,food,부산,여행 2탄 광안리 카페 말루비아 계속 미뤘더,cafe,1,"부산 여행 2탄 ""광안리 카페 말루비아""",https://blog.naver.com/watermib/224301872719
1091,food,제주,여행 계획을 세우다 보면 식당,restaurant,1,제주 애월 해오반 후기 _ 애월 한식 맛집 추천,https://blog.naver.com/jblossom-cheonan/224301794576
1092,domestic_travel,제주,여행 계획을 세우다 보면 식당,restaurant,1,제주 애월 해오반 후기 _ 애월 한식 맛집 추천,https://blog.naver.com/jblossom-cheonan/224301794576
1093,domestic_travel,가평,여행 기록 1DAY 1박2일이지만 역시나 바,restaurant,1,가평1박2일 여행 코스 맛집 펜션,https://blog.naver.com/ghwl3434/224301781944
1094,domestic_travel,전주,여행 덕진공원,travel_spot,1,"[전주 여행 ] 덕진공원, 전주 온다면 꼭 들려야 할 숨은 명소!",https://blog.naver.com/01yuchan/224301752002
1095,domestic_travel,전주,여행 덕진공원 전주 온다면 꼭 들려야 할 숨,travel_spot,1,"[전주 여행 ] 덕진공원, 전주 온다면 꼭 들려야 할 숨은 명소!",https://blog.naver.com/01yuchan/224301752002
1096,domestic_travel,전주,여행 마지막 밤은 남부시장 야시장,travel_spot,1,전주 여행 마지막 밤은 남부시장 야시장으로,https://blog.naver.com/harangru/224301226263
1097,domestic_travel,전주,여행 마지막 밤은 남부시장 야시장으로 전주야,travel_spot,1,전주 여행 마지막 밤은 남부시장 야시장으로,https://blog.naver.com/harangru/224301226263
1098,food,인천,여행 만족할 만한 카페인듯 다음 목적지는,cafe,1,5월 인천 여행,https://blog.naver.com/cejourreve/224301773787
1099,food,제주,여행 맛집 검색해서 들어오신 분들 환영합니다,restaurant,1,환불받고 싶을 정도로 기분 잡친 인스타 핫플 솔직후기 내돈내산,https://blog.naver.com/iam_yeon__/224301835392
1100,domestic_travel,제주,여행 맛집 검색해서 들어오신 분들 환영합니다,restaurant,1,환불받고 싶을 정도로 기분 잡친 인스타 핫플 솔직후기 내돈내산,https://blog.naver.com/iam_yeon__/224301835392
1101,food,대구,여행 맛집 진미막창 대구 3대 막창 감자막창,restaurant,1,대구 여행 맛집 진미막창 대구 3대 막창 감자막창 막쫀꾸 후기,https://blog.naver.com/ehsats/224301510689
1102,domestic_travel,대구,여행 맛집 진미막창 대구 3대 막창 감자막창,restaurant,1,대구 여행 맛집 진미막창 대구 3대 막창 감자막창 막쫀꾸 후기,https://blog.naver.com/ehsats/224301510689
1103,food,제주,여행 에서 만난 인연들과 함께 춘미향식당,restaurant,1,제주또?또제주?(2),https://blog.naver.com/everbloom_/224301680263
1104,food,제주,여행 에서 만난 인연들과 함께 춘미향식당으로,restaurant,1,제주또?또제주?(2),https://blog.naver.com/everbloom_/224301680263
1105,food,대전,여행 에서도 꼭 가봐야겠다고 생각한 맛집은,restaurant,1,대전 여행 임영웅 순댓국 맛집 오문창 순댓국 후기 주차 메뉴,https://blog.naver.com/tooooodays/224301618689
1106,domestic_travel,대전,여행 에서도 꼭 가봐야겠다고 생각한 맛집은,restaurant,1,대전 여행 임영웅 순댓국 맛집 오문창 순댓국 후기 주차 메뉴,https://blog.naver.com/tooooodays/224301618689
1107,domestic_travel,부산,여행 오면 바다는 많이 보는데 하늘에서 내려,restaurant,1,부산 여행 간다면 여기 진짜 저장 필수,https://blog.naver.com/gua10256/224300714716
1108,domestic_travel,전주,여행 오실때 이 덕진공원도 한번쯤 들려보시면,travel_spot,1,"[전주 여행 ] 덕진공원, 전주 온다면 꼭 들려야 할 숨은 명소!",https://blog.naver.com/01yuchan/224301752002
1109,food,제주,여행 의 마지막 변수는 날씨예요 맑다가도 바,restaurant,1,제주공항 맛집·면세점 쇼핑 코스 완전정리: 탑승 전 2시간...,https://blog.naver.com/betterthanever0810/224301780420
1110,food,대전,여행 임영웅 순댓국 맛집 오문창 순댓국,restaurant,1,대전 여행 임영웅 순댓국 맛집 오문창 순댓국 후기 주차 메뉴,https://blog.naver.com/tooooodays/224301618689
1111,domestic_travel,대전,여행 임영웅 순댓국 맛집 오문창 순댓국,restaurant,1,대전 여행 임영웅 순댓국 맛집 오문창 순댓국 후기 주차 메뉴,https://blog.naver.com/tooooodays/224301618689
1112,domestic_travel,제주,여행 제주동문시장,travel_spot,1,퇴사 후 뚜벅이 제주 여행 !: 제주동문시장편,https://blog.naver.com/hyeppey/224301822475
1113,domestic_travel,제주,여행 제주동문시장편 제주 여행 다녀온지 2달,travel_spot,1,퇴사 후 뚜벅이 제주 여행 !: 제주동문시장편,https://blog.naver.com/hyeppey/224301822475
1114,food,제주,여행 중 제주도 갈치조림 맛집 찾는다면 후회,restaurant,1,제주 갈치조림 맛집 제주도갈치조림 추천 애월 갈치바다 후기,https://blog.naver.com/gftravel/224301739365
1115,domestic_travel,제주,여행 중 제주도 갈치조림 맛집 찾는다면 후회,restaurant,1,제주 갈치조림 맛집 제주도갈치조림 추천 애월 갈치바다 후기,https://blog.naver.com/gftravel/224301739365
1116,domestic_travel,가평,여행_김유정문학촌 카페 맛집_카페봄촌 fea,cafe,1,춘천/가평 여행_김유정문학촌 카페 맛집_카페봄촌(feat...,https://blog.naver.com/yomozomo09/224301853192
1117,food,제주,여행때 애월에 숙소를 잡으면 어디든 다니기,travel_spot,1,제주 애월 10만원대 가성비 독채 오션뷰 숙소 ㅣ 에어비앤비 추천,https://blog.naver.com/lsjsu1241/224301725280
1118,domestic_travel,제주,여행때 애월에 숙소를 잡으면 어디든 다니기,travel_spot,1,제주 애월 10만원대 가성비 독채 오션뷰 숙소 ㅣ 에어비앤비 추천,https://blog.naver.com/lsjsu1241/224301725280
1119,food,광주,여행시 꼭 가봐야할 빵집 빙수맛집 충장로,restaurant,1,"[광주] 광주여행시 꼭 가봐야할 빵집, 빙수맛집 '충장로 궁전제과'",https://blog.naver.com/624jtt/224301782679
1120,domestic_travel,광주,여행시 꼭 가봐야할 빵집 빙수맛집 충장로,restaurant,1,"[광주] 광주여행시 꼭 가봐야할 빵집, 빙수맛집 '충장로 궁전제과'",https://blog.naver.com/624jtt/224301782679
1121,food,제주,여행에서는 저녁 먹고 동문시장 야시장,travel_spot,1,제주 동문시장 야시장 8번 출구 후기! 딱새우회·방어회 먹고...,https://blog.naver.com/22ing2/224301850927
1122,domestic_travel,제주,여행에서는 저녁 먹고 동문시장 야시장,travel_spot,1,제주 동문시장 야시장 8번 출구 후기! 딱새우회·방어회 먹고...,https://blog.naver.com/22ing2/224301850927
1123,food,제주,여행에서도 다시 방문하고 싶은 카페로 기억에,cafe,1,[제주도] 제주 시내 감성 카페 / 제주도 느좋 카페 / 공항 근처...,https://blog.naver.com/ddgo0/224301799086
1124,domestic_travel,제주,여행에서도 다시 방문하고 싶은 카페로 기억에,cafe,1,[제주도] 제주 시내 감성 카페 / 제주도 느좋 카페 / 공항 근처...,https://blog.naver.com/ddgo0/224301799086
1125,food,종로,연남토마 북촌점 완전 만족한 식당,restaurant,1,[연남토마 북촌점] 완전 만족한 식당,https://blog.naver.com/dada3229-/224301060724
1126,food,부산,연산 사시미와 산도 맛집 키리츠 키리츠 내돈,restaurant,1,"(부산/연산) 사시미와 산도 맛집 , 키리츠",https://blog.naver.com/eldrn990/224301769715
1127,food,인천,연수구 맛집 양꼬치 무한리필,restaurant,1,인천 연수구 맛집 /양꼬치 무한리필 <양고기 동아리> 후기...,https://blog.naver.com/csr2326/224301771044
1128,domestic_travel,인천,연수구 맛집 양꼬치 무한리필,restaurant,1,인천 연수구 맛집 /양꼬치 무한리필 <양고기 동아리> 후기...,https://blog.naver.com/csr2326/224301771044
1129,food,인천,연수동 냉면 맛집 함흥냉면 청학냉면육개장 내,restaurant,1,인천 연수동 냉면 맛집 함흥냉면 청학냉면육개장 내돈내산 ...,https://blog.naver.com/thdudzhdkffk/224301735142
1130,domestic_travel,인천,연수동 냉면 맛집 함흥냉면 청학냉면육개장 내,restaurant,1,인천 연수동 냉면 맛집 함흥냉면 청학냉면육개장 내돈내산 ...,https://blog.naver.com/thdudzhdkffk/224301735142
1131,food,인천,연수동 순대국 맛집 백암왕순대,restaurant,1,인천 연수동 순대국 맛집 백암왕순대,https://blog.naver.com/flower_golden/224279963114
1132,food,대구,연탄돼지불고기 대구광역시 북구 칠성시장,restaurant,1,[단골식당 연탄돼지불고기] 백종원 3대천왕 출연한 불향...,https://blog.naver.com/andy_365/224299370604
1133,domestic_travel,대구,연탄돼지불고기 대구광역시 북구 칠성시장,restaurant,1,[단골식당 연탄돼지불고기] 백종원 3대천왕 출연한 불향...,https://blog.naver.com/andy_365/224299370604
1134,food,광주,연화식당 가기 전 필독 육전,restaurant,1,광주 연화식당 가기 전 필독: 육전·룸·방송 소문까지 한 번에...,https://blog.naver.com/e150934/224301848407
1135,food,광주,연화식당 혼밥 육전 때문에 찾았다가 오히려,restaurant,1,"광주 연화식당 혼밥, 육전 때문에 찾았다가 오히려 분위기가 더...",https://blog.naver.com/attageogi/224301554331
1136,domestic_travel,광주,연화식당 혼밥 육전 때문에 찾았다가 오히려,restaurant,1,"광주 연화식당 혼밥, 육전 때문에 찾았다가 오히려 분위기가 더...",https://blog.naver.com/attageogi/224301554331
1137,food,광주,연화식당을 든든한 점심 이나 어른 식사 자리,restaurant,1,광주 연화식당 가기 전 필독: 육전·룸·방송 소문까지 한 번에...,https://blog.naver.com/e150934/224301848407
1138,food,대구,영남대 점심 맛집 영대 현지인 제육식당,restaurant,1,영남대 점심 맛집 영대 현지인 제육식당 경주국밥,https://blog.naver.com/kdh5054/224300869929
1139,domestic_travel,대구,영남대 점심 맛집 영대 현지인 제육식당,restaurant,1,영남대 점심 맛집 영대 현지인 제육식당 경주국밥,https://blog.naver.com/kdh5054/224300869929
1140,food,대구,영대 현지인 제육식당,restaurant,1,영남대 점심 맛집 영대 현지인 제육식당 경주국밥,https://blog.naver.com/kdh5054/224300869929
1141,domestic_travel,대구,영대 현지인 제육식당,restaurant,1,영남대 점심 맛집 영대 현지인 제육식당 경주국밥,https://blog.naver.com/kdh5054/224300869929
1142,food,부산,영도 감성커피,cafe,1,[부산 영도] 감성커피 영도대교점 후기｜감성커피 신메뉴...,https://blog.naver.com/168_eo/224301766082
1143,domestic_travel,부산,영도 감성커피,cafe,1,[부산 영도] 감성커피 영도대교점 후기｜감성커피 신메뉴...,https://blog.naver.com/168_eo/224301766082
1144,food,부산,영도 감성커피 영도대교점,cafe,1,[부산 영도] 감성커피 영도대교점 후기｜감성커피 신메뉴...,https://blog.naver.com/168_eo/224301766082
1145,domestic_travel,부산,영도 감성커피 영도대교점,cafe,1,[부산 영도] 감성커피 영도대교점 후기｜감성커피 신메뉴...,https://blog.naver.com/168_eo/224301766082
1146,food,부산,영도 오션뷰 캠핑 바베큐 몽작 찐 솔직,restaurant,1,"부산 영도 오션뷰 캠핑 바베큐 몽작 찐 솔직후기 (주차, 예약...",https://blog.naver.com/travelbenz_o0o/224301605110
1147,domestic_travel,부산,영도 오션뷰 캠핑 바베큐 몽작 찐 솔직,restaurant,1,"부산 영도 오션뷰 캠핑 바베큐 몽작 찐 솔직후기 (주차, 예약...",https://blog.naver.com/travelbenz_o0o/224301605110
1148,domestic_travel,강릉,영월서부시장,travel_spot,1,강릉과 영월로 떠난 1박 2일 세미나 기록 아르떼뮤지엄의...,https://blog.naver.com/piable/224301370168
1149,domestic_travel,인천,영종도 놀거리 갈만한곳 선녀바위 해수욕장 해,restaurant,1,인천 영종도 놀거리 갈만한곳 선녀바위 해수욕장 해루질 인기...,https://blog.naver.com/rivertour/224301401687
1150,food,인천,영종도 마시안해변,travel_spot,1,[영종도] 인천 영종도 마시안해변 일몰 맛집 /철이네 물회 후기,https://blog.naver.com/logintobrown/224301819349
1151,domestic_travel,인천,영종도 마시안해변,travel_spot,1,[영종도] 인천 영종도 마시안해변 일몰 맛집 /철이네 물회 후기,https://blog.naver.com/logintobrown/224301819349
1152,food,인천,영종도 마시안해변 일몰 맛집 철이네 물회 후,restaurant,1,[영종도] 인천 영종도 마시안해변 일몰 맛집 /철이네 물회 후기,https://blog.naver.com/logintobrown/224301819349
1153,domestic_travel,인천,영종도 마시안해변 일몰 맛집 철이네 물회 후,restaurant,1,[영종도] 인천 영종도 마시안해변 일몰 맛집 /철이네 물회 후기,https://blog.naver.com/logintobrown/224301819349
1154,food,인천,영종도 맛집 밀본가 주말 가족 나들이로 다녀,restaurant,1,운서동 인천 영종도 맛집 '밀본가' 주말 가족 나들이로 다녀온...,https://blog.naver.com/blue8249/224301792528
1155,domestic_travel,인천,영종도 맛집 밀본가 주말 가족 나들이로 다녀,restaurant,1,운서동 인천 영종도 맛집 '밀본가' 주말 가족 나들이로 다녀온...,https://blog.naver.com/blue8249/224301792528
1156,food,인천,영종도 맛집이자 대표 칼국수 전문점인 밀본가,restaurant,1,운서동 인천 영종도 맛집 '밀본가' 주말 가족 나들이로 다녀온...,https://blog.naver.com/blue8249/224301792528
1157,domestic_travel,인천,영종도 맛집이자 대표 칼국수 전문점인 밀본가,restaurant,1,운서동 인천 영종도 맛집 '밀본가' 주말 가족 나들이로 다녀온...,https://blog.naver.com/blue8249/224301792528
1158,food,인천,영종도 베이글 맛집 바다 보며 즐기는 엉클베,restaurant,1,"인천 영종도 베이글 맛집 , 바다 보며 즐기는 엉클베어베이글...",https://blog.naver.com/lttae/224301875421
1159,domestic_travel,인천,영종도 베이글 맛집 바다 보며 즐기는 엉클베,restaurant,1,"인천 영종도 베이글 맛집 , 바다 보며 즐기는 엉클베어베이글...",https://blog.naver.com/lttae/224301875421
1160,food,인천,영종도 빨간거짱구네 본점 낙지 + 고기 +,restaurant,1,인천 영종도|빨간거짱구네 본점,https://blog.naver.com/foodietrainee/224301813719
1161,food,인천,영종도 서울 근교 에서 즐기는 바다 여행 휴,restaurant,1,여름휴가 비용 부담된다면? 가성비 최고 국내 여행 지 이곳,https://blog.naver.com/silu-/224300891623
1162,domestic_travel,인천,영종도 서울 근교 에서 즐기는 바다 여행 휴,restaurant,1,여름휴가 비용 부담된다면? 가성비 최고 국내 여행 지 이곳,https://blog.naver.com/silu-/224300891623
1163,food,인천,영종도 중산동 맛집 니나노본갈비 사탕도 준비,restaurant,1,인천 영종도 중산동 맛집 니나노본갈비,https://blog.naver.com/thstmdwls54/224301755130
1164,food,인천,영종도 호텔 인천 5성급 호텔 네스트호텔,travel_spot,1,[영종도 호텔] 인천 5성급 호텔 네스트호텔 숙박 후기(스탠다드...,https://blog.naver.com/99leehy/224301517976
1165,food,인천,영종도호텔,travel_spot,1,"[인천 영종도] 최고의 호캉스, 아이들과 가도 좋을 인천...",https://blog.naver.com/godjw486/224301703422
1166,domestic_travel,인천,영종도호텔,travel_spot,1,"[인천 영종도] 최고의 호캉스, 아이들과 가도 좋을 인천...",https://blog.naver.com/godjw486/224301703422
1167,food,수원,영통고기집,restaurant,1,"[맛집] 수원 영통고기집 ‘돈들집’ 고기먹기 완벽한 환경, 고급...",https://blog.naver.com/from_aprilone_ing/224301780632
1168,food,수원,영통고기집 돈들집 고기먹기 완벽한 환경 고급,restaurant,1,"[맛집] 수원 영통고기집 ‘돈들집’ 고기먹기 완벽한 환경, 고급...",https://blog.naver.com/from_aprilone_ing/224301780632
1169,food,수원,영통식당,restaurant,1,국물 한입에 속까지 든든했던 영통 맛집,https://blog.naver.com/xoornjseh/224301849909
1170,food,성수,옆 계곡에서 콤포타블 커피,cafe,1,2026년 5월 일상,https://blog.naver.com/mono__a/224301823034
1171,domestic_travel,가평,예쁜 추억 많이 만드시고 가성비 좋은 숙소에,travel_spot,1,아이랑 가평 1박2일 : 자라섬 꽃축제 남이섬 입장권 할인받고...,https://blog.naver.com/donnago_/224299287499
1172,food,부산,예약제 글램핑 식당,restaurant,1,"부산 영도 오션뷰 캠핑 바베큐 몽작 찐 솔직후기 (주차, 예약...",https://blog.naver.com/travelbenz_o0o/224301605110
1173,domestic_travel,부산,예약제 글램핑 식당,restaurant,1,"부산 영도 오션뷰 캠핑 바베큐 몽작 찐 솔직후기 (주차, 예약...",https://blog.naver.com/travelbenz_o0o/224301605110
1174,food,대구,오늘은 대구동성로 신라식당,restaurant,1,대구 동성로 맛집 신라식당 한일점 내돈내산,https://blog.naver.com/mink1004z/224301856634
1175,food,대구,오늘의 핫플 영남대 점심 맛집 영대 현지인,restaurant,1,영남대 점심 맛집 영대 현지인 제육식당 경주국밥,https://blog.naver.com/kdh5054/224300869929
1176,domestic_travel,대구,오늘의 핫플 영남대 점심 맛집 영대 현지인,restaurant,1,영남대 점심 맛집 영대 현지인 제육식당 경주국밥,https://blog.naver.com/kdh5054/224300869929
1177,food,인천,오디와이 커피,cafe,1,인천 계양 분위기 자연뷰 맛집 카페 오디와이 커피,https://blog.naver.com/ghuns-/224301797756
1178,domestic_travel,인천,오디와이 커피,cafe,1,인천 계양 분위기 자연뷰 맛집 카페 오디와이 커피,https://blog.naver.com/ghuns-/224301797756
1179,food,인천,오디와이커피,cafe,1,인천 계양 분위기 자연뷰 맛집 카페 오디와이 커피,https://blog.naver.com/ghuns-/224301797756
1180,domestic_travel,인천,오디와이커피,cafe,1,인천 계양 분위기 자연뷰 맛집 카페 오디와이 커피,https://blog.naver.com/ghuns-/224301797756
1181,domestic_travel,강릉,오봉이 해물칼국수 안목해변,travel_spot,1,"강릉 당일치기 여행 코스｜오봉이 해물칼국수, 안목해변...",https://blog.naver.com/mingry96/224295748670
1182,domestic_travel,부산,오션뷰호텔,travel_spot,1,"부산 호캉스 추천, 해운대 파라다이스 호텔에서 즐기는 완벽한...",https://blog.naver.com/goodfinds/224301788841
1183,food,강남,오크우드오크레스토랑,restaurant,1,[삼성동/코엑스 -오크우드 오크 레스토랑]9가지 무제한 와인과...,https://blog.naver.com/oktopblues/224300221407
1184,food,부산,오픈 MD부터 방문해 볼 만한 콜라보 카페,cafe,1,부산 나나 투니크 콜라보 카페 부산 오픈! MD부터...,https://blog.naver.com/hi_youm/224301789404
1185,domestic_travel,부산,오픈 MD부터 방문해 볼 만한 콜라보 카페,cafe,1,부산 나나 투니크 콜라보 카페 부산 오픈! MD부터...,https://blog.naver.com/hi_youm/224301789404
1186,food,제주,올레시장 맛집 바다어멍 서귀포올레시장,restaurant,1,올레시장 맛집 바다어멍 서귀포올레시장본점 제주 통갈치...,https://blog.naver.com/ellyluv00/224301868363
1187,domestic_travel,제주,올레시장 맛집 바다어멍 서귀포올레시장,restaurant,1,올레시장 맛집 바다어멍 서귀포올레시장본점 제주 통갈치...,https://blog.naver.com/ellyluv00/224301868363
1188,food,제주,올레시장야시장,travel_spot,1,서귀포 올레시장회포장 해산물 소린이네 횟집 가성비횟집,https://blog.naver.com/bluesky00001/224301809314
1189,domestic_travel,제주,올레시장야시장,travel_spot,1,서귀포 올레시장회포장 해산물 소린이네 횟집 가성비횟집,https://blog.naver.com/bluesky00001/224301809314
1190,food,성수,요즘 가장 핫한 성수동 냉삼 맛집 뚝도시장,restaurant,1,성수동 맛집 카페 데이트 한일상회 고기룸 토마스베이커리...,https://blog.naver.com/monday-sunday-/224301525486
1191,domestic_travel,성수,요즘 가장 핫한 성수동 냉삼 맛집 뚝도시장,restaurant,1,성수동 맛집 카페 데이트 한일상회 고기룸 토마스베이커리...,https://blog.naver.com/monday-sunday-/224301525486
1192,food,제주,요즘 인스타에서 가장 핫한 카페 기름떡을 파,cafe,1,[제주] 요즘 인스타에서 가장 핫한 카페|기름떡을 파는...,https://blog.naver.com/precure0619/224301687043
1193,domestic_travel,제주,요즘 인스타에서 가장 핫한 카페 기름떡을 파,cafe,1,[제주] 요즘 인스타에서 가장 핫한 카페|기름떡을 파는...,https://blog.naver.com/precure0619/224301687043
1194,food,광주,용봉동 맛집 구전국밥 화끈한 전라도 할맵김치,restaurant,1,광주 용봉동 맛집 구전국밥 화끈한 전라도 할맵김치와...,https://blog.naver.com/kksj2266/224301799724
1195,domestic_travel,광주,용봉동 맛집 구전국밥 화끈한 전라도 할맵김치,restaurant,1,광주 용봉동 맛집 구전국밥 화끈한 전라도 할맵김치와...,https://blog.naver.com/kksj2266/224301799724
1196,food,광주,용봉동 전철우사거리 맛집 황금회포차 광주용봉,restaurant,1,광주 용봉동 전철우사거리 맛집 [ 황금회포차 광주용봉점 ],https://blog.naver.com/464tpwls/224301775936
1197,domestic_travel,광주,용봉동 전철우사거리 맛집 황금회포차 광주용봉,restaurant,1,광주 용봉동 전철우사거리 맛집 [ 황금회포차 광주용봉점 ],https://blog.naver.com/464tpwls/224301775936
1198,food,수원,용성통닭 통닭 맛집 의 핵심은 회전율이다 계,restaurant,1,5월 문화활동 기록,https://blog.naver.com/widebalance/224301873196
1199,food,부산,용호동 맛집 W스퀘어 정바다 횟집 포장,restaurant,1,부산 용호동 맛집 W스퀘어 정바다 횟집 포장 후기,https://blog.naver.com/context/224301650606
1200,domestic_travel,부산,용호동 맛집 W스퀘어 정바다 횟집 포장,restaurant,1,부산 용호동 맛집 W스퀘어 정바다 횟집 포장 후기,https://blog.naver.com/context/224301650606
1201,food,부산,용호동 W스퀘어 구워주는 고기 맛집,restaurant,1,용호동 W스퀘어 구워주는 고기 맛집 푸주인 용호점,https://blog.naver.com/early_april/224301833611
1202,food,제주,우도 비양도 백패킹 우도 1박2일 우도식당,restaurant,1,제주 우도 비양도 백패킹/우도 1박2일/우도식당추천...,https://blog.naver.com/nolmeong_nowornever/224301828902
1203,food,제주,우도 비양도 백패킹 우도 1박2일 우도식당추,restaurant,1,제주 우도 비양도 백패킹/우도 1박2일/우도식당추천...,https://blog.naver.com/nolmeong_nowornever/224301828902
1204,food,강남,우럭찜 맛집 저녁에 방문하시면 최고의 술안주,restaurant,1,생선알·새우·통우럭까지! 푸짐함 끝판왕 강남 우럭찜 맛집,https://blog.naver.com/taoht/224301804842
1205,food,수원,우연히 찾은 프랑스 감성 베이커리,cafe,1,우연히 찾은 프랑스 감성 베이커리 ( 내돈내산 솔직후기),https://blog.naver.com/flashyun/224301711433
1206,food,강남,우천식육식당,restaurant,1,[ 맛집 ] 강남구청역 한우 맛집 우천식육식당 후기|투쁠 No.9...,https://blog.naver.com/ars970207/224301752743
1207,food,대구,운문식당,restaurant,1,[대구 맛집 ]겁나 불친절해서 비추하는 삼겹살 맛집 ‘운문식당’,https://blog.naver.com/sbsbsbsb_____/224301833208
1208,food,광주,운암동 맛집 운암동 돈가스 돈까스만드는남자,restaurant,1,[광주 운암동 맛집 /운암동 돈가스]::돈까스만드는남자,https://blog.naver.com/ksms0330/224301787469
1209,domestic_travel,부산,울산축제,attraction,1,2026 장생포 수국 페스티벌 완벽 정리|일정·무료입장...,https://blog.naver.com/haehyun_525/224301615170
1210,food,부산,원도심 전시,attraction,1,부산 원도심 전시 추천 : 금고 속에서 마주한 푸른 빛의 서사...,https://blog.naver.com/selbashyuk/224301163074
1211,domestic_travel,부산,원도심 전시,attraction,1,부산 원도심 전시 추천 : 금고 속에서 마주한 푸른 빛의 서사...,https://blog.naver.com/selbashyuk/224301163074
1212,domestic_travel,인천,월미도놀이공원,travel_spot,1,서울근교 아이랑 가볼만한곳 월미테마파크 주말나들이 추천 ...,https://blog.naver.com/1599gml/224301238117
1213,food,인천,월미바다열차,restaurant,1,인천 월미바다열차 후기｜서울근교 당일치기 여행코스 추천,https://blog.naver.com/vhrwnsu17/224301457917
1214,domestic_travel,인천,월미바다열차,restaurant,1,인천 월미바다열차 후기｜서울근교 당일치기 여행코스 추천,https://blog.naver.com/vhrwnsu17/224301457917
1215,domestic_travel,강릉,월화거리 안목해변,travel_spot,1,강원도 강릉 가볼만한 곳 BEST 5 중앙시장 월화거리 안목해변,https://blog.naver.com/sophiachae0723/224301666386
1216,domestic_travel,강릉,월화거리 야시장,travel_spot,1,"강릉 월화거리 야시장 먹거리부터 분위기까지 완벽 (주차, 추천 ...",https://blog.naver.com/jwc_1209/224301409000
1217,domestic_travel,강릉,월화거리 야시장 먹거리부터 분위기까지 완벽,travel_spot,1,"강릉 월화거리 야시장 먹거리부터 분위기까지 완벽 (주차, 추천 ...",https://blog.naver.com/jwc_1209/224301409000
1218,food,부산,위치는 좌동 재래시장,travel_spot,1,부산 해운대 돈까스 맛있는집 좌동 맛집 유유카츠,https://blog.naver.com/jhhha0323/224301557617
1219,domestic_travel,부산,위치는 좌동 재래시장,travel_spot,1,부산 해운대 돈까스 맛있는집 좌동 맛집 유유카츠,https://blog.naver.com/jhhha0323/224301557617
1220,domestic_travel,강릉,위치도 해변,travel_spot,1,아기와 함께한 조용한 호캉스|신라모노그램 강릉 레지던스,https://blog.naver.com/moonsunstar__/224301680559
1221,food,대전,유성 맛집 삼겹살 전주하우스 솥뚜껑 생삼겹살,restaurant,1,대전 유성 맛집 삼겹살 전주하우스 솥뚜껑 생삼겹살 후기,https://blog.naver.com/twinkle_woona/224301870368
1222,domestic_travel,대전,유성 맛집 삼겹살 전주하우스 솥뚜껑 생삼겹살,restaurant,1,대전 유성 맛집 삼겹살 전주하우스 솥뚜껑 생삼겹살 후기,https://blog.naver.com/twinkle_woona/224301870368
1223,food,대전,유성 장어 맛집 기력 보충하러 간 갑동숯불민,restaurant,1,"대전 유성 장어 맛집 , 기력 보충하러 간 갑동숯불민물장어",https://blog.naver.com/kn0320/224301879553
1224,food,대전,유성 장어 맛집 해시태그,restaurant,1,"대전 유성 장어 맛집 , 기력 보충하러 간 갑동숯불민물장어",https://blog.naver.com/kn0320/224301879553
1225,food,대전,유성구 굴뚝빵 명소 루프탑이 예쁜 카페 돌잔,cafe,1,"대전 유성구 굴뚝빵 명소, 루프탑이 예쁜 카페 돌잔치, 스몰웨딩...",https://blog.naver.com/aprdami/224301864708
1226,domestic_travel,대전,유성구 굴뚝빵 명소 루프탑이 예쁜 카페 돌잔,cafe,1,"대전 유성구 굴뚝빵 명소, 루프탑이 예쁜 카페 돌잔치, 스몰웨딩...",https://blog.naver.com/aprdami/224301864708
1227,food,대전,유성구 봉명동 초밥 맛집 상무초밥 유성점에,restaurant,1,초밥 맛집 으로 유명한 상무초밥 유성점 내돈내산 후기 및 주차...,https://blog.naver.com/moonppo7/224301814958
1228,food,부산,유유카츠 오늘의 핫플 오늘은 좌동 재래시장,travel_spot,1,부산 해운대 돈까스 맛있는집 좌동 맛집 유유카츠,https://blog.naver.com/jhhha0323/224301557617
1229,domestic_travel,부산,유유카츠 오늘의 핫플 오늘은 좌동 재래시장,travel_spot,1,부산 해운대 돈까스 맛있는집 좌동 맛집 유유카츠,https://blog.naver.com/jhhha0323/224301557617
1230,food,대구,육개장 맛집 진하고 깊은 국물로 완벽한 해장,restaurant,1,대구 육개장 맛집 진하고 깊은 국물로 완벽한 해장 광장코아...,https://blog.naver.com/nzee123/224301675076
1231,domestic_travel,대구,육개장 맛집 진하고 깊은 국물로 완벽한 해장,restaurant,1,대구 육개장 맛집 진하고 깊은 국물로 완벽한 해장 광장코아...,https://blog.naver.com/nzee123/224301675076
1232,food,부산,으로 가볼까 유정식육식당,restaurant,1,고기집 한우투쁠 한돈 퀄이 미쳤다 가성비 갑 기장시장 정육점...,https://blog.naver.com/lamanoworks/224301841003
1233,domestic_travel,부산,으로 가볼까 유정식육식당,restaurant,1,고기집 한우투쁠 한돈 퀄이 미쳤다 가성비 갑 기장시장 정육점...,https://blog.naver.com/lamanoworks/224301841003
1234,domestic_travel,인천,으로 갔다 네스트호텔,travel_spot,1,[인천/영종도] 서울근교여행 지 '영종도1박2일 ' 즐거웠던...,https://blog.naver.com/sullemgogo/224297325563
1235,domestic_travel,전주,으로 전주야시장,travel_spot,1,전주 여행 마지막 밤은 남부시장 야시장으로,https://blog.naver.com/harangru/224301226263
1236,food,종로,은 농림축산부 선정 안심식당,restaurant,1,서울 동대문 종로 을지로 맛집 더드림왕수제핫바...,https://blog.naver.com/cooljuyoun1/224299848555
1237,food,대구,은 더큰본부 1 동대구역 주변 맛집,restaurant,1,동대구역 주변 맛집 대구 신암동 더큰본부 똥집골목 닭똥집 추천,https://blog.naver.com/hyuny127/224301715917
1238,domestic_travel,대구,은 더큰본부 1 동대구역 주변 맛집,restaurant,1,동대구역 주변 맛집 대구 신암동 더큰본부 똥집골목 닭똥집 추천,https://blog.naver.com/hyuny127/224301715917
1239,food,대구,은 메리어트호텔,travel_spot,1,동대구역 맛집 고잇집 한정식 추천과 매력,https://blog.naver.com/baepizi163/224295252472
1240,domestic_travel,강릉,을 잇는 노선은 커피,cafe,1,"서울에서 2시간, 직접 타볼 수 있는 미래 이동수단이 있다니",https://blog.naver.com/sh-jin0704/224301377568
1241,food,종로,을지로 맛집 세운상가 노포 야장 진영이네 골,restaurant,1,[종로/을지로 맛집 ] 세운상가 노포 야장 진영이네 골뱅이 삼겹살,https://blog.naver.com/ekwjddl27/224301509839
1242,food,종로,을지로 맛집 우기식당,restaurant,1,"을지로 맛집 우기식당 을지로, 숙성회반해산물반으로 퇴근 후...",https://blog.naver.com/pacho_/224300423086
1243,food,종로,을지로 종로3가역 고기 맛집,restaurant,1,을지로] 종로3가역 고기 맛집 < 진주대박집>,https://blog.naver.com/yesooook/224301219818
1244,food,종로,을지로3가역카페,cafe,1,"[종로구/을지로3가] 분위기 좋은 감성 카페 ""죠지""",https://blog.naver.com/max9871/224301718449
1245,food,종로,을지로3가카페,cafe,1,"[종로구/을지로3가] 분위기 좋은 감성 카페 ""죠지""",https://blog.naver.com/max9871/224301718449
1246,food,제주,음성품바축제,attraction,1,[2026 음성품바축제 총정리] 초대가수 라인업부터 주차 꿀팁...,https://blog.naver.com/trendnews/224301296365
1247,domestic_travel,제주,음성품바축제,attraction,1,[2026 음성품바축제 총정리] 초대가수 라인업부터 주차 꿀팁...,https://blog.naver.com/trendnews/224301296365
1248,food,대전,음식점 들어갈 때 대전 한정식 맛집 백,restaurant,1,[대전 맛집 ] 음식점 들어갈 때... 대전 한정식 맛집 백년보리밥,https://blog.naver.com/good_queen/224301689719
1249,food,부산,의 광안리 해수욕장은 특히나 저녁 에 해변,travel_spot,1,2025년 직장인을 위한 국내여름휴가추천 7곳,https://dwqn.tistory.com/127
1250,domestic_travel,부산,의 광안리 해수욕장은 특히나 저녁 에 해변,travel_spot,1,2025년 직장인을 위한 국내여름휴가추천 7곳,https://dwqn.tistory.com/127
1251,food,광주,의재미술관,attraction,1,무등산 증심사 산책로 포레스트 뷰 미술관 춘설차 춘설빵 후기...,https://blog.naver.com/cangchichi/224301854445
1252,domestic_travel,광주,의재미술관,attraction,1,무등산 증심사 산책로 포레스트 뷰 미술관 춘설차 춘설빵 후기...,https://blog.naver.com/cangchichi/224301854445
1253,food,성수,이 있더라구요 노량진 수산시장,travel_spot,1,[ 서울 맛집 ] 서울 가락시장 횟집 맛집 / 장성수산,https://blog.naver.com/ssingssing21_/224301531949
1254,domestic_travel,성수,이 있더라구요 노량진 수산시장,travel_spot,1,[ 서울 맛집 ] 서울 가락시장 횟집 맛집 / 장성수산,https://blog.naver.com/ssingssing21_/224301531949
1255,food,수원,이네용 소공원,travel_spot,1,궁둥궁둥 행궁동,https://blog.naver.com/0_harru/224301832191
1256,food,성수,이니 팝업,popup,1,성수 팝업 오픈런 성공! 영등포 맛집 테디스베이글,https://blog.naver.com/silveryiseul/224301503994
1257,domestic_travel,성수,이니 팝업,popup,1,성수 팝업 오픈런 성공! 영등포 맛집 테디스베이글,https://blog.naver.com/silveryiseul/224301503994
1258,food,제주,이도이동 맛집 정직유부 제주이도점 혼밥하기,restaurant,1,제주 이도이동 맛집 정직유부 제주이도점 혼밥하기 좋은...,https://blog.naver.com/i-ya-story/224301826398
1259,food,수원,이라기보다는 어릴 때 시장,travel_spot,1,지동시장 맛집 추천 ｜수원만두 맛집 추억의장날만두 솔직 후기,https://blog.naver.com/dongsangyes/224301816491
1260,food,수원,이라는 노팅힐 베이커리,cafe,1,수원 행궁동 테라스 카페 추천 노팅힐 베이커리 (딸기케이크 맛집 ),https://blog.naver.com/thebagle3/224301814817
1261,food,수원,이라는 느낌을 받았어요 커피,cafe,1,"수원 행궁동 구움과자 맛집|에그타르트, 휘낭시에 디저트 후기",https://blog.naver.com/luv_zy/224301813904
1262,food,제주,이미 유명한 맛집 남녀노소 누구나 만족 가족,restaurant,1,[제주여행 맛집 ] 정호영쉐프 우동카덴 내돈내산,https://blog.naver.com/wnfod4632/224301753021
1263,food,부산,이번 여름에는 부산의 대표 로컬 맛집 과 인,restaurant,1,포트빌리지 부산 2026 일정부터 맛집 ·먹거리 부산...,https://blog.naver.com/pandamall1/224301848054
1264,domestic_travel,부산,이번 여름에는 부산의 대표 로컬 맛집 과 인,restaurant,1,포트빌리지 부산 2026 일정부터 맛집 ·먹거리 부산...,https://blog.naver.com/pandamall1/224301848054
1265,food,제주,이번 제주 여행에서는 저녁 먹고 동문시장,travel_spot,1,제주 동문시장 야시장 8번 출구 후기! 딱새우회·방어회 먹고...,https://blog.naver.com/22ing2/224301850927
1266,domestic_travel,제주,이번 제주 여행에서는 저녁 먹고 동문시장,travel_spot,1,제주 동문시장 야시장 8번 출구 후기! 딱새우회·방어회 먹고...,https://blog.naver.com/22ing2/224301850927
1267,food,대전,이색 술집 술방구 둔산동 술집 인스타,restaurant,1,코인으로 게임할 수 있는 대전 이색 술집 [술방구] 둔산동 술집,https://blog.naver.com/main_story_/224301584281
1268,domestic_travel,대전,이색 술집 술방구 둔산동 술집 인스타,restaurant,1,코인으로 게임할 수 있는 대전 이색 술집 [술방구] 둔산동 술집,https://blog.naver.com/main_story_/224301584281
1269,food,수원,이색데이트 장소를 찾다가 다녀온 곳이 바로,restaurant,1,행궁동 이색 카페 데이트 장소 수원파충류샵 게코카페 티라노...,https://blog.naver.com/wsid_today_/224299470468
1270,food,강남,이었습니다 오늘은 10년차 맛집,restaurant,1,강남역 딤섬 맛집 추천! 미쉐린 가이드 홍콩 딤섬 팀호완...,https://blog.naver.com/parkplm098/224300466632
1271,food,대전,이에요 대전 반찬식당,restaurant,1,대전 맛집 반찬식당 보문산 두부두루치기 메뉴추천,https://blog.naver.com/0123shop/224297148245
1272,domestic_travel,대전,이에요 대전 반찬식당,restaurant,1,대전 맛집 반찬식당 보문산 두부두루치기 메뉴추천,https://blog.naver.com/0123shop/224297148245
1273,food,종로,이에요 무려 NCT 위시도 다녀간 종로 맛집,restaurant,1,동대문 삼계탕 종로 닭한마리 맛집 추천 : 한민국 닭한마리,https://blog.naver.com/ksy010915/224301844960
1274,domestic_travel,가평,이오스펜션입니다 조용한 분위기에서 힐링할 수,travel_spot,1,가평 펜션 추천 북한강 뷰가 매력적인 “이오스펜션” 후기...,https://blog.naver.com/qkrekgo123/224300989700
1275,food,성수,이탈리안레스토랑,restaurant,1,성수 맛집 미루성수: 미루성수에서의 새로운 미식 경험,https://blog.naver.com/ycm7802/224301839753
1276,food,강남,이탈리안레스토랑,restaurant,1,강남역 녘(Nyeock) 솔직 후기 — 내 청첩장을 전하던 날,https://blog.naver.com/buyhan1/224301702813
1277,domestic_travel,제주,이호테우 해변,travel_spot,1,제주도 해수욕장 개장일 제주 이호테우 해변 추천,https://blog.naver.com/mok5022/224301727366
1278,domestic_travel,제주,이호테우 해변 모습을 보여드리려고 해요 여름,travel_spot,1,제주도 해수욕장 개장일 제주 이호테우 해변 추천,https://blog.naver.com/mok5022/224301727366
1279,food,종로,익선동 최자로드 맛집 오죽이네 닭매운탕,restaurant,1,종로 익선동 최자로드 맛집 오죽이네 닭매운탕 후기,https://blog.naver.com/goodday235/224300360020
1280,food,종로,익선동 파스타 맛집 신라호텔,restaurant,1,익선동 파스타 맛집 신라호텔 10년 경력 셰프의 독립밀방...,https://blog.naver.com/minji9038/224301574094
1281,food,대구,인 듯 했다 너무너무 더워 호텔,travel_spot,1,대구여행. 2박3일 대구에서의 여정 (대한콩국/팔공산케이블카...,https://blog.naver.com/delaydelay_/224301856303
1282,food,수원,인계동 느좋카페 내돈내산 넓고 커피 찐맛도리,cafe,1,[카페] 수원 인계동 느좋카페 / 내돈내산 넓고 커피 찐맛도리집...,https://blog.naver.com/wanikong/224301785255
1283,food,수원,인계동 맛집 로마경양식 전통 돈까스 함박스테,restaurant,1,수원 인계동 맛집 로마경양식... 전통 돈까스 함박스테이크 맛집,https://blog.naver.com/sandy1014/224301777705
1284,food,수원,인계동 맛집 수원 경양식 맛집을 찾고,restaurant,1,수원 인계동 맛집 로마경양식... 전통 돈까스 함박스테이크 맛집,https://blog.naver.com/sandy1014/224301777705
1285,food,인천,인스파이어 리조트,travel_spot,1,[인천 인스파이어 리조트] 영종도 호캉스|푸드코트 피자 존맛...,https://blog.naver.com/yjeew43/224297682825
1286,domestic_travel,인천,인스파이어 리조트,travel_spot,1,[인천 인스파이어 리조트] 영종도 호캉스|푸드코트 피자 존맛...,https://blog.naver.com/yjeew43/224297682825
1287,food,인천,인스파이어 리조트 영종도 호캉스 푸드코트 피,travel_spot,1,[인천 인스파이어 리조트] 영종도 호캉스|푸드코트 피자 존맛...,https://blog.naver.com/yjeew43/224297682825
1288,domestic_travel,인천,인스파이어 리조트 영종도 호캉스 푸드코트 피,travel_spot,1,[인천 인스파이어 리조트] 영종도 호캉스|푸드코트 피자 존맛...,https://blog.naver.com/yjeew43/224297682825
1289,domestic_travel,성수,인천 송도 인스파이어 리조트,travel_spot,1,인천 송도 인스파이어 리조트 프로모션 빅 특가 스플래시 베이...,https://blog.naver.com/rud_gml/224301267430
1290,food,광주,인크커피,cafe,1,광주 챔피언스필드 최신유행 먹거리ㅣ오토김밥ㅣ행복통닭...,https://blog.naver.com/reviviver/224301756648
1291,food,제주,인크커피,cafe,1,[ 서울 가산디지털단지] 가디역 제주 흑돼지 항정카츠 맛집 카츠...,https://blog.naver.com/slsl5340/224300906519
1292,food,성수,일로3길 맛집,restaurant,1,성수 타코 맛집 모리몰리... 연어타르타르타코 서울숲 타코 맛집,https://blog.naver.com/dhdnjfdmlwldnjs/224301811476
1293,food,부산,일본편에서 다이닝,restaurant,1,광안리 술집 이타쇼 이자카야 핫플 추천,https://blog.naver.com/ses871128/224301856528
1294,domestic_travel,부산,일본편에서 다이닝,restaurant,1,광안리 술집 이타쇼 이자카야 핫플 추천,https://blog.naver.com/ses871128/224301856528
1295,food,인천,일상 생각 사색 송도 달빛 축제 공원,attraction,1,"[일상 생각|사색|송도 달빛 축제 공원] ""송도 달빛축제공원...",https://blog.naver.com/wjcho062/224301841051
1296,domestic_travel,인천,일상 생각 사색 송도 달빛 축제 공원,attraction,1,"[일상 생각|사색|송도 달빛 축제 공원] ""송도 달빛축제공원...",https://blog.naver.com/wjcho062/224301841051
1297,food,성수,일식 맛집 탐광 내돈내산 솔직 리뷰 성수저녁,restaurant,1,성수 일식 맛집 탐광 내돈내산 솔직 리뷰,https://blog.naver.com/eunsu_exe/224301452958
1298,domestic_travel,성수,일식 맛집 탐광 내돈내산 솔직 리뷰 성수저녁,restaurant,1,성수 일식 맛집 탐광 내돈내산 솔직 리뷰,https://blog.naver.com/eunsu_exe/224301452958
1299,domestic_travel,제주,임실장미축제,attraction,1,임실N장미축제 개화상황 총정리! 인생샷 명소 추천,https://blog.naver.com/n_n_ii/224301287562
1300,domestic_travel,제주,임실N장미축제,attraction,1,임실N장미축제 개화상황 총정리! 인생샷 명소 추천,https://blog.naver.com/n_n_ii/224301287562
1301,food,수원,입니다 수원 망포동에서 진짜 맛있는 중식당,restaurant,1,[수원/망포동] 부먹인데 바삭바삭해? 탕수육 맛집 금화루,https://blog.naver.com/daily_mandung_2/224301844515
1302,domestic_travel,인천,있는 주변에 호텔,travel_spot,1,영종도 숙소:> 에어스카이 호텔 :기분전환하러 가볍게 다녀오기...,https://blog.naver.com/bbozzaki__/224301611040
1303,domestic_travel,부산,있어야 여행 이 완성되는 느낌 요즘 커피,cafe,1,신얼큰이짬뽕 먹고 바다 보고 경주 갈 뻔한 현실 여행 후기ㅋㅋ,https://blog.naver.com/ljy_dent/224298080379
1304,domestic_travel,대전,있어야 여행 이 완성되는 느낌 요즘 커피,cafe,1,신얼큰이짬뽕 먹고 바다 보고 경주 갈 뻔한 현실 여행 후기ㅋㅋ,https://blog.naver.com/ljy_dent/224298080379
1305,food,부산,자갈치시장,travel_spot,1,부산 남포동 부평깡통시장/60년광복동김치국수/시한폭탄 국수...,https://blog.naver.com/dmqlc1080/224301873826
1306,domestic_travel,부산,자갈치시장,travel_spot,1,부산 남포동 부평깡통시장/60년광복동김치국수/시한폭탄 국수...,https://blog.naver.com/dmqlc1080/224301873826
1307,domestic_travel,가평,자라섬 꽃축제는 수도권에서,attraction,1,가평 자라섬 꽃축제 2026 총정리｜남도꽃정원 봄꽃페스타...,https://blog.naver.com/123whywhy/224299354360
1308,domestic_travel,가평,자라섬 축제,attraction,1,[자라섬 축제] 서울 근교 꽃구경 추천 자라섬 꽃 페스타 2026...,https://blog.naver.com/puri119/224299698947
1309,food,대구,잘되있는 식당,restaurant,1,대구 달성군 육즙 가득한 두툼한 생갈비와 놀이방까지 완벽한...,https://blog.naver.com/pureyung164/224301863790
1310,domestic_travel,인천,장미원 실시간 개화 상황 그늘막 인천대공원,travel_spot,1,주말 가볼만한곳 인천대공원 장미원 실시간 개화 상황 그늘막...,https://blog.naver.com/heizin/224300663561
1311,domestic_travel,제주,장미원축제 서울대공원,attraction,1,국내 6월 여행 지 추천 가볼만한곳 BEST 5,https://blog.naver.com/ttuksum/224298364925
1312,domestic_travel,전주,장소 연꽃이 유명한 전주 덕진공원 공원,travel_spot,1,2026 전북 가볼만한곳 6월 축제 BEST5 총정리!,https://blog.naver.com/lazy_comma_/224301701962
1313,food,부산,장승포호텔,travel_spot,1,주차장 최신 사진 업데이트,https://blog.naver.com/hhjsp0711/224301274711
1314,food,강남,장어덮밥 혼밥 맛집 대치동 맛집 점심 만목,restaurant,1,[선릉] 만목|선릉역 맛집 회식 강남 장어덮밥 혼밥 맛집,https://blog.naver.com/helu22/224301853780
1315,domestic_travel,제주,장항항꼴갑축제,attraction,1,서천 장항항 꼴갑축제 불꽃놀이 명당부터 먹거리까지? 입안...,https://blog.naver.com/project-jaden/224300682190
1316,food,대전,재방문 N번째 대전 충남대 맛집,restaurant,1,"재방문 N번째,, 대전 충남대 맛집 , 대전 궁동 양식 맛집",https://blog.naver.com/arborkim/224301864033
1317,food,대구,재송동 순대국밥 맛집 프렌차이즈 얼큰순대국이,restaurant,1,부산 해운대구 재송동 순대국밥 맛집 (프렌차이즈),https://blog.naver.com/worldconect/224301748901
1318,food,종로,저녁 맛집 종각역 룸식당 광화문 룸식당을 찾,restaurant,1,종각 회식장소 찾는다면 프라이빗 룸으로 편하게 즐기는 종각...,https://blog.naver.com/csok3995/224301872379
1319,domestic_travel,강릉,전국축제,attraction,1,축제 공화국 대한민국…주말마다 떠나도 23년이 걸린다,https://blog.naver.com/point3414/224301686151
1320,food,제주,전국축제,attraction,1,[2026 음성품바축제 총정리] 초대가수 라인업부터 주차 꿀팁...,https://blog.naver.com/trendnews/224301296365
1321,domestic_travel,제주,전국축제,attraction,1,[2026 음성품바축제 총정리] 초대가수 라인업부터 주차 꿀팁...,https://blog.naver.com/trendnews/224301296365
1322,domestic_travel,대구,전남 고창 여행 1 - 고창고인돌박물관,attraction,1,"전남 고창 여행 1 - 고창고인돌박물관, 석정온천, 고창 황윤석...",https://blog.naver.com/kwanieun_/224301466346
1323,food,성수,전복맛집 가락시장,restaurant,1,"가락시장 횟집 맛집 장성수산, 스끼다시 계절 오마카세 회 포장...",https://blog.naver.com/minji_b21/224301733490
1324,domestic_travel,성수,전복맛집 가락시장,restaurant,1,"가락시장 횟집 맛집 장성수산, 스끼다시 계절 오마카세 회 포장...",https://blog.naver.com/minji_b21/224301733490
1325,domestic_travel,강릉,전시회,attraction,1,"6월 강릉 전시회, 행사, 데이트코스 추천",https://blog.naver.com/bmw-mini_haslla/224301844414
1326,food,부산,전포 라떼 밀크티 블루리본 커피 맛집 프랭클,cafe,1,(부산/전포) 라떼 밀크티 블루리본 커피 맛집 ...,https://blog.naver.com/eldrn990/224301744329
1327,food,부산,전포 맛집 돈까스 파스타 고온 내돈내산,restaurant,1,[부산 전포 맛집 ] 돈까스 파스타 고온 내돈내산 후기,https://blog.naver.com/so_rrrrr/224301837066
1328,domestic_travel,부산,전포 맛집 돈까스 파스타 고온 내돈내산,restaurant,1,[부산 전포 맛집 ] 돈까스 파스타 고온 내돈내산 후기,https://blog.naver.com/so_rrrrr/224301837066
1329,food,부산,전포 수육 맛집 갱상도 간받이수육에 해물칼국,restaurant,1,[부산] 전포 수육 맛집 갱상도 간받이수육에 해물칼국수까지,https://blog.naver.com/suunn247/224301808049
1330,food,광주,전현무계획 광주 연화식당,restaurant,1,전현무계획 광주 연화식당 예약 주차 혼밥 육전 맛집 위치 총정리,https://blog.naver.com/overthesense/224301637298
1331,food,광주,전현무계획 광주 육전 맛집 연화식당,restaurant,1,"전현무계획 광주 육전 맛집 연화식당, 방문 전 꼭 볼 메뉴·위치...",https://blog.naver.com/flemznls1/224301561961
1332,domestic_travel,광주,전현무계획 광주 육전 맛집 연화식당,restaurant,1,"전현무계획 광주 육전 맛집 연화식당, 방문 전 꼭 볼 메뉴·위치...",https://blog.naver.com/flemznls1/224301561961
1333,food,광주,전현무계획 광주 육전 연화식당,restaurant,1,전현무계획 광주 육전 연화식당 예약부터 메뉴까지 완벽 정리,https://blog.naver.com/ehdhksrn/224301782234
1334,domestic_travel,광주,전현무계획3 광주 맛집,restaurant,1,"전현무계획3 광주 맛집 3 코스 정리: 국밥·오리탕·육전, 방문...",https://blog.naver.com/flemznls1/224301796267
1335,food,광주,전현무계획3 광주 육전 맛집 연화식당,restaurant,1,전현무계획3 광주 육전 맛집 연화식당 위치 가격 주차 팁 총정리,https://blog.naver.com/tornadoofsoul/224301770965
1336,food,강남,점 지하 식품관을 둘러보게 됐어 원래는 커피,cafe,1,"서울 고속터미널 맛집 속초오징어순대, 궁금해서 먹어봄",https://blog.naver.com/vipppppppp/224301009056
1337,food,광주,정육식당,restaurant,1,정육점 WM 축산물센터 원미트 한우 특수부위 바베큐 여행 후기,https://blog.naver.com/somsatanggod/224299533091
1338,domestic_travel,광주,정육식당,restaurant,1,정육점 WM 축산물센터 원미트 한우 특수부위 바베큐 여행 후기,https://blog.naver.com/somsatanggod/224299533091
1339,food,수원,정지영 커피,cafe,1,정지영 커피로스터즈 코코넛라떼,https://blog.naver.com/jinsolcloud/224301819556
1340,food,수원,정지영커피,cafe,1,정지영 커피로스터즈 코코넛라떼,https://blog.naver.com/jinsolcloud/224301819556
1341,food,수원,제라늄꽃축제,attraction,1,수원꽃축제 일월수목원 제라늄 꽃명소 주차정보,https://blog.naver.com/bravo0418/224301770491
1342,domestic_travel,제주,제주 신라호텔,travel_spot,1,"[제주] 제주 신라호텔- (6/1~6/3) 72시간 깜짝 특가, 룸온리...",https://blog.naver.com/kindandlove/224300902794
1343,food,제주,제주 함덕 카페 슈페너 라떼 맛집 함덕,cafe,1,[제주 카페] 제주 함덕 카페|슈페너 라떼 맛집|함덕 감성카페...,https://blog.naver.com/dnddls011/224301739774
1344,domestic_travel,제주,제주 함덕 카페 슈페너 라떼 맛집 함덕,cafe,1,[제주 카페] 제주 함덕 카페|슈페너 라떼 맛집|함덕 감성카페...,https://blog.naver.com/dnddls011/224301739774
1345,domestic_travel,대구,제천 여행 숙소 청풍리조트레이크호텔,travel_spot,1,제천 여행 숙소 청풍리조트레이크호텔 숙박하다,https://blog.naver.com/nayusi0610/224301648029
1346,domestic_travel,가평,제휴펜션 CLUB WATER 워크샵,travel_spot,1,가평 제휴펜션|CLUB WATER,https://blog.naver.com/clubwate/224295995014
1347,food,대구,조개구이 맛집 교동에서 즐긴 남포 해산물과,restaurant,1,대구 조개구이 맛집 교동에서 즐긴 남포 해산물과 건어물타워...,https://blog.naver.com/liooil7777/224301602165
1348,domestic_travel,대구,조개구이 맛집 교동에서 즐긴 남포 해산물과,restaurant,1,대구 조개구이 맛집 교동에서 즐긴 남포 해산물과 건어물타워...,https://blog.naver.com/liooil7777/224301602165
1349,domestic_travel,대구,조문국박물관,attraction,1,고대 왕국의 숨결이 살아있는 '의성 조문국 사적지' 힐링 여행,https://blog.naver.com/wee_mwclass/224301446832
1350,food,제주,조천 맛집 선흘방주할머니식당,restaurant,1,"[제주 조천 맛집] 선흘방주할머니식당, 제주세계자연유산센터와...",https://blog.naver.com/happy_n_rich/224301324842
1351,domestic_travel,제주,조천 맛집 선흘방주할머니식당,restaurant,1,"[제주 조천 맛집] 선흘방주할머니식당, 제주세계자연유산센터와...",https://blog.naver.com/happy_n_rich/224301324842
1352,food,제주,조천 맛집 선흘방주할머니식당 제주세계자연유산,restaurant,1,"[제주 조천 맛집] 선흘방주할머니식당, 제주세계자연유산센터와...",https://blog.naver.com/happy_n_rich/224301324842
1353,domestic_travel,제주,조천 맛집 선흘방주할머니식당 제주세계자연유산,restaurant,1,"[제주 조천 맛집] 선흘방주할머니식당, 제주세계자연유산센터와...",https://blog.naver.com/happy_n_rich/224301324842
1354,domestic_travel,제주,조천 숙소 보메와산 펜션 특징과 여행 팁 제,travel_spot,1,제주 조천 숙소 보메와산 펜션 특징과 여행 팁,https://blog.naver.com/economicskf/224301849441
1355,domestic_travel,제주,조천에 위치한 보메와산 펜션은 넓은 부지와,travel_spot,1,제주 조천 숙소 보메와산 펜션 특징과 여행 팁,https://blog.naver.com/economicskf/224301849441
1356,food,종로,종각 없는게 없는 샤브샤브 무한리필 맛집 샤,restaurant,1,종로 종각 없는게 없는 샤브샤브 무한리필 맛집 :: 샤브가든...,https://blog.naver.com/oldnewdiff/224300514836
1357,food,종로,종각역 근처 숨은 양식 맛집 발견 우정,restaurant,1,양식 맛과 분위기 함께 즐기는 종로 맛집,https://blog.naver.com/mindlle2021/224300565619
1358,food,종로,종각역 룸식당 광화문 룸식당,restaurant,1,종각 회식장소 찾는다면 프라이빗 룸으로 편하게 즐기는 종각...,https://blog.naver.com/csok3995/224301872379
1359,food,대구,종로 맛집 대구 이자카야 찾으시는 분들 여기,restaurant,1,[대구/중구] 종로 분위기 있는 이자카야 ' 요바나시 ' 솔직 후기,https://blog.naver.com/emothing_/224301841919
1360,food,종로,종로점심 종로데이트 익선동 맛집 종로3,restaurant,1,종로 데이트 개나리아구찜 맛집 구운대창구이아구찜 비주얼...,https://blog.naver.com/soso_common_day/224301571495
1361,domestic_travel,인천,주말 가볼만한곳 인천대공원,travel_spot,1,주말 가볼만한곳 인천대공원 장미원 실시간 개화 상황 그늘막...,https://blog.naver.com/heizin/224300663561
1362,food,광주,주말 데이트 금호동 소고기 맛집 모토이시 금,restaurant,1,금호동 소고기 맛집 모토이시 금호 먹거리촌 광주 주말 데이트...,https://blog.naver.com/ohara--/224301820598
1363,domestic_travel,광주,주말 데이트 금호동 소고기 맛집 모토이시 금,restaurant,1,금호동 소고기 맛집 모토이시 금호 먹거리촌 광주 주말 데이트...,https://blog.naver.com/ohara--/224301820598
1364,food,인천,주안 간석동에 중식당,restaurant,1,인천 주안 간석동에 중식당 대연 내돈내산 후기,https://blog.naver.com/birthday-1/224301779983
1365,food,인천,주안 맛집 수제돈까스 드림식당,restaurant,1,인천 주안 맛집 수제돈까스 드림식당 내돈내산 방문후기,https://blog.naver.com/msh1740/224301807068
1366,domestic_travel,인천,주안 맛집 수제돈까스 드림식당,restaurant,1,인천 주안 맛집 수제돈까스 드림식당 내돈내산 방문후기,https://blog.naver.com/msh1740/224301807068
1367,food,인천,주안 맛집 수제돈까스 드림식당 내돈내산 방문,restaurant,1,인천 주안 맛집 수제돈까스 드림식당 내돈내산 방문후기,https://blog.naver.com/msh1740/224301807068
1368,domestic_travel,인천,주안 맛집 수제돈까스 드림식당 내돈내산 방문,restaurant,1,인천 주안 맛집 수제돈까스 드림식당 내돈내산 방문후기,https://blog.naver.com/msh1740/224301807068
1369,food,대전,주왕산국립공원,travel_spot,1,청송 주왕산 여행 코스... 후기|마음이 조용해지는 힐링 여행,https://blog.naver.com/qkfalfl0207/224301791010
1370,domestic_travel,대전,주왕산국립공원,travel_spot,1,청송 주왕산 여행 코스... 후기|마음이 조용해지는 힐링 여행,https://blog.naver.com/qkfalfl0207/224301791010
1371,food,대구,죽전동 맛집 예술이야 입니다 단순히 술을 마,restaurant,1,"죽전네거리 맛집 도심 속 12층 루프탑 야경 맛집 , 안주까지...",https://blog.naver.com/llayday/224301863036
1372,food,대구,죽전역 맛집 찾는 분들이 괜히 많이 방문하는,restaurant,1,대구 죽전역 맛집 찾다가 우동 면발에 반하고 온 우동키노야...,https://blog.naver.com/blanc_486/224301775902
1373,food,대구,죽전역 맛집 찾다가 우동 면발에 반하고 온,restaurant,1,대구 죽전역 맛집 찾다가 우동 면발에 반하고 온 우동키노야...,https://blog.naver.com/blanc_486/224301775902
1374,food,대구,죽전역 맛집 찾다가 우동 제대로 먹고 온 우,restaurant,1,대구 죽전역 맛집 찾다가 우동 제대로 먹고 온 우동키노야...,https://blog.naver.com/olive_8099/224301777037
1375,food,대구,준이수산 매천시장,travel_spot,1,대구대게 맛집 추천 대구 준이수산 매천시장대게 후기,https://blog.naver.com/minini_00/224301685834
1376,domestic_travel,대구,준이수산 매천시장,travel_spot,1,대구대게 맛집 추천 대구 준이수산 매천시장대게 후기,https://blog.naver.com/minini_00/224301685834
1377,food,대구,준이수산 매천시장대게,travel_spot,1,대구대게 맛집 추천 대구 준이수산 매천시장대게 후기,https://blog.naver.com/minini_00/224301685834
1378,domestic_travel,대구,준이수산 매천시장대게,travel_spot,1,대구대게 맛집 추천 대구 준이수산 매천시장대게 후기,https://blog.naver.com/minini_00/224301685834
1379,food,대구,중구 동성로 디저트 맛집 오디너리하우스 대구,cafe,1,대구 중구 동성로 디저트 맛집 오디너리하우스,https://blog.naver.com/jhslls/224301831107
1380,food,대구,중구 동인동 리오더 커피,cafe,1,대구 중구 동인동 리오더 커피 한입 먹고 반해버린 찐 커피 맛집 ...,https://blog.naver.com/ds7646211/224301571851
1381,food,대구,중구 동인동 리오더 커피 한입 먹고 반해버린,cafe,1,대구 중구 동인동 리오더 커피 한입 먹고 반해버린 찐 커피 맛집 ...,https://blog.naver.com/ds7646211/224301571851
1382,food,대전,중구 맛집 광천식당,restaurant,1,"대전 중구 맛집 광천식당, 노포 감성과 매콤한 두루치기의 만남",https://blog.naver.com/starstaracademy/224301570569
1383,domestic_travel,대전,중구 맛집 광천식당,restaurant,1,"대전 중구 맛집 광천식당, 노포 감성과 매콤한 두루치기의 만남",https://blog.naver.com/starstaracademy/224301570569
1384,food,대전,중구 맛집 광천식당 노포 감성과 매콤한 두루,restaurant,1,"대전 중구 맛집 광천식당, 노포 감성과 매콤한 두루치기의 만남",https://blog.naver.com/starstaracademy/224301570569
1385,domestic_travel,대전,중구 맛집 광천식당 노포 감성과 매콤한 두루,restaurant,1,"대전 중구 맛집 광천식당, 노포 감성과 매콤한 두루치기의 만남",https://blog.naver.com/starstaracademy/224301570569
1386,food,대전,중구 성심당 근처 가성비 칼국수 맛집 시민칼,restaurant,1,대전 중구 성심당 근처 가성비 칼국수 맛집 [시민칼국수],https://blog.naver.com/khn5171/224301746453
1387,food,대구,중구 종로 분위기 있는 이자카야 요바나시 솔,restaurant,1,[대구/중구] 종로 분위기 있는 이자카야 ' 요바나시 ' 솔직 후기,https://blog.naver.com/emothing_/224301841919
1388,food,대구,중구 트라이브 레스토랑,restaurant,1,[ 대구 중구 ] 트라이브 레스토랑 : 라자냐,https://blog.naver.com/kyromilo/224301811320
1389,food,대구,중구 트라이브 레스토랑 라자냐 바 자리 있다,restaurant,1,[ 대구 중구 ] 트라이브 레스토랑 : 라자냐,https://blog.naver.com/kyromilo/224301811320
1390,domestic_travel,강릉,중국집 현지인 맛집 궁짬뽕 강문동 맛집 에서,restaurant,1,강릉 중국집 현지인 맛집 궁짬뽕 강문동 맛집 에서 즐긴 얼큰한...,https://blog.naver.com/sj1978nur/224301784593
1391,food,제주,중국집의 특별한 맛과 제주삼화 맛집 으로 자,restaurant,1,보배반점 제주삼화점에서 만난 제주 중국집의 특별한 맛과...,https://blog.naver.com/rldlf6476/224301871821
1392,food,부산,중식당,restaurant,1,부산 부산시청 중식당 부산시청 맛집 연화연,https://blog.naver.com/busan_sinnam/224301863959
1393,food,인천,중식당,restaurant,1,인천 송도 중식당 맛집 홍보석,https://blog.naver.com/thstmdwls54/224301750445
1394,domestic_travel,인천,중식당,restaurant,1,인천 송도 중식당 맛집 홍보석,https://blog.naver.com/thstmdwls54/224301750445
1395,domestic_travel,강릉,중앙 시장에서 점심 먹고 호텔로 오니 딱 강,travel_spot,1,강릉 신라 모노그램 호텔 레지던스 비교 재방문 만족 gym...,https://blog.naver.com/kangeunjeu/224301825780
1396,food,대전,중앙시장,travel_spot,1,대전|대전중앙시장 내돈내산 맛집 리스트 솔이네계란빵...,https://blog.naver.com/mugja30/224301865406
1397,food,대전,중앙시장 내돈내산 맛집 리스트 솔이네계란,restaurant,1,대전|대전중앙시장 내돈내산 맛집 리스트 솔이네계란빵...,https://blog.naver.com/mugja30/224301865406
1398,domestic_travel,대전,중앙시장 내돈내산 맛집 리스트 솔이네계란,restaurant,1,대전|대전중앙시장 내돈내산 맛집 리스트 솔이네계란빵...,https://blog.naver.com/mugja30/224301865406
1399,domestic_travel,강릉,중앙시장 맛집 인생물회,restaurant,1,강릉 맛집 중앙시장 맛집 인생물회 육회물회 컵물회,https://blog.naver.com/57136/224301829140
1400,domestic_travel,강릉,중앙시장 맛집 인생물회 육회물회 컵물회,restaurant,1,강릉 맛집 중앙시장 맛집 인생물회 육회물회 컵물회,https://blog.naver.com/57136/224301829140
1401,domestic_travel,강릉,중앙시장에서 집으로 돌아와서 먹을 음식 사러,travel_spot,1,강릉 중앙시장 맛집 추천 원조소문난무침회,https://blog.naver.com/qkr3283/224301176868
1402,domestic_travel,강릉,지역축제,attraction,1,축제 공화국 대한민국…주말마다 떠나도 23년이 걸린다,https://blog.naver.com/point3414/224301686151
1403,food,대전,지하상가 맛집 성심당 우동야에서 먹은 시원한,restaurant,1,"ෆ 대전 지하상가 맛집 , 성심당 우동야에서 먹은 시원한 컵우동...",https://blog.naver.com/go___hi/224301317898
1404,food,인천,지하철 타고 떠나는 바다 감성 여행 월미도,restaurant,1,"인천 지하철 타고 떠나는 바다 감성 여행 , 월미도 여행 제대로...",https://blog.naver.com/richplacefestival/224296083070
1405,domestic_travel,인천,지하철 타고 떠나는 바다 감성 여행 월미도,restaurant,1,"인천 지하철 타고 떠나는 바다 감성 여행 , 월미도 여행 제대로...",https://blog.naver.com/richplacefestival/224296083070
1406,domestic_travel,가평,직영펜션 CLUB WATER 워크샵,travel_spot,1,가평 직영펜션|CLUB WATER,https://blog.naver.com/clubwate/224295985764
1407,food,광주,진식당,restaurant,1,5월 일상 : 내 무기는 다정함뿐인데,https://blog.naver.com/rladuddk001119/224301635707
1408,domestic_travel,강릉,진주남강유등축제,attraction,1,축제 공화국 대한민국…주말마다 떠나도 23년이 걸린다,https://blog.naver.com/point3414/224301686151
1409,food,부산,집합소 조선시대부터 이어진 전통시장,travel_spot,1,국내신흥여행지 부산가볼만한곳 동래온천 온천장을 아시나요?,https://blog.naver.com/bintorynim/224301819331
1410,domestic_travel,부산,집합소 조선시대부터 이어진 전통시장,travel_spot,1,국내신흥여행지 부산가볼만한곳 동래온천 온천장을 아시나요?,https://blog.naver.com/bintorynim/224301819331
1411,food,부산,짱짱부부 내돈내산 으로 다녀온 부산역 호텔,travel_spot,1,부산토박이 추천 부산역 가성비 호텔 북항 오션뷰 숙소 (ft....,https://blog.naver.com/mcp_jane/224301764481
1412,domestic_travel,부산,짱짱부부 내돈내산 으로 다녀온 부산역 호텔,travel_spot,1,부산토박이 추천 부산역 가성비 호텔 북항 오션뷰 숙소 (ft....,https://blog.naver.com/mcp_jane/224301764481
1413,food,강남,쪽 돌잔치 딱 좋아 보였던 선릉 맛집 동화고,restaurant,1,[ 내돈내산 ] 강남 쪽 돌잔치... 딱 좋아 보였던 선릉 맛집 '동화고옥',https://blog.naver.com/writer19/224301818486
1414,food,인천,쪽갈비 맛집 루원시티 곽두리쪽갈비,restaurant,1,인천 쪽갈비 맛집 루원시티 곽두리쪽갈비 후기｜매콤쪽갈비...,https://blog.naver.com/soyoun51/224301666971
1415,domestic_travel,인천,쪽갈비 맛집 루원시티 곽두리쪽갈비,restaurant,1,인천 쪽갈비 맛집 루원시티 곽두리쪽갈비 후기｜매콤쪽갈비...,https://blog.naver.com/soyoun51/224301666971
1416,food,성수,쫄깃탱탱한 자가제면 우동 맛집 도도한면,restaurant,1,[성수 맛집 ] 쫄깃탱탱한 자가제면 우동 맛집 ! ‘도도한면...,https://blog.naver.com/come_and_enjoy/224301117634
1417,domestic_travel,성수,쫄깃탱탱한 자가제면 우동 맛집 도도한면,restaurant,1,[성수 맛집 ] 쫄깃탱탱한 자가제면 우동 맛집 ! ‘도도한면...,https://blog.naver.com/come_and_enjoy/224301117634
1418,food,성수,차백도 중국 TOP3 성수동밀크티 맛집,restaurant,1,[밀크티 맛집 차백도] 중국 TOP3... 성수동밀크티 맛집 ...,https://blog.naver.com/lauriebyjane/224300343972
1419,domestic_travel,성수,차백도 중국 TOP3 성수동밀크티 맛집,restaurant,1,[밀크티 맛집 차백도] 중국 TOP3... 성수동밀크티 맛집 ...,https://blog.naver.com/lauriebyjane/224300343972
1420,food,인천,차이나타운 짜장면 맛집 유니짜장 맛집 신승반,restaurant,1,[인천 차이나타운 짜장면 맛집 ] 유니짜장 맛집 '신승반점',https://blog.naver.com/rkdudvs95/224301847594
1421,food,인천,차이나타운 차이나타운베이커리 차이나타운빵 맛,cafe,1,차이나타운 베이커리 카페 제과기능장이 직접 굽는 해운대...,https://blog.naver.com/xlmoonlx/224301868694
1422,food,광주,첨단 광주 냉면 맛집 _청석골칡냉면,restaurant,1,[광주/첨단] 광주 냉면 맛집 _청석골칡냉면 내돈내산 후기,https://blog.naver.com/gayajisun/224301808263
1423,food,광주,첨단 라멘 맛집 미소라멘&카츠 돈코츠라멘 카,restaurant,1,광주 첨단 라멘 맛집 미소라멘&카츠 돈코츠라멘 카츠카레 후기,https://blog.naver.com/upjjing/224301841610
1424,domestic_travel,광주,첨단 라멘 맛집 미소라멘&카츠 돈코츠라멘 카,restaurant,1,광주 첨단 라멘 맛집 미소라멘&카츠 돈코츠라멘 카츠카레 후기,https://blog.naver.com/upjjing/224301841610
1425,food,광주,첨단2지구맛집,restaurant,1,광주샌드위치 추천 샐러드밥 첨단 맛집,https://blog.naver.com/dlthdud0123/224301826563
1426,food,광주,첨단에 있는 미소라멘&카츠를 방문했어요 라멘,restaurant,1,광주 첨단 라멘 맛집 미소라멘&카츠 돈코츠라멘 카츠카레 후기,https://blog.naver.com/upjjing/224301841610
1427,domestic_travel,광주,첨단에 있는 미소라멘&카츠를 방문했어요 라멘,restaurant,1,광주 첨단 라멘 맛집 미소라멘&카츠 돈코츠라멘 카츠카레 후기,https://blog.naver.com/upjjing/224301841610
1428,food,종로,청계천 근처 sfc몰 직장인들의 숨은 맛집,restaurant,1,서울 종로 광화문 직장인 맛집 카페 렛잇비 청계천 데이트...,https://blog.naver.com/melodyline-/224301872128
1429,food,종로,청계천 맛집 감성에 취하는 한식 맛집 청계천,restaurant,1,"[종각]낭만 종로 청계천 맛집 , 감성에 취하는 한식 맛집",https://blog.naver.com/fearless_life/224301598476
1430,food,종로,청계천 탭샵바 와인 맥주 가볍게 한잔 하기,restaurant,1,[종로 청계천]'탭샵바' 와인 맥주 가볍게 한잔 하기 좋은...,https://blog.naver.com/oingkuku/224295731374
1431,food,강남,청담룸식당,restaurant,1,청담 상견례 맛집 추천 문보핫팟 파인다이닝,https://blog.naver.com/6607144/224299479151
1432,food,부산,청사포 조개구이 맛집 도희네 조개구이 내돈내,restaurant,1,부산 청사포 조개구이 맛집 도희네 조개구이 내돈내산,https://blog.naver.com/lamulamu1122/224301788077
1433,domestic_travel,부산,청사포 조개구이 맛집 도희네 조개구이 내돈내,restaurant,1,부산 청사포 조개구이 맛집 도희네 조개구이 내돈내산,https://blog.naver.com/lamulamu1122/224301788077
1434,food,인천,청천동 고등어조림 맛집 만선포장마차 네이버,restaurant,1,인천 청천동 고등어조림 맛집 '만선포장마차',https://blog.naver.com/ddoddory_/224301860570
1435,food,인천,청천동 맛집 을 찾아보다가,restaurant,1,인천 청천동 고등어조림 맛집 '만선포장마차',https://blog.naver.com/ddoddory_/224301860570
1436,food,대구,청춘양식당,restaurant,1,동성로양식 맛집 청춘양식당 접근성 좋은 가성비 포크...,https://blog.naver.com/dms2ql_/224301746613
1437,domestic_travel,가평,청평호가 한눈에 보이는 펜션에서 스파까지 즐,travel_spot,1,가평 아기랑 청평호펜션 수상스키 즐길 수 있는 곳,https://blog.naver.com/jtlwkd123/224297872054
1438,domestic_travel,강릉,초당옥수수커피,cafe,1,4월 강릉여행,https://blog.naver.com/dototo_/224301829408
1439,food,대전,초밥 맛집 죽동 안도스시 가성비 점심 밥집,restaurant,1,대전 초밥 맛집 죽동 안도스시 가성비 점심 밥집,https://blog.naver.com/kokoz1/224301789317
1440,food,대전,초밥 맛집을 찾고 있다면 한 번쯤 방문해 볼,restaurant,1,대전 초밥 맛집 죽동 안도스시 가성비 점심 밥집,https://blog.naver.com/kokoz1/224301789317
1441,food,광주,초월역 맛집 곤지암 화담숲 오감 해물누룽지탕,restaurant,1,경기광주 초월역 맛집 곤지암 화담숲 오감 해물누룽지탕 녹두...,https://blog.naver.com/youmi6217/224301861655
1442,food,강남,최고의 가성비 스시 오마카세집,restaurant,1,강남 스시 오마카세 맛집 추천 가성비45000원 스시도,https://blog.naver.com/dw001221/224301734883
1443,food,부산,추천 축제,attraction,1,2026 광안리 어방축제 총정리! BTS 부산 콘서트와 함께...,https://blog.naver.com/mrlovewj/224301704016
1444,domestic_travel,부산,추천 축제,attraction,1,2026 광안리 어방축제 총정리! BTS 부산 콘서트와 함께...,https://blog.naver.com/mrlovewj/224301704016
1445,domestic_travel,가평,춘천식당,restaurant,1,춘천 한식 맛집_시루(feat 고즈넉한 한식집 / 가족모임 추천),https://blog.naver.com/yomozomo09/224301768337
1446,domestic_travel,전주,출발 5일 전 숙소,travel_spot,1,전라도 2박 3일 여행 1일차｜전주 한옥마을 + 신라스테이 전주,https://blog.naver.com/cafedrawing/224301496917
1447,domestic_travel,부산,출발 디꾸아호텔,travel_spot,1,"나트랑 달랏 패키지 5일 부산 출발, 디꾸아호텔 총정리",https://blog.naver.com/dkrdka18/224301494212
1448,food,대전,충남대 맛집 대전 궁동 양식 맛집 대학생때부,restaurant,1,"재방문 N번째,, 대전 충남대 맛집 , 대전 궁동 양식 맛집",https://blog.naver.com/arborkim/224301864033
1449,food,대전,충남대 블루리본 중식당,restaurant,1,대전 충남대 블루리본 중식당 연래춘대반점 삼선짜장 맛집 ...,https://blog.naver.com/dapara00/224301517752
1450,domestic_travel,대전,충남대 블루리본 중식당,restaurant,1,대전 충남대 블루리본 중식당 연래춘대반점 삼선짜장 맛집 ...,https://blog.naver.com/dapara00/224301517752
1451,food,대전,충남대 블루리본 중식당 연래춘대반점 삼선짜장,restaurant,1,대전 충남대 블루리본 중식당 연래춘대반점 삼선짜장 맛집 ...,https://blog.naver.com/dapara00/224301517752
1452,domestic_travel,대전,충남대 블루리본 중식당 연래춘대반점 삼선짜장,restaurant,1,대전 충남대 블루리본 중식당 연래춘대반점 삼선짜장 맛집 ...,https://blog.naver.com/dapara00/224301517752
1453,food,광주,충장로 치맥 맛집 하울링 HOWLING 테라,restaurant,1,광주 충장로 치맥 맛집 하울링(HOWLING),https://blog.naver.com/sh3636091/224301768216
1454,domestic_travel,광주,충장로 치맥 맛집 하울링 HOWLING 테라,restaurant,1,광주 충장로 치맥 맛집 하울링(HOWLING),https://blog.naver.com/sh3636091/224301768216
1455,food,대구,칠곡 가족외식으로 다녀온 물회 맛집 한서회초,restaurant,1,대구 칠곡 가족외식으로 다녀온 물회 맛집 한서회초밥 후기,https://blog.naver.com/tjsans217/224301696984
1456,domestic_travel,대구,칠곡 가족외식으로 다녀온 물회 맛집 한서회초,restaurant,1,대구 칠곡 가족외식으로 다녀온 물회 맛집 한서회초밥 후기,https://blog.naver.com/tjsans217/224301696984
1457,food,대구,칠곡4지구맛집,restaurant,1,"우리동네빙수 맛집 ,그녀의커피이야기",https://blog.naver.com/nobel1331/224301710372
1458,food,대구,칠곡브런치,cafe,1,"[칠곡브런치] 대구 칠곡에서 맛있는 브런치, 수국 맛집 소소래...",https://blog.naver.com/drawingirls/224301840401
1459,food,대구,칠곡에서 맛있는 브런치 수국 맛집 소소래 소,cafe,1,"[칠곡브런치] 대구 칠곡에서 맛있는 브런치, 수국 맛집 소소래...",https://blog.naver.com/drawingirls/224301840401
1460,food,대구,칠성동 맛집 칠성시장,restaurant,1,칠성동 맛집 칠성시장 근처 쌀국수집 왓타타이 내돈내산 리뷰,https://blog.naver.com/operation-car/224301843213
1461,domestic_travel,대구,칠성동 맛집 칠성시장,restaurant,1,칠성동 맛집 칠성시장 근처 쌀국수집 왓타타이 내돈내산 리뷰,https://blog.naver.com/operation-car/224301843213
1462,food,대구,칠성시장,travel_spot,1,대구 칠성시장 단골식당,https://blog.naver.com/hana_s2-/224301761671
1463,domestic_travel,대구,칠성시장,travel_spot,1,대구 칠성시장 단골식당,https://blog.naver.com/hana_s2-/224301761671
1464,food,대구,칠성시장 근처 맛집 대구 북구 쌀국수집 왓타,restaurant,1,칠성동 맛집 칠성시장 근처 쌀국수집 왓타타이 내돈내산 리뷰,https://blog.naver.com/operation-car/224301843213
1465,domestic_travel,대구,칠성시장 근처 맛집 대구 북구 쌀국수집 왓타,restaurant,1,칠성동 맛집 칠성시장 근처 쌀국수집 왓타타이 내돈내산 리뷰,https://blog.naver.com/operation-car/224301843213
1466,food,대구,칠성시장 단골식당 또 나만 알고싶은 맛집 소,restaurant,1,대구 칠성시장 단골식당,https://blog.naver.com/hana_s2-/224301761671
1467,domestic_travel,대구,칠성시장 단골식당 또 나만 알고싶은 맛집 소,restaurant,1,대구 칠성시장 단골식당,https://blog.naver.com/hana_s2-/224301761671
1468,food,대구,칠성시장단골식당,restaurant,1,대구 노포감성 제대로인 칠성시작 연탄불고기 찐 맛집 ...,https://blog.naver.com/kate_0522/224301578041
1469,domestic_travel,대구,칠성시장단골식당,restaurant,1,대구 노포감성 제대로인 칠성시작 연탄불고기 찐 맛집 ...,https://blog.naver.com/kate_0522/224301578041
1470,food,부산,카파도키아 두실역 맛집 부산 튀르키예,restaurant,1,[부산] 부산 카파도키아 두실역 맛집 부산 튀르키예 식당...,https://blog.naver.com/feltbeats90/224301807215
1471,food,강남,칵테일바 봐주셔서 감사합니다,restaurant,1,강남 가성비 칵테일바 실내데이트 Stay in 비밀의 정원,https://blog.naver.com/skagusdl6354/224301649381
1472,food,대전,칼국수 맛집 대전 은행동 맛집 오늘은 오랜만,restaurant,1,"장원갑 칼국수_대전 칼국수 맛집 , 대전 은행동 맛집",https://blog.naver.com/codud9573/224301868830
1473,domestic_travel,대전,칼국수 맛집 대전 은행동 맛집 오늘은 오랜만,restaurant,1,"장원갑 칼국수_대전 칼국수 맛집 , 대전 은행동 맛집",https://blog.naver.com/codud9573/224301868830
1474,food,대전,칼국수 현지인 맛집 시민칼국수 내돈내산,restaurant,1,대전 칼국수 현지인 맛집 시민칼국수 내돈내산 솔직후기,https://blog.naver.com/from_kuki/224301773677
1475,domestic_travel,대전,칼국수 현지인 맛집 시민칼국수 내돈내산,restaurant,1,대전 칼국수 현지인 맛집 시민칼국수 내돈내산 솔직후기,https://blog.naver.com/from_kuki/224301773677
1476,domestic_travel,전주,커플마사지 덕진공원,travel_spot,1,[전주 커플마사지] 덕진공원 최고급 안마의자와 발마사지로 몸...,https://blog.naver.com/migs00/224301812146
1477,domestic_travel,전주,커플마사지 덕진공원 최고급 안마의자와 발마사,travel_spot,1,[전주 커플마사지] 덕진공원 최고급 안마의자와 발마사지로 몸...,https://blog.naver.com/migs00/224301812146
1478,food,부산,커피,cafe,1,전포 카페 추천｜부산 커피 맛집 히떼로스터리 전포점 필터커피...,https://blog.naver.com/kimhaeun0927/224301719038
1479,domestic_travel,부산,커피,cafe,1,전포 카페 추천｜부산 커피 맛집 히떼로스터리 전포점 필터커피...,https://blog.naver.com/kimhaeun0927/224301719038
1480,food,제주,커피,cafe,1,"제주도에서 만난 인생 커피,제주에서 “제일 맛있는”커피...",https://blog.naver.com/naldada_/224301615695
1481,domestic_travel,제주,커피,cafe,1,"제주도에서 만난 인생 커피,제주에서 “제일 맛있는”커피...",https://blog.naver.com/naldada_/224301615695
1482,food,수원,커피,cafe,1,[수원 커피] 패터슨 커피: 행궁동 감성 제대로 느껴지는...,https://blog.naver.com/ssj2151/224296825797
1483,food,대구,커피,cafe,1,[대구 남산동/카페] 골목 끝에서 만난 아늑함 '탈린커피바',https://blog.naver.com/bujson/224300168991
1484,domestic_travel,대구,커피,cafe,1,[대구 남산동/카페] 골목 끝에서 만난 아늑함 '탈린커피바',https://blog.naver.com/bujson/224300168991
1485,domestic_travel,강릉,커피,cafe,1,[강릉 여행 ]엄마와 함께 떠난 강원도 강릉/2박3일,https://blog.naver.com/pricuae123/224301699781
1486,food,부산,커피 맛집 히떼로스터리 전포점 필터커피,cafe,1,전포 카페 추천｜부산 커피 맛집 히떼로스터리 전포점 필터커피...,https://blog.naver.com/kimhaeun0927/224301719038
1487,domestic_travel,부산,커피 맛집 히떼로스터리 전포점 필터커피,cafe,1,전포 카페 추천｜부산 커피 맛집 히떼로스터리 전포점 필터커피...,https://blog.naver.com/kimhaeun0927/224301719038
1488,food,부산,커피 맛집 히떼로스터리 전포점 필터커피 전포,cafe,1,전포 카페 추천｜부산 커피 맛집 히떼로스터리 전포점 필터커피...,https://blog.naver.com/kimhaeun0927/224301719038
1489,domestic_travel,부산,커피 맛집 히떼로스터리 전포점 필터커피 전포,cafe,1,전포 카페 추천｜부산 커피 맛집 히떼로스터리 전포점 필터커피...,https://blog.naver.com/kimhaeun0927/224301719038
1490,food,수원,커피 패터슨 커피,cafe,1,[수원 커피] 패터슨 커피: 행궁동 감성 제대로 느껴지는...,https://blog.naver.com/ssj2151/224296825797
1491,food,수원,커피 패터슨 커피 행궁동 감성 제대로 느껴지,cafe,1,[수원 커피] 패터슨 커피: 행궁동 감성 제대로 느껴지는...,https://blog.naver.com/ssj2151/224296825797
1492,domestic_travel,제주,켄싱턴리조트,travel_spot,1,"가성비 리조트! 켄싱턴리조트 제주한림, 제주도 가족 여행 숙소",https://blog.naver.com/travelnote77/224301787156
1493,food,부산,켄트호텔이 말아주는 26년 광안리 어방축제,attraction,1,켄트호텔이 말아주는 26년 광안리 어방축제 정보,https://blog.naver.com/kenthotel_busan/224301826364
1494,domestic_travel,부산,켄트호텔이 말아주는 26년 광안리 어방축제,attraction,1,켄트호텔이 말아주는 26년 광안리 어방축제 정보,https://blog.naver.com/kenthotel_busan/224301826364
1495,food,강남,코엑스 맛집 솥내음 스타필드 코엑스몰점 한우,restaurant,1,강남 코엑스 맛집 솥내음 스타필드 코엑스몰점 한우대창 솥밥...,https://blog.naver.com/qls0816/224301283304
1496,food,인천,키위축제,attraction,1,"마억두의 애슐리퀸즈 스퀘어원점 후기 (동춘동뷔페, 키위축제...",https://blog.naver.com/gpdus508500/224301763232
1497,domestic_travel,인천,키위축제,attraction,1,"마억두의 애슐리퀸즈 스퀘어원점 후기 (동춘동뷔페, 키위축제...",https://blog.naver.com/gpdus508500/224301763232
1498,domestic_travel,성수,키즈리조트,travel_spot,1,인천 송도 인스파이어 리조트 프로모션 빅 특가 스플래시 베이...,https://blog.naver.com/rud_gml/224301267430
1499,domestic_travel,인천,키즈리조트,travel_spot,1,인천 송도 인스파이어 리조트 프로모션 빅 특가 스플래시 베이...,https://blog.naver.com/rud_gml/224301267430
1500,food,수원,타임빌라스 맛집 88철판 통삼겹철판,restaurant,1,수원 타임빌라스 맛집 88철판 통삼겹철판 내돈내산 후기...,https://blog.naver.com/kimrina1994/224301724202
1501,food,성수,타임스퀘어 맛집 테디스베이글 팝업,popup,1,성수 팝업 영등포 빵 웨이팅 맛집 테디스베이글 오픈런,https://blog.naver.com/nike910630/224301525428
1502,food,성수,타코 맛집 모리몰리 연어타르타르타코 서울숲,restaurant,1,성수 타코 맛집 모리몰리... 연어타르타르타코 서울숲 타코 맛집,https://blog.naver.com/dhdnjfdmlwldnjs/224301811476
1503,food,제주,탐하리 현지인 맛집 자체 랭킹 1위 집인 제,restaurant,1,가산 현지인 자체 랭킹 1위 고기 맛집|제주 탐하리,https://blog.naver.com/daffodils_0-0/224301671286
1504,domestic_travel,제주,탐하리 현지인 맛집 자체 랭킹 1위 집인 제,restaurant,1,가산 현지인 자체 랭킹 1위 고기 맛집|제주 탐하리,https://blog.naver.com/daffodils_0-0/224301671286
1505,food,제주,탑동 신상 맛집 다들 어찌 알고 오신거지 사,restaurant,1,제주 탑동 장진우 셰프 신상 맛집 사오공대패 구 뽀빠이호프,https://blog.naver.com/je_mattt/224301867865
1506,domestic_travel,제주,탑동 신상 맛집 다들 어찌 알고 오신거지 사,restaurant,1,제주 탑동 장진우 셰프 신상 맛집 사오공대패 구 뽀빠이호프,https://blog.naver.com/je_mattt/224301867865
1507,food,제주,탑동 장진우 셰프 신상 맛집 사오공대패 구,restaurant,1,제주 탑동 장진우 셰프 신상 맛집 사오공대패 구 뽀빠이호프,https://blog.naver.com/je_mattt/224301867865
1508,domestic_travel,제주,탑동 장진우 셰프 신상 맛집 사오공대패 구,restaurant,1,제주 탑동 장진우 셰프 신상 맛집 사오공대패 구 뽀빠이호프,https://blog.naver.com/je_mattt/224301867865
1509,food,수원,탑동 햄버거 맛집 맥도날드 수원탑동DT점 드,restaurant,1,수원 탑동 햄버거 맛집 :: 맥도날드 수원탑동DT점 드디어 입성!...,https://blog.naver.com/ygscsa/224301521686
1510,food,대전,탑립동 맛집 간짜장 맛집 찾는다면 왕궁중화요,restaurant,1,[대전 탑립동 맛집 ] 간짜장 맛집 찾는다면 왕궁중화요리,https://blog.naver.com/ssangkong65/224301061079
1511,domestic_travel,강릉,탑스텐 호텔,travel_spot,1,강릉 탑스텐 호텔 솔직후기,https://blog.naver.com/chj28266/224301828127
1512,food,대구,태능집 북성로 석쇠불고기집 & 나는야,restaurant,1,[대구 맛집 ] 태능집.. 북성로 석쇠불고기집 & 나는야 우동!!,https://blog.naver.com/a73apple/224301715816
1513,food,대구,태능집 북성로불고기&우동 대구에 방문한다면,restaurant,1,[ 국내여행 ] 대구 태능집 : 북성로불고기&우동,https://blog.naver.com/kkokkorun/224301652143
1514,domestic_travel,대구,태능집 북성로불고기&우동 대구에 방문한다면,restaurant,1,[ 국내여행 ] 대구 태능집 : 북성로불고기&우동,https://blog.naver.com/kkokkorun/224301652143
1515,food,대구,태백산 불정암에서 1박 2일 점사맛집,restaurant,1,태백산 불정암에서 1박 2일,https://blog.naver.com/gimgjunsoo48/224301855132
1516,domestic_travel,전주,태평동 소금빵 맛집 태리단길카페 테라스 감성,cafe,1,전주 태평동 소금빵 맛집 태리단길카페|테라스 감성 가득한...,https://blog.naver.com/juning_26/224301608678
1517,food,성수,테디스베이글 단 이틀만 팝업,popup,1,성수 팝업 오픈런 성공! 영등포 맛집 테디스베이글,https://blog.naver.com/silveryiseul/224301503994
1518,domestic_travel,성수,테디스베이글 단 이틀만 팝업,popup,1,성수 팝업 오픈런 성공! 영등포 맛집 테디스베이글,https://blog.naver.com/silveryiseul/224301503994
1519,food,대구,테크노폴리스 맛집 고기집 현풍 갈비정 단체,restaurant,1,대구 테크노폴리스 맛집 고기집 현풍 갈비정 단체 모임 회식 추천,https://blog.naver.com/hitecass0/224301836765
1520,domestic_travel,대구,테크노폴리스 맛집 고기집 현풍 갈비정 단체,restaurant,1,대구 테크노폴리스 맛집 고기집 현풍 갈비정 단체 모임 회식 추천,https://blog.naver.com/hitecass0/224301836765
1521,food,대구,테크노폴리스 맛집 고기집 현풍 갈비정 사랑하,restaurant,1,대구 테크노폴리스 맛집 고기집 현풍 갈비정 단체 모임 회식 추천,https://blog.naver.com/hitecass0/224301836765
1522,domestic_travel,대구,테크노폴리스 맛집 고기집 현풍 갈비정 사랑하,restaurant,1,대구 테크노폴리스 맛집 고기집 현풍 갈비정 단체 모임 회식 추천,https://blog.naver.com/hitecass0/224301836765
1523,food,성수,토이스토리 파파존스 피자플래닛 팝업,popup,1,성수 토이스토리 파파존스 피자플래닛 팝업 총정리 (기간·메뉴...,https://blog.naver.com/kmiso77/224301821182
1524,domestic_travel,제주,퇴사 후 뚜벅이 제주 여행 제주동문시장,travel_spot,1,퇴사 후 뚜벅이 제주 여행 !: 제주동문시장편,https://blog.naver.com/hyeppey/224301822475
1525,domestic_travel,강릉,툇마루 중앙시장,travel_spot,1,"강릉 당일치기 여행 코스 추천 강문해변, 툇마루, 중앙시장...",https://blog.naver.com/jing2vov/224301586874
1526,food,부산,튀르키예 식당,restaurant,1,[부산] 부산 카파도키아 두실역 맛집 부산 튀르키예 식당...,https://blog.naver.com/feltbeats90/224301807215
1527,domestic_travel,부산,파라다이스호텔,travel_spot,1,"부산 호캉스 추천, 해운대 파라다이스 호텔에서 즐기는 완벽한...",https://blog.naver.com/goodfinds/224301788841
1528,food,강남,파인다이닝,restaurant,1,강남역 녘(Nyeock) 솔직 후기 — 내 청첩장을 전하던 날,https://blog.naver.com/buyhan1/224301702813
1529,food,제주,판교현대백화점식당,restaurant,1,"식당가 맛집 제주상춘재, 만족스러운 한식 한상 내돈내산",https://blog.naver.com/khm4411727/224301854058
1530,food,제주,판교현대백화점식당가9층 맛집,restaurant,1,"식당가 맛집 제주상춘재, 만족스러운 한식 한상 내돈내산",https://blog.naver.com/khm4411727/224301854058
1531,food,대구,팔공산애견동반식당,restaurant,1,"호떡이의 애견동반 맛집 ... 대구가족모임, 내돈내산 ...",https://blog.naver.com/bae_hodddddeok/224301752176
1532,domestic_travel,인천,팔미도해변,travel_spot,1,"맨발로 걷는 팔미도 해변 — 도심에서 1시간, 몸과 마음이...",https://blog.naver.com/happyboat01/224297816938
1533,domestic_travel,전주,팔복예술공장 전주전시회,attraction,1,비오는 날이라 더 좋았던 우리들의 '봄날' 전주 팔복예술공장...,https://blog.naver.com/polarisflower/224301875472
1534,food,성수,팝업 갔다가 반한 영등포 베이글 맛집 테디스,popup,1,성수 팝업 갔다가 반한 영등포 베이글 맛집 테디스베이글,https://blog.naver.com/min2xux/224301613034
1535,domestic_travel,성수,팝업 갔다가 반한 영등포 베이글 맛집 테디스,popup,1,성수 팝업 갔다가 반한 영등포 베이글 맛집 테디스베이글,https://blog.naver.com/min2xux/224301613034
1536,food,성수,팝업 테디스베이글 한정 수량 착즙 제주감귤,popup,1,성수 팝업 테디스베이글 한정 수량 착즙 제주감귤 주스와...,https://blog.naver.com/ge_gee00/224301513068
1537,domestic_travel,성수,팝업 테디스베이글 한정 수량 착즙 제주감귤,popup,1,성수 팝업 테디스베이글 한정 수량 착즙 제주감귤 주스와...,https://blog.naver.com/ge_gee00/224301513068
1538,food,성수,팝업스토어,popup,1,주말 성수동 데이트 코스 가볼만한곳 놀거리 맛집 추천 TOP5는?,https://blog.naver.com/project-jaden/224301517252
1539,domestic_travel,성수,팝업스토어,popup,1,주말 성수동 데이트 코스 가볼만한곳 놀거리 맛집 추천 TOP5는?,https://blog.naver.com/project-jaden/224301517252
1540,food,인천,패밀리레스토랑,restaurant,1,"마억두의 애슐리퀸즈 스퀘어원점 후기 (동춘동뷔페, 키위축제...",https://blog.naver.com/gpdus508500/224301763232
1541,domestic_travel,인천,패밀리레스토랑,restaurant,1,"마억두의 애슐리퀸즈 스퀘어원점 후기 (동춘동뷔페, 키위축제...",https://blog.naver.com/gpdus508500/224301763232
1542,food,수원,패터슨커피,cafe,1,[수원 커피] 패터슨 커피: 행궁동 감성 제대로 느껴지는...,https://blog.naver.com/ssj2151/224296825797
1543,food,부산,퍼시먼커피,cafe,1,창원 주남저수지 근처 여행 코스 추천｜돌짜장 퍼시먼커피...,https://blog.naver.com/flower_jiny/224296851066
1544,domestic_travel,부산,퍼시먼커피,cafe,1,창원 주남저수지 근처 여행 코스 추천｜돌짜장 퍼시먼커피...,https://blog.naver.com/flower_jiny/224296851066
1545,domestic_travel,강릉,평택강릉해변,travel_spot,1,26년 여름엔 막국수가 최고! 강릉해변메밀막국수,https://blog.naver.com/okpop3837/224301708835
1546,food,종로,포차 국제시장,travel_spot,1,"[종로] 내돈내산, 종로야장 어디로 갈까 나는 ""국제시장 포차""",https://blog.naver.com/kahu9003/224298659460
1547,food,제주,품바축제,attraction,1,[2026 음성품바축제 총정리] 초대가수 라인업부터 주차 꿀팁...,https://blog.naver.com/trendnews/224301296365
1548,domestic_travel,제주,품바축제,attraction,1,[2026 음성품바축제 총정리] 초대가수 라인업부터 주차 꿀팁...,https://blog.naver.com/trendnews/224301296365
1549,food,인천,풍물시장,travel_spot,1,"강화도 여행 후기｜풍물시장부터 강화성당, 감성 소품샵...",https://blog.naver.com/vhrwnsu17/224297158788
1550,domestic_travel,인천,풍물시장,travel_spot,1,"강화도 여행 후기｜풍물시장부터 강화성당, 감성 소품샵...",https://blog.naver.com/vhrwnsu17/224297158788
1551,domestic_travel,광주,풍암체육공원,travel_spot,1,광주풍암체육공원 할로윈 숲체험 아이와가기좋은곳,https://blog.naver.com/wicket69986/224301855053
1552,food,강남,프라이빗 룸 식당 문의 가능,restaurant,1,스시 오마카세 맛집 스시도 디너 후기 강남 단체 모임 맛집 추천,https://blog.naver.com/sh676700/224301714283
1553,food,부산,프랭클린커피로스터스,cafe,1,(부산/전포) 라떼 밀크티 블루리본 커피 맛집 ...,https://blog.naver.com/eldrn990/224301744329
1554,food,광주,하남 광주곱창 맛집 곱창촌 우산점 모듬구이,restaurant,1,[광주/하남] 광주곱창 맛집 곱창촌 우산점 모듬구이 후기,https://blog.naver.com/ju_hyun-/224301782770
1555,domestic_travel,광주,하남 광주곱창 맛집 곱창촌 우산점 모듬구이,restaurant,1,[광주/하남] 광주곱창 맛집 곱창촌 우산점 모듬구이 후기,https://blog.naver.com/ju_hyun-/224301782770
1556,food,제주,하남고기집,restaurant,1,"하남고기집 제주덕구 오겹살, 꽃갈비살, 양념껍데기 맛집 추천",https://blog.naver.com/alfkf777/224301843004
1557,food,광주,하늘공원,travel_spot,1,광주 하늘공원 동명동 캐치스피자 후기,https://blog.naver.com/tntjddl12345/224301747901
1558,domestic_travel,광주,하늘공원,travel_spot,1,광주 하늘공원 동명동 캐치스피자 후기,https://blog.naver.com/tntjddl12345/224301747901
1559,food,광주,하늘공원 동명동 캐치스피자,travel_spot,1,광주 하늘공원 동명동 캐치스피자 후기,https://blog.naver.com/tntjddl12345/224301747901
1560,domestic_travel,광주,하늘공원 동명동 캐치스피자,travel_spot,1,광주 하늘공원 동명동 캐치스피자 후기,https://blog.naver.com/tntjddl12345/224301747901
1561,domestic_travel,강릉,하면 경포해변 안목 커피거리만 떠오르시나요,cafe,1,강릉의 숨은 명소 Best 5 - 케이드라이브 기사님들이 추천해요!,https://blog.naver.com/kd_1577/224299896389
1562,food,대전,하면 떠오르는 것 바로 빵이죠 빵의 도시에서,restaurant,1,"결국 대전 빵지순례 빵버스, 내돈내산 솔직 후기 공개해요!",https://blog.naver.com/review76/224300735299
1563,food,제주,한경면 카페 3인칭 관찰자 시점 다행이었던,cafe,1,"제주 한경면 카페, 3인칭 관찰자 시점",https://blog.naver.com/hspic/224301781022
1564,domestic_travel,제주,한경면 카페 3인칭 관찰자 시점 다행이었던,cafe,1,"제주 한경면 카페, 3인칭 관찰자 시점",https://blog.naver.com/hspic/224301781022
1565,food,제주,한담해안산책로 맛집 카페 소개하려 합니다 드,cafe,1,제주 가볼만한곳 한담해안산책로 힐링 산책 코스 맛집 카페...,https://blog.naver.com/ssanta7/224301857731
1566,domestic_travel,제주,한담해안산책로 맛집 카페 소개하려 합니다 드,cafe,1,제주 가볼만한곳 한담해안산책로 힐링 산책 코스 맛집 카페...,https://blog.naver.com/ssanta7/224301857731
1567,domestic_travel,제주,한림읍 조용한 숙소 바다아리펜션 협재 인근,restaurant,1,제주 한림읍 조용한 숙소 바다아리펜션 협재 인근 주차와 예약...,https://blog.naver.com/alice-220/224298543787
1568,food,대전,한밭대 주변 식당,restaurant,1,한밭대 주변 식당 추천 -저녁편-,https://blog.naver.com/hanbat_national_univ/224301725635
1569,food,대구,한식 맛집 답,restaurant,1,"진심 어린 바다의 맛과 전통 솥밥의 조화, 대구 한식 맛집 으로...",https://blog.naver.com/cooltime6856/224301858140
1570,domestic_travel,대구,한식 맛집 답,restaurant,1,"진심 어린 바다의 맛과 전통 솥밥의 조화, 대구 한식 맛집 으로...",https://blog.naver.com/cooltime6856/224301858140
1571,food,대구,한식 맛집 에서 전복 솥밥의 깊은 맛을 느껴,restaurant,1,대구 한식 맛집 에서 전복 솥밥의 깊은 맛을 느껴보는 법...,https://blog.naver.com/tp_ojun_xty34/224301878078
1572,food,제주,한식 맛집 으로,restaurant,1,제주도 물회 맛집 애월 온기 전복물회와 전복죽 솔직후기,https://blog.naver.com/psy000_/224301858060
1573,domestic_travel,제주,한식 맛집 으로,restaurant,1,제주도 물회 맛집 애월 온기 전복물회와 전복죽 솔직후기,https://blog.naver.com/psy000_/224301858060
1574,food,대구,한식 맛집 으로 맛집 을 찾다가 우연히 알게,restaurant,1,"진심 어린 바다의 맛과 전통 솥밥의 조화, 대구 한식 맛집 으로...",https://blog.naver.com/cooltime6856/224301858140
1575,domestic_travel,대구,한식 맛집 으로 맛집 을 찾다가 우연히 알게,restaurant,1,"진심 어린 바다의 맛과 전통 솥밥의 조화, 대구 한식 맛집 으로...",https://blog.naver.com/cooltime6856/224301858140
1576,food,종로,한식 맛집 은 농림축산부 선정 안심식당이기도,restaurant,1,서울 동대문 종로 을지로 맛집 더드림왕수제핫바...,https://blog.naver.com/cooljuyoun1/224299848555
1577,food,대구,한식 맛집 중에서도 특별한 경험을 할 수 있,restaurant,1,대구 한식 맛집 에서 전복 솥밥의 깊은 맛을 느껴보는 법...,https://blog.naver.com/tp_ojun_xty34/224301878078
1578,food,대구,한식 오마카세 현방 대구 수성구 범어동 47,restaurant,1,대구 한식 오마카세 “현방” 생일 내돈내산 아쉬운 후기...,https://blog.naver.com/honestzzang/224301739246
1579,domestic_travel,대구,한식 오마카세 현방 대구 수성구 범어동 47,restaurant,1,대구 한식 오마카세 “현방” 생일 내돈내산 아쉬운 후기...,https://blog.naver.com/honestzzang/224301739246
1580,food,대구,한식 오마카세 현방 생일 내돈내산 아쉬운 후,restaurant,1,대구 한식 오마카세 “현방” 생일 내돈내산 아쉬운 후기...,https://blog.naver.com/honestzzang/224301739246
1581,domestic_travel,대구,한식 오마카세 현방 생일 내돈내산 아쉬운 후,restaurant,1,대구 한식 오마카세 “현방” 생일 내돈내산 아쉬운 후기...,https://blog.naver.com/honestzzang/224301739246
1582,food,성수,한식다이닝,restaurant,1,성수동 감성 한식 다이닝 '아웃오브오더' 후기/성수역 맛집 추천,https://blog.naver.com/heyon979/224301568165
1583,domestic_travel,성수,한식다이닝,restaurant,1,성수동 감성 한식 다이닝 '아웃오브오더' 후기/성수역 맛집 추천,https://blog.naver.com/heyon979/224301568165
1584,food,강남,한식다이닝,restaurant,1,"전복부터 장어, 들기름 면까지 완벽했던 ‘윤 서울 ’",https://blog.naver.com/meraki3827/224300536564
1585,food,수원,한식당,restaurant,1,정희 타임빌라스 수원점 내돈내산 수원역 한식당 수원역 맛집추천,https://blog.naver.com/joyloger/224301741342
1586,food,강남,한식파인다이닝,restaurant,1,"전복부터 장어, 들기름 면까지 완벽했던 ‘윤 서울 ’",https://blog.naver.com/meraki3827/224300536564
1587,domestic_travel,가평,한옥 독채 펜션 운악채 개별바베큐 가족 여행,restaurant,1,가평 한옥 독채 펜션 운악채 : 개별바베큐 가족 여행 추천 내돈내산,https://blog.naver.com/agerenunc/224301252821
1588,food,종로,한옥레스토랑,restaurant,1,익선동 파스타 맛집 신라호텔 10년 경력 셰프의 독립밀방...,https://blog.naver.com/minji9038/224301574094
1589,domestic_travel,전주,한옥마을 + 신라스테이 전주 콧바람 쐬고 싶,restaurant,1,전라도 2박 3일 여행 1일차｜전주 한옥마을 + 신라스테이 전주,https://blog.naver.com/cafedrawing/224301496917
1590,domestic_travel,가평,한옥펜션 운악채 부모님 모시고 가기 좋은 서,travel_spot,1,가평 한옥 독채 펜션 운악채 : 개별바베큐 가족 여행 추천 내돈내산,https://blog.naver.com/agerenunc/224301252821
1591,food,대구,핫플 대구빙수 맛집 서문시장,restaurant,1,대구빙수 맛집 서문시장 2지구 생과일 가득 디저트 제니빙수,https://blog.naver.com/qhxhdtk/224301675907
1592,domestic_travel,대구,핫플 대구빙수 맛집 서문시장,restaurant,1,대구빙수 맛집 서문시장 2지구 생과일 가득 디저트 제니빙수,https://blog.naver.com/qhxhdtk/224301675907
1593,food,대전,핫플 대전 혼술바 잔소리 봉명점,restaurant,1,"｜봉명동 대전 핫플 , 대전 혼술바 '잔소리 봉명점'",https://blog.naver.com/shrimpssong/224301819009
1594,domestic_travel,대전,핫플 대전 혼술바 잔소리 봉명점,restaurant,1,"｜봉명동 대전 핫플 , 대전 혼술바 '잔소리 봉명점'",https://blog.naver.com/shrimpssong/224301819009
1595,food,성수,핫플 돌아다니다보면 양식 브런치 감성카페는,cafe,1,성수역한식 맛집 [ 보승회관 ] 얼큰한 순대곱창전골 맛집 술안주...,https://blog.naver.com/ralphauren/224301740554
1596,domestic_travel,성수,핫플 돌아다니다보면 양식 브런치 감성카페는,cafe,1,성수역한식 맛집 [ 보승회관 ] 얼큰한 순대곱창전골 맛집 술안주...,https://blog.naver.com/ralphauren/224301740554
1597,domestic_travel,강릉,핫플 레이스 중앙시장 난 강릉중앙시장,travel_spot,1,"강릉 핫플 레이스, 중앙시장... 난 강릉중앙시장 찐 핫플 탐방기",https://blog.naver.com/parkmath68/224301764332
1598,domestic_travel,강릉,핫플 레이스 중앙시장 난 강릉중앙시장 찐 핫,travel_spot,1,"강릉 핫플 레이스, 중앙시장... 난 강릉중앙시장 찐 핫플 탐방기",https://blog.naver.com/parkmath68/224301764332
1599,food,부산,핫플 맛집 찾아보다가 반주하기 좋아 보였던,restaurant,1,[부산] 2박 3일 맛집 여행 솔직후기 ㅣ 바다·소품샵·부산 맛집 ...,https://blog.naver.com/archivennn/224301658142
1600,domestic_travel,부산,핫플 맛집 찾아보다가 반주하기 좋아 보였던,restaurant,1,[부산] 2박 3일 맛집 여행 솔직후기 ㅣ 바다·소품샵·부산 맛집 ...,https://blog.naver.com/archivennn/224301658142
1601,food,성수,핫플 이 될 테디스베이글 영등포 맛집 이니,restaurant,1,성수 팝업 오픈런 성공! 영등포 맛집 테디스베이글,https://blog.naver.com/silveryiseul/224301503994
1602,domestic_travel,성수,핫플 이 될 테디스베이글 영등포 맛집 이니,restaurant,1,성수 팝업 오픈런 성공! 영등포 맛집 테디스베이글,https://blog.naver.com/silveryiseul/224301503994
1603,food,성수,핫플 테디스베이글 팝업이에요 성수 팝업 타임,popup,1,성수 팝업 영등포 빵 웨이팅 맛집 테디스베이글 오픈런,https://blog.naver.com/nike910630/224301525428
1604,food,부산,해동용궁사 이야기 부처님 바다를 품은 국내,restaurant,1,한 가지 소원은 꼭 이뤄진다는 부산 해동용궁사 이야기/ 부처님...,https://blog.naver.com/mozzi_0123/224301392070
1605,domestic_travel,부산,해동용궁사 이야기 부처님 바다를 품은 국내,restaurant,1,한 가지 소원은 꼭 이뤄진다는 부산 해동용궁사 이야기/ 부처님...,https://blog.naver.com/mozzi_0123/224301392070
1606,domestic_travel,부산,해맞이공원,travel_spot,1,해맞이공원 수국 명소 다녀왔어요. 바다 뷰까지 예쁜 여름꽃 여행,https://blog.naver.com/lkm8061/224301625905
1607,food,제주,해비치호텔,travel_spot,1,제주도 해비치 호텔 숙박 정보와 실용 가이드,https://blog.naver.com/loannl/224301868925
1608,domestic_travel,인천,해수욕장 긴 휴가를 내기 어려운 바쁜 일상,restaurant,1,와 여름이다! 2026 전국 해수욕장 개장일 총정리,https://blog.naver.com/hongsue_/224301653195
1609,food,부산,해운대 돈까스 맛있는집 좌동 맛집 유유카츠,restaurant,1,부산 해운대 돈까스 맛있는집 좌동 맛집 유유카츠,https://blog.naver.com/jhhha0323/224301557617
1610,domestic_travel,부산,해운대 돈까스 맛있는집 좌동 맛집 유유카츠,restaurant,1,부산 해운대 돈까스 맛있는집 좌동 맛집 유유카츠,https://blog.naver.com/jhhha0323/224301557617
1611,food,부산,해운대 마린캡슐호텔,travel_spot,1,부산 해운대 혼자 여행 숙소! 부산 해운대 마린캡슐호텔앤스파...,https://blog.naver.com/travelnote77/224301845244
1612,domestic_travel,부산,해운대 마린캡슐호텔,travel_spot,1,부산 해운대 혼자 여행 숙소! 부산 해운대 마린캡슐호텔앤스파...,https://blog.naver.com/travelnote77/224301845244
1613,food,부산,해운대 맛집 싱싱한 자연산 해산물이 3차에,restaurant,1,[부산/해운대 맛집 ] 싱싱한 자연산 해산물이 3차에 걸쳐 나오는...,https://blog.naver.com/caren1029/224301692566
1614,domestic_travel,부산,해운대 맛집 싱싱한 자연산 해산물이 3차에,restaurant,1,[부산/해운대 맛집 ] 싱싱한 자연산 해산물이 3차에 걸쳐 나오는...,https://blog.naver.com/caren1029/224301692566
1615,domestic_travel,부산,해운대 모래축제,attraction,1,26년 5월 일상 (feat. 홍콩&마카오 여행 / 애견 동반 제주도 여행...,https://blog.naver.com/rlatmddust/224301853339
1616,domestic_travel,제주,해운대 모래축제,attraction,1,26년 5월 일상 (feat. 홍콩&마카오 여행 / 애견 동반 제주도 여행...,https://blog.naver.com/rlatmddust/224301853339
1617,domestic_travel,부산,해운대 호텔,travel_spot,1,부산 해운대 호텔 추천|완벽한 오션뷰와 테라스가 있는 감성...,https://blog.naver.com/mingonchill/224301220128
1618,food,부산,해운대 혼자 여행 숙소 부산 해운대 마린캡슐,travel_spot,1,부산 해운대 혼자 여행 숙소! 부산 해운대 마린캡슐호텔앤스파...,https://blog.naver.com/travelnote77/224301845244
1619,domestic_travel,부산,해운대 혼자 여행 숙소 부산 해운대 마린캡슐,travel_spot,1,부산 해운대 혼자 여행 숙소! 부산 해운대 마린캡슐호텔앤스파...,https://blog.naver.com/travelnote77/224301845244
1620,food,부산,해운대 LP바 해운대 칵테일바 뮤즈온 방문후,restaurant,1,부산 해운대 LP바 뮤즈온 해운대 데이트코스 추천,https://blog.naver.com/2_s0ey/224301665381
1621,domestic_travel,부산,해운대 LP바 해운대 칵테일바 뮤즈온 방문후,restaurant,1,부산 해운대 LP바 뮤즈온 해운대 데이트코스 추천,https://blog.naver.com/2_s0ey/224301665381
1622,food,부산,해운대구 송정동 소금빵 맛집 디비에이 29,restaurant,1,"부산 해운대구 송정동, 소금빵 맛집 : 디비에이",https://blog.naver.com/tintiny79/224301799850
1623,food,부산,해운대구 재송동 순대국밥 맛집 프렌차이즈 얼,restaurant,1,부산 해운대구 재송동 순대국밥 맛집 (프렌차이즈),https://blog.naver.com/worldconect/224301748901
1624,food,부산,해운대수목원 맛집 88완당 반송본점 완,restaurant,1,부산완당 부산 맛집 해운대수목원 맛집 88완당 반송본점 완당...,https://blog.naver.com/ssxbxx/224301865272
1625,domestic_travel,부산,해운대수목원 맛집 88완당 반송본점 완,restaurant,1,부산완당 부산 맛집 해운대수목원 맛집 88완당 반송본점 완당...,https://blog.naver.com/ssxbxx/224301865272
1626,domestic_travel,부산,해운대호텔,travel_spot,1,"부산 호캉스 추천, 해운대 파라다이스 호텔에서 즐기는 완벽한...",https://blog.naver.com/goodfinds/224301788841
1627,food,강남,해장 맛집 안녕하세요 일탈을 꿈꾸는 직장인,restaurant,1,신논현역 부대찌개 맛집 부찌남 후기! 웨이팅도 감수하게...,https://blog.naver.com/parkplm098/224300453582
1628,food,종로,핸드드립커피,cafe,1,"[ 서울/종로 ] 나만 알고 싶은 북카페, ‘학사다방’ 솔직 후기",https://blog.naver.com/dumboooo_/224301780993
1629,food,수원,핸드드립커피,cafe,1,수원 행궁동 감성 카페 '오토그라프' 방문 후기,https://blog.naver.com/sean0078/224297115240
1630,food,성수,햄버거 맛집 보어드앤헝그리 참고로 여기는 진,restaurant,1,[서울/성동구]N번째 방문 성수 햄버거 맛집 “보어드앤헝그리...,https://blog.naver.com/sunjukitty/224301812894
1631,domestic_travel,성수,햄버거 맛집 보어드앤헝그리 참고로 여기는 진,restaurant,1,[서울/성동구]N번째 방문 성수 햄버거 맛집 “보어드앤헝그리...,https://blog.naver.com/sunjukitty/224301812894
1632,food,수원,행궁동 구움과자 맛집 에그타르트 휘낭시에 디,restaurant,1,"수원 행궁동 구움과자 맛집|에그타르트, 휘낭시에 디저트 후기",https://blog.naver.com/luv_zy/224301813904
1633,food,수원,행궁동 맛집 맛을 즐길 수 있는 쿼터스트리트,restaurant,1,[수원 행궁동 맛집 ]... 맛을 즐길 수 있는 쿼터스트리트 피자 맛집,https://blog.naver.com/shindenggu/224301694058
1634,food,수원,행궁동 술집 바바바 분위기 좋은 LP바 피자,restaurant,1,수원 행궁동 술집 [바바바] 분위기 좋은 LP바|피자 맛집 추천 ...,https://blog.naver.com/os_1215/224301713464
1635,food,수원,행궁동 오믈렛과 파스타 맛집 으로 유명한 에,restaurant,1,[수원] 행궁동 오믈렛과 파스타 전문 맛집 에그궁 명란오믈렛...,https://blog.naver.com/0318wldudths/224301872263
1636,food,수원,행궁동 오믈렛과 파스타 전문 맛집 에그궁 명,restaurant,1,[수원] 행궁동 오믈렛과 파스타 전문 맛집 에그궁 명란오믈렛...,https://blog.naver.com/0318wldudths/224301872263
1637,food,수원,행궁동 점심 맛집 - 숯불향 가득한 한식 서,restaurant,1,수원 행궁동 점심 맛집 - 숯불향 가득한 한식 서빙고 뼈구이...,https://blog.naver.com/wonderwoman91/224301813914
1638,food,수원,행궁동레스토랑,restaurant,1,[수원 행궁동 맛집 ]... 맛을 즐길 수 있는 쿼터스트리트 피자 맛집,https://blog.naver.com/shindenggu/224301694058
1639,food,수원,행궁동빙수 카페딩동 호텔,cafe,1,행궁동빙수 카페딩동 호텔망고빙수를 가성비있게,https://blog.naver.com/soda_ne/224301875442
1640,food,수원,행궁동에서 점심 먹고 카페 어디 갈지 찾아보,cafe,1,수원 행궁동 테라스 카페 추천 노팅힐 베이커리 (딸기케이크 맛집 ),https://blog.naver.com/thebagle3/224301814817
1641,food,수원,행궁동커피,cafe,1,[수원 커피] 패터슨 커피: 행궁동 감성 제대로 느껴지는...,https://blog.naver.com/ssj2151/224296825797
1642,domestic_travel,대전,허니문박람회,attraction,1,대전 허니문박람회 쉽게 파악하기,https://blog.naver.com/zkugsoalg232649_hm/224301734513
1643,domestic_travel,대전,허니문박람회 쉽게 파악하기 그중에서도 신혼,attraction,1,대전 허니문박람회 쉽게 파악하기,https://blog.naver.com/zkugsoalg232649_hm/224301734513
1644,domestic_travel,강릉,헤리티지여행 강릉미술관,attraction,1,"헤리티지여행"" 강릉미술관 솔올 강릉 실내 가볼만한곳",https://blog.naver.com/kikitravellife/224301859985
1645,food,성수,헬로키티팝업,popup,1,주말 성수동 데이트 코스 가볼만한곳 놀거리 맛집 추천 TOP5는?,https://blog.naver.com/project-jaden/224301517252
1646,domestic_travel,성수,헬로키티팝업,popup,1,주말 성수동 데이트 코스 가볼만한곳 놀거리 맛집 추천 TOP5는?,https://blog.naver.com/project-jaden/224301517252
1647,food,대전,현암뚝방구이 대전 현지인 맛집 백반 기행 맛,restaurant,1,"[대전] 현암뚝방구이 (대전 현지인 맛집 , 백반 기행 맛집 )",https://blog.naver.com/newskyrim/224301805880
1648,food,제주,현지인 맛집 제주도 고기집 돈지식당,restaurant,1,제주도 근고기 맛집 제주 현지인 맛집 제주도 고기집 돈지식당,https://blog.naver.com/jdh8568/224301531531
1649,domestic_travel,제주,현지인 맛집 제주도 고기집 돈지식당,restaurant,1,제주도 근고기 맛집 제주 현지인 맛집 제주도 고기집 돈지식당,https://blog.naver.com/jdh8568/224301531531
1650,food,광주,현지인들만 아는 숨은 핫플 로컬 맛집 들을,restaurant,1,전현무계획 광주 연화식당 예약 주차 혼밥 육전 맛집 위치 총정리,https://blog.naver.com/overthesense/224301637298
1651,food,성수,호떡 찹쌀도너츠 성수 K-디저트 간식 인스타,cafe,1,[성수] 줄서는 찹쌀도너츠 맛집 ｜성수역 4번출구 호떡 찹쌀도너츠,https://blog.naver.com/xihyxnss/224301860190
1652,food,수원,호매실 카페 가성비와 감성을 동시에 잡은 감,cafe,1,[수원 호매실 카페] 가성비와 감성을 동시에 잡은 '감성커피...,https://blog.naver.com/tarot_sinsu/224301395361
1653,domestic_travel,대전,호수공원,travel_spot,1,대전갑천생태호수공원,https://blog.naver.com/catcat_lee/224301796302
1654,food,대전,호호호빵 고디바베이커리 마이클 홍익커피,cafe,1,"호호호빵,고디바베이커리,마이클,홍익커피바,대전초밥 맛집",https://blog.naver.com/sun_in_dec/224301845616
1655,food,대전,혼술바,restaurant,1,"｜봉명동 대전 핫플 , 대전 혼술바 '잔소리 봉명점'",https://blog.naver.com/shrimpssong/224301819009
1656,domestic_travel,대전,혼술바,restaurant,1,"｜봉명동 대전 핫플 , 대전 혼술바 '잔소리 봉명점'",https://blog.naver.com/shrimpssong/224301819009
1657,food,제주,혼자 여행 2박 3일 2일차 맛집,restaurant,1,제주 혼자 여행 2박 3일 2일차 맛집 과 산책 코스 정보,https://blog.naver.com/qxkrzbdu/224301838844
1658,food,제주,혼자 여행 2박 3일 2일차 맛집 과 산책,restaurant,1,제주 혼자 여행 2박 3일 2일차 맛집 과 산책 코스 정보,https://blog.naver.com/qxkrzbdu/224301838844
1659,food,대전,홍익커피바,cafe,1,"호호호빵,고디바베이커리,마이클,홍익커피바,대전초밥 맛집",https://blog.naver.com/sun_in_dec/224301845616
1660,domestic_travel,광주,화담숲수국축제,attraction,1,[경기도 광주 가볼만한곳] 화담숲 여름 수국 축제 예매 및...,https://blog.naver.com/dee7781/224301546752
1661,food,대구,화덕 생선구이 맛집 에서의 하루 식당에 도착,restaurant,1,수성구 도도모,https://blog.naver.com/gaggong100/224301861220
1662,domestic_travel,강릉,화천산천어축제,attraction,1,축제 공화국 대한민국…주말마다 떠나도 23년이 걸린다,https://blog.naver.com/point3414/224301686151
1663,domestic_travel,가평,훨씬 더 화려하고 아름다울 것 같은데요 축제,attraction,1,가평 데이트코스 자라섬 남도꽃정원 봄꽃축제,https://blog.naver.com/coo_coo1/224301239484
1664,domestic_travel,제주,휴애리수국축제,attraction,1,2026년 수국 개화시기 총정리 전국 명소와 가장 예쁜 시기,https://blog.naver.com/jino816/224301442354
1665,food,제주,흑돼지 항정카츠 맛집 카츠 카츠 올로즈 위치,restaurant,1,[ 서울 가산디지털단지] 가디역 제주 흑돼지 항정카츠 맛집 카츠...,https://blog.naver.com/slsl5340/224300906519
1666,food,인천,흥륜사쉼터 동춘동 맛집 근처 볼일있어서,restaurant,1,[ 구송도 맛집 ] 흥륜사쉼터 :: 내돈내산 식사하고 힐링하고왔어요,https://blog.naver.com/jj0712ee/224301751711
1667,food,대구,힐링되는 뷰와 함께 맛있는 닭불고기 상송식당,restaurant,1,[구미상송식당] 힐링되는 뷰와 함께 맛있는 닭불고기...'상송식당',https://blog.naver.com/83hwanghj/224301718850
1668,domestic_travel,대구,힐링되는 뷰와 함께 맛있는 닭불고기 상송식당,restaurant,1,[구미상송식당] 힐링되는 뷰와 함께 맛있는 닭불고기...'상송식당',https://blog.naver.com/83hwanghj/224301718850
1669,food,제주,ABEBE BAKERY Jeju 동문시장,travel_spot,1,아베베베이커리 제주 (ABEBE BAKERY Jeju) 동문시장 핫플 방문기,https://blog.naver.com/zzzdkrltnekf/224301715533
1670,domestic_travel,제주,ABEBE BAKERY Jeju 동문시장,travel_spot,1,아베베베이커리 제주 (ABEBE BAKERY Jeju) 동문시장 핫플 방문기,https://blog.naver.com/zzzdkrltnekf/224301715533
1671,food,제주,ABEBE BAKERY Jeju 동문시장 핫,travel_spot,1,아베베베이커리 제주 (ABEBE BAKERY Jeju) 동문시장 핫플 방문기,https://blog.naver.com/zzzdkrltnekf/224301715533
1672,domestic_travel,제주,ABEBE BAKERY Jeju 동문시장 핫,travel_spot,1,아베베베이커리 제주 (ABEBE BAKERY Jeju) 동문시장 핫플 방문기,https://blog.naver.com/zzzdkrltnekf/224301715533
1673,food,대구,CC맛집,restaurant,1,[진량 맛집 ] 진량 맛집 찾는다면 여기|안동간고등어가 맛있는...,https://blog.naver.com/wnwn1800/224301856274
1674,food,성수,ETF베이커리,cafe,1,"성수 데이트 코스 추천, 연못 뷰가 예쁜 ㅣ""ETF베이커리 성수""",https://blog.naver.com/kye3103/224301795991
1675,domestic_travel,성수,ETF베이커리,cafe,1,"성수 데이트 코스 추천, 연못 뷰가 예쁜 ㅣ""ETF베이커리 성수""",https://blog.naver.com/kye3103/224301795991
1676,domestic_travel,부산,K팝축제,attraction,1,"부산원아시아페스티벌 2026 완벽 정리, 10주년 BOF with NOL...",https://blog.naver.com/zzz-trucker/224300678507
1677,food,대전,LG아트센터맛집,restaurant,1,[ 서울 마곡동] 솥내음... 좋은 든든한 한끼 솥밥 마곡 맛집 솔직후기,https://blog.naver.com/rlo_o223/224300736041
1678,food,종로,MBN 알토란 에서 소개한 맛집 이랍니다,restaurant,1,한성대입구역 동소문동 맛집 족선생한성직영점,https://blog.naver.com/oneelly/224301854800
1679,food,성수,NCT 해찬도 즐겨먹는 성수동 짬뽕 맛집,restaurant,1,성수역 밥집 전자방｜NCT 해찬도 즐겨먹는 성수동 짬뽕 맛집,https://blog.naver.com/kimnakji/224301679006
1680,domestic_travel,성수,NCT 해찬도 즐겨먹는 성수동 짬뽕 맛집,restaurant,1,성수역 밥집 전자방｜NCT 해찬도 즐겨먹는 성수동 짬뽕 맛집,https://blog.naver.com/kimnakji/224301679006
1681,food,성수,NCT해찬 맛집,restaurant,1,성수역 밥집 전자방｜NCT 해찬도 즐겨먹는 성수동 짬뽕 맛집,https://blog.naver.com/kimnakji/224301679006
1682,domestic_travel,성수,NCT해찬 맛집,restaurant,1,성수역 밥집 전자방｜NCT 해찬도 즐겨먹는 성수동 짬뽕 맛집,https://blog.naver.com/kimnakji/224301679006
1683,domestic_travel,제주,print bakery x 왈종미술관,attraction,1,print bakery x 왈종미술관 에디션 런칭 전시 <제주 생활의...,https://blog.naver.com/hootooteee/224301878991
1684,food,부산,st 나온 음식들말고도 소개해준 식당,restaurant,1,[부산] 부산 택슐랭 오픈세레머니 후기(?),https://blog.naver.com/swi_m_good/224301866696
1685,domestic_travel,부산,st 나온 음식들말고도 소개해준 식당,restaurant,1,[부산] 부산 택슐랭 오픈세레머니 후기(?),https://blog.naver.com/swi_m_good/224301866696
1686,food,부산,ug_busan 팔로우하고 부산카페 맛집,cafe,1,광안리 신상카페 일본 세븐일레븐 스무디 후기,https://blog.naver.com/gyeong_1/224301634941
1687,domestic_travel,부산,ug_busan 팔로우하고 부산카페 맛집,cafe,1,광안리 신상카페 일본 세븐일레븐 스무디 후기,https://blog.naver.com/gyeong_1/224301634941
1688,food,부산,withmuk_k 인스타그램에서 부산 맛집,restaurant,1,사직야구장 맛집 매콤 중독 쪽갈비 맛보고싶다면 뜯갈비,https://blog.naver.com/darnish_v/224301639145