post_id,inferred_category,confidence,matched_keywords
0866c260379f0d46,food,0.88,맛집|카페|추천|핫플|데이트
0866c260379f0d46,domestic_travel,0.38,추천|데이트|핫플
667aeb23e9a5ffc8,food,0.25,맛집
af3675355797bb38,food,0.38,맛집|후기
73150cabf77489b0,food,0.50,맛집|식당
b88c4780376b5a76,food,0.88,맛집|식당|고기|후기
edd12e91612ad110,food,0.25,맛집
2c948ca6ce506fe1,food,0.88,맛집|식당|밥집|방문
1ea9101e6042f389,food,0.50,맛집|고기
413683f45ef7e553,food,0.25,맛집
8b022b43c2761f67,food,0.25,맛집
70574fd10b5a0c08,food,0.25,맛집
70574fd10b5a0c08,domestic_travel,0.25,나들이
21a47184c1d8e4c2,food,0.50,맛집|라멘
6c7e4a5b64669484,food,0.25,맛집
bdc1c29b1ffd12eb,food,0.75,맛집|메뉴|방문|추천
bdc1c29b1ffd12eb,domestic_travel,0.25,방문|추천
b3c4de2da73dc859,food,0.25,맛집
374adbc06fb5a775,food,0.25,맛집
c69035bad6b90def,food,0.63,맛집|방문|추천|후기
c69035bad6b90def,domestic_travel,0.38,방문|추천|후기
f6f1183e2f8f285e,food,0.50,맛집|브런치
1bd984476838d0ea,food,0.38,맛집|추천
a10c5bbe8771d9c1,food,0.38,맛집|방문
39353855163dfea8,food,0.25,맛집
99c57488eca7a0e8,food,0.25,맛집
99c57488eca7a0e8,domestic_travel,0.25,시장
1c4d23ec259e8408,food,0.50,맛집|메뉴
263143af4c4dbeb0,food,0.88,맛집|고기|방문|후기|데이트
263143af4c4dbeb0,domestic_travel,0.38,방문|후기|데이트
9c8a0e00c3fc5ab6,food,0.25,맛집
a8588920b9e14929,food,0.88,맛집|카페|디저트|후기
8f9a96769848fda4,food,0.63,맛집|점심|추천
7a26e417685acf87,food,1.00,맛집|식당|점심|저녁|방문
d1580382811cd313,food,0.50,맛집|고기
4bcc3cff258a7c3e,food,0.88,맛집|식당|고기|추천
64499829677cb7f6,food,0.25,맛집
f20479819847a98b,food,0.50,맛집|핫플|데이트
f20479819847a98b,domestic_travel,0.25,데이트|핫플
0ecf4c5aa662b9c9,food,0.50,맛집|고기
7f5d787807ebcc74,food,0.38,맛집|추천
899eb7ebc261b618,food,1.00,맛집|점심|내돈내산|웨이팅
93a725e4f4f7054a,food,0.50,맛집|고기
191be1c13c0886c5,food,0.63,맛집|웨이팅|방문
cc6a379c8a903a10,food,0.75,맛집|메뉴|추천|데이트
cc6a379c8a903a10,domestic_travel,0.25,추천|데이트
e8d43bb218635b2d,food,0.25,맛집
deac822ef361947a,food,0.25,맛집
d480972c831e2ead,food,0.25,맛집
4050cd05d5267bf4,food,0.25,맛집
6528f78995ad56fc,food,0.25,맛집
1f6642d0e0bc4a46,food,0.63,맛집|고기|방문
f20248b42e54aaf5,food,0.25,맛집
5740d0bc881efc63,food,0.50,맛집|고기
292378f7a5d62dc8,food,0.25,맛집
062cff1506b790d9,food,0.25,맛집
26cc5d384996bb70,food,0.50,맛집|추천|후기
26cc5d384996bb70,domestic_travel,0.25,추천|후기
82ee9cf85a88d0d0,food,0.88,맛집|식당|내돈내산|후기
5891f9f09698aeda,food,0.88,맛집|카페|추천|핫플|데이트
5891f9f09698aeda,domestic_travel,0.38,추천|데이트|핫플
91f802dfb4a3feef,food,0.25,맛집
4f7d5daafdf5ce21,food,0.25,맛집
036c0442646835c6,food,0.25,맛집
c708da2262951166,food,0.25,맛집
9d663a299477b427,food,0.50,맛집|방문|후기
9d663a299477b427,domestic_travel,0.25,방문|후기
01ff790f8fd0b332,food,0.25,맛집
18615c5634e03b20,food,1.00,맛집|고기|술집|추천|데이트
18615c5634e03b20,domestic_travel,0.25,추천|데이트
0b119db5cc706a01,food,0.25,맛집
23e8404c0c524991,food,0.25,맛집
ea323973b2e09e1f,food,0.63,맛집|내돈내산|추천
12e9205dee5ab1da,food,0.25,맛집
bb5c75576233ea87,food,0.25,맛집
69d655e56d7cead8,food,0.50,맛집|내돈내산
5e12014f93de6f5d,food,0.75,맛집|내돈내산|술집
3b69a15c21bafd4f,food,0.38,맛집|후기
14667dac2434f5bb,food,0.50,맛집|추천|후기
14667dac2434f5bb,domestic_travel,0.25,추천|후기
456879dd713806af,food,0.25,맛집
f0cb098d670d7975,food,0.63,맛집|메뉴|추천
b824fdb9382bbe48,food,0.50,맛집|카페
7f40415031e8271e,food,0.75,맛집|점심|고기
ab037e270bf5ca17,food,0.50,맛집|메뉴
dacf95d24ee007cf,food,0.50,맛집|식당
5178dacca7f71300,food,0.50,맛집|디저트
265c53c457548f28,food,0.25,맛집
7c7d4ef00f13ac75,food,0.63,맛집|메뉴|추천
7c7d4ef00f13ac75,domestic_travel,0.38,시장|추천
6fe7670b5aae1469,food,0.50,맛집|저녁
415a3fe8397faad7,food,1.00,맛집|고기|브런치|웨이팅
7d283444e00d1f42,food,0.38,맛집|핫플
7aa3d39c3d3e041a,food,1.00,맛집|점심|고기|웨이팅
8943ca3f2c559991,food,0.63,맛집|고기|추천
d3bec4b0e30a038c,food,0.25,맛집
0989e0287008227d,food,0.25,맛집
cb50c0ff7736b834,food,0.50,맛집|카페
2fdfabe7f10c71ee,food,0.88,맛집|메뉴|디저트|후기
96699319831c0cfc,food,0.25,맛집
92a5188b95e8ed8b,food,0.25,맛집
39539eeb238e1815,food,0.25,맛집
b4f252a89466a70b,food,0.25,맛집
33b1f9b0c4d42892,food,0.25,맛집
9b9d9ad8ce122366,food,0.50,맛집|고기
b41c38fbb1f73a46,food,0.38,맛집|방문
42269cdf35911a39,food,0.50,맛집|추천|데이트
42269cdf35911a39,domestic_travel,0.25,추천|데이트
e4ee371db6cf42d5,food,0.25,맛집
b1863f710f6ac470,food,0.75,맛집|술집|방문|후기
b1863f710f6ac470,domestic_travel,0.25,방문|후기
b63f8cc6b0deaf94,food,0.88,맛집|카페|추천|후기|핫플
b63f8cc6b0deaf94,domestic_travel,0.38,추천|후기|핫플
e61afffd93119e05,food,0.25,맛집
29384b97cb0f3aea,food,0.25,맛집
7385136bf718839b,food,1.00,맛집|식당|웨이팅|방문|추천|후기
7385136bf718839b,domestic_travel,0.63,당일치기|방문|추천|후기
c47d51b40a531818,food,0.25,맛집
d7e4e8fb8a567b2b,food,0.63,맛집|메뉴|후기
7f84193e7bfd4f8b,food,0.25,맛집
76f33ae21da9ec98,food,0.75,맛집|저녁|추천|후기
76f33ae21da9ec98,domestic_travel,0.25,추천|후기
b2785dd545b27574,food,0.88,맛집|카페|내돈내산|추천
b2785dd545b27574,domestic_travel,0.38,시장|추천
efb4dc9145ec64fb,food,1.00,맛집|내돈내산|웨이팅|추천|후기
efb4dc9145ec64fb,domestic_travel,0.50,시장|추천|후기
89ec508a1ee0039e,food,0.50,맛집|웨이팅
c0fc1cdced3e3cb0,food,0.50,맛집|라멘
d5d02c48d63ab7a3,food,0.38,맛집|후기
d5d02c48d63ab7a3,domestic_travel,0.38,시장|후기
3b308273f03be0e7,food,0.88,맛집|식당|메뉴|방문
11b1f6c6af9a4ca1,food,0.50,맛집|메뉴
ffcec7dbde520273,food,0.25,맛집
ffcec7dbde520273,domestic_travel,0.25,시장
2d323202173af63b,food,0.38,맛집|추천
d2bdd3134a7faecf,food,0.88,맛집|식당|웨이팅|후기
2c2f7cd8cd051f85,food,0.50,맛집|내돈내산
7aef69502cda7209,food,0.25,맛집
f5f06eb9a97c3464,food,0.25,맛집
32df38019b63c5ca,food,0.50,맛집|웨이팅
2bb1b8838cf562da,food,0.88,맛집|메뉴|웨이팅|방문
ff98013f39eb0e4e,food,0.25,맛집
e537d148145db4d1,food,0.25,맛집
11d017e1b3087cc6,food,0.38,맛집|추천
11d017e1b3087cc6,domestic_travel,0.38,바다|추천
ff08556df36fa061,food,0.63,맛집|식당|추천
5afac18a8ebecd1a,food,0.38,맛집|후기
add69c7b525c2969,food,0.50,맛집|추천|후기
add69c7b525c2969,domestic_travel,0.25,추천|후기
dcc029751ad7e4e3,food,0.50,맛집|방문|후기
dcc029751ad7e4e3,domestic_travel,0.25,방문|후기
4ec6a148695513d9,food,0.88,맛집|내돈내산|방문|추천|후기
4ec6a148695513d9,domestic_travel,0.38,방문|추천|후기
d10203c2fd31df86,food,0.50,맛집|점심
672358b9d7c5fcc7,food,0.38,맛집|후기
e90e954bd7b7bf46,food,0.63,맛집|밥집|방문
56fc82fdcca9d50a,food,0.75,맛집|카페|디저트
4eb1fbda1b743e9f,food,0.63,맛집|카페|방문
4eb1fbda1b743e9f,domestic_travel,0.38,바다|방문
185159d8d1ba1bef,food,0.63,맛집|브런치|후기
185159d8d1ba1bef,domestic_travel,0.38,가볼만한곳|후기
e0de254fa469623d,food,0.38,맛집|데이트
19fe4b801d15d2e1,food,0.63,맛집|디저트|후기
498f126a93f64f0f,food,0.25,맛집
0e019cb3c1510a15,food,0.38,맛집|추천
7b3ad6f58f64e931,food,0.63,맛집|메뉴|추천
4dcd6de65546ba09,food,0.63,맛집|카페|추천
8c53b8d4562d61fa,food,0.50,맛집|고기
0bae1dc2859c1946,food,1.00,맛집|파스타|내돈내산|추천|데이트
0bae1dc2859c1946,domestic_travel,0.25,추천|데이트
2fb8190f1e5f421f,food,0.63,맛집|카페|방문
5aeea55fe19900ea,food,1.00,맛집|메뉴|점심|고기
642ca3fa3004cee8,food,0.25,맛집
9ab7c43e45aa4a99,food,0.75,맛집|내돈내산|추천|후기
9ab7c43e45aa4a99,domestic_travel,0.25,추천|후기
97e99f96234822b8,food,0.38,맛집|후기
df1ebb48098f942d,food,0.75,맛집|고기|방문|추천
df1ebb48098f942d,domestic_travel,0.25,방문|추천
1cb960e93d88e329,food,0.38,맛집|데이트
baf09b136ca19dbb,food,0.75,맛집|식당|고기
baf09b136ca19dbb,domestic_travel,0.25,나들이
dfa1568008b30371,food,0.38,맛집|방문
d51e94d5fbed019b,food,0.50,맛집|고기
875e1e45fa0911ed,food,0.63,맛집|술집|방문
50551ad4f0ee0644,food,0.63,맛집|내돈내산|후기
9f9b4ac1cf1d1973,food,0.38,맛집|방문
9f9b4ac1cf1d1973,domestic_travel,0.38,시장|방문
5585ca790e7e3484,food,0.38,맛집|핫플
558067dcb680e032,food,0.63,맛집|식당|추천
558067dcb680e032,domestic_travel,0.38,서울근교|추천
245b4c1338b4fd21,food,0.88,맛집|디저트|내돈내산|추천
245b4c1338b4fd21,domestic_travel,0.38,당일치기|추천
f966aee05347beb0,food,0.25,맛집
5d872a9a0a47aabc,food,0.63,맛집|내돈내산|후기
f4523fae2fb14bdf,food,1.00,맛집|내돈내산|웨이팅|후기|데이트
f4523fae2fb14bdf,domestic_travel,0.25,후기|데이트
9c97c1f9cbeae768,food,0.25,맛집
bbb23f64cf5c5827,food,0.50,맛집|식당
58f6ce54c5544412,food,0.50,맛집|방문|후기
58f6ce54c5544412,domestic_travel,0.25,방문|후기
a2f26634cc7a0798,food,0.63,맛집|메뉴|방문
ebab1355cc2e8e88,food,0.75,맛집|식당|카페
a842ea385e68249a,food,1.00,맛집|카페|디저트|내돈내산|추천
241694e36a02026e,food,0.25,맛집
18a1604820e6c772,food,0.25,맛집
8d0b08bbd179ca8f,food,0.75,맛집|내돈내산|술집
f257db5557b6f56c,food,0.25,맛집
8feff2ff25254534,food,0.25,맛집
5414cc7010dc208a,food,0.50,맛집|식당
28a714780bc91990,food,0.38,맛집|후기
380ddee9a5cf2bb0,food,0.63,맛집|점심|후기
417a770b8799d8df,food,0.38,맛집|추천
e0d36ab63bb8038e,food,0.38,맛집|방문
e0d36ab63bb8038e,domestic_travel,0.38,바다|방문
43c104008b8fa9e2,food,0.75,맛집|저녁|카페
a7c6795af8674bd9,food,0.38,맛집|추천
275c7a159a9b0d31,food,0.50,맛집|고기
488a4be503868bea,food,1.00,맛집|메뉴|카페|술집|추천
2a69bf3413dcf88e,food,0.25,맛집
390b45d499182923,food,0.88,맛집|카페|브런치|추천
390b45d499182923,domestic_travel,0.38,바다|추천
acad41dd3d52f347,food,0.50,맛집|고기
b1f124f427de090a,food,0.50,맛집|카페
f1058f69c4a6f5db,food,0.75,맛집|메뉴|고기
a9d90b601f03b4a3,food,0.50,맛집|식당
1ed3b327895748d1,food,0.25,맛집
376548e582533139,food,0.63,맛집|술집|추천
9e38e443d13b2c72,food,0.25,맛집
c538af52f2963f3e,food,0.25,맛집
fdf28bc355fd777b,food,0.75,맛집|고기|추천|후기
fdf28bc355fd777b,domestic_travel,0.25,추천|후기
1131c5f6b5652dea,food,0.63,맛집|메뉴|후기
7e7ba0d0873e495b,food,0.75,맛집|저녁|방문|데이트
7e7ba0d0873e495b,domestic_travel,0.25,방문|데이트
16e42cba33c0e7e1,food,0.75,맛집|술집|추천|후기
16e42cba33c0e7e1,domestic_travel,0.25,추천|후기
dfff49ae6d5ea89d,food,0.50,맛집|점심
7a1a778a8a846aa9,food,0.25,맛집
a305d5e20e42e314,food,0.25,맛집
213c700a8c19d001,food,0.50,맛집|추천|데이트
213c700a8c19d001,domestic_travel,0.75,숙소|시장|추천|데이트
57832614b0010cf2,food,0.63,맛집|식당|후기
7edf770d59f49ffc,food,0.50,맛집|메뉴
13a83d61bf15c407,food,0.25,맛집
fd97d0a7149e838c,food,0.88,맛집|저녁|방문|추천|후기
fd97d0a7149e838c,domestic_travel,0.38,방문|추천|후기
f5f8015ab50723f1,food,0.25,맛집
9a0408513614faa6,food,0.75,맛집|고기|웨이팅
1b78a50e78cbecd3,food,0.50,맛집|고기
659df1e479f570c5,food,0.25,맛집
6313204a8e23aed9,food,0.38,맛집|후기
ecb918f403a158a5,food,0.63,맛집|식당|방문
6e0edfbef3e2c745,food,0.25,맛집
1c87bcdc088baf92,food,0.88,맛집|식당|메뉴|추천
dfbc45c07a651438,food,0.38,맛집|추천
a7e194af0c513ceb,food,0.25,맛집
446dd268fc285f07,food,0.50,맛집|메뉴
cd96f38cee504756,food,0.38,맛집|후기
3d727b5415ef7716,food,0.25,맛집
473d6bec7815333a,food,0.63,맛집|카페|방문
39c8612b2f261034,food,0.75,맛집|내돈내산|추천|후기
39c8612b2f261034,domestic_travel,0.25,추천|후기
c6f472e6c8f70785,food,0.25,맛집
b789a1d046a353d8,food,0.38,맛집|방문
527bf6e25234ad55,food,0.63,맛집|카페|데이트
47c636b1c4b90a54,food,0.25,맛집
dbca1194c6fde883,food,0.63,맛집|메뉴|후기
f7ebe6ed94258bb5,food,0.75,맛집|고기|내돈내산
d2d651c3abe2ddc0,food,0.38,맛집|추천
d2d651c3abe2ddc0,domestic_travel,0.38,시장|추천
94644717e874647e,food,1.00,맛집|메뉴|점심|내돈내산|방문|추천
94644717e874647e,domestic_travel,0.25,방문|추천
c26e4033f721394d,food,0.38,맛집|추천
d09dbe52f9acfc7e,food,0.25,맛집
b65287c58b84c459,food,0.75,맛집|카페|브런치
ef8410c0a4b2fa34,food,0.50,맛집|카페
533b69f4d48b96de,food,0.25,맛집
533b69f4d48b96de,domestic_travel,0.50,가볼만한곳|숙소
21dc0474470de315,food,0.75,맛집|메뉴|카페
03fa602c536dc622,food,0.63,맛집|고기|후기
4a23ffd4ee0ccadb,food,0.63,맛집|메뉴|추천
a12561a9254b06d0,food,0.75,맛집|카페|핫플|데이트
a12561a9254b06d0,domestic_travel,0.25,데이트|핫플
0ade70299b109012,food,0.63,맛집|메뉴|추천
f10445dcb616f3b6,food,0.75,맛집|저녁|술집
108878e0a10027b8,food,0.50,맛집|저녁
73268dd2b100d91e,food,0.38,맛집|후기
2c25a755ef339c7e,food,0.25,맛집
2c25a755ef339c7e,domestic_travel,0.50,숙소|시장
fbf14581ec1a7479,food,0.50,맛집|고기
fbf14581ec1a7479,domestic_travel,0.25,나들이
a825519b7bc41b18,food,0.88,맛집|메뉴|저녁|추천
80b8d71a1a120233,food,0.25,맛집
7e71b926d0250c4c,food,0.38,맛집|추천
7e71b926d0250c4c,domestic_travel,0.38,시장|추천
5e1b9c553fb7006f,food,0.88,맛집|점심|저녁|추천
b8cc907fdbfaa3a1,food,0.25,맛집
2a045fa3f63ee8f7,food,0.25,맛집
2a045fa3f63ee8f7,domestic_travel,0.25,숙소
f6d1caf8dc02e916,food,0.50,맛집|카페
27088d3adca94ddf,food,0.63,맛집|카페|추천
57a27875d6b829f3,food,0.88,맛집|메뉴|밥집|후기
12883658e989c318,food,0.75,맛집|카페|웨이팅
382624b933e6cf7b,food,0.50,맛집|식당
382624b933e6cf7b,domestic_travel,0.25,나들이
36ec4626aaca4e71,food,0.38,맛집|방문
927c53ff3bfcf374,food,0.63,맛집|식당|추천
a8629172e428c5d5,food,0.63,맛집|파스타|데이트
cd63f19884e74553,food,0.75,맛집|메뉴|추천|후기
cd63f19884e74553,domestic_travel,0.25,추천|후기
bd845913737e39ff,food,0.88,맛집|식당|밥집|추천
294a397d1ea6c347,food,0.25,맛집
1a42f2596926c7b6,food,0.50,맛집|추천|후기
1a42f2596926c7b6,domestic_travel,0.25,추천|후기
c7921ecae5937f89,food,0.50,맛집|점심
7a898408dc18fac3,food,0.38,맛집|추천
729d929818ef0995,food,0.50,맛집|고기
d18fe86c9b79586e,food,0.50,맛집|추천|데이트
d18fe86c9b79586e,domestic_travel,0.50,바다|추천|데이트
5f1c79d3fbbc3186,food,1.00,맛집|카페|디저트|방문|추천
5f1c79d3fbbc3186,domestic_travel,0.25,방문|추천
d4c80ae338a30a47,food,0.63,맛집|카페|핫플
28f12ec68c28696c,food,0.63,맛집|점심|추천
9be8d374041836c4,food,0.50,맛집|고기
4522142387defa4d,food,0.75,맛집|메뉴|웨이팅
4667622503eb9403,food,0.25,맛집
2820b14ec22254c6,food,0.50,맛집|점심
4f042124398f5c15,food,0.63,맛집|카페|추천
ae17e71850f0b071,food,0.25,맛집
05b9f65156c5ba0a,food,1.00,맛집|식당|메뉴|웨이팅
d800ccf536481686,food,0.38,맛집|추천
ba06ca68163c53d8,food,0.50,맛집|고기
3ecbb09c88951471,food,0.50,맛집|고기
a67387edeb64cea8,food,0.63,맛집|점심|후기
84bbc68ad2017ba2,food,0.25,맛집
3130b64655e6b562,food,0.50,맛집|고기
679640bc4d45340b,food,1.00,맛집|점심|저녁|내돈내산|추천
ea84e10a0908f338,food,0.50,맛집|고기
ea84e10a0908f338,domestic_travel,0.25,시장
4a97913964d82e6f,food,0.50,맛집|술집
c0b0a1ffb6c36614,food,0.25,맛집
559b6a470dc32b5c,food,0.50,맛집|메뉴
52a35b2b5c48786d,food,0.38,맛집|후기
841d1f70c44eccdc,food,0.38,맛집|방문
841d1f70c44eccdc,domestic_travel,0.38,명소|방문
5bf710e7fb2d46e2,food,0.25,맛집
0c098d66c5d3905c,food,0.25,맛집
8b643376c2efd611,food,0.50,맛집|메뉴
a0d56a147135de5f,food,0.50,맛집|메뉴
0cbd34a34b2b65c3,food,0.25,맛집
dd65c810478aa0f1,food,0.63,맛집|고기|데이트
ce190982bf506742,food,0.50,맛집|방문|추천
ce190982bf506742,domestic_travel,0.25,방문|추천
85283d668fc99a41,food,0.75,맛집|고기|방문|후기
85283d668fc99a41,domestic_travel,0.25,방문|후기
a039b200cf4b1913,food,0.75,맛집|고기|방문|추천
a039b200cf4b1913,domestic_travel,0.25,방문|추천
eb21a4d1b4a277b5,food,0.75,맛집|메뉴|방문|후기
eb21a4d1b4a277b5,domestic_travel,0.25,방문|후기
887cb708dd588d0c,food,0.50,맛집|고기
9b0652842fbf65e2,food,0.25,맛집
9b0652842fbf65e2,domestic_travel,0.25,숙소
5a9531a2cd8ee170,food,0.38,맛집|추천
5a9531a2cd8ee170,domestic_travel,0.38,국내여행|추천
a353e5ea91bc0194,food,0.63,맛집|내돈내산|후기
7a134b55f65e3762,food,0.75,맛집|메뉴|웨이팅
991874ed84816275,food,0.38,맛집|데이트
b751987c81ad4db8,food,0.63,맛집|카페|후기
9c254ed81ff7a430,food,0.75,맛집|카페|디저트
6f6ab8aa06e01607,food,0.50,맛집|메뉴
391584fa21d95964,food,0.50,맛집|저녁
9e7404f45f262830,food,0.25,맛집
634d50ab6732176d,food,0.50,맛집|카페
528d03d0a8d24c2a,food,0.50,맛집|카페
528d03d0a8d24c2a,domestic_travel,0.75,해변|시장|명소
1b9610f8c05bc8fe,food,0.38,맛집|추천
0246029d0f040fb2,food,0.88,맛집|메뉴|점심|추천
7b686aa0556cc017,food,0.75,맛집|식당|저녁
621478807837b583,food,0.63,맛집|파스타|데이트
d5a623dc9ffd0793,food,0.25,맛집
d5a623dc9ffd0793,domestic_travel,0.25,숙소
ad3a020ad2d2c171,food,0.25,맛집
2559c1796517b1b6,food,0.38,맛집|방문
6deebd7e9b9b9657,food,0.38,맛집|추천
ed88199a46b846a3,food,0.63,맛집|식당|후기
373c07ab05e1e6c4,food,0.63,맛집|내돈내산|방문
69de0f1da897dd85,food,0.38,맛집|추천
d1b9f849ea0d06f4,food,0.25,맛집
adf7093aa658ba6e,food,0.75,맛집|메뉴|카페
b6e36ace0b3e579c,food,0.63,맛집|메뉴|방문
902690609c0910ff,food,1.00,맛집|고기|내돈내산|방문|추천
902690609c0910ff,domestic_travel,0.25,방문|추천
6819771c460ef93c,food,0.75,맛집|점심|방문|추천
6819771c460ef93c,domestic_travel,0.50,시장|방문|추천
cbc64e27fec5c59a,food,0.50,맛집|메뉴
52f7b5303f3f4685,food,0.50,맛집|메뉴
9f8fab479ecb47ef,food,0.38,맛집|후기
f94cba936f770a7d,food,0.25,맛집
a38a5f4fb1c9ad4e,food,0.25,맛집
09a2f15d5e7048b3,food,0.25,맛집
24e268a906c2fb07,food,0.25,맛집
a1dd005167100a5c,food,0.25,맛집
fca9767e6788a153,food,0.63,맛집|점심|추천
f66965f6c3c800a9,food,0.38,맛집|추천
1729b08b8130ff99,food,0.88,맛집|점심|카페|데이트
b6deeceb7e705650,food,0.75,맛집|카페|후기|데이트
b6deeceb7e705650,domestic_travel,0.50,여행코스|후기|데이트
02820bbf2564aede,food,0.25,맛집
08671f1031000784,food,0.25,맛집
08671f1031000784,domestic_travel,0.25,시장
86bff42e7be7ec0d,food,0.50,맛집|디저트
38bef08048a3db5e,food,0.50,맛집|식당
734a5e28b951fc9c,food,0.50,맛집|메뉴
cb988d3593b567bb,food,0.38,맛집|방문
2836aff05f74128b,food,0.75,맛집|메뉴|점심
d2406d6e51621eab,food,0.25,맛집
4c13a0e2cb35df4c,food,0.38,맛집|추천
b8e5b93c3a428a72,food,0.50,맛집|메뉴
b688366b852724b6,food,1.00,맛집|식당|카페|방문|추천|후기
b688366b852724b6,domestic_travel,0.38,방문|추천|후기
30de4ff0f5e92d8a,food,0.88,맛집|카페|내돈내산|핫플
30de4ff0f5e92d8a,domestic_travel,0.38,가볼만한곳|핫플
5c41d419b1d31dc7,food,0.63,맛집|메뉴|추천
7b5072bba4b1a190,food,0.38,맛집|방문
80de901753e13c83,food,0.50,맛집|고기
804447e3418b420d,food,0.75,맛집|식당|고기
81c2dc016eaeafad,food,0.38,맛집|방문
452443ebbab1d683,food,0.63,맛집|다이닝|추천
dc9e50d438353895,food,0.63,맛집|카페|데이트
9d5fb6e67831ae52,food,0.25,맛집
5b34ba2452bbc7ec,food,0.50,맛집|카페
fd9ab049b993fe7a,food,0.88,맛집|식당|술집|추천
fd9ab049b993fe7a,domestic_travel,0.38,숙소|추천
57f54127bf0f5798,food,0.63,맛집|점심|추천
d8403cd6d4e17c20,food,0.38,맛집|데이트
ce1506d9d72fb473,food,0.63,맛집|파스타|방문
0da693f25d518cfa,food,0.25,맛집
0da693f25d518cfa,domestic_travel,0.25,나들이
987ee4665b89c095,food,0.25,맛집
54724961e619f631,food,0.50,맛집|고기
6d20be46b326dcb0,food,0.75,맛집|파스타|카페
c894d6a650f5644a,food,0.75,맛집|저녁|고기
500f73a7236fe5f0,food,0.63,맛집|식당|추천
105f74afb97d23fe,food,0.25,맛집
2945c72f23e697dc,food,0.38,맛집|추천
50a09d66472c23b3,food,0.63,맛집|웨이팅|방문
6651b50c0113c1de,food,0.25,맛집
3b2f325102b441b9,food,0.63,맛집|카페|추천
a96e70424de532f6,food,0.63,맛집|카페|데이트
a96e70424de532f6,domestic_travel,0.38,시장|데이트
bbb4d815531b6ada,food,0.25,맛집
ece9ae7e1ce7e85f,food,0.25,맛집
8ecd437765723346,food,0.75,맛집|메뉴|카페
6b5b7dfe9f242e87,food,0.25,맛집
9f364b10ffd9ffb9,food,0.25,맛집
f9b0c564daeb9fdf,food,0.63,맛집|카페|추천
a0d528d4369b53e8,food,1.00,맛집|저녁|내돈내산|추천|후기
a0d528d4369b53e8,domestic_travel,0.25,추천|후기
714c7a59f29fbc9c,food,0.50,맛집|방문|후기
714c7a59f29fbc9c,domestic_travel,0.25,방문|후기
21dfac13e4cbaba7,food,0.25,맛집
90710e4ad1a239d3,food,0.25,맛집
c3fb966330408071,food,0.63,맛집|식당|방문
30e7ef619453b699,domestic_travel,0.38,바다|추천
39f67ece73b8cf1b,food,0.38,맛집|추천
80a7ab045ee0b005,food,0.88,맛집|방문|추천|후기|핫플|데이트
80a7ab045ee0b005,domestic_travel,0.88,가볼만한곳|방문|추천|후기|데이트|핫플
f739171a6ed0cee6,food,0.63,맛집|메뉴|추천
c45fb5e1b0151a2a,food,0.88,맛집|카페|디저트|추천
ebc05c8b68590f09,food,0.50,맛집|카페
ebc05c8b68590f09,domestic_travel,0.50,해변|명소
e80a5ab4329deaea,food,0.38,맛집|추천
e80a5ab4329deaea,domestic_travel,0.38,명소|추천
bf43b131b1882fa8,food,0.50,맛집|방문|추천
bf43b131b1882fa8,domestic_travel,0.25,방문|추천
436b1217422d11f6,food,0.25,맛집
c6afbaa71939791f,food,0.25,맛집
5d58904e0c4b8d46,food,0.50,맛집|식당
f660723b2e58834c,food,1.00,맛집|카페|내돈내산|추천|후기
f660723b2e58834c,domestic_travel,0.25,추천|후기
1cd7cb4415e3fe9c,food,1.00,맛집|메뉴|점심|저녁
a5a32ccda9a43948,food,0.63,맛집|카페|추천
7878e17f5c01ea64,food,0.25,맛집
7878e17f5c01ea64,domestic_travel,0.25,숙소
ed60beabe55294af,food,0.25,맛집
f576e0d7c267001e,food,0.25,맛집
39467b7d878a3ed4,food,0.25,맛집
55f21f06032f92ba,food,0.25,맛집
249c2075a3750c98,food,0.38,맛집|추천
d6dae52ab2763080,food,0.25,맛집
cee99b408fda98b5,food,0.50,맛집|저녁
f1e7f7f6fa5b4bba,food,0.50,맛집|식당
05458c826502109b,food,0.50,맛집|고기
39b1fcaf1d6f0645,food,0.63,맛집|고기|방문
de4d370c50e43bd6,food,0.25,맛집
346f306a1c83b74f,food,0.50,맛집|추천|데이트
346f306a1c83b74f,domestic_travel,0.25,추천|데이트
7d7e199ef02763ff,food,0.50,맛집|메뉴
82a1a5f4744c92bb,food,0.25,맛집
d09c8fd74c22784d,food,0.25,맛집
dff12a8247665c29,food,0.25,맛집
c391ce8d7361b11b,food,0.25,맛집
dcdeb33a623fb280,food,0.38,맛집|후기
7741b1c635b7e578,food,0.25,맛집
04de57e5a3d5e7bf,food,0.50,맛집|카페
2cde5fe48719610d,food,0.25,맛집
0694a5df33d065c8,food,0.25,맛집
842e1d554f3dce3b,food,0.25,맛집
bdd13d3827acbf99,food,0.75,맛집|술집|추천|후기
bdd13d3827acbf99,domestic_travel,0.25,추천|후기
db2e905354b2ca54,food,0.50,맛집|저녁
95d4daaf4e5dfed7,food,0.75,맛집|메뉴|추천|데이트
95d4daaf4e5dfed7,domestic_travel,0.25,추천|데이트
41db10ce890bada4,food,0.63,맛집|메뉴|추천
1f812ca42526fce0,food,0.25,맛집
60653fdc7e53f8c7,food,0.50,맛집|저녁
a162644b539b09ce,food,0.50,맛집|카페
a86e82a8aed864d2,food,0.38,맛집|방문
708182df44e8fbe1,food,0.25,맛집
124fbce8fa1ea413,food,0.25,맛집
1e9946e3ad60e137,food,0.50,맛집|고기
fcf024dfc9f0b0a7,food,0.38,맛집|후기
21d3d4087d5205f3,food,0.25,맛집
7625f28e0f6934cd,food,0.50,맛집|카페
7b9dd77e3dd0fe50,food,0.63,맛집|카페|추천
09b26835f829442b,food,0.38,맛집|추천
09b26835f829442b,domestic_travel,0.38,바다|추천
f039180356069a6b,food,0.75,맛집|카페|방문|추천
f039180356069a6b,domestic_travel,0.25,방문|추천
a3bae2b255663287,food,0.75,맛집|고기|방문|데이트
a3bae2b255663287,domestic_travel,0.25,방문|데이트
723b72cb47d145b2,food,0.75,맛집|메뉴|점심
e32d6741a35fa0df,food,0.50,맛집|추천|후기
e32d6741a35fa0df,domestic_travel,0.25,추천|후기
85a4578c04d35e91,food,0.50,맛집|추천|데이트
85a4578c04d35e91,domestic_travel,0.25,추천|데이트
39a3403b9265a238,food,0.75,맛집|메뉴|점심
f2ddd515b2700d1d,food,1.00,맛집|카페|브런치|추천|데이트
f2ddd515b2700d1d,domestic_travel,0.25,추천|데이트
f95e61c223ab78c6,food,0.25,맛집
f95e61c223ab78c6,domestic_travel,0.25,바다
d487863522b0fc8a,food,0.25,맛집
a13b751585974874,food,0.25,맛집
221c615dbb0b4f47,food,0.75,맛집|고기|방문|추천
221c615dbb0b4f47,domestic_travel,0.25,방문|추천
13cdc352f4e8d4b1,food,0.25,맛집
9667cc69b38804aa,food,0.63,맛집|방문|추천|후기
9667cc69b38804aa,domestic_travel,0.63,가볼만한곳|방문|추천|후기
3e737787055ebe48,food,0.38,맛집|추천
04caf8faa04e8e4a,food,0.50,맛집|식당
1037d9812d06649c,food,0.75,맛집|메뉴|고기
b98e3745ffe3525d,food,0.75,맛집|내돈내산|웨이팅
56d146ff7cf3b445,food,0.50,맛집|메뉴
994884c26d248b2c,food,0.25,맛집
4cc07ded763f8d5e,food,0.50,맛집|카페
ac24620bad3faee8,food,0.38,맛집|추천
b8ab26391d3e1550,food,0.63,맛집|카페|추천
35d54aedd7ade6ae,food,0.38,맛집|방문
43552cead283d639,food,0.25,맛집
d660e1df339453bd,food,0.50,맛집|디저트
074bd83fbdb5dc5d,food,0.50,맛집|카페
24f01ec949d8f0a2,food,0.63,맛집|웨이팅|후기
24f01ec949d8f0a2,domestic_travel,0.38,시장|후기
1f2dc2d8a8498062,food,1.00,맛집|점심|저녁|고기
678a9cdecdf9db81,food,0.38,맛집|추천
815b5f08b9c0dd45,food,0.38,맛집|추천
815b5f08b9c0dd45,domestic_travel,0.63,국내여행|바다|추천
a2e115f949d55f5f,food,0.38,맛집|방문
5908dbd34cb28f95,food,0.63,맛집|점심|방문
d4d82f396cae8379,food,0.63,맛집|식당|후기
48f2f94209940bd1,food,0.50,맛집|고기
48f2f94209940bd1,domestic_travel,0.25,시장
20d8a880f37da594,food,0.38,맛집|방문
68447b96e6b3c4c9,food,0.38,맛집|후기
7ed780fcfe02b871,food,0.38,맛집|후기
f6899b72f4605a85,food,0.50,맛집|식당
0c17bd454ebb0f3d,food,1.00,맛집|브런치|내돈내산|방문|후기
0c17bd454ebb0f3d,domestic_travel,0.25,방문|후기
9fa60ee99c1cae5b,food,0.25,맛집
9fa60ee99c1cae5b,domestic_travel,0.50,바다|시장
85cfcf99d6f1cef6,food,0.75,맛집|메뉴|고기
85cfcf99d6f1cef6,domestic_travel,0.25,나들이
0e2797ab7be70f22,food,1.00,맛집|메뉴|점심|카페|후기
559a4bd11c5bfd81,food,0.50,맛집|방문|추천
559a4bd11c5bfd81,domestic_travel,0.25,방문|추천
c084a67689f85a4c,food,0.38,맛집|후기
7b7f2afbe9ad0e92,food,0.25,맛집
7b7f2afbe9ad0e92,domestic_travel,0.25,축제
3780acb0e29e9fee,food,0.25,맛집
754b8df628b1da5e,food,0.25,맛집
11e0cb8ff19ca1c7,food,0.38,맛집|후기
49d04384768e9ef7,food,0.88,맛집|메뉴|내돈내산|추천
fb99aacc48dce72d,food,0.38,맛집|후기
66cb9dc22ca8f45c,food,0.75,맛집|카페|내돈내산
66cb9dc22ca8f45c,domestic_travel,0.25,바다
6c58a2711b29503b,food,0.25,맛집
c5116e25956d4474,food,0.50,맛집|카페
15ebe4d63886d455,food,0.25,맛집
cb0668d3f565030c,food,0.50,맛집|추천|후기
cb0668d3f565030c,domestic_travel,0.25,추천|후기
4762a65c87ede819,food,1.00,맛집|저녁|라멘|술집|추천|후기|데이트
4762a65c87ede819,domestic_travel,0.38,추천|후기|데이트
5c45d60708c333b4,food,0.50,맛집|웨이팅
5c45d60708c333b4,domestic_travel,0.25,시장
a9eb582875a24360,food,0.38,맛집|방문
a9eb582875a24360,domestic_travel,0.38,바다|방문
e85f9a6d42b76817,food,0.38,맛집|방문
7e2446daaff8533f,food,0.50,맛집|고기
e1f3885359698cec,food,0.75,맛집|식당|고기
0e8d4981526c33f5,food,0.25,맛집
0e8d4981526c33f5,domestic_travel,0.25,시장
68f14bd01642b8d4,food,0.63,맛집|방문|추천|데이트
68f14bd01642b8d4,domestic_travel,0.38,방문|추천|데이트
456b602fea25fe92,food,0.38,맛집|후기
e4779b5e7a015abe,food,0.25,맛집
d6cbf5c95c6dac95,food,0.25,맛집
341e9a2e359bf0d8,food,0.38,맛집|추천
01da40cbdf8e19f9,food,0.50,맛집|메뉴
fb306a04cc219daa,food,0.75,맛집|카페|디저트
1b6276381dcf894a,food,0.50,맛집|웨이팅
781a9096a480253c,food,0.75,맛집|카페|방문|후기
781a9096a480253c,domestic_travel,0.25,방문|후기
f36dfd263f9d152e,food,0.50,맛집|고기
f36dfd263f9d152e,domestic_travel,0.25,나들이
98ac401dd4e5bd44,food,0.75,맛집|식당|추천|핫플
98ac401dd4e5bd44,domestic_travel,0.25,추천|핫플
30de4641d2ed9f3b,food,0.38,맛집|방문
9a7ba2de34725001,food,0.63,맛집|카페|추천
6add9d84c30e1d71,food,0.25,맛집
c1c87660e1f70aed,food,0.50,맛집|방문|후기
c1c87660e1f70aed,domestic_travel,0.25,방문|후기
28a2983557f3261a,food,0.63,맛집|내돈내산|후기
63eec172eadb4be7,food,0.25,맛집
7a169b588e2cdbb4,food,0.25,맛집
cb17db501a6b4736,food,0.50,맛집|고기
7474ed2f385beb2b,food,1.00,맛집|디저트|내돈내산|방문|후기
7474ed2f385beb2b,domestic_travel,0.25,방문|후기
aa3d25bcd8cbfe03,food,0.25,맛집
a831375ded797146,food,0.25,맛집
576bf2bd27ff4fe4,food,0.25,맛집
19e709b783b50a4b,food,0.25,맛집
be195a573f9d7987,food,0.63,맛집|방문|추천|데이트
be195a573f9d7987,domestic_travel,0.38,방문|추천|데이트
034a779ff25e73a7,food,0.25,맛집
034a779ff25e73a7,domestic_travel,0.25,가볼만한곳
3a01af1e90bcba2c,food,0.25,맛집
0136b32762702952,food,0.75,맛집|카페|디저트
4fb149d8f7155f89,food,0.50,맛집|방문|추천
4fb149d8f7155f89,domestic_travel,0.25,방문|추천
e517691110962ab9,food,0.88,맛집|식당|고기|추천
f197a0f49cc189ec,food,0.75,맛집|식당|웨이팅
5b782d15b467e40e,food,0.75,맛집|식당|추천|후기
5b782d15b467e40e,domestic_travel,0.25,추천|후기
8a1c73b6aff088ab,food,0.25,맛집
d0e30871184a90fb,food,0.38,맛집|추천
b2c98532976b7fbc,food,0.50,맛집|고기
9158c9f33bf18321,food,0.25,맛집
a12de7a341b8a4b8,food,0.75,맛집|식당|추천|후기
a12de7a341b8a4b8,domestic_travel,0.25,추천|후기
492c194bdd899aa5,food,0.25,맛집
78cb85eb859cd33b,food,0.38,맛집|추천
e35675ce995d8c47,food,0.25,맛집
f2e16d9aa02acd1b,food,0.63,맛집|내돈내산|후기
0544a2e1bc308ca8,food,0.50,맛집|식당
1c973e7a448b4e48,food,0.25,맛집
1c973e7a448b4e48,domestic_travel,0.25,바다
6e157f79831f7e35,food,0.50,맛집|고기
5998ae88df65054b,food,0.50,맛집|카페
5a540ecbad17e156,food,0.25,맛집
3409502576703d01,food,0.25,맛집
8c392a7a0651109d,food,0.75,맛집|메뉴|디저트
3f316e52d049fa6c,food,0.50,맛집|점심
3f316e52d049fa6c,domestic_travel,0.25,명소
2081e7f5233c1043,food,0.25,맛집
7d844d2ff617cd71,food,0.38,맛집|추천
f27e4794562c4fd5,food,0.50,맛집|술집
76b05b0ec6947283,food,0.75,맛집|저녁|고기
e21c977a7be62b7f,food,0.50,맛집|라멘
85509d77b280d82e,food,0.50,맛집|고기
13ac77f8e4fbf951,food,1.00,맛집|메뉴|점심|고기|추천
6692cb65759bc270,food,0.88,맛집|메뉴|디저트|추천
a98cc8fac6768595,food,0.25,맛집
0fbfbe32ed084d0c,food,0.50,맛집|카페
10a68bf62c7bed8a,food,0.38,맛집|추천
10a68bf62c7bed8a,domestic_travel,0.38,시장|추천
661df8f65f8d245a,food,1.00,맛집|고기|카페|술집|추천
5ef549e11e35f473,food,0.50,맛집|고기
82eac88061181baf,food,0.50,맛집|방문|추천
82eac88061181baf,domestic_travel,0.25,방문|추천
6eda1a458705f88b,food,0.25,맛집
6eda1a458705f88b,domestic_travel,0.25,명소
b952eff1c62e9fff,food,0.88,맛집|메뉴|카페|추천
af4a1d198747541a,food,0.38,맛집|추천
15ae8b55fb7fb983,food,0.63,맛집|웨이팅|후기
3469436e1defc68f,food,0.38,맛집|추천
e32965478a283ae8,food,1.00,맛집|메뉴|점심|파스타
ff58021bc4f1c719,food,0.75,맛집|카페|방문|후기
ff58021bc4f1c719,domestic_travel,0.25,방문|후기
3228bbb555b4615e,food,0.38,맛집|추천
be4ff81542ae6b94,food,1.00,맛집|식당|다이닝|추천|후기
be4ff81542ae6b94,domestic_travel,0.25,추천|후기
5b5d5818648d23b1,food,0.50,맛집|디저트
28d58cefb2f0f4c0,food,0.75,맛집|라멘|카페
f20832095f8c65c6,food,0.50,맛집|방문|후기
f20832095f8c65c6,domestic_travel,0.25,방문|후기
58df68495937374d,food,0.50,맛집|파스타
6019fa3b68def1f0,food,0.63,맛집|식당|데이트
1923789f7bd9e860,food,0.25,맛집
97ad391b31d4c6ed,food,0.50,맛집|카페
97ad391b31d4c6ed,domestic_travel,0.25,숙소
65b38bf2b966950a,food,0.50,맛집|방문|추천
65b38bf2b966950a,domestic_travel,0.25,방문|추천
c0f3a218e0620347,food,0.50,맛집|메뉴
d57526e4f851ec3f,food,0.63,맛집|브런치|후기
3d5f81531d3fe4f8,food,0.50,맛집|저녁
3d5f81531d3fe4f8,domestic_travel,0.25,숙소
3cf310ab06239c2a,food,0.25,맛집
3cf310ab06239c2a,domestic_travel,0.25,시장
07c04b16c65f6c54,food,0.88,맛집|디저트|웨이팅|후기
07c04b16c65f6c54,domestic_travel,0.38,가볼만한곳|후기
d4a5d7faf376301f,food,0.25,맛집
4d0dcd4915370784,domestic_travel,0.25,숙소
53d8e294a2edf25a,food,0.25,맛집
5d2f0bcffcb3fa34,food,0.38,맛집|추천
5d2f0bcffcb3fa34,domestic_travel,0.38,시장|추천
35e8d9443384d096,food,0.63,맛집|점심|후기
61b84be78ba89c4a,food,0.63,맛집|식당|추천
ec8a7906a8cd1063,food,0.63,맛집|방문|추천|후기
ec8a7906a8cd1063,domestic_travel,0.38,방문|추천|후기
6e8fdb80f9db13c6,food,0.25,맛집
d18369a4cb726632,food,0.50,맛집|디저트
34dc669a0003eaf4,food,0.25,맛집
b0307f9c2709dd53,food,0.25,맛집
7fcebfcd73df1ca8,food,0.75,맛집|파스타|추천|데이트
7fcebfcd73df1ca8,domestic_travel,0.25,추천|데이트
1c7e465644a24c34,food,0.63,맛집|디저트|방문
504a2a8a5acb7aec,food,0.38,맛집|데이트
580f7a89b95e89e5,food,0.50,맛집|고기
ef31b787b80dc9de,food,0.25,맛집
ac68e1f14076e069,food,0.25,맛집
730c1ab3a0ef75fe,food,0.25,맛집
4672a0d15b09a4dc,food,0.63,맛집|메뉴|추천
c736a451e17533ba,food,0.25,맛집
6458437bb32352d4,food,0.38,맛집|방문
6458437bb32352d4,domestic_travel,0.63,숙소|명소|방문
62f4eb6606636009,food,0.25,맛집
f07a52c326ce2a67,food,0.50,맛집|식당
9d10af19f2058bde,food,0.25,맛집
d13b2fc38ba3acf4,food,0.50,맛집|메뉴
62dd233a710be614,food,0.25,맛집
4c831750fad731cf,food,0.38,맛집|후기
576683a6df5e53a1,food,0.63,맛집|고기|추천
21c0ec28f9318641,food,0.50,맛집|추천|후기
21c0ec28f9318641,domestic_travel,0.25,추천|후기
8d95040c15c792e1,food,1.00,맛집|카페|디저트|추천|후기|핫플|데이트
8d95040c15c792e1,domestic_travel,0.75,가볼만한곳|추천|후기|데이트|핫플
9cf25f0a00e5b3c6,food,0.25,맛집
9cf25f0a00e5b3c6,domestic_travel,0.25,시장
a685fafc887a7e8c,food,0.88,맛집|카페|웨이팅|방문
16a2391518cc245a,food,0.25,맛집
0536ad5f74abdc03,food,1.00,맛집|메뉴|카페|디저트
fa46b5cf320c3098,food,0.75,맛집|메뉴|카페
fa46b5cf320c3098,domestic_travel,0.25,나들이
87717b3a8f33d44d,food,0.50,맛집|식당
48f523688c384bad,food,1.00,맛집|식당|카페|방문|후기
48f523688c384bad,domestic_travel,0.25,방문|후기
8d62915f18c76d16,food,0.50,맛집|내돈내산
8d62915f18c76d16,domestic_travel,0.25,시장
d375bfb03c2e9adf,food,0.50,맛집|방문|후기
d375bfb03c2e9adf,domestic_travel,0.25,방문|후기
c09bf9eb494490f6,food,0.63,맛집|메뉴|방문
5df60cfdbc462226,food,0.38,맛집|추천
9872c9cb80a144c4,food,0.88,맛집|고기|웨이팅|후기
f2add31c235713b0,food,0.50,맛집|식당
76089a26081f2ae2,food,0.25,맛집
9a44ddc4666e32e7,food,0.38,맛집|추천
84b06f3d1e4565b0,food,0.25,맛집
1209977ba75cbcbf,food,0.25,맛집
a804c07d447cc2b3,food,0.75,맛집|저녁|방문|후기
a804c07d447cc2b3,domestic_travel,0.25,방문|후기
c341b8c4b531b0fd,food,0.63,맛집|내돈내산|추천
0b893f44f2f08c19,food,0.63,맛집|고기|방문
0b893f44f2f08c19,domestic_travel,0.38,명소|방문
76f1c50d41ce4725,food,0.25,맛집
9048ef4f47e59574,food,0.25,맛집
c7d776a23bd4ddc6,food,0.25,맛집
ba0ac9b376e3b867,food,0.25,맛집
e153375dfceeb0a5,food,0.63,맛집|식당|추천
e153375dfceeb0a5,domestic_travel,0.38,시장|추천
5c03aaf83c822833,food,0.38,맛집|추천
df636c096accb324,food,0.25,맛집
df636c096accb324,domestic_travel,0.25,숙소
cd28e1c2b43849d4,food,0.50,맛집|카페
cd28e1c2b43849d4,domestic_travel,0.25,명소
aa62066add9c3a0e,food,0.63,맛집|술집|추천
20de59a386c8b68b,food,1.00,맛집|저녁|술집|방문|데이트
20de59a386c8b68b,domestic_travel,0.25,방문|데이트
4295cdec596277ff,food,0.75,맛집|메뉴|방문|추천
4295cdec596277ff,domestic_travel,0.25,방문|추천
5d821ab953877ab6,food,0.50,맛집|식당
17226898a4c509b3,food,1.00,맛집|식당|점심|고기
d1859528680c58b1,food,0.25,맛집
f0f52fc03a918181,food,0.25,맛집
db86744734b95787,food,0.50,맛집|메뉴
5d7f4a90b5797bca,food,0.50,맛집|저녁
ff472692408966e6,food,0.63,맛집|브런치|추천
0633bfaff2451e4f,food,0.38,맛집|방문
a9afbb78f9d14024,food,0.25,맛집
a9afbb78f9d14024,domestic_travel,0.25,바다
8ea3868bc396a3ad,food,0.25,맛집
f95fa65d22eeefdc,food,0.25,맛집
f95fa65d22eeefdc,domestic_travel,0.25,바다
e01792baccdb8524,food,0.50,맛집|식당
95aff6abd0f71fa1,food,0.25,맛집
3153267058ba8a0d,food,0.50,맛집|고기
15bac408f4dd7e2d,food,0.50,맛집|식당
0ec4e5f3cd37c271,food,0.75,맛집|카페|내돈내산
a83be12f731ff45d,food,0.50,맛집|파스타
77ac05c23f9fe859,food,0.25,맛집
27e7e1c097e08740,food,1.00,맛집|점심|카페|밥집
8d07974e075a8134,food,0.38,맛집|후기
88a554d131786dde,food,0.50,맛집|식당
d4ef3e827b29f83b,food,0.88,맛집|카페|디저트|추천
2cb1c96e2d403101,food,0.25,맛집
6693e4f27faa54a4,food,0.75,맛집|고기|방문|추천
6693e4f27faa54a4,domestic_travel,0.25,방문|추천
457a8696f8459ff2,food,0.38,맛집|데이트
8906998382f28765,food,0.50,맛집|식당
497fb52b7f0fb429,food,0.50,맛집|고기
b36cd006909598e0,food,0.63,맛집|점심|방문
7c582c8363694c6b,food,0.63,맛집|술집|추천
6129996d70087cbc,food,0.25,맛집
bb4961a1669e16e8,food,0.50,맛집|식당
bb4961a1669e16e8,domestic_travel,0.25,숙소
c33bb643eb59d950,food,0.75,맛집|식당|방문|추천
c33bb643eb59d950,domestic_travel,0.25,방문|추천
fd53385968befb50,food,0.25,맛집
da2f7ad87830e678,food,1.00,맛집|식당|저녁|디저트|후기
da2f7ad87830e678,domestic_travel,0.38,숙소|후기
32397f96edd4ab40,food,0.38,맛집|방문
e0fae1cb92f688e5,food,0.25,맛집
22fae7ce07f53aa1,food,0.38,맛집|방문
1c9c5d24b23d93d6,food,0.75,맛집|식당|메뉴
b8e6a973b0435fa2,food,0.25,맛집
61b132ff912ec9ea,food,0.50,맛집|식당
431b040158776f15,food,0.88,맛집|저녁|카페|추천
609a7ba120459904,food,0.75,맛집|카페|브런치
9ce5011cfdcc9014,food,0.50,맛집|추천|데이트
9ce5011cfdcc9014,domestic_travel,0.25,추천|데이트
e8cf64d71074a763,food,0.25,맛집
e8cf64d71074a763,domestic_travel,0.25,축제
2b29a95b28930238,food,0.63,맛집|카페|추천
2b29a95b28930238,domestic_travel,0.63,숙소|바다|추천
cfac1b8b730971f5,food,0.38,맛집|추천
bcad511781e025cb,food,0.25,맛집
bcad511781e025cb,domestic_travel,0.50,시장|명소
b6bef046c555c4c5,food,0.38,맛집|후기
1932a70fd6fa09d0,food,0.88,맛집|메뉴|웨이팅|추천
1932a70fd6fa09d0,domestic_travel,0.38,나들이|추천
cd0aa7591e7c52fe,food,0.88,맛집|식당|고기|추천
8feb3db6a5637ad7,food,0.50,맛집|카페
cfb9c73f12f9f06b,food,0.25,맛집
dbbe99308a4dc2b8,food,0.88,맛집|식당|내돈내산|방문
30e64b3aace4aea5,food,0.50,맛집|카페
30e64b3aace4aea5,domestic_travel,0.50,가볼만한곳|바다
a0b6515c8054ba7a,food,0.88,맛집|식당|고기|추천
76d7d2429a0fdbea,food,0.88,맛집|카페|디저트|핫플
b7a736848b01d5a6,food,0.63,맛집|고기|방문
cc4f717fac62cb58,food,1.00,맛집|카페|디저트|추천|데이트
cc4f717fac62cb58,domestic_travel,0.25,추천|데이트
753b0e8c3390d97f,food,1.00,맛집|식당|저녁|고기
04916f9b421d7031,food,0.50,맛집|메뉴
03e888b9c5e6b659,food,0.88,맛집|메뉴|디저트|후기
c01011fe5169b0fe,food,0.25,맛집
ea9a54f08684f80b,food,0.50,맛집|고기
76d6f6f2255d6e19,food,0.63,맛집|고기|데이트
c9e7876ee94970bd,food,1.00,맛집|식당|라멘|방문|후기
c9e7876ee94970bd,domestic_travel,0.25,방문|후기
3e8d2b449150597a,food,0.50,맛집|방문|후기
3e8d2b449150597a,domestic_travel,0.25,방문|후기
ba00397b09f92ee7,food,0.50,맛집|브런치
0a8aa2a69775e767,food,0.38,맛집|추천
d8ea705fcd77c4ac,food,1.00,맛집|점심|카페|추천|핫플
d8ea705fcd77c4ac,domestic_travel,0.25,추천|핫플
a28d4190eaf91fdb,food,0.50,맛집|추천|후기
a28d4190eaf91fdb,domestic_travel,0.25,추천|후기
657c1627af671c63,food,1.00,맛집|저녁|고기|웨이팅
b6d5ee2687efc90a,food,0.38,맛집|방문
8b4428e5b1a1cb87,food,1.00,맛집|메뉴|내돈내산|웨이팅|방문|후기
8b4428e5b1a1cb87,domestic_travel,0.25,방문|후기
6c4a480b7f6bb028,food,0.63,맛집|식당|후기
4c099800ec2344fa,food,0.50,맛집|저녁
aa728c3fd68a5c9d,food,0.25,맛집
1a197bc3cbdfc17c,food,0.88,맛집|카페|디저트|데이트
1a197bc3cbdfc17c,domestic_travel,0.38,바다|데이트
cc519a987cae8705,food,0.38,맛집|추천
4d67ebed343b0c5b,food,0.25,맛집
b61076d74372787d,food,0.25,맛집
3c7f0dfff334d850,food,0.25,맛집
82081ad3c183a23a,food,0.38,맛집|후기
b09c3677426a620b,food,1.00,맛집|카페|디저트|웨이팅
a6c6906e9bdae8f1,food,0.25,맛집
4761a53a8490f9f5,food,0.50,맛집|카페
ca4e2a29c5f71e47,food,0.50,맛집|웨이팅
9dea8b6610bcf822,food,0.50,맛집|방문|후기
9dea8b6610bcf822,domestic_travel,0.25,방문|후기
ef28b5b42980abf9,food,0.25,맛집
1c3ce7c2c110ae0e,food,0.63,맛집|카페|추천
1c3ce7c2c110ae0e,domestic_travel,0.38,시장|추천
165af609f9a38e52,food,0.50,맛집|방문|후기
165af609f9a38e52,domestic_travel,0.25,방문|후기
1cc38fcb77357228,food,1.00,맛집|메뉴|카페|디저트|추천
efc11cf3699679dd,food,0.38,맛집|방문
6bbe15a4f7a6f8d6,food,0.75,맛집|저녁|다이닝
b9a48693bbb09cd7,food,0.63,맛집|내돈내산|추천
d886ac0a50ea439b,food,0.25,맛집
a8bb5e8a987eb1b1,food,0.50,맛집|고기
8bc08683b89d1aaa,food,0.38,맛집|후기
87138d6691203f19,food,0.88,맛집|내돈내산|방문|추천|후기
87138d6691203f19,domestic_travel,0.63,바다|방문|추천|후기
59087dafce75bfcf,food,0.63,맛집|술집|방문
ff67ddbfc0f546e5,food,0.88,맛집|점심|고기|추천
13aaaebeabcc11ce,food,0.38,맛집|추천
898a4aaf9917e502,food,0.25,맛집
898a4aaf9917e502,domestic_travel,0.25,나들이
725c2e87c34567f7,food,0.63,맛집|웨이팅|방문
dba89442f495208c,food,0.75,맛집|식당|추천|후기
dba89442f495208c,domestic_travel,0.25,추천|후기
a69f4af02c4ed8a9,food,0.38,맛집|추천
c26c82a3b491154a,food,0.25,맛집
699482c7741cf5d5,food,0.50,맛집|점심
f2d29c15183024b1,food,0.75,맛집|파스타|추천|데이트
f2d29c15183024b1,domestic_travel,0.25,추천|데이트
8a7749ac8d478d98,food,0.88,맛집|저녁|방문|추천|데이트
8a7749ac8d478d98,domestic_travel,0.38,방문|추천|데이트
34a3354f86c7dcd9,food,0.50,맛집|추천|후기
34a3354f86c7dcd9,domestic_travel,0.25,추천|후기
2457688d1e07cb5b,food,0.63,맛집|저녁|후기
b80bad97bb424d07,food,0.50,맛집|고기
b80bad97bb424d07,domestic_travel,0.25,명소
df6f06ebb9cf2daf,food,0.25,맛집
8b0af00049bb3728,food,0.75,맛집|식당|고기
0fa02b314e87b1ed,food,0.25,맛집
000baa4596d50d8f,food,0.75,맛집|메뉴|점심
0c1b74778ec6527c,food,1.00,맛집|메뉴|점심|웨이팅|방문
ae941a03d4337ab1,food,0.50,맛집|저녁
287bc9aa3e6a38cc,food,0.38,맛집|추천
1125fe38392521ef,food,0.50,맛집|디저트
ecd944bf126a81e7,food,0.50,맛집|웨이팅
7035a2de17b8b97b,food,0.50,맛집|방문|추천
7035a2de17b8b97b,domestic_travel,0.25,방문|추천
4f4e36edb5b0a43e,food,0.63,맛집|점심|방문
5b2c0443203de1a2,food,0.25,맛집
660d463b777b2d57,food,0.63,맛집|카페|추천
0e627c2cc4861c72,food,0.50,맛집|식당
64abd99d25e6f98d,food,0.50,맛집|식당
005f907ddf01f78d,food,0.38,맛집|추천
cf116833d49ed463,food,0.75,맛집|식당|파스타
d5567859c868af4b,food,0.50,맛집|메뉴
bd03e0220bbac59e,food,0.50,맛집|식당
48f777e36c6a0800,food,0.50,맛집|방문|후기
48f777e36c6a0800,domestic_travel,0.25,방문|후기
43e947f0022b2023,food,0.38,맛집|후기
c108321ca4654635,food,0.38,맛집|방문
d905a8fb1133ab6f,food,0.63,맛집|점심|추천
7537ebc1d698a9c2,food,0.63,맛집|점심|추천
c5403c5584b317e9,food,0.63,맛집|카페|방문
7da336bb54bc147e,food,0.50,맛집|식당
b0934fc9f81adcd6,food,0.63,맛집|술집|추천
6073f88360821b62,food,0.50,맛집|카페
e9d076ef584cc304,food,0.88,맛집|메뉴|저녁|추천
8c98463ce86a79df,food,0.25,맛집
1e4440aeafbe171b,food,0.63,맛집|웨이팅|후기
0a51b064a774915d,food,0.25,맛집
ae22f9175ab37ded,food,1.00,맛집|메뉴|카페|디저트|추천|데이트
ae22f9175ab37ded,domestic_travel,0.25,추천|데이트
5ed93be2a138a39a,food,0.50,맛집|고기
6530d3f44851a63c,food,0.50,맛집|디저트
6530d3f44851a63c,domestic_travel,0.25,시장
45b4fcf9b129ce46,food,0.38,맛집|추천
45b4fcf9b129ce46,domestic_travel,0.38,축제|추천
580bdacde5c1f179,food,0.25,맛집
e2ce4825f54200a0,food,0.63,맛집|카페|추천
01441acb0dffe758,food,0.88,맛집|파스타|방문|추천|데이트
01441acb0dffe758,domestic_travel,0.38,방문|추천|데이트
0972bae889519454,food,0.63,맛집|메뉴|후기
118ec40965e926f3,food,1.00,맛집|식당|파스타|브런치|데이트
bc0f55c9d8df8ec0,food,0.38,맛집|핫플
f17b9b6e86537d10,food,0.75,맛집|점심|방문|후기
f17b9b6e86537d10,domestic_travel,0.25,방문|후기
4dd9d7b5f1ace9b6,food,0.63,맛집|웨이팅|추천
4dd9d7b5f1ace9b6,domestic_travel,0.38,숙소|추천
3def9a025fda5872,food,0.75,맛집|점심|저녁
c69cabbe02d9a108,food,0.25,맛집
7058e5ba6f0ff9a6,food,1.00,맛집|저녁|카페|술집|방문
7058e5ba6f0ff9a6,domestic_travel,0.38,시장|방문
eefeaa5677564719,food,0.25,맛집
9b0da8ff985be2d4,food,0.50,맛집|라멘
e8dafb40157b82e8,food,0.75,맛집|식당|고기
72b210948c9e6ebc,food,0.25,맛집
86f871882694d6a7,food,0.38,맛집|추천
56c9a12be8e89d80,food,0.25,맛집
5083923daab592a9,food,0.25,맛집
26d54a2cde474c2c,food,0.38,맛집|후기
e5d191cc9ded16d8,food,0.63,맛집|점심|방문
5f85e937073ea905,food,0.25,맛집
a7abb660753390a7,food,0.75,맛집|내돈내산|추천|후기
a7abb660753390a7,domestic_travel,0.25,추천|후기
05790b0066eb72cc,food,0.75,맛집|메뉴|저녁
cb8ef0b22a62be63,food,0.75,맛집|카페|추천|핫플
cb8ef0b22a62be63,domestic_travel,0.50,가볼만한곳|추천|핫플
2a5a61fd8132b015,food,0.50,맛집|추천|데이트
2a5a61fd8132b015,domestic_travel,0.25,추천|데이트
0c721cc2c5f88c75,food,1.00,맛집|저녁|고기|내돈내산
cc45af35a40677d6,food,0.50,맛집|추천|후기
cc45af35a40677d6,domestic_travel,0.25,추천|후기
015a1cfdc96a571b,food,0.25,맛집
319fb382939c6859,food,0.25,맛집
429e22bc9d062822,food,0.50,맛집|카페
05a36124f4b19c75,food,0.50,맛집|웨이팅
05a36124f4b19c75,domestic_travel,0.25,시장
e76dd0491d779936,food,0.63,맛집|내돈내산|방문
6873ede0c9af0548,food,0.25,맛집
73f37b456e873e2b,food,0.25,맛집
83ab63fb6961c0e4,food,0.50,맛집|식당
4e25229b8449e339,food,0.75,맛집|브런치|웨이팅
625352b29caf76fb,food,0.25,맛집
53960506abc28098,food,0.75,맛집|메뉴|술집
35772500fef6bb82,food,0.25,맛집
35772500fef6bb82,domestic_travel,0.25,국내여행
3c5a125939ce141f,food,0.75,맛집|내돈내산|방문|후기
3c5a125939ce141f,domestic_travel,0.25,방문|후기
26f529862c01ed86,food,0.38,맛집|후기
61e9de47b7bb2592,food,0.25,맛집
972cb61d5f2a1f08,food,0.38,맛집|추천
fefe7b53fbfa055c,food,0.38,맛집|추천
e2aedede744cd169,food,0.50,맛집|식당
88b80924c149fa69,food,0.88,맛집|내돈내산|술집|추천
86e0913169d16398,food,0.25,맛집
ecc6c1071a42c2cb,food,0.75,맛집|카페|방문|후기
ecc6c1071a42c2cb,domestic_travel,0.25,방문|후기
726bfa4d048f321a,food,0.50,맛집|고기
ba55030725d168f2,food,0.88,맛집|점심|저녁|추천
a800c489eaa05703,food,0.25,맛집
04cae1bbcb15847b,food,0.50,맛집|식당
9694a9d6b9919524,food,0.25,맛집
9ea90e0c6af8ea5e,food,0.25,맛집
da7cf902e18e7f09,food,0.38,맛집|방문
09e94b92e1423fe7,food,0.88,맛집|메뉴|술집|추천
5d8bf3e3a2cdc35e,food,0.50,맛집|디저트
d98610d5f036cfdd,food,0.75,맛집|메뉴|고기
ccf9fa0471af0a50,food,0.50,맛집|파스타
7cfebfa2049c0e3a,food,0.50,맛집|고기
7cfebfa2049c0e3a,domestic_travel,0.25,바다
64cd3433d4e1aa98,food,0.38,맛집|추천
884a1a6608a65576,food,0.50,맛집|파스타
f1810888a72d6fee,food,0.38,맛집|방문
61bc897067b595da,food,0.88,맛집|점심|밥집|추천
8fc98176e9f36efa,food,0.50,맛집|밥집
deb6614d1259bb1c,food,0.75,맛집|저녁|고기
d3d3f0d605a0b38b,food,0.25,맛집
332ef467d3f3b683,food,0.25,맛집
46098dbfc35a6405,food,0.50,맛집|식당
596923e4f526729b,food,0.50,맛집|고기
276dfc37bdfe7453,food,0.38,맛집|후기
bd170619583c724d,food,0.88,맛집|카페|내돈내산|후기
bd170619583c724d,domestic_travel,1.00,당일치기|서울근교|숙소|바다|후기
3e5523a6c03d28b5,food,0.25,맛집
3e5523a6c03d28b5,domestic_travel,0.50,숙소|시장
02eb131fb5ccaa8f,food,0.38,맛집|후기
99a198fc1419f377,food,0.25,맛집
1157a0ccedd74f4e,food,1.00,맛집|점심|저녁|웨이팅|방문|후기
1157a0ccedd74f4e,domestic_travel,0.25,방문|후기
5e28307f96ab3a2b,food,0.50,맛집|메뉴
191dcc138ea1cc9c,food,0.25,맛집
6be45768006c5d20,food,0.50,맛집|점심
0499d1ed07ab5d91,food,0.38,맛집|추천
0e375f9a7e8917dd,food,0.38,맛집|추천
a8eaa8aa9026336a,food,0.50,맛집|메뉴
3b95878b759e9ff2,food,0.63,맛집|메뉴|핫플
43378eaf4a1e4392,food,0.88,맛집|카페|내돈내산|방문
43378eaf4a1e4392,domestic_travel,0.38,숙소|방문
1d1e221a94f7c321,food,0.63,맛집|파스타|후기
c48abf37e79926bd,food,0.25,맛집
38e8174b10d8bc5f,food,0.50,맛집|고기
ac358605fa0b44ae,food,1.00,맛집|카페|내돈내산|추천|후기
ac358605fa0b44ae,domestic_travel,0.25,추천|후기
d97ce4a5e7d2a238,food,0.38,맛집|방문
d97ce4a5e7d2a238,domestic_travel,0.38,시장|방문
55fcd4af8d1fba14,food,1.00,맛집|식당|메뉴|파스타|데이트
ff3491ec4c68e2ff,food,0.88,맛집|식당|고기|후기
84f986ffd35b4234,food,0.25,맛집
84f986ffd35b4234,domestic_travel,0.25,가볼만한곳
054a3e8e7306e8fb,food,0.38,맛집|추천
96975664b3090d0c,food,0.25,맛집
4b61102cb0e001c9,food,0.50,맛집|저녁
e0d11259f1f4fcf2,food,0.38,맛집|추천
b0c1476407991bdf,food,0.50,맛집|카페
16dafb9426cb684e,food,0.50,맛집|파스타
5cbd5851a3b8f3b5,food,0.25,맛집
d84776f30a211b4d,food,1.00,맛집|고기|웨이팅|방문|후기
d84776f30a211b4d,domestic_travel,0.25,방문|후기
04afbdb285cd840c,food,0.88,맛집|식당|웨이팅|핫플
159c9ad4ae73f756,food,0.38,맛집|방문
159c9ad4ae73f756,domestic_travel,0.38,여행코스|방문
59a9d14055334c04,food,0.50,맛집|식당
6beae5339596508b,food,0.50,맛집|저녁
99235e433c6411e8,food,0.38,맛집|데이트
99235e433c6411e8,domestic_travel,0.38,바다|데이트
b0592db392f05657,food,0.63,맛집|술집|추천
034d9d14774c6eb2,food,0.63,맛집|메뉴|추천
034d9d14774c6eb2,domestic_travel,0.38,바다|추천
5628de56e15d2d03,food,0.38,맛집|방문
04ce54afd2449a71,food,0.25,맛집
0a1cc58d9500a657,food,0.63,맛집|웨이팅|추천
3f806e35d63818ae,food,0.50,맛집|저녁
d2f92a9210b9d8ac,food,0.50,맛집|파스타
d2f92a9210b9d8ac,domestic_travel,0.25,나들이
6ba5e373fa6c1879,food,1.00,맛집|메뉴|파스타|내돈내산|방문|후기|데이트
6ba5e373fa6c1879,domestic_travel,0.38,방문|후기|데이트
92fd385b2faee5cb,food,0.25,맛집
6c3f1c8fab46a419,food,0.25,맛집
6c3f1c8fab46a419,domestic_travel,0.25,바다
cb6154694c95c1e3,food,0.25,맛집
fcf879f5cfee7059,food,0.25,맛집
4201ed7654db1152,food,0.50,맛집|방문|후기
4201ed7654db1152,domestic_travel,0.25,방문|후기
1257964d8a76f13a,food,0.50,맛집|고기
419b342ac39d532d,food,0.38,맛집|후기
42bb867b08890743,food,0.63,맛집|웨이팅|후기
fda40c963dbfe198,food,0.50,맛집|카페
fda40c963dbfe198,domestic_travel,0.25,가볼만한곳
5f4491dfd1b4e0cf,food,0.38,맛집|후기
6d3e8431c0f55d92,food,0.25,맛집
6ba01c59f6085c33,food,0.88,맛집|저녁|고기|방문
a5aa9a3a08a59f2c,food,0.50,맛집|파스타
e4a376531b4954af,food,0.38,맛집|후기
9a9f22f2646deaed,food,0.38,맛집|추천
4df28d0f899aba0f,food,0.63,맛집|메뉴|추천
398b57d7a1fdbe33,food,0.75,맛집|식당|방문|후기
398b57d7a1fdbe33,domestic_travel,0.25,방문|후기
31a2ca57c96549e8,food,0.25,맛집
9c75cf5ac975d04c,food,0.88,맛집|고기|추천|핫플|데이트
9c75cf5ac975d04c,domestic_travel,0.38,추천|데이트|핫플
aeb1ccf247a1069f,food,0.75,맛집|고기|방문|추천
aeb1ccf247a1069f,domestic_travel,0.50,가볼만한곳|방문|추천
32e0aec8b1d8a1d3,food,0.88,맛집|메뉴|카페|추천
159a72f3e10bb580,food,0.63,맛집|점심|추천
3e9e5612d426849e,food,0.63,맛집|고기|추천
9f22a9570574cfad,food,0.88,맛집|식당|고기|추천
35ca6f723d73b38b,food,0.88,맛집|식당|점심|추천
396b559f67e7e4a3,food,0.88,맛집|술집|추천|핫플|데이트
396b559f67e7e4a3,domestic_travel,0.38,추천|데이트|핫플
43e60cf87ccf822c,food,0.63,맛집|라멘|추천
a34f68f11d48a076,food,0.38,맛집|후기
c128b726d94ca9be,food,0.50,맛집|추천|핫플
c128b726d94ca9be,domestic_travel,0.50,시장|추천|핫플
fe862e0f222bde5b,food,0.63,맛집|술집|추천
d12119b46dbce7a4,food,0.50,맛집|방문|추천
d12119b46dbce7a4,domestic_travel,0.25,방문|추천
1e3b6327521340e9,food,0.38,맛집|추천
29bf1f9a43ab17e9,food,0.63,맛집|밥집|추천
9b75cd1427c2b935,food,0.63,맛집|파스타|추천
70cd850e191052a8,food,0.50,맛집|추천|데이트
70cd850e191052a8,domestic_travel,0.25,추천|데이트
cadd6f02ad0af272,food,0.63,맛집|술집|추천
58ab6a307718a9ce,food,0.50,맛집|방문|추천
58ab6a307718a9ce,domestic_travel,0.25,방문|추천
96df6463546aa097,food,1.00,맛집|메뉴|저녁|방문|추천
96df6463546aa097,domestic_travel,0.25,방문|추천
4b53c9053cf13a80,food,1.00,맛집|저녁|고기|추천|데이트
4b53c9053cf13a80,domestic_travel,0.50,가볼만한곳|추천|데이트
3f6ef0f169f872ce,food,1.00,맛집|파스타|내돈내산|웨이팅|추천|후기|데이트
3f6ef0f169f872ce,domestic_travel,0.38,추천|후기|데이트
33c1cc9831b4df04,food,0.88,맛집|웨이팅|추천|핫플|데이트
33c1cc9831b4df04,domestic_travel,0.63,국내여행|추천|데이트|핫플
3471620802ebff4a,food,0.88,맛집|점심|방문|추천|후기
3471620802ebff4a,domestic_travel,0.38,방문|추천|후기
7785ef144a132d5c,food,0.38,맛집|추천
a2e0a02f1761c15d,food,0.38,맛집|추천
80ef44cef3c153f8,food,0.63,맛집|점심|추천
f535a953eff202e3,food,1.00,맛집|웨이팅|밥집|술집|추천|데이트
f535a953eff202e3,domestic_travel,0.25,추천|데이트
03ae4e110f06800f,food,0.38,맛집|추천
fce95539eedd119c,food,0.50,맛집|추천|데이트
fce95539eedd119c,domestic_travel,0.25,추천|데이트
ee674ee423a0873b,food,0.75,맛집|웨이팅|방문|추천
ee674ee423a0873b,domestic_travel,0.25,방문|추천
0adf5382c76d94a1,food,0.63,맛집|내돈내산|후기
df3b1ef24afa80a6,food,0.38,맛집|추천
7bf12770acfbfc7a,food,1.00,맛집|내돈내산|방문|추천|후기|데이트
7bf12770acfbfc7a,domestic_travel,0.50,방문|추천|후기|데이트
33deb15f03b25519,food,0.38,맛집|추천
9206a6b162a954a6,food,0.88,맛집|메뉴|내돈내산|추천
9085f24ab7de510f,food,1.00,맛집|식당|점심|내돈내산|추천
9085f24ab7de510f,domestic_travel,0.38,당일치기|추천
4269aeb2e3062b26,food,1.00,맛집|파스타|밥집|추천|후기|데이트
4269aeb2e3062b26,domestic_travel,0.38,추천|후기|데이트
dc03a3044db4c42f,food,0.38,맛집|추천
1d3f4af95c8bca37,food,0.63,맛집|식당|추천
7c3b5c722c066083,food,1.00,맛집|저녁|파스타|다이닝|추천|후기|데이트
7c3b5c722c066083,domestic_travel,0.38,추천|후기|데이트
0047399d90d46f1f,food,0.75,맛집|밥집|추천|데이트
0047399d90d46f1f,domestic_travel,0.50,가볼만한곳|추천|데이트
b95ee44ecbe289bb,food,0.88,맛집|고기|내돈내산|추천
b95ee44ecbe289bb,domestic_travel,0.38,여행코스|추천
7fd1b0db9b31fe67,food,0.38,맛집|추천
7fd1b0db9b31fe67,domestic_travel,0.38,명소|추천
595c699af4a07620,food,0.88,맛집|파스타|방문|추천|후기
595c699af4a07620,domestic_travel,0.38,방문|추천|후기
99ebd00bcf4ec97c,food,1.00,맛집|점심|저녁|라멘|추천|데이트
99ebd00bcf4ec97c,domestic_travel,0.50,가볼만한곳|추천|데이트
57916e23b4e44a87,food,1.00,맛집|저녁|고기|카페|추천
9d04ee87efb1347b,food,1.00,맛집|식당|점심|저녁|밥집|추천|핫플|데이트
9d04ee87efb1347b,domestic_travel,0.63,가볼만한곳|추천|데이트|핫플
0aa603257a802ad8,food,1.00,맛집|점심|내돈내산|방문|추천|후기|핫플|데이트
0aa603257a802ad8,domestic_travel,0.63,방문|추천|후기|데이트|핫플
991b8aaa6ede4272,food,0.63,맛집|내돈내산|추천
991b8aaa6ede4272,domestic_travel,0.38,시장|추천
5cdb335c0432ede3,food,0.38,맛집|추천
5cdb335c0432ede3,domestic_travel,0.38,가볼만한곳|추천
2c46b93587146c49,food,1.00,맛집|밥집|술집|추천|데이트
2c46b93587146c49,domestic_travel,0.25,추천|데이트
8ec45228a8b43385,food,0.63,맛집|고기|추천
8244d82a0d0b6fd1,food,0.38,맛집|추천
8500d3bc04733bc6,food,1.00,맛집|고기|내돈내산|추천|후기
8500d3bc04733bc6,domestic_travel,0.50,가볼만한곳|추천|후기
75ab35a89b581208,food,0.63,맛집|파스타|추천
efdb72197a358db8,food,0.38,맛집|추천
efdb72197a358db8,domestic_travel,0.38,가볼만한곳|추천
861acb9eb67ad8e7,food,0.88,맛집|카페|추천|핫플|데이트
861acb9eb67ad8e7,domestic_travel,0.63,가볼만한곳|추천|데이트|핫플
2ae4ef5a8a7b4215,food,0.75,맛집|고기|추천|핫플
2ae4ef5a8a7b4215,domestic_travel,0.25,추천|핫플
fde0b54000404676,food,0.75,맛집|파스타|추천|데이트
fde0b54000404676,domestic_travel,0.25,추천|데이트
4bcfffc657d12db8,food,0.88,맛집|메뉴|고기|추천
a042743cd720d573,food,0.63,맛집|카페|추천
126b2d288b82366b,food,1.00,맛집|메뉴|고기|내돈내산|웨이팅|술집|추천|후기
126b2d288b82366b,domestic_travel,0.25,추천|후기
084afd8f0dc37057,food,0.63,맛집|식당|추천
084afd8f0dc37057,domestic_travel,0.38,가볼만한곳|추천
c766bd19c1b12c9b,food,0.63,맛집|고기|추천
b0d28ce3b5d0de81,food,0.75,맛집|내돈내산|추천|후기
b0d28ce3b5d0de81,domestic_travel,0.25,추천|후기
102189ca2a5e786e,food,0.63,맛집|디저트|추천
a0887270208d74b3,food,0.38,맛집|추천
7d0d2777355a9e86,food,1.00,맛집|점심|방문|추천|후기|데이트
7d0d2777355a9e86,domestic_travel,0.50,방문|추천|후기|데이트
1e63347b3f0f8380,food,0.38,맛집|추천
cf6905bbc8521bc7,food,0.38,맛집|추천
cf2ce7d28ea1424b,food,0.75,맛집|점심|방문|추천
cf2ce7d28ea1424b,domestic_travel,0.50,여행코스|방문|추천
4b819019b4f35835,food,0.88,맛집|식당|저녁|추천
d1df6593f6c4d044,food,0.88,맛집|식당|브런치|추천
6e84be4c36becf42,food,0.88,맛집|저녁|고기|추천
13fdb112a709345c,food,0.63,맛집|술집|추천
d51a6b4710e70e2f,food,0.63,맛집|고기|추천
c8558f630f587ff9,food,0.50,맛집|추천|데이트
c8558f630f587ff9,domestic_travel,0.25,추천|데이트
b09a95a8b78bd759,food,0.38,맛집|추천
b09a95a8b78bd759,domestic_travel,0.63,주말여행|바다|추천
8fc210924dd0783a,food,0.38,맛집|추천
8fc210924dd0783a,domestic_travel,0.38,가볼만한곳|추천
7c368a55aa198ecc,food,1.00,맛집|내돈내산|술집|추천|후기
7c368a55aa198ecc,domestic_travel,0.25,추천|후기
ec7495339aab1164,food,0.88,맛집|점심|방문|추천|후기
ec7495339aab1164,domestic_travel,0.38,방문|추천|후기
6e137fec04b696d8,food,0.88,맛집|점심|방문|추천|후기
6e137fec04b696d8,domestic_travel,0.38,방문|추천|후기
d641e73a7149cdb7,food,0.63,맛집|고기|추천
6df476cb497708ca,food,0.75,맛집|내돈내산|추천|후기
6df476cb497708ca,domestic_travel,0.50,시장|추천|후기
c46e75fe7b7dbd46,food,0.50,맛집|추천|후기
c46e75fe7b7dbd46,domestic_travel,0.50,시장|추천|후기
a94e544ed1084e4a,food,0.38,맛집|추천
49d2f62d74a69a35,food,0.38,맛집|추천
43f7263c495b1582,food,0.50,맛집|추천|핫플
43f7263c495b1582,domestic_travel,0.75,가볼만한곳|시장|추천|핫플
f1c6c3252171d6af,food,0.50,맛집|추천|데이트
f1c6c3252171d6af,domestic_travel,0.25,추천|데이트
c447c915f1e62ceb,food,0.75,맛집|술집|추천|데이트
c447c915f1e62ceb,domestic_travel,0.25,추천|데이트
2cb69f521db23be8,food,0.63,맛집|웨이팅|추천
1af13dc81090c1b0,food,0.38,맛집|추천
8d9afd96b7d913c8,food,0.75,맛집|술집|추천|데이트
8d9afd96b7d913c8,domestic_travel,0.25,추천|데이트
955a1355e441542a,food,1.00,맛집|식당|내돈내산|추천|데이트
955a1355e441542a,domestic_travel,0.25,추천|데이트
0039f84b1fe8b0e9,food,0.63,맛집|점심|추천
65cbc8ed373f971f,food,0.38,맛집|추천
880cf03f40208786,food,1.00,맛집|점심|내돈내산|추천|후기|핫플|데이트
880cf03f40208786,domestic_travel,1.00,가볼만한곳|시장|추천|후기|데이트|핫플
60f10b5d467dd23c,food,0.38,맛집|추천
60f10b5d467dd23c,domestic_travel,0.38,명소|추천
31e169ee5cdf54da,food,0.63,맛집|방문|추천|후기
31e169ee5cdf54da,domestic_travel,0.38,방문|추천|후기
4f72dbfc5a076e4c,food,0.63,맛집|방문|추천|후기
4f72dbfc5a076e4c,domestic_travel,0.38,방문|추천|후기
43be796a6d0002fe,food,1.00,맛집|메뉴|술집|방문|추천|후기|데이트
43be796a6d0002fe,domestic_travel,0.50,방문|추천|후기|데이트
688f1d9f52f8dae0,food,0.75,맛집|웨이팅|추천|데이트
688f1d9f52f8dae0,domestic_travel,0.75,가볼만한곳|여행코스|추천|데이트
c92854d4b742204b,food,1.00,맛집|점심|내돈내산|추천|후기|핫플
c92854d4b742204b,domestic_travel,0.38,추천|후기|핫플
e3a329a99073517c,food,0.75,맛집|메뉴|추천|후기
e3a329a99073517c,domestic_travel,0.25,추천|후기
671a7b2f6be23f56,food,0.63,맛집|고기|추천
671a7b2f6be23f56,domestic_travel,0.38,명소|추천
10f6f02c89df24cd,food,0.63,맛집|내돈내산|후기
d0204989bd118eab,food,0.88,맛집|고기|추천|후기|데이트
d0204989bd118eab,domestic_travel,0.38,추천|후기|데이트
bf507f1bed6a4b11,food,1.00,맛집|식당|저녁|고기|밥집|추천
022ea5e180bfdf5d,food,0.88,맛집|식당|방문|추천|핫플
022ea5e180bfdf5d,domestic_travel,0.38,방문|추천|핫플
49e327a1ef9ca465,food,0.38,맛집|추천
49e327a1ef9ca465,domestic_travel,0.38,가볼만한곳|추천
f03de212248c7673,food,0.75,맛집|점심|추천|데이트
f03de212248c7673,domestic_travel,0.25,추천|데이트
b9cdf5b4d048d6b1,food,0.63,맛집|메뉴|추천
ff4ab3e28c386f41,food,0.50,맛집|추천|후기
ff4ab3e28c386f41,domestic_travel,0.25,추천|후기
c42e7f457ea92cc8,food,0.75,맛집|고기|방문|추천
c42e7f457ea92cc8,domestic_travel,0.25,방문|추천
445de4f908b88e9c,food,0.88,맛집|카페|브런치|추천
6d2997d837c7e1a1,food,0.50,맛집|추천|후기
6d2997d837c7e1a1,domestic_travel,0.50,나들이|추천|후기
726d6256a36e0dc6,food,0.75,맛집|고기|추천|데이트
726d6256a36e0dc6,domestic_travel,0.25,추천|데이트
6f144408712c62bb,food,0.88,맛집|저녁|술집|추천
e8b88d69d41f2fcb,food,1.00,맛집|점심|저녁|내돈내산|추천|후기
e8b88d69d41f2fcb,domestic_travel,0.50,가볼만한곳|추천|후기
14cacb5fe6b00b0b,food,0.50,맛집|추천|데이트
14cacb5fe6b00b0b,domestic_travel,0.25,추천|데이트
24663f8bc798a041,food,0.50,맛집|방문|추천
24663f8bc798a041,domestic_travel,0.25,방문|추천
ab82880a50b52917,food,0.63,맛집|메뉴|추천
28e37d215c81206f,food,0.38,메뉴|방문
ce5e7a2159914cb0,food,0.38,맛집|추천
c0c5932aad04c20f,food,1.00,맛집|식당|점심|내돈내산|방문|추천|후기
c0c5932aad04c20f,domestic_travel,0.38,방문|추천|후기
d7a25981528c79f6,food,0.38,맛집|추천
3e0e2ccc941ca24d,food,0.63,맛집|점심|추천
152305758ab9e9be,food,0.50,맛집|방문|추천
152305758ab9e9be,domestic_travel,0.25,방문|추천
40abeacdfa2a436c,food,0.88,맛집|식당|내돈내산|추천
40abeacdfa2a436c,domestic_travel,0.63,국내여행|가볼만한곳|추천
766ec8389e0edb33,food,0.75,맛집|고기|추천|후기
766ec8389e0edb33,domestic_travel,0.25,추천|후기
a14523d3ccbc74de,food,0.88,맛집|카페|내돈내산|추천
a2875cf700dbe3f1,food,0.88,맛집|메뉴|파스타|추천
a2875cf700dbe3f1,domestic_travel,0.38,가볼만한곳|추천
55fa42fa73d7f125,food,0.38,맛집|추천
55fa42fa73d7f125,domestic_travel,0.38,가볼만한곳|추천
ee5da850e3dab8da,food,0.63,맛집|디저트|추천
8666c423c74cf944,food,0.38,맛집|추천
c676f2bf772c1c6c,food,1.00,맛집|내돈내산|술집|추천|핫플|데이트
c676f2bf772c1c6c,domestic_travel,0.38,추천|데이트|핫플
3e6e207ca112b822,food,0.50,맛집|추천|후기
3e6e207ca112b822,domestic_travel,0.25,추천|후기
a848a437e85075b5,food,0.50,맛집|방문|추천
a848a437e85075b5,domestic_travel,0.25,방문|추천
d43ef749d1ace109,food,0.75,맛집|내돈내산|추천|후기
d43ef749d1ace109,domestic_travel,0.25,추천|후기
a6ce1611971b7809,food,0.50,맛집|방문|추천
a6ce1611971b7809,domestic_travel,0.25,방문|추천
e67bff9e6d768170,food,1.00,맛집|메뉴|파스타|추천|데이트
e67bff9e6d768170,domestic_travel,0.25,추천|데이트
6c0408995caf111e,food,1.00,맛집|식당|점심|고기|추천
7edb345546af7205,food,0.50,맛집|추천|데이트
7edb345546af7205,domestic_travel,0.25,추천|데이트
092e58e16afbf98b,food,0.88,맛집|카페|디저트|추천
01986acd8610af95,food,0.63,맛집|내돈내산|추천
a48d7680a0b07e98,food,0.38,맛집|추천
ce21b543ffb856bd,food,0.63,맛집|방문|추천|후기
ce21b543ffb856bd,domestic_travel,0.38,방문|추천|후기
05fc33fcb4b8cbc5,food,0.63,맛집|메뉴|추천
12a6163268c9e07d,food,0.75,맛집|고기|방문|추천
12a6163268c9e07d,domestic_travel,0.25,방문|추천
dd5c554655ddc73d,food,1.00,맛집|카페|내돈내산|추천|후기
dd5c554655ddc73d,domestic_travel,0.25,추천|후기
a6b2498b61d7417f,food,0.63,맛집|방문|추천|핫플
a6b2498b61d7417f,domestic_travel,0.38,방문|추천|핫플
c64dba4c91d32fc7,food,0.50,맛집|추천|데이트
c64dba4c91d32fc7,domestic_travel,0.25,추천|데이트
6bb4cec719b865c5,food,0.88,맛집|저녁|고기|추천
349f02fc2107fbc8,food,1.00,맛집|메뉴|저녁|내돈내산|추천
29f1667ab03132c8,food,0.38,맛집|추천
80a9eb1d2a68cb5f,food,0.63,맛집|고기|추천
4a315dca298bbd7d,food,0.63,맛집|내돈내산|추천
322abc13b41550e2,food,0.38,맛집|추천
796fddb6d4fb9784,food,0.38,맛집|추천
578b61da26965c5a,food,0.63,맛집|식당|추천
578b61da26965c5a,domestic_travel,0.38,숙소|추천
f6d37331b1d5805f,food,0.38,맛집|추천
7890ca5895b1713f,food,1.00,맛집|카페|추천|후기|핫플|데이트
7890ca5895b1713f,domestic_travel,0.50,추천|후기|데이트|핫플
15a85cc2d4603435,food,0.75,맛집|술집|추천|데이트
15a85cc2d4603435,domestic_travel,0.25,추천|데이트
d2e8564b33087407,food,0.88,맛집|저녁|술집|추천
274e61ec737c65bd,food,0.75,맛집|식당|추천|데이트
274e61ec737c65bd,domestic_travel,0.25,추천|데이트
71f790689c5e1a0e,food,0.38,맛집|추천
b2a991d0175c133a,food,0.38,맛집|추천
4e570f44242704de,food,0.38,맛집|추천
4e570f44242704de,domestic_travel,0.38,바다|추천
e72b1099cb948351,food,0.63,맛집|술집|추천
09a3f270d5827836,food,1.00,맛집|메뉴|내돈내산|추천|후기
09a3f270d5827836,domestic_travel,0.25,추천|후기
9b7ef46fe3efbc67,food,0.38,맛집|추천
31ea47d336905bff,food,0.88,점심|저녁|고기|추천
8f9036fc43fba0bb,food,0.38,맛집|추천
76d04c49e6653751,food,0.50,맛집|추천|후기
76d04c49e6653751,domestic_travel,0.25,추천|후기
e1b6d99c6135d088,food,0.38,맛집|추천
0dd37a182843efad,food,0.50,맛집|추천|후기
0dd37a182843efad,domestic_travel,0.75,가볼만한곳|시장|추천|후기
ca8ce0680e9a05ef,food,0.38,맛집|추천
b26fd2966a29ebe2,food,1.00,맛집|메뉴|저녁|밥집|추천|데이트
b26fd2966a29ebe2,domestic_travel,0.25,추천|데이트
9c374eb2fce3ef2a,food,0.63,맛집|다이닝|추천
766431e81b5c3c84,food,0.38,맛집|추천
766431e81b5c3c84,domestic_travel,0.38,여행코스|추천
59b59b9273ee64db,food,1.00,맛집|고기|내돈내산|추천|데이트
59b59b9273ee64db,domestic_travel,0.25,추천|데이트
fe6309f5fb6634ce,food,1.00,맛집|점심|저녁|추천|후기|데이트
fe6309f5fb6634ce,domestic_travel,0.63,가볼만한곳|추천|후기|데이트
0163cff0a81edddf,food,0.50,맛집|추천|데이트
0163cff0a81edddf,domestic_travel,0.25,추천|데이트
4b02fd2cc4580cf8,food,0.38,맛집|추천
1992bd8bbb5ae082,food,0.38,맛집|추천
1992bd8bbb5ae082,domestic_travel,0.38,시장|추천
4a989ad949a489c9,food,0.38,맛집|추천
4a989ad949a489c9,domestic_travel,0.38,가볼만한곳|추천
b6779a2263292c3a,food,0.88,맛집|내돈내산|추천|후기|핫플
b6779a2263292c3a,domestic_travel,0.38,추천|후기|핫플
99e6ca6559754115,food,0.63,맛집|고기|추천
99e6ca6559754115,domestic_travel,0.38,시장|추천
56f3279d9a656170,food,0.63,맛집|점심|추천
f96ee9d07ac64de8,food,0.88,맛집|점심|웨이팅|추천
2d0fe55c3f943145,food,0.63,맛집|카페|추천
aef73324eecbc61e,food,0.50,맛집|추천|후기
aef73324eecbc61e,domestic_travel,0.25,추천|후기
3b97d5182da42be9,food,0.75,맛집|점심|방문|추천
3b97d5182da42be9,domestic_travel,0.25,방문|추천
f6755fd74207fdef,food,0.88,맛집|웨이팅|술집|추천
1240dc75f41d1442,food,0.50,맛집|추천|후기
1240dc75f41d1442,domestic_travel,0.25,추천|후기
b1ec7c7573c69be4,food,0.75,맛집|점심|추천|후기
b1ec7c7573c69be4,domestic_travel,0.25,추천|후기
4400e046546a73a8,food,1.00,맛집|카페|디저트|브런치|방문|추천
4400e046546a73a8,domestic_travel,0.25,방문|추천
a249f8ff24897201,food,0.63,맛집|방문|추천|후기
a249f8ff24897201,domestic_travel,0.63,시장|방문|추천|후기
664bb65435c4512b,food,0.50,맛집|추천|후기
664bb65435c4512b,domestic_travel,0.25,추천|후기
1b187b27d75336a9,food,0.75,맛집|점심|방문|추천
1b187b27d75336a9,domestic_travel,0.25,방문|추천
b7fedcaa5b86e93e,food,0.88,맛집|메뉴|추천|후기|데이트
b7fedcaa5b86e93e,domestic_travel,0.38,추천|후기|데이트
58c8da4c8308be55,food,0.63,맛집|술집|추천
19b0c5c63ad2f6dd,food,0.38,맛집|추천
19b0c5c63ad2f6dd,domestic_travel,0.38,숙소|추천
5daf5aaa7b91f16a,food,0.50,맛집|추천|후기
5daf5aaa7b91f16a,domestic_travel,0.50,시장|추천|후기
3dc90b54784212dd,food,1.00,맛집|메뉴|내돈내산|추천|후기
3dc90b54784212dd,domestic_travel,0.25,추천|후기
5e374f43e884ac8e,food,1.00,맛집|식당|고기|추천|데이트
5e374f43e884ac8e,domestic_travel,0.25,추천|데이트
5708dd7d69002d4f,food,0.38,맛집|추천
8d7100ad72d775f4,food,0.38,맛집|추천
317ab8c2e783aa92,food,0.75,맛집|내돈내산|방문|추천
317ab8c2e783aa92,domestic_travel,0.25,방문|추천
d5722d03907eced3,food,0.38,맛집|추천
4512000f4d55ab8c,food,0.63,맛집|내돈내산|추천
4287bdf09406f7b9,food,0.38,맛집|추천
e9e1c480b8152560,food,1.00,맛집|파스타|웨이팅|방문|추천
e9e1c480b8152560,domestic_travel,0.25,방문|추천
802191af8e2d652f,food,0.38,맛집|추천
b09fd906b088cff9,food,0.88,맛집|점심|라멘|추천
91a267956d6779d2,food,0.38,맛집|추천
c4b6b7096e7edeee,food,0.50,맛집|추천|데이트
c4b6b7096e7edeee,domestic_travel,0.25,추천|데이트
c1784dc9e0f2a238,food,0.38,맛집|추천
c1784dc9e0f2a238,domestic_travel,0.63,여행코스|바다|추천
adb5c60c3667fe10,food,0.75,맛집|점심|추천|데이트
adb5c60c3667fe10,domestic_travel,0.50,가볼만한곳|추천|데이트
a2f1990fc42bf3a9,food,1.00,맛집|점심|내돈내산|방문|추천|후기
a2f1990fc42bf3a9,domestic_travel,0.63,나들이|방문|추천|후기
62622c1a0fa7aafc,food,0.75,맛집|술집|추천|후기
62622c1a0fa7aafc,domestic_travel,0.25,추천|후기
a0636ec4285f0e2c,food,0.38,맛집|추천
376a44c0c48749f4,food,0.63,맛집|메뉴|추천
e85ad08dc1bec58f,food,0.75,맛집|메뉴|방문|추천
e85ad08dc1bec58f,domestic_travel,0.25,방문|추천
05af2d2c338b4d14,food,0.63,맛집|밥집|추천
16ea119879c7a4e9,food,0.50,맛집|방문|추천
16ea119879c7a4e9,domestic_travel,0.25,방문|추천
4596483e856f67fb,food,1.00,맛집|점심|고기|내돈내산|추천|후기
4596483e856f67fb,domestic_travel,0.25,추천|후기
c2c176c0654877ba,food,0.50,맛집|추천|데이트
c2c176c0654877ba,domestic_travel,0.25,추천|데이트
d5d4ca670dbdc40e,food,0.50,맛집|추천|데이트
d5d4ca670dbdc40e,domestic_travel,0.25,추천|데이트
08f9a0182b88d5d9,food,0.38,맛집|추천
ea4747633952a25f,food,0.38,메뉴|추천
f58306e50529281e,food,0.38,맛집|추천
1d5246773a8768e1,food,0.75,맛집|카페|방문|추천
1d5246773a8768e1,domestic_travel,0.25,방문|추천
5a0bea093d217f0d,food,1.00,맛집|내돈내산|술집|추천|데이트
5a0bea093d217f0d,domestic_travel,0.25,추천|데이트
415d1ed3f54ddca1,food,0.88,맛집|점심|추천|후기|데이트
415d1ed3f54ddca1,domestic_travel,0.38,추천|후기|데이트
7426f451efb56d95,food,1.00,맛집|메뉴|웨이팅|방문|추천|후기
7426f451efb56d95,domestic_travel,0.38,방문|추천|후기
f62f640140487ef0,food,0.75,맛집|점심|방문|추천
f62f640140487ef0,domestic_travel,0.25,방문|추천
0cab3f9f7fb0159c,food,0.63,맛집|고기|추천
b228287289622335,food,0.50,맛집|추천|후기
b228287289622335,domestic_travel,0.25,추천|후기
694f1650ce6fd8a3,food,0.50,맛집|추천|데이트
694f1650ce6fd8a3,domestic_travel,0.25,추천|데이트
3bc552089c3f0612,food,0.63,맛집|식당|추천
6dc8406d8f8618b6,food,0.63,맛집|카페|추천
c54b477707467861,food,0.63,맛집|고기|추천
fa7aad68830bf28b,food,0.75,맛집|식당|추천|데이트
fa7aad68830bf28b,domestic_travel,0.25,추천|데이트
ab0d9667ae1dfd8e,food,0.75,맛집|메뉴|추천|후기
ab0d9667ae1dfd8e,domestic_travel,0.25,추천|후기
6e913bd52f4eab74,food,0.38,맛집|추천
6e913bd52f4eab74,domestic_travel,0.38,시장|추천
1880094fbedcd9b4,food,0.88,맛집|카페|디저트|추천
1880094fbedcd9b4,domestic_travel,0.38,가볼만한곳|추천
b0ebed0e3bf36158,food,0.38,맛집|추천
d67112f7c072c16c,food,0.63,맛집|파스타|추천
dadee7ef788f8b75,food,0.63,맛집|카페|추천
8bd1e89fb0287282,food,0.63,맛집|저녁|추천
d2280cd097a52635,food,0.63,맛집|추천|후기|핫플
d2280cd097a52635,domestic_travel,0.38,추천|후기|핫플
c19a8ee98cb55c9b,food,0.25,카페
76f128178c5a7f49,food,0.75,맛집|술집|추천|데이트
76f128178c5a7f49,domestic_travel,0.25,추천|데이트
285fa4c426a2635d,food,0.38,맛집|추천
98ae5f12254188cb,food,0.88,맛집|점심|내돈내산|추천
38e8e00579a75319,food,0.63,맛집|고기|추천
09e787f791773e7c,food,0.63,맛집|식당|추천
09e787f791773e7c,domestic_travel,0.38,가볼만한곳|추천
a78b7aa48738af8a,food,0.88,맛집|점심|술집|추천
d285ab569caddefc,food,1.00,맛집|점심|밥집|추천|핫플
d285ab569caddefc,domestic_travel,0.50,가볼만한곳|추천|핫플
5b7707212b6226de,food,0.63,맛집|내돈내산|추천
312c5e40685b93d3,food,0.38,맛집|추천
0178df61333bba3e,food,0.75,맛집|식당|추천|데이트
0178df61333bba3e,domestic_travel,0.25,추천|데이트
18407ea6e55c2ad5,food,0.50,맛집|방문|추천
18407ea6e55c2ad5,domestic_travel,0.25,방문|추천
0a87295aad6dac85,food,1.00,맛집|식당|점심|추천|후기
0a87295aad6dac85,domestic_travel,0.25,추천|후기
e14b59ea6b7ac6f2,food,1.00,맛집|고기|내돈내산|술집|추천
bab76e2416159e06,food,0.25,저녁
eaa5f0486f0ceed5,food,0.75,맛집|고기|방문|추천
eaa5f0486f0ceed5,domestic_travel,0.25,방문|추천
a2addef31d438c49,food,0.50,맛집|방문|추천
a2addef31d438c49,domestic_travel,0.25,방문|추천
7f2109e378b04d5c,food,0.63,맛집|메뉴|추천
e8d2a0677d1df074,food,1.00,맛집|디저트|내돈내산|추천|후기
e8d2a0677d1df074,domestic_travel,0.25,추천|후기
f31d7f38168e3fba,food,1.00,맛집|식당|점심|추천|후기
f31d7f38168e3fba,domestic_travel,0.25,추천|후기
10bd7d94179b7d73,food,1.00,맛집|점심|라멘|밥집|추천
2910b7d1b9238e88,food,0.88,맛집|점심|저녁|추천
3c086f42e390645e,food,0.88,맛집|메뉴|술집|추천
ba70d71b719d38bd,food,0.63,맛집|메뉴|추천
c8f3857ee6dd132f,food,0.63,맛집|밥집|추천
7efc451448617f80,food,1.00,맛집|식당|내돈내산|추천|후기|데이트
7efc451448617f80,domestic_travel,0.63,가볼만한곳|추천|후기|데이트
5ce22d94f4fe4762,food,1.00,맛집|식당|메뉴|방문|추천
5ce22d94f4fe4762,domestic_travel,0.25,방문|추천
8c0b8117f21c974f,food,1.00,맛집|메뉴|고기|추천|데이트
8c0b8117f21c974f,domestic_travel,0.25,추천|데이트
d93dd65f32c91cbf,food,0.50,맛집|추천|후기
d93dd65f32c91cbf,domestic_travel,0.25,추천|후기
a15747c7a6ac0bd9,food,0.50,맛집|추천|후기
a15747c7a6ac0bd9,domestic_travel,0.25,추천|후기
9ae17d2fd927228d,food,0.88,맛집|카페|디저트|추천
dd60a981568077a9,food,0.63,맛집|추천|후기|데이트
dd60a981568077a9,domestic_travel,0.88,가볼만한곳|시장|추천|후기|데이트
0e4c0807a56558a0,food,0.75,맛집|웨이팅|추천|후기
0e4c0807a56558a0,domestic_travel,0.25,추천|후기
ffb7391ab2ba9aaa,food,0.63,맛집|고기|추천
6b354da32a7c4abf,food,0.50,맛집|추천|데이트
6b354da32a7c4abf,domestic_travel,0.75,주말여행|나들이|추천|데이트
f05f42ecd54e13da,food,1.00,맛집|메뉴|내돈내산|방문|추천|후기|데이트
f05f42ecd54e13da,domestic_travel,0.75,가볼만한곳|방문|추천|후기|데이트
520c499d8eb77f99,food,0.88,맛집|카페|추천|후기|데이트
520c499d8eb77f99,domestic_travel,0.63,나들이|추천|후기|데이트
f90aefe23ac23429,food,0.63,맛집|카페|추천
4183f556de63238e,food,0.63,맛집|고기|추천
216156abae0c88bc,food,0.88,맛집|고기|술집|추천
908a466ef2aa4acd,food,0.50,맛집|추천|데이트
908a466ef2aa4acd,domestic_travel,0.25,추천|데이트
ed2219835c85077d,food,0.63,맛집|메뉴|추천
c949ba020185847f,food,1.00,맛집|저녁|고기|추천|핫플|데이트
c949ba020185847f,domestic_travel,0.63,가볼만한곳|추천|데이트|핫플
c09a47a771820e98,food,1.00,맛집|저녁|고기|웨이팅|추천|데이트
c09a47a771820e98,domestic_travel,0.25,추천|데이트
cd6dfe35a68afbb8,food,0.50,맛집|추천|데이트
cd6dfe35a68afbb8,domestic_travel,0.25,추천|데이트
39a73ab5989685be,food,0.63,맛집|고기|추천
1a74edd6c87a30c0,food,0.75,맛집|점심|방문|추천
1a74edd6c87a30c0,domestic_travel,0.25,방문|추천
6255cc3ff5fc0043,food,0.38,맛집|추천
994c001b9b1a2e81,food,0.50,맛집|추천|후기
994c001b9b1a2e81,domestic_travel,0.25,추천|후기
51566145992c3943,food,0.38,맛집|추천
51566145992c3943,domestic_travel,0.38,가볼만한곳|추천
6940fa921d1f824e,food,0.75,맛집|식당|추천|후기
6940fa921d1f824e,domestic_travel,0.25,추천|후기
d1fed0df0429d741,food,0.38,맛집|추천
0c8608e122cd9c6a,food,0.50,맛집|추천|후기
0c8608e122cd9c6a,domestic_travel,0.25,추천|후기
68c0147760e04fa5,food,0.75,맛집|식당|추천|후기
68c0147760e04fa5,domestic_travel,0.25,추천|후기
5958fff7856e381e,food,0.75,맛집|점심|추천|후기
5958fff7856e381e,domestic_travel,0.25,추천|후기
5900b745e54a1917,food,0.75,맛집|고기|추천|후기
5900b745e54a1917,domestic_travel,0.25,추천|후기
4871b0f3177169e3,food,0.38,맛집|추천
6e0ba0b662fb80c0,food,0.75,맛집|다이닝|추천|데이트
6e0ba0b662fb80c0,domestic_travel,0.25,추천|데이트
ed3d57a244ba7554,food,1.00,맛집|점심|저녁|고기|추천|데이트
ed3d57a244ba7554,domestic_travel,0.25,추천|데이트
aea2b87d94c36abb,food,1.00,맛집|점심|고기|밥집|추천
d81a551844323161,food,0.38,맛집|추천
4d759d3b88b773dd,food,0.63,맛집|파스타|추천
51ffbeede6b66159,food,1.00,맛집|메뉴|브런치|내돈내산|추천|데이트
51ffbeede6b66159,domestic_travel,0.25,추천|데이트
f1c28db1b0877af1,food,0.38,맛집|추천
c1032894bf388645,food,0.75,맛집|점심|추천|후기
c1032894bf388645,domestic_travel,0.25,추천|후기
80d9badfe6f29612,food,1.00,맛집|고기|내돈내산|추천|데이트
80d9badfe6f29612,domestic_travel,0.25,추천|데이트
c47d2ff2eb4007a0,food,0.50,맛집|방문|추천
c47d2ff2eb4007a0,domestic_travel,0.25,방문|추천
58c307e34fec5550,food,0.63,맛집|식당|추천
8b009a14e5fb3cb1,food,0.63,맛집|메뉴|추천
56edf0fcbb5b580b,food,0.50,맛집|방문|추천
56edf0fcbb5b580b,domestic_travel,0.25,방문|추천
fd2890d15aba7793,food,0.75,맛집|식당|추천|핫플
fd2890d15aba7793,domestic_travel,0.50,가볼만한곳|추천|핫플
d3f52dedd028eec4,food,1.00,맛집|카페|디저트|추천|후기
d3f52dedd028eec4,domestic_travel,0.25,추천|후기
412726b9a0d75d89,food,0.50,맛집|추천|후기
412726b9a0d75d89,domestic_travel,0.25,추천|후기
b84d91ee9841296a,food,0.88,맛집|식당|파스타|추천
184566c528ad8de4,food,0.50,맛집|추천|후기
184566c528ad8de4,domestic_travel,0.25,추천|후기
577893f55dc042cd,food,0.88,맛집|점심|밥집|추천
e944541956b0f5be,food,1.00,맛집|내돈내산|술집|추천|후기|데이트
e944541956b0f5be,domestic_travel,0.88,가볼만한곳|여행코스|추천|후기|데이트
96cf8aef7bcf4c65,food,0.63,맛집|추천|후기|데이트
96cf8aef7bcf4c65,domestic_travel,0.38,추천|후기|데이트
106ae90362171b03,food,1.00,맛집|점심|저녁|고기|내돈내산|추천|후기
106ae90362171b03,domestic_travel,0.25,추천|후기
a99286053ca61f64,food,1.00,맛집|내돈내산|밥집|추천|후기
a99286053ca61f64,domestic_travel,0.25,추천|후기
baf32be4ff879272,food,1.00,맛집|점심|저녁|고기|밥집|추천
b6ff220d9510ee04,food,0.75,맛집|저녁|추천|데이트
b6ff220d9510ee04,domestic_travel,0.50,가볼만한곳|추천|데이트
593a60265f6e42d6,food,0.88,맛집|메뉴|저녁|추천
552b079df42c575c,food,0.63,맛집|점심|추천
b306d2f9ee0985f7,food,0.63,맛집|메뉴|추천
5f40279f266bb455,food,0.38,맛집|추천
19c466124af552f3,food,0.88,맛집|식당|고기|추천
19c466124af552f3,domestic_travel,0.38,가볼만한곳|추천
6ae5d6ba128e174f,food,0.75,맛집|술집|방문|추천
6ae5d6ba128e174f,domestic_travel,0.25,방문|추천
5c193f25ad21bcbf,food,0.38,맛집|추천
f684543f447fd24a,food,0.63,맛집|내돈내산|추천
e1d67c80bc441049,food,0.50,맛집|방문|추천
e1d67c80bc441049,domestic_travel,0.25,방문|추천
feb16659a0ee69c3,food,0.63,맛집|메뉴|추천
28bef62f83a66b07,food,1.00,맛집|내돈내산|밥집|추천|후기|데이트
28bef62f83a66b07,domestic_travel,0.38,추천|후기|데이트
d3d8187084ba9c61,food,0.88,맛집|술집|방문|추천|후기
d3d8187084ba9c61,domestic_travel,0.38,방문|추천|후기
9b5c47cbd72820a7,food,0.75,맛집|라멘|추천|후기
9b5c47cbd72820a7,domestic_travel,0.25,추천|후기
e4cbdaae2bdcc472,food,0.38,맛집|데이트
0fd8538be6637e4b,food,0.63,맛집|술집|추천
0fd8538be6637e4b,domestic_travel,0.38,시장|추천
9abc597ab111fffa,food,0.75,맛집|디저트|추천|후기
9abc597ab111fffa,domestic_travel,0.75,가볼만한곳|여행코스|추천|후기
b8a5ed2d6cf3f80f,food,0.88,맛집|메뉴|술집|추천
9efe7722ea8d3788,food,1.00,맛집|파스타|카페|브런치|추천
d1145bc520cd39ec,food,0.50,맛집|추천|후기
d1145bc520cd39ec,domestic_travel,0.25,추천|후기
bc5dd4808f0678f8,food,0.63,맛집|식당|추천
7fc3d8ae3e5d3370,food,0.63,맛집|라멘|추천
79838a628b787eec,food,0.63,맛집|추천|후기|데이트
79838a628b787eec,domestic_travel,0.38,추천|후기|데이트
bec8ab654a7133f0,food,0.38,맛집|추천
3b2cf0712a738fe8,food,0.38,맛집|추천
7049b485ee15d8ea,food,0.50,메뉴|추천|데이트
7049b485ee15d8ea,domestic_travel,0.25,추천|데이트
41f192c161648d2a,food,0.38,맛집|추천
52b83b81db8ed684,food,0.38,맛집|추천
1396f1d03e6527a1,food,0.75,맛집|라멘|방문|추천
1396f1d03e6527a1,domestic_travel,0.25,방문|추천
a86ebdc3cfa899d8,food,0.88,맛집|식당|고기|추천
7cc060dd90bdcd15,food,0.88,맛집|내돈내산|방문|추천|후기
7cc060dd90bdcd15,domestic_travel,0.63,해변|방문|추천|후기
afc1f58a4c854154,food,1.00,맛집|점심|고기|방문|추천
afc1f58a4c854154,domestic_travel,0.25,방문|추천
304ed732b17a299b,food,0.50,맛집|추천|후기
304ed732b17a299b,domestic_travel,0.50,숙소|추천|후기
02f1e471d4e732e9,food,0.63,맛집|방문|추천|데이트
02f1e471d4e732e9,domestic_travel,0.38,방문|추천|데이트
bacca82ec673ef81,food,0.88,맛집|라멘|웨이팅|추천
8519b87fce0d93ac,food,0.38,맛집|추천
0af0763c9b884244,food,0.63,맛집|웨이팅|추천
f42f20be6514024e,food,0.50,맛집|방문|추천
f42f20be6514024e,domestic_travel,0.25,방문|추천
fae1d5ded1ef75cd,food,1.00,맛집|카페|디저트|방문|추천|핫플
fae1d5ded1ef75cd,domestic_travel,0.38,방문|추천|핫플
5ada1412c8c529b3,food,0.63,맛집|브런치|추천
cf4a20e5065c01f1,food,0.38,맛집|추천
6f908fde5274128f,food,0.75,맛집|밥집|방문|추천
6f908fde5274128f,domestic_travel,0.25,방문|추천
d0a79dc7bb24dd8c,food,0.75,맛집|술집|방문|추천
d0a79dc7bb24dd8c,domestic_travel,0.25,방문|추천
080f61fabebaa856,food,1.00,맛집|식당|내돈내산|술집|추천
0e18be6c2fe1f6d6,food,0.63,맛집|고기|추천
8b318b0651c5e850,food,1.00,맛집|고기|밥집|술집|추천|핫플
8b318b0651c5e850,domestic_travel,0.25,추천|핫플
27b5909e9cab649e,food,0.38,맛집|추천
3e8ff9c62f80cece,food,1.00,맛집|메뉴|내돈내산|웨이팅|추천
afa17d5a7a2051f0,food,0.38,맛집|추천
7441c323217af8fc,food,0.38,맛집|추천
94e361664731ec9d,food,0.75,맛집|저녁|추천|데이트
94e361664731ec9d,domestic_travel,0.50,시장|추천|데이트
c54c4a1416f8e77b,food,0.63,맛집|카페|추천
c54c4a1416f8e77b,domestic_travel,0.38,가볼만한곳|추천
ec407991aaf45cf1,food,0.63,맛집|웨이팅|추천
e44263baa82f9d98,food,0.75,맛집|디저트|추천|후기
e44263baa82f9d98,domestic_travel,0.75,여행코스|시장|추천|후기
ebba2113eef4b0cb,food,0.25,맛집
30b8f884b16704ee,food,0.75,맛집|고기|추천|후기
30b8f884b16704ee,domestic_travel,0.25,추천|후기
90de03c0989fb2d1,food,1.00,맛집|점심|저녁|추천|핫플|데이트
90de03c0989fb2d1,domestic_travel,0.38,추천|데이트|핫플
1323bd79ca54ef36,food,1.00,맛집|내돈내산|술집|추천|데이트
1323bd79ca54ef36,domestic_travel,0.50,시장|추천|데이트
fc705c4eed136800,food,0.75,맛집|고기|추천|데이트
fc705c4eed136800,domestic_travel,0.50,가볼만한곳|추천|데이트
380071ed5a38c533,food,0.50,맛집|방문|추천
380071ed5a38c533,domestic_travel,0.25,방문|추천
277cbff8fda224b1,food,0.38,맛집|추천
994deb9935ab806a,food,1.00,맛집|식당|점심|브런치|추천
e46ca7769040339b,food,0.63,맛집|내돈내산|추천
e46ca7769040339b,domestic_travel,0.38,시장|추천
7491330bba2a29e4,food,0.75,맛집|메뉴|추천|데이트
7491330bba2a29e4,domestic_travel,0.25,추천|데이트
ec41af563bf6f0ab,food,1.00,맛집|식당|메뉴|점심|밥집|방문|추천
ec41af563bf6f0ab,domestic_travel,0.25,방문|추천
61dcf7392c0e577b,food,0.25,맛집
3d089badb60c45ae,food,0.38,맛집|데이트
58e90733ea0682de,food,0.88,맛집|고기|추천|후기|데이트
58e90733ea0682de,domestic_travel,0.38,추천|후기|데이트
2d5906ed59f0d731,food,1.00,맛집|저녁|고기|내돈내산|추천|후기|핫플
2d5906ed59f0d731,domestic_travel,0.38,추천|후기|핫플
7865bfcd8216b98f,food,1.00,맛집|카페|디저트|브런치|웨이팅|추천|핫플
7865bfcd8216b98f,domestic_travel,0.25,추천|핫플
a4ef6b74c64a80b8,food,0.63,맛집|추천|후기|데이트
a4ef6b74c64a80b8,domestic_travel,0.63,가볼만한곳|추천|후기|데이트
f1be0f5b7338099a,food,1.00,맛집|점심|밥집|추천|후기
f1be0f5b7338099a,domestic_travel,0.25,추천|후기
bfb4d3337fad0048,food,0.38,맛집|추천
c02a73d1801a2c4b,food,0.63,맛집|점심|추천
22a3f8c538fde1aa,food,0.75,맛집|카페|방문|추천
22a3f8c538fde1aa,domestic_travel,0.25,방문|추천
9f18791b7e9bc983,food,0.38,맛집|추천
ab722fb96b517f62,food,0.63,맛집|고기|추천
8abb27d12e81d044,food,1.00,맛집|식당|파스타|방문|추천|데이트
8abb27d12e81d044,domestic_travel,0.38,방문|추천|데이트
709bfd24c378ebb9,food,0.50,맛집|추천|후기
709bfd24c378ebb9,domestic_travel,0.50,여행코스|추천|후기
ce3cc5d3954f6b0c,food,1.00,맛집|식당|점심|저녁|추천
99c136635f9b01a9,food,0.50,맛집|방문|추천
99c136635f9b01a9,domestic_travel,0.25,방문|추천
b69a43f86919353e,food,1.00,맛집|식당|메뉴|저녁|내돈내산|추천|후기
b69a43f86919353e,domestic_travel,0.50,시장|추천|후기
f477c9c749f2e75d,food,0.50,맛집|추천|후기
f477c9c749f2e75d,domestic_travel,0.25,추천|후기
e9102f38bdec933d,food,0.75,맛집|내돈내산|추천|데이트
e9102f38bdec933d,domestic_travel,0.25,추천|데이트
fec7b253418e003e,food,0.63,맛집|저녁|추천
2c1aa5a0c2a85025,food,0.63,맛집|카페|추천
236f64a59f3aca50,food,0.75,맛집|점심|추천|후기
236f64a59f3aca50,domestic_travel,0.75,가볼만한곳|시장|추천|후기
01b6cf01f6ce9586,food,0.50,맛집|방문|추천
01b6cf01f6ce9586,domestic_travel,0.25,방문|추천
d2a40667e2303c50,food,0.75,맛집|내돈내산|추천|후기
d2a40667e2303c50,domestic_travel,0.25,추천|후기
f81a92334e234f2d,food,0.75,맛집|파스타|추천|데이트
f81a92334e234f2d,domestic_travel,0.50,가볼만한곳|추천|데이트
0308d32e1293947d,food,0.63,맛집|식당|추천
0308d32e1293947d,domestic_travel,0.38,가볼만한곳|추천
4e2e03c278734714,food,1.00,맛집|점심|고기|웨이팅|추천|후기|데이트
4e2e03c278734714,domestic_travel,0.38,추천|후기|데이트
abb26f294cc2b42f,food,0.63,맛집|웨이팅|추천
ba3c0d4c733c0917,food,0.63,맛집|점심|추천
417b891ba370d129,food,1.00,맛집|점심|저녁|웨이팅|추천|후기|핫플|데이트
417b891ba370d129,domestic_travel,1.00,국내여행|여행코스|추천|후기|데이트|핫플
8470704e1c6275b5,food,1.00,맛집|술집|추천|후기|핫플|데이트
8470704e1c6275b5,domestic_travel,0.50,추천|후기|데이트|핫플
528d338ba5373761,food,0.38,맛집|추천
922b394bc4d3c31d,food,1.00,맛집|카페|디저트|내돈내산|추천|후기|핫플|데이트
922b394bc4d3c31d,domestic_travel,0.75,가볼만한곳|추천|후기|데이트|핫플
08df36d21ef97a50,food,0.75,맛집|웨이팅|추천|후기
08df36d21ef97a50,domestic_travel,0.25,추천|후기
4745092513828551,food,1.00,맛집|점심|저녁|추천|데이트
4745092513828551,domestic_travel,0.25,추천|데이트
c61b2a76793bfba0,food,0.88,맛집|밥집|추천|후기|핫플
c61b2a76793bfba0,domestic_travel,0.63,가볼만한곳|추천|후기|핫플
7340bb49918da90b,food,1.00,맛집|메뉴|점심|방문|추천
7340bb49918da90b,domestic_travel,0.25,방문|추천
d9edc1f67664071d,food,0.75,맛집|메뉴|추천|후기
d9edc1f67664071d,domestic_travel,0.25,추천|후기
7f6aabbfc71cebd0,food,1.00,맛집|메뉴|추천|후기|핫플|데이트
7f6aabbfc71cebd0,domestic_travel,0.75,시장|추천|후기|데이트|핫플
e0838d766afe41ea,food,0.38,맛집|추천
c1a6e019745fda60,food,0.50,맛집|방문|추천
c1a6e019745fda60,domestic_travel,0.25,방문|추천
5aed8c7545258014,food,0.38,맛집|추천
e5d8e3a4061b176f,food,0.88,맛집|메뉴|고기|추천
a669b80fc8a875ee,food,0.50,맛집|방문|추천
a669b80fc8a875ee,domestic_travel,0.25,방문|추천
b4702d4f074d1aa2,food,0.38,맛집|추천
992050ef92c94297,food,0.25,추천|후기
992050ef92c94297,domestic_travel,0.25,추천|후기
e20f20d0cae96e48,food,0.38,맛집|추천
3b5a235bc030d7cb,food,0.50,맛집|방문|추천
3b5a235bc030d7cb,domestic_travel,0.25,방문|추천
db35793d0ec4f505,food,1.00,맛집|메뉴|고기|추천|핫플|데이트
db35793d0ec4f505,domestic_travel,0.63,가볼만한곳|추천|데이트|핫플
f7ea0b558d40523d,food,0.75,맛집|술집|방문|추천
f7ea0b558d40523d,domestic_travel,0.25,방문|추천
f8251363a6c6b880,food,0.63,맛집|내돈내산|추천
9793437f553c6ab5,food,0.63,맛집|저녁|추천
f5c23c9f4f96c54e,food,0.88,맛집|식당|라멘|추천
0884ea17478d098c,food,0.50,맛집|추천|후기
0884ea17478d098c,domestic_travel,0.25,추천|후기
46fab7e6fb88a17a,food,0.38,맛집|추천
deb7ea055c0020d2,food,0.75,맛집|방문|추천|후기|핫플
deb7ea055c0020d2,domestic_travel,0.75,가볼만한곳|방문|추천|후기|핫플
072204251bb0263b,food,0.88,맛집|술집|방문|추천|데이트
072204251bb0263b,domestic_travel,0.38,방문|추천|데이트
d39e98c1da32215d,food,0.63,맛집|점심|추천
1094a0bdf7ec09af,food,0.63,맛집|술집|추천
57979eee77f0657c,food,0.63,맛집|고기|추천
db1b402a87b7eb43,food,0.38,맛집|추천
db1b402a87b7eb43,domestic_travel,0.38,바다|추천
4b57a5b16e28b221,food,0.88,맛집|내돈내산|방문|추천|후기
4b57a5b16e28b221,domestic_travel,0.38,방문|추천|후기
aadf77e57dfb680e,food,0.50,맛집|추천|후기
aadf77e57dfb680e,domestic_travel,0.50,나들이|추천|후기
628d2d5a8bc44d8e,food,0.63,맛집|카페|추천
2fc7bdfcc709059f,food,0.63,맛집|내돈내산|추천
990095bed3bfe12c,food,0.38,맛집|추천
990095bed3bfe12c,domestic_travel,0.38,여행코스|추천
a81ef96621c269ed,food,0.63,맛집|고기|추천
b9288b389f938f38,food,1.00,맛집|식당|내돈내산|웨이팅|추천|후기
b9288b389f938f38,domestic_travel,0.25,추천|후기
ed51b446d7ea34ee,food,0.75,맛집|저녁|추천|데이트
ed51b446d7ea34ee,domestic_travel,0.25,추천|데이트
c11a97cbeb068796,food,0.75,맛집|내돈내산|추천|데이트
c11a97cbeb068796,domestic_travel,0.25,추천|데이트
de72453a5478c5af,food,0.63,맛집|식당|후기
2bb715c7a250b2c0,food,0.25,방문|추천
2bb715c7a250b2c0,domestic_travel,0.25,방문|추천
43a970122c9e448b,food,0.38,맛집|추천
667bd79add130881,food,0.88,맛집|식당|내돈내산|추천
72a98e4fde23a392,food,0.63,맛집|고기|추천
72a98e4fde23a392,domestic_travel,0.38,바다|추천
2b43c0661cb1863f,food,0.63,맛집|메뉴|추천
2b43c0661cb1863f,domestic_travel,0.38,당일치기|추천
4d9695f0436646df,food,0.38,맛집|추천
23a6eeaa65a3aea9,food,0.63,맛집|점심|추천
87fd3564a66c3ccb,food,0.63,맛집|웨이팅|추천
db2c7fde7ac05470,food,1.00,맛집|저녁|방문|추천|후기|데이트
db2c7fde7ac05470,domestic_travel,0.75,가볼만한곳|방문|추천|후기|데이트
d90b31c5edabc558,food,0.50,맛집|추천|후기
d90b31c5edabc558,domestic_travel,0.25,추천|후기
184c336515e0721e,food,0.88,맛집|점심|저녁|추천
1989bdf57479c665,food,0.38,맛집|추천
1989bdf57479c665,domestic_travel,0.38,가볼만한곳|추천
3c70d52d1a6896a6,food,0.63,맛집|추천|핫플|데이트
3c70d52d1a6896a6,domestic_travel,0.63,가볼만한곳|추천|데이트|핫플
95aa4e6d4a7fcdcc,food,1.00,맛집|메뉴|카페|내돈내산|추천
56acc3731e3970dd,food,0.38,맛집|추천
56acc3731e3970dd,domestic_travel,0.38,시장|추천
87a078bf7bf048f8,food,1.00,맛집|카페|디저트|방문|추천
87a078bf7bf048f8,domestic_travel,0.25,방문|추천
ef32f42223fe08cc,food,0.50,맛집|추천|후기
ef32f42223fe08cc,domestic_travel,0.25,추천|후기
1b250b28efb502d1,food,1.00,맛집|식당|메뉴|추천|후기
1b250b28efb502d1,domestic_travel,0.25,추천|후기
4b20a5b9c5a13956,food,0.38,맛집|추천
4f64761fe4f7dd3d,food,0.50,맛집|추천|데이트
4f64761fe4f7dd3d,domestic_travel,0.25,추천|데이트
54fdb4c35e4ca25c,food,0.63,맛집|점심|추천
f7339c807408877b,food,0.25,맛집
f7339c807408877b,domestic_travel,0.50,가볼만한곳|시장
dc0e830966d27979,food,0.38,맛집|추천
2f91020e95a1c6e4,food,1.00,맛집|고기|내돈내산|웨이팅|술집|추천|후기|데이트
2f91020e95a1c6e4,domestic_travel,0.38,추천|후기|데이트
db5d8e729b86a9c7,food,0.50,맛집|추천|후기
db5d8e729b86a9c7,domestic_travel,0.25,추천|후기
496810f0b73f71b1,food,0.63,맛집|메뉴|추천
a8a54b07cc3c4b48,food,1.00,맛집|메뉴|저녁|웨이팅|추천
ba5d7987145577fa,food,0.88,맛집|고기|내돈내산|추천
76c8ee5d41651c6e,food,0.50,맛집|추천|후기
76c8ee5d41651c6e,domestic_travel,0.25,추천|후기
7f147ccf2e7e4251,food,0.25,추천|후기
7f147ccf2e7e4251,domestic_travel,0.25,추천|후기
5e1e940265c9eea9,food,1.00,맛집|점심|라멘|방문|추천|데이트
5e1e940265c9eea9,domestic_travel,0.38,방문|추천|데이트
f67c38e2afdb40b3,food,0.63,맛집|카페|추천
12d4b84203fef6dc,food,0.50,맛집|추천|후기
12d4b84203fef6dc,domestic_travel,0.25,추천|후기
eb0f2038a06038e3,food,0.63,맛집|점심|추천
b3c56c4930daaa65,food,0.88,맛집|식당|파스타|추천
f657f8c4f254a344,food,0.38,맛집|추천
4ce5bdc2da6a5c44,food,0.50,맛집|추천|데이트
4ce5bdc2da6a5c44,domestic_travel,0.25,추천|데이트
1d402d76775c76d3,food,0.38,맛집|추천
b5413b5307e5e489,food,0.75,맛집|점심|방문|추천
b5413b5307e5e489,domestic_travel,0.50,나들이|방문|추천
df62acdf65d46a14,food,0.88,맛집|브런치|방문|추천|후기
df62acdf65d46a14,domestic_travel,0.38,방문|추천|후기
ee74e9d8c0384b85,food,0.63,맛집|메뉴|추천
0aa154afb9afce01,food,0.38,맛집|추천
04c4b8212d4b8796,food,0.63,맛집|메뉴|추천
29c3529dc12a3d19,food,0.50,맛집|방문|추천
29c3529dc12a3d19,domestic_travel,0.25,방문|추천
593f6c830aec4b91,food,1.00,맛집|저녁|고기|추천|핫플|데이트
593f6c830aec4b91,domestic_travel,0.38,추천|데이트|핫플
8b21a5483e28b187,food,0.63,맛집|방문|추천|핫플
8b21a5483e28b187,domestic_travel,0.38,방문|추천|핫플
43f9acbf157aefb7,food,1.00,맛집|저녁|고기|방문|추천
43f9acbf157aefb7,domestic_travel,0.25,방문|추천
4467edb6dfa1327d,food,1.00,맛집|점심|저녁|추천|데이트
4467edb6dfa1327d,domestic_travel,0.50,가볼만한곳|추천|데이트
4350df05a54934b8,food,0.38,맛집|추천
5867cc778eb9f747,food,0.63,맛집|고기|추천
76bf81ac09734c15,food,0.38,맛집|추천
6277b31560a06964,food,0.50,맛집|추천|후기
6277b31560a06964,domestic_travel,0.25,추천|후기
281d4acdd1b27fb2,food,1.00,맛집|메뉴|브런치|추천|후기|데이트
281d4acdd1b27fb2,domestic_travel,0.38,추천|후기|데이트
b063bc592f95750e,food,0.38,맛집|추천
d48dfe42143e6acd,food,0.38,맛집|후기
c471ecf7a8c14f5d,food,0.88,맛집|점심|내돈내산|추천
51b9d2f6d227c5f4,food,0.75,맛집|술집|추천|데이트
51b9d2f6d227c5f4,domestic_travel,0.25,추천|데이트
934e8dfc59855a48,food,1.00,맛집|식당|저녁|추천|후기
934e8dfc59855a48,domestic_travel,0.25,추천|후기
6049ab89fe486a18,food,0.38,맛집|추천
6e5f715d6c949243,food,1.00,맛집|식당|점심|저녁|추천|데이트
6e5f715d6c949243,domestic_travel,0.25,추천|데이트
643a551dbd069a22,food,0.38,맛집|추천
0260e0b7e2a28324,food,0.75,맛집|브런치|추천|후기
0260e0b7e2a28324,domestic_travel,0.25,추천|후기
d8ee0f223c208736,food,1.00,맛집|식당|메뉴|내돈내산|추천
9d33f89dd38aa7bb,food,0.63,맛집|내돈내산|추천
130c48a63dc492ab,food,0.88,맛집|웨이팅|방문|추천|핫플
130c48a63dc492ab,domestic_travel,0.38,방문|추천|핫플
041bf6f557d7e8a1,food,1.00,맛집|파스타|카페|내돈내산|추천|후기|핫플|데이트
041bf6f557d7e8a1,domestic_travel,0.75,가볼만한곳|추천|후기|데이트|핫플
3f78e8fb0b96f543,food,0.50,맛집|추천|후기
3f78e8fb0b96f543,domestic_travel,0.50,바다|추천|후기
428a3981ef583c3c,food,0.38,맛집|추천
a2bd50543b36869b,food,0.50,맛집|추천|데이트
a2bd50543b36869b,domestic_travel,0.25,추천|데이트
1fda0a2b7afc0ff5,food,0.38,맛집|추천
9e26d98bdd56f343,food,0.38,맛집|추천
6def1e21e34d7849,food,1.00,맛집|메뉴|저녁|방문|추천
6def1e21e34d7849,domestic_travel,0.25,방문|추천
30a738d9e94f1fd3,food,0.88,맛집|식당|내돈내산|추천
6318ae993ff62912,food,0.38,맛집|추천
8b6917c4cfeed525,food,0.38,맛집|추천
8b6917c4cfeed525,domestic_travel,0.38,나들이|추천
4211d32d328fc775,food,0.38,맛집|추천
4211d32d328fc775,domestic_travel,0.38,시장|추천
68ab687c1542f9b6,food,0.63,맛집|술집|추천
49e45fea6e075ef8,food,0.50,맛집|추천|후기
49e45fea6e075ef8,domestic_travel,0.25,추천|후기
bff575285bab4ce1,food,0.50,맛집|추천|후기
bff575285bab4ce1,domestic_travel,0.50,가볼만한곳|추천|후기
609e5ae7ae5ab132,food,0.75,맛집|식당|방문|추천
609e5ae7ae5ab132,domestic_travel,0.25,방문|추천
ed10d8144c62dd8d,food,1.00,맛집|식당|메뉴|점심|추천|데이트
ed10d8144c62dd8d,domestic_travel,0.25,추천|데이트
be54902c13650aaf,food,0.63,맛집|방문|추천|데이트
be54902c13650aaf,domestic_travel,0.38,방문|추천|데이트
29ab6617c30407bd,food,0.50,맛집|추천|후기
29ab6617c30407bd,domestic_travel,0.25,추천|후기
c76cd9d7eb538dfe,food,1.00,맛집|메뉴|파스타|추천|핫플
c76cd9d7eb538dfe,domestic_travel,0.25,추천|핫플
c1108bbe8517fb7d,food,1.00,맛집|내돈내산|술집|추천|후기
c1108bbe8517fb7d,domestic_travel,0.25,추천|후기
4175c05be74ddf02,food,1.00,맛집|메뉴|파스타|방문|추천|데이트
4175c05be74ddf02,domestic_travel,0.38,방문|추천|데이트
2a9973241cce786d,food,0.75,맛집|고기|방문|추천
2a9973241cce786d,domestic_travel,0.25,방문|추천
154b83da1bc60b51,food,0.38,맛집|추천
a2a899876bf7739d,food,0.50,맛집|방문|추천
a2a899876bf7739d,domestic_travel,0.25,방문|추천
3d4f6c04d9267cae,food,0.63,맛집|방문|추천|데이트
3d4f6c04d9267cae,domestic_travel,0.63,가볼만한곳|방문|추천|데이트
8e28b7196f8122fd,food,0.63,맛집|술집|추천
b3b6d6f57e40e939,food,0.88,맛집|메뉴|점심|추천
28a73314ce3bd2fe,food,0.88,맛집|식당|내돈내산|추천
bc59aed053708d48,food,0.88,맛집|점심|방문|추천|후기
bc59aed053708d48,domestic_travel,0.38,방문|추천|후기
8d294d3a8fcd016e,food,0.63,맛집|점심|추천
e4198c24417d05cf,food,0.63,맛집|메뉴|추천
d59facfc5f20e7da,food,0.38,맛집|추천
6002495ca8ae4719,food,0.75,맛집|내돈내산|추천|후기
6002495ca8ae4719,domestic_travel,0.50,시장|추천|후기
1f1775901fbe10f7,food,0.38,맛집|추천
1f1775901fbe10f7,domestic_travel,0.38,시장|추천
1f28202b3dc76717,food,0.38,맛집|추천
2b3128c9525d5b65,food,0.63,맛집|고기|추천
67710e414f887e3a,food,0.63,맛집|방문|추천|데이트
67710e414f887e3a,domestic_travel,0.38,방문|추천|데이트
694767db4f06bab2,food,0.38,맛집|추천
3c677ae94dbd12d7,food,0.38,맛집|추천
18115b7d1dc21089,food,0.38,맛집|추천
8e1d60a7b4e87674,food,0.50,맛집|추천|데이트
8e1d60a7b4e87674,domestic_travel,0.25,추천|데이트
294315632a7d3a5a,food,0.63,맛집|저녁|추천
294315632a7d3a5a,domestic_travel,0.38,숙소|추천
e2613493add2bf02,food,0.88,맛집|내돈내산|웨이팅|추천
5310363c18962d43,food,0.63,맛집|메뉴|추천
ece56b621c865c87,food,0.63,맛집|식당|추천
c9a0504e1756d124,food,0.88,맛집|메뉴|내돈내산|추천
595709fbaa652c0e,food,0.63,맛집|술집|추천
13dc11b6f0266cf9,food,0.63,맛집|라멘|추천
4291dd7419a92ba7,food,0.63,맛집|식당|추천
94a792f95f8eaede,food,0.75,맛집|메뉴|추천|후기
94a792f95f8eaede,domestic_travel,0.25,추천|후기
1a471e0c51e8df9b,food,0.63,맛집|라멘|추천
fae0cce31086bbc7,food,0.88,맛집|저녁|추천|핫플|데이트
fae0cce31086bbc7,domestic_travel,0.63,가볼만한곳|추천|데이트|핫플
b8d82991ed463323,food,0.38,맛집|추천
473e00a2a16d0a0f,food,0.38,맛집|추천
9eb5eab9ef55fedf,food,0.38,맛집|추천
c6d0fb1a81546195,food,0.63,맛집|방문|추천|후기
c6d0fb1a81546195,domestic_travel,0.38,방문|추천|후기
8a700d77da3363b7,food,0.75,맛집|저녁|추천|데이트
8a700d77da3363b7,domestic_travel,0.25,추천|데이트
ec13f91f11e5af94,food,0.75,맛집|저녁|추천|데이트
ec13f91f11e5af94,domestic_travel,0.25,추천|데이트
248eb812b951935c,food,0.75,맛집|웨이팅|추천|후기
248eb812b951935c,domestic_travel,0.25,추천|후기
baddddf13c648e79,food,0.75,맛집|방문|추천|후기|데이트
baddddf13c648e79,domestic_travel,0.50,방문|추천|후기|데이트
9ef957827ce91d6f,food,0.38,맛집|추천
b60251c2f9d4fcd0,food,0.75,맛집|내돈내산|추천|핫플
b60251c2f9d4fcd0,domestic_travel,0.50,가볼만한곳|추천|핫플
b5bdf8f99fdf61e8,food,1.00,맛집|점심|카페|추천|데이트
b5bdf8f99fdf61e8,domestic_travel,0.25,추천|데이트
49aad09f203fa660,food,0.38,맛집|추천
427cbb082ec87552,food,0.38,맛집|추천
1e9aee90fa528346,food,0.50,맛집|추천|핫플
1e9aee90fa528346,domestic_travel,0.25,추천|핫플
8b0fa9d20567141d,food,1.00,맛집|카페|디저트|방문|추천|후기
8b0fa9d20567141d,domestic_travel,0.38,방문|추천|후기
6d1d6548716a19b4,food,0.88,맛집|저녁|고기|추천
15eeeadf1a29445b,food,0.75,맛집|술집|방문|추천
15eeeadf1a29445b,domestic_travel,0.25,방문|추천
71bd1f60d3d40967,food,1.00,맛집|고기|내돈내산|방문|추천
71bd1f60d3d40967,domestic_travel,0.25,방문|추천
f1ec0a1f92b0bb41,food,0.63,맛집|방문|추천|데이트
f1ec0a1f92b0bb41,domestic_travel,0.38,방문|추천|데이트
46d07fa705706a44,food,0.63,식당|고기|추천
c16c6309149e0cd7,food,0.38,맛집|추천
714168c59752fbf6,food,0.63,맛집|내돈내산|추천
007ad6fdb844a823,food,0.63,맛집|식당|추천
254b8a8c9f4d3402,food,1.00,맛집|메뉴|점심|고기|추천
ae94d44f8920956d,food,0.88,맛집|식당|저녁|추천
ddc77e15a2d59797,food,0.88,맛집|파스타|방문|추천|후기
ddc77e15a2d59797,domestic_travel,0.38,방문|추천|후기
bb984138a9e444c0,food,0.50,맛집|추천|데이트
bb984138a9e444c0,domestic_travel,0.25,추천|데이트
de59d65c27e5dfa8,food,0.63,맛집|추천|후기|데이트
de59d65c27e5dfa8,domestic_travel,0.38,추천|후기|데이트
e6ae3ba7f57004ec,food,0.38,맛집|추천
51722a308bb9b6f8,food,0.88,맛집|점심|저녁|추천
51722a308bb9b6f8,domestic_travel,0.38,여행코스|추천
cda04044254335d1,food,1.00,맛집|점심|카페|브런치|내돈내산|추천|후기
cda04044254335d1,domestic_travel,0.25,추천|후기
5d5a8173202d6184,food,0.50,맛집|추천|후기
5d5a8173202d6184,domestic_travel,0.25,추천|후기
f8344626bb6fe3ad,food,0.50,맛집|추천|후기
f8344626bb6fe3ad,domestic_travel,0.25,추천|후기
33913123064ba58a,food,0.88,맛집|카페|디저트|추천
93a44046bce69ddc,food,1.00,맛집|식당|다이닝|추천|핫플|데이트
93a44046bce69ddc,domestic_travel,0.38,추천|데이트|핫플
6f41dea985247361,food,0.50,맛집|방문|추천
6f41dea985247361,domestic_travel,0.25,방문|추천
f5c98cc50bfe8e4a,food,0.63,맛집|내돈내산|추천
f5c98cc50bfe8e4a,domestic_travel,0.38,가볼만한곳|추천
09bc1512c1f6930f,food,0.75,맛집|웨이팅|방문|추천
09bc1512c1f6930f,domestic_travel,0.25,방문|추천
65b74fca8a9453d7,food,0.63,맛집|식당|추천
8271eaf504eee208,food,0.38,맛집|추천
8087edbbb7fef936,food,0.63,맛집|고기|추천
88d2adc786d53a2b,food,0.50,맛집|추천|후기
88d2adc786d53a2b,domestic_travel,0.25,추천|후기
8efc404f2be31d24,food,0.63,맛집|고기|추천
66750b17ed05beb8,food,0.75,맛집|점심|추천|후기
66750b17ed05beb8,domestic_travel,0.25,추천|후기
506dbfca681bc22c,food,0.38,맛집|추천
7d9d96ff8ec4b5d7,food,1.00,맛집|술집|추천|후기|핫플|데이트
7d9d96ff8ec4b5d7,domestic_travel,0.50,추천|후기|데이트|핫플
7e904c02c2334b4b,food,1.00,맛집|식당|고기|내돈내산|밥집|추천|후기
7e904c02c2334b4b,domestic_travel,0.50,가볼만한곳|추천|후기
f2225a232452801f,food,0.38,맛집|추천
89653a86570aa07c,food,1.00,맛집|점심|내돈내산|추천|후기
89653a86570aa07c,domestic_travel,0.25,추천|후기
5d93919b79f10f68,food,1.00,맛집|메뉴|내돈내산|추천|데이트
5d93919b79f10f68,domestic_travel,0.25,추천|데이트
b456d69732bbd07f,food,0.63,맛집|고기|추천
365d26c98deee517,food,1.00,맛집|메뉴|저녁|술집
b8ca3f5fdceade9d,food,0.75,맛집|점심|추천|데이트
b8ca3f5fdceade9d,domestic_travel,0.50,가볼만한곳|추천|데이트
62c2e7f5b15cd329,food,0.50,맛집|추천|후기
62c2e7f5b15cd329,domestic_travel,0.25,추천|후기
123ce409e47e2e68,food,0.50,맛집|추천|데이트
123ce409e47e2e68,domestic_travel,0.25,추천|데이트
f23c6f50b0054223,food,0.88,맛집|내돈내산|추천|후기|데이트
f23c6f50b0054223,domestic_travel,0.38,추천|후기|데이트
17e03775e8ef0b6f,food,0.88,맛집|카페|디저트|추천
2266f236b7a086e7,food,1.00,맛집|식당|내돈내산|방문|추천|데이트
2266f236b7a086e7,domestic_travel,0.38,방문|추천|데이트
e3ecb42ee147d2aa,food,0.38,맛집|추천
66de74f5170109f1,food,0.88,맛집|메뉴|라멘|추천
10843c1d57662fb2,food,0.63,맛집|밥집|추천
ecb55553bda5f1c9,food,0.38,맛집|추천
ecb55553bda5f1c9,domestic_travel,0.38,시장|추천
1d8789275c697891,food,0.50,맛집|추천|후기
1d8789275c697891,domestic_travel,0.25,추천|후기
084ba9b0a2bf8de3,food,0.88,맛집|고기|추천|핫플|데이트
084ba9b0a2bf8de3,domestic_travel,0.38,추천|데이트|핫플
bbbe745d4fb93d1f,food,0.88,맛집|식당|추천|후기|데이트
bbbe745d4fb93d1f,domestic_travel,0.38,추천|후기|데이트
fd13a2b0b0399e46,food,0.38,맛집|추천
0537a3abe4833dc5,food,0.50,맛집|추천|후기
0537a3abe4833dc5,domestic_travel,0.25,추천|후기
c888a10099f065d4,food,0.63,맛집|내돈내산|추천
7e9e19760cb60081,food,0.38,맛집|추천
7e9e19760cb60081,domestic_travel,0.38,숙소|추천
56ed74ea8944ab10,food,0.88,맛집|술집|추천|후기|데이트
56ed74ea8944ab10,domestic_travel,0.38,추천|후기|데이트
0414f6ec94e81a14,food,0.75,맛집|내돈내산|추천|후기
0414f6ec94e81a14,domestic_travel,0.25,추천|후기
6ec5e6dd719b4c54,food,1.00,맛집|점심|고기|추천|후기|데이트
6ec5e6dd719b4c54,domestic_travel,0.38,추천|후기|데이트
48a01cc0963fa22e,food,0.38,맛집|추천
3627784662ddf145,food,0.75,맛집|식당|추천|후기
3627784662ddf145,domestic_travel,0.25,추천|후기
427660d9c6a6f460,food,0.75,맛집|카페|방문|추천
427660d9c6a6f460,domestic_travel,0.75,가볼만한곳|여행코스|방문|추천
7caaebd7853494f5,food,0.63,맛집|메뉴|추천
c69cfecb06a1e75a,food,0.63,맛집|추천|핫플|데이트
c69cfecb06a1e75a,domestic_travel,0.38,추천|데이트|핫플
384f0f57470e85b1,food,0.88,맛집|고기|내돈내산|추천
e36dbfb308b4d63b,food,0.63,맛집|저녁|추천
e36dbfb308b4d63b,domestic_travel,0.38,숙소|추천
6a179c8f8c2811d9,food,0.38,맛집|추천
d3c14a6e95db3a73,food,0.88,맛집|내돈내산|방문|추천|후기
d3c14a6e95db3a73,domestic_travel,0.38,방문|추천|후기
ec91e159ae3d754b,food,0.75,맛집|저녁|방문|추천
ec91e159ae3d754b,domestic_travel,0.25,방문|추천
8fe908b293756853,food,0.75,맛집|내돈내산|방문|추천
8fe908b293756853,domestic_travel,0.50,가볼만한곳|방문|추천
99f4d50eb6622af3,food,0.88,맛집|카페|디저트|추천
6169d8ff85df03f7,food,0.63,맛집|카페|추천
0e3ac53b9ee4e508,food,1.00,맛집|메뉴|카페|내돈내산|웨이팅|추천|후기
0e3ac53b9ee4e508,domestic_travel,0.25,추천|후기
d5b3782ec7adceee,food,0.38,맛집|추천
489b235280ceae8d,food,0.88,맛집|고기|추천|핫플|데이트
489b235280ceae8d,domestic_travel,0.38,추천|데이트|핫플
8082382b611ee69a,food,1.00,맛집|점심|파스타|카페|추천
edf3137a7a002b6e,food,0.38,맛집|추천
edf3137a7a002b6e,domestic_travel,0.63,가볼만한곳|해변|추천
8d58a52d8a37fbd4,food,0.63,맛집|저녁|추천
8d58a52d8a37fbd4,domestic_travel,0.38,바다|추천
e74eda8036753a30,food,1.00,맛집|저녁|술집|추천|후기|데이트
e74eda8036753a30,domestic_travel,0.63,시장|추천|후기|데이트
7913a62f62bf10fd,food,0.38,맛집|추천
b7554cf2e828cb20,food,0.38,맛집|추천
8dbd73fd4fa36e42,food,0.63,맛집|점심|추천
780db73234f58666,food,0.63,맛집|메뉴|추천
919deb58b834f32b,food,0.63,맛집|술집|추천
b8f41966a5e4d36d,food,0.63,맛집|메뉴|추천
cb1a9ce55d214ec8,food,1.00,맛집|식당|메뉴|내돈내산|추천
f7fed225333b94be,food,0.88,맛집|고기|방문|추천|데이트
f7fed225333b94be,domestic_travel,0.63,가볼만한곳|방문|추천|데이트
f79926f3324adaf6,food,0.38,맛집|추천
4e1a510627b6c318,food,0.38,맛집|추천
9b276ac44ae8aa4e,food,0.75,맛집|저녁|추천|데이트
9b276ac44ae8aa4e,domestic_travel,0.25,추천|데이트
16c7b97667499f28,food,0.63,맛집|고기|추천
d13bec9ddce332bf,food,0.88,맛집|점심|추천|후기|데이트
d13bec9ddce332bf,domestic_travel,0.38,추천|후기|데이트
489986102bbd3b82,food,1.00,맛집|파스타|카페|내돈내산|추천|후기|데이트
489986102bbd3b82,domestic_travel,0.38,추천|후기|데이트
1b49b5e33beca677,food,0.75,맛집|고기|방문|추천
1b49b5e33beca677,domestic_travel,0.25,방문|추천
0c5b57440ac4f265,food,0.88,맛집|카페|방문|추천|후기
0c5b57440ac4f265,domestic_travel,0.63,축제|방문|추천|후기
b42850537a1c0eea,food,0.75,맛집|고기|방문|추천
b42850537a1c0eea,domestic_travel,0.25,방문|추천
91c8519a969434b8,food,1.00,맛집|고기|내돈내산|방문|추천
91c8519a969434b8,domestic_travel,0.25,방문|추천
afd7d6ea15f6d76f,food,0.38,맛집|추천
696090f85a7ec57e,food,0.38,맛집|추천
41b6b55acea5989f,food,0.50,맛집|방문|추천
41b6b55acea5989f,domestic_travel,0.25,방문|추천
ede9f04c74262852,food,0.38,맛집|추천
c374dcdb8a04a581,food,1.00,맛집|카페|디저트|내돈내산|추천|후기|데이트
c374dcdb8a04a581,domestic_travel,0.38,추천|후기|데이트
f5cda9b21d63dd9b,food,0.88,맛집|저녁|내돈내산|추천
e93a9a4d14212bdf,food,0.63,맛집|내돈내산|추천
1ca165ea794a40ae,food,0.63,맛집|카페|추천
891bfb5ce290584f,food,1.00,맛집|메뉴|밥집|술집|추천
be8ff7e6b4fcb55c,food,1.00,맛집|카페|디저트|추천|후기
be8ff7e6b4fcb55c,domestic_travel,0.25,추천|후기
22a316db7e93aa0c,food,0.63,맛집|카페|추천
22a316db7e93aa0c,domestic_travel,0.38,나들이|추천
212b2e1d34fa83c3,food,0.38,맛집|추천
4bf6d496ecacc8fb,food,0.63,맛집|고기|추천
7cfb7cbd47e97e06,food,0.50,맛집|추천|데이트
7cfb7cbd47e97e06,domestic_travel,0.25,추천|데이트
d97d669a18d2f3e2,food,0.38,맛집|추천
b372c408f1a3ca4e,food,0.63,맛집|밥집|추천
c87e51542527d812,food,1.00,맛집|식당|점심|고기|추천
c87e51542527d812,domestic_travel,0.38,가볼만한곳|추천
cee1886090449fc5,food,0.75,맛집|저녁|추천|후기
cee1886090449fc5,domestic_travel,0.25,추천|후기
3be8d8b6a0220ba1,food,0.38,맛집|추천
b72b3b0b19881ea5,food,0.75,맛집|내돈내산|추천|후기
b72b3b0b19881ea5,domestic_travel,0.50,가볼만한곳|추천|후기
4db964d405c3d41c,food,0.38,맛집|추천
d71fb18e3ffcb397,food,0.63,맛집|내돈내산|추천
e4cef25ef575d901,food,0.50,맛집|추천|후기
e4cef25ef575d901,domestic_travel,0.25,추천|후기
cc62264492a6d247,food,0.38,맛집|추천
cc62264492a6d247,domestic_travel,0.38,시장|추천
64aab86f6b25c8e7,food,0.75,맛집|내돈내산|추천|후기
64aab86f6b25c8e7,domestic_travel,0.25,추천|후기
012fd7bd0958ba97,food,0.50,맛집|추천|후기
012fd7bd0958ba97,domestic_travel,0.25,추천|후기
7a4fd179639c422b,food,0.63,맛집|고기|추천
5cfdef5b76d2aa64,food,0.88,맛집|메뉴|점심|추천
d34bd364c60e0f50,food,1.00,맛집|메뉴|점심|추천|데이트
d34bd364c60e0f50,domestic_travel,0.25,추천|데이트
f8a2f95bc495558a,food,0.38,맛집|추천
54ad62ad9a7714e6,food,0.50,맛집|고기
4b6600400851f389,food,1.00,맛집|식당|점심|고기|방문|추천|후기
4b6600400851f389,domestic_travel,0.38,방문|추천|후기
e83c2b87eef39fb0,food,0.63,맛집|추천|후기|데이트
e83c2b87eef39fb0,domestic_travel,0.38,추천|후기|데이트
6c6b93b76494a710,food,0.38,맛집|추천
97ac21ba749e392e,food,0.50,맛집|추천|후기
97ac21ba749e392e,domestic_travel,0.25,추천|후기
f989231c600f1b5d,food,0.63,맛집|저녁|추천
6a49837b3fdbcf54,food,0.38,맛집|추천
79db30080141df16,food,1.00,맛집|저녁|고기|추천|핫플|데이트
79db30080141df16,domestic_travel,0.38,추천|데이트|핫플
3895316511fcf74c,food,1.00,맛집|고기|술집|방문|추천|후기
3895316511fcf74c,domestic_travel,0.38,방문|추천|후기
155950332dba9c2b,food,0.63,맛집|카페|추천
90b74047b6879389,food,0.75,맛집|메뉴|추천|데이트
90b74047b6879389,domestic_travel,0.25,추천|데이트
cba2fb352ec6cb7d,food,1.00,맛집|점심|저녁|술집|추천
53302a422a3a952b,food,1.00,맛집|메뉴|웨이팅|방문|추천|후기|핫플|데이트
53302a422a3a952b,domestic_travel,0.88,가볼만한곳|방문|추천|후기|데이트|핫플
a592409f2ee22cc4,food,0.50,맛집|추천|후기
a592409f2ee22cc4,domestic_travel,0.25,추천|후기
45c8686b6fd8591d,food,0.75,맛집|술집|추천|데이트
45c8686b6fd8591d,domestic_travel,0.50,가볼만한곳|추천|데이트
4974794b71f370b3,food,0.88,맛집|메뉴|고기|추천
18430fd8aa1cddbf,food,0.75,맛집|식당|추천|후기
18430fd8aa1cddbf,domestic_travel,0.25,추천|후기
e09f63fbc0ccd8b1,food,0.38,맛집|추천
82facf635020e20b,food,0.75,맛집|점심|방문|추천
82facf635020e20b,domestic_travel,0.25,방문|추천
8b49e73a3162724a,food,1.00,맛집|식당|저녁|술집|추천|핫플|데이트
8b49e73a3162724a,domestic_travel,0.63,가볼만한곳|추천|데이트|핫플
96eeed18c0242b16,food,0.75,맛집|밥집|방문|추천
96eeed18c0242b16,domestic_travel,0.25,방문|추천
64490cf61b0b2657,food,1.00,맛집|식당|파스타|추천|핫플|데이트
64490cf61b0b2657,domestic_travel,0.63,가볼만한곳|추천|데이트|핫플
e9d7337e28ab4d6f,food,0.63,맛집|내돈내산|추천
e9d7337e28ab4d6f,domestic_travel,0.38,해변|추천
092c9801990355ef,food,0.50,맛집|방문|추천
092c9801990355ef,domestic_travel,0.25,방문|추천
ef630da8e9896f61,food,0.50,맛집|방문|추천
ef630da8e9896f61,domestic_travel,0.25,방문|추천
89efa64791889e83,food,0.88,맛집|식당|메뉴|추천
68e156ab709b18b2,food,0.38,맛집|추천
68e156ab709b18b2,domestic_travel,0.63,여행코스|명소|추천
9a0b1d87046cfa9a,food,0.63,맛집|고기|추천
779611afe5612d91,food,0.63,맛집|점심|추천
0472409eff61bdaf,food,0.38,맛집|추천
0472409eff61bdaf,domestic_travel,0.38,시장|추천
014684282c44113a,food,1.00,맛집|점심|저녁|추천|핫플
014684282c44113a,domestic_travel,0.75,여행코스|시장|추천|핫플
6c391f14278c7957,food,0.88,맛집|밥집|추천|핫플|데이트
6c391f14278c7957,domestic_travel,0.38,추천|데이트|핫플
bbd9ecfe853b85b4,food,0.88,맛집|고기|방문|추천|데이트
bbd9ecfe853b85b4,domestic_travel,0.38,방문|추천|데이트
9dd8ea56d57a0216,food,0.88,맛집|내돈내산|웨이팅|추천
7098a24b489876d5,food,0.63,맛집|밥집|추천
111fc9062017a25a,food,0.75,맛집|내돈내산|추천|후기
111fc9062017a25a,domestic_travel,0.25,추천|후기
276b3403d8a35156,food,1.00,맛집|점심|저녁|고기|방문|추천|후기
276b3403d8a35156,domestic_travel,0.88,여행코스|시장|방문|추천|후기
d336115ade6b71d0,food,0.75,맛집|카페|추천|데이트
d336115ade6b71d0,domestic_travel,0.25,추천|데이트
3dbfa471d2c5b92a,food,0.88,맛집|메뉴|파스타|추천
749f885568fadecc,food,0.63,맛집|고기|추천
d1efb704b8d4d7ab,food,0.75,맛집|술집|추천|데이트
d1efb704b8d4d7ab,domestic_travel,0.25,추천|데이트
e657b075766072cf,food,0.63,맛집|술집|추천
2142af2a899c645f,food,0.38,맛집|추천
ab2f19c5bc082ff3,food,1.00,맛집|식당|브런치|방문|추천|데이트
ab2f19c5bc082ff3,domestic_travel,0.38,방문|추천|데이트
df9ee11afaac7e41,food,0.63,맛집|식당|추천
8f98e3642b85898e,food,0.63,맛집|고기|추천
c04865f6a1b06718,food,0.63,맛집|내돈내산|추천
cdcdb1aec1bf4a53,food,0.75,맛집|내돈내산|추천|후기
cdcdb1aec1bf4a53,domestic_travel,0.25,추천|후기
76d1c0029f93e47b,food,0.50,맛집|추천|후기
76d1c0029f93e47b,domestic_travel,0.75,가볼만한곳|시장|추천|후기
210b7fdd379eb92b,food,1.00,맛집|저녁|고기|추천|데이트
210b7fdd379eb92b,domestic_travel,0.25,추천|데이트
c04fc897d1327f9f,food,0.38,맛집|추천
c04fc897d1327f9f,domestic_travel,0.38,여행코스|추천
462b81acc1ba005f,food,0.88,맛집|고기|방문|추천|후기
462b81acc1ba005f,domestic_travel,0.38,방문|추천|후기
9d5818484d2591ca,food,0.88,맛집|고기|내돈내산|추천
656360c4b6b9d9a9,food,0.88,맛집|메뉴|고기|추천
43d96833831f1415,food,1.00,맛집|식당|점심|방문|추천|후기|데이트
43d96833831f1415,domestic_travel,0.50,방문|추천|후기|데이트
e4d458c58ed1f312,food,0.50,맛집|추천|핫플
e4d458c58ed1f312,domestic_travel,0.25,추천|핫플
a6bb57c72ec7c6d3,food,0.63,맛집|내돈내산|추천
b1276607d0719bcc,food,0.63,맛집|방문|추천|후기
b1276607d0719bcc,domestic_travel,0.38,방문|추천|후기
2ef35aa10bd3a4b9,food,0.50,맛집|식당
53087e14e1226a63,food,1.00,맛집|고기|밥집|방문|추천
53087e14e1226a63,domestic_travel,0.25,방문|추천
ade6bc29c5931934,food,0.88,맛집|식당|고기|추천
0265bcb8f71130bd,food,1.00,맛집|점심|저녁|추천|후기
0265bcb8f71130bd,domestic_travel,0.25,추천|후기
94f743391a02bae2,food,0.63,맛집|고기|추천
1a2c9456f002d2fa,food,1.00,맛집|카페|방문|추천|후기|데이트
1a2c9456f002d2fa,domestic_travel,0.50,방문|추천|후기|데이트
1d32fa00b63299f8,food,0.50,맛집|추천|데이트
1d32fa00b63299f8,domestic_travel,0.25,추천|데이트
63ad6dce16a8bc8b,food,0.88,맛집|디저트|추천|후기|데이트
63ad6dce16a8bc8b,domestic_travel,0.38,추천|후기|데이트
24db9b40fbfe46df,food,1.00,맛집|술집|방문|추천|핫플|데이트
24db9b40fbfe46df,domestic_travel,0.75,여행코스|방문|추천|데이트|핫플
e3114b2b567cfce1,food,0.88,맛집|식당|카페|추천
e3114b2b567cfce1,domestic_travel,0.38,숙소|추천
6c094ba049ced68e,food,1.00,맛집|점심|내돈내산|술집|추천|후기|데이트
6c094ba049ced68e,domestic_travel,0.88,가볼만한곳|시장|추천|후기|데이트
eb15added708c132,food,0.38,맛집|추천
e8203414563d956b,food,0.75,맛집|점심|방문|추천
e8203414563d956b,domestic_travel,0.25,방문|추천
02bf7487f7df2f71,food,0.63,맛집|점심|추천
1d9215ecec4036d7,food,0.88,맛집|고기|추천|핫플|데이트
1d9215ecec4036d7,domestic_travel,0.38,추천|데이트|핫플
b877fe10798b04fd,food,1.00,맛집|라멘|카페|디저트|추천
8a9a3f41e581e41e,food,0.50,맛집|추천|데이트
8a9a3f41e581e41e,domestic_travel,0.50,가볼만한곳|추천|데이트
b76d23bf9f1027d9,food,0.63,맛집|추천|후기|핫플
b76d23bf9f1027d9,domestic_travel,0.38,추천|후기|핫플
f9bd8f851ba79c3a,food,0.88,맛집|메뉴|고기|추천
988f839fd16578de,food,0.50,맛집|추천|데이트
988f839fd16578de,domestic_travel,0.25,추천|데이트
098314780d06e8c9,food,0.75,맛집|메뉴|방문|추천
098314780d06e8c9,domestic_travel,0.25,방문|추천
0644bc21578d9cf6,food,0.88,맛집|메뉴|점심|추천
11d5914da77739fc,food,0.63,맛집|방문|추천|후기
11d5914da77739fc,domestic_travel,0.38,방문|추천|후기
1398e41b9b9052cc,food,1.00,맛집|식당|점심|추천|데이트
1398e41b9b9052cc,domestic_travel,0.50,가볼만한곳|추천|데이트
fc4cb188c251cd0b,food,0.38,맛집|추천
2e0e0074838f84ac,food,0.75,맛집|식당|추천|데이트
2e0e0074838f84ac,domestic_travel,0.25,추천|데이트
33659d83d25ffcd7,food,1.00,맛집|고기|술집|추천|핫플
33659d83d25ffcd7,domestic_travel,0.50,시장|추천|핫플
51c81430c7f477ef,food,0.63,맛집|웨이팅|추천
08097a16ce80927e,food,0.63,맛집|브런치|추천
eec3df25c86bced7,food,0.63,맛집|점심|추천
f9e52128ab83af92,food,1.00,맛집|카페|디저트|내돈내산|추천|후기
f9e52128ab83af92,domestic_travel,0.25,추천|후기
509ab6bfcc0e27ad,food,0.50,맛집|추천|데이트
509ab6bfcc0e27ad,domestic_travel,0.25,추천|데이트
9eb97110939308fe,food,0.63,맛집|메뉴|추천
e0829ccf631b34c9,food,0.38,맛집|추천
ce056297ea8abd39,food,1.00,맛집|점심|밥집|술집|추천|데이트
ce056297ea8abd39,domestic_travel,0.25,추천|데이트
2ce2733d9c1395c0,food,0.75,맛집|고기|방문|추천
2ce2733d9c1395c0,domestic_travel,0.25,방문|추천
bfcdb09bfea7e031,food,0.38,맛집|추천
76e6f7593eefae69,food,1.00,맛집|내돈내산|밥집|방문|추천|후기
76e6f7593eefae69,domestic_travel,0.38,방문|추천|후기
98e4ee63026d267d,food,0.50,맛집|방문|추천
98e4ee63026d267d,domestic_travel,0.25,방문|추천
6bce5b633171eeb8,food,0.38,맛집|추천
4c98c32d32ea6e99,food,0.38,맛집|추천
b2bcf0645c8c9218,food,1.00,맛집|점심|파스타|추천|핫플|데이트
b2bcf0645c8c9218,domestic_travel,0.38,추천|데이트|핫플
acc784cdbe9a3e51,food,0.88,맛집|카페|추천|핫플|데이트
acc784cdbe9a3e51,domestic_travel,0.63,가볼만한곳|추천|데이트|핫플
43edbbeaa728c0df,food,0.63,맛집|카페|추천
3a3850da12a02e7d,food,1.00,맛집|점심|라멘|추천|후기|데이트
3a3850da12a02e7d,domestic_travel,0.38,추천|후기|데이트
de2a085bba07880c,food,0.63,맛집|방문|추천|후기
de2a085bba07880c,domestic_travel,0.38,방문|추천|후기
820732e27a0d2892,food,0.75,맛집|밥집|추천|핫플
820732e27a0d2892,domestic_travel,0.25,추천|핫플
68ca3aa69e52af28,food,0.88,맛집|파스타|추천|핫플|데이트
68ca3aa69e52af28,domestic_travel,0.38,추천|데이트|핫플
c853d12708d33dee,food,1.00,맛집|점심|저녁|고기|내돈내산|밥집|추천|후기
c853d12708d33dee,domestic_travel,0.25,추천|후기
8884129f8c4db452,food,0.38,맛집|추천
69c2690586e35fc3,food,1.00,맛집|메뉴|고기|추천|후기
69c2690586e35fc3,domestic_travel,0.25,추천|후기
c8d21e7b4060c1c8,food,0.38,맛집|추천
df78d09c468dde07,food,0.38,맛집|추천
b57c1b028ad7a05d,food,1.00,맛집|저녁|술집|추천|데이트
b57c1b028ad7a05d,domestic_travel,0.25,추천|데이트
cac5659288088a79,food,0.88,맛집|메뉴|웨이팅|추천
60d8539ee37a5f58,food,0.63,맛집|술집|추천
1810e953a4ccebc6,food,0.38,맛집|추천
ec61abbab1897827,food,1.00,맛집|고기|술집|추천|데이트
ec61abbab1897827,domestic_travel,0.25,추천|데이트
b5dbb08ce75c9c65,food,0.75,맛집|고기|추천|후기
b5dbb08ce75c9c65,domestic_travel,0.25,추천|후기
4a57793e619488de,food,0.63,맛집|방문|추천|후기
4a57793e619488de,domestic_travel,0.38,방문|추천|후기
9d56ce07234286d9,food,0.63,맛집|식당|추천
aafe48a56624f94c,food,0.63,맛집|점심|추천
5c597ef98444b309,food,0.63,맛집|추천|후기|핫플
5c597ef98444b309,domestic_travel,0.38,추천|후기|핫플
84e4eb9355e03f17,food,0.88,맛집|점심|술집|추천
7b58f688b6477e46,food,0.75,맛집|고기|방문|추천
7b58f688b6477e46,domestic_travel,0.25,방문|추천
233b5a4fd3ba224c,food,0.75,맛집|식당|추천|데이트
233b5a4fd3ba224c,domestic_travel,0.25,추천|데이트
c670908308577dfd,food,0.38,맛집|추천
c670908308577dfd,domestic_travel,0.38,시장|추천
be79dbf5e0f18dce,food,0.63,맛집|추천|후기|데이트
be79dbf5e0f18dce,domestic_travel,0.63,가볼만한곳|추천|후기|데이트
74a9b53306a16172,food,0.88,맛집|고기|추천|후기|핫플
74a9b53306a16172,domestic_travel,0.38,추천|후기|핫플
cf14b47d515128b3,food,0.38,맛집|추천
f7281a9c71c091e6,food,0.50,맛집|추천|후기
f7281a9c71c091e6,domestic_travel,0.25,추천|후기
ace28a17b0805cac,food,0.50,맛집|추천|데이트
ace28a17b0805cac,domestic_travel,0.25,추천|데이트
22136d81d8f8e65b,food,1.00,맛집|식당|고기|추천|핫플
22136d81d8f8e65b,domestic_travel,0.25,추천|핫플
ef9bca6eb300434d,food,0.50,맛집|방문|추천
ef9bca6eb300434d,domestic_travel,0.25,방문|추천
3179d760fc692a6c,food,1.00,맛집|고기|내돈내산|추천|후기|데이트
3179d760fc692a6c,domestic_travel,0.38,추천|후기|데이트
36a721683cd6c5ac,food,0.75,맛집|고기|추천|데이트
36a721683cd6c5ac,domestic_travel,0.25,추천|데이트
8a1f1469b3526b6f,food,0.75,맛집|메뉴|방문|추천
8a1f1469b3526b6f,domestic_travel,0.25,방문|추천
8312be855d2a8b83,food,1.00,맛집|고기|내돈내산|방문|추천|후기
8312be855d2a8b83,domestic_travel,0.38,방문|추천|후기
2b72dbea8ca6fdf2,food,0.38,맛집|추천
024c8e5e2264cbf8,food,0.50,맛집|추천|후기
024c8e5e2264cbf8,domestic_travel,0.50,해변|추천|후기
ad35bbaff80bb49c,food,1.00,맛집|점심|파스타|방문|추천|후기|핫플|데이트
ad35bbaff80bb49c,domestic_travel,0.88,가볼만한곳|방문|추천|후기|데이트|핫플
b80aabf54f022beb,food,1.00,맛집|점심|저녁|추천|데이트
b80aabf54f022beb,domestic_travel,0.25,추천|데이트
515c1125289c8981,food,0.63,맛집|고기|추천
0c21e9336806bc08,food,1.00,맛집|점심|파스타|방문|추천|데이트
0c21e9336806bc08,domestic_travel,0.38,방문|추천|데이트
2d2ba0bd8db62118,food,0.38,맛집|추천
8eedd322ad035dd8,food,0.38,맛집|추천
1a4c8ed430d73496,food,0.75,맛집|고기|추천|후기
1a4c8ed430d73496,domestic_travel,0.25,추천|후기
9072b80872796934,food,0.88,맛집|고기|디저트|추천
9b2f176c764b9213,food,0.50,맛집|추천|후기
9b2f176c764b9213,domestic_travel,0.25,추천|후기
869d8cc2498383c2,food,0.63,맛집|방문|추천|데이트
869d8cc2498383c2,domestic_travel,0.38,방문|추천|데이트
627d656a8ea1c13c,food,0.38,맛집|추천
f9add3378c122b6c,food,1.00,맛집|내돈내산|웨이팅|밥집|추천|후기|핫플|데이트
f9add3378c122b6c,domestic_travel,0.50,추천|후기|데이트|핫플
db92b176e2f4c47f,food,0.63,맛집|식당|추천
db92b176e2f4c47f,domestic_travel,0.38,가볼만한곳|추천
4e26bcfeafe250f6,food,0.88,맛집|고기|내돈내산|추천
8d0b6789c2f9d6c3,food,0.75,맛집|내돈내산|방문|후기
8d0b6789c2f9d6c3,domestic_travel,0.25,방문|후기
e0ac7e3934389e3b,food,0.63,맛집|내돈내산|방문
1ba69378d728044d,food,0.75,맛집|카페|내돈내산
1ba69378d728044d,domestic_travel,0.25,나들이
8d5588b2b116d5bd,food,0.63,맛집|내돈내산|추천
6c69d5f8dc6c0704,food,0.88,맛집|내돈내산|술집|후기
2eb864bcf28cd6a8,food,1.00,맛집|카페|브런치|내돈내산|후기
55b28a05db66cfc7,food,0.75,맛집|내돈내산|추천|후기
55b28a05db66cfc7,domestic_travel,0.50,가볼만한곳|추천|후기
32bf670610491c0f,food,0.75,맛집|내돈내산|추천|후기
32bf670610491c0f,domestic_travel,0.25,추천|후기
0177e4d35aaf00fc,food,0.88,맛집|식당|내돈내산|후기
0177e4d35aaf00fc,domestic_travel,0.38,여행코스|후기
97530c4b5002e601,food,0.75,맛집|식당|내돈내산
54fe108be7b1fb9a,food,1.00,맛집|카페|내돈내산|추천|핫플|데이트
54fe108be7b1fb9a,domestic_travel,1.00,가볼만한곳|바다|나들이|추천|데이트|핫플
094ce8fa2b40ec00,food,1.00,맛집|카페|브런치|내돈내산|추천|후기|데이트
094ce8fa2b40ec00,domestic_travel,0.38,추천|후기|데이트
eba3191983420a38,food,0.25,맛집
1ec88869b7918c5b,food,0.88,맛집|카페|내돈내산|추천
0ad9595dad0fb015,food,0.50,맛집|내돈내산
0ad9595dad0fb015,domestic_travel,0.25,시장
b7b549ef8f14deec,food,0.50,맛집|내돈내산
34f8756f02f3a4cc,food,0.75,맛집|내돈내산|추천|후기
34f8756f02f3a4cc,domestic_travel,0.25,추천|후기
8007436076817517,food,0.88,맛집|고기|내돈내산|추천
f342823290b65073,food,0.50,맛집|내돈내산
fa9faff418330f18,food,0.63,맛집|내돈내산|후기
5314e5af3ff320ea,food,0.75,맛집|식당|내돈내산
7272061067a5f8c2,food,1.00,맛집|카페|내돈내산|추천|후기
7272061067a5f8c2,domestic_travel,0.25,추천|후기
d0533d7b1eca3c27,food,0.88,맛집|고기|내돈내산|추천
1a2ffaaa9c973738,food,1.00,맛집|메뉴|라멘|내돈내산|후기
9e09e497e7bdc1c9,food,0.88,맛집|카페|내돈내산|후기
8d066cb6965aafd8,food,1.00,맛집|카페|브런치|내돈내산
f07128e966be8923,food,0.75,맛집|내돈내산|후기|데이트
f07128e966be8923,domestic_travel,0.25,후기|데이트
e5089bff3586a4ee,food,0.75,맛집|내돈내산|방문|후기
e5089bff3586a4ee,domestic_travel,0.25,방문|후기
4b9b825134ae9570,food,1.00,맛집|점심|내돈내산|밥집|추천|후기
4b9b825134ae9570,domestic_travel,0.50,시장|추천|후기
12ea0aee1382189d,food,0.88,맛집|저녁|내돈내산|추천
2d8a4712928934ae,food,0.63,맛집|내돈내산|추천
faabb130a8406627,food,0.88,맛집|라멘|내돈내산|후기
d79ca04e760db91d,food,0.50,맛집|내돈내산
23bdbfe4cf5d0f85,food,0.63,맛집|내돈내산|후기
8eed565d8206e8f9,food,0.88,맛집|내돈내산|술집|후기
d3dc483fa6066382,food,0.63,맛집|내돈내산|후기
14e8aabeb8243bcc,food,0.88,맛집|점심|내돈내산|후기
276938081303b8c0,food,0.75,맛집|파스타|내돈내산
54ae7c66812304f6,food,1.00,맛집|점심|고기|내돈내산
a2bac9bc71bd0b68,food,0.88,맛집|내돈내산|웨이팅|후기
d836ffc4b8c61748,food,0.88,맛집|메뉴|내돈내산|후기
e7485ff5fbc93441,food,1.00,맛집|메뉴|내돈내산|웨이팅|추천
4cc26012298f4279,food,1.00,맛집|카페|내돈내산|방문|후기
4cc26012298f4279,domestic_travel,0.25,방문|후기
adf1754989ac043c,food,0.63,맛집|내돈내산|방문
52f01df9bb6ecfc5,food,0.75,맛집|내돈내산|술집
18fa5ea2b1fdd3e4,food,0.63,맛집|내돈내산|후기
589720623d408ab0,food,1.00,맛집|내돈내산|술집|추천|후기|데이트
589720623d408ab0,domestic_travel,0.38,추천|후기|데이트
502b80d5b54dcbb6,food,0.75,맛집|고기|내돈내산
8bcde28d8472b4a8,food,0.50,맛집|내돈내산
ae2927a0e148b584,food,0.88,맛집|식당|내돈내산|추천
953a6f37e9a1fe92,food,1.00,맛집|점심|고기|내돈내산
5308f6194757385c,food,0.88,맛집|내돈내산|웨이팅|후기
706fd09b18cd2a5f,food,0.63,맛집|내돈내산|후기
1ecbfb442bb5dc7f,food,1.00,맛집|식당|내돈내산|추천|후기
1ecbfb442bb5dc7f,domestic_travel,0.50,숙소|추천|후기
c7771bb1cc71ff4a,food,0.50,맛집|내돈내산
4b1cbd4369534c50,food,1.00,맛집|라멘|내돈내산|웨이팅|후기
8e9a021023247159,food,0.50,맛집|내돈내산
84f6248de760e017,food,1.00,맛집|내돈내산|술집|추천|후기|데이트
84f6248de760e017,domestic_travel,0.38,추천|후기|데이트
0b8a3924e4509b93,food,1.00,맛집|메뉴|점심|내돈내산|추천|후기
0b8a3924e4509b93,domestic_travel,0.25,추천|후기
f0a897bc8f15c759,food,0.63,맛집|내돈내산|후기
23dcfe5d45bd90a7,food,0.88,맛집|메뉴|내돈내산|후기
2e563b660625ccc9,food,1.00,맛집|내돈내산|웨이팅|술집
bfb75e45ecba66bc,food,0.63,맛집|내돈내산|방문
5438133a70bc78d4,food,0.63,맛집|내돈내산|후기
cc46bdd437c7345e,food,0.88,맛집|내돈내산|방문|추천|후기
cc46bdd437c7345e,domestic_travel,0.38,방문|추천|후기
d9dab619ee669c2b,food,0.88,맛집|식당|내돈내산|방문
b86db4fc6d7ae938,food,0.88,맛집|내돈내산|웨이팅|후기
1af08ca9c3c16e39,food,1.00,맛집|식당|내돈내산|추천|후기
1af08ca9c3c16e39,domestic_travel,0.50,국내여행|추천|후기
d0c1041fd4c6e227,food,0.63,맛집|내돈내산|후기
6fadd6f03558966d,food,1.00,맛집|카페|내돈내산|방문|추천|후기
6fadd6f03558966d,domestic_travel,0.38,방문|추천|후기
8019c25b737963c5,food,0.75,맛집|내돈내산|핫플|데이트
8019c25b737963c5,domestic_travel,0.25,데이트|핫플
a2fad6651a6adb96,food,0.88,맛집|식당|내돈내산|방문
aa321b95f2de0459,food,1.00,맛집|메뉴|점심|내돈내산|방문|추천|후기|데이트
aa321b95f2de0459,domestic_travel,0.50,방문|추천|후기|데이트
6f0373f1cc217d27,food,0.63,맛집|내돈내산|후기
324a6cc60faa4a87,food,0.88,맛집|카페|내돈내산|후기
abeff67e76e88a61,food,1.00,맛집|카페|디저트|내돈내산|방문|추천
abeff67e76e88a61,domestic_travel,0.25,방문|추천
5fd4633172848317,food,0.63,맛집|내돈내산|후기
5fd4633172848317,domestic_travel,0.38,시장|후기
5e4ec6917d987b1e,food,0.63,맛집|내돈내산|후기
b30e4c36304cbfd4,food,0.63,맛집|내돈내산|추천
cae3731e2458b33a,food,0.75,맛집|내돈내산|추천|후기
cae3731e2458b33a,domestic_travel,0.25,추천|후기
4c7274a4d104ea6a,food,0.88,맛집|디저트|내돈내산|추천
f8a85bca174b491a,food,1.00,맛집|카페|브런치|내돈내산|추천
13c9a7d8fcea5e33,food,0.75,맛집|점심|내돈내산
b7fc33274757c311,food,0.63,맛집|내돈내산|후기
6b706dd6bd3d83e8,food,1.00,맛집|카페|디저트|내돈내산|후기|데이트
6b706dd6bd3d83e8,domestic_travel,0.25,후기|데이트
805e09da7c049eba,food,0.88,맛집|브런치|내돈내산|방문
40e118d1d405b2ff,food,0.75,맛집|내돈내산|방문|추천
40e118d1d405b2ff,domestic_travel,0.25,방문|추천
d69fd307ee3b24aa,food,0.75,맛집|카페|내돈내산
6ce1957891b22fa7,food,0.50,맛집|내돈내산
357f127502881cf4,food,1.00,맛집|식당|내돈내산|추천|후기
357f127502881cf4,domestic_travel,0.25,추천|후기
ab9f295ce91b7043,food,0.88,맛집|메뉴|내돈내산|후기
f79d378baf535cad,food,0.88,맛집|내돈내산|술집|데이트
f79d378baf535cad,domestic_travel,0.38,가볼만한곳|데이트
55c2aad2915ca852,food,0.88,맛집|점심|내돈내산|핫플
0285bbbab701ba02,food,0.50,맛집|내돈내산
f335fc60edd58675,food,0.88,맛집|고기|내돈내산|후기
f335fc60edd58675,domestic_travel,0.38,바다|후기
4a1a6be3b07f3f6a,food,1.00,맛집|파스타|카페|내돈내산|후기|데이트
4a1a6be3b07f3f6a,domestic_travel,0.25,후기|데이트
c51d7392c637f466,food,0.88,맛집|디저트|내돈내산|후기
4865a3e0a60b1566,food,1.00,맛집|카페|디저트|내돈내산|추천
f90af75ea0faede5,food,0.88,맛집|내돈내산|밥집|추천
f90af75ea0faede5,domestic_travel,0.38,바다|추천
8cbf02e32d16fd43,food,0.75,맛집|메뉴|내돈내산
9cdbcc198c37c56c,food,1.00,맛집|파스타|내돈내산|추천|후기
9cdbcc198c37c56c,domestic_travel,0.25,추천|후기
d63ada8930b86ff7,food,0.75,맛집|내돈내산|추천|핫플
d63ada8930b86ff7,domestic_travel,0.75,여행코스|시장|추천|핫플
07220721e2e95d55,food,0.50,맛집|내돈내산
07220721e2e95d55,domestic_travel,0.25,나들이
6a056129cb593615,food,0.88,맛집|내돈내산|웨이팅|방문
538c4521b3c0a5b2,food,0.88,맛집|점심|내돈내산|후기
99c824a75875bf44,food,0.75,맛집|카페|내돈내산
b8849ce8e0a63c95,food,1.00,맛집|카페|내돈내산|추천|후기|데이트
b8849ce8e0a63c95,domestic_travel,0.38,추천|후기|데이트
8b07ae4b06e39701,food,0.63,맛집|내돈내산|후기
9d74b9a0768f59e0,food,0.50,맛집|고기
7143b4dc251895b1,food,1.00,맛집|카페|디저트|내돈내산|후기
c65160c7a9177ed5,food,0.75,맛집|내돈내산|후기|핫플
c65160c7a9177ed5,domestic_travel,0.25,후기|핫플
25f3c87e300cb35d,food,0.88,맛집|메뉴|내돈내산|데이트
df188eb5577c0859,food,0.88,맛집|식당|내돈내산|후기
b5b96e7b3fc42bbc,food,1.00,맛집|내돈내산|웨이팅|밥집
dcf15ad57617bdd4,food,0.75,맛집|내돈내산|방문|후기
dcf15ad57617bdd4,domestic_travel,0.50,축제|방문|후기
9ac0cca446b7c1c6,food,1.00,맛집|식당|내돈내산|추천|후기
9ac0cca446b7c1c6,domestic_travel,0.25,추천|후기
a2ef148648d3248e,food,0.50,맛집|내돈내산
0ae5c95b7238852b,food,0.63,맛집|내돈내산|후기
fa6bdef57c90f0b4,food,0.88,맛집|식당|내돈내산|후기
24f4ad0fa3ea8bb6,food,0.63,맛집|내돈내산|후기
34b49cf608f706e1,food,0.50,맛집|내돈내산
1cbf20c92ba09abf,food,0.63,맛집|내돈내산|추천
6dfc4e3601e2bc4e,food,0.50,맛집|내돈내산
9ba8c34ecf89685d,food,1.00,맛집|디저트|내돈내산|방문|데이트
9ba8c34ecf89685d,domestic_travel,0.25,방문|데이트
e459401dd1273077,food,0.50,맛집|내돈내산
e459401dd1273077,domestic_travel,0.25,시장
42ab54ba8081bf27,food,0.50,맛집|내돈내산
78a4ae6ef130e4f6,food,0.63,맛집|내돈내산|후기
2d828ffbbe74168a,food,0.75,맛집|내돈내산|방문|후기
2d828ffbbe74168a,domestic_travel,0.25,방문|후기
00c3acc5f76f737d,food,0.75,맛집|내돈내산|방문|후기
00c3acc5f76f737d,domestic_travel,0.25,방문|후기
483c97400cd2d28c,food,1.00,맛집|카페|브런치|내돈내산
2e96ec3f21febb04,food,0.75,맛집|메뉴|내돈내산
9fabb496e8e84da7,food,0.50,맛집|내돈내산
3a7ec09968e2dc7e,food,1.00,맛집|카페|디저트|내돈내산|추천
c70c3a6a3bfbebb2,food,0.63,맛집|내돈내산|후기
584c14f70a153a8e,food,1.00,맛집|메뉴|내돈내산|술집
56681d6c3b6f8a09,food,1.00,맛집|식당|메뉴|내돈내산
3c97fca43005d18f,food,0.50,맛집|내돈내산
599eea0b01a30dcb,food,0.75,맛집|카페|내돈내산
599eea0b01a30dcb,domestic_travel,0.25,해변
f4c1f426691d1485,food,0.75,맛집|카페|내돈내산
ba61ce971eb9930a,food,0.50,맛집|내돈내산
ac937e84a3f3aa6c,food,1.00,맛집|고기|내돈내산|밥집|추천|후기
ac937e84a3f3aa6c,domestic_travel,0.25,추천|후기
929d0f3041b62b2b,food,1.00,맛집|식당|내돈내산|밥집
4133fde2121aa6d6,food,0.88,맛집|내돈내산|웨이팅|후기
0ebf03b5ea36eeed,food,0.63,맛집|내돈내산|후기
0ebf03b5ea36eeed,domestic_travel,0.38,숙소|후기
098e3effb928e49f,food,0.75,맛집|식당|내돈내산
9bb8ea704d0c927a,food,0.63,맛집|내돈내산|후기
9bb8ea704d0c927a,domestic_travel,0.38,시장|후기
acb6ee0d2676842b,food,0.63,맛집|내돈내산|후기
f43ba6db4919346f,food,0.75,맛집|내돈내산|추천|후기
f43ba6db4919346f,domestic_travel,0.25,추천|후기
4323c3143f439fb3,food,0.88,맛집|고기|내돈내산|데이트
7c019754e064d3af,food,1.00,맛집|식당|카페|내돈내산|방문
6b66b4f3f5d06206,food,0.63,맛집|내돈내산|후기
2ed80d04d6687c24,food,0.50,맛집|내돈내산
2ed80d04d6687c24,domestic_travel,0.25,당일치기
239b3a234ca14576,food,0.75,맛집|카페|내돈내산
239b3a234ca14576,domestic_travel,0.25,바다
a2b8db8d48bcb829,food,0.63,맛집|내돈내산|후기
4b902301f25381e6,food,1.00,맛집|고기|내돈내산|방문|추천|후기
4b902301f25381e6,domestic_travel,0.38,방문|추천|후기
24da1eecdc4b4cba,food,0.88,맛집|고기|내돈내산|데이트
ab235f791be60b15,food,0.63,맛집|내돈내산|추천
a64b2700e50f666e,food,0.88,맛집|내돈내산|술집|방문
1cc8069c0c12aa9e,food,0.63,맛집|내돈내산|후기
11942367a3ee07d1,food,0.75,맛집|디저트|내돈내산
6630a1c9126e4213,food,0.88,맛집|내돈내산|웨이팅|후기
f77a1f203b23eb3d,food,1.00,맛집|카페|내돈내산|방문|데이트
f77a1f203b23eb3d,domestic_travel,0.50,가볼만한곳|방문|데이트
6e5cb95567564222,food,0.63,맛집|내돈내산|방문
846229715c402586,food,0.63,맛집|내돈내산|방문
846229715c402586,domestic_travel,0.38,시장|방문
8fe3594c4ff7ded5,food,0.75,맛집|내돈내산|추천|후기
8fe3594c4ff7ded5,domestic_travel,0.25,추천|후기
52ffbd9cdf086117,food,0.50,맛집|내돈내산
52ffbd9cdf086117,domestic_travel,0.25,숙소
551b4035aa7c7469,food,0.63,맛집|내돈내산|추천
0598a86da8e31ee2,food,0.88,맛집|내돈내산|웨이팅|후기
7e0f6d4031f0db2f,food,0.75,맛집|메뉴|내돈내산
88fe24adcfddae8d,food,0.75,맛집|고기|내돈내산
b9e434fe4fc225eb,food,0.50,맛집|내돈내산
b8404ac3617ab5c8,food,0.88,맛집|카페|내돈내산|후기
a3aff38e76e1861e,food,0.63,맛집|내돈내산|후기
f829b0ab20f7f86f,food,1.00,맛집|점심|내돈내산|추천|후기
f829b0ab20f7f86f,domestic_travel,0.25,추천|후기
673e4a1d85e1f4d0,food,0.88,맛집|파스타|내돈내산|추천
749b571c4a93989f,food,0.88,맛집|내돈내산|술집|핫플
77e619e4c1665bb2,food,0.25,맛집
a41b08a28afabdbc,food,0.75,맛집|카페|내돈내산
900a54998006ff1a,food,1.00,맛집|카페|내돈내산|방문|추천|후기|데이트
900a54998006ff1a,domestic_travel,0.50,방문|추천|후기|데이트
5100ce8b8f7ab46c,food,0.75,맛집|카페|내돈내산
b6eb1ff60345d3a7,food,1.00,맛집|카페|내돈내산|방문|후기
b6eb1ff60345d3a7,domestic_travel,0.25,방문|후기
a699998cc86320a3,food,0.50,맛집|내돈내산
ccd3133f2342eebc,food,0.88,맛집|식당|내돈내산|후기
8f3a10fc6ccc2425,food,0.88,맛집|카페|내돈내산|후기
15496cfa67a50c12,food,0.75,맛집|식당|내돈내산
a9170ddc70c48f5d,food,0.75,맛집|내돈내산|방문|후기
a9170ddc70c48f5d,domestic_travel,0.25,방문|후기
b57deec7d950234d,food,0.88,맛집|메뉴|내돈내산|후기
4f3353805aa789f0,food,0.75,맛집|내돈내산|방문|추천
4f3353805aa789f0,domestic_travel,0.25,방문|추천
0ec63d0cfb16db1c,food,0.63,맛집|내돈내산|후기
0ec63d0cfb16db1c,domestic_travel,0.38,바다|후기
52b8d380a2038b52,food,0.63,맛집|내돈내산|후기
52b8d380a2038b52,domestic_travel,0.38,숙소|후기
6d055d7c9754e593,food,0.50,맛집|내돈내산
6c6404b44295cbea,food,0.63,맛집|내돈내산|후기
90bbaf149d46f3e3,food,1.00,맛집|점심|카페|내돈내산|추천|후기
90bbaf149d46f3e3,domestic_travel,0.25,추천|후기
c7ce8f642ffcf080,food,0.88,맛집|내돈내산|다이닝|후기
e2fe2c4bead4029e,food,1.00,맛집|카페|내돈내산|방문|데이트
e2fe2c4bead4029e,domestic_travel,0.25,방문|데이트
ba51319f52f6b996,food,1.00,맛집|메뉴|내돈내산|술집|추천|후기
ba51319f52f6b996,domestic_travel,0.25,추천|후기
5ce04d368b0b04cf,food,0.75,맛집|내돈내산|방문|후기
5ce04d368b0b04cf,domestic_travel,0.25,방문|후기
d7f2e5e779bafaa1,food,1.00,맛집|메뉴|내돈내산|웨이팅|방문|후기
d7f2e5e779bafaa1,domestic_travel,0.25,방문|후기
b22db8263c95e7d3,food,0.63,맛집|내돈내산|후기
e6131c7b0bce9a8d,food,1.00,맛집|점심|카페|내돈내산|추천|후기
e6131c7b0bce9a8d,domestic_travel,0.25,추천|후기
35629bcc40daf974,food,0.88,맛집|카페|내돈내산|방문
f6675ec6411ef0fa,food,0.75,맛집|내돈내산|추천|후기
f6675ec6411ef0fa,domestic_travel,0.25,추천|후기
5899f8c635572212,food,0.88,맛집|고기|내돈내산|후기
dfd3e740d77b4a10,food,1.00,맛집|카페|내돈내산|방문|후기|데이트
dfd3e740d77b4a10,domestic_travel,0.38,방문|후기|데이트
721610bb1fb0a6a5,food,0.75,맛집|고기|내돈내산
d410eff3e97716e9,food,0.75,맛집|식당|내돈내산
18c4f6efb88f249e,food,1.00,맛집|메뉴|점심|내돈내산|추천
c57f83710cfcd78b,food,0.75,맛집|내돈내산|후기|핫플
c57f83710cfcd78b,domestic_travel,0.25,후기|핫플
a3d2810ca4321d2c,food,1.00,맛집|저녁|내돈내산|웨이팅|방문|후기
a3d2810ca4321d2c,domestic_travel,0.25,방문|후기
6e830dc84cf96912,food,0.63,맛집|내돈내산|추천
e173280366b68ead,food,1.00,맛집|식당|내돈내산|밥집|후기
cf193c503760002a,food,0.50,맛집|내돈내산
67f73cdaf34c2df1,food,1.00,맛집|디저트|내돈내산|추천|후기
67f73cdaf34c2df1,domestic_travel,0.25,추천|후기
67dbd66061473d7e,food,0.88,맛집|내돈내산|다이닝|후기
323bbc2ef7ab9a80,food,0.50,맛집|내돈내산
e1478aa73f7b7812,food,1.00,맛집|식당|내돈내산|후기|데이트
e1478aa73f7b7812,domestic_travel,0.50,가볼만한곳|후기|데이트
cfa9a33e79a7ea5f,food,0.88,맛집|내돈내산|밥집|후기
0d6ab2eb9a75aae6,food,1.00,맛집|카페|디저트|내돈내산|방문|후기
0d6ab2eb9a75aae6,domestic_travel,0.25,방문|후기
3eaf4b27c27461ee,food,0.88,맛집|메뉴|내돈내산|후기
f2533ec0459abc60,food,0.63,맛집|내돈내산|후기
d838b99a272d3db2,food,0.50,맛집|내돈내산
0cbf442dca5d1db0,food,0.88,맛집|내돈내산|밥집|후기
7d09f97ee7b8d8de,food,0.75,맛집|내돈내산|방문|후기
7d09f97ee7b8d8de,domestic_travel,0.25,방문|후기
0cffcfd0990eb846,food,0.88,맛집|내돈내산|술집|후기
f6521f9f17958023,food,0.63,맛집|내돈내산|후기
662c33784eed88de,food,0.63,맛집|내돈내산|방문
005b1dd3fb04edbb,food,0.88,맛집|내돈내산|술집|방문
e376227c19544481,food,0.88,맛집|라멘|내돈내산|후기
13ad4f378f7e3840,food,0.75,맛집|카페|내돈내산
af9b4967a069e987,food,0.63,맛집|내돈내산|후기
ec2914eb4c9580bf,food,1.00,맛집|내돈내산|웨이팅|방문|추천
ec2914eb4c9580bf,domestic_travel,0.25,방문|추천
27162897482cf57e,food,0.63,맛집|내돈내산|후기
5b2906b97133c225,food,0.75,맛집|내돈내산|술집
a20ae8a3c4dc6b69,food,0.75,맛집|내돈내산|방문|후기
a20ae8a3c4dc6b69,domestic_travel,0.25,방문|후기
222bcafb639a404f,food,1.00,맛집|식당|내돈내산|방문|후기
222bcafb639a404f,domestic_travel,0.25,방문|후기
a5aa2cb58842d284,food,0.75,맛집|고기|내돈내산
ac17578921ae8ac8,food,0.75,맛집|디저트|내돈내산
ec197ee4a3754271,food,0.50,맛집|내돈내산
ec197ee4a3754271,domestic_travel,0.50,국내여행|가볼만한곳
338c04d9bd0fba92,food,0.88,맛집|내돈내산|밥집|핫플
70140a18b11bb37d,food,0.88,맛집|카페|내돈내산|핫플
70140a18b11bb37d,domestic_travel,0.38,나들이|핫플
7ee72c1e7dcb7854,food,1.00,맛집|저녁|내돈내산|방문|추천|후기
7ee72c1e7dcb7854,domestic_travel,0.38,방문|추천|후기
c57c53b991e8260b,food,0.75,맛집|내돈내산|방문|후기
c57c53b991e8260b,domestic_travel,0.25,방문|후기
5fa5bbcf8a5d9097,food,0.75,맛집|내돈내산|웨이팅
0c461de730cb1e78,food,1.00,맛집|카페|디저트|내돈내산|방문|후기|핫플|데이트
0c461de730cb1e78,domestic_travel,0.75,가볼만한곳|방문|후기|데이트|핫플
5156188b216e3969,food,0.88,맛집|점심|내돈내산|후기
91032d9d94d97ef3,food,0.63,맛집|내돈내산|방문
98b0a13f0df62bb7,food,1.00,맛집|고기|내돈내산|방문|추천
98b0a13f0df62bb7,domestic_travel,0.25,방문|추천
3f68145dd5d72427,food,0.88,맛집|내돈내산|추천|후기|데이트
3f68145dd5d72427,domestic_travel,0.38,추천|후기|데이트
4767e182609b8812,food,0.88,맛집|카페|내돈내산|데이트
beecf98350cf9b55,food,0.75,맛집|내돈내산|방문|후기
beecf98350cf9b55,domestic_travel,0.25,방문|후기
2006b62126910e85,food,0.75,맛집|메뉴|내돈내산
c121fe77f3e46f2f,food,1.00,맛집|내돈내산|웨이팅|방문|후기
c121fe77f3e46f2f,domestic_travel,0.25,방문|후기
dc034f79eaeb1a1a,food,0.50,맛집|내돈내산
81d48ac7c78b672d,food,1.00,맛집|메뉴|점심|내돈내산|밥집|추천
596cee7151e949df,food,0.63,맛집|내돈내산|후기
d5cb83b850e39685,food,1.00,맛집|카페|디저트|내돈내산|추천
f686a787a314a979,food,0.75,맛집|내돈내산|추천|후기
f686a787a314a979,domestic_travel,0.25,추천|후기
6ed9c93767acddb7,food,1.00,맛집|카페|디저트|내돈내산
2c799924cfbcc0f6,food,0.75,맛집|내돈내산|방문|후기
2c799924cfbcc0f6,domestic_travel,0.25,방문|후기
70cdcd1034cc7488,food,1.00,맛집|디저트|내돈내산|추천|후기
70cdcd1034cc7488,domestic_travel,0.25,추천|후기
d1207abfd727a4c6,food,0.88,맛집|내돈내산|후기|핫플|데이트
d1207abfd727a4c6,domestic_travel,0.38,후기|데이트|핫플
77840b61fde498c3,food,0.63,맛집|내돈내산|후기
f7c8d543f32f7949,food,1.00,맛집|식당|점심|내돈내산|추천|후기
f7c8d543f32f7949,domestic_travel,0.25,추천|후기
08d486aee80f4b42,food,0.50,맛집|내돈내산
d9a497726c0a542b,food,0.63,맛집|내돈내산|후기
75c2d32933c8ce63,food,0.50,맛집|내돈내산
ae2135145c548ad0,food,0.75,맛집|디저트|내돈내산
b4a5b64194d4ec87,food,1.00,맛집|카페|브런치|내돈내산|후기
b3fe4b5def2ac1e0,food,1.00,맛집|고기|내돈내산|방문|추천|후기
b3fe4b5def2ac1e0,domestic_travel,0.38,방문|추천|후기
a3ecfb973bd420b4,food,1.00,맛집|카페|내돈내산|추천|후기
a3ecfb973bd420b4,domestic_travel,0.25,추천|후기
25202252481bfd70,food,0.50,맛집|내돈내산
d61e9ab3d3099b9d,food,0.75,맛집|내돈내산|방문|후기
d61e9ab3d3099b9d,domestic_travel,0.25,방문|후기
9ce81be7c70a5940,food,1.00,맛집|카페|내돈내산|방문|후기
9ce81be7c70a5940,domestic_travel,0.25,방문|후기
de96dd06a93a5640,food,0.63,맛집|내돈내산|후기
ecbcdf892617f23a,food,1.00,맛집|메뉴|내돈내산|방문|후기
ecbcdf892617f23a,domestic_travel,0.25,방문|후기
1f5e2a10c09bf6e3,food,1.00,맛집|라멘|내돈내산|방문|후기
1f5e2a10c09bf6e3,domestic_travel,0.25,방문|후기
abd1a7c2f17ea24f,food,0.75,맛집|저녁|내돈내산
abd1a7c2f17ea24f,domestic_travel,0.25,시장
ec6d1495f0ed2e62,food,0.88,맛집|내돈내산|술집|후기
1ffd1944023fdbc1,food,0.50,맛집|내돈내산
8f7267b4622f4802,food,0.75,맛집|내돈내산|방문|후기
8f7267b4622f4802,domestic_travel,0.25,방문|후기
44c3b9dba182f70b,food,0.75,맛집|고기|내돈내산
b301d64ca167ef20,food,1.00,맛집|메뉴|고기|내돈내산|웨이팅|방문|후기
b301d64ca167ef20,domestic_travel,0.25,방문|후기
52474ebd6b2a8227,food,0.63,맛집|내돈내산|후기
ac7d1a0b6af94892,food,0.75,맛집|카페|내돈내산
3def94f3936fca62,food,0.50,맛집|내돈내산
f4bc38038bd29f8d,food,1.00,맛집|내돈내산|방문|후기|핫플|데이트
f4bc38038bd29f8d,domestic_travel,0.50,방문|후기|데이트|핫플
3985b9f94e97922a,food,0.50,맛집|내돈내산
b69f4ed48766afc6,food,0.50,맛집|내돈내산
2d8e89b50a9ae9d6,food,0.50,맛집|내돈내산
658d7e2bbf2049e7,food,0.50,맛집|내돈내산
33ca152fec1fe7fa,food,0.75,맛집|식당|내돈내산
fc28d55e26e7c9ff,food,0.75,맛집|고기|내돈내산
9c13a307efd3754e,food,1.00,맛집|식당|내돈내산|추천|후기
9c13a307efd3754e,domestic_travel,0.25,추천|후기
405c223757da89d1,food,0.75,맛집|내돈내산|추천|후기
405c223757da89d1,domestic_travel,0.25,추천|후기
877f3698bfe26fab,food,1.00,맛집|점심|내돈내산|후기|핫플|데이트
877f3698bfe26fab,domestic_travel,0.38,후기|데이트|핫플
074978b8e96a1e65,food,1.00,맛집|식당|고기|내돈내산|웨이팅|후기
b6b005525c296fdb,food,0.63,맛집|내돈내산|후기
9f45949d985d877e,food,0.63,맛집|내돈내산|후기
ee7e1c2dcbaaeee9,food,0.63,맛집|내돈내산|후기
1e0320df557f87e0,food,0.88,맛집|라멘|내돈내산|후기
253e6689ff3e79ef,food,0.75,맛집|내돈내산|추천|후기
253e6689ff3e79ef,domestic_travel,0.25,추천|후기
7e947b60c6795acf,food,0.63,맛집|내돈내산|후기
35d6ae4f86f2263a,food,0.75,맛집|내돈내산|방문|후기
35d6ae4f86f2263a,domestic_travel,0.25,방문|후기
c7910c29c5fb0fa9,food,0.88,맛집|내돈내산|웨이팅|핫플
569f333ad195f87a,food,0.50,맛집|내돈내산
bc3bbeb822576538,food,0.88,맛집|카페|내돈내산|방문
1bafa40386476c22,food,0.63,맛집|내돈내산|후기
6b74066dcbae56fd,food,1.00,맛집|카페|브런치|내돈내산
7978a89e2555751a,food,0.88,맛집|고기|내돈내산|방문
d551fb66ba06feca,food,0.88,맛집|메뉴|내돈내산|후기
ad918468847dda07,food,1.00,맛집|메뉴|내돈내산|웨이팅
f19e88f109400a8c,food,1.00,맛집|카페|디저트|내돈내산|후기
0278bbc7be66d8bc,food,0.88,맛집|내돈내산|방문|후기|데이트
0278bbc7be66d8bc,domestic_travel,0.38,방문|후기|데이트
40d0c77c1f3546c2,food,0.50,맛집|내돈내산
0257b84701d93b2c,food,0.63,맛집|내돈내산|후기
d5b79258613c56e2,food,1.00,맛집|내돈내산|방문|추천|후기|데이트
d5b79258613c56e2,domestic_travel,0.75,가볼만한곳|방문|추천|후기|데이트
2ae9909e3201f504,food,0.63,맛집|내돈내산|핫플
2ae9909e3201f504,domestic_travel,0.38,여행코스|핫플
9bd8285ddada8cc7,food,0.75,맛집|식당|내돈내산
91d5f2a3776c4174,food,0.75,맛집|카페|내돈내산
91456a61eb58f817,food,0.50,맛집|내돈내산
f68352dce56b0992,food,1.00,맛집|식당|고기|내돈내산
2d831f3421d66b49,food,1.00,맛집|메뉴|파스타|내돈내산
9e14014d067548e6,food,0.75,맛집|메뉴|내돈내산
e18f9845d55f67ce,food,0.75,맛집|카페|내돈내산
5adf18ed997e10be,food,1.00,맛집|점심|내돈내산|방문|후기
5adf18ed997e10be,domestic_travel,0.25,방문|후기
b20363c5c6ccdd44,food,1.00,맛집|카페|디저트|내돈내산
8ff157183f7aa9c2,food,1.00,맛집|카페|내돈내산|추천|후기
8ff157183f7aa9c2,domestic_travel,0.50,가볼만한곳|추천|후기
0f9b3b7ea05dd4ad,food,0.63,맛집|내돈내산|후기
0f9b3b7ea05dd4ad,domestic_travel,0.38,명소|후기
248dd6cbe6f95660,food,0.75,맛집|내돈내산|방문|후기
248dd6cbe6f95660,domestic_travel,0.25,방문|후기
5529bbaa9d9feda1,food,0.63,맛집|내돈내산|후기
936a59519c0b988e,food,0.63,맛집|내돈내산|후기
1b33c216b2c199ba,food,0.88,맛집|카페|내돈내산|추천
53200a2f3d483468,food,0.75,맛집|내돈내산|술집
53200a2f3d483468,domestic_travel,0.25,바다
8ff640db957c2437,food,0.50,맛집|내돈내산
44d0cd19c03cfee8,food,1.00,맛집|카페|디저트|내돈내산|방문|후기|데이트
44d0cd19c03cfee8,domestic_travel,0.38,방문|후기|데이트
f4aeba1c8cea9bd4,food,0.50,맛집|내돈내산
f4aeba1c8cea9bd4,domestic_travel,0.25,숙소
4b1b3242f48c98f2,food,0.75,맛집|내돈내산|추천|데이트
4b1b3242f48c98f2,domestic_travel,0.25,추천|데이트
ecbb87b945a5931f,food,1.00,맛집|메뉴|내돈내산|술집|추천
c202386ed5581d4a,food,0.63,맛집|내돈내산|방문
46fc1aadb6f4aba0,food,0.63,맛집|내돈내산|방문
aa6b84301debd25f,food,1.00,맛집|식당|고기|내돈내산|웨이팅
519485fb7377213c,food,0.88,맛집|고기|내돈내산|방문
fa9fed4b02f7cd87,food,1.00,맛집|저녁|내돈내산|웨이팅|방문
27b0d210436ae2b0,food,1.00,맛집|카페|디저트|내돈내산|추천|후기
27b0d210436ae2b0,domestic_travel,0.25,추천|후기
28b89044112882f1,food,1.00,맛집|메뉴|점심|내돈내산|추천|후기
28b89044112882f1,domestic_travel,0.25,추천|후기
de148867e7836005,food,0.63,맛집|내돈내산|방문
7ed17302c8ef5af3,food,0.88,맛집|식당|내돈내산|후기
7ed17302c8ef5af3,domestic_travel,0.38,가볼만한곳|후기
59d3e9563e83fb75,food,0.88,맛집|고기|내돈내산|방문
d0e7c6408e45d7c2,food,0.63,맛집|내돈내산|후기
737bb14cbd3ac403,food,1.00,맛집|내돈내산|술집|방문|후기
737bb14cbd3ac403,domestic_travel,0.25,방문|후기
fbd85dabb26ee7d1,food,1.00,맛집|메뉴|내돈내산|추천|후기
fbd85dabb26ee7d1,domestic_travel,0.25,추천|후기
89b93b242425bb79,food,1.00,맛집|내돈내산|술집|방문|추천
89b93b242425bb79,domestic_travel,0.25,방문|추천
739fcef5db67923f,food,1.00,맛집|카페|내돈내산|추천|후기|데이트
739fcef5db67923f,domestic_travel,0.38,추천|후기|데이트
27eeb40133cd33cf,food,0.75,맛집|내돈내산|웨이팅
0828aaa0a102edff,food,1.00,맛집|카페|디저트|내돈내산|후기|데이트
0828aaa0a102edff,domestic_travel,0.25,후기|데이트
04d4e5f978e709ca,food,1.00,맛집|식당|카페|내돈내산
5c8ae8f9f09b1697,food,0.75,맛집|카페|내돈내산
8d58d2d14cbe94df,food,0.88,맛집|내돈내산|추천|후기|데이트
8d58d2d14cbe94df,domestic_travel,0.38,추천|후기|데이트
2a32bfc700c86d6e,food,0.63,맛집|내돈내산|방문
0663fb0fb74c5d64,food,0.75,맛집|점심|내돈내산
0663fb0fb74c5d64,domestic_travel,0.25,가볼만한곳
2531564295406845,food,1.00,맛집|내돈내산|웨이팅|방문|후기
2531564295406845,domestic_travel,0.25,방문|후기
a0f1c284cc98d9cb,food,1.00,맛집|메뉴|디저트|내돈내산|후기
c5ee52cdc7861c16,food,0.75,맛집|내돈내산|방문|후기
c5ee52cdc7861c16,domestic_travel,0.50,바다|방문|후기
b482d3a68c2f852d,food,1.00,맛집|카페|내돈내산|추천|데이트
b482d3a68c2f852d,domestic_travel,0.50,가볼만한곳|추천|데이트
17d39a9c2ddd7c7a,food,0.88,맛집|식당|내돈내산|후기
fceb1e600bf5973f,food,0.63,맛집|내돈내산|방문
fceb1e600bf5973f,domestic_travel,0.38,시장|방문
9140b953d3e33af1,food,0.50,맛집|내돈내산
8ff045220aa65521,food,0.63,맛집|내돈내산|방문
8ff045220aa65521,domestic_travel,0.38,가볼만한곳|방문
1198311e60f0cff4,food,0.88,맛집|점심|내돈내산|후기
00bc3b734353a657,food,0.50,맛집|내돈내산
00bc3b734353a657,domestic_travel,0.50,시장|나들이
e32ed27a191ab973,food,1.00,맛집|카페|내돈내산|웨이팅|데이트
e32ed27a191ab973,domestic_travel,0.38,가볼만한곳|데이트
f8c1b7623e0c423e,food,1.00,맛집|점심|고기|내돈내산|방문
28e20a06a032973e,food,0.75,맛집|내돈내산|방문|후기
28e20a06a032973e,domestic_travel,0.25,방문|후기
f7e0ec5263d98b11,food,0.75,맛집|내돈내산|방문|후기
f7e0ec5263d98b11,domestic_travel,0.25,방문|후기
b9c2be4b07ec4376,food,0.75,맛집|내돈내산|웨이팅
5946eb336723cd79,food,0.50,맛집|내돈내산
9804db2dd65654d5,food,0.50,맛집|내돈내산
6d8d905cc6f7b64d,food,0.50,맛집|내돈내산
993088dac1551c25,food,0.88,맛집|식당|내돈내산|후기
24b17eedbf4e42ca,food,0.63,맛집|내돈내산|후기
24b17eedbf4e42ca,domestic_travel,0.38,가볼만한곳|후기
0db14a4b00ef44b9,food,1.00,맛집|메뉴|고기|내돈내산
b146f6989963161f,food,0.88,맛집|내돈내산|밥집|후기
768f93e29772d118,food,0.63,맛집|내돈내산|후기
e67e0658880ab5db,food,0.88,맛집|메뉴|내돈내산|후기
8265ba9baabf0cbe,food,1.00,맛집|카페|디저트|내돈내산|추천
8265ba9baabf0cbe,domestic_travel,0.38,가볼만한곳|추천
a86c39aeebe96a92,food,0.75,맛집|메뉴|내돈내산
99c7e27d93feed18,food,1.00,맛집|점심|내돈내산|추천|후기
99c7e27d93feed18,domestic_travel,0.25,추천|후기
a24490a8229f12ae,food,0.88,맛집|카페|내돈내산|추천
a24490a8229f12ae,domestic_travel,0.63,국내여행|여행코스|추천
9e72fb472190b9f3,food,0.63,맛집|내돈내산|후기
d2bfee572d83f9a3,food,0.63,맛집|내돈내산|후기
1d6854ff1d9d5d0d,food,0.50,맛집|내돈내산
4e71bf397c0c9eb0,food,0.63,맛집|메뉴|방문
d3496495eeba8af9,food,1.00,맛집|카페|디저트|내돈내산|방문|추천|후기
d3496495eeba8af9,domestic_travel,0.38,방문|추천|후기
816156cf6dce1cd8,food,0.88,맛집|카페|내돈내산|추천
816156cf6dce1cd8,domestic_travel,0.38,가볼만한곳|추천
e3855976d961233d,food,0.75,맛집|내돈내산|핫플|데이트
e3855976d961233d,domestic_travel,0.25,데이트|핫플
08e1ef552ef107e5,food,0.75,맛집|카페|내돈내산
16f8079937bb0f64,food,1.00,맛집|파스타|내돈내산|방문|후기|데이트
16f8079937bb0f64,domestic_travel,0.38,방문|후기|데이트
144e9f9babf200e0,food,0.63,맛집|내돈내산|추천
a5227201505de888,food,1.00,맛집|카페|디저트|내돈내산|후기
6c9d969444dbe335,food,0.50,맛집|내돈내산
6c9d969444dbe335,domestic_travel,0.50,가볼만한곳|바다
860562301af84e10,food,1.00,맛집|내돈내산|술집|방문|후기
860562301af84e10,domestic_travel,0.25,방문|후기
fb6a3c1a0359a534,food,0.88,맛집|카페|내돈내산|핫플
fb6a3c1a0359a534,domestic_travel,0.38,국내여행|핫플
e5ffb1d5ba34ef09,food,0.88,맛집|식당|내돈내산|추천
d1855d2db1f9faec,food,0.50,맛집|내돈내산
c3963e04243ca2e3,food,0.88,맛집|라멘|내돈내산|후기
8069d352bd399500,food,0.75,맛집|내돈내산|술집
bcdb73714704f4ba,food,1.00,맛집|내돈내산|술집|추천|후기|데이트
bcdb73714704f4ba,domestic_travel,0.38,추천|후기|데이트
8e44df5c6b2688c8,food,0.50,맛집|내돈내산
24fdb8397fb9b11e,food,0.88,맛집|카페|내돈내산|후기
ac11704d03d90069,food,0.63,맛집|내돈내산|추천
8bd578c6e9288696,food,1.00,맛집|메뉴|점심|내돈내산|추천|후기
8bd578c6e9288696,domestic_travel,0.25,추천|후기
bd5324b82900462c,food,0.75,맛집|내돈내산|방문|후기
bd5324b82900462c,domestic_travel,0.25,방문|후기
52a1ad09e8154444,food,0.50,맛집|내돈내산
310b786b1b24048d,food,1.00,맛집|저녁|내돈내산|방문|데이트
310b786b1b24048d,domestic_travel,0.25,방문|데이트
5e491529c9b5d57a,food,0.63,맛집|내돈내산|후기
44418a22eba86fe5,food,0.75,맛집|내돈내산|방문|후기
44418a22eba86fe5,domestic_travel,0.25,방문|후기
4ee72fb751d84bb6,food,0.88,맛집|내돈내산|방문|추천|후기
4ee72fb751d84bb6,domestic_travel,0.38,방문|추천|후기
1e9b4a64698f029f,food,1.00,맛집|파스타|내돈내산|추천|데이트
1e9b4a64698f029f,domestic_travel,0.25,추천|데이트
8c87a34ef9d5c7ef,food,0.88,맛집|내돈내산|웨이팅|후기
48b683fbc5f294af,food,0.88,맛집|고기|내돈내산|방문
6db99dfc36ef5b60,food,0.75,맛집|내돈내산|방문|후기
6db99dfc36ef5b60,domestic_travel,0.25,방문|후기
064b82cf1c3a4bee,food,0.75,맛집|카페|내돈내산
316db023fbcd4d19,food,0.75,맛집|내돈내산|밥집
460ed0f740bcbaa9,food,0.63,맛집|내돈내산|후기
c4af6940177d2951,food,0.75,맛집|내돈내산|방문|후기
c4af6940177d2951,domestic_travel,0.25,방문|후기
e6aca67ae5ed8705,food,0.88,맛집|카페|내돈내산|추천
e6aca67ae5ed8705,domestic_travel,0.38,여행코스|추천
f849bf5f4de019db,food,0.63,맛집|내돈내산|후기
dafc849bfff00e9c,food,1.00,맛집|식당|내돈내산|후기|데이트
dafc849bfff00e9c,domestic_travel,0.25,후기|데이트
71ebf31d9b960e56,food,0.75,맛집|내돈내산|추천|후기
71ebf31d9b960e56,domestic_travel,0.50,숙소|추천|후기
50bc47ae1e36f14d,food,0.75,맛집|카페|내돈내산
7e95be9ed8780b04,food,0.63,맛집|내돈내산|추천
c4fc0cfbfe4fcbce,food,0.88,맛집|고기|내돈내산|후기
c4fc0cfbfe4fcbce,domestic_travel,0.38,시장|후기
d85eaa2d6528f02c,food,0.75,맛집|내돈내산|추천|후기
d85eaa2d6528f02c,domestic_travel,0.50,축제|추천|후기
57b04f85411a6cba,food,0.63,맛집|내돈내산|후기
e11294f78cc4d21c,food,0.88,맛집|메뉴|내돈내산|후기
75191433ad375df0,food,1.00,맛집|고기|내돈내산|웨이팅|밥집|추천|후기
75191433ad375df0,domestic_travel,0.25,추천|후기
c41c63fcd6af49bb,food,1.00,맛집|고기|내돈내산|방문|후기
c41c63fcd6af49bb,domestic_travel,0.25,방문|후기
a7f88b346725b651,food,0.75,맛집|파스타|내돈내산
a43111435e9ca3a6,food,1.00,맛집|메뉴|카페|내돈내산|방문
a394d2e0812b24ca,food,1.00,맛집|식당|저녁|고기|내돈내산|후기
a394d2e0812b24ca,domestic_travel,0.63,시장|나들이|후기
7ff58a5c3c11a2b4,food,1.00,맛집|메뉴|점심|내돈내산|방문|후기
7ff58a5c3c11a2b4,domestic_travel,0.25,방문|후기
5099b1c095973796,food,0.75,맛집|내돈내산|방문|후기
5099b1c095973796,domestic_travel,0.25,방문|후기
e8d27da021998800,food,0.63,맛집|내돈내산|추천
2a39f1d85b691679,food,0.50,맛집|내돈내산
2a39f1d85b691679,domestic_travel,0.25,시장
450ed2adcddce30f,food,0.50,맛집|내돈내산
9f34e2b45b8a1817,food,0.88,맛집|점심|내돈내산|방문
b85ade725303d613,food,0.63,맛집|내돈내산|추천
5136ff3c2fc94ec9,food,0.63,맛집|내돈내산|후기
c8b619eea16ad3e0,food,1.00,맛집|카페|디저트|내돈내산|후기|데이트
c8b619eea16ad3e0,domestic_travel,0.25,후기|데이트
de3d79d054f508d7,food,0.88,맛집|식당|내돈내산|핫플
3fba48d33b745060,food,0.75,맛집|내돈내산|웨이팅
d3c85650a5da28a4,food,0.75,맛집|내돈내산|후기|핫플
d3c85650a5da28a4,domestic_travel,0.50,가볼만한곳|후기|핫플
1a47fc4d836bddfc,food,1.00,맛집|고기|내돈내산|방문|후기
1a47fc4d836bddfc,domestic_travel,0.25,방문|후기
d8b1694285d3aa58,food,0.88,맛집|내돈내산|웨이팅|후기
7b6305bd0d2f791b,food,0.75,맛집|디저트|내돈내산
e2ec3152fddcfbdc,food,1.00,맛집|내돈내산|웨이팅|방문|추천
e2ec3152fddcfbdc,domestic_travel,0.25,방문|추천
cafedf5d62f560c4,food,0.63,맛집|내돈내산|후기
4841b9c16aad5ad9,food,0.63,맛집|메뉴|추천
4841b9c16aad5ad9,domestic_travel,0.38,나들이|추천
3c90b9be4516ede2,food,0.63,맛집|내돈내산|방문
94ca1fd03749bc6b,food,1.00,맛집|카페|내돈내산|웨이팅|추천|후기|핫플
94ca1fd03749bc6b,domestic_travel,0.38,추천|후기|핫플
7ae8e3091f026903,food,0.50,맛집|내돈내산
7ae8e3091f026903,domestic_travel,0.50,숙소|해변
c5ceedd63ffe2d91,food,0.88,맛집|디저트|내돈내산|데이트
c5ceedd63ffe2d91,domestic_travel,0.38,나들이|데이트
2cef14cbb726690b,food,0.75,맛집|내돈내산|추천|후기
2cef14cbb726690b,domestic_travel,0.25,추천|후기
4a6493c6c86d73e7,food,0.75,맛집|카페|내돈내산
4a6493c6c86d73e7,domestic_travel,0.25,가볼만한곳
ab58126a0b34863c,food,0.88,맛집|내돈내산|추천|후기|데이트
ab58126a0b34863c,domestic_travel,0.38,추천|후기|데이트
1f281cfb7edf58cf,food,1.00,맛집|카페|디저트|내돈내산|후기
d98891d6df65a8fe,food,0.50,맛집|내돈내산
3e9b4266d81d7b65,food,0.63,맛집|내돈내산|후기
ca2e8660386de9ef,food,0.75,맛집|내돈내산|방문|추천
ca2e8660386de9ef,domestic_travel,0.25,방문|추천
313c766a17d51c67,food,0.63,맛집|내돈내산|추천
caaf53789c966711,food,0.63,맛집|내돈내산|후기
96f263a1e7c0841f,food,0.88,맛집|카페|내돈내산|추천
82799b3276a6708d,food,0.50,맛집|내돈내산
c2faaa58d3520efe,food,0.63,맛집|내돈내산|추천
80c5cd419e612707,food,0.75,맛집|내돈내산|방문|후기
80c5cd419e612707,domestic_travel,0.25,방문|후기
f9f1300fedecfd28,food,0.63,맛집|내돈내산|후기
d7c0d736812814f3,food,1.00,맛집|카페|내돈내산|웨이팅|추천|후기
d7c0d736812814f3,domestic_travel,0.25,추천|후기
3989b97abc92bcc0,food,1.00,맛집|카페|내돈내산|후기|데이트
3989b97abc92bcc0,domestic_travel,0.25,후기|데이트
a0b59983e5b4c4af,food,0.75,맛집|카페|내돈내산
ee27c7a6920a502d,food,0.88,맛집|내돈내산|추천|후기|데이트
ee27c7a6920a502d,domestic_travel,0.38,추천|후기|데이트
5e0c8dfca575adf3,food,0.63,맛집|내돈내산|후기
3bf3593d38e3f6f3,food,0.75,맛집|고기|내돈내산
37b843df31e3f196,food,1.00,맛집|메뉴|고기|내돈내산
35da40f0ab65bc4d,food,0.63,맛집|내돈내산|후기
b14b302599d67b37,food,0.50,맛집|내돈내산
ef3e9ead73340710,food,1.00,맛집|점심|파스타|내돈내산
820d113378238387,food,0.88,맛집|점심|내돈내산|방문
aa48f9bce44fad0f,food,0.63,맛집|내돈내산|추천
a46a31d3f17d337a,food,0.50,맛집|내돈내산
a46a31d3f17d337a,domestic_travel,0.50,가볼만한곳|나들이
9bbbbd719b677783,food,0.63,맛집|내돈내산|방문
1f329b5ae6488946,food,0.75,맛집|식당|내돈내산
dd1d97f65addcbec,food,0.88,맛집|내돈내산|웨이팅|후기
e4e4de7816c317a3,food,1.00,맛집|점심|저녁|내돈내산|밥집
b93ed5a01d224c76,food,0.63,맛집|내돈내산|후기
ea12bc170d3480c2,food,0.50,맛집|내돈내산
f218a7d6244ac0f0,food,0.63,맛집|내돈내산|방문
4358463f951280d3,food,0.38,맛집|후기
930c361a56e5c5b0,food,1.00,맛집|점심|카페|내돈내산|추천
930c361a56e5c5b0,domestic_travel,0.38,국내여행|추천
8bfaa76ce5ddd022,food,0.50,맛집|내돈내산
2732610cdc6c8bdc,food,0.63,맛집|내돈내산|데이트
2732610cdc6c8bdc,domestic_travel,0.63,가볼만한곳|여행코스|데이트
64052071071d5dea,food,0.88,맛집|카페|내돈내산|후기
0ec25c9285d690a8,food,0.63,맛집|내돈내산|추천
000dd954f1265e31,food,0.75,맛집|내돈내산|방문|추천
000dd954f1265e31,domestic_travel,0.25,방문|추천
f2133214863d0c15,food,0.50,맛집|내돈내산
851c474a88abc3c7,food,1.00,맛집|식당|내돈내산|방문|추천|후기
851c474a88abc3c7,domestic_travel,0.38,방문|추천|후기
7b63f829266f6d61,food,0.50,맛집|내돈내산
708da4ad54320f3d,food,0.75,맛집|카페|내돈내산
309df22779287f79,food,0.63,맛집|내돈내산|추천
160f705b619ed855,food,1.00,맛집|식당|카페|내돈내산|추천|데이트
160f705b619ed855,domestic_travel,0.25,추천|데이트
714b07c1131c2fe8,food,0.75,맛집|내돈내산|술집
714b07c1131c2fe8,domestic_travel,0.25,여행코스
ee97c5583a0d0933,food,0.75,맛집|내돈내산|추천|후기
ee97c5583a0d0933,domestic_travel,0.25,추천|후기
147cc0ea95a75b72,food,1.00,맛집|메뉴|카페|내돈내산|후기
b840f8ba5387c61c,food,0.88,맛집|메뉴|내돈내산|방문
8315b6feb92eaded,food,1.00,맛집|점심|고기|내돈내산
010edeeb6fe27121,food,1.00,맛집|메뉴|내돈내산|추천|후기
010edeeb6fe27121,domestic_travel,0.25,추천|후기
ff54e62183fe1566,food,0.63,맛집|내돈내산|추천
01ad907c20426119,food,1.00,맛집|카페|내돈내산|추천|후기|데이트
01ad907c20426119,domestic_travel,0.38,추천|후기|데이트
c1e21ff8d0d713a1,food,0.75,맛집|내돈내산|추천|후기
c1e21ff8d0d713a1,domestic_travel,0.25,추천|후기
6bf111f8abc16a96,food,1.00,맛집|파스타|내돈내산|추천|후기
6bf111f8abc16a96,domestic_travel,0.25,추천|후기
64127c4dd8756c5b,food,0.63,맛집|내돈내산|후기
38fd74da98a3d060,food,0.63,맛집|내돈내산|핫플
e7fbb97fe76b3906,food,0.88,맛집|메뉴|내돈내산|방문
95e1e5c4032172c6,food,0.50,맛집|내돈내산
be4ac96ea8d54522,food,0.25,맛집
fd4a1cf5090fde34,food,0.50,맛집|내돈내산
5e959f0b0ab925a4,food,0.63,맛집|내돈내산|추천
1dc0e9d88aa6fa87,food,0.88,맛집|카페|내돈내산|추천
cdd96210204e2da9,food,1.00,맛집|카페|내돈내산|방문|추천|후기|데이트
cdd96210204e2da9,domestic_travel,0.75,나들이|방문|추천|후기|데이트
6c371ce4b466f1e1,food,0.63,맛집|내돈내산|후기
93085ee9dd612d8c,food,0.88,맛집|카페|내돈내산|방문
fc88e7f53d758b71,food,0.75,맛집|내돈내산|웨이팅
56ef243bbe4f450e,food,1.00,맛집|카페|디저트|내돈내산|방문|추천|후기|데이트
56ef243bbe4f450e,domestic_travel,0.50,방문|추천|후기|데이트
ade4230b82248a90,food,0.63,맛집|내돈내산|후기
c5880c3f9a5bc5eb,food,0.50,맛집|내돈내산
c5880c3f9a5bc5eb,domestic_travel,0.25,시장
42c4f808c307533d,food,0.75,맛집|카페|내돈내산
2a136ba8e008a02c,food,0.63,맛집|내돈내산|후기
7fee34e2e8bf7ada,food,0.75,맛집|고기|내돈내산
51babc09b261c0e2,food,0.63,맛집|내돈내산|후기
8bcc5478d1ac674d,food,1.00,맛집|내돈내산|방문|후기|핫플|데이트
8bcc5478d1ac674d,domestic_travel,0.50,방문|후기|데이트|핫플
865f4614354d00e8,food,0.88,맛집|고기|내돈내산|방문
6efcd81c71018384,food,0.50,맛집|내돈내산
b72dfe28f0c738b3,food,1.00,맛집|카페|디저트|내돈내산|방문|추천
b72dfe28f0c738b3,domestic_travel,0.25,방문|추천
3f731ac2e74313e5,food,0.75,맛집|내돈내산|후기|데이트
3f731ac2e74313e5,domestic_travel,0.25,후기|데이트
d7813a8d9e636b96,food,0.50,맛집|내돈내산
354add15e6ebf23f,food,0.63,맛집|내돈내산|후기
a5809e47d9153d27,food,1.00,맛집|카페|내돈내산|추천|후기|데이트
a5809e47d9153d27,domestic_travel,0.38,추천|후기|데이트
043121881a58c1ef,food,0.88,맛집|식당|내돈내산|추천
242ecf91137e9bb2,food,0.63,맛집|내돈내산|후기
e1833833facef499,food,0.50,맛집|내돈내산
8124b5cb1dd9f08a,food,0.75,맛집|내돈내산|웨이팅
4cbce819786a6067,food,0.63,맛집|내돈내산|후기
6e1b7dd0656d8b10,food,0.63,맛집|내돈내산|후기
81ea1ee1a395ce3b,food,0.75,맛집|고기|내돈내산
a158064bccb570df,food,0.75,맛집|내돈내산|추천|후기
a158064bccb570df,domestic_travel,0.25,추천|후기
cda3395e1bb01d2b,food,0.63,맛집|내돈내산|후기
c8bd18592a7fcaaa,food,0.50,맛집|내돈내산
c8bd18592a7fcaaa,domestic_travel,0.25,해변
c0a8a14f455e5f53,food,0.88,맛집|메뉴|내돈내산|후기
0fbf550ed21b8526,food,1.00,맛집|카페|디저트|내돈내산|추천|후기
0fbf550ed21b8526,domestic_travel,0.25,추천|후기
1fb58e1f4b606803,food,0.88,맛집|카페|내돈내산|후기
ba0fd93481cf6d47,food,0.63,맛집|내돈내산|방문
701d8d334dbfd287,food,0.88,맛집|메뉴|내돈내산|후기
dba06f765ec69b2d,food,0.88,맛집|식당|내돈내산|핫플
dba06f765ec69b2d,domestic_travel,0.38,가볼만한곳|핫플
539b0e277092b890,food,0.75,맛집|내돈내산|술집
539b0e277092b890,domestic_travel,0.25,바다
ed3a8372196fcdcd,food,0.50,맛집|내돈내산
54b52c5a21bfbc51,food,0.50,맛집|내돈내산
76d3cfb5a810d26b,food,0.63,맛집|내돈내산|후기
e354c8c253fb6405,food,1.00,맛집|고기|내돈내산|웨이팅|후기
3cbfa807c5a1cc62,food,0.63,맛집|내돈내산|후기
3cbfa807c5a1cc62,domestic_travel,0.38,시장|후기
a988597f8fd1c980,food,1.00,맛집|카페|내돈내산|후기|데이트
a988597f8fd1c980,domestic_travel,0.75,가볼만한곳|나들이|후기|데이트
ddc8259bbfbc32e2,food,1.00,맛집|브런치|내돈내산|웨이팅|방문|데이트
ddc8259bbfbc32e2,domestic_travel,0.25,방문|데이트
ffaf50372cd505c9,food,0.75,맛집|내돈내산|추천|후기
ffaf50372cd505c9,domestic_travel,0.25,추천|후기
cad58dd09fc50bca,food,1.00,맛집|점심|내돈내산|후기|데이트
cad58dd09fc50bca,domestic_travel,0.25,후기|데이트
abe4927fd567e84d,food,1.00,맛집|카페|내돈내산|추천|후기|핫플
abe4927fd567e84d,domestic_travel,0.38,추천|후기|핫플
b378b7dccb6a66b9,food,0.88,맛집|내돈내산|방문|추천|후기
b378b7dccb6a66b9,domestic_travel,0.38,방문|추천|후기
82d35cde1a7180ad,food,0.88,맛집|내돈내산|방문|추천|후기
82d35cde1a7180ad,domestic_travel,0.38,방문|추천|후기
83ba675282aecc18,food,0.75,맛집|내돈내산|추천|후기
83ba675282aecc18,domestic_travel,0.50,숙소|추천|후기
a1698378b4a525bf,food,0.75,맛집|식당|내돈내산
1326557c8fbb933c,food,0.50,맛집|내돈내산
073698862b66337d,food,0.63,맛집|내돈내산|후기
9f6f9a821cc4f129,food,1.00,맛집|식당|내돈내산|방문|후기
9f6f9a821cc4f129,domestic_travel,0.25,방문|후기
47422789e4f6fdd0,food,1.00,맛집|점심|내돈내산|웨이팅|방문|후기
47422789e4f6fdd0,domestic_travel,0.25,방문|후기
e99b89d5f576b664,food,1.00,맛집|식당|메뉴|내돈내산|방문|추천
e99b89d5f576b664,domestic_travel,0.25,방문|추천
d021ea70008ef072,food,0.75,맛집|식당|내돈내산
dca40eac509b1e84,food,0.75,맛집|점심|내돈내산
c2a1b723d4884514,food,1.00,맛집|카페|디저트|내돈내산|핫플
c2a1b723d4884514,domestic_travel,0.38,나들이|핫플
9c580364e61f5550,food,0.63,맛집|내돈내산|방문
9c580364e61f5550,domestic_travel,0.38,박람회|방문
ed680ae556a39533,food,0.50,맛집|내돈내산
2eaf74be9307ed0f,food,1.00,맛집|메뉴|내돈내산|방문|후기
2eaf74be9307ed0f,domestic_travel,0.25,방문|후기
68eb323288be1139,food,1.00,맛집|카페|내돈내산|웨이팅
5b76659917b88254,food,1.00,맛집|내돈내산|술집|방문|추천|후기
5b76659917b88254,domestic_travel,0.38,방문|추천|후기
5b92a1fc55175da4,food,1.00,맛집|내돈내산|술집|추천|후기
5b92a1fc55175da4,domestic_travel,0.25,추천|후기
2e178c2a7cd0368d,food,0.50,맛집|내돈내산
2e178c2a7cd0368d,domestic_travel,0.25,바다
a731ece742f06aed,food,0.88,맛집|고기|내돈내산|후기
47f8531b4492cb4c,food,1.00,맛집|점심|내돈내산|방문|추천|후기
47f8531b4492cb4c,domestic_travel,0.38,방문|추천|후기
871c56172cc25123,food,0.63,맛집|내돈내산|후기
6796e1c80d692c8b,food,0.88,맛집|카페|내돈내산|후기
16206e17ab8477ae,food,1.00,맛집|메뉴|카페|디저트|내돈내산|추천|후기
16206e17ab8477ae,domestic_travel,0.25,추천|후기
3037c77c036f38c4,food,0.75,맛집|내돈내산|추천|후기
3037c77c036f38c4,domestic_travel,0.25,추천|후기
eeda2a77d0c1f8a0,food,1.00,맛집|점심|저녁|내돈내산|방문|후기|데이트
eeda2a77d0c1f8a0,domestic_travel,0.38,방문|후기|데이트
b4eeb1cf91b69f4f,food,1.00,맛집|메뉴|라멘|내돈내산
2170885e173a3d10,food,0.63,맛집|내돈내산|후기
2f7c01923d786151,food,1.00,맛집|디저트|내돈내산|방문|데이트
2f7c01923d786151,domestic_travel,0.25,방문|데이트
2795c12fbe476567,food,0.75,맛집|내돈내산|추천|후기
2795c12fbe476567,domestic_travel,0.25,추천|후기
f20ed4a03a506a7c,food,0.75,맛집|내돈내산|추천|후기
f20ed4a03a506a7c,domestic_travel,0.25,추천|후기
5df62e6add3fee7c,food,0.75,맛집|식당|내돈내산
3ffff40fb8eb436d,food,0.88,맛집|메뉴|내돈내산|추천
892dbb5951692052,food,0.50,맛집|내돈내산
892dbb5951692052,domestic_travel,0.25,시장
ebc3fca581d65291,food,0.50,맛집|내돈내산
5119c3215b3062c1,food,1.00,맛집|내돈내산|밥집|방문|후기
5119c3215b3062c1,domestic_travel,0.25,방문|후기
5f4a245f1abb0db9,food,0.75,맛집|내돈내산|후기|핫플
5f4a245f1abb0db9,domestic_travel,0.25,후기|핫플
4b267e0b80a68068,food,0.88,맛집|내돈내산|웨이팅|후기
5254f364a6a78db3,food,0.63,맛집|내돈내산|후기
ac0c72366b32ddd1,food,0.88,맛집|저녁|내돈내산|후기
ac0c72366b32ddd1,domestic_travel,0.63,숙소|시장|후기
e8987040fb161356,food,1.00,맛집|메뉴|카페|디저트|내돈내산|방문|추천|후기|데이트
e8987040fb161356,domestic_travel,0.50,방문|추천|후기|데이트
3ed14aebcc3818a8,food,0.63,맛집|내돈내산|후기
11d04acd25c99bd3,food,0.50,맛집|내돈내산
fe732f38f79c404f,food,1.00,맛집|카페|내돈내산|추천|데이트
fe732f38f79c404f,domestic_travel,0.50,서울근교|추천|데이트
ecd4b74f7e43348d,food,0.75,맛집|내돈내산|방문|후기
ecd4b74f7e43348d,domestic_travel,0.25,방문|후기
414648b6b7b91570,food,0.50,맛집|내돈내산
658c0a51892beff7,food,0.88,맛집|고기|내돈내산|방문
0ad0d5fd30ee06e5,food,1.00,맛집|메뉴|브런치|내돈내산|후기
83cc57ad72385bc1,food,0.75,맛집|내돈내산|추천|후기
83cc57ad72385bc1,domestic_travel,0.25,추천|후기
c63f8fba3f62ca3b,food,0.75,맛집|내돈내산|술집
da66396a26e7e24a,food,1.00,맛집|메뉴|점심|내돈내산|후기
db720f139c4cb883,food,0.88,맛집|내돈내산|웨이팅|추천
7efab5b4768ff6f4,food,1.00,맛집|내돈내산|술집|방문|후기|데이트
7efab5b4768ff6f4,domestic_travel,0.38,방문|후기|데이트
897df461d841fc35,food,0.88,맛집|메뉴|내돈내산|추천
19775d3fe5712537,food,0.75,맛집|내돈내산|추천|후기
19775d3fe5712537,domestic_travel,0.25,추천|후기
657d6faffc525c39,food,0.75,맛집|내돈내산|웨이팅
9539c47452134b91,food,1.00,맛집|라멘|카페|내돈내산|술집|후기
5498a54033cfd1a6,food,1.00,맛집|카페|디저트|내돈내산|후기
c3bab0d2436fbf50,food,0.75,맛집|내돈내산|추천|후기
c3bab0d2436fbf50,domestic_travel,0.25,추천|후기
a804118fdf31842b,food,0.63,맛집|내돈내산|후기
53aa747c641fd9f6,food,0.75,맛집|내돈내산|추천|후기
53aa747c641fd9f6,domestic_travel,0.50,당일치기|추천|후기
486b6095314bf185,food,1.00,맛집|카페|내돈내산|추천|후기
486b6095314bf185,domestic_travel,0.50,숙소|추천|후기
7712423dad7bfe60,food,0.75,맛집|내돈내산|방문|추천
7712423dad7bfe60,domestic_travel,0.25,방문|추천
fbf85834d31fdacb,food,1.00,맛집|카페|내돈내산|후기|핫플
fbf85834d31fdacb,domestic_travel,0.25,후기|핫플
999675f05f98300f,food,0.75,맛집|내돈내산|후기|데이트
999675f05f98300f,domestic_travel,0.25,후기|데이트
96737724b2c56647,food,0.63,맛집|식당|방문
96737724b2c56647,domestic_travel,0.38,해변|방문
fea013f9e59ca90e,food,0.50,맛집|내돈내산
539095a0255bde4f,food,1.00,맛집|식당|메뉴|점심|내돈내산
22416ea471cf4ee9,food,0.75,맛집|내돈내산|추천|후기
22416ea471cf4ee9,domestic_travel,0.25,추천|후기
cf1734ed97f4b4a3,food,0.63,맛집|내돈내산|방문
5e784ebd3e7d6241,food,1.00,맛집|식당|점심|내돈내산|방문|후기
5e784ebd3e7d6241,domestic_travel,0.50,숙소|방문|후기
6ee4a454e2651661,food,1.00,맛집|카페|디저트|내돈내산
c63ee6f70dbd7745,food,0.75,맛집|내돈내산|추천|후기
c63ee6f70dbd7745,domestic_travel,0.25,추천|후기
1d87cbe097bef335,food,0.75,맛집|내돈내산|방문|후기
1d87cbe097bef335,domestic_travel,0.25,방문|후기
f8fffa974bdf79f1,food,1.00,맛집|내돈내산|술집|방문|추천
f8fffa974bdf79f1,domestic_travel,0.25,방문|추천
c67f9a64830436b3,food,1.00,맛집|카페|내돈내산|술집|추천|데이트
c67f9a64830436b3,domestic_travel,0.25,추천|데이트
3a29b025eb396c0b,food,0.63,맛집|내돈내산|후기
3a29b025eb396c0b,domestic_travel,0.38,가볼만한곳|후기
5291bce7d30d2095,food,1.00,맛집|카페|디저트|내돈내산|후기
7de6842bb763b7b2,food,0.50,맛집|내돈내산
d96625cfaa9e63b9,food,1.00,맛집|파스타|내돈내산|추천|데이트
d96625cfaa9e63b9,domestic_travel,0.25,추천|데이트
77279a16f989578e,food,0.88,맛집|내돈내산|웨이팅|후기
330767c86e5d9357,food,0.75,맛집|내돈내산|술집
8ec814b7458c3550,food,0.75,맛집|내돈내산|추천|후기
8ec814b7458c3550,domestic_travel,0.75,여행코스|숙소|추천|후기
24fec2756354c31e,food,0.63,맛집|내돈내산|후기
b2d2015e4e2c7a5e,food,0.63,맛집|내돈내산|후기
a14495e89f9fb7de,food,0.88,맛집|내돈내산|방문|추천|후기
a14495e89f9fb7de,domestic_travel,0.38,방문|추천|후기
7c138f69f881ecf2,food,0.50,맛집|내돈내산
8021948669e39c45,food,0.88,맛집|식당|내돈내산|후기
bc894dd723893958,food,0.50,맛집|내돈내산
1364342a2c5bfaab,food,0.75,맛집|내돈내산|방문|후기
1364342a2c5bfaab,domestic_travel,0.25,방문|후기
3effacf871ca7ca6,food,0.75,맛집|내돈내산|추천|후기
3effacf871ca7ca6,domestic_travel,0.25,추천|후기
b7db875784e45d9b,food,1.00,맛집|식당|카페|내돈내산|웨이팅|방문|후기
b7db875784e45d9b,domestic_travel,0.25,방문|후기
b6e57af71ff4fa13,food,1.00,맛집|메뉴|카페|디저트|내돈내산|방문|추천|후기
b6e57af71ff4fa13,domestic_travel,0.38,방문|추천|후기
f8cc660a716f14dc,food,0.88,맛집|내돈내산|웨이팅|후기
00d5c2b281797dee,food,0.88,맛집|고기|내돈내산|후기
00d5c2b281797dee,domestic_travel,0.38,시장|후기
8807652997ace98a,food,0.88,맛집|고기|내돈내산|후기
a8401dd027353717,food,1.00,맛집|점심|저녁|내돈내산|방문|후기
a8401dd027353717,domestic_travel,0.25,방문|후기
9cf49a704c25bb36,food,0.88,맛집|식당|내돈내산|후기
7b6f6f1192f103d1,food,0.75,저녁|내돈내산|방문|후기
7b6f6f1192f103d1,domestic_travel,0.25,방문|후기
79d2bd7a6d91c104,food,0.50,맛집|내돈내산
82a2c49846d4be6d,food,0.63,맛집|내돈내산|후기
82a2c49846d4be6d,domestic_travel,0.38,해변|후기
039eed91b10c69de,food,0.75,맛집|내돈내산|추천|후기
039eed91b10c69de,domestic_travel,0.25,추천|후기
498ee530c097f24a,food,0.50,맛집|내돈내산
8b8cf4bba3cae89d,food,0.88,맛집|디저트|내돈내산|추천
7eceeefd75257d02,food,1.00,맛집|카페|내돈내산|추천|핫플|데이트
7eceeefd75257d02,domestic_travel,0.38,추천|데이트|핫플
8963e296664e8bb8,food,0.63,맛집|내돈내산|추천
038d8805793abb75,food,0.50,맛집|내돈내산
c1d16cf7f455b35a,food,0.88,맛집|내돈내산|방문|후기|데이트
c1d16cf7f455b35a,domestic_travel,0.38,방문|후기|데이트
7528221b8293d632,food,1.00,맛집|카페|내돈내산|추천|데이트
7528221b8293d632,domestic_travel,0.25,추천|데이트
93ba72fac3983f39,food,0.50,맛집|라멘
2980c8ce6ff76520,food,0.50,맛집|내돈내산
d6fedb533c4280ca,food,0.50,맛집|내돈내산
ae88d951e16e5680,food,1.00,맛집|식당|내돈내산|방문|추천|후기
ae88d951e16e5680,domestic_travel,0.63,가볼만한곳|방문|추천|후기
c0d43c2a08de7401,food,0.75,맛집|내돈내산|후기|데이트
c0d43c2a08de7401,domestic_travel,0.25,후기|데이트
945e0ba22a2ca496,food,0.63,맛집|내돈내산|후기
0e16b298060053e6,food,0.50,맛집|내돈내산
3e47f3feeb59cf2b,food,1.00,맛집|브런치|내돈내산|방문|데이트
3e47f3feeb59cf2b,domestic_travel,0.25,방문|데이트
90e0925a2c540375,food,0.88,맛집|카페|내돈내산|후기
1b1489756b4e63bb,food,1.00,맛집|식당|카페|내돈내산|후기
df3a9d81f6ef0e7a,food,0.50,맛집|내돈내산
e8997417a4875c14,food,1.00,맛집|내돈내산|웨이팅|추천|후기
e8997417a4875c14,domestic_travel,0.25,추천|후기
bdfbc23270c013f3,food,0.75,맛집|고기|내돈내산
89a97fc095d397be,food,0.63,맛집|내돈내산|후기
89a97fc095d397be,domestic_travel,0.38,숙소|후기
75e34278922c5611,food,1.00,맛집|메뉴|디저트|내돈내산|추천|후기
75e34278922c5611,domestic_travel,0.25,추천|후기
29c851fd601aaa29,food,0.50,맛집|내돈내산
67af83223b9069d6,food,1.00,맛집|고기|내돈내산|방문|후기
67af83223b9069d6,domestic_travel,0.25,방문|후기
39de9e9fbbb87f24,food,0.88,맛집|고기|내돈내산|후기
ed8999d44f7da64c,food,1.00,맛집|메뉴|점심|내돈내산|추천|후기
ed8999d44f7da64c,domestic_travel,0.25,추천|후기
18f40691ba591d84,food,1.00,맛집|카페|디저트|내돈내산|방문|추천|후기|데이트
18f40691ba591d84,domestic_travel,0.75,가볼만한곳|방문|추천|후기|데이트
81bb97a82c673eec,food,0.63,맛집|내돈내산|후기
46d1dc660fd63bb9,food,1.00,맛집|메뉴|내돈내산|추천|후기
46d1dc660fd63bb9,domestic_travel,0.50,시장|추천|후기
771202c6f56dbe72,food,0.63,맛집|내돈내산|방문
926431e34b264506,food,0.63,맛집|내돈내산|추천
871757e5df8c7d1b,food,0.50,맛집|내돈내산
7ae8867f0100742f,food,0.88,맛집|고기|내돈내산|추천
7d64603547102105,food,1.00,맛집|메뉴|점심|내돈내산|추천|후기
7d64603547102105,domestic_travel,0.25,추천|후기
e2cdc69cd9305b82,food,0.75,맛집|내돈내산|방문|후기
e2cdc69cd9305b82,domestic_travel,0.25,방문|후기
2800ba521265d65d,food,0.88,맛집|디저트|내돈내산|후기
d8c41c25cd36bcb4,food,0.75,맛집|내돈내산|방문|후기
d8c41c25cd36bcb4,domestic_travel,0.25,방문|후기
b6581e521c4c0a1b,food,1.00,맛집|내돈내산|웨이팅|추천|후기
b6581e521c4c0a1b,domestic_travel,0.25,추천|후기
a9b5ae1b92c15dd4,food,0.75,맛집|내돈내산|추천|후기
a9b5ae1b92c15dd4,domestic_travel,0.25,추천|후기
8b2d6cbe1b185564,food,0.75,맛집|내돈내산|후기|데이트
8b2d6cbe1b185564,domestic_travel,0.25,후기|데이트
80c41928e9312179,food,0.75,맛집|내돈내산|핫플|데이트
80c41928e9312179,domestic_travel,0.25,데이트|핫플
774539c4c428217e,food,0.88,맛집|식당|내돈내산|방문
1bec9a827a5b1e53,food,1.00,맛집|카페|내돈내산|방문|추천|후기
1bec9a827a5b1e53,domestic_travel,0.63,바다|방문|추천|후기
e88a9c65a351c3be,food,1.00,맛집|카페|내돈내산|후기|데이트
e88a9c65a351c3be,domestic_travel,0.50,시장|후기|데이트
7caff8a2674e4e95,food,0.75,맛집|고기|내돈내산
7caff8a2674e4e95,domestic_travel,0.25,가볼만한곳
9f921b129195ddb3,food,0.88,맛집|내돈내산|웨이팅|후기
6256da181fa45725,food,1.00,맛집|고기|내돈내산|술집
178151dcac0b607d,food,0.63,맛집|내돈내산|데이트
8b4c6b6ab9bc7de2,food,1.00,맛집|고기|내돈내산|밥집|추천|후기
8b4c6b6ab9bc7de2,domestic_travel,0.25,추천|후기
979d46abb2f4e1d2,food,0.88,맛집|고기|내돈내산|추천
8715e832a2b0b367,food,0.88,맛집|고기|내돈내산|후기
abdbf9ccc1090dd5,food,0.88,맛집|메뉴|내돈내산|추천
21a1d77c8af2566d,food,0.25,맛집
2505a16b65356305,food,0.50,맛집|내돈내산
9279ce429302fb76,food,0.75,맛집|내돈내산|방문|추천
9279ce429302fb76,domestic_travel,0.25,방문|추천
518616ae4c181689,food,0.25,맛집
02361a2b03b829ad,food,1.00,맛집|카페|디저트|추천|핫플
02361a2b03b829ad,domestic_travel,0.25,추천|핫플
e284d4d3998801fa,food,0.88,맛집|카페|추천|핫플|데이트
e284d4d3998801fa,domestic_travel,0.88,나들이|명소|추천|데이트|핫플
662e773702e59d18,food,0.88,맛집|카페|추천|핫플|데이트
662e773702e59d18,domestic_travel,1.00,국내여행|숙소|바다|해변|추천|데이트|핫플
440152129563810c,food,1.00,맛집|술집|다이닝|추천|핫플
440152129563810c,domestic_travel,0.50,해변|추천|핫플
0d900837d1b27978,food,0.88,맛집|카페|추천|핫플|데이트
0d900837d1b27978,domestic_travel,1.00,국내여행|숙소|바다|추천|데이트|핫플
2ec461934ac5ca05,food,0.88,맛집|카페|디저트|핫플
b667c4356dd65e1d,food,0.63,맛집|카페|핫플
4916489f782253d1,food,0.63,맛집|카페|핫플
4916489f782253d1,domestic_travel,0.63,바다|해변|핫플
c8152d1031d4e491,food,0.63,맛집|파스타|핫플
846fde7b35cec25e,food,0.75,맛집|카페|핫플|데이트
846fde7b35cec25e,domestic_travel,1.00,국내여행|주말여행|가볼만한곳|여행코스|나들이|명소|데이트|핫플
ef8fa1b0a88d7551,food,0.38,맛집|핫플
de3988c580dc7aae,food,0.75,맛집|술집|핫플|데이트
de3988c580dc7aae,domestic_travel,0.25,데이트|핫플
3b82e8a71f2af44c,food,0.88,맛집|카페|디저트|핫플
2a4c11e482382d7d,food,0.75,맛집|술집|추천|핫플
2a4c11e482382d7d,domestic_travel,0.25,추천|핫플
6ee08c5dbc0aaa91,food,0.88,맛집|술집|추천|핫플|데이트
6ee08c5dbc0aaa91,domestic_travel,0.38,추천|데이트|핫플
5736632a0954fd53,food,0.75,맛집|술집|핫플|데이트
5736632a0954fd53,domestic_travel,0.25,데이트|핫플
4fe9156601ac20f8,food,0.63,맛집|카페|핫플
63b6132d740c87ea,food,0.75,맛집|카페|추천|핫플
63b6132d740c87ea,domestic_travel,0.25,추천|핫플
8487564efade4252,food,0.38,맛집|핫플
8560eb718f19367d,food,0.38,맛집|핫플
06d7587364c0c2b5,food,0.50,맛집|추천|핫플
06d7587364c0c2b5,domestic_travel,0.50,당일치기|추천|핫플
bd9a4ab82ee087ce,food,0.63,맛집|점심|핫플
73536d76a8acfd35,food,0.50,맛집|추천|핫플
73536d76a8acfd35,domestic_travel,0.25,추천|핫플
8c96e36c190bc5c9,food,0.88,맛집|카페|추천|핫플|데이트
8c96e36c190bc5c9,domestic_travel,1.00,국내여행|숙소|바다|추천|데이트|핫플
a6d001a3b62c92a2,food,0.88,맛집|카페|디저트|핫플
9c9acfdafbfda0c8,food,0.75,맛집|카페|핫플|데이트
9c9acfdafbfda0c8,domestic_travel,0.25,데이트|핫플
4e10e851a070d439,food,0.88,맛집|디저트|추천|핫플|데이트
4e10e851a070d439,domestic_travel,0.38,추천|데이트|핫플
c5dad7386bb7c106,food,1.00,맛집|고기|카페|디저트|브런치|추천|핫플|데이트
c5dad7386bb7c106,domestic_travel,0.38,추천|데이트|핫플
8189dd8ffb379315,food,0.63,맛집|카페|핫플
bdc004017608c751,food,0.63,맛집|식당|핫플
cd7ff6bf1416d927,food,0.63,맛집|술집|핫플
793b1fd1c4fb9dea,food,0.88,맛집|카페|추천|핫플|데이트
793b1fd1c4fb9dea,domestic_travel,1.00,국내여행|숙소|바다|추천|데이트|핫플
a09b6fe32c54cb66,food,0.75,맛집|고기|방문|핫플
a09b6fe32c54cb66,domestic_travel,0.50,가볼만한곳|방문|핫플
8f319ed70bb65ee2,food,0.63,맛집|식당|핫플
8f319ed70bb65ee2,domestic_travel,0.38,나들이|핫플
d286e3a23d2f2596,food,0.88,맛집|카페|추천|핫플|데이트
d286e3a23d2f2596,domestic_travel,0.63,가볼만한곳|추천|데이트|핫플
4bba0916762a5ffc,food,0.88,맛집|카페|추천|핫플|데이트
4bba0916762a5ffc,domestic_travel,1.00,국내여행|숙소|바다|추천|데이트|핫플
86587611e69770e2,food,0.50,맛집|방문|핫플
86587611e69770e2,domestic_travel,0.25,방문|핫플
195993db6e625789,food,0.50,맛집|추천|핫플
195993db6e625789,domestic_travel,0.75,여행코스|명소|추천|핫플
5f8440341abccf8f,food,0.38,맛집|핫플
350a0989af610de5,food,0.63,맛집|추천|후기|핫플
350a0989af610de5,domestic_travel,0.38,추천|후기|핫플
920543f4a8dbf84c,food,0.50,맛집|방문|핫플
920543f4a8dbf84c,domestic_travel,0.25,방문|핫플
f21c9d31be594ce6,food,0.63,맛집|카페|핫플
f21c9d31be594ce6,domestic_travel,0.38,가볼만한곳|핫플
c0c35ecdf12da505,food,0.88,맛집|카페|추천|핫플|데이트
c0c35ecdf12da505,domestic_travel,1.00,국내여행|숙소|바다|추천|데이트|핫플
2e61f2fb8e0fe7af,food,0.75,맛집|웨이팅|핫플|데이트
2e61f2fb8e0fe7af,domestic_travel,0.75,국내여행|여행코스|데이트|핫플
be4a3d9ec0801e7f,food,1.00,맛집|술집|방문|후기|핫플|데이트
be4a3d9ec0801e7f,domestic_travel,0.50,방문|후기|데이트|핫플
4bc48fb2b4661c80,food,0.63,맛집|식당|핫플
45599f36e0c94023,food,1.00,맛집|점심|카페|방문|추천|핫플
45599f36e0c94023,domestic_travel,0.38,방문|추천|핫플
8f18b5dff1df350a,food,1.00,맛집|카페|추천|후기|핫플|데이트
8f18b5dff1df350a,domestic_travel,0.50,추천|후기|데이트|핫플
621628a54ecec88f,food,0.75,맛집|카페|후기|핫플
621628a54ecec88f,domestic_travel,0.25,후기|핫플
adfdacf487e215b7,food,0.63,맛집|술집|핫플
3d09c6b4abcddd94,food,0.38,맛집|핫플
3d09c6b4abcddd94,domestic_travel,1.00,당일치기|여행코스|숙소|바다|시장|핫플
0ca90001d57a352e,food,0.38,맛집|핫플
0ca90001d57a352e,domestic_travel,0.38,가볼만한곳|핫플
436a501606fa8699,food,0.75,맛집|카페|핫플|데이트
436a501606fa8699,domestic_travel,0.25,데이트|핫플
72f216b876d7c199,food,0.75,맛집|카페|핫플|데이트
72f216b876d7c199,domestic_travel,1.00,가볼만한곳|숙소|바다|축제|데이트|핫플
adae726217f52c0c,food,0.50,맛집|방문|핫플
adae726217f52c0c,domestic_travel,0.25,방문|핫플
c65348917f7aed93,food,1.00,맛집|카페|디저트|추천|핫플|데이트
c65348917f7aed93,domestic_travel,0.38,추천|데이트|핫플
f3947e52e49b111f,food,1.00,맛집|점심|카페|브런치|추천|핫플|데이트
f3947e52e49b111f,domestic_travel,0.63,가볼만한곳|추천|데이트|핫플
30a87659ef6eeb04,food,0.63,맛집|저녁|핫플
43ae801fe5b4e37e,food,0.75,맛집|식당|핫플|데이트
43ae801fe5b4e37e,domestic_travel,0.25,데이트|핫플
729bb2703b2acbb2,food,1.00,맛집|메뉴|점심|고기|핫플
0fc3c138d4f7e4f8,food,1.00,맛집|카페|디저트|웨이팅|추천|후기|핫플
0fc3c138d4f7e4f8,domestic_travel,0.88,가볼만한곳|여행코스|추천|후기|핫플
69fb22b51b9522fa,food,1.00,맛집|메뉴|고기|추천|핫플
69fb22b51b9522fa,domestic_travel,0.25,추천|핫플
32118f745ecb0339,food,1.00,맛집|카페|디저트|핫플|데이트
32118f745ecb0339,domestic_travel,0.75,가볼만한곳|나들이|데이트|핫플
481bed46e37e035e,food,0.75,맛집|카페|후기|핫플
481bed46e37e035e,domestic_travel,0.50,당일치기|후기|핫플
d2bb79203b3e245e,food,1.00,맛집|카페|디저트|추천|핫플
d2bb79203b3e245e,domestic_travel,0.25,추천|핫플
8a6168ff09a58520,food,0.75,맛집|술집|핫플|데이트
8a6168ff09a58520,domestic_travel,0.25,데이트|핫플
11801df101de6ff2,food,0.38,맛집|핫플
11801df101de6ff2,domestic_travel,0.63,가볼만한곳|시장|핫플
100035a37b3f2594,food,1.00,맛집|점심|저녁|방문|추천|핫플
100035a37b3f2594,domestic_travel,0.38,방문|추천|핫플
62ddfa89536b8e9d,food,0.88,맛집|술집|추천|핫플|데이트
62ddfa89536b8e9d,domestic_travel,0.38,추천|데이트|핫플
912394d87efeed03,food,1.00,맛집|카페|웨이팅|핫플|데이트
912394d87efeed03,domestic_travel,0.50,가볼만한곳|데이트|핫플
5bcf989b0bceea37,food,0.88,맛집|카페|추천|핫플|데이트
5bcf989b0bceea37,domestic_travel,0.38,추천|데이트|핫플
f9b51966d1e143ee,food,0.50,맛집|핫플|데이트
f9b51966d1e143ee,domestic_travel,0.25,데이트|핫플
b3a33160b8f8248c,food,1.00,맛집|식당|저녁|고기|술집|추천|핫플|데이트
b3a33160b8f8248c,domestic_travel,0.38,추천|데이트|핫플
875001a4ce3615de,food,0.88,맛집|웨이팅|방문|후기|핫플
875001a4ce3615de,domestic_travel,0.38,방문|후기|핫플
7ee801401d785474,food,0.75,맛집|고기|후기|핫플
7ee801401d785474,domestic_travel,0.25,후기|핫플
ced4b54889e341c8,food,1.00,맛집|메뉴|점심|추천|후기|핫플
ced4b54889e341c8,domestic_travel,0.38,추천|후기|핫플
286f784054841849,food,0.63,맛집|카페|핫플
b8668789efdcdf2f,food,0.38,맛집|핫플
bca51b07b8797310,food,0.50,맛집|추천|핫플
bca51b07b8797310,domestic_travel,1.00,국내여행|가볼만한곳|여행코스|해변|추천|핫플
daf8888a0512c128,food,0.75,맛집|카페|추천|핫플
daf8888a0512c128,domestic_travel,1.00,국내여행|여행코스|바다|추천|핫플
032c62e3326ef032,food,0.38,맛집|핫플
2a2343ad64995552,food,0.88,맛집|카페|디저트|핫플
65e7e3c7a8e62da2,food,0.75,맛집|고기|추천|핫플
65e7e3c7a8e62da2,domestic_travel,1.00,당일치기|서울근교|나들이|추천|핫플
41e919dfe4ad41d9,food,0.38,맛집|핫플
fd0b20cd2d40a1f1,food,0.63,맛집|카페|핫플
63ab729bcd984a26,food,1.00,맛집|카페|디저트|추천|핫플
63ab729bcd984a26,domestic_travel,0.25,추천|핫플
22105ace20c874a0,food,0.50,맛집|추천|핫플
22105ace20c874a0,domestic_travel,1.00,국내여행|가볼만한곳|여행코스|숙소|추천|핫플
7ae568d70edbccb9,food,1.00,맛집|메뉴|점심|방문|핫플
7ae568d70edbccb9,domestic_travel,0.25,방문|핫플
2267e340856068b9,food,1.00,맛집|파스타|술집|핫플|데이트
2267e340856068b9,domestic_travel,0.25,데이트|핫플
646051990ef1bbe0,food,0.75,맛집|점심|추천|핫플
646051990ef1bbe0,domestic_travel,0.25,추천|핫플
8e92c99346b66840,food,0.88,맛집|술집|방문|추천|핫플
8e92c99346b66840,domestic_travel,0.38,방문|추천|핫플
2484cc5eca5d467e,food,0.63,맛집|카페|핫플
102c1608f249a2f3,food,0.63,맛집|카페|핫플
102c1608f249a2f3,domestic_travel,0.38,나들이|핫플
c79f960d04060420,food,1.00,맛집|카페|방문|추천|핫플|데이트
c79f960d04060420,domestic_travel,0.50,방문|추천|데이트|핫플
c2e9a38bd97879d3,food,1.00,맛집|카페|브런치|추천|핫플|데이트
c2e9a38bd97879d3,domestic_travel,0.63,가볼만한곳|추천|데이트|핫플
29d1dbfed7575b93,food,0.63,맛집|카페|핫플
b82b82e46d89313f,food,0.38,맛집|핫플
872aa130338c10af,food,0.63,맛집|카페|핫플
872aa130338c10af,domestic_travel,0.38,가볼만한곳|핫플
44a8500fdeee194b,food,1.00,맛집|카페|디저트|추천|핫플
44a8500fdeee194b,domestic_travel,0.25,추천|핫플
374af83cfb88a664,food,1.00,맛집|카페|디저트|추천|핫플|데이트
374af83cfb88a664,domestic_travel,0.63,가볼만한곳|추천|데이트|핫플
c046d9ec52f13a80,food,0.75,맛집|메뉴|추천|핫플
c046d9ec52f13a80,domestic_travel,0.25,추천|핫플
7c7d53e8a582fdea,food,0.75,맛집|술집|추천|핫플
7c7d53e8a582fdea,domestic_travel,0.25,추천|핫플
3dc16e33bb772abd,food,0.88,맛집|카페|브런치|핫플
0ef664cc99d993a3,food,0.63,맛집|카페|핫플
5ffe47209d12a2f3,food,0.63,맛집|카페|핫플
46f83a57fbe96ce8,food,0.63,맛집|후기|핫플|데이트
46f83a57fbe96ce8,domestic_travel,0.38,후기|데이트|핫플
322ee1830660410d,food,0.88,맛집|카페|디저트|핫플
c09e68dba647f73b,food,0.50,맛집|핫플|데이트
c09e68dba647f73b,domestic_travel,1.00,국내여행|가볼만한곳|숙소|데이트|핫플
70d0ab66ebc562a7,food,1.00,맛집|식당|점심|방문|핫플
70d0ab66ebc562a7,domestic_travel,0.25,방문|핫플
f8741f48c1aba8e1,food,0.63,맛집|메뉴|핫플
f665cdaf7d6cbd6d,food,1.00,맛집|카페|디저트|추천|핫플|데이트
f665cdaf7d6cbd6d,domestic_travel,0.38,추천|데이트|핫플
1828aac362a30c04,food,1.00,맛집|저녁|술집|추천|핫플|데이트
1828aac362a30c04,domestic_travel,0.38,추천|데이트|핫플
2c5889c3a648e853,food,0.38,맛집|핫플
2c5889c3a648e853,domestic_travel,0.88,가볼만한곳|축제|명소|핫플
56d3dacc3aa496f0,food,0.50,맛집|추천|핫플
56d3dacc3aa496f0,domestic_travel,0.25,추천|핫플
093943a7e305c1dd,food,0.63,맛집|카페|핫플
093943a7e305c1dd,domestic_travel,0.38,명소|핫플
d8fcc3a72f0dbd64,food,0.75,맛집|술집|핫플|데이트
d8fcc3a72f0dbd64,domestic_travel,0.25,데이트|핫플
6246fb0725f8bcfe,food,0.88,맛집|카페|추천|핫플|데이트
6246fb0725f8bcfe,domestic_travel,0.63,서울근교|추천|데이트|핫플
744d1e1ae093fc7b,food,0.75,맛집|카페|방문|핫플
744d1e1ae093fc7b,domestic_travel,0.25,방문|핫플
74b26ec3a37ace42,food,0.88,맛집|점심|카페|핫플
3cdac6258ed1a394,food,0.50,맛집|웨이팅
1761412022876432,food,0.63,맛집|웨이팅|핫플
cdafbaa0e049b679,food,0.38,맛집|핫플
0a583f8df20d0171,food,1.00,맛집|카페|브런치|추천|핫플|데이트
0a583f8df20d0171,domestic_travel,1.00,가볼만한곳|여행코스|바다|명소|추천|데이트|핫플
61e74aa129c83de3,food,1.00,맛집|파스타|방문|추천|핫플|데이트
61e74aa129c83de3,domestic_travel,0.50,방문|추천|데이트|핫플
6f02f86297ddca89,food,0.88,맛집|술집|추천|핫플|데이트
6f02f86297ddca89,domestic_travel,0.38,추천|데이트|핫플
ac129c47e1d61adf,food,0.75,맛집|방문|추천|핫플|데이트
ac129c47e1d61adf,domestic_travel,0.50,방문|추천|데이트|핫플
32cb79ba921e228c,food,0.88,맛집|술집|후기|핫플|데이트
32cb79ba921e228c,domestic_travel,0.38,후기|데이트|핫플
8af79b91e6767409,food,0.75,맛집|술집|핫플|데이트
8af79b91e6767409,domestic_travel,0.25,데이트|핫플
65b829d7792cee20,food,0.88,맛집|고기|카페|핫플
65b829d7792cee20,domestic_travel,0.38,박람회|핫플
412a855f422cd857,food,0.38,맛집|핫플
091eeec3411aacff,food,0.88,맛집|술집|추천|후기|핫플
091eeec3411aacff,domestic_travel,0.38,추천|후기|핫플
73311ceccbad352c,food,0.63,맛집|추천|핫플|데이트
73311ceccbad352c,domestic_travel,0.38,추천|데이트|핫플
845a3ec3e7c038d3,food,0.50,맛집|핫플|데이트
845a3ec3e7c038d3,domestic_travel,0.25,데이트|핫플
62ec3077168501d8,food,0.63,맛집|술집|핫플
063e3e92ea619735,food,1.00,맛집|카페|디저트|핫플|데이트
063e3e92ea619735,domestic_travel,0.50,가볼만한곳|데이트|핫플
4824b5cd9bd8bad6,food,1.00,맛집|카페|디저트|추천|핫플|데이트
4824b5cd9bd8bad6,domestic_travel,0.38,추천|데이트|핫플
5c0967f5cbb6cf5c,food,0.63,맛집|술집|핫플
feb1e96b1a9afcc9,food,0.88,맛집|메뉴|술집|핫플
ca2d2de04004edaa,food,1.00,맛집|카페|디저트|브런치|추천|핫플
ca2d2de04004edaa,domestic_travel,0.25,추천|핫플
aceba4d78689131d,food,0.88,맛집|카페|방문|후기|핫플
aceba4d78689131d,domestic_travel,0.63,숙소|방문|후기|핫플
0e6fc8bf66cbcfd0,food,0.63,맛집|밥집|핫플
d9589f542bae827b,food,0.38,맛집|핫플
bfd3e74dd4a010a0,food,0.38,맛집|핫플
bfd3e74dd4a010a0,domestic_travel,0.63,숙소|바다|핫플
74cb3a3e5db0f4ba,food,0.88,맛집|식당|추천|후기|핫플
74cb3a3e5db0f4ba,domestic_travel,0.63,가볼만한곳|추천|후기|핫플
8fb94e677736a0d0,food,0.75,맛집|술집|핫플|데이트
8fb94e677736a0d0,domestic_travel,0.25,데이트|핫플
0ef2b56a6fef3d3f,food,0.63,맛집|저녁|핫플
4ec352e482f088a2,food,0.50,맛집|추천|핫플
4ec352e482f088a2,domestic_travel,0.25,추천|핫플
beacb491e51718b6,food,0.75,맛집|점심|핫플|데이트
beacb491e51718b6,domestic_travel,0.25,데이트|핫플
f281d34556ebe71f,food,0.88,맛집|메뉴|점심|핫플
e5e8be61846604dd,food,0.63,맛집|추천|후기|핫플
e5e8be61846604dd,domestic_travel,0.38,추천|후기|핫플
c6d7bf0869447292,food,0.63,맛집|식당|핫플
c6d7bf0869447292,domestic_travel,0.38,가볼만한곳|핫플
16c2475ecfe1565c,food,1.00,맛집|메뉴|카페|디저트|추천|후기|핫플|데이트
16c2475ecfe1565c,domestic_travel,0.50,추천|후기|데이트|핫플
d97e7c462470c255,food,0.75,맛집|카페|후기|핫플
d97e7c462470c255,domestic_travel,0.75,가볼만한곳|나들이|후기|핫플
0720890a106fa58e,food,0.38,맛집|핫플
0720890a106fa58e,domestic_travel,1.00,국내여행|가볼만한곳|여행코스|시장|핫플
d5fbf9a7dd016ceb,food,1.00,맛집|카페|브런치|추천|핫플|데이트
d5fbf9a7dd016ceb,domestic_travel,0.88,가볼만한곳|여행코스|추천|데이트|핫플
f8692e7cc35cd18f,food,0.63,맛집|카페|핫플
11e964c98d6266e8,food,0.63,맛집|추천|후기|핫플
11e964c98d6266e8,domestic_travel,0.63,여행코스|추천|후기|핫플
5fb7eb1e72606cd0,food,1.00,맛집|카페|디저트|핫플|데이트
5fb7eb1e72606cd0,domestic_travel,0.25,데이트|핫플
f87646b28e2f33fe,food,0.38,맛집|핫플
e39daeae63a537cc,food,0.88,맛집|식당|술집|핫플
9181fc6ef7a43d03,food,0.50,맛집|방문|핫플
9181fc6ef7a43d03,domestic_travel,0.25,방문|핫플
2c0e5b7d60c78b06,food,0.75,맛집|브런치|핫플|데이트
2c0e5b7d60c78b06,domestic_travel,0.25,데이트|핫플
70511b743c0fc159,food,1.00,맛집|카페|디저트|추천|핫플|데이트
70511b743c0fc159,domestic_travel,0.63,가볼만한곳|추천|데이트|핫플
070200ed6b27f97f,food,0.63,맛집|고기|핫플
4a4e6942058e9e23,food,0.63,맛집|카페|핫플
4a4e6942058e9e23,domestic_travel,0.88,당일치기|가볼만한곳|해변|핫플
dc88c3dbcfdacdfe,food,0.63,맛집|메뉴|핫플
1db20f21a2eae391,food,1.00,맛집|점심|저녁|추천|핫플|데이트
1db20f21a2eae391,domestic_travel,0.38,추천|데이트|핫플
d9007ce262a33a70,food,0.50,맛집|방문|핫플
d9007ce262a33a70,domestic_travel,0.50,바다|방문|핫플
4677622ecc3bb325,food,0.88,맛집|술집|추천|핫플|데이트
4677622ecc3bb325,domestic_travel,0.38,추천|데이트|핫플
4be81a1596c32d46,food,0.63,맛집|카페|핫플
83b0673bc4ecf9c2,food,0.63,맛집|파스타|핫플
ec678b4f99f4f3a7,food,0.63,맛집|파스타|핫플
3c1fdc4ac9be3631,food,1.00,맛집|카페|디저트|방문|추천|후기|핫플
3c1fdc4ac9be3631,domestic_travel,0.75,가볼만한곳|방문|추천|후기|핫플
9f4c91a13e346abf,food,0.38,맛집|핫플
80b8222b62dc1643,food,0.75,맛집|브런치|추천|핫플
80b8222b62dc1643,domestic_travel,0.25,추천|핫플
48ee88d80c5d66a5,food,0.50,맛집|핫플|데이트
48ee88d80c5d66a5,domestic_travel,0.50,가볼만한곳|데이트|핫플
a9d06cc26ee44bea,food,1.00,맛집|술집|추천|후기|핫플|데이트
a9d06cc26ee44bea,domestic_travel,0.50,추천|후기|데이트|핫플
677057c6fc04c9be,food,0.63,맛집|브런치|핫플
7ffbb568b3be7e51,food,0.75,맛집|술집|추천|핫플
7ffbb568b3be7e51,domestic_travel,0.25,추천|핫플
045fc74b2ed4c02c,food,0.38,맛집|핫플
e07ecbb2cc38c4e4,food,0.75,맛집|웨이팅|방문|핫플
e07ecbb2cc38c4e4,domestic_travel,0.25,방문|핫플
7ebf4a24d8438655,food,0.88,맛집|파스타|추천|핫플|데이트
7ebf4a24d8438655,domestic_travel,0.38,추천|데이트|핫플
fd3755bb7d0f7ad0,food,0.63,맛집|카페|핫플
cef434523a8dea3c,food,0.63,맛집|추천|핫플|데이트
cef434523a8dea3c,domestic_travel,0.38,추천|데이트|핫플
b1f52ae4a530c593,food,1.00,맛집|저녁|카페|디저트|핫플
7673dd1d71968b88,food,0.38,맛집|핫플
eb7bee18a19f331d,food,1.00,맛집|카페|브런치|방문|핫플
eb7bee18a19f331d,domestic_travel,0.25,방문|핫플
d7027ad3d1825012,food,0.88,맛집|카페|추천|핫플|데이트
d7027ad3d1825012,domestic_travel,0.63,시장|추천|데이트|핫플
4d9d1d43c534ddf0,food,1.00,맛집|카페|디저트|추천|핫플
4d9d1d43c534ddf0,domestic_travel,0.25,추천|핫플
510070a6d9e5539f,food,1.00,맛집|저녁|브런치|후기|핫플|데이트
510070a6d9e5539f,domestic_travel,0.38,후기|데이트|핫플
a7a1144c6175ec9d,food,1.00,맛집|식당|고기|핫플|데이트
a7a1144c6175ec9d,domestic_travel,0.25,데이트|핫플
c3bdcc62c431b8da,food,0.50,맛집|핫플|데이트
c3bdcc62c431b8da,domestic_travel,0.75,나들이|명소|데이트|핫플
472ddfd4cef0d544,food,1.00,맛집|점심|저녁|추천|핫플|데이트
472ddfd4cef0d544,domestic_travel,0.38,추천|데이트|핫플
1e53c91b083642d8,food,1.00,맛집|카페|브런치|추천|핫플
1e53c91b083642d8,domestic_travel,0.50,서울근교|추천|핫플
a6dd9823a83ff7e8,food,1.00,맛집|식당|카페|방문|핫플
a6dd9823a83ff7e8,domestic_travel,0.25,방문|핫플
11d22c98cc233633,food,0.75,맛집|술집|추천|핫플
11d22c98cc233633,domestic_travel,0.25,추천|핫플
07cb22886e7d07f4,food,0.50,맛집|핫플|데이트
07cb22886e7d07f4,domestic_travel,0.25,데이트|핫플
165dd83040b311dc,food,0.63,맛집|고기|핫플
acb0fe3abdb1c4f1,food,1.00,맛집|고기|술집|추천|핫플|데이트
acb0fe3abdb1c4f1,domestic_travel,0.63,가볼만한곳|추천|데이트|핫플
121ab79a4e06e200,food,0.75,맛집|술집|핫플|데이트
121ab79a4e06e200,domestic_travel,0.25,데이트|핫플
1c66acb871b383c2,food,0.63,맛집|카페|핫플
1c66acb871b383c2,domestic_travel,0.38,명소|핫플
fc4232a32be35572,food,0.63,맛집|디저트|핫플
9b3a498ca0a23316,food,0.63,맛집|웨이팅|핫플
05a73acaa707a620,food,0.63,맛집|식당|핫플
ffea364515b64f6b,food,1.00,맛집|카페|디저트|후기|핫플
ffea364515b64f6b,domestic_travel,0.25,후기|핫플
243746756de03983,food,0.88,맛집|밥집|방문|핫플|데이트
243746756de03983,domestic_travel,0.38,방문|데이트|핫플
009b99820ccca9e6,food,0.50,맛집|추천|핫플
009b99820ccca9e6,domestic_travel,0.25,추천|핫플
37b48ada0baf8947,food,0.88,맛집|카페|디저트|핫플
6fe86c0002ad72b2,food,0.38,맛집|핫플
50cfe9e607de918a,food,0.50,맛집|추천|핫플
50cfe9e607de918a,domestic_travel,0.25,추천|핫플
7e362795783f53b2,food,0.38,맛집|핫플
7e362795783f53b2,domestic_travel,0.63,바다|시장|핫플
2bfc313a6ac2d051,food,0.75,맛집|점심|추천|핫플
2bfc313a6ac2d051,domestic_travel,0.25,추천|핫플
fc19f068fb3fe2a3,food,0.63,맛집|메뉴|핫플
87bfb48b57876398,food,0.38,맛집|핫플
12cf995e50a41b78,food,0.63,맛집|점심|핫플
5f54a1f9280b1189,food,0.75,맛집|술집|핫플|데이트
5f54a1f9280b1189,domestic_travel,0.25,데이트|핫플
b5ad42421467eb3c,food,0.88,맛집|술집|추천|핫플|데이트
b5ad42421467eb3c,domestic_travel,0.63,시장|추천|데이트|핫플
456c89a2ecb84589,food,1.00,맛집|술집|추천|후기|핫플|데이트
456c89a2ecb84589,domestic_travel,0.50,추천|후기|데이트|핫플
578c665982aaa353,food,0.50,맛집|방문|핫플
578c665982aaa353,domestic_travel,0.25,방문|핫플
ee6cd81827782fe3,food,1.00,맛집|카페|디저트|방문|핫플
ee6cd81827782fe3,domestic_travel,0.50,시장|방문|핫플
fef7637b7ee6e3a2,food,0.88,맛집|메뉴|카페|핫플
fef7637b7ee6e3a2,domestic_travel,0.38,바다|핫플
72e5b40467901590,food,0.38,맛집|핫플
917c8424f4c4ad16,food,0.38,맛집|핫플
33533cb5dca2a2e9,food,0.38,맛집|핫플
d4c53ba0de55ad25,food,0.63,맛집|점심|핫플
d4c53ba0de55ad25,domestic_travel,0.38,가볼만한곳|핫플
fff819fc2121aa24,food,0.63,맛집|카페|핫플
e28f707cb049e173,food,0.63,맛집|추천|후기|핫플
e28f707cb049e173,domestic_travel,0.38,추천|후기|핫플
cc68d660237fab1a,food,0.38,맛집|핫플
37c0be79db0b0654,food,0.63,맛집|점심|핫플
0ea1cf9e262aa45d,food,1.00,맛집|점심|카페|디저트|핫플
0ea1cf9e262aa45d,domestic_travel,0.88,가볼만한곳|여행코스|숙소|핫플
4ca40d6c95406596,food,0.88,맛집|카페|방문|핫플|데이트
4ca40d6c95406596,domestic_travel,0.63,가볼만한곳|방문|데이트|핫플
197105b4dff5d409,food,0.63,맛집|파스타|핫플
580b35b3428295e0,food,0.63,맛집|고기|핫플
68f701f67cc74d6f,food,0.38,맛집|핫플
eb142d94d894ec3b,food,0.75,맛집|내돈내산|추천|핫플
eb142d94d894ec3b,domestic_travel,0.50,가볼만한곳|추천|핫플
dc7cd1aadb704f55,food,1.00,맛집|카페|디저트|추천|핫플|데이트
dc7cd1aadb704f55,domestic_travel,0.88,당일치기|여행코스|추천|데이트|핫플
e88ba5dbde7fcb6c,food,0.63,맛집|다이닝|핫플
873810a053ad6fd9,food,0.38,맛집|핫플
a7e82a328c76e077,food,0.75,맛집|브런치|후기|핫플
a7e82a328c76e077,domestic_travel,0.25,후기|핫플
5ed3a567d347f711,food,0.88,맛집|식당|추천|후기|핫플
5ed3a567d347f711,domestic_travel,0.38,추천|후기|핫플
5566acfdf1af0946,food,0.63,맛집|술집|핫플
ead2fe249d42efbd,food,0.63,맛집|웨이팅|핫플
3ff1e9e86a260f52,food,0.88,맛집|카페|추천|핫플|데이트
3ff1e9e86a260f52,domestic_travel,0.63,가볼만한곳|추천|데이트|핫플
79d453191ff58907,food,0.63,맛집|디저트|핫플
79d453191ff58907,domestic_travel,0.38,시장|핫플
dd8ab13c448e4c3c,food,0.88,맛집|카페|추천|핫플|데이트
dd8ab13c448e4c3c,domestic_travel,0.88,국내여행|가볼만한곳|추천|데이트|핫플
a73e02ebc3ff95fb,food,1.00,맛집|카페|디저트|추천|핫플|데이트
a73e02ebc3ff95fb,domestic_travel,0.63,가볼만한곳|추천|데이트|핫플
630c61f73cbe19e0,food,0.38,맛집|핫플
630c61f73cbe19e0,domestic_travel,0.38,축제|핫플
c7dd5d7b11e0b9bb,food,1.00,맛집|고기|방문|후기|핫플|데이트
c7dd5d7b11e0b9bb,domestic_travel,0.75,가볼만한곳|방문|후기|데이트|핫플
e9cf6fd8351f9173,food,1.00,맛집|점심|내돈내산|웨이팅|후기|핫플|데이트
e9cf6fd8351f9173,domestic_travel,0.63,나들이|후기|데이트|핫플
8f4120db062483cc,food,1.00,맛집|고기|내돈내산|추천|핫플|데이트
8f4120db062483cc,domestic_travel,0.38,추천|데이트|핫플
f6088d634d023158,food,0.88,맛집|카페|웨이팅|핫플
a2bf77caf12725f4,food,0.75,맛집|파스타|핫플|데이트
a2bf77caf12725f4,domestic_travel,0.25,데이트|핫플
13497b3ca0f97933,food,0.50,맛집|핫플|데이트
13497b3ca0f97933,domestic_travel,0.50,나들이|데이트|핫플
3832738795d225f7,food,1.00,맛집|카페|내돈내산|추천|핫플|데이트
3832738795d225f7,domestic_travel,0.63,나들이|추천|데이트|핫플
cdb5b60e1b3f4ff1,food,0.75,맛집|내돈내산|후기|핫플
cdb5b60e1b3f4ff1,domestic_travel,0.25,후기|핫플
2617023302fdc3ec,food,1.00,맛집|메뉴|카페|방문|후기|핫플
2617023302fdc3ec,domestic_travel,0.38,방문|후기|핫플
626b4150683c5c5a,food,0.75,맛집|술집|추천|핫플
626b4150683c5c5a,domestic_travel,0.25,추천|핫플
39e8ca25ce6e9c96,food,1.00,맛집|카페|디저트|추천|핫플
39e8ca25ce6e9c96,domestic_travel,0.50,바다|추천|핫플
bcd75e3a01ec8bd9,food,0.75,맛집|웨이팅|후기|핫플
bcd75e3a01ec8bd9,domestic_travel,0.25,후기|핫플
dae2625e34cfe3a0,food,0.88,맛집|밥집|술집|핫플
6386bd38566de8d2,food,1.00,맛집|내돈내산|웨이팅|후기|핫플|데이트
6386bd38566de8d2,domestic_travel,0.38,후기|데이트|핫플
d0cd7a0f6773f467,food,0.50,맛집|핫플|데이트
d0cd7a0f6773f467,domestic_travel,0.25,데이트|핫플
ce5e527bf7b71fd9,food,0.63,맛집|저녁|핫플
927b69086df0a813,food,0.88,맛집|카페|추천|핫플|데이트
927b69086df0a813,domestic_travel,0.63,시장|추천|데이트|핫플
36ede83dc858ecff,food,0.50,맛집|추천|핫플
36ede83dc858ecff,domestic_travel,0.50,가볼만한곳|추천|핫플
29b8f66d7aab768c,food,0.88,맛집|카페|웨이팅|핫플
df0426c84b4e7072,food,0.75,맛집|술집|핫플|데이트
df0426c84b4e7072,domestic_travel,0.25,데이트|핫플
3823939ac6fe82f5,food,1.00,맛집|카페|디저트|내돈내산|추천|후기|핫플|데이트
3823939ac6fe82f5,domestic_travel,0.50,추천|후기|데이트|핫플
c463c4d9e36efe69,food,0.50,맛집|핫플|데이트
c463c4d9e36efe69,domestic_travel,0.50,가볼만한곳|데이트|핫플
f4f69d5a37db901e,food,0.75,맛집|카페|추천|핫플
f4f69d5a37db901e,domestic_travel,0.50,가볼만한곳|추천|핫플
519b87196da8b7c1,food,0.38,맛집|핫플
519b87196da8b7c1,domestic_travel,0.38,여행코스|핫플
7acc4fa03583ab30,food,0.63,맛집|술집|핫플
2c9c1a1c2b76bb47,food,0.38,맛집|핫플
8ed452a6fc4124ad,food,0.88,맛집|카페|추천|후기|핫플
8ed452a6fc4124ad,domestic_travel,0.63,가볼만한곳|추천|후기|핫플
bcc34c71b472d929,food,0.38,맛집|핫플
3f19920fcb5e2608,food,1.00,맛집|식당|내돈내산|추천|핫플
3f19920fcb5e2608,domestic_travel,0.25,추천|핫플
caee5ceaf14bcdb1,food,0.75,맛집|밥집|핫플|데이트
caee5ceaf14bcdb1,domestic_travel,0.25,데이트|핫플
2ee03ac9c77fd2db,food,0.63,맛집|내돈내산|핫플
a26d253c894b24ce,food,1.00,맛집|메뉴|점심|밥집|추천|핫플|데이트
a26d253c894b24ce,domestic_travel,0.63,가볼만한곳|추천|데이트|핫플
6aa94c4669115c5f,food,0.63,맛집|디저트|핫플
6aa94c4669115c5f,domestic_travel,0.38,시장|핫플
1c28d42dbd56a1e1,food,1.00,맛집|내돈내산|술집|추천|후기|핫플
1c28d42dbd56a1e1,domestic_travel,0.38,추천|후기|핫플
4a0b4ac3695f7827,food,0.75,맛집|술집|추천|핫플
4a0b4ac3695f7827,domestic_travel,0.25,추천|핫플
b099d71b889ffa0b,food,0.88,맛집|저녁|추천|핫플|데이트
b099d71b889ffa0b,domestic_travel,0.38,추천|데이트|핫플
d1b86bcced118a89,food,0.63,맛집|추천|핫플|데이트
d1b86bcced118a89,domestic_travel,0.38,추천|데이트|핫플
ce00b6a1a74aa1ca,food,1.00,맛집|라멘|내돈내산|핫플|데이트
ce00b6a1a74aa1ca,domestic_travel,0.25,데이트|핫플
9a1a75d84086e7ec,food,0.88,맛집|식당|내돈내산|핫플
1247ee0eed714a17,food,0.75,맛집|파스타|핫플|데이트
1247ee0eed714a17,domestic_travel,0.25,데이트|핫플
85ab09e2b1738d5b,food,0.63,맛집|술집|핫플
7a0421b9ac27b958,food,0.38,맛집|핫플
492823a62c30914c,food,1.00,맛집|카페|디저트|핫플|데이트
492823a62c30914c,domestic_travel,0.25,데이트|핫플
b455c43d45656e2f,food,0.38,맛집|핫플
95759d8c2e035073,food,1.00,맛집|카페|방문|추천|후기|핫플
95759d8c2e035073,domestic_travel,0.75,시장|방문|추천|후기|핫플
869a57ec44c1b016,food,0.63,맛집|웨이팅|핫플
6b95f0d51d7b6fef,food,0.75,맛집|술집|핫플|데이트
6b95f0d51d7b6fef,domestic_travel,0.50,가볼만한곳|데이트|핫플
a5c232603c6d237c,food,0.63,맛집|식당|핫플
f1286b1020fc5157,food,0.63,맛집|웨이팅|핫플
fd03ca80059f4740,food,0.63,맛집|카페|핫플
c2eb1f62b921fcdb,food,0.88,맛집|카페|브런치|핫플
a4b5e13e94ff34af,food,0.75,맛집|술집|방문|후기
a4b5e13e94ff34af,domestic_travel,0.25,방문|후기
0fc7319bfca9d262,food,0.63,맛집|방문|핫플|데이트
0fc7319bfca9d262,domestic_travel,0.63,가볼만한곳|방문|데이트|핫플
7a764781c329c0b2,food,1.00,맛집|카페|디저트|브런치|추천|핫플
7a764781c329c0b2,domestic_travel,0.50,가볼만한곳|추천|핫플
76d0885b32e7da46,food,1.00,맛집|저녁|내돈내산|술집|추천|핫플|데이트
76d0885b32e7da46,domestic_travel,0.38,추천|데이트|핫플
c9fee25bab4d2173,food,0.38,맛집|핫플
6bbfc344529ba9dd,food,1.00,맛집|내돈내산|술집|핫플|데이트
6bbfc344529ba9dd,domestic_travel,0.25,데이트|핫플
81139f47f78368f7,food,0.75,맛집|다이닝|핫플|데이트
81139f47f78368f7,domestic_travel,0.25,데이트|핫플
22c82f82875df308,food,0.50,맛집|추천|핫플
22c82f82875df308,domestic_travel,0.50,시장|추천|핫플
a1ef51bf82ef9881,food,0.63,맛집|추천|핫플|데이트
a1ef51bf82ef9881,domestic_travel,0.38,추천|데이트|핫플
8d3e824c4cd68370,food,0.63,맛집|추천|핫플|데이트
8d3e824c4cd68370,domestic_travel,0.63,여행코스|추천|데이트|핫플
9f9938e8679ef377,food,0.50,맛집|핫플|데이트
9f9938e8679ef377,domestic_travel,0.25,데이트|핫플
21a43d1e3f13732c,food,0.75,맛집|브런치|방문|핫플
21a43d1e3f13732c,domestic_travel,0.25,방문|핫플
e204afe6f46d4646,food,1.00,맛집|내돈내산|웨이팅|술집|후기|핫플
e204afe6f46d4646,domestic_travel,0.25,후기|핫플
09e05f8d45f8745a,food,0.38,맛집|핫플
995abfbe9054be18,food,1.00,맛집|내돈내산|술집|추천|핫플|데이트
995abfbe9054be18,domestic_travel,0.63,가볼만한곳|추천|데이트|핫플
3cbb8e4ac58783ba,food,1.00,맛집|메뉴|고기|추천|핫플
3cbb8e4ac58783ba,domestic_travel,0.25,추천|핫플
5628bc3128f07014,food,0.63,맛집|추천|후기|핫플
5628bc3128f07014,domestic_travel,0.63,바다|추천|후기|핫플
f7b8321b04962747,food,1.00,맛집|카페|디저트|방문|추천|후기|핫플|데이트
f7b8321b04962747,domestic_travel,1.00,국내여행|가볼만한곳|나들이|방문|추천|후기|데이트|핫플
b39823b8c256a1cb,food,0.63,맛집|술집|핫플
20a128a8c7dd507e,food,0.50,맛집|추천|핫플
20a128a8c7dd507e,domestic_travel,1.00,가볼만한곳|여행코스|시장|추천|핫플
fcc81cd62110efdb,food,0.75,맛집|웨이팅|후기|핫플
fcc81cd62110efdb,domestic_travel,0.25,후기|핫플
13ff2a9dd34704d8,food,0.75,맛집|카페|핫플|데이트
13ff2a9dd34704d8,domestic_travel,0.25,데이트|핫플
644a94e37749e22b,food,1.00,맛집|고기|술집|핫플|데이트
644a94e37749e22b,domestic_travel,0.25,데이트|핫플
88f57c1bcc38773b,food,0.75,맛집|카페|후기|핫플
88f57c1bcc38773b,domestic_travel,0.25,후기|핫플
57141725f43bb135,food,0.38,맛집|핫플
57141725f43bb135,domestic_travel,0.88,가볼만한곳|여행코스|시장|핫플
35a164e44bdbbc27,food,0.50,맛집|핫플|데이트
35a164e44bdbbc27,domestic_travel,0.50,바다|데이트|핫플
d267f4def6724ed3,food,1.00,맛집|점심|방문|추천|핫플|데이트
d267f4def6724ed3,domestic_travel,0.75,가볼만한곳|방문|추천|데이트|핫플
789081277cafea7a,food,1.00,맛집|점심|내돈내산|추천|핫플|데이트
789081277cafea7a,domestic_travel,0.63,가볼만한곳|추천|데이트|핫플
1d3469937a157120,food,0.75,맛집|웨이팅|방문|핫플
1d3469937a157120,domestic_travel,0.25,방문|핫플
cc138eeb18b27fd6,food,1.00,맛집|카페|디저트|추천|후기|핫플
cc138eeb18b27fd6,domestic_travel,0.63,가볼만한곳|추천|후기|핫플
dbda46c6a28ffade,food,0.75,맛집|술집|추천|핫플
dbda46c6a28ffade,domestic_travel,0.25,추천|핫플
095c23b6cd6a51ae,food,1.00,맛집|술집|방문|추천|핫플|데이트
095c23b6cd6a51ae,domestic_travel,0.50,방문|추천|데이트|핫플
298f79aff8314976,food,0.75,맛집|술집|추천|핫플
298f79aff8314976,domestic_travel,0.25,추천|핫플
ab74efa62fc5dbd7,food,0.63,맛집|파스타|핫플
d961a0c379fd5ac2,food,1.00,맛집|내돈내산|웨이팅|핫플|데이트
d961a0c379fd5ac2,domestic_travel,0.50,가볼만한곳|데이트|핫플
b6c9da178943fcb1,food,0.63,맛집|후기|핫플|데이트
b6c9da178943fcb1,domestic_travel,0.38,후기|데이트|핫플
71621614b1a939bb,food,0.88,맛집|카페|추천|핫플|데이트
71621614b1a939bb,domestic_travel,0.38,추천|데이트|핫플
86a20cee6afc6e65,food,0.75,맛집|고기|추천|핫플
86a20cee6afc6e65,domestic_travel,0.25,추천|핫플
d9a4ecab7695c270,food,0.75,맛집|고기|추천|핫플
d9a4ecab7695c270,domestic_travel,0.25,추천|핫플
81a44519ea1c0d07,food,1.00,맛집|파스타|브런치|내돈내산|추천|핫플|데이트
81a44519ea1c0d07,domestic_travel,0.38,추천|데이트|핫플
2da415f7e61f26cb,food,0.75,맛집|술집|추천|핫플
2da415f7e61f26cb,domestic_travel,0.25,추천|핫플
bed5000b107d1721,food,0.63,맛집|고기|핫플
0862b0e1420e7f76,food,0.50,맛집|추천|핫플
0862b0e1420e7f76,domestic_travel,0.50,여행코스|추천|핫플
a6883870ab0d5bed,food,0.63,맛집|방문|핫플|데이트
a6883870ab0d5bed,domestic_travel,0.38,방문|데이트|핫플
13a4abd96c5eb268,food,0.50,맛집|방문|핫플
13a4abd96c5eb268,domestic_travel,0.25,방문|핫플
6b81e17f10110779,food,0.75,맛집|메뉴|후기|핫플
6b81e17f10110779,domestic_travel,0.25,후기|핫플
f3033eef073762ed,food,0.63,맛집|저녁|핫플
f3033eef073762ed,domestic_travel,0.38,시장|핫플
8bbf5d0be928b891,food,1.00,맛집|카페|디저트|방문|추천|핫플
8bbf5d0be928b891,domestic_travel,0.63,시장|방문|추천|핫플
826f8482267c0694,food,0.38,맛집|핫플
826f8482267c0694,domestic_travel,0.38,나들이|핫플
1adda23137ce48c8,food,0.63,맛집|웨이팅|핫플
d476a78268c1ee93,food,0.75,맛집|카페|핫플|데이트
d476a78268c1ee93,domestic_travel,0.25,데이트|핫플
a5cc35a834cbdc67,food,0.88,맛집|카페|추천|핫플|데이트
a5cc35a834cbdc67,domestic_travel,0.63,나들이|추천|데이트|핫플
7cb960a1970fe269,food,0.75,맛집|내돈내산|후기|핫플
7cb960a1970fe269,domestic_travel,0.25,후기|핫플
09cbda945cfdfb12,food,1.00,맛집|내돈내산|추천|후기|핫플|데이트
09cbda945cfdfb12,domestic_travel,0.75,가볼만한곳|추천|후기|데이트|핫플
d7ddfbced1d09396,food,0.88,맛집|내돈내산|추천|후기|핫플
d7ddfbced1d09396,domestic_travel,0.38,추천|후기|핫플
9631e20ae69ab6ef,food,1.00,맛집|카페|방문|추천|핫플|데이트
9631e20ae69ab6ef,domestic_travel,0.75,가볼만한곳|방문|추천|데이트|핫플
36d07e9abb723eac,food,1.00,맛집|저녁|밥집|추천|후기|핫플
36d07e9abb723eac,domestic_travel,0.38,추천|후기|핫플
f92fb188fe183917,food,0.50,맛집|후기|핫플
f92fb188fe183917,domestic_travel,0.25,후기|핫플
89b36f2fc1fe3294,food,0.88,맛집|술집|방문|핫플|데이트
89b36f2fc1fe3294,domestic_travel,0.38,방문|데이트|핫플
8975d3c41c9e94ed,food,0.75,맛집|웨이팅|후기|핫플
8975d3c41c9e94ed,domestic_travel,0.25,후기|핫플
6cd09bdae1a0e0d3,food,0.63,맛집|추천|후기|핫플
6cd09bdae1a0e0d3,domestic_travel,0.38,추천|후기|핫플
56f82154ab9e924b,food,0.88,맛집|점심|후기|핫플|데이트
56f82154ab9e924b,domestic_travel,0.38,후기|데이트|핫플
b2fd76a638a1c53c,food,0.63,맛집|고기|핫플
b2fd76a638a1c53c,domestic_travel,0.38,축제|핫플
2bfb5280f803dc6a,food,0.88,맛집|카페|디저트|핫플
84edb485cb8051aa,food,1.00,맛집|식당|파스타|카페|브런치|핫플|데이트
84edb485cb8051aa,domestic_travel,0.25,데이트|핫플
7de3250d0b0d91f1,food,0.75,맛집|카페|추천|핫플
7de3250d0b0d91f1,domestic_travel,0.75,국내여행|숙소|추천|핫플
5d5cffd833ce3c44,food,1.00,맛집|카페|디저트|핫플|데이트
5d5cffd833ce3c44,domestic_travel,0.50,시장|데이트|핫플
5946def09120ac51,food,1.00,맛집|술집|추천|후기|핫플|데이트
5946def09120ac51,domestic_travel,0.50,추천|후기|데이트|핫플
cb32980764fd6e56,food,1.00,맛집|내돈내산|방문|추천|후기|핫플|데이트
cb32980764fd6e56,domestic_travel,0.63,방문|추천|후기|데이트|핫플
a11b3e36b77940f1,food,0.88,맛집|웨이팅|추천|핫플|데이트
a11b3e36b77940f1,domestic_travel,0.38,추천|데이트|핫플
9c40829581bcbd99,food,0.63,맛집|메뉴|핫플
072d495868323ab4,food,0.75,맛집|술집|추천|핫플
072d495868323ab4,domestic_travel,0.25,추천|핫플
167f2ef0dcbaf85e,food,1.00,맛집|카페|방문|후기|핫플|데이트
167f2ef0dcbaf85e,domestic_travel,0.50,방문|후기|데이트|핫플
6c9c904dd3729be4,food,0.75,맛집|고기|후기|핫플
6c9c904dd3729be4,domestic_travel,0.25,후기|핫플
b49bfe3db0e4fada,food,0.63,맛집|식당|핫플
d36d771e44a43b78,food,0.75,맛집|식당|추천|핫플
d36d771e44a43b78,domestic_travel,0.25,추천|핫플
b5875d43e52b5179,food,0.38,맛집|핫플
cdf0ff304f560081,food,1.00,맛집|파스타|내돈내산|웨이팅|밥집|핫플|데이트
cdf0ff304f560081,domestic_travel,0.25,데이트|핫플
4ea1d33e872f40fd,food,1.00,맛집|카페|내돈내산|추천|핫플
4ea1d33e872f40fd,domestic_travel,0.25,추천|핫플
112bebe92db8609e,food,0.50,맛집|추천|핫플
112bebe92db8609e,domestic_travel,0.75,축제|명소|추천|핫플
2a0cc5906336c6a3,food,0.63,맛집|식당|핫플
c059b6595149b324,food,1.00,맛집|점심|저녁|라멘|핫플|데이트
c059b6595149b324,domestic_travel,0.25,데이트|핫플
b71ea251020051cb,food,1.00,맛집|내돈내산|술집|추천|핫플|데이트
b71ea251020051cb,domestic_travel,0.38,추천|데이트|핫플
6b8a0809f68ace44,food,0.38,맛집|핫플
aeb77106606135e0,food,0.75,맛집|카페|후기|핫플
aeb77106606135e0,domestic_travel,0.75,바다|해변|후기|핫플
28786cc59892f254,food,0.63,맛집|술집|핫플
aeef4d01af1d4c1f,food,0.50,맛집|핫플|데이트
aeef4d01af1d4c1f,domestic_travel,0.25,데이트|핫플
5292ca4c41a7984d,food,0.38,맛집|핫플
d65334c38967d76a,food,0.38,맛집|핫플
af33e6a9e5fe3a5e,food,1.00,맛집|카페|브런치|추천|후기|핫플
af33e6a9e5fe3a5e,domestic_travel,0.88,가볼만한곳|나들이|추천|후기|핫플
1c6779fa0b4a423b,food,0.75,맛집|술집|추천|핫플
1c6779fa0b4a423b,domestic_travel,0.25,추천|핫플
6b4398dff0c91098,food,0.50,맛집|추천|핫플
6b4398dff0c91098,domestic_travel,0.50,시장|추천|핫플
170ac866ee499bf8,food,0.38,맛집|핫플
9326dcdbe78f7325,food,0.88,맛집|점심|추천|핫플|데이트
9326dcdbe78f7325,domestic_travel,0.63,가볼만한곳|추천|데이트|핫플
f3ea73b6dc48d4a4,food,0.75,맛집|내돈내산|후기|핫플
f3ea73b6dc48d4a4,domestic_travel,0.25,후기|핫플
560d26b3bd0877a3,food,0.88,맛집|고기|술집|핫플
5cbe9e36f93194cd,food,0.63,맛집|고기|핫플
56b70c22f8e97b8d,food,1.00,맛집|카페|디저트|내돈내산|추천|핫플|데이트
56b70c22f8e97b8d,domestic_travel,0.88,가볼만한곳|나들이|추천|데이트|핫플
15a7ccd586bf580a,food,1.00,맛집|저녁|고기|술집|추천|핫플|데이트
15a7ccd586bf580a,domestic_travel,0.38,추천|데이트|핫플
6a7b59e5b2b03b8e,food,0.75,맛집|추천|후기|핫플|데이트
6a7b59e5b2b03b8e,domestic_travel,0.50,추천|후기|데이트|핫플
4b57eee5ab9cb71a,food,1.00,맛집|점심|내돈내산|웨이팅|밥집|방문|추천|핫플
4b57eee5ab9cb71a,domestic_travel,0.63,가볼만한곳|방문|추천|핫플
89f9a5c1cec042b1,food,0.88,맛집|술집|추천|후기|핫플
89f9a5c1cec042b1,domestic_travel,0.63,가볼만한곳|추천|후기|핫플
cdc3470346e96efe,food,0.88,맛집|내돈내산|웨이팅|핫플
cdc3470346e96efe,domestic_travel,0.38,여행코스|핫플
a67589dc750c5fae,food,0.88,맛집|카페|추천|핫플|데이트
a67589dc750c5fae,domestic_travel,0.38,추천|데이트|핫플
f02b00ed0486f04e,food,0.50,맛집|추천|핫플
f02b00ed0486f04e,domestic_travel,0.25,추천|핫플
f5cd9cbaa4a31c50,food,0.38,맛집|핫플
f5cd9cbaa4a31c50,domestic_travel,0.38,가볼만한곳|핫플
364ee9363604d16e,food,0.38,맛집|핫플
364ee9363604d16e,domestic_travel,0.38,명소|핫플
bcb28b2c5978b04d,food,0.63,맛집|카페|후기
7d577b66ba25c168,food,0.50,맛집|추천|핫플
7d577b66ba25c168,domestic_travel,0.50,시장|추천|핫플
aefe588c4fb489da,food,0.38,맛집|핫플
481fed8686b31d5f,food,0.88,맛집|메뉴|술집|핫플
c16dcc99ed92eba4,food,1.00,맛집|카페|디저트|추천|핫플
c16dcc99ed92eba4,domestic_travel,0.25,추천|핫플
ec1a41cae05065d8,food,1.00,맛집|카페|브런치|방문|핫플
ec1a41cae05065d8,domestic_travel,0.50,가볼만한곳|방문|핫플
ce5eb024ee0738b4,food,0.75,맛집|내돈내산|추천|핫플
ce5eb024ee0738b4,domestic_travel,0.50,가볼만한곳|추천|핫플
46c7332a8c528d9d,food,0.63,맛집|카페|핫플
46c7332a8c528d9d,domestic_travel,0.88,서울근교|가볼만한곳|여행코스|핫플
5a867e1a2282971b,food,0.63,맛집|술집|핫플
ad7c22e0e68b3671,food,1.00,맛집|메뉴|디저트|후기|핫플|데이트
ad7c22e0e68b3671,domestic_travel,0.38,후기|데이트|핫플
01f5417dbfe41a2c,food,0.75,맛집|방문|후기|핫플|데이트
01f5417dbfe41a2c,domestic_travel,0.50,방문|후기|데이트|핫플
698c216621f99f63,food,0.50,맛집|추천|핫플
698c216621f99f63,domestic_travel,0.25,추천|핫플
3dc4eb38992b229b,food,1.00,맛집|카페|브런치|내돈내산|핫플|데이트
3dc4eb38992b229b,domestic_travel,0.75,가볼만한곳|나들이|데이트|핫플
add1a1d472648d34,food,0.88,맛집|술집|추천|핫플|데이트
add1a1d472648d34,domestic_travel,0.38,추천|데이트|핫플
35c4e4c076eb4b2a,food,1.00,맛집|저녁|고기|술집|추천|핫플
35c4e4c076eb4b2a,domestic_travel,0.25,추천|핫플
56671e128100aa5b,food,0.38,맛집|핫플
1fad5e2059a90691,food,0.75,맛집|웨이팅|후기|핫플
1fad5e2059a90691,domestic_travel,0.25,후기|핫플
616c5ac3aeb57a76,food,1.00,맛집|카페|브런치|방문|추천|후기|핫플
616c5ac3aeb57a76,domestic_travel,0.75,시장|방문|추천|후기|핫플
c23c905e61885f21,food,1.00,맛집|카페|디저트|핫플|데이트
c23c905e61885f21,domestic_travel,0.25,데이트|핫플
80d627e20e50fb07,food,0.63,맛집|술집|핫플
614719933d27faf5,food,1.00,맛집|카페|디저트|내돈내산|추천|핫플|데이트
614719933d27faf5,domestic_travel,0.63,가볼만한곳|추천|데이트|핫플
62e960547029129d,food,1.00,맛집|저녁|웨이팅|방문|핫플
62e960547029129d,domestic_travel,0.25,방문|핫플
58976cfdaed65b37,food,0.88,맛집|카페|추천|핫플|데이트
58976cfdaed65b37,domestic_travel,0.63,가볼만한곳|추천|데이트|핫플
117a9b5ebb202a89,food,0.88,맛집|고기|후기|핫플|데이트
117a9b5ebb202a89,domestic_travel,0.88,나들이|명소|후기|데이트|핫플
4b1aeafa20e100a9,food,1.00,맛집|메뉴|점심|추천|핫플|데이트
4b1aeafa20e100a9,domestic_travel,0.38,추천|데이트|핫플
2afe73096a6c00ec,food,0.75,맛집|웨이팅|방문|핫플
2afe73096a6c00ec,domestic_travel,0.25,방문|핫플
20209a7008510914,food,0.50,맛집|추천|핫플
20209a7008510914,domestic_travel,0.50,여행코스|추천|핫플
39680f5eafa1d226,food,0.88,맛집|디저트|추천|후기|핫플
39680f5eafa1d226,domestic_travel,0.38,추천|후기|핫플
c4d9e62d27a3980e,food,1.00,맛집|카페|내돈내산|후기|핫플|데이트
c4d9e62d27a3980e,domestic_travel,0.38,후기|데이트|핫플
ed063781422c7172,food,1.00,맛집|식당|내돈내산|추천|핫플
ed063781422c7172,domestic_travel,0.75,가볼만한곳|여행코스|추천|핫플
aa656ade63b4cc43,food,0.50,맛집|브런치
aa656ade63b4cc43,domestic_travel,0.25,가볼만한곳
df63d781e0ab7dc1,food,1.00,맛집|저녁|술집|추천|핫플|데이트
df63d781e0ab7dc1,domestic_travel,0.63,가볼만한곳|추천|데이트|핫플
2d3bf4a1cf6cfcc4,food,0.75,맛집|술집|핫플|데이트
2d3bf4a1cf6cfcc4,domestic_travel,0.25,데이트|핫플
8b70a9d7d8434c00,food,1.00,맛집|카페|디저트|웨이팅|방문|추천|후기|핫플|데이트
8b70a9d7d8434c00,domestic_travel,0.63,방문|추천|후기|데이트|핫플
b9face9dca5c2ade,food,0.50,맛집|추천|핫플
b9face9dca5c2ade,domestic_travel,0.25,추천|핫플
58c77dfb32b9c559,food,0.88,맛집|술집|방문|추천|핫플
58c77dfb32b9c559,domestic_travel,0.63,시장|방문|추천|핫플
ac153310b08699a8,food,0.75,맛집|방문|추천|핫플|데이트
ac153310b08699a8,domestic_travel,0.75,가볼만한곳|방문|추천|데이트|핫플
0c180566d8651c7f,food,0.63,맛집|웨이팅|핫플
6da6ee759f20b981,food,1.00,맛집|점심|내돈내산|추천|후기|핫플|데이트
6da6ee759f20b981,domestic_travel,0.75,시장|추천|후기|데이트|핫플
692f510e46e5bc23,food,0.38,맛집|핫플
5f1dbf1c3b93d963,food,1.00,맛집|카페|디저트|추천|핫플
5f1dbf1c3b93d963,domestic_travel,0.25,추천|핫플
5a3e92df37c65f32,food,1.00,맛집|내돈내산|추천|후기|핫플|데이트
5a3e92df37c65f32,domestic_travel,0.50,추천|후기|데이트|핫플
81fdfd251116eb05,food,0.50,맛집|핫플|데이트
81fdfd251116eb05,domestic_travel,0.75,가볼만한곳|축제|데이트|핫플
a55d4f597823d4f5,food,0.63,맛집|술집|핫플
68bb8188e2d0df0b,food,0.88,맛집|파스타|술집|핫플
553c8c7e505d2da2,food,0.88,맛집|방문|추천|후기|핫플|데이트
553c8c7e505d2da2,domestic_travel,0.63,방문|추천|후기|데이트|핫플
fc2ee3a37bebe28f,food,1.00,맛집|카페|디저트|핫플|데이트
fc2ee3a37bebe28f,domestic_travel,0.25,데이트|핫플
63a5fe35f2c688ae,food,0.63,맛집|추천|후기|핫플
63a5fe35f2c688ae,domestic_travel,1.00,가볼만한곳|여행코스|명소|추천|후기|핫플
927acad8bcec91c8,food,0.50,맛집|핫플|데이트
927acad8bcec91c8,domestic_travel,0.50,바다|데이트|핫플
2accd8da355caad6,food,0.63,맛집|추천|핫플|데이트
2accd8da355caad6,domestic_travel,0.63,가볼만한곳|추천|데이트|핫플
d1e1cd2af59f5966,food,0.75,맛집|웨이팅|추천|핫플
d1e1cd2af59f5966,domestic_travel,0.25,추천|핫플
d09747f43206cbc6,food,1.00,맛집|카페|디저트|브런치|추천|핫플
d09747f43206cbc6,domestic_travel,0.25,추천|핫플
88690a5522a85fec,food,1.00,맛집|카페|디저트|추천|핫플|데이트
88690a5522a85fec,domestic_travel,0.63,시장|추천|데이트|핫플
0a7f61380a676969,food,1.00,맛집|파스타|카페|추천|핫플|데이트
0a7f61380a676969,domestic_travel,0.38,추천|데이트|핫플
3c7906bb0950d770,food,0.38,맛집|핫플
ca9bdf023081dceb,food,0.63,맛집|디저트|핫플
6f9620d5b1dc2d1e,food,1.00,맛집|점심|밥집|추천|핫플|데이트
6f9620d5b1dc2d1e,domestic_travel,0.63,가볼만한곳|추천|데이트|핫플
75ca2ab429ac85bc,food,0.88,맛집|카페|후기|핫플|데이트
75ca2ab429ac85bc,domestic_travel,0.63,가볼만한곳|후기|데이트|핫플
c01cd486b0684af9,food,0.88,맛집|술집|추천|핫플|데이트
c01cd486b0684af9,domestic_travel,0.63,가볼만한곳|추천|데이트|핫플
ad4b6e0ad139702b,food,0.88,맛집|카페|추천|핫플|데이트
ad4b6e0ad139702b,domestic_travel,0.38,추천|데이트|핫플
f367249a574e74b6,food,0.75,맛집|고기|추천|핫플
f367249a574e74b6,domestic_travel,0.25,추천|핫플
3003929684ada604,food,0.50,맛집|추천|핫플
3003929684ada604,domestic_travel,0.25,추천|핫플
0549b1c0efad32f1,food,0.38,맛집|핫플
c799efc4b8239f40,food,1.00,맛집|식당|메뉴|웨이팅|추천|핫플
c799efc4b8239f40,domestic_travel,0.25,추천|핫플
9408a46e93015e45,food,0.88,맛집|카페|디저트|핫플
420c2378ce7c1eed,food,1.00,맛집|저녁|고기|술집|핫플|데이트
420c2378ce7c1eed,domestic_travel,0.25,데이트|핫플
2e32fe8312b0982d,food,1.00,맛집|메뉴|점심|카페|추천|핫플
2e32fe8312b0982d,domestic_travel,0.25,추천|핫플
3bdcd8e5b04c9495,food,0.63,맛집|추천|핫플|데이트
3bdcd8e5b04c9495,domestic_travel,0.38,추천|데이트|핫플
45c75127b2bc543f,food,0.38,맛집|핫플
a05f4b92b2f935df,food,1.00,맛집|식당|점심|저녁|카페|브런치|핫플|데이트
a05f4b92b2f935df,domestic_travel,0.50,가볼만한곳|데이트|핫플
f93a0a559d63fbb9,food,1.00,맛집|카페|술집|추천|핫플|데이트
f93a0a559d63fbb9,domestic_travel,0.38,추천|데이트|핫플
ddbbb075e25232e1,food,0.88,맛집|술집|추천|핫플|데이트
ddbbb075e25232e1,domestic_travel,0.38,추천|데이트|핫플
2a390111630fa770,food,1.00,맛집|카페|디저트|추천|핫플|데이트
2a390111630fa770,domestic_travel,0.63,여행코스|추천|데이트|핫플
625bce901d525809,food,1.00,맛집|점심|고기|추천|핫플|데이트
625bce901d525809,domestic_travel,0.38,추천|데이트|핫플
e75a6fb6c4ca96b4,food,1.00,맛집|고기|카페|추천|핫플
e75a6fb6c4ca96b4,domestic_travel,1.00,서울근교|가볼만한곳|나들이|추천|핫플
22d968ac12a934b0,food,0.38,맛집|핫플
9729190a10ff030f,food,0.50,맛집|핫플|데이트
9729190a10ff030f,domestic_travel,0.75,가볼만한곳|명소|데이트|핫플
6c686c3cd19e99c2,food,0.63,맛집|식당|핫플
6c686c3cd19e99c2,domestic_travel,0.38,가볼만한곳|핫플
5e5211da2562c706,food,0.63,맛집|카페|핫플
5e5211da2562c706,domestic_travel,0.38,명소|핫플
47913228f197e492,food,0.25,맛집
9c603874e1077bcc,food,0.75,맛집|술집|핫플|데이트
9c603874e1077bcc,domestic_travel,0.25,데이트|핫플
7e160cdc856319e8,food,0.38,맛집|핫플
7e160cdc856319e8,domestic_travel,0.38,나들이|핫플
cb5677a15bbf91d8,food,1.00,맛집|술집|추천|후기|핫플|데이트
cb5677a15bbf91d8,domestic_travel,0.50,추천|후기|데이트|핫플
3a413c54c6c3fea9,food,0.88,맛집|카페|추천|핫플|데이트
3a413c54c6c3fea9,domestic_travel,0.63,바다|추천|데이트|핫플
26bc42f044a8c1c4,food,1.00,맛집|식당|점심|술집|추천|핫플|데이트
26bc42f044a8c1c4,domestic_travel,0.38,추천|데이트|핫플
cc7506eb947f4f23,food,0.88,맛집|카페|디저트|핫플
f945c15d9d9352cd,food,0.88,맛집|점심|추천|핫플|데이트
f945c15d9d9352cd,domestic_travel,0.38,추천|데이트|핫플
47cc9d44a413f1fd,food,0.75,맛집|카페|핫플|데이트
47cc9d44a413f1fd,domestic_travel,0.50,서울근교|데이트|핫플
110e2cd286ab2027,food,1.00,맛집|고기|술집|추천|핫플
110e2cd286ab2027,domestic_travel,0.25,추천|핫플
c8b4923ce4e7dc80,food,0.50,맛집|핫플|데이트
c8b4923ce4e7dc80,domestic_travel,0.75,가볼만한곳|여행코스|데이트|핫플
c1ea5c273d6191db,food,0.88,맛집|카페|내돈내산|핫플
59d25257dacfc386,food,1.00,맛집|점심|저녁|내돈내산|추천|후기|핫플|데이트
59d25257dacfc386,domestic_travel,0.50,추천|후기|데이트|핫플
489bfe973e348263,food,0.75,맛집|술집|핫플|데이트
489bfe973e348263,domestic_travel,0.25,데이트|핫플
e78809a29ac31488,food,1.00,맛집|점심|카페|핫플|데이트
e78809a29ac31488,domestic_travel,0.50,가볼만한곳|데이트|핫플
77dff1cd0026fe0d,food,0.88,맛집|술집|추천|핫플|데이트
77dff1cd0026fe0d,domestic_travel,0.38,추천|데이트|핫플
c2eef6095b190300,food,0.88,맛집|메뉴|디저트|핫플
80cb237c0f5b9801,food,0.88,맛집|웨이팅|추천|핫플|데이트
80cb237c0f5b9801,domestic_travel,0.38,추천|데이트|핫플
1c873103057885fc,food,0.88,맛집|카페|추천|핫플|데이트
1c873103057885fc,domestic_travel,1.00,국내여행|가볼만한곳|여행코스|나들이|추천|데이트|핫플
5c32c81404cb082c,food,1.00,맛집|술집|방문|추천|핫플|데이트
5c32c81404cb082c,domestic_travel,0.50,방문|추천|데이트|핫플
3e45b19936c2cf22,food,0.63,맛집|고기|핫플
d46c07e3bf8d959d,food,1.00,맛집|카페|디저트|브런치|후기|핫플
d46c07e3bf8d959d,domestic_travel,0.50,나들이|후기|핫플
b83f31e2a0002e05,food,0.88,맛집|내돈내산|후기|핫플|데이트
b83f31e2a0002e05,domestic_travel,0.63,여행코스|후기|데이트|핫플
f73a01bfd8ce8e58,food,1.00,맛집|점심|저녁|파스타|카페|추천|핫플
f73a01bfd8ce8e58,domestic_travel,0.50,가볼만한곳|추천|핫플
0942681a90b20127,food,0.88,맛집|점심|추천|핫플|데이트
0942681a90b20127,domestic_travel,0.38,추천|데이트|핫플
b09d8dd6ca51c016,food,0.38,맛집|핫플
dc11a22c212dbd70,food,0.88,맛집|고기|추천|핫플|데이트
dc11a22c212dbd70,domestic_travel,0.38,추천|데이트|핫플
804e5dc2f7d736b4,food,0.75,맛집|술집|추천|핫플
804e5dc2f7d736b4,domestic_travel,0.25,추천|핫플
5129b68ab7422b17,food,1.00,맛집|카페|디저트|추천|후기|핫플
5129b68ab7422b17,domestic_travel,0.38,추천|후기|핫플
e4fa55bfba0eb3f6,food,0.88,맛집|점심|후기|핫플|데이트
e4fa55bfba0eb3f6,domestic_travel,0.38,후기|데이트|핫플
ea33accdcba277a8,food,1.00,맛집|메뉴|점심|라멘|내돈내산|밥집|추천|핫플|데이트
ea33accdcba277a8,domestic_travel,0.38,추천|데이트|핫플
7252782ee5485b6a,food,1.00,맛집|고기|밥집|핫플|데이트
7252782ee5485b6a,domestic_travel,0.25,데이트|핫플
91e6cc7c26b8a4e8,food,0.75,맛집|술집|추천|핫플
91e6cc7c26b8a4e8,domestic_travel,0.25,추천|핫플
1e58e84ea8b53b49,food,0.50,맛집|핫플|데이트
1e58e84ea8b53b49,domestic_travel,1.00,국내여행|가볼만한곳|축제|데이트|핫플
88b4fdc1cb36d618,food,0.50,맛집|추천|핫플
88b4fdc1cb36d618,domestic_travel,0.25,추천|핫플
39f5a26773b537d7,food,0.50,맛집|방문|핫플
39f5a26773b537d7,domestic_travel,0.25,방문|핫플
ce38d97da6d596df,food,0.63,맛집|추천|핫플|데이트
ce38d97da6d596df,domestic_travel,0.38,추천|데이트|핫플
78a20177de903e1f,food,0.75,맛집|술집|핫플|데이트
78a20177de903e1f,domestic_travel,0.25,데이트|핫플
dddb08d50dab4aff,food,0.75,맛집|술집|추천|핫플
dddb08d50dab4aff,domestic_travel,0.25,추천|핫플
38a1384a1b126f78,food,1.00,맛집|카페|술집|핫플|데이트
38a1384a1b126f78,domestic_travel,0.50,가볼만한곳|데이트|핫플
722d9fbe6ac8e456,food,0.88,맛집|점심|밥집|핫플
ea20752c3ca9bb51,food,0.75,맛집|술집|핫플|데이트
ea20752c3ca9bb51,domestic_travel,0.25,데이트|핫플
105ba5aa8bddd4d7,food,0.75,맛집|추천|후기|핫플|데이트
105ba5aa8bddd4d7,domestic_travel,0.50,추천|후기|데이트|핫플
5934c0ff8e029f3f,food,0.50,맛집|후기|핫플
5934c0ff8e029f3f,domestic_travel,0.25,후기|핫플
f17f52535a1164f2,food,0.50,맛집|핫플|데이트
f17f52535a1164f2,domestic_travel,0.50,가볼만한곳|데이트|핫플
7fd10430c9867466,food,1.00,맛집|카페|디저트|추천|핫플
7fd10430c9867466,domestic_travel,0.50,가볼만한곳|추천|핫플
bbd2d35436b07229,food,1.00,맛집|술집|방문|후기|핫플|데이트
bbd2d35436b07229,domestic_travel,0.75,가볼만한곳|방문|후기|데이트|핫플
54a9d029c6fd8246,food,1.00,맛집|카페|디저트|웨이팅|추천|핫플
54a9d029c6fd8246,domestic_travel,0.50,가볼만한곳|추천|핫플
87f7bf7924eb4081,food,1.00,맛집|저녁|고기|추천|핫플|데이트
87f7bf7924eb4081,domestic_travel,0.38,추천|데이트|핫플
6cf990b354142359,food,0.38,맛집|핫플
2469d293fab62c46,food,1.00,맛집|점심|밥집|추천|후기|핫플
2469d293fab62c46,domestic_travel,0.63,가볼만한곳|추천|후기|핫플
8a538a4969ad304c,food,0.75,맛집|라멘|핫플|데이트
8a538a4969ad304c,domestic_travel,0.25,데이트|핫플
f9126f1fe3507003,food,0.75,맛집|술집|추천|핫플
f9126f1fe3507003,domestic_travel,0.25,추천|핫플
47c876ddc6a451b8,food,1.00,맛집|식당|점심|고기|추천|핫플|데이트
47c876ddc6a451b8,domestic_travel,0.63,시장|추천|데이트|핫플
71fcf6f79865a4a6,food,1.00,맛집|카페|디저트|추천|후기|핫플|데이트
71fcf6f79865a4a6,domestic_travel,0.50,추천|후기|데이트|핫플
a61962f8d027eb05,food,1.00,맛집|점심|저녁|추천|핫플|데이트
a61962f8d027eb05,domestic_travel,0.63,가볼만한곳|추천|데이트|핫플
1720870ac3a84053,food,0.88,맛집|메뉴|방문|후기|핫플
1720870ac3a84053,domestic_travel,0.38,방문|후기|핫플
802037bba9195b93,food,1.00,맛집|메뉴|점심|저녁|파스타|내돈내산|핫플|데이트
802037bba9195b93,domestic_travel,0.25,데이트|핫플
5991eb24145b5765,food,0.38,맛집|핫플
a1b800a431d090f9,food,0.75,맛집|내돈내산|후기|핫플
a1b800a431d090f9,domestic_travel,0.50,가볼만한곳|후기|핫플
c689f0822d40f9f1,food,0.38,맛집|핫플
83b590b684a0bf6a,food,0.75,맛집|술집|추천|핫플
83b590b684a0bf6a,domestic_travel,0.25,추천|핫플
39ac70f615e22f95,food,0.88,맛집|내돈내산|술집|핫플
7510e5c60d488b34,food,0.75,맛집|술집|추천|핫플
7510e5c60d488b34,domestic_travel,0.25,추천|핫플
49dae26397bd8de5,food,0.88,맛집|파스타|추천|핫플|데이트
49dae26397bd8de5,domestic_travel,0.38,추천|데이트|핫플
6bc25c6112fe2309,food,0.75,맛집|카페|추천|핫플
6bc25c6112fe2309,domestic_travel,1.00,국내여행|숙소|바다|추천|핫플
73deb1617e255193,food,0.63,맛집|저녁|핫플
a7de5291007c6089,food,0.75,맛집|술집|핫플|데이트
a7de5291007c6089,domestic_travel,0.25,데이트|핫플
44242bceb99263bf,food,1.00,맛집|메뉴|저녁|고기|추천|핫플|데이트
44242bceb99263bf,domestic_travel,0.38,추천|데이트|핫플
1f93e31f6818a788,food,0.63,맛집|술집|핫플
8ef73230d7663bb3,food,0.50,맛집|추천|핫플
8ef73230d7663bb3,domestic_travel,0.25,추천|핫플
60020a07d782a2c9,food,0.88,맛집|카페|추천|핫플|데이트
60020a07d782a2c9,domestic_travel,0.38,추천|데이트|핫플
5810444d5705f777,food,1.00,맛집|카페|웨이팅|추천|핫플|데이트
5810444d5705f777,domestic_travel,1.00,국내여행|서울근교|가볼만한곳|나들이|추천|데이트|핫플
568b04bcd0d29dba,food,0.88,맛집|카페|추천|핫플|데이트
568b04bcd0d29dba,domestic_travel,0.63,가볼만한곳|추천|데이트|핫플
f7a14ea6b753ba3a,food,1.00,맛집|고기|술집|추천|핫플|데이트
f7a14ea6b753ba3a,domestic_travel,0.38,추천|데이트|핫플
27e556cf1327a1c2,food,1.00,맛집|식당|점심|저녁|추천|핫플|데이트
27e556cf1327a1c2,domestic_travel,0.38,추천|데이트|핫플
abd212c03fe7ddbc,food,0.63,맛집|카페|핫플
41d5b1e406a8474c,food,0.50,맛집|후기|핫플
41d5b1e406a8474c,domestic_travel,0.25,후기|핫플
7c8e8a6933fec37a,food,0.38,맛집|핫플
4247ba9bd1e7fa08,food,0.75,맛집|점심|핫플|데이트
4247ba9bd1e7fa08,domestic_travel,0.25,데이트|핫플
3c0959d587697208,food,1.00,맛집|식당|내돈내산|추천|핫플|데이트
3c0959d587697208,domestic_travel,0.88,국내여행|여행코스|추천|데이트|핫플
dbaefd8597634db7,food,0.88,맛집|점심|추천|핫플|데이트
dbaefd8597634db7,domestic_travel,0.38,추천|데이트|핫플
402690f2c0104f93,food,0.88,맛집|카페|디저트|핫플
fbb469d3605b2fa2,food,1.00,맛집|메뉴|카페|핫플|데이트
fbb469d3605b2fa2,domestic_travel,0.50,가볼만한곳|데이트|핫플
c4b5a5a971b53c29,food,1.00,맛집|식당|다이닝|추천|후기|핫플|데이트
c4b5a5a971b53c29,domestic_travel,0.50,추천|후기|데이트|핫플
8c6759878d175989,food,1.00,맛집|메뉴|술집|추천|핫플|데이트
8c6759878d175989,domestic_travel,0.38,추천|데이트|핫플
d0f55f80833aa2d6,food,1.00,맛집|카페|디저트|핫플|데이트
d0f55f80833aa2d6,domestic_travel,0.25,데이트|핫플
e5c6bd075ff38f2d,food,0.88,맛집|카페|추천|핫플|데이트
e5c6bd075ff38f2d,domestic_travel,0.63,가볼만한곳|추천|데이트|핫플
4be9e49679f7573b,food,0.38,맛집|핫플
6e609413eb2bd7db,food,0.75,맛집|메뉴|추천|핫플
6e609413eb2bd7db,domestic_travel,0.50,바다|추천|핫플
51cdff51c75920fb,food,1.00,맛집|메뉴|카페|디저트|내돈내산|추천|핫플
51cdff51c75920fb,domestic_travel,0.25,추천|핫플
919814110b582a8e,food,0.88,맛집|술집|추천|핫플|데이트
919814110b582a8e,domestic_travel,0.38,추천|데이트|핫플
cf2916528fb608da,food,1.00,맛집|카페|디저트|추천|핫플
cf2916528fb608da,domestic_travel,0.25,추천|핫플
b655d7eeafbb275f,food,1.00,맛집|내돈내산|웨이팅|추천|핫플|데이트
b655d7eeafbb275f,domestic_travel,0.63,가볼만한곳|추천|데이트|핫플
cb9dd0fc8ee3273b,food,0.88,맛집|밥집|방문|핫플|데이트
cb9dd0fc8ee3273b,domestic_travel,0.38,방문|데이트|핫플
bb6c9ea33a08e653,food,0.50,맛집|후기|핫플
bb6c9ea33a08e653,domestic_travel,0.25,후기|핫플
438fdcc50a8f26e6,food,0.75,맛집|저녁|핫플|데이트
438fdcc50a8f26e6,domestic_travel,0.25,데이트|핫플
2d26eeca6c686292,food,0.88,맛집|술집|추천|핫플|데이트
2d26eeca6c686292,domestic_travel,0.38,추천|데이트|핫플
e80f76807804e347,food,0.75,맛집|카페|추천|핫플
e80f76807804e347,domestic_travel,0.75,국내여행|여행코스|추천|핫플
b5eabaa9541e68fb,food,0.63,맛집|파스타|핫플
9ffd636cd1ba6183,food,1.00,맛집|고기|내돈내산|술집|핫플|데이트
9ffd636cd1ba6183,domestic_travel,0.50,시장|데이트|핫플
87b9f9761c7084e1,food,1.00,맛집|카페|브런치|추천|핫플
87b9f9761c7084e1,domestic_travel,0.75,가볼만한곳|나들이|추천|핫플
3eb0cf1b651039d2,food,0.75,맛집|추천|후기|핫플|데이트
3eb0cf1b651039d2,domestic_travel,0.75,가볼만한곳|추천|후기|데이트|핫플
f1560918eb327dbd,food,0.88,맛집|점심|라멘|핫플
8e2c01d5de09080c,food,0.63,맛집|방문|후기|핫플
8e2c01d5de09080c,domestic_travel,0.38,방문|후기|핫플
063d248a927a3a9d,food,1.00,맛집|카페|디저트|내돈내산|추천|후기|핫플|데이트
063d248a927a3a9d,domestic_travel,0.50,추천|후기|데이트|핫플
170213c7a6798787,food,1.00,맛집|카페|디저트|내돈내산|추천|핫플|데이트
170213c7a6798787,domestic_travel,0.63,가볼만한곳|추천|데이트|핫플
d80a0b3673656284,food,1.00,맛집|메뉴|파스타|카페|브런치|핫플|데이트
d80a0b3673656284,domestic_travel,0.50,나들이|데이트|핫플
e624c0456b63be67,food,0.88,맛집|식당|추천|핫플|데이트
e624c0456b63be67,domestic_travel,0.63,여행코스|추천|데이트|핫플
2c20351a84f062ee,food,0.50,맛집|후기|핫플
2c20351a84f062ee,domestic_travel,0.25,후기|핫플
0477886b2f9f5138,food,0.63,맛집|추천|핫플|데이트
0477886b2f9f5138,domestic_travel,0.38,추천|데이트|핫플
d3e856aa7b69ce0e,food,0.75,맛집|식당|추천|핫플
d3e856aa7b69ce0e,domestic_travel,0.25,추천|핫플
8d03d7a2c85cf325,food,0.75,맛집|카페|핫플|데이트
8d03d7a2c85cf325,domestic_travel,0.25,데이트|핫플
51543dd6b3dce48a,food,0.38,맛집|핫플
51543dd6b3dce48a,domestic_travel,0.38,여행코스|핫플
d50caf3d0b697598,food,0.38,맛집|핫플
d50caf3d0b697598,domestic_travel,0.38,시장|핫플
bcac0498f7d7d52a,food,0.88,맛집|다이닝|추천|핫플|데이트
bcac0498f7d7d52a,domestic_travel,0.63,가볼만한곳|추천|데이트|핫플
202a4c71c3f5f56b,food,0.88,맛집|술집|추천|핫플|데이트
202a4c71c3f5f56b,domestic_travel,0.38,추천|데이트|핫플
4ca5ad7928110542,food,0.63,맛집|디저트|핫플
fbcad34a4d218957,food,0.63,맛집|카페|핫플
90b3fc4239b96579,food,1.00,맛집|카페|디저트|후기|핫플
90b3fc4239b96579,domestic_travel,0.25,후기|핫플
fbbc600461640d1d,food,0.88,맛집|카페|내돈내산|핫플
775209f38e978f03,food,0.50,맛집|방문|핫플
775209f38e978f03,domestic_travel,0.25,방문|핫플
07d40557320807ad,food,0.50,맛집|추천|핫플
07d40557320807ad,domestic_travel,0.50,가볼만한곳|추천|핫플
af9d8a42cc95ca10,food,1.00,맛집|점심|고기|밥집|추천|핫플|데이트
af9d8a42cc95ca10,domestic_travel,0.38,추천|데이트|핫플
686f85b56ddd57e3,food,0.75,맛집|술집|핫플|데이트
686f85b56ddd57e3,domestic_travel,0.25,데이트|핫플
4301aba4cd13d35c,food,0.50,맛집|추천|핫플
4301aba4cd13d35c,domestic_travel,0.25,추천|핫플
4d92af8470a74a6a,food,1.00,맛집|웨이팅|밥집|방문|후기|핫플
4d92af8470a74a6a,domestic_travel,0.38,방문|후기|핫플
b1579dbd5345c5b4,food,0.63,맛집|카페|핫플
f74fbf65b9962429,food,1.00,맛집|저녁|술집|추천|핫플
f74fbf65b9962429,domestic_travel,0.50,가볼만한곳|추천|핫플
6cc8380324797ee8,food,0.38,맛집|핫플
f649ff67e7af1459,food,0.88,맛집|술집|추천|핫플|데이트
f649ff67e7af1459,domestic_travel,0.38,추천|데이트|핫플
a4b4f5f84382316e,food,1.00,맛집|식당|파스타|브런치|핫플|데이트
a4b4f5f84382316e,domestic_travel,0.25,데이트|핫플
5644225e7a724416,food,0.63,맛집|방문|추천|핫플
5644225e7a724416,domestic_travel,0.38,방문|추천|핫플
2a6492f982d8870e,food,1.00,맛집|메뉴|디저트|웨이팅|추천|핫플|데이트
2a6492f982d8870e,domestic_travel,0.38,추천|데이트|핫플
4ea17716bbc7eb06,food,0.88,맛집|술집|추천|핫플|데이트
4ea17716bbc7eb06,domestic_travel,0.38,추천|데이트|핫플
83837b0145647f3d,food,0.88,맛집|점심|카페|핫플
92835fcbb8660ea0,food,1.00,맛집|점심|저녁|후기|핫플|데이트
92835fcbb8660ea0,domestic_travel,0.38,후기|데이트|핫플
ed4c02844cfff021,food,1.00,맛집|메뉴|내돈내산|후기|핫플
ed4c02844cfff021,domestic_travel,0.25,후기|핫플
72cda41a2751486f,food,0.63,맛집|고기|핫플
c4412adfbcf177ad,food,0.63,맛집|추천|후기|핫플
c4412adfbcf177ad,domestic_travel,0.88,가볼만한곳|여행코스|추천|후기|핫플
427fa6abc56b9d13,food,1.00,맛집|카페|디저트|추천|핫플|데이트
427fa6abc56b9d13,domestic_travel,0.38,추천|데이트|핫플
c870a09fbb86dbac,food,1.00,맛집|식당|파스타|핫플|데이트
c870a09fbb86dbac,domestic_travel,0.25,데이트|핫플
499b27d9225ff33b,food,0.63,맛집|방문|추천|핫플
499b27d9225ff33b,domestic_travel,0.88,가볼만한곳|시장|방문|추천|핫플
4faef98354c6f039,food,0.75,맛집|식당|추천|핫플
4faef98354c6f039,domestic_travel,0.50,바다|추천|핫플
343ff89b6e5a8500,food,0.75,맛집|카페|핫플|데이트
343ff89b6e5a8500,domestic_travel,0.50,바다|데이트|핫플
1854d4952cc072cf,food,0.75,맛집|술집|추천|핫플
1854d4952cc072cf,domestic_travel,0.25,추천|핫플
041b8192d26dc8da,food,0.63,맛집|후기|핫플|데이트
041b8192d26dc8da,domestic_travel,0.88,가볼만한곳|나들이|후기|데이트|핫플
5a85599f0559fbe4,food,0.75,맛집|고기|추천|핫플
5a85599f0559fbe4,domestic_travel,0.25,추천|핫플
f434d03a4f82db77,food,0.63,맛집|추천|핫플|데이트
f434d03a4f82db77,domestic_travel,0.63,가볼만한곳|추천|데이트|핫플
7e56918a5de04510,food,0.63,맛집|카페|핫플
7e56918a5de04510,domestic_travel,0.38,가볼만한곳|핫플
0ee1cf29cf6bf0a7,food,0.63,맛집|카페|핫플
8be92354c3756b92,food,0.50,맛집|추천|핫플
8be92354c3756b92,domestic_travel,0.25,추천|핫플
6acdc931f6c0005a,food,1.00,맛집|고기|내돈내산|후기|핫플
6acdc931f6c0005a,domestic_travel,0.25,후기|핫플
5e14a0865c248480,food,0.50,맛집|핫플|데이트
5e14a0865c248480,domestic_travel,1.00,국내여행|나들이|명소|데이트|핫플
fd32b3a60e82470f,food,0.75,맛집|고기|추천|핫플
fd32b3a60e82470f,domestic_travel,0.25,추천|핫플
7e075bfbdceee33a,food,1.00,맛집|카페|디저트|추천|핫플
7e075bfbdceee33a,domestic_travel,0.25,추천|핫플
7b1a310a1d2040d1,food,1.00,맛집|카페|내돈내산|추천|후기|핫플|데이트
7b1a310a1d2040d1,domestic_travel,1.00,가볼만한곳|나들이|추천|후기|데이트|핫플
ed9c4e59cb8c20cb,food,1.00,맛집|카페|추천|후기|핫플|데이트
ed9c4e59cb8c20cb,domestic_travel,0.75,나들이|추천|후기|데이트|핫플
2604ddf7e3a504f9,food,0.75,맛집|파스타|핫플|데이트
2604ddf7e3a504f9,domestic_travel,0.25,데이트|핫플
a4c5ee609dfedf26,food,0.38,맛집|핫플
d903ebadcbf952be,food,0.75,맛집|파스타|핫플|데이트
d903ebadcbf952be,domestic_travel,0.25,데이트|핫플
85ed8e7a094782ec,food,0.75,맛집|술집|추천|핫플
85ed8e7a094782ec,domestic_travel,0.25,추천|핫플
223f88afa8ca966a,food,0.50,맛집|추천|핫플
223f88afa8ca966a,domestic_travel,0.25,추천|핫플
4a89271dd190b6a4,food,1.00,맛집|식당|추천|후기|핫플|데이트
4a89271dd190b6a4,domestic_travel,0.50,추천|후기|데이트|핫플
40a41d87b5f345bd,food,0.75,맛집|식당|후기|핫플
40a41d87b5f345bd,domestic_travel,0.25,후기|핫플
b273f063f33363a2,food,0.50,맛집|추천|핫플
b273f063f33363a2,domestic_travel,0.25,추천|핫플
2bf24025db2c7725,food,1.00,맛집|점심|저녁|핫플|데이트
2bf24025db2c7725,domestic_travel,0.25,데이트|핫플
c04303dd90ca6df9,food,0.38,맛집|핫플
c04303dd90ca6df9,domestic_travel,0.88,당일치기|가볼만한곳|나들이|핫플
1d336b08c18811b9,food,0.88,맛집|카페|추천|후기|핫플
1d336b08c18811b9,domestic_travel,0.38,추천|후기|핫플
16ba49ceac92e07f,food,1.00,맛집|카페|술집|추천|후기|핫플|데이트
16ba49ceac92e07f,domestic_travel,0.50,추천|후기|데이트|핫플
8c4f26f4096cd2ed,food,0.63,맛집|메뉴|핫플
b4c768b1b21dfde7,food,0.63,맛집|추천|핫플|데이트
b4c768b1b21dfde7,domestic_travel,0.38,추천|데이트|핫플
3ef26970276467c8,food,0.63,맛집|후기|핫플|데이트
3ef26970276467c8,domestic_travel,0.38,후기|데이트|핫플
9cd5169d5f9b0345,food,1.00,맛집|고기|방문|추천|후기|핫플
9cd5169d5f9b0345,domestic_travel,0.50,방문|추천|후기|핫플
f722d8d9d0ff6c56,food,0.63,맛집|고기|핫플
aa8e266286811194,food,1.00,맛집|웨이팅|술집|방문|후기|핫플
aa8e266286811194,domestic_travel,0.38,방문|후기|핫플
1b6fce2268c101a6,food,0.63,맛집|점심|핫플
0669ac485c5d94c2,food,1.00,맛집|식당|점심|파스타|후기|핫플|데이트
0669ac485c5d94c2,domestic_travel,0.38,후기|데이트|핫플
bfeedcdbe64a31ad,food,1.00,맛집|식당|고기|추천|핫플
bfeedcdbe64a31ad,domestic_travel,0.25,추천|핫플
ebe23db09d7d64a2,food,1.00,맛집|카페|디저트|브런치|핫플
6ee46affd688f6e8,food,0.63,맛집|카페|핫플
623b859b6dd41d19,food,1.00,맛집|내돈내산|웨이팅|술집|후기|핫플|데이트
623b859b6dd41d19,domestic_travel,0.38,후기|데이트|핫플
2af44173e486a291,food,0.88,맛집|내돈내산|추천|후기|핫플
2af44173e486a291,domestic_travel,0.38,추천|후기|핫플
619a35149a658d76,food,0.88,맛집|카페|디저트|핫플
68be8f5259c3f4f0,food,0.63,맛집|브런치|핫플
dc3a3bd9abd9d476,food,0.63,맛집|웨이팅|핫플
e71561ef82c8433a,food,1.00,맛집|밥집|술집|후기|핫플|데이트
e71561ef82c8433a,domestic_travel,0.38,후기|데이트|핫플
70a8a57a69e785bc,food,0.38,맛집|핫플
b37ba8cf9a716d31,food,0.88,맛집|카페|추천|핫플|데이트
b37ba8cf9a716d31,domestic_travel,0.38,추천|데이트|핫플
0ff372939668621e,food,0.88,맛집|술집|추천|핫플|데이트
0ff372939668621e,domestic_travel,0.38,추천|데이트|핫플
28605e9712cd8b2f,food,1.00,맛집|저녁|파스타|카페|술집|추천|핫플|데이트
28605e9712cd8b2f,domestic_travel,0.63,가볼만한곳|추천|데이트|핫플
81e256a567791473,food,1.00,맛집|카페|디저트|추천|핫플|데이트
81e256a567791473,domestic_travel,0.38,추천|데이트|핫플
1144a430c013e9da,food,0.63,맛집|카페|핫플
1144a430c013e9da,domestic_travel,0.38,숙소|핫플
73e564ae29c0c01c,food,0.75,맛집|밥집|핫플|데이트
73e564ae29c0c01c,domestic_travel,0.50,가볼만한곳|데이트|핫플
ca0d00a977ad3781,food,0.75,맛집|카페|추천|핫플
ca0d00a977ad3781,domestic_travel,1.00,당일치기|가볼만한곳|여행코스|명소|추천|핫플
5a443374870e902f,food,0.88,맛집|고기|내돈내산|핫플
5a443374870e902f,domestic_travel,0.38,시장|핫플
2691c7ce93a39f17,food,0.75,맛집|카페|방문|핫플
2691c7ce93a39f17,domestic_travel,0.25,방문|핫플
dc99d224ddd793ac,food,0.88,맛집|방문|추천|후기|핫플|데이트
dc99d224ddd793ac,domestic_travel,0.63,방문|추천|후기|데이트|핫플
2c3be88c861379e3,food,0.38,맛집|핫플
dd8120a671d25541,food,0.50,맛집|핫플|데이트
dd8120a671d25541,domestic_travel,0.25,데이트|핫플
3068640e7def2c0d,food,1.00,맛집|점심|저녁|추천|핫플|데이트
3068640e7def2c0d,domestic_travel,0.63,가볼만한곳|추천|데이트|핫플
3487df0d9b0db0a3,food,1.00,맛집|카페|디저트|핫플|데이트
3487df0d9b0db0a3,domestic_travel,0.25,데이트|핫플
e5e5d3bf2f2d1b0c,food,0.63,맛집|추천|핫플|데이트
e5e5d3bf2f2d1b0c,domestic_travel,0.38,추천|데이트|핫플
0ee020e84314e8d4,food,0.63,맛집|카페|핫플
0ee020e84314e8d4,domestic_travel,0.38,숙소|핫플
1a617da97aab06e0,food,0.63,맛집|웨이팅|핫플
54d6c6d2176ef571,food,0.75,맛집|술집|핫플|데이트
54d6c6d2176ef571,domestic_travel,0.50,가볼만한곳|데이트|핫플
271d169d083fceba,food,0.75,맛집|내돈내산|추천|핫플
271d169d083fceba,domestic_travel,0.50,시장|추천|핫플
7b9bd4b847b8ebd6,food,1.00,맛집|카페|내돈내산|웨이팅|방문|후기|핫플
7b9bd4b847b8ebd6,domestic_travel,0.63,가볼만한곳|방문|후기|핫플
8937f9eea6cf9c11,food,0.75,맛집|카페|핫플|데이트
8937f9eea6cf9c11,domestic_travel,0.25,데이트|핫플
ce6f690588d0b3ea,food,1.00,맛집|카페|디저트|추천|후기|핫플|데이트
ce6f690588d0b3ea,domestic_travel,0.50,추천|후기|데이트|핫플
7c9736186c921007,food,0.75,맛집|고기|핫플|데이트
7c9736186c921007,domestic_travel,0.25,데이트|핫플
162e888234107cec,food,0.75,맛집|카페|추천|핫플
162e888234107cec,domestic_travel,0.75,국내여행|여행코스|추천|핫플
ae252a354dd8a514,food,0.50,맛집|추천|핫플
ae252a354dd8a514,domestic_travel,0.25,추천|핫플
5a1f0c5435d8c444,food,0.38,맛집|핫플
15e03a1e229df4ee,food,1.00,맛집|카페|디저트|핫플|데이트
15e03a1e229df4ee,domestic_travel,0.25,데이트|핫플
ac62c4c3bfe53f2e,food,0.88,맛집|카페|추천|핫플|데이트
ac62c4c3bfe53f2e,domestic_travel,0.63,가볼만한곳|추천|데이트|핫플
f7c33176cf33fb9a,food,1.00,맛집|카페|브런치|내돈내산|핫플
93fd37f0a0b9cf5a,food,0.50,맛집|방문|핫플
93fd37f0a0b9cf5a,domestic_travel,0.25,방문|핫플
9fbf3d6d9810682c,food,0.50,맛집|후기|핫플
9fbf3d6d9810682c,domestic_travel,0.25,후기|핫플
7e0b3e357f887c37,food,0.38,맛집|핫플
bde6068dd9341c60,food,0.38,맛집|핫플
bde6068dd9341c60,domestic_travel,1.00,당일치기|가볼만한곳|여행코스|시장|핫플
c092ca9a59dbc163,food,0.63,맛집|카페|핫플
de621d1694c7c784,food,1.00,맛집|술집|추천|후기|핫플|데이트
de621d1694c7c784,domestic_travel,0.50,추천|후기|데이트|핫플
da6de16a6cb30250,food,0.63,맛집|추천|핫플|데이트
da6de16a6cb30250,domestic_travel,0.63,가볼만한곳|추천|데이트|핫플
e9b3fc96fd317f7e,food,0.38,맛집|핫플
9d2e38fa10cdd130,food,0.63,맛집|고기|핫플
10c9f5831f7d6f92,food,0.38,맛집|핫플
10c9f5831f7d6f92,domestic_travel,0.38,숙소|핫플
4489256307ee4357,food,0.75,맛집|술집|핫플|데이트
4489256307ee4357,domestic_travel,0.25,데이트|핫플
219031e781021817,food,0.50,맛집|추천|핫플
219031e781021817,domestic_travel,0.25,추천|핫플
278fe3fe5181feed,food,0.38,맛집|핫플
0796121e2a1f15be,food,0.75,맛집|메뉴|후기|핫플
0796121e2a1f15be,domestic_travel,0.25,후기|핫플
cfd038d1d43a55c7,food,1.00,맛집|저녁|고기|술집|추천|후기|핫플|데이트
cfd038d1d43a55c7,domestic_travel,0.75,가볼만한곳|추천|후기|데이트|핫플
bfc90e36ce4f4038,food,0.38,맛집|핫플
031dbabb0ad26148,food,0.75,맛집|방문|추천|핫플|데이트
031dbabb0ad26148,domestic_travel,0.50,방문|추천|데이트|핫플
fe4d6bbb1f8b6af0,food,0.88,맛집|카페|추천|후기|핫플
fe4d6bbb1f8b6af0,domestic_travel,0.88,여행코스|숙소|추천|후기|핫플
14dbb98b78a9412d,food,0.88,맛집|카페|추천|핫플|데이트
14dbb98b78a9412d,domestic_travel,0.63,가볼만한곳|추천|데이트|핫플
01366fc0aec0e4d9,food,0.50,맛집|추천|핫플
01366fc0aec0e4d9,domestic_travel,0.25,추천|핫플
1ad2b724ff04f53d,food,0.75,맛집|메뉴|후기|핫플
1ad2b724ff04f53d,domestic_travel,0.25,후기|핫플
9d252f89d850730e,food,1.00,맛집|카페|디저트|내돈내산|후기|핫플|데이트
9d252f89d850730e,domestic_travel,0.38,후기|데이트|핫플
97bb095bece82bbb,food,0.50,맛집|추천|핫플
97bb095bece82bbb,domestic_travel,0.25,추천|핫플
6a78eb3d2e4b2f6e,food,0.88,맛집|카페|방문|후기|핫플
6a78eb3d2e4b2f6e,domestic_travel,0.38,방문|후기|핫플
0264aed522c6fd65,food,0.63,맛집|카페|핫플
8131e4876455527f,food,0.75,맛집|술집|추천|핫플
8131e4876455527f,domestic_travel,0.25,추천|핫플
fc60265c41f0cb0e,food,1.00,맛집|내돈내산|웨이팅|후기|핫플|데이트
fc60265c41f0cb0e,domestic_travel,0.38,후기|데이트|핫플
0825bb690a16c107,food,1.00,맛집|점심|저녁|고기|핫플|데이트
0825bb690a16c107,domestic_travel,0.25,데이트|핫플
4ed22b3abbe43069,food,0.88,맛집|메뉴|추천|후기|핫플
4ed22b3abbe43069,domestic_travel,0.38,추천|후기|핫플
b5707f9b479f0070,food,0.88,맛집|식당|저녁|핫플
93b75ea8f703f8be,food,0.88,맛집|카페|추천|핫플|데이트
93b75ea8f703f8be,domestic_travel,0.88,가볼만한곳|여행코스|추천|데이트|핫플
af09d37cf50a144a,food,1.00,맛집|카페|디저트|추천|후기|핫플|데이트
af09d37cf50a144a,domestic_travel,0.50,추천|후기|데이트|핫플
123e0b9c4bdf38dc,food,0.50,맛집|후기|핫플
123e0b9c4bdf38dc,domestic_travel,0.25,후기|핫플
f313d2842196312c,food,1.00,맛집|저녁|술집|추천|핫플
f313d2842196312c,domestic_travel,0.25,추천|핫플
713896c7e713adbb,food,0.75,맛집|카페|후기|핫플
713896c7e713adbb,domestic_travel,1.00,가볼만한곳|여행코스|해변|후기|핫플
6b4dcd9e252ccf0a,food,0.88,맛집|술집|후기|핫플|데이트
6b4dcd9e252ccf0a,domestic_travel,0.38,후기|데이트|핫플
9fd677682a1f31d8,food,0.38,맛집|핫플
500f778af0afbbb3,food,0.75,맛집|추천|후기|핫플|데이트
500f778af0afbbb3,domestic_travel,0.75,가볼만한곳|추천|후기|데이트|핫플
e6fa0aadc9a561f1,food,0.63,맛집|카페|핫플
45b99b4fb511b0a7,food,0.88,맛집|술집|추천|핫플|데이트
45b99b4fb511b0a7,domestic_travel,0.38,추천|데이트|핫플
b730b626800b6452,food,0.75,맛집|고기|추천|핫플
b730b626800b6452,domestic_travel,0.25,추천|핫플
d02c1b528e66ed19,food,0.75,맛집|카페|후기|핫플
d02c1b528e66ed19,domestic_travel,0.25,후기|핫플
78ab67590efba64b,food,0.50,맛집|후기|핫플
78ab67590efba64b,domestic_travel,0.75,여행코스|숙소|후기|핫플
5f8f8c7c788807be,food,0.50,맛집|추천|핫플
5f8f8c7c788807be,domestic_travel,1.00,가볼만한곳|축제|명소|추천|핫플
b24a5267ada410b6,food,1.00,맛집|식당|점심|저녁|밥집|추천|핫플|데이트
b24a5267ada410b6,domestic_travel,0.63,시장|추천|데이트|핫플
baa6e9fc8a296956,food,1.00,맛집|식당|메뉴|추천|핫플
baa6e9fc8a296956,domestic_travel,0.50,가볼만한곳|추천|핫플
2b046845b0208104,food,0.88,맛집|카페|추천|핫플|데이트
2b046845b0208104,domestic_travel,0.88,당일치기|나들이|추천|데이트|핫플
897314f74085b253,food,1.00,맛집|내돈내산|웨이팅|밥집|추천|핫플
897314f74085b253,domestic_travel,0.75,당일치기|가볼만한곳|추천|핫플
fce2b7b4803cc082,food,0.50,맛집|추천|핫플
fce2b7b4803cc082,domestic_travel,0.25,추천|핫플
de33e4078f5f8262,food,0.50,맛집|추천|핫플
de33e4078f5f8262,domestic_travel,0.25,추천|핫플
57d776e41a619d02,food,0.38,맛집|핫플
57d776e41a619d02,domestic_travel,0.38,바다|핫플
955899828078b107,food,1.00,맛집|저녁|술집|추천|후기|핫플|데이트
955899828078b107,domestic_travel,0.50,추천|후기|데이트|핫플
57a3349353051961,food,0.63,맛집|브런치|핫플
6ac6caff5e6b09f9,food,1.00,맛집|메뉴|점심|고기|핫플|데이트
6ac6caff5e6b09f9,domestic_travel,0.25,데이트|핫플
c1ce97b02bfb6eed,food,1.00,맛집|카페|디저트|추천|핫플|데이트
c1ce97b02bfb6eed,domestic_travel,0.38,추천|데이트|핫플
cbb4a9f3c4017368,food,0.75,맛집|웨이팅|방문|핫플
cbb4a9f3c4017368,domestic_travel,0.25,방문|핫플
d8158ba180725c7a,food,0.75,맛집|술집|방문|핫플
d8158ba180725c7a,domestic_travel,0.25,방문|핫플
a4640697caf0787c,food,0.50,맛집|점심
be97a87b1db14765,food,1.00,맛집|식당|메뉴|점심|후기
a4a1dea28a093310,food,0.88,맛집|식당|점심|추천
bd52de80febc2292,food,0.88,맛집|메뉴|점심|후기
8eb6b72ff64e493f,food,0.50,맛집|점심
de5dd95c4704bb6e,food,0.75,맛집|점심|방문|후기
de5dd95c4704bb6e,domestic_travel,0.25,방문|후기
3d8fb1607f9d0fe1,food,1.00,맛집|식당|점심|밥집|방문
f1a14e53181cb86c,food,0.50,맛집|점심
ab8b978144d030aa,food,0.50,맛집|점심
731973283e89ddd0,food,0.63,맛집|점심|데이트
dced06dcb8a5ec1a,food,0.50,맛집|점심
6e9459f50c603505,food,1.00,맛집|점심|카페|브런치|후기
77df21411866e564,food,0.50,맛집|점심
8e40723e78f55460,food,0.88,맛집|점심|파스타|데이트
975b0be0e21bb7c3,food,0.50,맛집|점심
9bde201d0cf0888c,food,1.00,맛집|메뉴|점심|밥집
af23bdef738ce25a,food,0.75,맛집|점심|파스타
47d68a990974806b,food,1.00,맛집|점심|고기|밥집
58873cc7098119d0,food,0.75,맛집|점심|고기
c544a17d61dccf5b,food,0.63,맛집|점심|추천
c544a17d61dccf5b,domestic_travel,0.38,당일치기|추천
5a109e162c25c8fe,food,0.63,맛집|점심|추천
ede2e8958802ebe4,food,0.88,맛집|점심|밥집|추천
e1643f704758f3cc,food,0.75,맛집|식당|점심
9ba99dd3066d60bf,food,0.50,맛집|점심
3df080d6989d4f9c,food,1.00,맛집|메뉴|점심|파스타
1c79a6c8cc82bcb5,food,0.75,맛집|점심|고기
162d5c688f0f7e5f,food,0.75,맛집|점심|웨이팅
699697a21a510b4a,food,0.88,맛집|점심|고기|추천
67aad4c701000f2c,food,0.50,맛집|점심
67aad4c701000f2c,domestic_travel,0.25,바다
ab2578d6bf537fc5,food,0.75,맛집|점심|고기
c8d0bd2db9c079e7,food,1.00,맛집|메뉴|점심|웨이팅|추천|후기
c8d0bd2db9c079e7,domestic_travel,0.25,추천|후기
4d35b92a34972858,food,0.50,맛집|점심
bf62ecf43f14aebe,food,0.50,맛집|점심
9e081e961e7e1ac9,food,1.00,맛집|메뉴|점심|저녁
ca436683b89bf9c0,food,0.88,맛집|메뉴|점심|방문
9efc69200c50f1ad,food,1.00,맛집|메뉴|점심|저녁|고기
b08fe8ccbc768f75,food,0.75,맛집|메뉴|점심
67990a9f671a1ccf,food,0.88,맛집|점심|고기|추천
9aea1b39a430c8dc,food,1.00,맛집|메뉴|점심|카페|추천
33a0168fb4d1746f,food,1.00,맛집|식당|메뉴|점심|추천
e48f045c30df55b2,food,0.88,맛집|점심|파스타|데이트
433687a3a356abe5,food,0.50,맛집|점심
565ceaf2dfc003f4,food,0.50,맛집|점심
5be68b2062641795,food,1.00,맛집|점심|저녁|고기|후기
268ca0551ff958c0,food,0.50,맛집|점심
27a25f604c708768,food,0.75,맛집|식당|점심
43308987fcf2b0f9,food,1.00,맛집|메뉴|점심|고기|방문|후기
43308987fcf2b0f9,domestic_travel,0.25,방문|후기
454a5bb416794a31,food,0.50,맛집|점심
fe25acaab147bd91,food,0.50,맛집|점심
bd3c5c652e582ca4,food,1.00,맛집|메뉴|점심|웨이팅|후기
8e79c4054c34a15e,food,0.75,맛집|점심|고기
d0f7c07dde83a18d,food,0.50,맛집|점심
d0f7c07dde83a18d,domestic_travel,0.25,바다
914a4c9f3fa1efd1,food,0.63,맛집|점심|추천
de68a454c5d92957,food,0.88,맛집|점심|라멘|방문
d1b5084de6068b35,food,1.00,맛집|메뉴|점심|저녁|방문|후기
d1b5084de6068b35,domestic_travel,0.50,가볼만한곳|방문|후기
2cbe4ebe7a6f7a3d,food,1.00,맛집|점심|웨이팅|방문|후기
2cbe4ebe7a6f7a3d,domestic_travel,0.25,방문|후기
f7af97817b92cf2c,food,1.00,맛집|메뉴|점심|저녁
8ee1cebf46586e4b,food,1.00,맛집|식당|점심|파스타|방문|추천|데이트
8ee1cebf46586e4b,domestic_travel,0.38,방문|추천|데이트
cee4443042c41f51,food,0.50,맛집|점심
ef36f563c29c3cc2,food,0.63,맛집|점심|추천
0de9d064a31abb66,food,0.75,맛집|점심|디저트
71e17a632b3fee52,food,0.63,맛집|점심|후기
3cbbbdc883fdf1e8,food,0.75,맛집|점심|저녁
2352d0af7c418270,food,1.00,맛집|메뉴|점심|방문|데이트
2352d0af7c418270,domestic_travel,0.25,방문|데이트
820241d57d405042,food,1.00,맛집|점심|고기|추천|후기
820241d57d405042,domestic_travel,0.25,추천|후기
9a37460a9afc33ce,food,0.50,맛집|점심
5cf1ae273dd46f84,food,0.50,맛집|점심
a7c85dd17aae2e9f,food,1.00,맛집|식당|메뉴|점심|고기|후기
42876743b929432f,food,0.75,맛집|점심|저녁
7635572b816fd18d,food,0.50,맛집|점심
b7c145c1fa6e9257,food,1.00,맛집|메뉴|점심|고기|추천
c62913e452736382,food,0.63,맛집|점심|추천
99a215255330618c,food,0.50,맛집|점심
99a215255330618c,domestic_travel,0.25,바다
48692f45abc649f7,food,0.50,맛집|점심
22c5b296f6846f87,food,0.50,맛집|점심
5d5ecd45b9ab748a,food,0.88,맛집|메뉴|점심|추천
977e639e35b7273e,food,0.88,맛집|점심|저녁|후기
17483d4f44fc9f74,food,1.00,맛집|메뉴|점심|웨이팅|추천|후기
17483d4f44fc9f74,domestic_travel,0.25,추천|후기
7f39ee31540e67e1,food,0.50,맛집|점심
e1a306fb51c53b3f,food,1.00,맛집|점심|저녁|방문|추천
e1a306fb51c53b3f,domestic_travel,0.25,방문|추천
da1d96b045cae9ab,food,1.00,맛집|메뉴|점심|저녁|후기|데이트
da1d96b045cae9ab,domestic_travel,0.25,후기|데이트
48104f97530f1d41,food,0.63,맛집|점심|후기
6399252737085948,food,0.88,맛집|점심|저녁|방문
b456acc93cf3885b,food,0.88,맛집|점심|웨이팅|후기
f9b7cc9fa5e058ad,food,0.75,맛집|메뉴|점심
512dd82f8e769dd7,food,0.50,맛집|점심
284fdeeea7c68571,food,0.50,맛집|점심
0f9e435ee08f57cb,food,1.00,맛집|식당|메뉴|점심|고기
88f3f101fe4de85d,food,0.75,맛집|점심|저녁
e6ca2f985cfa257d,food,1.00,맛집|식당|점심|저녁|방문
3a9759cd32d95cb4,food,0.88,맛집|메뉴|점심|방문
7acdf78909c8e509,food,0.75,맛집|메뉴|점심
a7840960687e5ea6,food,0.63,맛집|점심|후기
2a16d7f90722323a,food,0.88,맛집|점심|밥집|추천
e42da987888811d6,food,0.50,맛집|점심
bab7548b21b7f45a,food,0.50,맛집|점심
4b7ebd9b653d1d0e,food,0.50,맛집|점심
15688e8e1a0ec042,food,0.75,맛집|메뉴|점심
d6a9472e0fa0e28a,food,0.75,맛집|메뉴|점심
9f9f915f5a71f388,food,0.50,맛집|점심
9f9f915f5a71f388,domestic_travel,0.25,시장
6e23e82d41241e84,food,0.75,맛집|메뉴|점심
8f53be840eadc6f9,food,0.75,맛집|식당|점심
87274b9fbfa7959a,food,1.00,맛집|메뉴|점심|웨이팅|추천
eb8bb013fcdc8d80,food,0.75,맛집|식당|점심
3066929409e28ef4,food,0.50,맛집|점심
5caefd00400ec81a,food,0.50,맛집|점심
ae42443402ea723d,food,0.63,맛집|점심|방문
e76d5a5766b46081,food,0.63,맛집|점심|추천
a3992ac4f7f7c072,food,0.75,맛집|점심|저녁
929752976ce860d7,food,0.50,맛집|점심
d240f8bc5abd0b35,food,0.63,맛집|점심|추천
ce11645d0fffef00,food,1.00,맛집|점심|저녁|웨이팅|다이닝|데이트
bfbc091a8458d611,food,1.00,맛집|점심|카페|브런치
448aa467c53c5ad5,food,1.00,맛집|메뉴|점심|고기|후기
ea8ade45c27c7799,food,1.00,맛집|점심|고기|방문|후기
ea8ade45c27c7799,domestic_travel,0.25,방문|후기
e824aecbdbf6af47,food,0.50,맛집|점심
4312d3ed9be6d419,food,0.50,맛집|점심
2545b1974d225244,food,1.00,맛집|메뉴|점심|브런치|방문|추천
2545b1974d225244,domestic_travel,0.25,방문|추천
bbc9abf09d016327,food,0.50,맛집|점심
dd8b704932a1957e,food,0.88,맛집|점심|밥집|방문
dd8b704932a1957e,domestic_travel,0.38,시장|방문
7a8cda7180c964c1,food,0.88,맛집|점심|웨이팅|방문
46e9a7f54e242207,food,0.75,맛집|점심|고기
01114234ac6ca1b4,food,0.75,맛집|점심|저녁
8d325c85b5cdfd8e,food,0.88,맛집|점심|저녁|방문
fd1923fec66ee219,food,0.50,맛집|점심
37554e99f17556cd,food,0.50,맛집|점심
1b8f73e148f969f0,food,1.00,맛집|메뉴|점심|술집|추천
e9a0123c23efda6e,food,0.75,맛집|메뉴|점심
71e31913cab73a69,food,0.63,맛집|점심|방문
8a8cf132bb13df49,food,0.50,맛집|점심
78bc4d21c1ac1026,food,1.00,맛집|메뉴|점심|웨이팅|후기
f35e43e9f26fc64a,food,0.88,맛집|메뉴|점심|추천
3b2e45f655c6e400,food,0.75,맛집|점심|카페
3b2e45f655c6e400,domestic_travel,0.25,당일치기
67fb5f7422a63b93,food,0.88,맛집|점심|방문|추천|후기
67fb5f7422a63b93,domestic_travel,0.63,시장|방문|추천|후기
a6ce0e0502c0311a,food,0.63,맛집|점심|추천
b8ecfc0329462063,food,0.88,맛집|메뉴|점심|방문
0abab0fc1a022c98,food,1.00,맛집|식당|점심|웨이팅
b306cacbb436ba94,food,0.63,맛집|점심|추천
c87a1c6b40c540c9,food,1.00,맛집|점심|저녁|방문|후기
c87a1c6b40c540c9,domestic_travel,0.25,방문|후기
12aa865262f30e8b,food,0.63,맛집|점심|추천
d45ef8c5733bc43f,food,0.75,맛집|점심|저녁
f3ed93bf81040ac2,food,0.63,맛집|점심|방문
f3ed93bf81040ac2,domestic_travel,0.63,숙소|시장|방문
4d2c33e5b954e447,food,0.63,맛집|점심|후기
6f5532a2e7371433,food,0.75,맛집|점심|저녁
18a6fcec80baf23a,food,0.50,맛집|점심
22ccb84211f14c04,food,0.75,맛집|메뉴|점심
201a9f4964d6527d,food,0.75,맛집|점심|밥집
201a9f4964d6527d,domestic_travel,0.25,시장
d6e7ccc9d513c404,food,0.50,맛집|점심
b3e7642fd12804ae,food,0.63,맛집|점심|추천
ec52ab76631022b1,food,0.88,맛집|점심|술집|데이트
ec52ab76631022b1,domestic_travel,0.38,가볼만한곳|데이트
93cc19dfeb342448,food,0.50,맛집|점심
5942c582e37cb696,food,0.88,맛집|메뉴|점심|방문
167b8db71b205351,food,0.75,맛집|점심|웨이팅
0cbb95936581f1c4,food,0.88,맛집|점심|저녁|데이트
d168d33d58a4a25e,food,0.50,맛집|점심
1f8b83a4d3028438,food,0.50,맛집|점심
e3616a7ce2c26404,food,0.63,맛집|점심|후기
cfc2451c50894776,food,0.50,맛집|점심
cfc2451c50894776,domestic_travel,0.25,시장
160d9a5d1bf40a51,food,0.63,맛집|점심|추천
3a3b1e1117e2eaba,food,0.50,맛집|점심
032df0306d8cd259,food,0.75,맛집|점심|방문|후기
032df0306d8cd259,domestic_travel,0.25,방문|후기
2cbbaf1a4f884478,food,0.50,맛집|점심
5cb56922930baa27,food,1.00,맛집|점심|저녁|방문|추천|후기
5cb56922930baa27,domestic_travel,0.38,방문|추천|후기
aaa5e8ea95295fce,food,0.75,맛집|점심|디저트
6f06a5c8f2dbd802,food,0.88,맛집|점심|저녁|추천
15ba836d8eef7f0d,food,0.50,맛집|점심
4d35829d19a0575f,food,1.00,맛집|점심|라멘|방문|후기
4d35829d19a0575f,domestic_travel,0.25,방문|후기
8784cb1930468a8d,food,0.63,맛집|점심|후기
452c8518bd4f11b5,food,0.50,맛집|점심
ac7a1b0d10913e70,food,1.00,맛집|식당|점심|고기
ac7a1b0d10913e70,domestic_travel,0.25,시장
6e35026820664389,food,1.00,맛집|메뉴|점심|방문|후기
6e35026820664389,domestic_travel,0.25,방문|후기
cbf3fd60e9bac331,food,0.75,맛집|점심|고기
b77961725973faf2,food,1.00,맛집|식당|메뉴|점심|방문
5e9f25bb314ee869,food,0.50,맛집|점심
d2ab77817ebafed8,food,0.63,맛집|점심|추천
66a939b038b859e9,food,1.00,맛집|메뉴|점심|파스타|방문
b58844a7a8bbf8e0,food,0.50,맛집|점심
065fc90639c86e25,food,0.50,맛집|점심
065fc90639c86e25,domestic_travel,0.25,축제
ed6cf5e57270f703,food,0.75,맛집|점심|웨이팅
2311c679ac955cbf,food,0.75,맛집|메뉴|점심
cd29f1efca3dac81,food,1.00,맛집|점심|웨이팅|방문|후기
cd29f1efca3dac81,domestic_travel,0.25,방문|후기
6654a53b6cf86044,food,0.50,맛집|점심
d3ffc9fe68d0d013,food,0.50,맛집|점심
154acfabc7d876d7,food,0.50,맛집|점심
3414b584f1a60c9a,food,0.75,맛집|메뉴|점심
bc5ca3ee893d9913,food,0.50,맛집|점심
c3d2b59f9104ebd2,food,0.50,맛집|점심
461cce3ed8b764be,food,1.00,맛집|식당|점심|저녁
d1eacc2677106dd2,food,1.00,맛집|메뉴|점심|저녁
8d98e324ab598aa2,food,0.50,맛집|점심
c0795f2af709aa73,food,0.88,맛집|점심|저녁|방문
de3740cb4bf3a36f,food,0.75,맛집|메뉴|점심
cbe4667b835f7aa4,food,0.75,맛집|식당|점심
4816443f03ef26e9,food,0.50,맛집|점심
9b039ee7ce9ed17d,food,0.75,맛집|점심|방문|후기
9b039ee7ce9ed17d,domestic_travel,0.25,방문|후기
92ed8d8800de0c96,food,1.00,맛집|메뉴|점심|고기|추천
aede7c8dacd983ee,food,1.00,맛집|메뉴|점심|저녁|카페|방문|추천
aede7c8dacd983ee,domestic_travel,0.25,방문|추천
9f4920c9eb24a7cf,food,0.75,맛집|식당|점심
c9b0b41695cf6ecd,food,0.75,맛집|점심|카페
2f9b1d7a9d90ad0e,food,1.00,맛집|점심|저녁|밥집
4b819f8db81f144c,food,0.88,맛집|식당|점심|방문
474893678ff9bcf7,food,0.75,맛집|점심|방문|후기
474893678ff9bcf7,domestic_travel,0.25,방문|후기
de9d28467b3c867c,food,0.50,맛집|점심
a2fc9f3e1b9e1c01,food,0.50,맛집|점심
a2fc9f3e1b9e1c01,domestic_travel,0.25,나들이
e275c18cb4e84a75,food,0.50,맛집|점심
1d5d2558def583e9,food,0.63,맛집|점심|방문
32f0375c509742e6,food,0.25,점심
88d4a87bd4605013,food,0.50,맛집|점심
a15f9ec117cd1a67,food,1.00,맛집|식당|점심|고기|밥집|술집|추천
b5b3bf90baff4163,food,1.00,맛집|점심|고기|방문|추천
b5b3bf90baff4163,domestic_travel,0.25,방문|추천
c8dbe9594121f053,food,0.75,맛집|점심|카페
298a8c93b968aa5f,food,1.00,맛집|점심|저녁|파스타
d949908b5f5dac2f,food,0.75,맛집|점심|브런치
d949908b5f5dac2f,domestic_travel,0.25,시장
f112fee662f23af4,food,0.50,맛집|점심
98af0b58c95c9663,food,1.00,맛집|식당|점심|저녁|추천
e55e356fd55bbd0d,food,0.88,맛집|점심|파스타|방문
50dc9e28ec55dad4,food,0.75,맛집|점심|방문|데이트
50dc9e28ec55dad4,domestic_travel,0.25,방문|데이트
e8e52e1474aa8ecb,food,0.88,맛집|점심|저녁|방문
a3394c2008e84214,food,0.75,맛집|점심|방문|후기
a3394c2008e84214,domestic_travel,0.25,방문|후기
1c982799c3fa229e,food,0.75,맛집|점심|방문|후기
1c982799c3fa229e,domestic_travel,0.50,시장|방문|후기
8dd21589aec5e824,food,0.63,맛집|점심|방문
076db052244b342c,food,0.88,맛집|점심|웨이팅|데이트
1370627db93904a3,food,0.50,맛집|점심
912287ee7a13797a,food,0.50,맛집|점심
fe6a951d27018794,food,0.50,맛집|점심
24ca96b4a46416ca,food,0.50,맛집|점심
32dda69cd181d179,food,0.63,맛집|점심|방문
1ad8a98e7de2d8c9,food,0.50,맛집|점심
840c3b4ecf9dfc21,food,0.75,맛집|점심|고기
1c5af45333e8c7fd,food,1.00,맛집|식당|점심|저녁|추천
1c5af45333e8c7fd,domestic_travel,0.38,가볼만한곳|추천
2b6cf5f4b83acdab,food,0.63,맛집|점심|추천
898e1b6a895516d8,food,1.00,맛집|메뉴|점심|고기
eedd3155dce8de14,food,0.63,맛집|점심|데이트
d6ca73ecd1d0c04e,food,1.00,맛집|점심|저녁|방문|후기
d6ca73ecd1d0c04e,domestic_travel,0.25,방문|후기
feaddc4b2d0a89f1,food,1.00,맛집|메뉴|점심|고기
7071a1c21fce856a,food,0.63,맛집|점심|추천
c4602e5c3b9572d9,food,0.63,맛집|점심|추천
07ada115c884ff49,food,0.75,맛집|식당|점심
07ada115c884ff49,domestic_travel,0.25,바다
13f21fed501aa026,food,0.88,맛집|메뉴|점심|추천
b762504b7e4f55e8,food,0.50,맛집|점심
e532d23db264dc09,food,0.88,맛집|점심|저녁|방문
27797a13740c13a0,food,0.50,맛집|점심
306c2b43a970f898,food,0.88,맛집|식당|점심|데이트
306c2b43a970f898,domestic_travel,0.38,나들이|데이트
19037d48f62895de,food,0.50,맛집|점심
f97b226e53604c7f,food,0.88,맛집|메뉴|점심|후기
f83b861f3acc3184,food,0.63,맛집|점심|방문
1903c8ba759d971c,food,0.75,맛집|점심|고기
6f79608183e75396,food,0.75,맛집|점심|카페
72c1e55db34df661,food,0.63,맛집|점심|후기
af62aac04aef3648,food,0.75,맛집|식당|점심
fd8a5a8a3c85b641,food,0.50,맛집|점심
8c359891528dcd6f,food,0.75,맛집|점심|방문|추천
8c359891528dcd6f,domestic_travel,0.25,방문|추천
cc02d71a43f9e6de,food,1.00,맛집|점심|디저트|방문|추천
cc02d71a43f9e6de,domestic_travel,0.25,방문|추천
4c33dca5b7bf7a88,food,0.75,맛집|점심|웨이팅
b90aac7ea6b322d7,food,0.50,맛집|점심
7d6b103f4cbdb366,food,0.75,맛집|식당|점심
d6991b49d541a2f3,food,0.63,맛집|점심|추천
7bdbc55eb31e9648,food,1.00,맛집|점심|저녁|파스타|웨이팅|추천
f610e0dbdde02b66,food,1.00,맛집|메뉴|점심|고기|방문
9354b6fae3ef302a,food,0.75,맛집|점심|술집
98607e2888fa5685,food,0.75,맛집|점심|방문|후기
98607e2888fa5685,domestic_travel,0.25,방문|후기
407d13958b4e566a,food,0.88,맛집|점심|저녁|추천
47deaddf8388a8e9,food,0.88,맛집|점심|디저트|추천
adbf0d87172d6674,food,1.00,맛집|점심|고기|디저트|추천
d1c0eed6ae67dc76,food,1.00,맛집|메뉴|점심|고기
da17066d62791533,food,0.88,맛집|점심|밥집|후기
95f9f46f3c13f506,food,0.88,맛집|메뉴|점심|후기
fbc456964ec18e64,food,1.00,맛집|식당|메뉴|점심
2c10f3821bd0b85c,food,0.75,맛집|점심|방문|추천
2c10f3821bd0b85c,domestic_travel,0.25,방문|추천
c21e87dca9e10c56,food,0.75,맛집|메뉴|점심
4ea06631f127a984,food,1.00,맛집|식당|점심|고기
139f146f46387590,food,0.88,맛집|점심|고기|추천
139f146f46387590,domestic_travel,0.38,숙소|추천
33ca376f1c615abe,food,0.75,맛집|점심|고기
1e5404ac5b0b2e6f,food,1.00,맛집|점심|저녁|디저트|추천|후기
1e5404ac5b0b2e6f,domestic_travel,0.25,추천|후기
aef7ac8cc7d5248a,food,0.50,맛집|점심
b8bb5c9902dcae91,food,0.25,점심
e9984062872496ce,food,0.88,맛집|점심|저녁|방문
efa32b53bad4e55d,food,0.50,맛집|점심
bbf7dd50f6494dd3,food,0.50,맛집|점심
0377251a9f714476,food,0.63,맛집|점심|방문
535ac9c70801f5c6,food,0.50,맛집|점심
4697e6a97143a5f7,food,0.50,맛집|점심
924d7967c35479e0,food,1.00,맛집|메뉴|점심|방문|추천
924d7967c35479e0,domestic_travel,0.25,방문|추천
c32bf84eb7abd62e,food,0.50,맛집|점심
0a133b155de9ed4a,food,0.63,맛집|점심|추천
0d1d88d999e805da,food,0.75,맛집|점심|라멘
8c0e9c43853bdfa1,food,1.00,맛집|식당|점심|저녁
aa3fef5e7f4d345f,food,0.88,맛집|점심|밥집|후기
5d768e667126606a,food,1.00,맛집|메뉴|점심|방문|추천
5d768e667126606a,domestic_travel,0.25,방문|추천
0e20fd2b8644bd77,food,1.00,맛집|메뉴|점심|저녁
5ced0fead31af870,food,0.63,맛집|점심|방문
0a080dcc3c42f638,food,0.75,맛집|식당|점심
0a080dcc3c42f638,domestic_travel,0.25,바다
7b2b4a2d01109e46,food,0.63,맛집|점심|추천
32a6b5981b102639,food,0.50,맛집|점심
d7dfbda5d9627961,food,0.75,맛집|점심|브런치
e0851182430474d8,food,0.88,맛집|식당|점심|추천
61dd982c90513edf,food,0.50,맛집|점심
bdb308f614729f5a,food,0.50,맛집|점심
27d23aabe97f5976,food,0.50,맛집|점심
959c61da1d0a7d16,food,1.00,맛집|식당|점심|저녁|웨이팅
0bb97941295edaeb,food,1.00,맛집|점심|카페|브런치|추천
c78e856122bc12d3,food,0.63,맛집|점심|후기
e2a6dfcd166b168c,food,1.00,맛집|점심|라멘|카페
673e416930a52372,food,0.50,맛집|점심
91b943a8deba0080,food,0.50,맛집|점심
736a2175a4da6fc4,food,0.75,맛집|점심|웨이팅
fc9902c58194df35,food,0.75,맛집|점심|카페
fc9902c58194df35,domestic_travel,0.25,가볼만한곳
6662c657ddc75680,food,0.75,맛집|점심|카페
6662c657ddc75680,domestic_travel,0.25,숙소
8923532be58f3632,food,0.50,맛집|점심
997be6694348e513,food,1.00,맛집|메뉴|점심|고기|방문
1357125f1857b400,food,1.00,맛집|식당|메뉴|점심
0f769f2d8d253abc,food,0.75,맛집|점심|저녁
c39355537af13a85,food,0.63,맛집|점심|방문
053b886b3a91567e,food,0.75,맛집|점심|밥집
ceb39a4ede473475,food,1.00,맛집|식당|점심|고기|방문
992e4ea7c306c3b9,food,0.50,맛집|점심
d8e3b7cfac8469ec,food,0.75,맛집|식당|점심
c7534fbaf6799b7e,food,0.75,맛집|점심|방문|데이트
c7534fbaf6799b7e,domestic_travel,0.25,방문|데이트
27387156386c4483,food,0.75,맛집|점심|저녁
06fc345f8dbe0475,food,0.63,맛집|점심|추천
b064de9c552f04f3,food,0.75,맛집|점심|카페
5bf99bface3cf2fe,food,1.00,맛집|점심|파스타|방문|추천
5bf99bface3cf2fe,domestic_travel,0.25,방문|추천
e121d04f2433dcb1,food,0.88,맛집|식당|점심|추천
9ca3654f082913ee,food,0.50,맛집|점심
9ae90026c7b6b1e6,food,1.00,맛집|점심|저녁|고기
d6bd60d712cbe2f1,food,0.50,맛집|점심
f3248bdcf5b9919b,food,0.75,맛집|메뉴|점심
c0d23ac12d41222e,food,0.63,맛집|점심|방문
b38eec9e81113f46,food,0.63,맛집|점심|방문
b38eec9e81113f46,domestic_travel,0.38,시장|방문
e3c35f693a035424,food,0.75,맛집|점심|라멘
44bed4b927b522cd,food,1.00,맛집|점심|디저트|웨이팅
c892ded374dfbc05,food,1.00,맛집|메뉴|점심|방문|추천
c892ded374dfbc05,domestic_travel,0.25,방문|추천
156548de30486bb3,food,0.75,맛집|점심|저녁
43938d0d3b9700cd,food,0.75,맛집|점심|추천|데이트
43938d0d3b9700cd,domestic_travel,0.25,추천|데이트
b59d51f690666982,food,0.75,맛집|점심|웨이팅
f7d93efbe8732446,food,0.50,맛집|점심
5aa2cb5766068038,food,1.00,맛집|메뉴|점심|고기|방문
230684a1d0f7e01a,food,1.00,맛집|메뉴|점심|밥집|데이트
c18dd8852d8a7ffa,food,0.88,맛집|메뉴|점심|추천
ebb4ad1866f712ca,food,0.63,맛집|점심|방문
ebb4ad1866f712ca,domestic_travel,0.38,명소|방문
88610e1bc1247224,food,0.50,맛집|점심
5390058b1f53d101,food,0.75,맛집|점심|카페
9b30ee9549a3f56d,food,0.88,맛집|점심|고기|방문
cce11938fa681eb6,food,0.88,맛집|점심|저녁|후기
c359d545495d1831,food,1.00,맛집|점심|저녁|웨이팅
11ab12038d560426,food,0.75,맛집|점심|고기
79a5e8a12ae3cbc4,food,0.63,맛집|점심|데이트
a717e0f5984930c7,food,1.00,맛집|메뉴|점심|밥집
71e79f01485acc25,food,0.50,맛집|점심
198f0a84a9ead565,food,0.75,맛집|점심|추천|데이트
198f0a84a9ead565,domestic_travel,0.25,추천|데이트
af91567747bcaa54,food,1.00,맛집|메뉴|점심|방문|후기
af91567747bcaa54,domestic_travel,0.25,방문|후기
a99d9e30479c7b6e,food,1.00,맛집|메뉴|점심|파스타
69feebb1d854f854,food,1.00,맛집|식당|점심|방문|후기
69feebb1d854f854,domestic_travel,0.25,방문|후기
e991111a6c9b5f98,food,0.50,맛집|점심
48d8add4ebfe3025,food,0.50,맛집|점심
b8d9b44b6c584d72,food,0.63,맛집|점심|추천
e27fd8f1a07e5e89,food,0.50,맛집|점심
4ff8301c05a4b315,food,0.63,맛집|점심|추천
9d67997bcfacc4f4,food,1.00,맛집|메뉴|점심|저녁
9d67997bcfacc4f4,domestic_travel,0.25,시장
09e7a52fff2bbcfe,food,0.63,맛집|점심|방문
80d9bcf0708ee483,food,0.88,맛집|점심|파스타|데이트
80d9bcf0708ee483,domestic_travel,0.38,가볼만한곳|데이트
228ddba1d7b8945a,food,0.50,맛집|점심
724d582f92eaeb11,food,1.00,맛집|점심|고기|밥집|추천
d01ced9117053dcd,food,0.75,맛집|점심|방문|후기
d01ced9117053dcd,domestic_travel,0.25,방문|후기
21d1b73eed1147a4,food,0.75,맛집|점심|카페
71864aeb6993b583,food,0.75,맛집|점심|방문|추천
71864aeb6993b583,domestic_travel,0.50,시장|방문|추천
481d45be96bf1890,food,0.50,맛집|점심
481d45be96bf1890,domestic_travel,0.25,축제
244a2aee70347f7a,food,0.75,맛집|점심|고기
244a2aee70347f7a,domestic_travel,0.25,숙소
6e9079c078ec4d00,food,0.50,맛집|점심
03cc051e344c477a,food,1.00,맛집|점심|저녁|추천|후기
03cc051e344c477a,domestic_travel,0.25,추천|후기
904deaf3bec0a964,food,0.50,맛집|점심
70920e1ea358d864,food,0.75,맛집|점심|방문|추천
70920e1ea358d864,domestic_travel,0.25,방문|추천
03ddbd11a3e7a385,food,0.75,맛집|메뉴|점심
f6b0f4a6802ccb29,food,1.00,맛집|식당|메뉴|점심|고기|후기
1e396ae8b03bbd3a,food,0.75,맛집|점심|카페
c8b9420d3569bd92,food,0.75,맛집|점심|카페
25b55b122b929090,food,0.88,맛집|점심|저녁|추천
cc2a034f6cb4f298,food,0.50,맛집|점심
cc2a034f6cb4f298,domestic_travel,0.25,해변
a1bbf59ec62e4283,food,0.75,맛집|점심|방문|후기
a1bbf59ec62e4283,domestic_travel,0.25,방문|후기
89ccf4aa25197913,food,0.75,맛집|메뉴|점심
82c9734b153d048a,food,1.00,맛집|점심|저녁|방문|추천
82c9734b153d048a,domestic_travel,0.25,방문|추천
5f979104d2ef48dd,food,0.75,맛집|점심|웨이팅
c1ea46e24cf8af98,food,0.50,맛집|점심
10dee75160b92b4f,food,0.88,맛집|점심|저녁|방문
8c18ba569068dbb3,food,0.75,맛집|점심|저녁
377ff26e9f6b392b,food,1.00,맛집|점심|디저트|밥집
752f7855e7cdfe2a,food,0.75,맛집|점심|저녁
77acfd376cf7edf4,food,0.50,맛집|점심
bbb40cd3e2a55265,food,1.00,맛집|메뉴|점심|저녁|웨이팅
bfa2a3cea598f772,food,1.00,맛집|점심|카페|디저트
4912491c5ce2ee5c,food,0.63,맛집|점심|방문
aeb5969342bba722,food,0.63,맛집|점심|추천
aeb5969342bba722,domestic_travel,0.38,시장|추천
6a1b7bc3491cac05,food,0.50,맛집|점심
fa73de6b0219323b,food,1.00,맛집|식당|점심|저녁|방문
b56219d774226132,food,0.75,맛집|점심|파스타
b56219d774226132,domestic_travel,0.50,가볼만한곳|나들이
e86214285508a13c,food,0.88,맛집|점심|저녁|방문
6d93dfd7e43713a9,food,0.88,맛집|점심|파스타|후기
ab2ca7780f696aba,food,1.00,맛집|점심|고기|방문|추천|후기|데이트
ab2ca7780f696aba,domestic_travel,0.50,방문|추천|후기|데이트
2da87e2efcb22054,food,0.75,맛집|식당|점심
2da87e2efcb22054,domestic_travel,0.25,나들이
05d2988054caf784,food,0.75,맛집|점심|방문|추천
05d2988054caf784,domestic_travel,0.25,방문|추천
392dce338fc049cc,food,0.88,맛집|메뉴|점심|후기
cc1e9a7a26e0fdb7,food,0.75,맛집|식당|점심
5f066de951749093,food,1.00,맛집|식당|점심|라멘
8c39ee14158973ba,food,0.88,맛집|점심|브런치|데이트
021bac45b3eb1f01,food,0.88,맛집|점심|고기|데이트
256855ad3587363a,food,0.75,맛집|점심|카페
62a27752aa86e7dc,food,0.75,맛집|점심|파스타
f8ad482ac169f295,food,1.00,맛집|점심|카페|브런치
f4300c65e2ef8cd4,food,0.88,맛집|점심|고기|후기
14db1c6c7e3f21d9,food,0.63,맛집|점심|핫플
8f0cee1ca48bb5ac,food,0.50,맛집|점심
8d43237688c468b7,food,0.75,맛집|점심|고기
ab1ded2f172a53f4,food,0.50,맛집|점심
e535b96ff5dea135,food,1.00,맛집|식당|메뉴|점심
8702a5a6cd1e5fe8,food,0.75,맛집|점심|고기
ed21e834e43cd4b9,food,1.00,맛집|점심|저녁|브런치|방문
eeafb692883fdafd,food,0.88,맛집|식당|점심|방문
e48b198c12982972,food,0.75,맛집|메뉴|점심
2d7cfe93c2788a56,food,0.50,맛집|점심
01f8f9059c4c7986,food,0.50,맛집|점심
167d7126fe747e2f,food,0.75,맛집|점심|라멘
167d7126fe747e2f,domestic_travel,0.25,시장
ff6b68efdaafb680,food,0.50,맛집|점심
d5a92ba74eb0a224,food,0.50,맛집|점심
6f79323a54035102,food,0.63,맛집|점심|추천
c421e10dbbb8dccd,food,0.63,맛집|점심|방문
2e09c74e15ba17cb,food,0.75,맛집|점심|고기
8f4059a667ddeda4,food,1.00,맛집|점심|디저트|방문|후기
8f4059a667ddeda4,domestic_travel,0.25,방문|후기
daa4ce7df4fa7a20,food,1.00,맛집|점심|파스타|방문|후기
daa4ce7df4fa7a20,domestic_travel,0.25,방문|후기
c57d68a1edfe423d,food,0.75,맛집|점심|파스타
d74171e824cc6144,food,1.00,맛집|점심|저녁|파스타|데이트
cdbff92d157fa1b5,food,0.75,맛집|점심|밥집
2d7621b12bb48fde,food,0.75,맛집|식당|점심
92401f4c4ed03f1d,food,1.00,맛집|점심|파스타|카페
42912cb78680802d,food,0.88,맛집|점심|밥집|데이트
46097ac4be444089,food,0.75,맛집|점심|방문|추천
46097ac4be444089,domestic_travel,0.50,시장|방문|추천
720f69c843746bec,food,1.00,맛집|메뉴|점심|웨이팅
8f00a7bdc8a1579d,food,1.00,맛집|점심|저녁|웨이팅|방문
0f76a6a3ff032c8e,food,0.88,맛집|점심|카페|방문
0eb4f976c3d02f48,food,0.50,맛집|점심
dfdbcef446ebcac4,food,1.00,맛집|메뉴|점심|저녁
2ad8917c2cc4c04c,food,0.50,맛집|점심
f66acd8fd6927501,food,0.75,맛집|점심|저녁
d713fe78e2812133,food,1.00,맛집|메뉴|점심|저녁
dc76099204e8714e,food,0.75,맛집|메뉴|점심
ee63d9af9c146c48,food,0.50,맛집|점심
6471654ed9a5309d,food,0.75,맛집|식당|점심
f8c86d63d587d686,food,0.50,맛집|점심
850e2e9a25d6b9d2,food,0.50,맛집|점심
c0b4afed9f4e8241,food,0.63,맛집|점심|데이트
3174c0428647fda0,food,0.63,맛집|점심|추천
3174c0428647fda0,domestic_travel,0.63,여행코스|숙소|추천
c2467421c894454d,food,0.63,맛집|점심|추천
38c9656ecc4a3d7b,food,1.00,맛집|식당|점심|카페
0ddc8799ed9db418,food,0.50,맛집|점심
24de7f8982ed16e6,food,0.50,맛집|점심
a18cf6548ffde673,food,0.88,맛집|점심|추천|후기|데이트
a18cf6548ffde673,domestic_travel,0.38,추천|후기|데이트
df86f4f57831c9c6,food,0.50,맛집|점심
ef0bfafba815921a,food,0.88,맛집|점심|밥집|방문
4ef5410144030775,food,1.00,맛집|점심|저녁|밥집|데이트
af1012c6bfadf220,food,0.88,맛집|점심|카페|추천
af1012c6bfadf220,domestic_travel,0.38,명소|추천
0044f787c23c2e92,food,1.00,맛집|메뉴|점심|고기
d782f069f156c4aa,food,0.50,맛집|점심
d782f069f156c4aa,domestic_travel,0.25,시장
664d2c4705d5e720,food,1.00,맛집|메뉴|점심|방문|후기
664d2c4705d5e720,domestic_travel,0.25,방문|후기
fe5ac91b0d5ee6a3,food,1.00,맛집|점심|저녁|고기
114bf600c361046a,food,1.00,맛집|메뉴|점심|술집|후기
3b242c57d040b89e,food,1.00,맛집|점심|저녁|고기|방문|추천
3b242c57d040b89e,domestic_travel,0.25,방문|추천
c8a8aa86e721890e,food,1.00,맛집|식당|점심|밥집|방문
46a3866ad5e6036f,food,1.00,맛집|점심|라멘|웨이팅
7c6bf0524b75ca46,food,0.63,맛집|점심|방문
13aa6015b53f9a21,food,0.63,맛집|점심|추천
13aa6015b53f9a21,domestic_travel,0.38,서울근교|추천
4ed0ea3ee845adee,food,1.00,맛집|식당|점심|밥집
4ed0ea3ee845adee,domestic_travel,0.25,시장
4fc1154207c36cf1,food,1.00,맛집|식당|메뉴|점심|방문
5b00224eb637982e,food,0.75,맛집|점심|방문|추천
5b00224eb637982e,domestic_travel,0.50,시장|방문|추천
a958a84bf9fd6793,food,0.50,맛집|점심
9d62882b379d4d75,food,0.50,맛집|점심
42a5401c3393c0f9,food,1.00,맛집|점심|브런치|방문|추천
42a5401c3393c0f9,domestic_travel,0.25,방문|추천
b71717c2c5287ad2,food,1.00,맛집|식당|점심|밥집
c32ae404b60bce8c,food,0.75,맛집|점심|방문|후기
c32ae404b60bce8c,domestic_travel,0.25,방문|후기
af740e122b4e7323,food,0.50,맛집|점심
72321d9d2a8544fe,food,0.63,맛집|점심|방문
7d3ea80e0975c43b,food,0.50,맛집|점심
b057fa675ce3a6bb,food,0.75,맛집|점심|저녁
af46bafbc3033cca,food,1.00,맛집|메뉴|점심|밥집|추천
387b548b3375c8d6,food,1.00,맛집|식당|점심|저녁|밥집
d18ff99b27f453f8,food,1.00,맛집|메뉴|점심|고기|방문
0f5aa4a511a8e3e7,food,0.75,맛집|점심|라멘
e7d3b336223b8399,food,0.75,맛집|점심|저녁
7351c1b714d38e75,food,0.75,맛집|점심|저녁
983188e419e2c8d8,food,0.88,맛집|점심|밥집|추천
19b33fb0eef0925e,food,0.50,맛집|점심
73a12b57f8f4965a,food,0.75,맛집|점심|디저트
047d703d177e4faa,food,1.00,맛집|메뉴|점심|술집
16229c96be41c47a,food,0.50,맛집|점심
e11093ef09c818a7,food,0.75,맛집|점심|고기
c377276df41e5749,food,0.88,맛집|점심|밥집|추천
2ebda90bc048dc42,food,0.75,맛집|점심|카페
961e25c350d16f26,food,0.75,맛집|점심|카페
961e25c350d16f26,domestic_travel,0.25,가볼만한곳
e86c818235fd2d04,food,0.50,맛집|저녁
53a6605f5b551b26,food,0.88,맛집|점심|카페|추천
e8205bbe9ba1dba3,food,0.88,맛집|메뉴|점심|후기
7ed67352bd5f761b,food,0.88,맛집|점심|고기|방문
4b30b560fe191be4,food,1.00,맛집|메뉴|점심|밥집
21cd9fc68dab6504,food,0.88,맛집|점심|웨이팅|방문
9e565f8a1f468ac7,food,0.75,맛집|점심|저녁
1d1437a4d50131c0,food,0.63,맛집|점심|추천
4a52a0d3477d9a74,food,0.63,맛집|점심|후기
8da45f00ceb3d450,food,1.00,맛집|메뉴|점심|저녁|방문
933cfd38e5394707,food,1.00,맛집|점심|저녁|고기
c8a3aea5ba8ef316,food,0.75,맛집|점심|카페
00c546a2a1691c22,food,0.50,맛집|점심
3dee87eceeab3782,food,0.63,맛집|점심|데이트
3dee87eceeab3782,domestic_travel,0.38,가볼만한곳|데이트
fc7a3fa206f0b9f9,food,0.88,맛집|메뉴|점심|방문
34267420e0bcb934,food,0.50,맛집|점심
e02bea7f634f362f,food,0.75,맛집|점심|방문|후기
e02bea7f634f362f,domestic_travel,0.25,방문|후기
473109df8c0cc1b5,food,0.88,맛집|점심|카페|데이트
ab44ea9ebb2b0bcb,food,0.88,맛집|식당|점심|방문
9da64091cfbf6bd7,food,0.50,맛집|점심
c0c096c2b3dd10ed,food,1.00,맛집|점심|저녁|웨이팅
f19afd4dc335905c,food,0.88,맛집|점심|저녁|방문
c1aba55acd328c66,food,0.50,맛집|점심
5b84ca9797c23088,food,1.00,맛집|식당|메뉴|점심
f8f55e56a88e8d73,food,0.50,맛집|점심
f8f55e56a88e8d73,domestic_travel,0.25,시장
9696ad2e99f14b52,food,0.50,맛집|점심
cba29e1d7c952b75,food,0.75,맛집|점심|웨이팅
2b5dc61128120b17,food,0.88,맛집|점심|웨이팅|후기
47af884cc02a4364,food,0.63,맛집|점심|방문
f04bba6d70a23cfa,food,0.50,맛집|점심
94bde4d8556bc911,food,0.88,맛집|점심|저녁|방문
e63e42150eeaf6a5,food,1.00,맛집|메뉴|점심|추천|후기
e63e42150eeaf6a5,domestic_travel,0.50,바다|추천|후기
512c6df31028ae48,food,0.75,맛집|점심|밥집
0503122e5a5f8260,food,1.00,맛집|식당|메뉴|점심|카페|추천|데이트
0503122e5a5f8260,domestic_travel,0.25,추천|데이트
c1fcf8d3c790b2ae,food,0.63,맛집|점심|데이트
118b4f98767b1811,food,1.00,맛집|메뉴|점심|추천|데이트
118b4f98767b1811,domestic_travel,0.25,추천|데이트
a5282a81c2d473ce,food,0.50,맛집|점심
707ec1a70a1ad526,food,0.75,맛집|점심|카페
79e73b49617078b9,food,1.00,맛집|메뉴|점심|저녁
5fcd1eedf595860f,food,0.63,맛집|점심|추천
f3039c8a15300e99,food,0.50,맛집|점심
c6456fd37fb4ef6a,food,1.00,맛집|점심|카페|추천|후기
c6456fd37fb4ef6a,domestic_travel,0.25,추천|후기
9eadfc3058e90a45,food,0.75,맛집|메뉴|점심
0993654fb939ab67,food,1.00,맛집|메뉴|점심|카페|브런치
5b6833dabc7ddd70,food,1.00,맛집|메뉴|점심|밥집|방문
2a0eeb7c701681c1,food,0.63,맛집|점심|방문
0cc0f3f46904e86a,food,0.75,맛집|메뉴|점심
4fbdb6f53b5d56ac,food,0.88,맛집|메뉴|점심|추천
4fbdb6f53b5d56ac,domestic_travel,0.38,가볼만한곳|추천
65555c238dd2ab1a,food,0.63,맛집|점심|추천
1563587580a7c3d6,food,0.88,맛집|점심|웨이팅|방문
0dd10c2669dd7755,food,0.50,맛집|점심
0dd10c2669dd7755,domestic_travel,0.25,숙소
767b190ad3d72f73,food,0.75,맛집|점심|웨이팅
c69e6aea69b12a61,food,0.75,맛집|점심|저녁
bf0fec5b4fab7647,food,0.50,맛집|점심
6eb689753d9f2405,food,0.50,맛집|점심
13be74d240e65524,food,0.50,맛집|점심
57b2d59a68a44bbb,food,0.75,맛집|점심|추천|데이트
57b2d59a68a44bbb,domestic_travel,0.25,추천|데이트
9491f4e6e5ea9e32,food,0.50,맛집|점심
2c9dfd1aca642c25,food,0.75,맛집|점심|저녁
e2645ce7618d19b4,food,0.75,맛집|메뉴|점심
312e294b48410966,food,0.50,맛집|점심
95f8b940d1f509f9,food,0.63,맛집|디저트|추천
29bb6e7759cfc515,food,0.50,맛집|점심
9f0575b26f32c23b,food,1.00,맛집|식당|점심|저녁|고기|방문|추천
9f0575b26f32c23b,domestic_travel,0.25,방문|추천
3a7ce42841898eeb,food,1.00,맛집|점심|카페|브런치
feb1710353387b78,food,0.50,맛집|점심
827279fb43436958,food,0.50,맛집|점심
930ed7a6d61394c1,food,0.63,맛집|점심|후기
3c728b70a283f0ef,food,0.50,맛집|점심
8af0b5316ea73b92,food,0.75,맛집|메뉴|점심
878ccee43e7c4e10,food,1.00,맛집|메뉴|점심|저녁
9a5aa26c481cf6c9,food,0.75,맛집|식당|점심
4dcc60158151605a,food,0.88,맛집|점심|카페|방문
4dcc60158151605a,domestic_travel,0.38,숙소|방문
1c96fea62395d76e,food,0.75,맛집|식당|점심
af450678fd674beb,food,0.88,맛집|메뉴|점심|추천
2b26a83ae5b3b234,food,0.75,맛집|점심|방문|후기
2b26a83ae5b3b234,domestic_travel,0.25,방문|후기
c745b920305d36f5,food,0.50,맛집|점심
1e2fd8ca862bf148,food,0.75,맛집|메뉴|점심
a9e70f14b800290f,food,0.88,맛집|점심|카페|방문
e2d8631a689357d5,food,1.00,맛집|메뉴|점심|고기|추천
5288e201eb3e396e,food,0.63,맛집|점심|추천
4975240b30246554,food,0.50,맛집|점심
7e9dbed359ff383d,food,0.63,맛집|점심|후기
3e1c1d624e687be3,food,1.00,맛집|메뉴|점심|고기|방문|추천|후기
3e1c1d624e687be3,domestic_travel,0.38,방문|추천|후기
13b656cf5e9c3b2e,food,0.63,맛집|점심|방문
38311309c8bdbfe1,food,1.00,맛집|메뉴|점심|저녁
749f076fea91f8b3,food,1.00,맛집|메뉴|점심|방문|추천
749f076fea91f8b3,domestic_travel,0.25,방문|추천
db5a2981f8beb3e9,food,0.63,맛집|점심|방문
bef5d0259f777b8d,food,0.75,맛집|점심|저녁
a5e711b8f3bd8e7b,food,0.75,맛집|점심|카페
24ea36bff318214d,food,1.00,맛집|점심|웨이팅|밥집|방문
d52f1ef5d223b8ad,food,0.50,맛집|점심
a304b51ac28ddcba,food,0.88,맛집|식당|점심|데이트
e1c606ad54148328,food,0.75,맛집|저녁|고기
5a8612603542928d,food,0.50,맛집|저녁
673c8f7085cdafde,food,0.75,맛집|식당|저녁
c92d0b63ac8b28ba,food,1.00,맛집|저녁|브런치|방문|후기|데이트
c92d0b63ac8b28ba,domestic_travel,0.38,방문|후기|데이트
fb4acacef8713e6c,food,0.75,맛집|저녁|고기
cb900c5c653ab2e1,food,0.75,맛집|메뉴|저녁
cb900c5c653ab2e1,domestic_travel,0.25,숙소
a9b8508095eb3967,food,0.75,맛집|저녁|고기
a9b8508095eb3967,domestic_travel,0.25,바다
8a96ec9d6884113e,food,0.50,맛집|저녁
605667b88df9bd56,food,0.50,맛집|저녁
0a8d3b2a983e7ae0,food,0.63,맛집|저녁|방문
c9073fc9cb80d8bb,food,0.75,맛집|저녁|고기
c9073fc9cb80d8bb,domestic_travel,0.50,해변|시장
cb8848ed2f4cd5c9,food,0.88,맛집|저녁|고기|추천
337e1c37630d255a,food,0.50,맛집|저녁
337e1c37630d255a,domestic_travel,0.25,나들이
f9a13a536730ee56,food,0.50,맛집|저녁
b6c8be656adbe4cc,food,0.63,맛집|저녁|후기
b6c8be656adbe4cc,domestic_travel,0.38,숙소|후기
685adef04fdbc09e,food,0.88,맛집|저녁|고기|데이트
7d81d8e694c254eb,food,0.50,맛집|저녁
33028011f0713cce,food,1.00,맛집|저녁|웨이팅|방문|후기
33028011f0713cce,domestic_travel,0.25,방문|후기
90ec031fb5fdca89,food,0.63,맛집|저녁|데이트
5a2ec9c0f26160f7,food,0.50,맛집|저녁
5a2ec9c0f26160f7,domestic_travel,0.25,바다
279029a4625bdbdf,food,0.50,맛집|저녁
279029a4625bdbdf,domestic_travel,0.50,숙소|시장
c9e67edbce430e6d,food,0.88,맛집|저녁|밥집|추천
5d9a07d934a14fba,food,0.63,맛집|저녁|추천
5d9a07d934a14fba,domestic_travel,0.88,주말여행|숙소|바다|추천
6ec6456875433c52,food,0.75,맛집|저녁|카페
6ec6456875433c52,domestic_travel,0.25,숙소
a0b5f0c430044eba,food,0.88,맛집|식당|저녁|후기
795cd77a4cdae86d,food,0.50,맛집|저녁
b685478071080082,food,0.50,맛집|저녁
f87ceba8ae88d0e9,food,0.75,맛집|저녁|웨이팅
67d01370b2a7e4ca,food,0.63,맛집|저녁|방문
c485face8a2b315b,food,1.00,맛집|저녁|술집|추천|후기|데이트
c485face8a2b315b,domestic_travel,0.38,추천|후기|데이트
a991491b301cd30e,food,0.50,맛집|저녁
bbba5a3c6f4fb066,food,1.00,맛집|저녁|카페|술집
633b9342fea37154,food,1.00,맛집|식당|저녁|고기|웨이팅
207da6070f720112,food,0.75,맛집|저녁|술집
2db365a86ff31b14,food,0.75,맛집|저녁|술집
931f76773c05a6ed,food,1.00,맛집|식당|저녁|방문|후기
931f76773c05a6ed,domestic_travel,0.50,시장|방문|후기
0a88ff95ef8ce77f,food,0.50,맛집|저녁
877cdedde8d288a8,food,0.50,맛집|저녁
74cbc8204e835f3a,food,0.63,맛집|저녁|후기
74cbc8204e835f3a,domestic_travel,0.38,숙소|후기
4e73f4dd71322d55,food,0.75,맛집|저녁|고기
e74ebc3acc6b4340,food,1.00,맛집|식당|저녁|고기|방문
147f3300b831a1d5,food,0.75,맛집|저녁|카페
8f713ad3b0729549,food,0.75,맛집|저녁|술집
ef9e7d4c8e359fba,food,0.50,맛집|저녁
45882a515485cc8f,food,0.50,맛집|저녁
7154ce6cbef87db7,food,0.75,맛집|저녁|고기
a3c2f0b3194964e9,food,0.75,맛집|식당|저녁
956663cf681cc4b8,food,1.00,맛집|저녁|고기|방문|추천
956663cf681cc4b8,domestic_travel,0.25,방문|추천
e447e59a39f32df3,food,0.50,맛집|저녁
e447e59a39f32df3,domestic_travel,0.25,숙소
8ebf5e47b3e24be8,food,1.00,맛집|저녁|웨이팅|방문|추천|후기
8ebf5e47b3e24be8,domestic_travel,0.38,방문|추천|후기
20db0f2a07f28555,food,0.50,맛집|저녁
96e678d70d7c418a,food,0.75,맛집|저녁|브런치
2dd7ea61b27cc8fa,food,0.50,맛집|저녁
2dd7ea61b27cc8fa,domestic_travel,0.25,해변
3abfe6352de68699,food,0.63,맛집|저녁|후기
bdb29b8da46ec2f3,food,0.50,맛집|저녁
56a36765be6fca09,food,1.00,맛집|메뉴|저녁|브런치|후기
c121cfd1f5085da7,food,0.50,맛집|저녁
c121cfd1f5085da7,domestic_travel,0.25,시장
8674b064ecf1ee92,food,0.88,맛집|저녁|카페|방문
8674b064ecf1ee92,domestic_travel,0.88,바다|해변|명소|방문
2f5b30c8478f649b,food,0.63,맛집|저녁|후기
2f5b30c8478f649b,domestic_travel,0.38,시장|후기
241ee191e06e54fe,food,1.00,맛집|메뉴|저녁|방문|후기
241ee191e06e54fe,domestic_travel,0.25,방문|후기
3a24d8012381a740,food,1.00,맛집|저녁|고기|방문|추천
3a24d8012381a740,domestic_travel,0.25,방문|추천
084fee13a243b4e9,food,0.75,맛집|식당|저녁
084fee13a243b4e9,domestic_travel,0.25,숙소
0fed3b0d3d1f7b19,food,1.00,맛집|저녁|웨이팅|방문|후기
0fed3b0d3d1f7b19,domestic_travel,0.25,방문|후기
961f2016089fd19a,food,1.00,맛집|저녁|웨이팅|술집|방문
d204ae96b7934037,food,1.00,맛집|저녁|웨이팅|방문|후기
d204ae96b7934037,domestic_travel,0.25,방문|후기
6f87ed79c0ca6331,food,0.50,맛집|저녁
1733564f71c9bb40,food,0.50,맛집|저녁
02fd680fe9d6c39a,food,0.50,맛집|저녁
ab3d7dbf92dd420d,food,0.75,맛집|저녁|추천|후기
ab3d7dbf92dd420d,domestic_travel,0.25,추천|후기
41561574d76c48e9,food,0.88,맛집|메뉴|저녁|방문
a69b4920b31eba61,food,0.75,맛집|저녁|웨이팅
b53d587f05c1b72c,food,0.88,맛집|저녁|웨이팅|추천
7c01ef7741757846,food,0.50,맛집|저녁
4ffd6fc56ec0da4d,food,0.50,맛집|저녁
ba8a3db171334c84,food,0.75,맛집|메뉴|저녁
9347e40af628feba,food,0.75,맛집|저녁|방문|후기
9347e40af628feba,domestic_travel,0.25,방문|후기
2a9f6796d2461f24,food,0.50,맛집|저녁
2a9f6796d2461f24,domestic_travel,0.50,숙소|해변
b3a0978549b1c391,food,0.63,맛집|저녁|추천
b3a0978549b1c391,domestic_travel,0.63,바다|축제|추천
e221f5369268a9ad,food,0.63,맛집|저녁|방문
0be720403365fbba,food,0.50,맛집|저녁
4594634d43fcc35b,food,0.75,맛집|저녁|카페
4d98c906df48b559,food,0.50,맛집|저녁
ca22780f0512ad1b,food,0.50,맛집|저녁
4ee6c0c5133df91d,food,0.75,맛집|저녁|파스타
ba8170550523ba6b,food,1.00,맛집|저녁|파스타|방문|데이트
ba8170550523ba6b,domestic_travel,0.25,방문|데이트
5d6a873e6d4fd70b,food,0.63,맛집|저녁|추천
736fcc057ca45141,food,0.25,저녁
143661da083fce0f,food,0.63,맛집|저녁|추천
9caa9ad1abcaefb9,food,0.63,맛집|저녁|방문
fd8e21ec6debf33b,food,0.88,맛집|식당|저녁|후기
986dd932f53bfee7,food,1.00,맛집|저녁|고기|웨이팅|후기
c4ef9965b090954d,food,0.75,맛집|저녁|방문|후기
c4ef9965b090954d,domestic_travel,0.25,방문|후기
e2fbbc476940e198,food,0.75,맛집|저녁|추천|후기
e2fbbc476940e198,domestic_travel,0.25,추천|후기
c2ad8a9b4f59bc7a,food,0.75,맛집|저녁|술집
3e44bb5cd6989329,food,0.88,맛집|저녁|카페|추천
71b77e3aa4a46ac7,food,0.50,맛집|저녁
d4c3ac132c4c8623,food,0.75,맛집|저녁|카페
d4c3ac132c4c8623,domestic_travel,0.50,숙소|바다
605ba82d1592bbff,food,0.63,맛집|저녁|데이트
6396f687f3bccf17,food,0.50,맛집|저녁
0299e7239d149fda,food,0.63,맛집|저녁|방문
7062aea45b5aa465,food,0.88,맛집|메뉴|저녁|방문
b30c8ba9e45bf4d9,food,0.75,맛집|저녁|웨이팅
0441bb571b03d75d,food,0.75,맛집|메뉴|저녁
2e56811b70c7d7d1,food,0.50,맛집|저녁
a30b8af5d4f629b7,food,1.00,맛집|메뉴|저녁|고기
920b240f6722d10b,food,0.50,맛집|저녁
88813d8d2b4078fe,food,0.50,맛집|저녁
88813d8d2b4078fe,domestic_travel,0.25,시장
a8f835248667fb48,food,0.50,맛집|저녁
0eebed613d3f0bf6,food,0.75,맛집|저녁|웨이팅
02350ad4499fe1f0,food,0.50,맛집|저녁
18d09beff20b9fa2,food,0.50,맛집|저녁
18d09beff20b9fa2,domestic_travel,0.25,시장
0c91b0002e258358,food,0.75,맛집|저녁|술집
c06fb5ca4e13edda,food,0.50,맛집|저녁
dc29d613ac112706,food,0.50,맛집|저녁
8a74eaa3f6042547,food,0.50,맛집|저녁
022239d54e2e1ada,food,1.00,맛집|메뉴|저녁|웨이팅|후기
82638c061a0c7ed4,food,0.75,맛집|저녁|밥집
9d88386a160a322b,food,0.50,맛집|저녁
d1ee4c1b5465bb8a,food,0.63,맛집|저녁|방문
d1ee4c1b5465bb8a,domestic_travel,0.63,숙소|시장|방문
231dbe0010eafd61,food,0.75,맛집|저녁|웨이팅
33d32cfd97d095c7,food,1.00,맛집|저녁|카페|브런치
f6275869b653b3d2,food,0.88,맛집|식당|저녁|방문
6464110d984a170d,food,0.50,맛집|저녁
69714f0bf3323fea,food,1.00,맛집|메뉴|저녁|고기
7255ba2e23b9cc0c,food,0.88,맛집|저녁|고기|방문
c2fb03f62dab6d3c,food,0.50,맛집|저녁
e0a33c34e0e440f8,food,0.50,맛집|저녁
ad1fee8c12919081,food,1.00,맛집|식당|저녁|고기|방문
a442a9c8b2603059,food,0.25,맛집
604c38383677c673,food,1.00,맛집|저녁|고기|웨이팅
75ea217089bc383b,food,1.00,맛집|식당|저녁|카페
ff147a8792eaf13c,food,0.75,맛집|저녁|밥집
997010ecf098ffe1,food,0.63,맛집|저녁|방문
94a6e316049c8c56,food,0.75,맛집|저녁|카페
9b156aaccf49d80c,food,0.75,맛집|식당|저녁
e2464a82c4d4ae50,food,0.50,맛집|저녁
7f35ff52be33c229,food,0.50,맛집|저녁
91d621b0b567661d,food,0.75,맛집|저녁|카페
486d3fca45ee1fd2,food,0.75,맛집|저녁|방문|후기
486d3fca45ee1fd2,domestic_travel,0.25,방문|후기
2158d1ed60ec899d,food,0.88,맛집|식당|저녁|방문
2a3c2668859af6da,food,0.63,맛집|저녁|추천
2a3c2668859af6da,domestic_travel,0.38,해변|추천
4cfd2cae0a84fc96,food,0.50,맛집|저녁
49e4b9d8389ab582,food,0.75,맛집|식당|저녁
90501629bde1b65c,food,0.63,맛집|저녁|후기
7d12c2078a9cf904,food,0.63,맛집|저녁|방문
5bdcfad34163f6b0,food,0.50,맛집|저녁
ef43946923aeac47,food,0.63,맛집|저녁|추천
ef43946923aeac47,domestic_travel,0.38,숙소|추천
ba0aad59376c69d4,food,0.63,맛집|저녁|방문
a4321135d248b097,food,0.50,맛집|저녁
eb3f343d09c5eb38,food,0.88,맛집|저녁|카페|방문
233ee2c45140b017,food,0.50,맛집|저녁
c2290963d94e9b7a,food,0.50,맛집|저녁
c6cd2c2cca87a62d,food,0.88,맛집|식당|저녁|방문
2864a199c273e0dd,food,0.63,맛집|저녁|추천
494b58b1cab2f5d8,food,1.00,맛집|저녁|고기|방문|추천|데이트
494b58b1cab2f5d8,domestic_travel,0.38,방문|추천|데이트
cece06d6da626cdb,food,0.75,맛집|식당|저녁
640583f90507b2a1,food,0.50,맛집|저녁
06a92a4b887f56cd,food,0.88,맛집|메뉴|저녁|후기
e0d4160e7f055694,food,0.50,맛집|저녁
e0d4160e7f055694,domestic_travel,0.25,시장
9f9c7f59b4d12f25,food,0.50,맛집|저녁
44d1d85e3d3ca718,food,0.50,맛집|저녁
00aefcadc31c0520,food,1.00,맛집|메뉴|저녁|웨이팅|방문
7178bd884b25a3d8,food,0.50,맛집|저녁
1bfbffb662a05595,food,0.50,맛집|저녁
c2318b5272d16b52,food,1.00,맛집|저녁|고기|웨이팅|추천
7fc83130678a9c78,food,1.00,맛집|저녁|고기|밥집
a7bde6f55095e96e,food,0.50,맛집|저녁
90e830b1135f5763,food,1.00,맛집|저녁|고기|술집|방문
860da04e7ceab130,food,0.88,맛집|저녁|웨이팅|방문
dfdcaf9ccebd9932,food,0.63,맛집|저녁|후기
0f615702994802e5,food,0.88,맛집|저녁|고기|추천
052fdd23162faae8,food,1.00,맛집|저녁|고기|술집|방문|추천|후기|데이트
052fdd23162faae8,domestic_travel,0.50,방문|추천|후기|데이트
e14ad4cdbca12cd5,food,0.50,맛집|저녁
e14ad4cdbca12cd5,domestic_travel,0.25,가볼만한곳
88f95f323039ba8b,food,0.50,맛집|저녁
5e646a37b7a4687d,food,0.63,맛집|저녁|추천
5e646a37b7a4687d,domestic_travel,0.38,가볼만한곳|추천
f890d7884516e467,food,1.00,맛집|식당|저녁|추천|후기|데이트
f890d7884516e467,domestic_travel,0.38,추천|후기|데이트
b6d0771a2ae103b7,food,1.00,맛집|메뉴|저녁|방문|후기
b6d0771a2ae103b7,domestic_travel,0.25,방문|후기
5fedee25c6b861e8,food,0.75,맛집|저녁|방문|후기
5fedee25c6b861e8,domestic_travel,0.25,방문|후기
c5f97d120cebbbb3,food,0.63,맛집|저녁|후기
735054bc21850139,food,0.75,맛집|저녁|방문|후기
735054bc21850139,domestic_travel,0.25,방문|후기
91d9fa2a7ede91e1,food,0.88,맛집|저녁|고기|방문
f4f3edd594c53503,food,0.50,맛집|저녁
395aeb2ed0ff5f9e,food,0.63,맛집|저녁|후기
1a7b508367a30028,food,0.50,맛집|저녁
9723b96e608f7bec,food,0.50,맛집|저녁
0fe0566233b5a37c,food,0.50,맛집|저녁
0fb44100a62d6a92,food,0.50,맛집|저녁
e7dc410acea474d9,food,0.50,맛집|저녁
d03e641828fffd54,food,0.50,맛집|저녁
d03e641828fffd54,domestic_travel,0.25,숙소
71ee45ba2dd0ce85,food,1.00,맛집|식당|저녁|방문|추천
71ee45ba2dd0ce85,domestic_travel,0.25,방문|추천
02c80f1f18fa6627,food,0.75,맛집|저녁|카페
041a85e14e8090c0,food,0.88,맛집|저녁|웨이팅|추천
4bf9bae0a212f9a0,food,0.75,맛집|저녁|고기
e727613b8cefd9c4,food,0.50,맛집|저녁
c4f256ecd9aa8d19,food,1.00,맛집|메뉴|저녁|카페
5e8141cccb18b835,food,0.75,맛집|저녁|고기
2a75934bd9792e7e,food,0.75,맛집|저녁|카페
40b26c0195da9fdb,food,0.50,맛집|저녁
03297b021d5d173c,food,0.63,맛집|저녁|데이트
0e4767654cc665a6,food,0.50,맛집|저녁
0e4767654cc665a6,domestic_travel,0.25,숙소
6785472e983833ad,food,0.50,맛집|저녁
181cf6b8364900d6,food,1.00,맛집|저녁|카페|디저트|웨이팅|방문|추천|후기|데이트
181cf6b8364900d6,domestic_travel,0.50,방문|추천|후기|데이트
a84e1413e4fd169b,food,0.63,맛집|저녁|후기
a84e1413e4fd169b,domestic_travel,0.38,바다|후기
b884b30362d14c7d,food,0.75,맛집|저녁|방문|데이트
b884b30362d14c7d,domestic_travel,0.25,방문|데이트
046f9e24e95e7ef4,food,1.00,맛집|저녁|고기|술집|데이트
62a89efed39ad707,food,0.50,맛집|저녁
6ccfc103b4c4f84d,food,0.63,맛집|저녁|방문
29a160486b89163e,food,0.88,맛집|저녁|웨이팅|방문
29a160486b89163e,domestic_travel,0.38,시장|방문
a3f668355033e67e,food,0.88,맛집|저녁|카페|방문
5bb68b05cd4f477c,food,0.75,맛집|저녁|카페
51056afdc8b10f5c,food,1.00,맛집|저녁|고기|방문|추천|데이트
51056afdc8b10f5c,domestic_travel,0.38,방문|추천|데이트
431a93cbfeb819e2,food,0.63,맛집|저녁|방문
89fdc3524a554f1c,food,0.63,맛집|저녁|후기
428483892f0766a4,food,1.00,맛집|식당|메뉴|저녁|술집
b5886271303f3172,food,0.50,맛집|저녁
f99f0338dd35f977,food,1.00,맛집|저녁|카페|디저트
970d63ac2c23ffdf,food,1.00,맛집|식당|저녁|웨이팅|방문
0f004549e8e0c1d9,food,0.50,맛집|저녁
b71d8ec53feaaf24,food,0.50,맛집|저녁
d0751f3ed7628a9c,food,0.75,맛집|저녁|카페
ef4d42469fcbb5c3,food,0.50,맛집|저녁
305ce80aae82242f,food,0.50,맛집|저녁
3ba2e3f3d42ab1c3,food,0.63,맛집|저녁|추천
3ba2e3f3d42ab1c3,domestic_travel,0.38,바다|추천
3e25d76dd64b4c98,food,0.88,맛집|저녁|웨이팅|후기
a9e85304022be8bd,food,0.75,맛집|식당|저녁
a9e85304022be8bd,domestic_travel,0.25,해변
98bc6c100bf2b30f,food,0.50,맛집|저녁
0bf384302d0ac309,food,1.00,맛집|저녁|카페|디저트
d434588a6ac4a512,food,0.50,맛집|저녁
d434588a6ac4a512,domestic_travel,0.25,나들이
9d8d3f446e4dc7d7,food,0.63,맛집|저녁|추천
9d8d3f446e4dc7d7,domestic_travel,0.38,시장|추천
5396188aab51c847,food,0.63,맛집|저녁|방문
ffee5f851bd94fe3,food,0.63,맛집|저녁|후기
0c2d418f64614756,food,0.50,맛집|저녁
6e05207536fdad4a,food,0.63,맛집|저녁|방문
6e05207536fdad4a,domestic_travel,0.38,숙소|방문
85e4168e0b5b5304,food,0.88,맛집|저녁|고기|추천
151b1d8cb2cdbb85,food,0.75,맛집|메뉴|저녁
365d448d95be280a,food,0.50,맛집|저녁
78c7e90cac0a5b10,food,0.75,맛집|저녁|고기
da6adaa003e02f77,food,0.75,맛집|식당|저녁
c2e2b9d41e73a3af,food,0.63,맛집|저녁|방문
50b5eb702f614c31,food,0.75,맛집|저녁|라멘
e476734754b50343,food,0.50,맛집|저녁
e476734754b50343,domestic_travel,0.25,가볼만한곳
34eba1c97afbe2b2,food,0.75,맛집|저녁|고기
1d6d4085496e61e2,food,0.50,맛집|저녁
1d6d4085496e61e2,domestic_travel,0.25,시장
28bfb3e793259e79,food,0.75,맛집|식당|저녁
6897bc38abb697ab,food,0.88,맛집|저녁|술집|후기
4f2ca6f0b8771d60,food,1.00,맛집|저녁|다이닝|추천|후기|데이트
4f2ca6f0b8771d60,domestic_travel,0.38,추천|후기|데이트
4d89df8112639996,food,0.50,맛집|저녁
50f1ad2d7658b6df,food,1.00,맛집|식당|저녁|카페|추천|후기
50f1ad2d7658b6df,domestic_travel,0.50,바다|추천|후기
47c4d5164c0179cb,food,0.75,맛집|저녁|카페
5dc3d12ec90235d9,food,0.75,맛집|저녁|방문|후기
5dc3d12ec90235d9,domestic_travel,0.25,방문|후기
ab0ff6871551bb56,food,0.63,맛집|저녁|후기
6538a77cac2cdee1,food,0.50,맛집|저녁
1a8c3af9d55f888d,food,1.00,맛집|저녁|웨이팅|방문|추천
1a8c3af9d55f888d,domestic_travel,0.25,방문|추천
1d243f5272008d79,food,0.88,맛집|저녁|웨이팅|추천
c38a42b56f3943e3,food,1.00,맛집|저녁|고기|추천|데이트
c38a42b56f3943e3,domestic_travel,0.25,추천|데이트
c01ee0dd62325441,food,0.88,맛집|저녁|술집|추천
a44c120897fb9c66,food,0.50,맛집|저녁
3acfab4c0d6edd50,food,0.50,맛집|저녁
b7238802d4ef9148,food,1.00,맛집|메뉴|저녁|고기
39cf4782eae91178,food,0.88,맛집|식당|저녁|방문
cd24af8d8611f06d,food,1.00,맛집|메뉴|저녁|고기
cd24af8d8611f06d,domestic_travel,0.25,바다
ee7f48c19fb1961e,food,0.75,맛집|저녁|카페
fab5eefec857b88b,food,0.88,맛집|저녁|술집|후기
9d033eb3a45a70be,food,1.00,맛집|저녁|카페|방문|후기
9d033eb3a45a70be,domestic_travel,0.25,방문|후기
1e0a1ff132601377,food,1.00,맛집|저녁|카페|디저트|추천
3102cf154fc55c08,food,1.00,맛집|메뉴|저녁|추천|데이트
3102cf154fc55c08,domestic_travel,0.25,추천|데이트
598de05fd42f726c,food,1.00,맛집|저녁|웨이팅|방문|추천
598de05fd42f726c,domestic_travel,0.25,방문|추천
644c55caa5442de0,food,0.63,맛집|저녁|방문
cda4e4d6162e5f86,food,0.50,맛집|저녁
ae009197d73189cb,food,0.88,맛집|저녁|고기|추천
ec3697095aed9181,food,0.63,맛집|저녁|후기
ec3697095aed9181,domestic_travel,0.38,해변|후기
e2f61d40147f7d4e,food,0.63,맛집|저녁|후기
e2f61d40147f7d4e,domestic_travel,0.38,바다|후기
bc7704870dfb54c6,food,0.50,맛집|저녁
36af7d552d1c289e,food,0.75,맛집|저녁|고기
0a4d4757b624e798,food,0.50,맛집|저녁
2d392ab994ceb64e,food,0.50,맛집|저녁
2d392ab994ceb64e,domestic_travel,0.25,시장
090bf4c7e0ed3dab,food,0.75,맛집|저녁|디저트
1412174faeeaa48b,food,0.75,맛집|저녁|추천|후기
1412174faeeaa48b,domestic_travel,0.25,추천|후기
f6244ea7b200afad,food,0.75,맛집|저녁|카페
5c061a0bd316f501,food,0.75,맛집|저녁|고기
b566f38ab6d71341,food,1.00,맛집|저녁|카페|디저트|추천
21d285e51a2da4ca,food,0.88,맛집|저녁|카페|추천
18867bf3b92b3d8b,food,0.50,맛집|저녁
18867bf3b92b3d8b,domestic_travel,0.50,당일치기|명소
e0a0abce3bb6da60,food,0.88,맛집|저녁|고기|데이트
b5d5ad018422b9fe,food,0.50,맛집|저녁
96e96907956909d6,food,1.00,맛집|저녁|카페|방문|추천
96e96907956909d6,domestic_travel,0.25,방문|추천
da0bd4491216d215,food,1.00,맛집|저녁|고기|웨이팅|방문
0d0ec475f8695432,food,0.50,맛집|저녁
0d0ec475f8695432,domestic_travel,0.25,숙소
c20e394aba6290fb,food,0.63,맛집|저녁|추천
ae21053ce0c39778,food,0.50,맛집|저녁
d4997d4ed9bc1bfb,food,0.88,맛집|식당|저녁|추천
d4997d4ed9bc1bfb,domestic_travel,0.38,나들이|추천
18f17f5612207fb5,food,1.00,맛집|식당|저녁|고기|밥집
4c2921c184633b1a,food,0.88,맛집|식당|저녁|방문
edc183a4b2ea46ff,food,0.63,맛집|저녁|후기
585463f256e6ab86,food,0.75,맛집|저녁|고기
54d30a8a8e0aade9,food,0.75,맛집|저녁|방문|추천
54d30a8a8e0aade9,domestic_travel,0.25,방문|추천
57caa4d24ee34b16,food,0.50,맛집|저녁
f881981cbcd22523,food,0.50,맛집|저녁
6e0f37816f07bfca,food,0.75,맛집|저녁|카페
5e5520740f52c98c,food,0.50,맛집|저녁
f4843c3655cba0eb,food,0.63,맛집|저녁|방문
663e9577229c3981,food,0.75,맛집|저녁|술집
d8d8fe162298e23d,food,0.50,맛집|저녁
08e3b3d18ac82307,food,0.75,맛집|메뉴|저녁
8a6cfd509041ba9c,food,0.50,맛집|저녁
36efb811a54f2c5b,food,0.50,맛집|저녁
432aec99c8b06f44,food,0.63,맛집|저녁|추천
432aec99c8b06f44,domestic_travel,0.38,숙소|추천
4d35e782accd1225,food,0.63,맛집|저녁|후기
0707d946b5ce982c,food,0.75,맛집|저녁|술집
3845ac84e174fb57,food,0.75,맛집|저녁|카페
939179a87a7d8008,food,0.50,맛집|저녁
c0c78bf631e8b559,food,1.00,맛집|저녁|웨이팅|방문|데이트
c0c78bf631e8b559,domestic_travel,0.25,방문|데이트
3931c36d5b02a7b8,food,0.50,맛집|저녁
958387d1b7e03bb5,food,0.50,맛집|저녁
37b1c64a91195ba5,food,0.88,맛집|저녁|술집|방문
d10faab70100fdd2,food,0.50,맛집|저녁
67e5a914b59acd5e,food,0.88,맛집|저녁|고기|추천
66c93fa4b5d9f9c5,food,0.50,맛집|저녁
37bf29508496ceb9,food,0.50,맛집|저녁
847309f93ba9f3fe,food,0.88,맛집|저녁|웨이팅|방문
4cd396b33e8d21fb,food,0.75,맛집|저녁|방문|추천
4cd396b33e8d21fb,domestic_travel,1.00,가볼만한곳|시장|나들이|방문|추천
9d3e700807383544,food,0.50,맛집|저녁
9d3e700807383544,domestic_travel,0.25,바다
6b87eee3217871e7,food,1.00,맛집|식당|저녁|다이닝
032238784432a601,food,0.50,맛집|저녁
889f1f613b4c5a45,food,0.75,맛집|저녁|방문|추천
889f1f613b4c5a45,domestic_travel,0.25,방문|추천
d56c418c5b7bdd7a,food,1.00,맛집|식당|저녁|카페|브런치|추천
d56c418c5b7bdd7a,domestic_travel,0.38,시장|추천
2e2b834a0a039348,food,0.75,맛집|저녁|브런치
2e2b834a0a039348,domestic_travel,0.25,숙소
e2f5544a32821362,food,0.50,맛집|저녁
b82e47fa585b94d0,food,0.50,맛집|저녁
aa197a9b25502fbf,food,0.88,맛집|메뉴|저녁|추천
aa197a9b25502fbf,domestic_travel,0.38,숙소|추천
e6f9f3de6a9584b8,food,0.50,맛집|저녁
66f92d18a81ccbbc,food,0.50,맛집|저녁
99f67baf2db99a36,food,1.00,맛집|메뉴|저녁|고기|방문
c1e9f826cf58b156,food,0.63,맛집|저녁|추천
c1e9f826cf58b156,domestic_travel,0.38,시장|추천
8d201950859d0b1f,food,0.50,맛집|저녁
fd6b9efe9fe23224,food,0.75,맛집|식당|저녁
f35d5c114cfade35,food,0.88,맛집|저녁|술집|방문
94c6f9b9bd08f733,food,0.50,맛집|저녁
ed05fb60c12d2adc,food,0.50,맛집|저녁
0885cccb733a92fa,food,0.88,맛집|저녁|웨이팅|추천
6ffdb10ea3e4785c,food,0.50,맛집|저녁
5a0abd552f72f399,food,0.63,맛집|저녁|후기
5a0abd552f72f399,domestic_travel,0.38,숙소|후기
424eedd6a547e495,food,0.88,맛집|저녁|카페|데이트
a86f5438921c92f0,food,0.88,맛집|저녁|카페|방문
618314ab48bea835,food,0.63,맛집|저녁|방문
618314ab48bea835,domestic_travel,0.38,해변|방문
d2731d855970ff45,food,0.88,맛집|저녁|고기|방문
1cebd661c4ca9f61,food,0.75,맛집|술집|방문|데이트
1cebd661c4ca9f61,domestic_travel,0.25,방문|데이트
6d6dcc248a76148d,food,0.25,맛집
a7bec3b5331da3a1,food,0.63,맛집|식당|데이트
b0f19d54b005849c,food,0.25,맛집
b0f19d54b005849c,domestic_travel,0.25,시장
03351df65c62abc4,food,0.63,맛집|파스타|방문
004cc5b3e411ef9a,food,0.50,맛집|방문|추천
004cc5b3e411ef9a,domestic_travel,0.25,방문|추천
850cb10fcea8c094,food,0.25,맛집
476302525e7b940b,food,0.75,맛집|메뉴|추천|후기
476302525e7b940b,domestic_travel,0.25,추천|후기
32b7cb4108aaf63c,food,0.25,맛집
57b883bad9e098f4,food,0.88,맛집|식당|추천|후기|데이트
57b883bad9e098f4,domestic_travel,0.38,추천|후기|데이트
8cfb3cc6ae053188,food,0.75,맛집|점심|후기|데이트
8cfb3cc6ae053188,domestic_travel,0.25,후기|데이트
1c747aafcc0d429b,food,0.75,맛집|점심|추천|후기
1c747aafcc0d429b,domestic_travel,0.25,추천|후기
6e3055ce3b81dae0,food,0.25,맛집
fd33f075ad6ec9f6,food,0.25,맛집
b7fc53aec24d4c85,food,0.38,맛집|데이트
b7fc53aec24d4c85,domestic_travel,0.38,가볼만한곳|데이트
0d525b6ccc1af356,food,0.50,맛집|고기
61389d74f5731524,food,0.25,맛집
f1c3da8dc81ddf0e,food,0.50,맛집|저녁
1d67d22c15154dbb,food,0.88,맛집|점심|고기|데이트
6a13ede53d2d9824,food,0.75,맛집|라멘|추천|데이트
6a13ede53d2d9824,domestic_travel,0.50,나들이|추천|데이트
5e17d6c4bdc884e4,food,0.50,메뉴|카페
47ed01657cd47236,food,1.00,맛집|점심|고기|밥집|방문|후기
47ed01657cd47236,domestic_travel,0.25,방문|후기
7e0b99f99792144a,food,0.38,맛집|후기
d2a39f1b812caf8d,food,0.38,맛집|방문
014d3268f63b2d49,food,0.38,맛집|추천
7d60e6bd45144f3c,food,0.63,고기|웨이팅|후기
85149ae66f37c586,food,0.38,맛집|데이트
85149ae66f37c586,domestic_travel,0.38,시장|데이트
08321acc2abc06fb,food,0.38,맛집|추천
01d7b9de73303561,food,0.50,맛집|추천|후기
01d7b9de73303561,domestic_travel,0.25,추천|후기
9c42b5bc94f35488,food,0.88,맛집|저녁|고기|추천
9c42b5bc94f35488,domestic_travel,0.38,시장|추천
9c50218334b01af3,food,0.25,맛집
34f9bf80b2afde51,food,0.50,맛집|고기
9e32a7edfe78596f,food,0.75,맛집|식당|방문|후기
9e32a7edfe78596f,domestic_travel,0.50,나들이|방문|후기
7352ab59a8afa5d8,food,0.38,맛집|추천
c5ab2cc05b224b84,food,0.25,맛집
06c63143c9af7cd9,food,0.63,저녁|파스타|추천
7e412e824ab251b1,food,0.75,메뉴|점심|추천|후기
7e412e824ab251b1,domestic_travel,0.25,추천|후기
d4d57f188be9a703,food,0.38,맛집|후기
d4d57f188be9a703,domestic_travel,0.38,시장|후기
2c17bc64220a6790,food,0.25,맛집
c3797d20bab2d3b2,food,0.50,맛집|점심
c3797d20bab2d3b2,domestic_travel,0.25,시장
0dd7eaf7edbb1730,food,0.25,저녁
83540ad6b4f1ff44,food,0.25,맛집
c816b1198d801f79,food,0.25,맛집
02a1904826f05c1e,food,0.50,맛집|추천|데이트
02a1904826f05c1e,domestic_travel,0.25,추천|데이트
a73d205f32be4403,food,0.25,맛집
0956a0d66d0dcabc,food,0.25,메뉴
99c3c81eaf60baff,food,0.25,맛집
a7773a035ac80c13,food,0.63,맛집|내돈내산|추천
bab37bf6f8a14100,food,1.00,맛집|파스타|웨이팅|다이닝|후기|데이트
bab37bf6f8a14100,domestic_travel,0.25,후기|데이트
de4acfc8277864f1,food,0.38,내돈내산|후기
d06490e8ca12cc9b,food,0.25,맛집
17a1109208b984f9,food,0.50,맛집|라멘
1a19811cdf333463,food,0.63,맛집|내돈내산|추천
ae71eed106aee8c8,food,0.25,메뉴
0e3e15c2d762c5f5,food,0.75,맛집|라멘|방문|후기
0e3e15c2d762c5f5,domestic_travel,0.25,방문|후기
da67399621c8d04d,food,1.00,맛집|식당|점심|저녁|데이트
39c99da6bf52e93b,food,0.25,맛집
39c99da6bf52e93b,domestic_travel,0.25,나들이
77bbbf6d87c484d9,food,0.75,맛집|파스타|후기|데이트
77bbbf6d87c484d9,domestic_travel,0.25,후기|데이트
c4bbc1dc6d068187,food,0.50,맛집|식당
c4bbc1dc6d068187,domestic_travel,0.25,명소
24027bb55b3ba63f,food,0.50,맛집|내돈내산
ace2df3f74d26ea7,food,0.63,맛집|메뉴|추천
b0aaa081fcdd486a,food,0.25,점심
f55a4190d2b673de,food,0.63,맛집|파스타|추천
de0119e058aa9cb2,food,0.25,맛집
083423f37d7c6b3b,food,0.38,맛집|추천
d491436cb7b758f6,domestic_travel,0.38,명소|추천
c0f23e4b6ac0da93,food,0.50,맛집|웨이팅
b2c286eec91da478,food,0.63,맛집|고기|추천
1c8904c1b76c07d5,food,0.75,맛집|웨이팅|후기|데이트
1c8904c1b76c07d5,domestic_travel,0.25,후기|데이트
46011b31dd9142b6,food,1.00,맛집|카페|브런치|추천|후기
46011b31dd9142b6,domestic_travel,0.25,추천|후기
80d2a05e92d38657,food,0.75,맛집|식당|점심
2ce8f1e9d182a485,food,0.38,맛집|후기
ea2dbf4616d3b159,food,0.50,메뉴|디저트
acea89a2315ba836,food,0.50,맛집|술집
23ea0d97deebda5b,food,0.50,맛집|후기|데이트
23ea0d97deebda5b,domestic_travel,0.50,시장|후기|데이트
3939112c225a3381,food,0.50,맛집|카페
990ee1c262d930ed,food,0.88,맛집|메뉴|내돈내산|추천
96b319e995b0ebc0,food,1.00,맛집|점심|저녁|내돈내산|술집|방문|후기|데이트
96b319e995b0ebc0,domestic_travel,0.38,방문|후기|데이트
b2ad8fd277f82f1c,food,0.88,맛집|메뉴|밥집|추천
d84b11864bb44713,food,0.50,맛집|내돈내산
d84b11864bb44713,domestic_travel,0.25,가볼만한곳
fc70becfc7d8b992,food,1.00,맛집|식당|웨이팅|방문|후기
fc70becfc7d8b992,domestic_travel,0.25,방문|후기
4ffa73daa564ed64,food,0.38,맛집|추천
2b1f3b10b3bdf37b,food,0.63,맛집|술집|추천
a17af14810c6b875,food,0.25,맛집
3720012849b92dae,food,0.63,맛집|고기|방문
81dc285be3dbb9c4,food,1.00,맛집|점심|내돈내산|웨이팅|후기
5d15c32a23088d17,food,0.50,맛집|식당
ac6a8f467bf0086c,food,0.38,맛집|방문
ddfd7084c2973c87,food,0.88,맛집|다이닝|추천|후기|데이트
ddfd7084c2973c87,domestic_travel,0.38,추천|후기|데이트
8bc530c69164076a,food,1.00,맛집|점심|고기|방문|추천|후기
8bc530c69164076a,domestic_travel,0.38,방문|추천|후기
b60b51659a1e4d3b,food,1.00,맛집|식당|메뉴|방문|후기
b60b51659a1e4d3b,domestic_travel,0.25,방문|후기
ec7306d95f0c8a20,domestic_travel,0.25,시장
1c555c5cc007737b,food,0.88,맛집|저녁|고기|후기
438a437d7c95739b,food,0.50,맛집|고기
c611216e8aebba96,food,0.38,저녁|추천
c030423a2072f4ff,food,0.38,맛집|추천
ec102b1ada256a1e,food,0.50,맛집|웨이팅
f02e5aad07c5f4de,food,1.00,맛집|카페|디저트|추천|데이트
f02e5aad07c5f4de,domestic_travel,0.50,가볼만한곳|추천|데이트
368009caede37a32,food,0.25,맛집
a77377c142824f7f,food,0.50,맛집|웨이팅
3e6976b2cc6b1ded,food,0.50,맛집|식당
88f43429873a0ad8,food,0.75,맛집|점심|추천|후기
88f43429873a0ad8,domestic_travel,0.25,추천|후기
23dd92b325f13b6a,food,0.63,맛집|내돈내산|후기
a455f837dd7e68e4,food,0.88,맛집|점심|카페|추천
b09524d1993162dd,food,0.25,맛집
c322a3d9dbe224ee,food,0.50,메뉴|방문|후기
c322a3d9dbe224ee,domestic_travel,0.25,방문|후기
048a733b3a358a0d,food,0.88,맛집|메뉴|점심|후기
048a733b3a358a0d,domestic_travel,0.38,시장|후기
93791563087a1bec,food,0.25,맛집
127a1e47fbec71fc,food,0.63,맛집|밥집|추천
8c25d2cdcae7e0ba,food,1.00,맛집|메뉴|저녁|고기
2123a7b1de82ea71,food,0.50,맛집|점심
63bcd767efc3c0c2,food,0.75,맛집|고기|내돈내산
1a4a9887a9d29473,food,0.25,맛집
cdf966a13cd67644,food,0.63,맛집|내돈내산|후기
66ddd704836f0a53,food,0.63,맛집|내돈내산|추천
8d01e0d2fe3dcf60,food,0.38,맛집|후기
72230c33915e809f,food,0.50,맛집|점심
3363e337717102b8,food,0.50,맛집|추천|후기
3363e337717102b8,domestic_travel,0.25,추천|후기
27f4d7ced9a7e927,food,1.00,맛집|메뉴|점심|내돈내산|추천
09e143d6563cefb3,food,0.63,맛집|밥집|데이트
ef6ca18bdf377e99,food,0.75,맛집|메뉴|방문|후기
ef6ca18bdf377e99,domestic_travel,0.25,방문|후기
930ddd25aadd0546,food,0.75,맛집|점심|후기|데이트
930ddd25aadd0546,domestic_travel,0.25,후기|데이트
700b02c192c47c67,food,0.38,맛집|방문
925994f1e78f8f9e,food,1.00,맛집|메뉴|라멘|내돈내산|추천|후기
925994f1e78f8f9e,domestic_travel,0.25,추천|후기
35cd2fb9f46e5f25,food,0.38,맛집|방문
35cd2fb9f46e5f25,domestic_travel,0.38,시장|방문
f9a19087707aa7cb,food,1.00,맛집|메뉴|디저트|추천|후기
f9a19087707aa7cb,domestic_travel,0.25,추천|후기
2fdeac1de09f02e5,food,0.88,맛집|고기|웨이팅|추천
19dd90c49ad6d9f6,food,0.25,맛집
4d83fe6e05dfeba5,food,1.00,맛집|고기|카페|방문|데이트
4d83fe6e05dfeba5,domestic_travel,0.50,시장|방문|데이트
50bbc909a0ecf5e2,food,0.25,맛집
50bbc909a0ecf5e2,domestic_travel,0.25,시장
3f65f5f5df3ded3a,food,1.00,맛집|메뉴|카페|내돈내산|웨이팅|추천|후기
3f65f5f5df3ded3a,domestic_travel,0.25,추천|후기
3f970fba4b844d17,food,0.38,맛집|방문
526230bf5fcbc5d3,food,0.50,맛집|점심
526230bf5fcbc5d3,domestic_travel,0.25,가볼만한곳
ba39aa793d2437a6,food,0.38,맛집|후기
11785a6ea0795130,food,0.25,맛집
5044c91da5aabcb9,food,0.25,맛집
a75526baa246f6a3,food,1.00,맛집|점심|저녁|추천|후기|데이트
a75526baa246f6a3,domestic_travel,0.38,추천|후기|데이트
a6f3b88b92b5b9c2,food,0.25,맛집
719b6bbe4e9de7a2,food,0.50,맛집|추천|데이트
719b6bbe4e9de7a2,domestic_travel,0.25,추천|데이트
af111eff39fd179f,food,0.50,맛집|저녁
64bfd341b1c0c915,food,0.75,맛집|내돈내산|추천|후기
64bfd341b1c0c915,domestic_travel,0.25,추천|후기
e57bdc61586513af,food,0.25,맛집
7d98702d10ff7e8b,food,0.63,라멘|웨이팅|방문
fc4e88d712a3ef66,food,0.63,맛집|점심|후기
883b3a7257aff5fb,food,0.63,맛집|다이닝|후기
a920bf7bbe77aa11,food,0.63,맛집|추천|후기|데이트
a920bf7bbe77aa11,domestic_travel,0.38,추천|후기|데이트
3f2c13ae2249f137,food,0.88,맛집|내돈내산|방문|추천|후기
3f2c13ae2249f137,domestic_travel,0.38,방문|추천|후기
d00de8f4de0fe687,food,0.25,맛집
4c5ccdfd9ea8e9e1,food,0.50,맛집|브런치
174419f13756ed21,food,0.63,맛집|술집|추천
6292a6cea51105a1,food,0.88,맛집|점심|밥집|추천
dd7b42e929063836,food,1.00,맛집|카페|술집|추천|후기|데이트
dd7b42e929063836,domestic_travel,0.63,가볼만한곳|추천|후기|데이트
d637249f1e65b24f,food,0.88,맛집|점심|내돈내산|추천
b832c76535780b74,food,0.25,맛집
c24da8da32aafeaf,food,0.63,맛집|브런치|데이트
0c6877334f551e0d,food,0.75,맛집|식당|추천|데이트
0c6877334f551e0d,domestic_travel,0.25,추천|데이트
b122fe320dfd6766,food,0.38,맛집|데이트
511662fdb75f24db,food,0.50,맛집|식당
c2cc7cef57c11a8f,food,0.25,맛집
41c9182675c471af,food,0.63,맛집|술집|후기
4ea77291c751ac52,food,0.38,맛집|방문
54cebc0b3d9c8a1b,food,1.00,맛집|식당|메뉴|추천|데이트
54cebc0b3d9c8a1b,domestic_travel,0.50,나들이|추천|데이트
4564f7ca778ad1ce,food,0.50,맛집|방문|추천
4564f7ca778ad1ce,domestic_travel,0.50,시장|방문|추천
60aaab4faa47ffbf,food,0.63,맛집|술집|데이트
8b73a5398e89fba8,food,0.63,맛집|내돈내산|후기
d9ce002e54900b75,food,0.88,맛집|라멘|추천|핫플|데이트
d9ce002e54900b75,domestic_travel,0.38,추천|데이트|핫플
3af17e3bb89b4f00,food,0.75,맛집|점심|추천|데이트
3af17e3bb89b4f00,domestic_travel,0.25,추천|데이트
3cc3c1d4fb0fa24f,food,1.00,맛집|저녁|웨이팅|밥집|추천
ccd9c7ea4d8ed8ea,food,0.38,웨이팅|후기
dcacbb0f3c54f7be,food,0.50,맛집|식당
b390d1e0640c1dd1,food,0.38,맛집|데이트
2614d16125dc7f89,food,1.00,맛집|카페|디저트|추천|핫플|데이트
2614d16125dc7f89,domestic_travel,1.00,가볼만한곳|시장|나들이|추천|데이트|핫플
f37c33646d87165c,food,0.38,맛집|추천
f37c33646d87165c,domestic_travel,0.38,시장|추천
eaa3b7b8f0991b32,food,0.88,맛집|메뉴|점심|방문
c009be3f8dd8bc06,food,0.88,맛집|점심|저녁|방문
8409c6b76a0ba5a7,food,0.88,맛집|식당|웨이팅|후기
ddb0e77bfe624fb2,food,1.00,맛집|식당|저녁|내돈내산|웨이팅|추천|후기|핫플|데이트
ddb0e77bfe624fb2,domestic_travel,0.75,가볼만한곳|추천|후기|데이트|핫플
2aefab2ef73df8d8,food,0.38,맛집|데이트
d38360abd99b9c4d,food,0.38,방문|추천|후기
d38360abd99b9c4d,domestic_travel,0.63,시장|방문|추천|후기
5f0663c656947ca6,food,0.38,맛집|추천
16ba0ba289910296,food,0.88,맛집|메뉴|저녁|추천
d27c3f74b6c24dce,food,1.00,맛집|점심|저녁|고기|추천|후기|데이트
d27c3f74b6c24dce,domestic_travel,0.38,추천|후기|데이트
98d9a84af5354ae9,food,1.00,맛집|식당|라멘|내돈내산|추천|데이트
98d9a84af5354ae9,domestic_travel,0.25,추천|데이트
3bf4d4762588ac98,food,0.50,맛집|추천|핫플
3bf4d4762588ac98,domestic_travel,0.25,추천|핫플
6f477d21ac0fa9ea,food,0.25,맛집
b145d07851e549ae,food,0.63,맛집|메뉴|추천
a7e32ef8c8c4a442,food,0.25,맛집
a7e32ef8c8c4a442,domestic_travel,0.25,시장
410509179f85b468,food,0.25,고기
b952db1cb3a7cb40,food,0.75,맛집|저녁|내돈내산
e712467a521b9439,food,0.63,맛집|술집|데이트
433940aecfe3f9c9,food,0.38,맛집|후기
27782feadfafbc60,food,1.00,맛집|점심|파스타|추천|후기
27782feadfafbc60,domestic_travel,0.25,추천|후기
4c127d030470ef1c,food,1.00,맛집|카페|디저트|브런치|추천|핫플|데이트
4c127d030470ef1c,domestic_travel,0.63,가볼만한곳|추천|데이트|핫플
d56a70047846007e,food,0.63,맛집|내돈내산|후기
d56a70047846007e,domestic_travel,0.38,가볼만한곳|후기
cf88d692e6e37234,food,0.63,맛집|점심|추천
9b25932aa4a13c7c,food,0.75,맛집|웨이팅|핫플|데이트
9b25932aa4a13c7c,domestic_travel,0.50,가볼만한곳|데이트|핫플
d3b9dce2e7d56c0b,food,1.00,맛집|점심|브런치|추천|데이트
d3b9dce2e7d56c0b,domestic_travel,0.25,추천|데이트
48dfcdb00a096d00,food,0.38,맛집|방문
7df035921efd6cf7,food,0.50,맛집|방문|추천
7df035921efd6cf7,domestic_travel,0.25,방문|추천
dc01bc4ba3809034,food,0.75,맛집|내돈내산|후기|데이트
dc01bc4ba3809034,domestic_travel,0.50,시장|후기|데이트
07f9c6a15c8eafd3,food,0.63,맛집|고기|방문
f316562151314397,food,0.38,맛집|방문
ea2c70798e132c38,food,0.38,맛집|방문
5cb8a86eb9e805eb,food,1.00,맛집|고기|밥집|술집|데이트
f1ecbf863e4fa7d5,food,0.88,맛집|식당|고기|방문
70e1e5934b9de02c,food,1.00,맛집|내돈내산|웨이팅|추천|후기|데이트
70e1e5934b9de02c,domestic_travel,0.38,추천|후기|데이트
df683b2f69302bde,food,0.63,맛집|고기|추천
14bf2bd0a0e2df9b,food,1.00,맛집|내돈내산|웨이팅|추천|후기|데이트
14bf2bd0a0e2df9b,domestic_travel,0.38,추천|후기|데이트
9eead721a0da4a75,food,0.88,맛집|내돈내산|추천|후기|데이트
9eead721a0da4a75,domestic_travel,0.38,추천|후기|데이트
13440010603649f3,food,0.38,맛집|방문
4f58d2f0a3ba4d7c,food,0.75,맛집|저녁|고기
46c60292e2174d74,food,0.75,맛집|고기|방문|추천
46c60292e2174d74,domestic_travel,0.25,방문|추천
ffb194e7b969ee01,food,0.50,맛집|고기
69e630132ecf138e,food,1.00,맛집|파스타|내돈내산|추천|데이트
69e630132ecf138e,domestic_travel,0.25,추천|데이트
0368510cf09a91de,food,1.00,맛집|점심|라멘|내돈내산|추천
f502c10152a79dc7,food,0.63,맛집|메뉴|방문
10063144da976824,food,0.50,맛집|고기
0239485ccbdc9eaa,food,0.75,맛집|점심|추천|데이트
0239485ccbdc9eaa,domestic_travel,0.25,추천|데이트
52c26fd2d5c74bbc,food,0.25,맛집
b6be8becf8d37891,food,0.38,맛집|추천
6addbe9d229e36fc,food,0.38,맛집|방문
8ae647d403cbe094,food,1.00,맛집|점심|카페|브런치|추천
f39542a7c6b8e551,food,0.38,맛집|방문
1178a997f607e64f,food,1.00,맛집|점심|카페|디저트|브런치|추천
643a74e5caff938c,food,0.63,맛집|고기|방문
30b11e43768056a3,food,0.63,맛집|고기|방문
d711240f99510a8e,food,1.00,맛집|식당|내돈내산|방문|추천|후기
d711240f99510a8e,domestic_travel,0.38,방문|추천|후기
7cb609b6efde933d,food,0.75,맛집|내돈내산|방문|후기
7cb609b6efde933d,domestic_travel,0.25,방문|후기
6583427b43ead664,food,0.63,맛집|추천|핫플|데이트
6583427b43ead664,domestic_travel,0.38,추천|데이트|핫플
f08a80f1407dbe9d,food,0.50,맛집|방문|추천
f08a80f1407dbe9d,domestic_travel,0.25,방문|추천
e0330c8af85be862,food,0.38,맛집|추천
c1b88ac772f6e4b6,food,1.00,맛집|식당|방문|추천|후기|데이트
c1b88ac772f6e4b6,domestic_travel,0.75,가볼만한곳|방문|추천|후기|데이트
b099b522143c083a,food,0.25,맛집
63fe9a2464689130,food,0.25,맛집
1f1dee3039550126,food,0.25,맛집
83a4044658c91523,food,0.88,맛집|웨이팅|방문|추천|후기
83a4044658c91523,domestic_travel,0.38,방문|추천|후기
529737de76f4e404,food,0.50,맛집|고기
7778681ad30a9620,food,0.25,카페
54e4c76caa465e4f,food,0.63,맛집|술집|추천
32745a06df5df609,food,1.00,맛집|내돈내산|밥집|핫플|데이트
32745a06df5df609,domestic_travel,0.25,데이트|핫플
1b520e0741f38d19,food,0.63,맛집|술집|추천
fd827294413d863b,food,0.63,맛집|내돈내산|후기
8a6cf5f60dda8e1d,food,0.50,맛집|메뉴
8a6cf5f60dda8e1d,domestic_travel,0.25,시장
eaccc706f1198ab6,food,1.00,맛집|메뉴|추천|후기|핫플|데이트
eaccc706f1198ab6,domestic_travel,0.50,추천|후기|데이트|핫플
c297a544f7edfaa3,food,0.88,맛집|카페|디저트|추천
1feba0d8ef94db84,food,1.00,맛집|메뉴|웨이팅|추천|후기|핫플|데이트
1feba0d8ef94db84,domestic_travel,0.50,추천|후기|데이트|핫플
fd8d6b902f6d935b,food,0.50,맛집|술집
a962cbddbeab65e9,food,0.63,맛집|디저트|추천
b44ca05a89b4bc1f,food,1.00,맛집|점심|저녁|고기|추천|데이트
b44ca05a89b4bc1f,domestic_travel,0.25,추천|데이트
f9a1a144386bb1e5,food,0.50,맛집|고기
0b615e9320f0146c,food,1.00,맛집|고기|술집|후기|핫플
0b615e9320f0146c,domestic_travel,0.25,후기|핫플
d4eecdece235a069,food,0.50,맛집|웨이팅
c639158584d4fa0b,food,0.75,맛집|내돈내산|추천|데이트
c639158584d4fa0b,domestic_travel,0.25,추천|데이트
46a8069ea0d784ca,food,0.75,맛집|점심|추천|데이트
46a8069ea0d784ca,domestic_travel,0.25,추천|데이트
4c50141e7e967fbc,food,0.38,맛집|방문
d943bd0103916f3e,food,0.63,맛집|식당|추천
ff923a27aa8e0b3d,food,0.50,맛집|추천|데이트
ff923a27aa8e0b3d,domestic_travel,0.25,추천|데이트
d7d006de8c9a7321,food,0.25,맛집
7ce408d83221a86b,food,0.50,맛집|추천|후기
7ce408d83221a86b,domestic_travel,0.25,추천|후기
55a23b343d705708,food,1.00,맛집|메뉴|점심|저녁|추천
033672d7a6ac2d3d,domestic_travel,0.25,나들이
1b780788f66ae04b,food,0.50,맛집|점심
0875d0e06dff6b21,food,0.50,맛집|카페
63508ad12911db47,food,1.00,맛집|점심|내돈내산|추천|데이트
63508ad12911db47,domestic_travel,0.50,나들이|추천|데이트
4985a3f85518991b,food,0.63,맛집|웨이팅|후기
9e98d655c3676c8f,food,1.00,맛집|점심|내돈내산|추천|후기
9e98d655c3676c8f,domestic_travel,0.25,추천|후기
05f57a488de7719e,food,0.50,맛집|추천|후기
05f57a488de7719e,domestic_travel,0.25,추천|후기
e9ea2f8881007574,food,0.50,맛집|고기
00789507a8390b4c,food,0.63,메뉴|카페|추천
a3a5ea6e0065d79e,food,0.50,맛집|고기
1ff6e8ea2fdeca24,food,1.00,맛집|점심|저녁|추천|후기
1ff6e8ea2fdeca24,domestic_travel,0.25,추천|후기
34562150bd338b6c,food,1.00,맛집|식당|라멘|추천|데이트
34562150bd338b6c,domestic_travel,0.25,추천|데이트
b7787bfef9f2f1b4,food,0.88,맛집|식당|내돈내산|추천
9219472870d46f1f,food,0.25,맛집
c050348dc0c0267f,food,0.50,맛집|술집
15d1a91670295cf3,food,0.88,맛집|식당|점심|후기
18db58ff124ad3c8,food,0.50,맛집|카페
97417e59c7d210e6,food,0.25,맛집
5773438c3e5cc18c,food,0.25,맛집
ce44d7bc704322f1,food,0.25,맛집
b3e07f122a847d97,food,0.75,맛집|고기|방문|추천
b3e07f122a847d97,domestic_travel,0.25,방문|추천
5de893d583165126,food,0.63,맛집|점심|추천
7d43266578076652,food,0.38,맛집|방문
44623d7234abf961,food,0.75,맛집|고기|추천|핫플
44623d7234abf961,domestic_travel,0.25,추천|핫플
745be91b04fdf444,food,0.75,맛집|저녁|추천|핫플
745be91b04fdf444,domestic_travel,0.75,가볼만한곳|바다|추천|핫플
b0136d6a94429a04,food,0.50,맛집|다이닝
1a84ab25334384a2,food,1.00,맛집|고기|내돈내산|방문|후기
1a84ab25334384a2,domestic_travel,0.25,방문|후기
567bb1fbc2e93342,food,0.63,맛집|고기|추천
c7a3c57615e98592,food,0.50,맛집|추천|후기
c7a3c57615e98592,domestic_travel,0.25,추천|후기
52cb53035a0c7344,food,1.00,맛집|점심|디저트|내돈내산|추천|후기|데이트
52cb53035a0c7344,domestic_travel,0.38,추천|후기|데이트
128384185225ec5e,food,0.63,맛집|메뉴|방문
37c896bff6b72cb1,food,0.38,맛집|데이트
917c312705e6eb12,food,0.63,맛집|고기|핫플
a65cd91c1804662f,food,0.88,맛집|점심|웨이팅|후기
88bd4ec352b736e5,food,0.50,맛집|고기
50f98977687132ea,food,0.63,맛집|고기|후기
441a7a6df063a885,food,0.88,맛집|파스타|카페|추천
441a7a6df063a885,domestic_travel,0.38,가볼만한곳|추천
87ffa806cc48dbc3,food,0.75,맛집|점심|추천|후기
87ffa806cc48dbc3,domestic_travel,0.50,가볼만한곳|추천|후기
ca2cfce0ef1482ec,food,0.25,맛집
ca2cfce0ef1482ec,domestic_travel,0.25,나들이
de3c4cb08b55a0f7,food,0.50,맛집|방문|후기
de3c4cb08b55a0f7,domestic_travel,0.25,방문|후기
ccb971590b1b47f3,food,0.50,맛집|핫플|데이트
ccb971590b1b47f3,domestic_travel,0.25,데이트|핫플
4a23f19cc16c8623,food,0.25,맛집
4833611949458b93,food,0.25,맛집
4833611949458b93,domestic_travel,0.25,시장
414ab9540edf7017,food,0.50,맛집|후기|데이트
414ab9540edf7017,domestic_travel,0.50,시장|후기|데이트
d72c67defc680e0c,food,0.50,맛집|추천|데이트
d72c67defc680e0c,domestic_travel,0.25,추천|데이트
98503c74b595cb09,food,0.38,맛집|추천
75298a254b4ec673,food,0.38,맛집|후기
2b2358743c1c9eb8,food,0.63,맛집|점심|추천
adda0784a1809a5b,food,0.63,맛집|카페|데이트
117c5babfcf3d794,food,1.00,맛집|메뉴|방문|추천|핫플|데이트
117c5babfcf3d794,domestic_travel,0.75,가볼만한곳|방문|추천|데이트|핫플
f3e0f0c832c34a90,food,0.75,맛집|고기|후기|데이트
f3e0f0c832c34a90,domestic_travel,0.25,후기|데이트
9830f267921a569d,food,0.63,맛집|카페|데이트
7fe087abbafc45e4,food,1.00,맛집|식당|저녁|내돈내산|웨이팅|후기
3008acf7ff914ec0,food,0.25,맛집
751ec20bc8aaafab,food,0.75,맛집|메뉴|저녁
ea549e3dc56aa439,food,0.25,맛집
ea549e3dc56aa439,domestic_travel,0.25,시장
0303e18c7fae6192,food,1.00,맛집|저녁|내돈내산|추천|후기|핫플|데이트
0303e18c7fae6192,domestic_travel,0.50,추천|후기|데이트|핫플
de4ba89699a50dc1,food,0.25,맛집
f99a8d3f2772d79f,food,0.25,맛집
ce9ef22c8d0651c5,food,1.00,맛집|고기|술집|추천|후기|데이트
ce9ef22c8d0651c5,domestic_travel,0.38,추천|후기|데이트
3110275ba68c4777,food,0.63,맛집|고기|추천
b9c1746a6fdda3bc,food,1.00,맛집|고기|웨이팅|추천|데이트
b9c1746a6fdda3bc,domestic_travel,0.25,추천|데이트
da026636f56ee6fa,food,0.50,맛집|점심
e471bf0ed03af9a7,food,0.50,맛집|후기|데이트
e471bf0ed03af9a7,domestic_travel,0.25,후기|데이트
1eb8751554ed2503,food,0.25,맛집
bd351a6d8e77ba98,food,0.75,맛집|파스타|핫플|데이트
bd351a6d8e77ba98,domestic_travel,0.25,데이트|핫플
8aba74639f53f60e,food,0.50,맛집|식당
8aba74639f53f60e,domestic_travel,0.25,시장
db42c7ab7c71f547,food,0.63,맛집|내돈내산|추천
4b057da01f433a31,food,0.75,맛집|메뉴|파스타
8e5f7b7b3987bbd0,food,1.00,맛집|고기|내돈내산|추천|데이트
8e5f7b7b3987bbd0,domestic_travel,0.25,추천|데이트
d87adb460420daaf,food,0.63,맛집|고기|추천
624f86bc8a69f202,food,1.00,맛집|점심|카페|추천|데이트
624f86bc8a69f202,domestic_travel,0.25,추천|데이트
74a547d53e8f97e7,food,0.63,맛집|술집|핫플
7a33ca3b410a3944,food,0.25,술집
d1b08a799b24917a,food,1.00,맛집|점심|내돈내산|추천|후기
d1b08a799b24917a,domestic_travel,0.25,추천|후기
97f0c15ad096fe2a,food,1.00,맛집|고기|웨이팅|추천|후기|핫플|데이트
97f0c15ad096fe2a,domestic_travel,0.50,추천|후기|데이트|핫플
a2d402b9070c1108,food,0.88,맛집|점심|추천|핫플|데이트
a2d402b9070c1108,domestic_travel,0.63,가볼만한곳|추천|데이트|핫플
4e4064467f2fee63,food,0.50,맛집|방문|추천
4e4064467f2fee63,domestic_travel,0.25,방문|추천
518c5b50f140cfc1,food,0.75,맛집|점심|추천|후기
518c5b50f140cfc1,domestic_travel,0.50,가볼만한곳|추천|후기
7f5214cc458db7ee,food,1.00,맛집|저녁|밥집|술집|추천|후기|핫플|데이트
7f5214cc458db7ee,domestic_travel,0.50,추천|후기|데이트|핫플
33dfbfe5f9c46989,food,0.63,맛집|식당|추천
e035362b9c4baf8e,food,1.00,맛집|식당|메뉴|웨이팅
4bd0f5539b803e5c,domestic_travel,0.25,나들이
9dcfb1c092245370,food,0.50,맛집|파스타
281b35b835da4126,food,1.00,맛집|식당|점심|저녁|파스타|추천|후기|핫플|데이트
281b35b835da4126,domestic_travel,0.75,가볼만한곳|추천|후기|데이트|핫플
cbf800ec082f973f,food,0.63,맛집|고기|추천
e1c983943915ab5a,food,0.25,맛집
e1c983943915ab5a,domestic_travel,0.25,시장
b283dd71d04c705a,food,0.75,맛집|식당|점심
0e23876a90476e43,food,0.63,맛집|점심|데이트
814c65fb495cc286,food,1.00,맛집|식당|점심|저녁|밥집|추천|핫플|데이트
814c65fb495cc286,domestic_travel,0.63,가볼만한곳|추천|데이트|핫플
ff7de9316f57f74c,food,0.75,맛집|카페|내돈내산
4359402f5ddcbe25,food,0.75,맛집|점심|방문|데이트
4359402f5ddcbe25,domestic_travel,0.25,방문|데이트
d42180613552bf73,food,0.75,맛집|술집|추천|데이트
d42180613552bf73,domestic_travel,0.25,추천|데이트
e186f083d1c469ad,food,0.88,맛집|점심|고기|방문
dc410d275bc29361,food,0.63,메뉴|점심|후기
d38ba4c2d9dd69b2,food,0.50,맛집|식당
a7661b719dbc6a96,food,0.25,맛집
a7661b719dbc6a96,domestic_travel,0.25,시장
1b5f7c4a9fbd8ba0,food,1.00,맛집|점심|내돈내산|추천|데이트
1b5f7c4a9fbd8ba0,domestic_travel,0.25,추천|데이트
daef0dac810728e5,food,0.63,맛집|카페|추천
6d858ebdd4cd333c,food,1.00,맛집|식당|카페|추천|후기
6d858ebdd4cd333c,domestic_travel,0.50,명소|추천|후기
25294f075bd7142c,food,0.50,맛집|고기
0f06bd1cc56e1a9b,food,0.88,맛집|식당|다이닝|추천
23d45a7f5caad55b,food,1.00,맛집|점심|브런치|후기|핫플
23d45a7f5caad55b,domestic_travel,0.25,후기|핫플
3737c749bec0122b,food,0.25,맛집
2f7e41b8c2acc2c8,food,0.63,맛집|고기|추천
38857503aa7b12af,food,1.00,맛집|술집|방문|추천|핫플|데이트
38857503aa7b12af,domestic_travel,0.50,방문|추천|데이트|핫플
82dc300b2d84377a,food,0.25,맛집
aab18bb392cfdcfe,food,0.50,맛집|식당
b1e5b9fe6c9024be,food,0.38,맛집|데이트
063eb1e6cdbc348a,food,0.50,맛집|고기
ee4a7f754cc28abb,food,1.00,맛집|메뉴|점심|방문|추천
ee4a7f754cc28abb,domestic_travel,0.25,방문|추천
a24fee9171837059,food,0.75,맛집|술집|추천|후기
a24fee9171837059,domestic_travel,0.25,추천|후기
b24fdd318f450de8,food,0.88,맛집|메뉴|점심|데이트
82bb2c6d4104f655,food,0.75,맛집|디저트|추천|데이트
82bb2c6d4104f655,domestic_travel,0.50,가볼만한곳|추천|데이트
ea77810dcb6c4e34,food,0.25,맛집
15bc736d81a89893,food,0.38,맛집|추천
3e9b9d27cfeb76d4,food,0.50,맛집|메뉴
acde687fb9ab4181,food,1.00,맛집|점심|내돈내산|추천|후기|데이트
acde687fb9ab4181,domestic_travel,0.38,추천|후기|데이트
7a40cf3c12e27978,food,0.38,맛집|후기
c959f6c299de7e9d,food,0.63,맛집|고기|데이트
84aa5980f5a2eca4,food,0.38,맛집|추천
689b1d95faaa941c,food,0.75,맛집|술집|추천|핫플
689b1d95faaa941c,domestic_travel,0.25,추천|핫플
53fbd2fd445ea371,food,0.88,맛집|파스타|후기|핫플|데이트
53fbd2fd445ea371,domestic_travel,0.63,가볼만한곳|후기|데이트|핫플
b5caa123868af3f3,food,0.63,맛집|방문|추천|후기
b5caa123868af3f3,domestic_travel,0.38,방문|추천|후기
96c0545df5bf277e,food,1.00,맛집|식당|파스타|카페|내돈내산|추천|후기|데이트
96c0545df5bf277e,domestic_travel,0.38,추천|후기|데이트
a51e9f6ec68082db,food,0.88,맛집|식당|파스타|데이트
04cd67e99504d5bc,food,1.00,맛집|메뉴|웨이팅|방문|추천|후기|핫플|데이트
04cd67e99504d5bc,domestic_travel,0.63,방문|추천|후기|데이트|핫플
17314fc49ea2122c,food,0.75,맛집|술집|추천|데이트
17314fc49ea2122c,domestic_travel,0.25,추천|데이트
584df9013f190d89,food,0.75,맛집|고기|추천|데이트
584df9013f190d89,domestic_travel,0.25,추천|데이트
0639518ca3421528,food,0.50,맛집|식당
36b5f216392f776c,food,1.00,맛집|점심|저녁|술집
c9e6eae93d1548f9,food,0.75,메뉴|술집|추천|후기
c9e6eae93d1548f9,domestic_travel,0.25,추천|후기
a3e49d6367bdee76,food,0.63,맛집|추천|핫플|데이트
a3e49d6367bdee76,domestic_travel,0.88,가볼만한곳|나들이|추천|데이트|핫플
a0d549f66901fb15,food,0.25,맛집
d3f1eb0893a02776,food,1.00,맛집|식당|고기|내돈내산|웨이팅|후기|핫플|데이트
d3f1eb0893a02776,domestic_travel,0.38,후기|데이트|핫플
77b480b7b98a8886,food,0.38,맛집|추천
f94a264260066dad,food,0.75,맛집|파스타|추천|데이트
f94a264260066dad,domestic_travel,0.25,추천|데이트
5531d2c5211fbfd7,food,0.38,맛집|추천
d627656168097f22,food,0.50,맛집|라멘
960866996553d2c7,food,0.75,맛집|술집|후기|데이트
960866996553d2c7,domestic_travel,0.25,후기|데이트
2b4cbf14049eedf9,food,0.75,맛집|점심|후기|데이트
2b4cbf14049eedf9,domestic_travel,0.50,가볼만한곳|후기|데이트
ad52ef40fe90c0bb,food,0.38,맛집|추천
ad52ef40fe90c0bb,domestic_travel,0.88,국내여행|주말여행|가볼만한곳|추천
e920c230cffbd1ed,food,1.00,맛집|메뉴|저녁|웨이팅|후기
d3ebbd74df3b75c5,food,1.00,맛집|식당|내돈내산|추천|후기|핫플|데이트
d3ebbd74df3b75c5,domestic_travel,0.50,추천|후기|데이트|핫플
c1167729d8820581,food,1.00,맛집|식당|점심|저녁|내돈내산|추천|데이트
c1167729d8820581,domestic_travel,0.25,추천|데이트
78fe7f3a6e8dea8c,food,1.00,맛집|메뉴|디저트|웨이팅
c902a4fd44794482,food,1.00,맛집|점심|저녁|추천|데이트
c902a4fd44794482,domestic_travel,0.50,나들이|추천|데이트
9f04fbe1efc1c6ce,food,1.00,맛집|점심|술집|핫플|데이트
9f04fbe1efc1c6ce,domestic_travel,0.25,데이트|핫플
3089af670ddc50cd,food,0.50,맛집|식당
d8f34a511f3b4047,food,0.25,맛집
9d5a5f9e8adc2198,food,1.00,맛집|고기|내돈내산|추천|데이트
9d5a5f9e8adc2198,domestic_travel,0.25,추천|데이트
bfe5a88054b1f9eb,food,1.00,맛집|식당|파스타|추천|데이트
bfe5a88054b1f9eb,domestic_travel,0.75,가볼만한곳|나들이|추천|데이트
28b8df26d1b67ddd,food,0.75,맛집|술집|추천|핫플
28b8df26d1b67ddd,domestic_travel,0.25,추천|핫플
d90a27c9f7bcc090,food,0.63,맛집|메뉴|후기
39e073933a1dacf1,food,0.25,메뉴
4157fd25161238c9,food,1.00,맛집|점심|저녁|밥집|추천|데이트
4157fd25161238c9,domestic_travel,0.50,가볼만한곳|추천|데이트
1be756946b997f39,food,0.50,맛집|추천|후기
1be756946b997f39,domestic_travel,0.50,시장|추천|후기
778c463b804dd1a0,food,0.25,맛집
c2d1c4018f977ea8,food,0.63,맛집|술집|데이트
80f20fe880323f0c,food,0.38,맛집|추천
80f20fe880323f0c,domestic_travel,0.38,바다|추천
52782b30f2d717ea,food,0.75,맛집|고기|방문|추천
52782b30f2d717ea,domestic_travel,0.25,방문|추천
8a69c28deaddf848,food,0.63,맛집|고기|추천
8a69c28deaddf848,domestic_travel,0.38,가볼만한곳|추천
817eaeb7ca97314f,food,1.00,맛집|카페|내돈내산|추천|데이트
817eaeb7ca97314f,domestic_travel,0.25,추천|데이트
9f56976aedebf691,food,0.38,맛집|추천
527add59c808b1f2,food,0.25,맛집
c54ddfaf3099f326,food,0.75,맛집|내돈내산|후기|데이트
c54ddfaf3099f326,domestic_travel,0.50,가볼만한곳|후기|데이트
eb65cbacd8fdaed0,food,0.50,맛집|내돈내산
749be2ccea029da8,food,0.88,맛집|점심|내돈내산|후기
87d98250da697371,food,0.25,웨이팅
444a3346dfa1187b,food,0.25,맛집
541299239df55f10,food,0.25,맛집
2fb6af2c5abe8c48,food,0.88,맛집|카페|추천|핫플|데이트
2fb6af2c5abe8c48,domestic_travel,0.38,추천|데이트|핫플
c4e4d1f1fdd42a40,food,0.38,맛집|추천
c4e4d1f1fdd42a40,domestic_travel,0.38,축제|추천
4123b1e5759d0e7e,food,0.75,맛집|메뉴|방문|후기
4123b1e5759d0e7e,domestic_travel,0.25,방문|후기
9205824765fc9a3c,food,1.00,맛집|내돈내산|술집|추천|후기
9205824765fc9a3c,domestic_travel,0.25,추천|후기
9a8bed5a0bd4dc40,food,1.00,맛집|식당|점심|저녁|고기|내돈내산|추천|데이트
9a8bed5a0bd4dc40,domestic_travel,0.50,가볼만한곳|추천|데이트
7c65d738fb3ec4ee,food,0.50,맛집|카페
e5b6a36be439a05e,food,1.00,맛집|점심|내돈내산|방문|후기
e5b6a36be439a05e,domestic_travel,0.25,방문|후기
6ea27e4e5dfe2d67,food,1.00,맛집|내돈내산|웨이팅|술집|추천|핫플
6ea27e4e5dfe2d67,domestic_travel,0.25,추천|핫플
35ec630530903f89,food,0.63,맛집|고기|추천
a0b7d5f3009ef49e,food,0.50,맛집|메뉴
82c9e3abf1211fd3,food,0.63,맛집|다이닝|후기
810ccbe4b4b878f3,food,1.00,맛집|카페|디저트|추천|후기
810ccbe4b4b878f3,domestic_travel,0.25,추천|후기
934d5f5027c9474e,food,1.00,맛집|점심|저녁|고기|추천|후기
934d5f5027c9474e,domestic_travel,0.50,가볼만한곳|추천|후기
379b1ef401a4ffdb,food,0.25,맛집
e6a592bdb9c00334,food,0.63,맛집|메뉴|후기
7a745e94f6b88df0,food,0.38,맛집|추천
9686386700221a9d,food,0.75,맛집|메뉴|술집
ba703e20d63a1905,food,1.00,맛집|저녁|밥집|술집|추천|핫플|데이트
ba703e20d63a1905,domestic_travel,0.63,가볼만한곳|추천|데이트|핫플
0559e0116a1c725a,food,0.88,맛집|식당|추천|후기|데이트
0559e0116a1c725a,domestic_travel,0.38,추천|후기|데이트
c4787dcf4eb1da96,food,0.25,맛집
c867b9177c2cd77c,food,1.00,맛집|점심|저녁|추천|데이트
c867b9177c2cd77c,domestic_travel,0.50,가볼만한곳|추천|데이트
cfcdc57df7485609,food,0.88,맛집|고기|내돈내산|추천
02131170f0b2c85d,food,0.38,맛집|후기
3e164f8a500d8cba,food,0.63,맛집|저녁|데이트
4141942caa869d02,food,0.75,메뉴|점심|내돈내산
e30971172991b332,food,0.50,맛집|방문|추천
e30971172991b332,domestic_travel,0.25,방문|추천
935fcab654745186,food,1.00,맛집|메뉴|점심|웨이팅|추천
4c5315d30c21c697,food,1.00,맛집|카페|브런치|추천|핫플|데이트
4c5315d30c21c697,domestic_travel,0.38,추천|데이트|핫플
d22c217995ec97cf,food,0.88,맛집|내돈내산|밥집|데이트
d22c217995ec97cf,domestic_travel,0.38,가볼만한곳|데이트
01e30810882c0c3f,food,0.50,맛집|추천|후기
01e30810882c0c3f,domestic_travel,0.25,추천|후기
205d1760783d4240,food,1.00,맛집|점심|밥집|추천|후기
205d1760783d4240,domestic_travel,0.50,나들이|추천|후기
351fe3cafa69c5f4,food,0.25,맛집
df34b3829debdb61,food,0.63,맛집|메뉴|후기
44fbb6ca07a8d309,food,0.88,맛집|카페|디저트|데이트
44fbb6ca07a8d309,domestic_travel,0.38,가볼만한곳|데이트
6e597635bafcea80,food,1.00,맛집|메뉴|점심|고기
a6b8c29e2db6a097,food,0.38,맛집|추천
75a047b1fcb34b0b,food,0.25,맛집
1ce058009ad82124,food,0.63,맛집|내돈내산|데이트
00827cac1d80b020,food,0.25,맛집
0e092f39023e6c28,food,0.38,맛집|데이트
8e63cb8aa5d00678,food,0.25,맛집
e0cfb9fc0d524bb6,food,0.88,맛집|내돈내산|추천|핫플|데이트
e0cfb9fc0d524bb6,domestic_travel,0.38,추천|데이트|핫플
13c69b0d3f3cf904,food,0.50,맛집|방문|추천
13c69b0d3f3cf904,domestic_travel,0.25,방문|추천
aa5ad92af4578692,food,1.00,맛집|카페|디저트|내돈내산|추천|핫플|데이트
aa5ad92af4578692,domestic_travel,0.38,추천|데이트|핫플
d14c4e777fec2a40,food,0.75,맛집|점심|추천|데이트
d14c4e777fec2a40,domestic_travel,0.25,추천|데이트
acea6bb0e0b149d3,food,0.75,맛집|식당|카페
acea6bb0e0b149d3,domestic_travel,0.25,명소
be4ec92fef19a39d,food,0.25,맛집
2433ae054999f125,food,0.38,맛집|방문
5495ff0684d4fd5e,food,1.00,맛집|카페|디저트|추천|핫플|데이트
5495ff0684d4fd5e,domestic_travel,0.38,추천|데이트|핫플
3eeb83e94f97b994,food,0.25,맛집
f2b4013fe2f4d33d,food,0.25,내돈내산
a984f399a6ac49da,food,1.00,맛집|메뉴|카페|디저트|데이트
80f5bb0012f28162,food,0.38,맛집|추천
7d6ff81b9f1f5c02,food,0.63,맛집|고기|방문
a1f63d66cc9afded,food,1.00,맛집|점심|저녁|핫플|데이트
a1f63d66cc9afded,domestic_travel,0.50,가볼만한곳|데이트|핫플
e2cc5b9994c2bd29,food,0.50,맛집|메뉴
81debeb54df26195,food,0.63,맛집|파스타|데이트
81debeb54df26195,domestic_travel,0.38,가볼만한곳|데이트
9c5341ebc6f2dc75,food,1.00,맛집|식당|점심|저녁|추천
9c5341ebc6f2dc75,domestic_travel,0.38,가볼만한곳|추천
cfc936072e4a9b44,food,0.75,맛집|식당|메뉴
90784687ab701130,food,1.00,맛집|메뉴|내돈내산|웨이팅|추천|후기
90784687ab701130,domestic_travel,0.25,추천|후기
f765ac83c994dced,food,0.63,맛집|웨이팅|후기
f765ac83c994dced,domestic_travel,0.38,나들이|후기
c16966a4eb13c0ba,food,0.88,맛집|식당|내돈내산|방문
a181f8233f4a8149,food,0.75,맛집|내돈내산|추천|데이트
a181f8233f4a8149,domestic_travel,0.25,추천|데이트
c3e0bbf2144687cb,food,0.50,맛집|식당
604e44adbe82f63f,food,0.50,맛집|추천|데이트
604e44adbe82f63f,domestic_travel,0.50,가볼만한곳|추천|데이트
886ea997fcb92e5b,food,0.88,맛집|고기|술집|데이트
1ed581936e67d087,food,0.75,식당|웨이팅|방문|후기
1ed581936e67d087,domestic_travel,0.25,방문|후기
298025a641413bf1,food,1.00,맛집|점심|파스타|추천|데이트
298025a641413bf1,domestic_travel,0.25,추천|데이트
bddfc9f9c27b9e89,food,0.75,맛집|점심|저녁
e47fc82900295315,food,0.25,맛집
886262b33bb1972b,food,0.38,맛집|추천
5ef12b4d1501b01a,food,1.00,맛집|점심|저녁|핫플|데이트
5ef12b4d1501b01a,domestic_travel,0.25,데이트|핫플
b3fae0ba593cf97f,domestic_travel,0.25,축제
01cd00d10ea51a7b,food,0.75,맛집|카페|디저트
717c860781ffbdbd,food,0.75,맛집|웨이팅|추천|핫플
717c860781ffbdbd,domestic_travel,0.50,가볼만한곳|추천|핫플
fd6dc493ae9c5b7b,food,0.75,맛집|디저트|추천|핫플
fd6dc493ae9c5b7b,domestic_travel,0.50,가볼만한곳|추천|핫플
865febbd9612d3e2,food,0.88,맛집|메뉴|디저트|추천
b02d0404b10e6507,food,0.50,맛집|메뉴
7b9455aa7d8fe9c2,food,0.50,맛집|술집
06197b92322588d4,food,0.63,맛집|고기|방문
821e9baa14447628,food,0.88,맛집|내돈내산|웨이팅|추천
92cafb0251a1542e,food,0.50,맛집|밥집
22dde5bf0bc1c159,food,0.50,맛집|파스타
decd28920c36ad6d,food,0.88,맛집|술집|추천|핫플|데이트
decd28920c36ad6d,domestic_travel,0.38,추천|데이트|핫플
0e00197b5ea60bb8,food,0.88,맛집|카페|브런치|추천
9959e16aec876367,food,1.00,맛집|점심|저녁|밥집|추천|데이트
9959e16aec876367,domestic_travel,0.25,추천|데이트
c1b556e3125c94e6,food,0.63,맛집|내돈내산|후기
d0600e709bdf8161,food,0.88,맛집|술집|추천|핫플|데이트
d0600e709bdf8161,domestic_travel,0.38,추천|데이트|핫플
8d8a31f8ceff417a,food,0.50,맛집|추천|후기
8d8a31f8ceff417a,domestic_travel,0.25,추천|후기
ac49b95d1bb5b487,food,1.00,맛집|메뉴|카페|웨이팅|후기
fdac716d31f30754,food,0.88,맛집|식당|브런치|데이트
b8508d67414cde9c,food,0.88,맛집|식당|방문|추천|후기
b8508d67414cde9c,domestic_travel,0.38,방문|추천|후기
268bbe89f9e37964,food,0.50,맛집|점심
2d923ee5fe983454,food,1.00,맛집|점심|저녁|웨이팅|데이트
e9d502584b5d66e7,food,0.63,맛집|고기|방문
b4a7bc69b0e1912b,food,1.00,맛집|점심|브런치|추천|데이트
b4a7bc69b0e1912b,domestic_travel,0.50,가볼만한곳|추천|데이트
2bca98b226af82d3,food,0.25,맛집
d608f05deecde48c,food,0.75,맛집|술집|추천|데이트
d608f05deecde48c,domestic_travel,0.25,추천|데이트
4133dad3a524d0c1,food,0.75,맛집|고기|추천|데이트
4133dad3a524d0c1,domestic_travel,0.25,추천|데이트
0cb51e140985ea81,food,1.00,맛집|고기|내돈내산|추천|후기|핫플
0cb51e140985ea81,domestic_travel,0.38,추천|후기|핫플
32db0b751fbe91f0,food,1.00,맛집|고기|내돈내산|추천|데이트
32db0b751fbe91f0,domestic_travel,0.25,추천|데이트
42e12cd629452e21,food,0.75,맛집|파스타|추천|데이트
42e12cd629452e21,domestic_travel,0.25,추천|데이트
ce7be159d5cfeb40,food,1.00,맛집|식당|메뉴|점심|밥집|방문|추천
ce7be159d5cfeb40,domestic_travel,0.25,방문|추천
b42c8e9a1b9e8c3f,food,1.00,맛집|고기|웨이팅|추천|후기
b42c8e9a1b9e8c3f,domestic_travel,0.25,추천|후기
eefde3170e97bea0,food,0.25,맛집
6d14665712bfa94c,food,0.50,맛집|점심
593b79c441563775,food,0.38,맛집|추천
76d071f7a31209c8,food,0.88,맛집|메뉴|방문|추천|후기
76d071f7a31209c8,domestic_travel,0.38,방문|추천|후기
30b588870ef31cef,food,0.50,맛집|식당
d0c35b1996a62076,food,0.63,맛집|메뉴|방문
0dfb18facf5b7b9e,food,0.75,맛집|술집|방문|후기
0dfb18facf5b7b9e,domestic_travel,0.25,방문|후기
596f04b25bc901e2,food,0.63,맛집|웨이팅|방문
7a167f5953a594f3,food,0.88,맛집|식당|술집|후기
10d7a626a83257df,food,0.75,맛집|점심|내돈내산
02d99b2e9df706ff,food,0.63,맛집|식당|추천
89010f49bb7e6e89,food,0.25,맛집
3604203337bb9fcb,food,1.00,맛집|카페|브런치|추천|데이트
3604203337bb9fcb,domestic_travel,0.25,추천|데이트
3c962dfd8d2db00f,food,1.00,맛집|파스타|카페|브런치|내돈내산|추천|후기|데이트
3c962dfd8d2db00f,domestic_travel,0.38,추천|후기|데이트
019322f89ef2f9f4,food,0.50,맛집|추천|핫플
019322f89ef2f9f4,domestic_travel,0.25,추천|핫플
bb738c83a9bfc5a5,food,0.75,맛집|고기|추천|후기
bb738c83a9bfc5a5,domestic_travel,0.50,나들이|추천|후기
301f435756f638d6,food,0.75,맛집|술집|방문|추천
301f435756f638d6,domestic_travel,0.25,방문|추천
96c83711b6012740,food,0.25,맛집
c83c1d96375d5051,food,0.88,맛집|점심|내돈내산|추천
19cac16084d4e9b8,food,0.63,맛집|식당|후기
5cc093ff1465271f,food,0.50,맛집|식당
dd94ab9a9d4df8fe,food,0.88,맛집|카페|브런치|추천
6c0ea7de6690a8c8,food,0.75,맛집|메뉴|점심
84fde5ab26b3c8ce,food,0.88,맛집|메뉴|내돈내산|방문
4520b07c4ef6cebd,food,0.38,맛집|추천
8d62b0d203d87c61,food,0.50,맛집|내돈내산
6d7dc572692637d5,food,0.50,맛집|방문|추천
6d7dc572692637d5,domestic_travel,0.25,방문|추천
b972ec2aac819271,food,1.00,맛집|메뉴|점심|추천|후기
b972ec2aac819271,domestic_travel,0.25,추천|후기
125adef4a34e59dd,food,0.25,맛집
a220145cd34a655a,food,0.50,맛집|점심
f034924e085c2b7c,food,0.25,맛집
f070990d3dc5a965,food,0.50,맛집|술집
e40ed98f2983be74,food,0.25,맛집
e40ed98f2983be74,domestic_travel,0.25,가볼만한곳
794b470ffb43200a,food,1.00,맛집|점심|저녁|내돈내산|밥집
abdaece907866bf5,food,0.38,내돈내산|후기
1c0892c2c1b23492,food,0.38,맛집|추천
fcc4b853237d9245,food,0.38,맛집|추천
cae7cabc2ad53320,food,0.63,맛집|디저트|방문
15993d39e4f95d05,food,0.75,맛집|술집|추천|데이트
15993d39e4f95d05,domestic_travel,0.25,추천|데이트
bb45c979fe9b6966,food,1.00,맛집|카페|디저트|추천|핫플
bb45c979fe9b6966,domestic_travel,0.25,추천|핫플
e6a7e52d00b738a2,food,0.75,맛집|디저트|추천|후기
e6a7e52d00b738a2,domestic_travel,0.25,추천|후기
3845c997d7b514cd,food,1.00,맛집|점심|저녁|추천|핫플|데이트
3845c997d7b514cd,domestic_travel,0.38,추천|데이트|핫플
311c6e0fad8995f9,food,0.50,맛집|내돈내산
afb441228ba42776,food,0.25,맛집
3e30fe1b901d7fa6,food,0.25,맛집
473db974bacaaf54,food,0.75,맛집|내돈내산|방문|후기
473db974bacaaf54,domestic_travel,0.50,시장|방문|후기
6040a88a3988f85e,food,0.88,맛집|점심|카페|데이트
3294e73c7ba1db15,food,0.25,맛집
b33666e33f57fc53,food,0.50,맛집|추천|데이트
b33666e33f57fc53,domestic_travel,0.25,추천|데이트
b91afa360d7c36f1,food,0.50,맛집|점심
2d2dc54ce9a64081,food,0.63,맛집|웨이팅|방문
2d2dc54ce9a64081,domestic_travel,0.38,시장|방문
3cc5e563902819d5,food,0.75,맛집|고기|추천|후기
3cc5e563902819d5,domestic_travel,0.25,추천|후기
641bc678e8b20fdc,food,0.75,맛집|카페|추천|핫플
641bc678e8b20fdc,domestic_travel,0.25,추천|핫플
97cf3a7361bcd2df,food,0.50,맛집|추천|후기
97cf3a7361bcd2df,domestic_travel,0.25,추천|후기
6e4051e24807e4f4,food,0.25,맛집
6e4051e24807e4f4,domestic_travel,0.25,축제
0da2999e42768de0,food,1.00,맛집|파스타|내돈내산|다이닝|추천|후기
0da2999e42768de0,domestic_travel,0.25,추천|후기
0d2082902e00e836,food,0.63,맛집|내돈내산|추천
0d2082902e00e836,domestic_travel,0.38,가볼만한곳|추천
527195e1e06287fa,food,0.88,맛집|내돈내산|웨이팅|방문
fb2519bd9c62938f,food,1.00,맛집|내돈내산|밥집|추천|핫플
fb2519bd9c62938f,domestic_travel,0.25,추천|핫플
3bef6b507130d547,food,0.38,맛집|후기
92573dde7cc7f4fb,food,0.25,맛집
19727c6e6fb07bbc,food,1.00,맛집|점심|웨이팅|추천|후기
19727c6e6fb07bbc,domestic_travel,0.25,추천|후기
cf05e8b83f790c9e,food,0.38,맛집|추천
23ffacf61e434363,food,0.38,맛집|데이트
14882d18066ee7f1,food,0.38,맛집|후기
9288f8e681c46d41,food,0.25,맛집
cc25202837c2776c,food,0.50,맛집|고기
4f1a68fe5a9609d9,food,0.88,맛집|내돈내산|추천|후기|데이트
4f1a68fe5a9609d9,domestic_travel,0.38,추천|후기|데이트
99b3411a9ebd0506,food,1.00,맛집|카페|내돈내산|추천|후기|데이트
99b3411a9ebd0506,domestic_travel,0.38,추천|후기|데이트
2fa324388873b516,food,0.75,맛집|내돈내산|추천|후기
2fa324388873b516,domestic_travel,0.25,추천|후기
99946333ba95bd71,food,0.63,맛집|고기|추천
9c96e6bc37719625,food,0.25,맛집
a1aed4564ee90cfd,food,0.75,맛집|방문|추천|후기|데이트
a1aed4564ee90cfd,domestic_travel,0.50,방문|추천|후기|데이트
16556608b092a4da,food,0.50,맛집|카페
a6426d2b2cb4ae8d,food,0.75,맛집|고기|추천|데이트
a6426d2b2cb4ae8d,domestic_travel,0.25,추천|데이트
8a29c92e7726ea33,food,1.00,맛집|점심|술집|추천|데이트
8a29c92e7726ea33,domestic_travel,0.25,추천|데이트
d4b230e925dbc6ef,food,0.38,맛집|추천
9ff395e87661c092,food,0.63,맛집|점심|방문
dbb8ae6a53912314,food,0.63,맛집|내돈내산|추천
3a11a817e25761e1,food,0.63,맛집|추천|핫플|데이트
3a11a817e25761e1,domestic_travel,0.38,추천|데이트|핫플
9ad5e8c2723d7540,food,0.50,맛집|추천|데이트
9ad5e8c2723d7540,domestic_travel,0.25,추천|데이트
6c0b36e559cd8eff,food,0.50,맛집|내돈내산
db09b1f456577be3,food,0.75,맛집|메뉴|핫플|데이트
db09b1f456577be3,domestic_travel,0.50,나들이|데이트|핫플
e92e61b6bcb9644f,food,1.00,맛집|점심|술집|추천|핫플|데이트
e92e61b6bcb9644f,domestic_travel,0.38,추천|데이트|핫플
645c497c01a875a0,food,0.63,맛집|내돈내산|데이트
5fc41a86ec86a746,food,0.63,맛집|내돈내산|후기
a9435efea3e833ca,food,1.00,맛집|식당|고기|방문|후기
a9435efea3e833ca,domestic_travel,0.25,방문|후기
ed6130348952cea9,food,0.25,맛집
0c2077599ad0e00e,food,0.38,맛집|후기
29ba33ef404f84df,food,1.00,맛집|식당|웨이팅|방문|추천|후기
29ba33ef404f84df,domestic_travel,0.63,가볼만한곳|방문|추천|후기
c14abb808c63cb02,food,0.63,맛집|술집|후기
3c5ab5c7ae15a6c6,food,0.75,맛집|내돈내산|추천|후기
3c5ab5c7ae15a6c6,domestic_travel,0.25,추천|후기
aad1ee33c74c5e91,food,1.00,맛집|다이닝|추천|후기|핫플|데이트
aad1ee33c74c5e91,domestic_travel,0.50,추천|후기|데이트|핫플
a11fcf215aa1404c,food,0.88,맛집|다이닝|추천|후기|데이트
a11fcf215aa1404c,domestic_travel,0.38,추천|후기|데이트
cd89209b0508ee73,food,0.75,맛집|추천|후기|핫플|데이트
cd89209b0508ee73,domestic_travel,0.50,추천|후기|데이트|핫플
060be76f9e94f259,food,1.00,맛집|고기|내돈내산|추천|후기
060be76f9e94f259,domestic_travel,0.25,추천|후기
4b7e51ea252d72f8,food,1.00,맛집|저녁|밥집|술집|후기|데이트
4b7e51ea252d72f8,domestic_travel,0.25,후기|데이트
49e2deb2e093e153,food,1.00,맛집|점심|내돈내산|웨이팅|방문|추천|후기
49e2deb2e093e153,domestic_travel,0.38,방문|추천|후기
8bf56ec8c0c2da10,food,1.00,맛집|점심|저녁|술집
1119ac5dc3cb41ee,food,0.50,맛집|식당
af94cedd985bf646,food,0.50,맛집|디저트
a5618b30adaef8a3,food,0.38,맛집|추천
616b59775259093a,food,0.63,맛집|고기|방문
28e0c411361063c4,food,0.50,맛집|추천|후기
28e0c411361063c4,domestic_travel,0.75,가볼만한곳|시장|추천|후기
8f879338977b9232,food,0.63,맛집|추천|핫플|데이트
8f879338977b9232,domestic_travel,0.38,추천|데이트|핫플
b5e4efe22d264683,food,0.75,맛집|식당|술집
e02e1bcd8a8adb08,food,0.63,맛집|식당|추천
52a8d7f81283acf3,food,0.88,맛집|메뉴|저녁|후기
4577a6a9d793330c,food,0.25,내돈내산
4577a6a9d793330c,domestic_travel,0.25,시장
062a1afa1ff9350e,food,0.88,맛집|디저트|추천|후기|데이트
062a1afa1ff9350e,domestic_travel,0.38,추천|후기|데이트
b90827efabe7456a,food,0.63,맛집|내돈내산|추천
2c8c0a2f65762cac,food,0.25,맛집
b34e5f6c2e5d3403,food,1.00,맛집|메뉴|저녁|내돈내산
8ca7bb44047e345f,food,0.75,맛집|카페|디저트
9a500ac248619e31,food,0.50,맛집|웨이팅
c2d18b4d1047dbf7,food,0.38,맛집|후기
748578319ff6912e,food,0.50,맛집|방문|추천
748578319ff6912e,domestic_travel,0.25,방문|추천
b4e8b6d9767bfc2d,food,1.00,맛집|점심|저녁|추천|핫플|데이트
b4e8b6d9767bfc2d,domestic_travel,0.38,추천|데이트|핫플
879c110a44dde175,food,0.88,맛집|점심|방문|추천|데이트
879c110a44dde175,domestic_travel,0.38,방문|추천|데이트
16680938911056c0,food,0.88,맛집|웨이팅|방문|추천|후기
16680938911056c0,domestic_travel,0.38,방문|추천|후기
bc44e1b8fb45317f,food,0.50,맛집|후기|데이트
bc44e1b8fb45317f,domestic_travel,0.25,후기|데이트
63465f7faa1192e9,food,0.88,맛집|식당|내돈내산|추천
c3c01de6eba4d3b9,food,0.63,맛집|고기|방문
50536e138e9817f8,food,0.75,맛집|밥집|추천|후기
50536e138e9817f8,domestic_travel,0.25,추천|후기
a422a355baad950c,food,1.00,맛집|내돈내산|웨이팅|추천|후기
a422a355baad950c,domestic_travel,0.25,추천|후기
a105fa09d6c91d5b,food,0.75,맛집|술집|추천|후기
a105fa09d6c91d5b,domestic_travel,0.25,추천|후기
c251137ab7002cb4,food,0.38,맛집|방문
2cd91d66b4ce3c79,food,0.25,맛집
6274c1b8d8fc7192,food,0.75,맛집|내돈내산|후기|데이트
6274c1b8d8fc7192,domestic_travel,0.25,후기|데이트
ecc347c38c929a62,food,0.50,맛집|추천|후기
ecc347c38c929a62,domestic_travel,0.25,추천|후기
ea2ec2ee591a7656,food,0.25,방문|추천
ea2ec2ee591a7656,domestic_travel,0.25,방문|추천
86733bc4a550fb2f,food,1.00,맛집|디저트|웨이팅|방문|추천
86733bc4a550fb2f,domestic_travel,0.25,방문|추천
0e91bc6a447d6b1f,food,0.88,맛집|카페|디저트|핫플
ff908c7624dde62c,food,0.75,맛집|방문|추천|핫플|데이트
ff908c7624dde62c,domestic_travel,0.75,가볼만한곳|방문|추천|데이트|핫플
4e9f8c367b236921,food,0.50,맛집|카페
474b44469437d846,food,0.38,맛집|방문
0e9f26d42490966a,food,0.50,맛집|방문|추천
0e9f26d42490966a,domestic_travel,0.25,방문|추천
0474111d0d1541be,food,0.75,맛집|식당|고기
e0ecde8d0b065167,food,0.25,맛집
e0ecde8d0b065167,domestic_travel,0.25,서울근교
6ca89aa2f3e35a5a,food,0.50,맛집|고기
6f335d6c1b22611a,food,0.50,맛집|고기
f8a92d2f6f9ab331,food,0.63,맛집|점심|후기
5439c05d00a65544,food,0.38,맛집|추천
cf980896ccb9ad34,food,0.25,맛집
840f96c6d1cf864b,food,0.63,맛집|밥집|데이트
1aee5e8acd098e3b,food,0.25,맛집
bfb41d7f18e49c9c,food,0.63,맛집|고기|추천
4f39e667f442fb06,food,0.25,맛집
4f39e667f442fb06,domestic_travel,0.25,가볼만한곳
e1381ce02f1a4912,food,0.50,맛집|추천|후기
e1381ce02f1a4912,domestic_travel,0.25,추천|후기
3f293358d08bc030,food,0.75,맛집|내돈내산|추천|후기
3f293358d08bc030,domestic_travel,0.25,추천|후기
eb40fd089aef2532,food,0.63,맛집|고기|후기
915827e91a458c0d,food,0.50,맛집|고기
b4685aaa4bb336d1,food,0.25,맛집
d775ade4e98d9998,food,0.38,맛집|추천
bb2fe8a6e6c847aa,food,0.63,맛집|고기|핫플
8420ddd6d6c496c0,food,0.50,맛집|방문|후기
8420ddd6d6c496c0,domestic_travel,0.25,방문|후기
0b4bcedb0c825ae3,food,0.50,맛집|식당
b439c113f8a44275,food,0.25,맛집
48577465ed69d3ac,food,0.50,맛집|웨이팅
31d83302f1407713,food,0.50,맛집|고기
d23cd24cbd39e28f,food,0.88,맛집|점심|저녁|방문
95649ba5bbd9ecb1,food,0.75,맛집|고기|방문|후기
95649ba5bbd9ecb1,domestic_travel,0.25,방문|후기
f78f2c57dd6da7ef,food,0.88,맛집|점심|내돈내산|데이트
7999a463b6600726,food,0.63,맛집|고기|추천
ab679c2b53ee1eb5,food,0.88,맛집|식당|점심|추천
66d1fb1eaab58fed,food,0.25,맛집
da14bb29bf0ba480,food,0.63,맛집|점심|방문
3a57d14b0d361c20,food,0.38,카페|데이트
a0afa80e3a058e6a,food,0.38,맛집|핫플
2936bf42e4ac9dff,food,0.25,다이닝
44969c1e473f214a,food,0.88,맛집|내돈내산|방문|추천|데이트
44969c1e473f214a,domestic_travel,0.38,방문|추천|데이트
bcd74a00af9d4f8d,food,0.88,맛집|술집|추천|핫플|데이트
bcd74a00af9d4f8d,domestic_travel,0.38,추천|데이트|핫플
c3775b87c02c249e,food,1.00,맛집|메뉴|웨이팅|방문|추천|후기|핫플|데이트
c3775b87c02c249e,domestic_travel,0.63,방문|추천|후기|데이트|핫플
7f1ee91c98cd48c3,food,0.50,맛집|점심
68698b4e7251cf21,food,0.50,맛집|점심
c1970abac068ff27,food,1.00,맛집|식당|다이닝|추천|데이트
c1970abac068ff27,domestic_travel,0.25,추천|데이트
9790fcba19be7a2c,food,0.38,맛집|후기
90b7f33adb5ede14,food,0.25,맛집
20b2921d6c001b2e,food,0.38,맛집|추천
4f7285d3cd41b7d6,food,0.25,맛집
137ca980e1c557e4,food,0.75,맛집|메뉴|고기
89e43ca3bbc835a5,food,0.63,맛집|점심|추천
e14be54f799b400b,food,0.63,맛집|식당|후기
24a9f18230f3268f,food,0.63,맛집|추천|핫플|데이트
24a9f18230f3268f,domestic_travel,0.38,추천|데이트|핫플
ce5cde2722638634,food,0.50,맛집|핫플|데이트
ce5cde2722638634,domestic_travel,0.25,데이트|핫플
7cafc1f6b506685a,food,0.88,맛집|점심|저녁|추천
2d88578f710c9e06,food,0.63,맛집|메뉴|방문
00fb8b34f8cd18b6,food,0.88,맛집|메뉴|방문|추천|데이트
00fb8b34f8cd18b6,domestic_travel,0.38,방문|추천|데이트
0a5faa91340b229f,food,0.38,맛집|데이트
0dab865cc78ece61,food,0.38,맛집|데이트
43b954ce5ac5aa57,food,0.38,맛집|후기
6a1c2c00b41ae8c1,food,1.00,맛집|식당|밥집|방문|추천|후기
6a1c2c00b41ae8c1,domestic_travel,0.38,방문|추천|후기
88c245099ff1a0c3,food,0.25,맛집
75f630160a45aacf,food,0.63,맛집|추천|후기|데이트
75f630160a45aacf,domestic_travel,0.63,시장|추천|후기|데이트
76215964a32918b8,food,0.25,맛집
acac3dbffd0a55ae,food,0.88,맛집|내돈내산|웨이팅|후기
81cb292cf46f5c17,food,1.00,맛집|내돈내산|웨이팅|추천|후기
81cb292cf46f5c17,domestic_travel,0.25,추천|후기
04b59abdcde29e2e,food,0.88,맛집|밥집|추천|핫플|데이트
04b59abdcde29e2e,domestic_travel,0.38,추천|데이트|핫플
ded4db0fff088074,food,0.25,맛집
ed18dbb2851c3dea,food,0.88,맛집|고기|추천|핫플|데이트
ed18dbb2851c3dea,domestic_travel,0.38,추천|데이트|핫플
c58b5388b67fb190,food,0.38,맛집|추천
f313c12f062ec608,food,0.38,맛집|추천
9257d022425fb350,food,0.38,맛집|추천
8e58b9aec5dc8291,food,0.63,메뉴|웨이팅|방문
cb769a21c1428f54,food,0.75,맛집|메뉴|점심
af6d4b70cea67157,food,0.63,맛집|메뉴|후기
860cf37b8b51720a,food,0.25,맛집
e35790c1553cc08a,food,0.50,맛집|후기|데이트
e35790c1553cc08a,domestic_travel,0.25,후기|데이트
318a6aadaac82655,food,0.38,맛집|후기
940652216f8abdb7,food,0.50,맛집|메뉴
3198467130d2c074,food,0.63,맛집|점심|추천
6580d11ac04f450c,food,1.00,맛집|메뉴|고기|술집
94d4b594bc4beff8,food,0.25,맛집
2ef99767a7adcce8,food,0.50,맛집|추천|데이트
2ef99767a7adcce8,domestic_travel,0.25,추천|데이트
362b1b07682159b1,food,0.63,맛집|식당|추천
c15e679b899ce38e,food,0.25,맛집
3edc0bcae9c972c6,food,0.75,맛집|웨이팅|추천|데이트
3edc0bcae9c972c6,domestic_travel,0.25,추천|데이트
69dde69f47f2bf8b,food,1.00,맛집|점심|저녁|라멘|밥집|추천|데이트
69dde69f47f2bf8b,domestic_travel,0.50,가볼만한곳|추천|데이트
d5af2377b0564870,food,0.63,맛집|밥집|데이트
b97d1e773b02df61,food,0.50,맛집|식당
695f0732575efee6,food,0.38,맛집|후기
d271cb11fee3ca5f,food,0.63,맛집|술집|데이트
08e8da89604abad9,food,1.00,맛집|고기|카페|브런치|추천
08e8da89604abad9,domestic_travel,0.38,가볼만한곳|추천
f6a651843a3aefb0,food,0.50,맛집|추천|데이트
f6a651843a3aefb0,domestic_travel,0.25,추천|데이트
9945b6d63121b7fd,food,0.38,맛집|추천
153b35c67c92a7b9,food,0.75,맛집|카페|방문|후기
153b35c67c92a7b9,domestic_travel,0.25,방문|후기
7373c1b842770e80,food,0.75,맛집|고기|추천|데이트
7373c1b842770e80,domestic_travel,0.25,추천|데이트
1c192c6b6fdc855f,food,0.50,맛집|웨이팅
e669b3c6fc5afb1c,food,1.00,맛집|저녁|밥집|추천|후기|데이트
e669b3c6fc5afb1c,domestic_travel,0.38,추천|후기|데이트
b2d81130194a5f9a,food,0.63,맛집|내돈내산|후기
13e83bc866924a2c,food,0.75,맛집|점심|저녁
4e8c6e43621dfc0d,food,0.63,맛집|내돈내산|추천
4e8c6e43621dfc0d,domestic_travel,0.38,시장|추천
8d5a564b09472d19,food,1.00,맛집|메뉴|점심|내돈내산|방문|추천|후기
8d5a564b09472d19,domestic_travel,0.38,방문|추천|후기
f774afba870bfeb3,food,0.75,맛집|파스타|술집
4f7abf744024db23,food,0.50,맛집|고기
89e4f5c97b65af78,food,0.63,맛집|술집|추천
65e299aa93e6ca9d,food,0.75,맛집|파스타|내돈내산
045e760af1e33d27,food,0.88,맛집|메뉴|저녁|추천
de2b26004943ded2,food,1.00,맛집|고기|웨이팅|술집|데이트
acc2a15c401ebe6e,food,0.38,맛집|추천
c82b1725f14068cd,food,0.50,맛집|방문|후기
c82b1725f14068cd,domestic_travel,0.25,방문|후기
11bd4343cebd79e3,food,0.88,맛집|점심|방문|추천|데이트
11bd4343cebd79e3,domestic_travel,0.38,방문|추천|데이트
ab6642ff2d42018e,food,0.25,맛집
863866874209bedb,food,0.63,맛집|추천|핫플|데이트
863866874209bedb,domestic_travel,0.63,가볼만한곳|추천|데이트|핫플
718266ea5ec56cc4,food,1.00,맛집|점심|웨이팅|추천|후기
718266ea5ec56cc4,domestic_travel,0.25,추천|후기
59e0a0ce2d61cb7d,food,0.63,맛집|라멘|추천
86f92da3cd7eb488,food,0.38,맛집|추천
f0522d71380e1425,food,0.88,맛집|고기|파스타|데이트
6d8c94267c08f213,food,0.63,맛집|내돈내산|추천
5e7e4b813c7bf0c0,food,0.63,맛집|방문|추천|후기
5e7e4b813c7bf0c0,domestic_travel,0.38,방문|추천|후기
5bbdc138a9cb3ad4,food,0.75,맛집|내돈내산|추천|후기
5bbdc138a9cb3ad4,domestic_travel,0.25,추천|후기
55e74fa76e4b8b7e,food,0.75,맛집|방문|추천|후기|데이트
55e74fa76e4b8b7e,domestic_travel,0.50,방문|추천|후기|데이트
fbdbb48fc7f7c7b0,food,0.25,맛집
72409945ba647ff7,food,1.00,맛집|카페|내돈내산|방문|추천
72409945ba647ff7,domestic_travel,0.25,방문|추천
813ab2c9204bfc12,food,1.00,맛집|식당|저녁|추천|후기|핫플
813ab2c9204bfc12,domestic_travel,0.38,추천|후기|핫플
fc946d7780476123,food,0.38,맛집|추천
a25873fd74c1d98d,food,0.50,맛집|고기
195ba90fedaa7273,food,0.75,맛집|내돈내산|방문|후기
195ba90fedaa7273,domestic_travel,0.50,시장|방문|후기
fa9738ed7ba67688,food,0.50,맛집|카페
cd71ff907fd1bd52,food,0.50,맛집|술집
22a34ce4a3b1b03a,food,0.88,맛집|식당|술집|데이트
26296bf6e3eecc61,food,0.50,맛집|식당
3df107ec66ebd90c,food,1.00,맛집|메뉴|점심|저녁|고기|방문|추천|데이트
3df107ec66ebd90c,domestic_travel,0.38,방문|추천|데이트
36c4b85d6cdde6e0,food,0.63,맛집|고기|후기
8e5d4e7ade4597e1,food,0.50,맛집|고기
d4d6e8e2115b1b56,food,0.25,맛집
6682644f2d9a7c5d,food,0.50,맛집|추천|후기
6682644f2d9a7c5d,domestic_travel,0.25,추천|후기
ca70fbaaf438e20c,food,1.00,맛집|식당|고기|추천|핫플|데이트
ca70fbaaf438e20c,domestic_travel,0.38,추천|데이트|핫플
38e673dceaef749e,food,0.50,맛집|추천|데이트
38e673dceaef749e,domestic_travel,0.25,추천|데이트
9e41f8cb1276f420,food,0.50,맛집|방문|추천
9e41f8cb1276f420,domestic_travel,0.25,방문|추천
f7da99ef9be9fce9,food,0.25,맛집
7c073d796ce878b6,food,0.25,맛집
d11429ec2a6bb736,food,0.88,맛집|메뉴|라멘|후기
d5469c9c424c7e08,food,0.25,맛집
d5469c9c424c7e08,domestic_travel,0.25,시장
a7bb29cc5b2bf3cd,food,0.63,맛집|식당|후기
cbbb790a96d1cadf,food,0.75,맛집|웨이팅|방문|후기
cbbb790a96d1cadf,domestic_travel,0.25,방문|후기
3c6e19f4275ac4ca,food,0.50,맛집|후기|데이트
3c6e19f4275ac4ca,domestic_travel,0.25,후기|데이트
a4a00f2b4838da9d,food,0.75,맛집|점심|내돈내산
6ed3a4ca6e0ac1df,food,0.38,맛집|데이트
8b41ebf11fd87453,food,0.38,웨이팅|방문
038fdf5a9d30d192,food,0.38,카페|핫플
2076a9e8562fea67,food,0.38,맛집|후기
a183c57122a12c4b,food,0.50,맛집|추천|데이트
a183c57122a12c4b,domestic_travel,0.25,추천|데이트
6c2febdc9ebdeeea,food,0.38,맛집|데이트
9247a7a426c5346b,food,0.50,맛집|브런치
0b333fa7f2f60cda,food,0.50,맛집|술집
6bfd384b1c692fa9,food,0.50,맛집|추천|핫플
6bfd384b1c692fa9,domestic_travel,0.25,추천|핫플
c1de054adb9e7907,food,0.25,맛집
b2effb7094a8289b,food,0.75,맛집|내돈내산|추천|후기
b2effb7094a8289b,domestic_travel,0.25,추천|후기
e924c8f5b619ac13,food,0.63,맛집|술집|후기
b9f0d457d929ddd4,food,0.38,맛집|방문
7e3fd1de473c53bf,food,0.25,맛집
42b3743cf724c702,food,0.50,맛집|식당
c335bae05ceb898e,food,1.00,맛집|메뉴|카페|술집|추천|후기|핫플|데이트
c335bae05ceb898e,domestic_travel,0.75,가볼만한곳|추천|후기|데이트|핫플
34d5051d8e2b32ff,food,0.88,맛집|브런치|방문|추천|데이트
34d5051d8e2b32ff,domestic_travel,0.38,방문|추천|데이트
8acb6e9282b06d63,food,0.50,맛집|다이닝
747412b09d2aef22,food,0.50,맛집|점심
439c282d31fa1b44,food,0.63,맛집|방문|추천|후기
439c282d31fa1b44,domestic_travel,0.38,방문|추천|후기
26bca5507ebf6e5b,food,0.50,맛집|웨이팅
421d2b46b1628302,food,0.63,맛집|내돈내산|후기
59160f8f8d852001,food,0.63,맛집|웨이팅|추천
ad31da0cfab47120,food,0.63,맛집|술집|후기
c351a0b498e42fe9,food,0.63,맛집|방문|추천|후기
c351a0b498e42fe9,domestic_travel,0.38,방문|추천|후기
c36138f598c3ea3c,food,0.63,맛집|고기|추천
b9b560dd6b6390b4,food,0.50,맛집|내돈내산
c9300cc594b6acab,food,0.75,맛집|추천|후기|핫플|데이트
c9300cc594b6acab,domestic_travel,0.50,추천|후기|데이트|핫플
d5d2d2bef479b425,food,1.00,맛집|점심|카페|브런치|내돈내산|방문|후기
d5d2d2bef479b425,domestic_travel,0.25,방문|후기
da79a8c6dbb700d9,food,0.88,맛집|점심|라멘|핫플
331f837f604e4d65,food,0.50,맛집|웨이팅
056b14a424103418,food,0.25,저녁
056b14a424103418,domestic_travel,0.25,바다
e4d629672b4f1429,food,0.63,맛집|식당|추천
b39a71825b767347,food,0.50,맛집|방문|추천
b39a71825b767347,domestic_travel,0.25,방문|추천
2bae4c822e3c9957,food,0.63,맛집|카페|핫플
2bae4c822e3c9957,domestic_travel,0.38,가볼만한곳|핫플
37f6554c3825e95b,food,0.25,맛집
7371b81d27360221,food,0.75,맛집|식당|방문|후기
7371b81d27360221,domestic_travel,0.25,방문|후기
2b0678f2c2c1dd6b,food,0.25,맛집
9a87ba6bc402c3be,food,1.00,맛집|메뉴|술집|추천|데이트
9a87ba6bc402c3be,domestic_travel,0.75,가볼만한곳|시장|추천|데이트
8b239a7b3b6d6e47,food,0.25,맛집
0234c65fae0638a2,food,0.25,웨이팅
506d3916d5dc1b7d,food,1.00,맛집|내돈내산|웨이팅|방문|추천|후기
506d3916d5dc1b7d,domestic_travel,0.38,방문|추천|후기
c77ea385b3cc35de,domestic_travel,0.50,국내여행|바다
0fd1a3fed903000f,domestic_travel,0.25,국내여행
896149951c9f6eb0,food,0.25,저녁
896149951c9f6eb0,domestic_travel,0.25,명소
a3e2c31d8520e4df,food,0.25,카페
a3e2c31d8520e4df,domestic_travel,0.25,숙소
115947b858b1a826,food,0.25,추천|후기
115947b858b1a826,domestic_travel,0.75,국내여행|가볼만한곳|추천|후기
77a59b47712fae67,food,0.38,카페|후기
77a59b47712fae67,domestic_travel,0.38,국내여행|후기
47763ec4d0261680,domestic_travel,0.88,국내여행|가볼만한곳|명소|추천
d00ffe0a9e9808ce,domestic_travel,0.25,숙소
a4d8bbb30bb67435,domestic_travel,0.38,국내여행|추천
f10458891c0916ed,domestic_travel,0.25,시장
6796e2478fbbd289,domestic_travel,0.38,국내여행|방문
b0b2cc8b1ca8b1d7,domestic_travel,0.38,명소|추천
ee20027054d626b2,domestic_travel,0.25,숙소
4cb12e640b9810cd,domestic_travel,0.38,국내여행|추천
a6097fb4b2df79a8,domestic_travel,0.88,국내여행|가볼만한곳|명소|추천
c5c4b7e5c512ccc6,domestic_travel,1.00,국내여행|주말여행|가볼만한곳|숙소|추천
0b6cc0729178d421,food,0.25,추천|후기
0b6cc0729178d421,domestic_travel,0.50,국내여행|추천|후기
707996edd8ff90aa,domestic_travel,0.75,국내여행|가볼만한곳|축제
b3e9e336516cb721,domestic_travel,0.25,국내여행
279d5d27fc9a5030,domestic_travel,0.38,국내여행|추천
bd8873e0b8a4e656,domestic_travel,0.63,국내여행|가볼만한곳|추천
c9c726eddf779094,domestic_travel,0.50,국내여행|바다
18f97b9a01b3466d,domestic_travel,0.38,국내여행|추천
3de55f570e3ca3c4,domestic_travel,0.25,국내여행
163fd5b3f6870200,domestic_travel,0.88,국내여행|가볼만한곳|명소|추천
53032d01084cc449,food,0.25,카페
53032d01084cc449,domestic_travel,0.25,당일치기
d9d1f5790d73fca2,domestic_travel,0.25,국내여행
bcf82522bf30fc83,domestic_travel,0.25,국내여행
40129b2cf2bb121a,domestic_travel,0.63,국내여행|명소|추천
5cd64178fd13bd43,domestic_travel,0.50,국내여행|축제
bd6878110d9c5a46,domestic_travel,0.88,국내여행|가볼만한곳|바다|추천
4ca33b55525ec4ce,food,0.38,추천|후기|데이트
4ca33b55525ec4ce,domestic_travel,1.00,국내여행|주말여행|서울근교|여행코스|숙소|추천|후기|데이트
692d60cb59026d68,domestic_travel,0.25,숙소
760c55d4b10494a8,domestic_travel,1.00,국내여행|서울근교|축제|명소|추천
fbad09da0cd1a971,domestic_travel,0.38,국내여행|추천
56821f65f8db6f50,domestic_travel,1.00,국내여행|가볼만한곳|시장|나들이|데이트
e8d93720bd3d45df,domestic_travel,0.50,당일치기|나들이
f3391d62ba10b6a6,domestic_travel,0.38,국내여행|추천
249d51e662b2784c,domestic_travel,0.25,국내여행
a51dcfbc26955ec9,food,0.63,맛집|카페|추천
a51dcfbc26955ec9,domestic_travel,0.63,국내여행|가볼만한곳|추천
8b8c7440bea1b801,food,0.38,카페|추천
8b8c7440bea1b801,domestic_travel,0.63,국내여행|가볼만한곳|추천
cdbd17878792799d,food,0.38,식당|후기
e2d201b95e58da3b,domestic_travel,0.63,국내여행|가볼만한곳|추천
3eefb9add7a39aa9,food,0.38,맛집|후기
3eefb9add7a39aa9,domestic_travel,0.63,국내여행|가볼만한곳|후기
e1546ea6797aa02b,domestic_travel,0.25,축제
c76d1fb9e80c16e9,food,0.38,맛집|후기
338e3c451f94b0bd,food,0.25,추천|데이트
338e3c451f94b0bd,domestic_travel,1.00,국내여행|가볼만한곳|축제|나들이|추천|데이트
6ff75acdd0b63d03,domestic_travel,0.25,국내여행
6dca024fd86381d8,domestic_travel,0.25,국내여행
2fe2b068a8a2a8f4,domestic_travel,0.25,국내여행
427980c7b6b06a81,food,0.25,추천|후기
427980c7b6b06a81,domestic_travel,0.50,국내여행|추천|후기
309e260f7dc5580a,domestic_travel,0.38,숙소|추천
16c967d3cf4475bf,domestic_travel,0.38,국내여행|추천
b9fbd1ccc7b99c46,food,0.88,맛집|카페|웨이팅|방문
b9fbd1ccc7b99c46,domestic_travel,0.38,국내여행|방문
911215da1bb93eca,domestic_travel,0.88,국내여행|여행코스|숙소|추천
2ea0f0fe4f79e1ff,food,0.38,카페|후기
2ea0f0fe4f79e1ff,domestic_travel,1.00,국내여행|가볼만한곳|나들이|명소|후기
1aa4c148378c41bb,food,0.50,카페|추천|데이트
1aa4c148378c41bb,domestic_travel,1.00,국내여행|당일치기|여행코스|추천|데이트
52b4262f47a3b8b6,food,0.63,카페|디저트|추천
0cdb879495d281c8,food,0.25,추천|데이트
0cdb879495d281c8,domestic_travel,1.00,국내여행|가볼만한곳|나들이|추천|데이트
e282d32eb7098355,food,0.50,맛집|추천|데이트
e282d32eb7098355,domestic_travel,0.50,국내여행|추천|데이트
ee82cdb0fe46a32b,domestic_travel,0.25,바다
45dbe7ec71c129c8,domestic_travel,0.88,국내여행|가볼만한곳|나들이|추천
37ade8926e983155,domestic_travel,0.25,국내여행
82267c621cc5bd3a,domestic_travel,0.38,국내여행|추천
b85b532fef05aa4e,domestic_travel,0.63,국내여행|숙소|추천
6b016ab62dd20b55,domestic_travel,0.38,축제|후기
0b84c761c4f985e4,domestic_travel,0.25,국내여행
11437054b6a509b1,domestic_travel,1.00,국내여행|가볼만한곳|축제|나들이|명소|추천
ee22bfaf07f96dc7,food,0.25,추천|데이트
ee22bfaf07f96dc7,domestic_travel,1.00,국내여행|나들이|명소|추천|데이트
eee15d075e1881a9,food,0.25,추천|후기
eee15d075e1881a9,domestic_travel,0.50,국내여행|추천|후기
7a16448bbea7497c,food,0.38,내돈내산|추천
7a16448bbea7497c,domestic_travel,0.88,국내여행|가볼만한곳|명소|추천
ab625cbf2eb09450,domestic_travel,0.63,국내여행|가볼만한곳|핫플
cdef14caa9fd2023,domestic_travel,0.25,국내여행
71d29ba8917f0f77,food,0.25,추천|데이트
71d29ba8917f0f77,domestic_travel,1.00,국내여행|당일치기|서울근교|추천|데이트
dafb2749a98a7a1c,domestic_travel,0.63,국내여행|명소|추천
642adc8f34d8d53f,food,0.25,추천|데이트
642adc8f34d8d53f,domestic_travel,1.00,국내여행|주말여행|가볼만한곳|축제|추천|데이트
2aa21c1ccf196346,food,0.88,맛집|카페|브런치|후기
2aa21c1ccf196346,domestic_travel,0.38,국내여행|후기
b55097a3728bbed3,domestic_travel,1.00,국내여행|당일치기|서울근교|가볼만한곳|추천
9a8b610a9238e216,food,0.25,추천|데이트
9a8b610a9238e216,domestic_travel,1.00,국내여행|여행코스|명소|추천|데이트
57b9054bacc34e8e,domestic_travel,0.25,국내여행
70931ec89935e5d9,food,0.50,고기|카페
70931ec89935e5d9,domestic_travel,0.50,국내여행|나들이
b020b92cb65f4ca2,domestic_travel,0.25,국내여행
e0389571ddb0f351,food,0.38,카페|추천
e0389571ddb0f351,domestic_travel,1.00,국내여행|가볼만한곳|축제|나들이|명소|추천
fa52ffaba9fcf2fd,food,0.75,맛집|디저트|추천|후기
fa52ffaba9fcf2fd,domestic_travel,0.75,국내여행|시장|추천|후기
aca35ee9dbffb461,domestic_travel,1.00,국내여행|주말여행|여행코스|숙소|추천
8b4a40ce747fa347,food,0.25,점심
862259e23806afef,food,0.50,맛집|고기
862259e23806afef,domestic_travel,0.25,국내여행
f603de06d35bd44d,domestic_travel,1.00,국내여행|가볼만한곳|여행코스|명소|추천
a6513b13628d0ded,domestic_travel,0.63,국내여행|당일치기|추천
1f63046e35f921dc,domestic_travel,0.25,숙소
5641eed08f4f89ea,domestic_travel,0.25,바다
e947c3d8de9a6eba,domestic_travel,0.25,국내여행
37c4f9855564f11b,food,0.75,맛집|카페|후기|데이트
37c4f9855564f11b,domestic_travel,1.00,국내여행|주말여행|바다|해변|후기|데이트
348855daf78aa9be,domestic_travel,0.38,국내여행|후기
9ec1653ac88a3536,food,0.25,맛집
9ec1653ac88a3536,domestic_travel,0.25,국내여행
b282912571643b95,domestic_travel,0.38,국내여행|추천
ecbbe9a403bc9a0d,food,0.50,맛집|디저트
ecbbe9a403bc9a0d,domestic_travel,0.25,국내여행
ea7470fb31d5a7e8,domestic_travel,0.25,국내여행
42f63724d1c45e52,domestic_travel,1.00,국내여행|가볼만한곳|축제|명소|추천
79718b875dfa4133,food,0.25,맛집
79718b875dfa4133,domestic_travel,0.50,국내여행|나들이
d257042dc6cf13a1,domestic_travel,0.38,국내여행|추천
414aef800706897f,domestic_travel,0.38,국내여행|추천
b6599ba273598641,food,0.25,추천|데이트
b6599ba273598641,domestic_travel,1.00,국내여행|가볼만한곳|바다|명소|추천|데이트
218cd52028314fbd,domestic_travel,0.38,국내여행|추천
d7b01882d47c1adc,domestic_travel,0.75,바다|해변|명소
a3b9cdd481be472f,domestic_travel,0.25,국내여행
9140e52309afd2d9,domestic_travel,0.50,국내여행|숙소
52759106c82d62aa,food,0.25,카페
52759106c82d62aa,domestic_travel,0.50,국내여행|가볼만한곳
1851256af831f23b,food,0.63,맛집|추천|후기|데이트
1851256af831f23b,domestic_travel,1.00,국내여행|여행코스|숙소|바다|추천|후기|데이트
52e360dd3765678e,food,0.50,카페|추천|데이트
52e360dd3765678e,domestic_travel,0.75,나들이|명소|추천|데이트
29cb030660f56342,domestic_travel,1.00,국내여행|당일치기|가볼만한곳|해변|나들이|추천
a94d94dac5da0287,food,0.25,추천|후기
a94d94dac5da0287,domestic_travel,0.75,국내여행|가볼만한곳|추천|후기
40e441887ba02b9a,domestic_travel,0.50,국내여행|주말여행
b25168cf21bf875a,domestic_travel,0.25,국내여행
095ad48a5cbfcc09,domestic_travel,0.63,국내여행|가볼만한곳|추천
2f696d82df3cbe7d,domestic_travel,0.88,국내여행|가볼만한곳|명소|추천
0c64b7efaecd2e05,food,0.25,맛집
0c64b7efaecd2e05,domestic_travel,1.00,국내여행|주말여행|가볼만한곳|여행코스
84db59a28c199731,food,0.25,추천|후기
84db59a28c199731,domestic_travel,0.25,추천|후기
d0d8aeaed1c8282c,food,0.25,추천|후기
d0d8aeaed1c8282c,domestic_travel,0.50,국내여행|추천|후기
aa65da44d4a92cd4,domestic_travel,0.63,국내여행|가볼만한곳|추천
d0e3421c191c3ccf,food,0.50,맛집|식당
d0e3421c191c3ccf,domestic_travel,1.00,국내여행|당일치기|가볼만한곳|여행코스|바다|나들이|명소
383767c3165b20ce,food,0.25,추천|후기
383767c3165b20ce,domestic_travel,0.50,국내여행|추천|후기
f63c07593c9a6eb7,food,0.38,추천|후기|데이트
f63c07593c9a6eb7,domestic_travel,0.88,국내여행|명소|추천|후기|데이트
871720b9d017eeac,domestic_travel,0.63,국내여행|주말여행|추천
98f13cd8c950efbb,food,0.50,맛집|추천|후기
98f13cd8c950efbb,domestic_travel,1.00,국내여행|가볼만한곳|여행코스|추천|후기
a649b3701f66168d,domestic_travel,1.00,국내여행|가볼만한곳|숙소|바다|추천
9c3f246f6f71fbe6,domestic_travel,0.50,국내여행|가볼만한곳
3e6c7a4e720d3d5c,food,0.25,맛집
3e6c7a4e720d3d5c,domestic_travel,0.25,숙소
e2a43884402b0efd,domestic_travel,0.25,바다
b37a1955f2688503,domestic_travel,0.63,국내여행|바다|추천
4aff8438d5b0b5ec,domestic_travel,1.00,국내여행|가볼만한곳|나들이|명소|데이트
6cf13d7d43444adb,domestic_travel,1.00,국내여행|주말여행|가볼만한곳|여행코스|추천
6404ee3d93f0cb98,domestic_travel,0.25,가볼만한곳
ccfc0034399fad15,food,0.38,맛집|추천
ccfc0034399fad15,domestic_travel,0.63,국내여행|가볼만한곳|추천
7bb2d15a92346874,food,0.25,추천|데이트
7bb2d15a92346874,domestic_travel,0.75,국내여행|나들이|추천|데이트
c379eca94308708f,food,0.25,맛집
c379eca94308708f,domestic_travel,0.25,국내여행
c4ec165cc672421b,food,0.25,메뉴
ca0e9d68bd0eda77,domestic_travel,0.38,국내여행|추천
9b0928379cddddfa,food,0.25,추천|후기
9b0928379cddddfa,domestic_travel,0.25,추천|후기
69fc7a0e25ff2385,domestic_travel,0.50,국내여행|숙소
fbd8610f90c963f1,domestic_travel,0.63,국내여행|주말여행|추천
36170ba3dbbbcbbc,food,0.63,맛집|카페|후기
36170ba3dbbbcbbc,domestic_travel,0.38,국내여행|후기
f033d461ba6a95ed,food,0.25,맛집
f033d461ba6a95ed,domestic_travel,0.50,국내여행|시장
007c756e913f874c,domestic_travel,0.50,국내여행|숙소
d5250bdc86ea1d5a,food,0.63,맛집|식당|추천
d5250bdc86ea1d5a,domestic_travel,0.63,국내여행|가볼만한곳|추천
fc674f4aa65e6cbc,domestic_travel,0.25,국내여행
461c04939f3f8f3a,domestic_travel,1.00,국내여행|가볼만한곳|축제|나들이|방문
70d061afc198b61e,domestic_travel,0.25,국내여행
80f2ba8f97d6c221,domestic_travel,1.00,국내여행|가볼만한곳|축제|나들이|명소|추천
c8d237be39bc12f1,domestic_travel,0.38,국내여행|추천
65c85f7a2cf7d340,food,0.25,추천|후기
65c85f7a2cf7d340,domestic_travel,0.50,국내여행|추천|후기
03d66c3c75da1041,domestic_travel,0.88,국내여행|가볼만한곳|나들이|추천
cc0dc79cd7816786,food,0.25,추천|후기
cc0dc79cd7816786,domestic_travel,0.50,국내여행|추천|후기
965036bff671f102,domestic_travel,0.63,국내여행|당일치기|후기
a55f073751aff7be,domestic_travel,0.63,국내여행|숙소|추천
a570dddea0011533,domestic_travel,0.88,국내여행|주말여행|명소|추천
4e3e683d863a307e,domestic_travel,0.50,국내여행|축제
4e17e2538d2ad716,food,0.38,추천|후기|데이트
4e17e2538d2ad716,domestic_travel,0.63,국내여행|추천|후기|데이트
a1b28dbbb107ec59,food,0.75,내돈내산|방문|추천|후기|데이트
a1b28dbbb107ec59,domestic_travel,1.00,국내여행|주말여행|숙소|방문|추천|후기|데이트
8996410d7167c056,food,0.38,추천|후기|데이트
8996410d7167c056,domestic_travel,1.00,국내여행|축제|명소|추천|후기|데이트
cb9a36169e9801da,food,0.25,추천|후기
cb9a36169e9801da,domestic_travel,0.25,추천|후기
f2139c08cf12bc98,food,0.63,맛집|카페|추천
f2139c08cf12bc98,domestic_travel,0.38,바다|추천
8ac727e7ac6190ae,domestic_travel,0.25,국내여행
b44960a6a871e8a5,domestic_travel,0.25,국내여행
e2629e766062e160,domestic_travel,0.25,나들이
9e7bdc1c680f0268,domestic_travel,0.50,바다|해변
ba062eca448c82ba,domestic_travel,0.25,해변
e8a970d4d29d674f,domestic_travel,0.25,명소
8e2ca025f6bb0efb,food,0.25,웨이팅
8e2ca025f6bb0efb,domestic_travel,0.25,숙소
de12ffbe2dcce230,food,0.63,맛집|카페|추천
de12ffbe2dcce230,domestic_travel,1.00,국내여행|당일치기|가볼만한곳|축제|나들이|추천
95c438819a1e93c0,domestic_travel,0.63,국내여행|가볼만한곳|추천
749b558e43c6ac88,food,0.25,맛집
749b558e43c6ac88,domestic_travel,1.00,국내여행|여행코스|바다|명소
5ddb8198c42afa29,domestic_travel,0.88,국내여행|가볼만한곳|축제|추천
4a2b555af72125c0,domestic_travel,0.88,국내여행|주말여행|여행코스|추천
f580b9e2c6743340,domestic_travel,0.25,숙소
701d701d065c6fe1,domestic_travel,0.25,국내여행
e4cb3214ab52063c,domestic_travel,0.25,가볼만한곳
eee30fd141a96a28,domestic_travel,0.25,국내여행
53dcd3e3b11ec45f,food,0.25,카페
53dcd3e3b11ec45f,domestic_travel,0.25,나들이
a13162d004de20e3,food,0.38,카페|추천
a13162d004de20e3,domestic_travel,0.88,국내여행|가볼만한곳|나들이|추천
ea6dbcd1647944df,domestic_travel,0.38,국내여행|추천
34fe30949d2d6f56,domestic_travel,0.25,국내여행
8739d5dbb86083ad,domestic_travel,1.00,국내여행|가볼만한곳|나들이|명소|데이트
57302a1b1a0ee663,domestic_travel,0.63,국내여행|주말여행|추천
da961e9b14c8c3a0,domestic_travel,0.38,국내여행|추천
588b89a1fb9deef7,domestic_travel,0.63,국내여행|명소|추천
54b7d923e7895550,food,0.25,추천|핫플
54b7d923e7895550,domestic_travel,0.75,국내여행|명소|추천|핫플
80ad1bd9e0bc0394,food,0.50,카페|추천|데이트
80ad1bd9e0bc0394,domestic_travel,0.50,나들이|추천|데이트
7954c7ee81b4fd38,domestic_travel,0.38,국내여행|후기
67731591b27371c2,domestic_travel,0.38,숙소|후기
e4fa1023ecde87e3,domestic_travel,0.50,국내여행|당일치기
a66b41d7142b4fee,domestic_travel,0.25,국내여행
ba7dca773ec4ff80,domestic_travel,0.75,국내여행|가볼만한곳|축제
3f740fa0a5c542db,food,0.25,추천|데이트
3f740fa0a5c542db,domestic_travel,0.50,국내여행|추천|데이트
220e2fb72f87daac,food,0.50,카페|추천|데이트
220e2fb72f87daac,domestic_travel,1.00,국내여행|가볼만한곳|명소|추천|데이트
df7c0e566f8bc4ef,food,0.63,맛집|점심|후기
df7c0e566f8bc4ef,domestic_travel,0.63,국내여행|가볼만한곳|후기
8390fe2916283f95,food,0.25,저녁
8390fe2916283f95,domestic_travel,0.50,당일치기|숙소
ecc2618277c5701b,domestic_travel,0.88,국내여행|바다|해변|추천
0e0a233d731db020,domestic_travel,0.25,국내여행
17e0445435c48bb8,domestic_travel,0.25,국내여행
38842027f7c9acab,domestic_travel,0.38,가볼만한곳|추천
df8b3ed298374be0,domestic_travel,0.25,바다
d9522aabac0ce9a2,food,0.25,추천|데이트
d9522aabac0ce9a2,domestic_travel,1.00,국내여행|가볼만한곳|여행코스|나들이|명소|추천|데이트
066b3c6d06a9e1f7,domestic_travel,0.88,국내여행|가볼만한곳|여행코스|추천
2263d98c3d289747,domestic_travel,0.50,국내여행|바다
59ca51f4ef0d1eb4,food,0.25,추천|데이트
59ca51f4ef0d1eb4,domestic_travel,1.00,국내여행|가볼만한곳|명소|추천|데이트
365b5e1e3b150b91,food,0.25,추천|데이트
365b5e1e3b150b91,domestic_travel,1.00,국내여행|가볼만한곳|여행코스|바다|추천|데이트
d8c18494cc63a710,food,0.25,방문|핫플
d8c18494cc63a710,domestic_travel,1.00,국내여행|가볼만한곳|나들이|명소|방문|핫플
222e1ffeba7bdca4,food,0.38,맛집|추천
222e1ffeba7bdca4,domestic_travel,0.63,국내여행|가볼만한곳|추천
e079b10638718201,food,0.38,내돈내산|추천
e079b10638718201,domestic_travel,0.88,국내여행|가볼만한곳|여행코스|추천
3bd113576e50c31e,domestic_travel,0.38,국내여행|후기
29fbf86d87e043a6,domestic_travel,0.63,국내여행|나들이|추천
70e43f6a690da38a,domestic_travel,0.38,국내여행|추천
4b54a1af051492a7,food,0.25,고기
0df35383e53bf9f7,domestic_travel,0.25,명소
c66090e45e997d05,domestic_travel,1.00,국내여행|가볼만한곳|여행코스|명소|추천
e62f9196028ba75c,domestic_travel,0.38,명소|추천
70f043c14f8b01a0,food,0.75,맛집|메뉴|카페
4f3508f2a27847a4,domestic_travel,1.00,국내여행|가볼만한곳|숙소|나들이|명소|추천
5466a8a6f334c428,domestic_travel,0.50,국내여행|가볼만한곳
4b36003a856c37f6,food,0.50,맛집|점심
4b36003a856c37f6,domestic_travel,0.25,국내여행
0b362c15829ee332,domestic_travel,0.63,국내여행|당일치기|추천
b22ab53a0cac08e1,food,0.50,내돈내산|추천|후기
b22ab53a0cac08e1,domestic_travel,0.50,축제|추천|후기
6b360f467f3c4316,domestic_travel,0.25,국내여행
3141e856e9f62655,food,0.25,추천|데이트
3141e856e9f62655,domestic_travel,1.00,국내여행|가볼만한곳|나들이|명소|추천|데이트
333b5d4d3e7a8ba6,domestic_travel,0.38,국내여행|추천
95504394d9c13ab9,domestic_travel,0.63,국내여행|나들이|추천
250245577f5c3f3f,food,0.25,추천|후기
250245577f5c3f3f,domestic_travel,0.75,국내여행|서울근교|추천|후기
af483c60b7bf1f5b,food,0.38,내돈내산|추천
af483c60b7bf1f5b,domestic_travel,0.63,국내여행|숙소|추천
a37dee41fe0fe4ec,food,0.25,추천|후기
a37dee41fe0fe4ec,domestic_travel,0.50,국내여행|추천|후기
a7fba516d8d96901,domestic_travel,1.00,국내여행|당일치기|가볼만한곳|나들이
ebfd28ba62536bad,domestic_travel,0.75,국내여행|여행코스|해변
6c012130fa1c5d92,domestic_travel,0.38,국내여행|데이트
839ebd6ae46ee386,food,0.38,점심|추천
839ebd6ae46ee386,domestic_travel,0.63,국내여행|나들이|추천
48a84622da56cc77,food,0.38,메뉴|추천
fb8dd82783ba25e2,domestic_travel,0.38,축제|방문
63171a7a291bb45c,food,0.50,맛집|카페
63171a7a291bb45c,domestic_travel,0.75,국내여행|가볼만한곳|나들이
b1e9009be8929801,domestic_travel,0.75,국내여행|가볼만한곳|나들이
321d5b9b3f1c4039,domestic_travel,0.38,축제|후기
c8223adf735eb0e7,food,0.25,추천|후기
c8223adf735eb0e7,domestic_travel,0.50,국내여행|추천|후기
f505f323d9b302b9,domestic_travel,0.63,국내여행|숙소|추천
537b4b176c058cf8,domestic_travel,0.88,가볼만한곳|축제|명소|추천
7b3cd60cd2cdfbba,domestic_travel,0.75,당일치기|여행코스|시장
c22242bb124dd5e3,domestic_travel,0.50,국내여행|당일치기
203714be4b7aa101,domestic_travel,0.25,국내여행
a692b56b141ecca4,domestic_travel,1.00,국내여행|주말여행|가볼만한곳|축제|추천
e8e506fba90c9e0e,food,0.25,추천|데이트
e8e506fba90c9e0e,domestic_travel,1.00,국내여행|가볼만한곳|바다|추천|데이트
c34828860752f4a9,food,1.00,카페|브런치|내돈내산|후기|데이트
c34828860752f4a9,domestic_travel,1.00,국내여행|가볼만한곳|나들이|명소|후기|데이트
f163503620b195ef,food,0.50,식당|카페
5494ca949f9c8296,food,0.25,추천|데이트
5494ca949f9c8296,domestic_travel,1.00,국내여행|가볼만한곳|축제|나들이|명소|추천|데이트
ec4efa924c0e9f3e,domestic_travel,1.00,당일치기|가볼만한곳|바다|시장|명소|추천
e040b5e4b5789cfc,domestic_travel,0.25,바다
3cfe79ebabbcc69a,food,0.38,점심|추천
6f772b5bae4fd261,domestic_travel,0.63,국내여행|축제|추천
a4f09a843391cce0,domestic_travel,1.00,국내여행|가볼만한곳|여행코스|축제|나들이|명소|추천
87dd9497fdd73d52,food,0.25,식당
709bd2d52b2fbc0a,food,0.25,카페
709bd2d52b2fbc0a,domestic_travel,0.50,바다|해변
172593a06da4cce9,domestic_travel,0.25,국내여행
51786f083686b8a6,domestic_travel,0.63,국내여행|가볼만한곳|추천
a9acb238cd28f019,food,0.38,내돈내산|추천
a9acb238cd28f019,domestic_travel,0.38,시장|추천
01ba82578d5207f2,domestic_travel,0.50,국내여행|숙소
7e02dad5531e3862,domestic_travel,0.25,국내여행
123079e1145d792a,food,0.25,추천|후기
123079e1145d792a,domestic_travel,1.00,국내여행|숙소|바다|추천|후기
adbb7a4769158ea9,domestic_travel,1.00,국내여행|가볼만한곳|축제|명소
4553e308cb218a8b,domestic_travel,0.25,국내여행
2bb1f6501811a2ec,domestic_travel,0.63,국내여행|숙소|추천
5d085c2b8e7cf78a,domestic_travel,0.25,국내여행
d4db810954177ac3,food,0.25,방문|데이트
d4db810954177ac3,domestic_travel,0.75,바다|명소|방문|데이트
8f38933e92b4a979,domestic_travel,1.00,국내여행|당일치기|바다|해변|추천
e6a6a5fad9989179,domestic_travel,1.00,국내여행|숙소|해변|축제|추천
9d17d3b086867bb3,food,0.25,맛집
9d17d3b086867bb3,domestic_travel,0.75,국내여행|숙소|바다
c4ffd5abe47de0a3,food,0.63,카페|디저트|추천
c4ffd5abe47de0a3,domestic_travel,0.63,국내여행|가볼만한곳|추천
9a5c6ca6f0840e64,domestic_travel,0.50,국내여행|숙소
45e46699133fabf4,domestic_travel,0.38,국내여행|데이트
4d267c728f15e794,food,0.25,맛집
4d267c728f15e794,domestic_travel,0.50,국내여행|축제
223b95bd2e755130,domestic_travel,0.75,국내여행|가볼만한곳|바다
4e56304e04fb6091,food,0.50,방문|추천|후기|데이트
4e56304e04fb6091,domestic_travel,0.50,방문|추천|후기|데이트
337829c2e01aa533,domestic_travel,0.38,숙소|추천
1995520bc9ce60fb,domestic_travel,1.00,국내여행|가볼만한곳|바다|명소|추천
2d78cd55fd56938e,domestic_travel,0.75,국내여행|가볼만한곳|명소
4eba5f0265e2e9e3,food,0.25,카페
5442a730eab6dad3,food,0.63,식당|방문|추천|후기
5442a730eab6dad3,domestic_travel,0.38,방문|추천|후기
be4dbe10f9feaa23,food,0.25,방문|추천
be4dbe10f9feaa23,domestic_travel,1.00,국내여행|축제|나들이|방문|추천
245e0137ef6584f6,food,0.25,추천|후기
245e0137ef6584f6,domestic_travel,0.75,국내여행|숙소|추천|후기
f67ad1cff7073047,domestic_travel,0.63,국내여행|숙소|추천
af709cd433b8daaf,food,0.25,맛집
af709cd433b8daaf,domestic_travel,0.25,시장
c80acadeec830d01,domestic_travel,0.75,국내여행|가볼만한곳|명소
fde8c7b26fcce250,food,0.38,추천|핫플|데이트
fde8c7b26fcce250,domestic_travel,1.00,국내여행|가볼만한곳|명소|추천|데이트|핫플
eb5a8c22e68b5d66,food,0.38,고기|방문
eb5a8c22e68b5d66,domestic_travel,0.38,국내여행|방문
8471216418156308,food,0.25,추천|데이트
8471216418156308,domestic_travel,0.75,국내여행|가볼만한곳|추천|데이트
19a1edbb101b3869,food,0.38,맛집|후기
19a1edbb101b3869,domestic_travel,0.38,바다|후기
d3f44502c9c4acf6,food,0.25,핫플|데이트
d3f44502c9c4acf6,domestic_travel,0.50,국내여행|데이트|핫플
16754f508463e020,food,0.38,카페|추천
16754f508463e020,domestic_travel,0.88,국내여행|가볼만한곳|명소|추천
c8690f7dd5cdf7e0,food,0.38,추천|후기|데이트
c8690f7dd5cdf7e0,domestic_travel,1.00,국내여행|가볼만한곳|여행코스|추천|후기|데이트
5cf33be45b304d20,domestic_travel,1.00,국내여행|당일치기|가볼만한곳|나들이|명소|데이트
df249b79a78c1e65,food,0.38,추천|후기|핫플
df249b79a78c1e65,domestic_travel,0.88,국내여행|가볼만한곳|추천|후기|핫플
449b6e4aa907ba90,food,0.25,메뉴
449b6e4aa907ba90,domestic_travel,0.25,국내여행
e421ab53bc8cf6b4,food,0.75,맛집|식당|카페
e421ab53bc8cf6b4,domestic_travel,0.50,국내여행|시장
74afba94b79b48d6,food,0.50,맛집|추천|후기
74afba94b79b48d6,domestic_travel,0.75,국내여행|가볼만한곳|추천|후기
ac58431ef5a78f41,food,0.38,추천|후기|데이트
ac58431ef5a78f41,domestic_travel,1.00,국내여행|가볼만한곳|숙소|추천|후기|데이트
74a6b1e3c26e661e,food,0.25,고기
74a6b1e3c26e661e,domestic_travel,0.75,국내여행|나들이|명소
cf7ebe4bc14f79cf,food,0.25,맛집
c4f03e05ad94741e,food,0.25,방문|추천
c4f03e05ad94741e,domestic_travel,1.00,국내여행|가볼만한곳|여행코스|바다|축제|나들이|명소|방문|추천
49cf82e9cb570e4d,domestic_travel,0.25,국내여행
2abfe942298e29d3,food,0.75,맛집|라멘|추천|후기
2abfe942298e29d3,domestic_travel,0.75,국내여행|당일치기|추천|후기
8ede82e3a783b48a,food,0.25,추천|데이트
8ede82e3a783b48a,domestic_travel,0.50,국내여행|추천|데이트
6063027379acb818,domestic_travel,0.25,축제
e9a66ae414c0026c,domestic_travel,0.50,국내여행|가볼만한곳
a8461ff526421887,food,0.38,추천|핫플|데이트
a8461ff526421887,domestic_travel,1.00,국내여행|가볼만한곳|축제|나들이|추천|데이트|핫플
d9afbfae98b8bf6f,domestic_travel,0.88,국내여행|가볼만한곳|나들이|추천
7e6a291f40c5fc90,food,0.50,내돈내산|추천|후기
7e6a291f40c5fc90,domestic_travel,1.00,국내여행|가볼만한곳|숙소|추천|후기
2cce734e7b8a62d1,domestic_travel,1.00,국내여행|가볼만한곳|숙소|바다|명소
ab0e1ce20832855d,domestic_travel,0.50,국내여행|가볼만한곳
9596e66447a7bdf9,domestic_travel,1.00,국내여행|가볼만한곳|바다|나들이|명소|데이트
e4ded98245a20fb4,domestic_travel,0.50,국내여행|숙소
0568de85bbcf6277,domestic_travel,1.00,국내여행|가볼만한곳|숙소|축제|나들이|추천
5f4db313f94ba6d1,domestic_travel,0.50,국내여행|당일치기
729271737e569063,domestic_travel,0.50,국내여행|가볼만한곳
8f42ddd85e14491b,food,0.25,추천|데이트
8f42ddd85e14491b,domestic_travel,1.00,국내여행|가볼만한곳|바다|추천|데이트
d883d0e5bea5dfbd,domestic_travel,0.25,축제
2fa2a7abd921cdf9,food,0.25,추천|후기
2fa2a7abd921cdf9,domestic_travel,1.00,국내여행|가볼만한곳|바다|추천|후기
ec1393978038b4ba,food,0.50,카페|추천|데이트
ec1393978038b4ba,domestic_travel,1.00,국내여행|나들이|명소|추천|데이트
61229e143eca9239,food,0.25,맛집
61229e143eca9239,domestic_travel,0.50,국내여행|명소
5f0cfbb02e9a7953,domestic_travel,0.88,국내여행|가볼만한곳|나들이|추천
3e551bbb6438269a,food,0.38,내돈내산|후기
3e551bbb6438269a,domestic_travel,0.63,국내여행|바다|후기
07deecdcde007352,food,0.25,추천|데이트
07deecdcde007352,domestic_travel,1.00,국내여행|가볼만한곳|축제|나들이|추천|데이트
54507656516651f9,food,0.25,추천|데이트
54507656516651f9,domestic_travel,1.00,국내여행|가볼만한곳|나들이|명소|추천|데이트
05ccdf2160df92f7,domestic_travel,0.25,국내여행
3dd0257e707d668c,food,0.50,메뉴|고기
e0b086664d5064a6,food,0.25,추천|데이트
e0b086664d5064a6,domestic_travel,1.00,국내여행|서울근교|가볼만한곳|나들이|추천|데이트
19072d233f112a0c,food,0.38,방문|추천|데이트
19072d233f112a0c,domestic_travel,1.00,국내여행|가볼만한곳|축제|명소|방문|추천|데이트
497bae9d31a34c6e,food,0.75,맛집|메뉴|추천|후기
497bae9d31a34c6e,domestic_travel,0.25,추천|후기
01f07cf97088968b,domestic_travel,0.63,국내여행|가볼만한곳|추천
52fe248eb04ad0af,domestic_travel,0.38,숙소|추천
55dce327e9d99682,domestic_travel,0.50,당일치기|명소
cd762d15869558cd,food,0.38,웨이팅|후기
496caf036dacb938,food,0.25,맛집
496caf036dacb938,domestic_travel,0.50,국내여행|여행코스
288bf1e665225a6d,food,0.38,맛집|추천
288bf1e665225a6d,domestic_travel,0.38,명소|추천
992beba8b1abee5b,domestic_travel,0.63,국내여행|축제|추천
80be4640071b2467,domestic_travel,0.63,국내여행|가볼만한곳|추천
a1ac448799c015af,food,0.38,맛집|추천
a1ac448799c015af,domestic_travel,0.63,국내여행|숙소|추천
6cbe8761bed0263b,domestic_travel,0.50,국내여행|가볼만한곳
a3e28a275d814a65,food,0.25,추천|데이트
a3e28a275d814a65,domestic_travel,1.00,국내여행|주말여행|가볼만한곳|나들이|명소|추천|데이트
61d3a41ee645afc8,food,0.25,추천|데이트
61d3a41ee645afc8,domestic_travel,1.00,국내여행|가볼만한곳|명소|추천|데이트
0e9f5066763bcc69,food,0.25,추천|데이트
0e9f5066763bcc69,domestic_travel,1.00,국내여행|가볼만한곳|명소|추천|데이트
57aab4db7b490c67,food,0.25,맛집
57aab4db7b490c67,domestic_travel,0.50,국내여행|가볼만한곳
5e2225dbaf842915,domestic_travel,1.00,국내여행|숙소|축제|명소
9cbfecbaa88cc4de,domestic_travel,0.88,국내여행|가볼만한곳|나들이|추천
9d243dc778e86e74,domestic_travel,0.25,국내여행
938a1ddbe2f393dd,food,0.25,추천|후기
938a1ddbe2f393dd,domestic_travel,0.75,국내여행|숙소|추천|후기
b308ddbeb26ea124,domestic_travel,0.38,국내여행|추천
a2e9d0a052e328ef,domestic_travel,0.25,국내여행
6912203c4e0bd922,domestic_travel,0.75,국내여행|가볼만한곳|축제
ffdfc3afee802038,domestic_travel,0.75,국내여행|바다|해변
658b7442b0310db2,domestic_travel,0.63,국내여행|가볼만한곳|후기
17f37b2f38b7302c,domestic_travel,0.38,국내여행|후기
62d59faa1a248e50,domestic_travel,0.25,국내여행
dbe624276eb58ae0,food,0.25,추천|데이트
dbe624276eb58ae0,domestic_travel,1.00,국내여행|가볼만한곳|숙소|축제|추천|데이트
fbbafb067b58480d,domestic_travel,1.00,국내여행|가볼만한곳|축제|나들이|명소|추천
dc32f911ad886690,food,1.00,맛집|파스타|내돈내산|추천|후기|데이트
dc32f911ad886690,domestic_travel,0.88,당일치기|숙소|추천|후기|데이트
1c0d4f65d5d81fa0,food,0.50,맛집|방문|추천
1c0d4f65d5d81fa0,domestic_travel,1.00,국내여행|가볼만한곳|축제|나들이|방문|추천
2ca2ca7b9e9cf506,domestic_travel,0.25,국내여행
3e250101cfdc4c2d,food,0.25,추천|후기
3e250101cfdc4c2d,domestic_travel,1.00,국내여행|당일치기|주말여행|여행코스|바다|명소|추천|후기
d7c542e87d3325a5,domestic_travel,1.00,국내여행|가볼만한곳|여행코스|축제|명소|추천
29ff49ba955549af,food,0.88,맛집|식당|카페|추천
17ab3cc1b705d74a,food,0.38,맛집|데이트
17ab3cc1b705d74a,domestic_travel,0.63,국내여행|여행코스|데이트
c8ea20e72aad4d18,domestic_travel,0.25,국내여행
e7f99e1eec3f2e6e,food,0.38,맛집|추천
e7f99e1eec3f2e6e,domestic_travel,1.00,국내여행|당일치기|가볼만한곳|나들이|추천
996d4d990f618b0d,domestic_travel,0.38,가볼만한곳|추천
ef4fbae63204ceea,food,0.63,맛집|카페|추천
ef4fbae63204ceea,domestic_travel,0.63,국내여행|숙소|추천
bacf1d8e01031d34,domestic_travel,0.50,나들이|명소
40f62394cd9fb030,food,0.25,추천|데이트
40f62394cd9fb030,domestic_travel,1.00,국내여행|가볼만한곳|나들이|명소|추천|데이트
4850963b8c6dee2d,food,0.25,추천|후기
4850963b8c6dee2d,domestic_travel,0.50,국내여행|추천|후기
15dc17d8c46bc8e2,food,0.38,추천|핫플|데이트
15dc17d8c46bc8e2,domestic_travel,1.00,국내여행|당일치기|여행코스|바다|명소|추천|데이트|핫플
8b3b5901fbbe74e3,domestic_travel,0.75,국내여행|가볼만한곳|축제
3bbd88bdb668f9ab,food,0.50,방문|추천|후기|데이트
3bbd88bdb668f9ab,domestic_travel,1.00,국내여행|당일치기|서울근교|나들이|방문|추천|후기|데이트
d9dc9f8967b3ae66,domestic_travel,0.50,국내여행|가볼만한곳
4d94b87b731c59d8,food,0.25,핫플|데이트
4d94b87b731c59d8,domestic_travel,1.00,국내여행|가볼만한곳|축제|나들이|데이트|핫플
ffdf62af85ee6e60,food,0.25,라멘
ffdf62af85ee6e60,domestic_travel,0.25,국내여행
ce09f3f0c341c44a,food,0.50,맛집|메뉴
b2a832d3a0532eb4,food,1.00,맛집|식당|점심|추천|데이트
b2a832d3a0532eb4,domestic_travel,0.75,국내여행|가볼만한곳|추천|데이트
4f410a5800462b67,domestic_travel,0.25,숙소
2444e3cba5774a1f,food,0.25,맛집
2444e3cba5774a1f,domestic_travel,0.25,국내여행
dcbb6c254716b6ec,food,0.25,맛집
dcbb6c254716b6ec,domestic_travel,0.75,국내여행|시장|나들이
db84795eca31523f,domestic_travel,0.25,숙소
2821c8243c7b682e,domestic_travel,1.00,국내여행|가볼만한곳|여행코스|명소|핫플
bacabe89131436f2,domestic_travel,0.38,국내여행|방문
b736f2c6297cd5ac,domestic_travel,0.25,국내여행
c2ca4a60113cfd0c,domestic_travel,0.25,국내여행
ff5365bd31f2c30f,domestic_travel,0.38,국내여행|추천
d559bfdfd959e66f,domestic_travel,0.63,국내여행|가볼만한곳|추천
f0197a9562f0d82f,domestic_travel,0.88,숙소|바다|명소|추천
7e3fc12d3670ac4f,domestic_travel,0.25,국내여행
0d7f6269d9fcf521,food,0.25,추천|후기
0d7f6269d9fcf521,domestic_travel,0.50,당일치기|추천|후기
a5ab45aa8b2241a3,domestic_travel,0.25,축제
4b8aa1074f2e6c95,food,0.38,방문|추천|데이트
4b8aa1074f2e6c95,domestic_travel,0.88,국내여행|나들이|방문|추천|데이트
c6975e9b62f47f26,food,0.25,방문|추천
c6975e9b62f47f26,domestic_travel,0.75,국내여행|축제|방문|추천
a5218894ef10da00,food,0.25,추천|데이트
a5218894ef10da00,domestic_travel,1.00,국내여행|가볼만한곳|여행코스|축제|추천|데이트
c48945a5f0b51703,domestic_travel,0.38,가볼만한곳|추천
a2344182ed78023e,domestic_travel,0.88,국내여행|가볼만한곳|축제|추천
e08638b8d8e09c00,domestic_travel,0.25,국내여행
ee0000c0d3622b19,domestic_travel,0.38,국내여행|방문
877a8d206e368afb,food,1.00,맛집|카페|내돈내산|방문|추천|데이트
877a8d206e368afb,domestic_travel,0.38,방문|추천|데이트
5f5d3c7b76843154,domestic_travel,0.38,국내여행|추천
201d4ca2edb138b0,domestic_travel,0.50,국내여행|축제
13efeb5fba9228c5,food,0.25,방문|추천
13efeb5fba9228c5,domestic_travel,1.00,국내여행|바다|명소|방문|추천
9a3e15a9d5807797,domestic_travel,0.88,국내여행|나들이|명소|추천
eed4b5040aec9b4f,domestic_travel,0.88,국내여행|가볼만한곳|나들이|추천
d8a08ff18861264c,domestic_travel,0.75,가볼만한곳|바다|명소
03b9bd3df788b34b,domestic_travel,0.38,명소|추천
5af8c7348bbed4a6,domestic_travel,0.88,국내여행|여행코스|명소|추천
a644da046f955232,domestic_travel,0.25,바다
72c0bbd585ee493f,food,0.38,맛집|추천
72c0bbd585ee493f,domestic_travel,0.63,국내여행|가볼만한곳|추천
0dca2990b46c7250,domestic_travel,0.38,국내여행|추천
d59534f4d00afa98,domestic_travel,0.50,국내여행|명소
7044f3c7cf8fdb04,domestic_travel,0.25,명소
421e183202623c62,food,0.38,맛집|추천
421e183202623c62,domestic_travel,0.88,국내여행|여행코스|시장|추천
4f09dd5e9a6c1c0b,food,0.63,맛집|브런치|추천
4f09dd5e9a6c1c0b,domestic_travel,0.63,국내여행|가볼만한곳|추천
cc236ef74e9d8eac,food,0.25,추천|후기
cc236ef74e9d8eac,domestic_travel,0.75,국내여행|여행코스|추천|후기
fce093e41891cdf6,domestic_travel,0.25,숙소
1c7668fe467e912b,domestic_travel,0.38,바다|후기
9661e1028d17e426,food,0.63,메뉴|카페|방문
fa53050764f98a93,domestic_travel,1.00,국내여행|가볼만한곳|축제|나들이|명소|추천
2fd59d5c3aae39bc,domestic_travel,0.50,국내여행|가볼만한곳
98238d46b1dad1ae,domestic_travel,0.50,국내여행|가볼만한곳
625733b2ebaa8c6c,domestic_travel,0.25,국내여행
39f8ce1eee24178d,food,0.25,저녁
b3719026abcc5385,domestic_travel,0.50,국내여행|축제
4502a379c7012397,domestic_travel,0.75,국내여행|가볼만한곳|바다
c162c7bfe23c6660,domestic_travel,0.25,국내여행
f06538ed50b65d68,food,0.25,추천|데이트
f06538ed50b65d68,domestic_travel,1.00,국내여행|가볼만한곳|명소|추천|데이트
5abd7c6208b5fdc3,food,0.38,추천|핫플|데이트
5abd7c6208b5fdc3,domestic_travel,1.00,국내여행|당일치기|주말여행|가볼만한곳|나들이|명소|추천|데이트|핫플
cc40e7f40e17900c,food,0.25,방문|데이트
cc40e7f40e17900c,domestic_travel,0.75,국내여행|가볼만한곳|방문|데이트
e9196610c76c5f72,domestic_travel,0.25,국내여행
e073189eacea347e,domestic_travel,0.38,국내여행|후기
6433143a621488b5,food,0.38,카페|방문
d833241c1ded5c9b,domestic_travel,1.00,국내여행|주말여행|축제|나들이|추천
c37292fe4b94d848,food,0.25,추천|후기
c37292fe4b94d848,domestic_travel,0.50,국내여행|추천|후기
02906a16357888c8,domestic_travel,0.25,국내여행
5abab8d73439dd37,domestic_travel,1.00,국내여행|서울근교|가볼만한곳|여행코스|나들이|추천
dbc4637b158523c7,food,0.38,추천|후기|데이트
dbc4637b158523c7,domestic_travel,1.00,국내여행|가볼만한곳|나들이|추천|후기|데이트
8be129bac4c169a7,domestic_travel,0.38,국내여행|후기
af01cc1b5424e9a4,food,0.25,맛집
13cfcad2c4808ef1,food,0.25,추천|후기
13cfcad2c4808ef1,domestic_travel,0.50,국내여행|추천|후기
2b07590edd55cd1c,domestic_travel,0.25,숙소
0d9d6920137d6e37,domestic_travel,0.25,국내여행
471ecdaec96c1392,domestic_travel,0.50,국내여행|명소
c149fbce3b012bb7,domestic_travel,0.63,국내여행|주말여행|추천
2f66ae2aaa338df2,domestic_travel,0.25,국내여행
c4b37a5afbb6712c,food,0.25,추천|데이트
c4b37a5afbb6712c,domestic_travel,1.00,국내여행|가볼만한곳|축제|나들이|추천|데이트
eb70d987b5a68983,domestic_travel,0.75,국내여행|숙소|바다
4c487d312af71d9a,domestic_travel,0.63,국내여행|숙소|추천
af9fe177b373e1cc,domestic_travel,0.50,국내여행|가볼만한곳
6f60f78b1b5fac53,domestic_travel,0.63,국내여행|서울근교|핫플
da9b4a237850456b,food,0.25,추천|데이트
da9b4a237850456b,domestic_travel,1.00,국내여행|가볼만한곳|나들이|추천|데이트
6d9fea8d086bcf07,food,0.25,방문|추천
6d9fea8d086bcf07,domestic_travel,1.00,국내여행|가볼만한곳|명소|방문|추천
1b1d76eedda2f267,domestic_travel,1.00,국내여행|주말여행|축제|나들이
ef3bfeb21688b7c6,food,0.63,라멘|내돈내산|데이트
ef3bfeb21688b7c6,domestic_travel,0.63,국내여행|나들이|데이트
69e02ad7a4bb90ce,domestic_travel,0.88,국내여행|축제|명소|추천
d611dd0a7efea94d,domestic_travel,0.25,국내여행
9a4f0aa1d950e316,food,0.25,추천|데이트
9a4f0aa1d950e316,domestic_travel,1.00,국내여행|서울근교|가볼만한곳|나들이|명소|추천|데이트
fbf07313f7b65875,domestic_travel,1.00,국내여행|가볼만한곳|바다|명소|추천
a0a96f62dd4e673a,domestic_travel,0.25,숙소
6bc40dda326ecd18,food,0.38,맛집|추천
6bc40dda326ecd18,domestic_travel,0.63,국내여행|가볼만한곳|추천
83deb42b28e4ec88,domestic_travel,0.25,국내여행
710c2e069731a9ab,domestic_travel,0.38,국내여행|추천
3007974f3e391ca4,domestic_travel,0.25,국내여행
6e65dd3699c65f99,domestic_travel,0.25,국내여행
072af1aa5e84d2b8,domestic_travel,1.00,국내여행|가볼만한곳|여행코스|축제|나들이|명소|추천
af5799e4254122fe,food,0.25,추천|데이트
af5799e4254122fe,domestic_travel,1.00,국내여행|축제|나들이|추천|데이트
1958f33fd60716be,domestic_travel,0.25,국내여행
400aaf4d44f76241,domestic_travel,0.50,국내여행|축제
bb18eaa5ec58431b,domestic_travel,0.25,바다
07908a9d608556b6,domestic_travel,0.25,국내여행
2f30878ace1f2224,domestic_travel,0.88,국내여행|가볼만한곳|축제|추천
3f20773efe1393c7,food,0.25,밥집
3f20773efe1393c7,domestic_travel,0.50,국내여행|여행코스
92b4b125e818f3be,food,0.38,내돈내산|후기
92b4b125e818f3be,domestic_travel,0.38,국내여행|후기
e98a1974c2b1bb91,domestic_travel,0.25,국내여행
1657d5c188736b69,domestic_travel,0.88,국내여행|가볼만한곳|명소|데이트
c7419c44b502fd47,domestic_travel,0.25,축제
65e123c13c754d26,food,0.25,방문|추천
65e123c13c754d26,domestic_travel,1.00,국내여행|가볼만한곳|여행코스|축제|나들이|명소|방문|추천
38374c62470e493f,food,0.25,추천|후기
38374c62470e493f,domestic_travel,1.00,국내여행|주말여행|가볼만한곳|숙소|추천|후기
e79b1b4b4c7b2329,domestic_travel,0.25,국내여행
d3823026bec5a2e4,food,0.25,맛집
d3823026bec5a2e4,domestic_travel,0.75,숙소|축제|명소
909a74782df462da,domestic_travel,0.88,국내여행|가볼만한곳|해변|추천
306253919087ef1a,domestic_travel,0.38,나들이|추천
2f41a015718b441c,domestic_travel,0.38,국내여행|추천
488276ebd5118f15,domestic_travel,0.50,국내여행|가볼만한곳
568e6db7e5813671,domestic_travel,0.50,바다|해변
1bb1e24713dbd7a7,food,0.38,방문|추천|후기
1bb1e24713dbd7a7,domestic_travel,0.63,시장|방문|추천|후기
0b8bf4fe2e5151fe,domestic_travel,1.00,국내여행|가볼만한곳|축제|나들이|명소|데이트
601321ff3bf30c54,domestic_travel,0.25,국내여행
ac5de95cb6b1ef6b,domestic_travel,0.25,축제
5dda41cf22da6c8d,domestic_travel,0.88,국내여행|당일치기|여행코스|후기
84975d49005f7f9e,domestic_travel,0.25,바다
23f2f2bd52032f46,food,0.38,카페|추천
23f2f2bd52032f46,domestic_travel,0.38,축제|추천
32e035a7f2c4ba1f,food,0.38,맛집|추천
32e035a7f2c4ba1f,domestic_travel,0.63,국내여행|시장|추천
ff312f09a022de0b,domestic_travel,0.63,국내여행|가볼만한곳|추천
fc18557e15514781,domestic_travel,1.00,국내여행|가볼만한곳|축제|나들이
bef2746e3ec8305d,domestic_travel,1.00,국내여행|주말여행|축제|나들이|명소|추천
7db20da1519967f6,food,0.38,식당|후기
f840c359aadde640,food,0.38,방문|추천|후기
f840c359aadde640,domestic_travel,0.63,가볼만한곳|방문|추천|후기
df1f70d5792aa694,food,0.25,방문|추천
df1f70d5792aa694,domestic_travel,1.00,국내여행|여행코스|나들이|방문|추천
0d765b6208697a96,food,0.38,추천|핫플|데이트
0d765b6208697a96,domestic_travel,1.00,국내여행|가볼만한곳|축제|추천|데이트|핫플
3f21707dbe29261e,domestic_travel,1.00,국내여행|가볼만한곳|나들이|명소
669f438c8db37c43,food,0.38,추천|핫플|데이트
669f438c8db37c43,domestic_travel,1.00,국내여행|축제|나들이|명소|추천|데이트|핫플
86464e5f73c3fa4c,food,0.38,방문|핫플|데이트
86464e5f73c3fa4c,domestic_travel,1.00,국내여행|가볼만한곳|나들이|명소|방문|데이트|핫플
f3b88ed023cfa0ba,food,0.50,카페|방문|추천
f3b88ed023cfa0ba,domestic_travel,1.00,국내여행|가볼만한곳|여행코스|바다|방문|추천
23750ef16d4f1d69,domestic_travel,0.38,나들이|방문
fc07ec48bb40b7a3,domestic_travel,0.25,명소
4666346d67622b69,domestic_travel,0.25,국내여행
92a2e083e266ac3b,food,0.25,방문|후기
92a2e083e266ac3b,domestic_travel,0.50,국내여행|방문|후기
c892c3039cb35cc2,food,0.25,식당
074b6e514d419dec,food,0.50,내돈내산|추천|데이트
074b6e514d419dec,domestic_travel,0.75,국내여행|가볼만한곳|추천|데이트
7e6c1155e9a8151e,domestic_travel,0.50,국내여행|시장
0251716e1a3f15f8,domestic_travel,0.88,가볼만한곳|축제|명소|추천
43e98a67285d5edb,domestic_travel,0.88,국내여행|가볼만한곳|명소|추천
5c16e167511e5d4f,domestic_travel,0.25,국내여행
bc876d1a63202270,domestic_travel,1.00,국내여행|바다|축제|명소
17c84c7957710a1d,food,0.50,내돈내산|추천|후기
17c84c7957710a1d,domestic_travel,0.50,가볼만한곳|추천|후기
af03b5db56c4000d,domestic_travel,0.63,당일치기|가볼만한곳|추천
828c4a4e97ce95c3,domestic_travel,0.25,국내여행
8230255bf015ae4c,domestic_travel,0.88,국내여행|가볼만한곳|바다|추천
b4216574dcff8a60,food,0.25,방문|추천
b4216574dcff8a60,domestic_travel,1.00,국내여행|주말여행|명소|방문|추천
cf213c9e3f7d2c0c,domestic_travel,0.25,국내여행
84a3fe131224e41c,food,0.50,카페|추천|핫플
84a3fe131224e41c,domestic_travel,1.00,국내여행|당일치기|가볼만한곳|여행코스|시장|추천|핫플
acd5cdf27f099732,domestic_travel,0.25,국내여행
03af4f44b23ffc64,food,0.88,맛집|카페|추천|후기|데이트
03af4f44b23ffc64,domestic_travel,0.63,국내여행|추천|후기|데이트
731f9c8b650a2165,domestic_travel,0.38,바다|추천
b46b9c6f91bc6c62,domestic_travel,1.00,국내여행|가볼만한곳|축제|나들이|명소|추천
6f36ffadf520e6cb,food,0.25,추천|후기
6f36ffadf520e6cb,domestic_travel,0.75,국내여행|가볼만한곳|추천|후기
0f85b30251170932,food,0.25,방문|추천
0f85b30251170932,domestic_travel,1.00,국내여행|가볼만한곳|명소|방문|추천
afcfb9a8799817f7,domestic_travel,0.63,국내여행|가볼만한곳|추천
92c68098d49205ec,domestic_travel,0.25,국내여행
d4b8930c03635010,food,0.25,추천|데이트
d4b8930c03635010,domestic_travel,0.75,국내여행|가볼만한곳|추천|데이트
17f2080310ffb37f,domestic_travel,0.38,바다|후기
d3ac710383e49592,domestic_travel,0.50,국내여행|가볼만한곳
9df902ce89c88498,domestic_travel,0.25,축제
f6790f81270e44d8,food,0.50,맛집|추천|데이트
f6790f81270e44d8,domestic_travel,1.00,국내여행|가볼만한곳|여행코스|시장|추천|데이트
9c8e27adbf3b7e18,food,0.50,방문|후기|핫플|데이트
9c8e27adbf3b7e18,domestic_travel,1.00,국내여행|가볼만한곳|바다|명소|방문|후기|데이트|핫플
70862895ba907a5e,domestic_travel,0.75,국내여행|주말여행|가볼만한곳
3673b9f3793c20bc,domestic_travel,0.63,국내여행|숙소|추천
973b80625024aa88,domestic_travel,0.50,국내여행|숙소
8e9f92e64cffce5f,domestic_travel,0.88,국내여행|주말여행|박람회|추천
6aa04e95c7d74074,domestic_travel,0.50,국내여행|가볼만한곳
b5d14c2e6349485f,domestic_travel,0.38,축제|방문
55ab2e6772243295,food,0.50,내돈내산|추천|후기
55ab2e6772243295,domestic_travel,0.75,국내여행|숙소|추천|후기
d43827819f4d03e0,food,0.25,추천|데이트
d43827819f4d03e0,domestic_travel,1.00,국내여행|서울근교|가볼만한곳|명소|추천|데이트
8503610e62ce3fb1,domestic_travel,0.25,국내여행
32ae4b66f7f0e276,food,0.38,맛집|추천
32ae4b66f7f0e276,domestic_travel,0.88,국내여행|바다|시장|추천
98670631e723a1b6,domestic_travel,1.00,국내여행|당일치기|가볼만한곳|바다|나들이|명소|추천
8ddfae80130f4e5f,domestic_travel,0.75,국내여행|주말여행|축제
711e92e9dd8effa5,domestic_travel,0.38,국내여행|추천
d75062ec6ff5c321,domestic_travel,0.63,국내여행|바다|후기
50b94388acd46d65,food,0.88,맛집|메뉴|웨이팅|후기
50b94388acd46d65,domestic_travel,0.38,바다|후기
c33a2e862b9d2ce2,food,0.25,저녁
c33a2e862b9d2ce2,domestic_travel,0.25,숙소
32ac848748c0570c,food,0.25,방문|추천
32ac848748c0570c,domestic_travel,0.75,국내여행|해변|방문|추천
e6f8a39c96234a57,domestic_travel,0.38,바다|후기
8ab95815a5c98063,food,0.25,방문|후기
8ab95815a5c98063,domestic_travel,0.50,나들이|방문|후기
8be64ecca356c446,domestic_travel,0.25,국내여행
10623be2d92c1e5f,domestic_travel,0.63,국내여행|바다|추천
aceffbef43a11a28,domestic_travel,0.25,시장
15e1bb6d22416a35,domestic_travel,0.63,국내여행|숙소|추천
60b8f1a23a249967,food,0.63,카페|추천|핫플|데이트
60b8f1a23a249967,domestic_travel,1.00,국내여행|가볼만한곳|여행코스|명소|추천|데이트|핫플
4b0478772b4bdf13,food,0.25,카페
264cd44a3bd10cde,domestic_travel,1.00,국내여행|가볼만한곳|축제|나들이|추천
66608338d38796a7,domestic_travel,0.88,국내여행|축제|명소|추천
d7991da445a17d5c,food,0.38,추천|후기|데이트
d7991da445a17d5c,domestic_travel,0.88,국내여행|당일치기|추천|후기|데이트
e3b145d404d7c26e,food,0.38,저녁|후기
e3b145d404d7c26e,domestic_travel,0.63,국내여행|숙소|후기
dd0ba11c039f69f3,domestic_travel,0.25,국내여행
630cf1c324bbdc14,domestic_travel,0.25,국내여행
6e3b534a9d2b9cd1,food,0.25,방문|후기
6e3b534a9d2b9cd1,domestic_travel,0.50,축제|방문|후기
d1f673eb8d2a7c7b,food,0.25,추천|후기
d1f673eb8d2a7c7b,domestic_travel,0.50,바다|추천|후기
e0eafd0a291968ef,domestic_travel,0.25,국내여행
c0818f21e5b91c06,domestic_travel,1.00,국내여행|서울근교|가볼만한곳|바다|해변|나들이
a82b9da77a266e6c,food,0.38,내돈내산|후기
a82b9da77a266e6c,domestic_travel,0.88,국내여행|서울근교|숙소|후기
0b99ea963fab4e03,domestic_travel,0.88,국내여행|바다|명소|추천
ac90337ce8c9a7b4,domestic_travel,0.50,국내여행|가볼만한곳
6e50a11cf9cfdc8e,domestic_travel,0.25,국내여행
94e2c75fe662cccb,domestic_travel,0.88,국내여행|가볼만한곳|명소|추천
a73d5bef703f5ccd,domestic_travel,0.38,가볼만한곳|추천
6ca6fd6878db8b79,domestic_travel,0.25,당일치기
0b1eba47f15e6ce6,food,0.25,맛집
0b1eba47f15e6ce6,domestic_travel,0.25,국내여행
75d0716540734e21,food,0.50,카페|핫플|데이트
75d0716540734e21,domestic_travel,1.00,국내여행|당일치기|주말여행|가볼만한곳|명소|데이트|핫플
1e37da87070967ba,domestic_travel,0.38,국내여행|추천
d01c956f15c48e10,domestic_travel,0.38,국내여행|후기
0d6a5058ab814efd,domestic_travel,0.38,당일치기|방문
48e8701ce081677b,food,0.25,맛집
48e8701ce081677b,domestic_travel,0.25,국내여행
adefa655b535e910,domestic_travel,0.25,국내여행
035e113ef071eaf4,domestic_travel,0.50,국내여행|당일치기
093a35e16af955c8,food,0.25,맛집
3548178f23397aa3,domestic_travel,0.50,숙소|바다
7526316ec2a387a8,domestic_travel,0.50,국내여행|가볼만한곳
d038dae6c25c9989,domestic_travel,1.00,국내여행|숙소|축제|명소|추천
c0056057740cc8ba,domestic_travel,0.25,국내여행
c06e52d27b34b37d,domestic_travel,0.63,국내여행|축제|추천
48226681a6543284,domestic_travel,0.25,나들이
e8c46302d61d53a1,food,0.38,맛집|추천
e8c46302d61d53a1,domestic_travel,0.38,국내여행|추천
5ec783ac33d38523,domestic_travel,0.38,국내여행|추천
c459e574235d5e7f,domestic_travel,0.25,국내여행
3e214accd94793c0,domestic_travel,0.88,국내여행|가볼만한곳|축제|추천
0adecc8b40924361,food,0.25,추천|데이트
0adecc8b40924361,domestic_travel,1.00,국내여행|당일치기|가볼만한곳|여행코스|나들이|명소|추천|데이트
2f2b23dfb3380971,food,0.63,맛집|카페|데이트
2f2b23dfb3380971,domestic_travel,1.00,국내여행|숙소|바다|해변|데이트
28741e4377173d08,domestic_travel,0.63,축제|명소|추천
73df28231965f20a,domestic_travel,0.25,국내여행
f3cfcfd00dd5d832,food,0.38,맛집|추천
f3cfcfd00dd5d832,domestic_travel,1.00,국내여행|당일치기|주말여행|가볼만한곳|명소|추천
82c4902102c5f76a,domestic_travel,0.63,국내여행|가볼만한곳|추천
fd14097b9d44d457,domestic_travel,0.63,국내여행|가볼만한곳|후기
d69d728eb30eb418,domestic_travel,0.63,가볼만한곳|명소|후기
07bcceb5bd88d010,domestic_travel,0.38,국내여행|추천
def5a1a457d09195,food,0.25,맛집
46754a828d837c9e,food,0.25,추천|데이트
46754a828d837c9e,domestic_travel,1.00,국내여행|당일치기|서울근교|가볼만한곳|축제|나들이|추천|데이트
ffebbc1f18c5ac23,domestic_travel,0.63,국내여행|가볼만한곳|후기
c921cf22a1fb50f6,food,0.25,추천|후기
c921cf22a1fb50f6,domestic_travel,1.00,국내여행|주말여행|가볼만한곳|추천|후기
7d6ae57ac12ba79f,domestic_travel,0.38,명소|추천
5849c426ff12953d,food,0.25,추천|후기
5849c426ff12953d,domestic_travel,0.75,국내여행|축제|추천|후기
30c752249fb9815d,domestic_travel,0.25,시장
4740e4a4f9ca4027,domestic_travel,0.25,국내여행
4b3dd729eb8b1650,domestic_travel,0.25,국내여행
a636f9a6732270e5,food,0.25,맛집
a636f9a6732270e5,domestic_travel,0.75,국내여행|주말여행|가볼만한곳
5671098feaf5e5e4,domestic_travel,0.75,국내여행|가볼만한곳|나들이
1499c0309e2abd65,domestic_travel,0.25,축제
ba3c18f679f9b012,food,0.25,추천|데이트
ba3c18f679f9b012,domestic_travel,1.00,국내여행|가볼만한곳|여행코스|추천|데이트
e42e9bb4b0b286ea,domestic_travel,0.38,축제|추천
7eba1df95e63f358,food,0.63,식당|내돈내산|후기
7eba1df95e63f358,domestic_travel,0.38,숙소|후기
c55a454a48d14bbd,domestic_travel,0.50,국내여행|가볼만한곳
6ed768e6c77d4d84,food,0.63,카페|내돈내산|후기
6ed768e6c77d4d84,domestic_travel,0.63,국내여행|가볼만한곳|후기
2280f0caca54f50d,food,0.63,내돈내산|추천|핫플|데이트
2280f0caca54f50d,domestic_travel,1.00,국내여행|가볼만한곳|명소|추천|데이트|핫플
05d71a627195eb2e,domestic_travel,1.00,국내여행|가볼만한곳|숙소|축제|추천
df4274814663e025,food,0.25,내돈내산
df4274814663e025,domestic_travel,0.25,숙소
423896ce7754c1a1,food,0.25,핫플|데이트
423896ce7754c1a1,domestic_travel,1.00,국내여행|주말여행|가볼만한곳|여행코스|데이트|핫플
d0224056f40d2f46,domestic_travel,0.50,국내여행|가볼만한곳
8cb659641f4a71db,domestic_travel,0.25,국내여행
e13e5abee3a06e99,domestic_travel,0.25,국내여행
9370c71e2a7be49c,food,0.25,맛집
9370c71e2a7be49c,domestic_travel,0.75,국내여행|당일치기|가볼만한곳
88a7e5e9f5a5660a,domestic_travel,0.63,국내여행|숙소|추천
654402e5a54df11b,food,0.25,방문|추천
654402e5a54df11b,domestic_travel,0.50,국내여행|방문|추천
fb3868520f639513,domestic_travel,0.38,국내여행|추천
2798b67984a61a10,domestic_travel,1.00,국내여행|당일치기|바다|해변|추천
894b7efd8b971d76,food,0.25,방문|추천
894b7efd8b971d76,domestic_travel,0.25,방문|추천
96e7ae30c7b311dd,food,0.25,메뉴
96e7ae30c7b311dd,domestic_travel,0.25,국내여행
4b876ab0816870f7,food,0.50,내돈내산|추천|후기
4b876ab0816870f7,domestic_travel,0.50,국내여행|추천|후기
d311f343b797d091,domestic_travel,0.63,국내여행|가볼만한곳|방문
01cd1f257268b5b8,domestic_travel,1.00,국내여행|주말여행|가볼만한곳|축제|나들이|데이트
039c60051b1abf91,domestic_travel,0.25,국내여행
f23fc66eb963bf52,food,0.50,맛집|고기
f23fc66eb963bf52,domestic_travel,0.50,국내여행|가볼만한곳
2727393acacbde7f,domestic_travel,0.25,축제
539abcd23d9167b7,domestic_travel,0.38,국내여행|추천
98d38d7523aac055,domestic_travel,0.25,숙소
847da85e92659ccd,food,0.25,추천|후기
847da85e92659ccd,domestic_travel,0.50,숙소|추천|후기
084534095e94529f,domestic_travel,0.25,국내여행
0528bb0ecfa9041b,domestic_travel,0.25,국내여행
560c8b311d235c14,food,0.25,추천|핫플
560c8b311d235c14,domestic_travel,1.00,국내여행|가볼만한곳|바다|해변|명소|추천|핫플
d5020a6760072806,domestic_travel,0.25,국내여행
73a4666441f97b1b,domestic_travel,0.25,국내여행
58f6266c9f935566,food,0.25,추천|데이트
58f6266c9f935566,domestic_travel,1.00,국내여행|가볼만한곳|명소|추천|데이트
2a614602403a1a95,domestic_travel,1.00,국내여행|가볼만한곳|나들이|명소|추천
dae9e3594baf885e,food,0.50,맛집|식당
dae9e3594baf885e,domestic_travel,0.50,국내여행|주말여행
dd06b2121704ce9e,domestic_travel,0.25,나들이
78014f4e306b7cd5,food,0.25,추천|데이트
78014f4e306b7cd5,domestic_travel,1.00,국내여행|당일치기|주말여행|바다|시장|추천|데이트
f6e0da9f354c9487,domestic_travel,1.00,국내여행|가볼만한곳|나들이|명소|추천
f533a7e65589fad9,domestic_travel,0.88,국내여행|가볼만한곳|바다|추천
1fb4a89ab17d0664,domestic_travel,0.38,국내여행|추천
f589575eb1461624,domestic_travel,0.50,국내여행|주말여행
876b5c84ff0357ed,food,0.38,맛집|추천
876b5c84ff0357ed,domestic_travel,0.88,국내여행|가볼만한곳|여행코스|추천
0d3709e911bcd633,food,0.50,내돈내산|추천|후기
0d3709e911bcd633,domestic_travel,0.75,국내여행|가볼만한곳|추천|후기
dadf591e6f9dbf20,domestic_travel,0.63,국내여행|숙소|후기
76d0d038128d7130,food,0.25,추천|데이트
76d0d038128d7130,domestic_travel,1.00,국내여행|가볼만한곳|나들이|명소|추천|데이트
b333cb1b85a2e552,food,0.50,맛집|추천|데이트
b333cb1b85a2e552,domestic_travel,1.00,국내여행|가볼만한곳|바다|시장|추천|데이트
1d13ff7f8193de57,domestic_travel,0.63,국내여행|가볼만한곳|추천
31311c322aaeb62d,food,0.25,방문|추천
31311c322aaeb62d,domestic_travel,0.75,바다|명소|방문|추천
5a29bd6308e4601b,food,0.38,맛집|추천
5a29bd6308e4601b,domestic_travel,0.88,국내여행|가볼만한곳|나들이|추천
fe70cfcc38836de4,food,0.75,맛집|저녁|후기|데이트
fe70cfcc38836de4,domestic_travel,0.75,국내여행|가볼만한곳|후기|데이트
baa12c599be57c8d,domestic_travel,0.63,국내여행|숙소|후기
edbbfa56345b4e44,domestic_travel,0.75,국내여행|가볼만한곳|시장
81d1461594e9c132,food,0.75,맛집|디저트|추천|데이트
81d1461594e9c132,domestic_travel,0.75,국내여행|가볼만한곳|추천|데이트
7e99cc86abc81ecb,domestic_travel,0.63,국내여행|숙소|추천
9e24072ba5791e6b,domestic_travel,0.38,바다|후기
04097173de540c82,domestic_travel,0.38,국내여행|추천
c149c10239dd9efd,food,0.25,추천|데이트
c149c10239dd9efd,domestic_travel,1.00,국내여행|가볼만한곳|나들이|추천|데이트
967524051fbdb86a,food,0.63,식당|카페|후기
967524051fbdb86a,domestic_travel,0.63,당일치기|명소|후기
63db0400b33b2d02,food,0.25,맛집
63db0400b33b2d02,domestic_travel,0.25,국내여행
494c0704020c796c,domestic_travel,0.25,국내여행
59155ac7a498c44d,food,0.63,카페|내돈내산|추천
59155ac7a498c44d,domestic_travel,0.88,국내여행|당일치기|나들이|추천
1ec25ecd8aa39510,domestic_travel,0.50,국내여행|나들이
47b7a264bfce2049,domestic_travel,0.38,국내여행|추천
ac1e51c45d11f0a2,domestic_travel,0.88,국내여행|가볼만한곳|여행코스|추천
d749e47c391f31c5,food,0.25,추천|핫플
d749e47c391f31c5,domestic_travel,1.00,국내여행|가볼만한곳|축제|추천|핫플
c8be5cfea5586801,food,0.25,추천|후기
c8be5cfea5586801,domestic_travel,0.25,추천|후기
c538e5e0701231b5,domestic_travel,1.00,국내여행|가볼만한곳|축제|명소|추천
1b2ac5b8f9b76384,domestic_travel,0.88,국내여행|축제|명소|추천
f584c0708ca8f8e0,domestic_travel,0.25,가볼만한곳
62733601e3419e62,food,0.25,추천|후기
62733601e3419e62,domestic_travel,0.25,추천|후기
567e6950d2dd269b,domestic_travel,0.25,국내여행
222b07493d6f159d,domestic_travel,0.88,국내여행|숙소|해변|후기
17c3b41201991da9,domestic_travel,0.25,국내여행
bdf0595c9bd7bfa1,domestic_travel,0.63,국내여행|숙소|데이트
68569e04e6a3617f,domestic_travel,1.00,국내여행|당일치기|주말여행|명소
976b9e3d7193a96a,domestic_travel,0.88,국내여행|당일치기|주말여행|후기
e1369f454e16568d,food,0.25,추천|후기
e1369f454e16568d,domestic_travel,0.50,국내여행|추천|후기
06430f82cdb4fd13,domestic_travel,0.75,국내여행|가볼만한곳|명소
782c31f594745f5e,domestic_travel,0.25,숙소
55b01ab50d43fb69,domestic_travel,0.25,주말여행
4b537927a023a247,food,0.25,파스타
4b537927a023a247,domestic_travel,0.75,주말여행|시장|나들이
b3cd2124bacfe089,domestic_travel,0.25,당일치기
56fb1ffaa8778e79,food,0.25,추천|후기
56fb1ffaa8778e79,domestic_travel,0.25,추천|후기
f181e08460de8710,domestic_travel,1.00,당일치기|주말여행|가볼만한곳|나들이|추천
8eb51e60b31864db,domestic_travel,0.38,주말여행|추천
f8e049c6ac119f30,domestic_travel,0.25,주말여행
9bb0f4a9b7a3a70c,food,0.38,추천|핫플|데이트
9bb0f4a9b7a3a70c,domestic_travel,1.00,주말여행|서울근교|숙소|나들이|추천|데이트|핫플
927a47777f477ea6,domestic_travel,0.25,주말여행
ef13849931a8c5ae,domestic_travel,0.38,주말여행|후기
6ce8e7fafa1cb666,domestic_travel,0.25,당일치기
e380f9c71ad2ba6e,domestic_travel,0.38,주말여행|추천
a5e6d9b0b7b8ec5b,food,0.25,저녁
21db78d4a44ce88f,food,0.25,맛집
21db78d4a44ce88f,domestic_travel,1.00,주말여행|가볼만한곳|여행코스|축제|나들이|명소
a6bb7dde98f229bb,food,0.25,추천|후기
a6bb7dde98f229bb,domestic_travel,0.25,추천|후기
687282521a2e1313,domestic_travel,0.38,주말여행|추천
e506926fd58b5f61,food,0.25,방문|후기
e506926fd58b5f61,domestic_travel,0.25,방문|후기
dda33e7d82abfd54,food,0.38,저녁|추천
dda33e7d82abfd54,domestic_travel,0.38,주말여행|추천
a75626076ea1e66d,domestic_travel,0.63,주말여행|바다|추천
a78fab95d0c185b8,domestic_travel,0.50,주말여행|나들이
cad56f3caf59c5e4,food,0.25,점심
9c7bb802e4809075,domestic_travel,0.25,주말여행
a4cf1bff9cfab91f,domestic_travel,0.25,주말여행
7b4a654b6eb56c9c,domestic_travel,0.25,당일치기
e82ebf620ad7023f,domestic_travel,0.38,숙소|방문
3b0c8e8f8431af2f,domestic_travel,0.25,나들이
1cb43e3b08d7fa70,food,0.38,방문|추천|후기
1cb43e3b08d7fa70,domestic_travel,0.63,주말여행|방문|추천|후기
6f685b23af42776d,domestic_travel,0.25,가볼만한곳
94d3391124ada0ee,domestic_travel,0.75,주말여행|가볼만한곳|나들이
923666e9ddb893d9,domestic_travel,0.88,주말여행|가볼만한곳|나들이|데이트
88cdcf6e73c32431,food,0.38,추천|후기|데이트
88cdcf6e73c32431,domestic_travel,1.00,주말여행|서울근교|가볼만한곳|나들이|명소|추천|후기|데이트
556164e1d9dc9da9,domestic_travel,0.38,바다|추천
21719800fe78ea28,domestic_travel,1.00,주말여행|해변|축제|나들이|추천
2a804f1e0798c969,domestic_travel,0.50,주말여행|축제
7e169d87991dac85,domestic_travel,0.25,주말여행
0efc6a540b07563a,domestic_travel,0.25,나들이
ae67e2a096878040,domestic_travel,0.25,숙소
470d78f57767c2e6,food,0.38,점심|방문
1dafda3cd5140f6b,domestic_travel,1.00,당일치기|주말여행|서울근교|나들이|추천
dc3ad65783b783c2,domestic_travel,0.38,나들이|방문
3692a8080044ab53,domestic_travel,0.63,주말여행|명소|추천
046fbfbc31df3210,domestic_travel,0.38,숙소|후기
5d8c75450df84da8,domestic_travel,0.38,주말여행|추천
437edad76066a391,domestic_travel,0.63,당일치기|주말여행|추천
b9d415dfb15f72e2,food,0.25,저녁
b9d415dfb15f72e2,domestic_travel,0.50,축제|나들이
8ea83ed8663b9fca,domestic_travel,1.00,주말여행|가볼만한곳|여행코스|나들이|명소
17831353dd3def84,domestic_travel,1.00,주말여행|가볼만한곳|여행코스|축제|나들이
688e306ff2afb1af,domestic_travel,1.00,주말여행|서울근교|가볼만한곳|숙소|추천
b431e5abde3bcc19,domestic_travel,0.38,주말여행|추천
e92712e3d28d1e3b,domestic_travel,0.38,주말여행|추천
6a7478ab01484248,food,0.25,맛집
0785e019592b11a1,domestic_travel,0.25,나들이
01b4a3ea0d46b6e5,domestic_travel,0.25,나들이
368b7ca2904b2049,domestic_travel,0.50,주말여행|가볼만한곳
fbe77a6685955a79,domestic_travel,0.25,나들이
53676034121a3438,domestic_travel,1.00,주말여행|가볼만한곳|나들이|명소|데이트
847ae67baf4a0cd7,domestic_travel,0.25,주말여행
8c6417ae91555222,domestic_travel,0.38,숙소|추천
95b4d6a7e97106e6,domestic_travel,0.50,주말여행|나들이
faa8e9dec51961aa,food,0.25,점심
271d82eda75d7f91,domestic_travel,0.25,축제
40457dad472e617c,food,0.25,추천|데이트
40457dad472e617c,domestic_travel,0.50,주말여행|추천|데이트
d3bd31b9c24a94c0,food,0.25,맛집
d3bd31b9c24a94c0,domestic_travel,0.25,주말여행
18ed7f1b91aa24fd,domestic_travel,0.38,주말여행|추천
fe67e6023aa6c9b2,domestic_travel,1.00,주말여행|서울근교|가볼만한곳|나들이|추천
c1329ef6c25f5bc6,domestic_travel,0.25,명소
951d7c63f715c065,food,0.25,방문|추천
951d7c63f715c065,domestic_travel,0.75,서울근교|숙소|방문|추천
398e31bd6a7a8752,domestic_travel,0.38,나들이|추천
d8062aab936a147c,food,0.25,추천|데이트
d8062aab936a147c,domestic_travel,1.00,주말여행|서울근교|축제|나들이|추천|데이트
c6bfbe418735d325,food,0.38,카페|방문
f0e52849b5d604ef,food,0.25,맛집
f0e52849b5d604ef,domestic_travel,0.25,주말여행
f35290a37a52a31e,domestic_travel,0.25,주말여행
d7645ea0f4e0db82,food,0.25,방문|추천
d7645ea0f4e0db82,domestic_travel,0.50,숙소|방문|추천
99dd0e2c4ba42f35,food,0.50,맛집|추천|후기
99dd0e2c4ba42f35,domestic_travel,0.75,주말여행|여행코스|추천|후기
9fdcbd7082f2863a,domestic_travel,0.50,주말여행|나들이
74baa27c5ba46c02,domestic_travel,0.88,주말여행|가볼만한곳|나들이|추천
cfd90fee72cee546,domestic_travel,0.25,숙소
b782b6ab80de9ad5,domestic_travel,0.25,나들이
6b7b4ebd97829cc8,domestic_travel,0.38,당일치기|방문
ef68c4c1a1c08406,food,0.50,맛집|카페
ef68c4c1a1c08406,domestic_travel,0.50,주말여행|나들이
9faa973e23c433ba,domestic_travel,0.25,주말여행
1634590a086ba510,food,0.38,카페|추천
1634590a086ba510,domestic_travel,0.88,주말여행|축제|명소|추천
dc99c59e6e33f108,domestic_travel,0.25,당일치기
2649b02922aebfa1,food,0.25,방문|후기
2649b02922aebfa1,domestic_travel,0.75,주말여행|숙소|방문|후기
5b1df65781a31856,domestic_travel,0.25,주말여행
f052d120cbfe63bb,domestic_travel,0.63,주말여행|명소|방문
d59a0c57ac489868,domestic_travel,0.38,나들이|추천
9b1692a721222dab,domestic_travel,0.38,주말여행|후기
d017aab2640bf8e5,domestic_travel,0.88,주말여행|가볼만한곳|숙소|방문
c9f353e4a4336ed4,food,0.88,맛집|카페|내돈내산|데이트
c9f353e4a4336ed4,domestic_travel,0.38,서울근교|데이트
5f6d943a676b058e,food,0.25,추천|후기
5f6d943a676b058e,domestic_travel,0.25,추천|후기
b1ca24f81482713c,domestic_travel,0.25,숙소
7ca7a6c8c185cd35,domestic_travel,0.75,바다|축제|나들이
9a529e7692efda54,domestic_travel,0.88,가볼만한곳|축제|명소|추천
e79247008528b5b3,food,0.50,맛집|점심
e79247008528b5b3,domestic_travel,0.50,주말여행|바다
67d6163fbfb7d2e0,food,0.38,카페|핫플
67d6163fbfb7d2e0,domestic_travel,1.00,가볼만한곳|해변|시장|나들이|핫플
39ce88b31d3856db,domestic_travel,0.25,주말여행
14f65c3f17642c55,food,0.38,저녁|방문
df70a7ea8f9f9097,domestic_travel,0.25,축제
ab8c8d8438af862c,food,0.25,맛집
ab8c8d8438af862c,domestic_travel,0.75,주말여행|축제|나들이
2f1291e1de1a7426,domestic_travel,0.50,주말여행|숙소
c6a9a995d95dac6b,food,0.88,맛집|저녁|방문|추천|후기
c6a9a995d95dac6b,domestic_travel,1.00,국내여행|주말여행|가볼만한곳|숙소|방문|추천|후기
df1e2bcb1c6ddb0a,domestic_travel,1.00,주말여행|가볼만한곳|축제|명소
654118c96ee6d94d,food,0.25,방문|후기
654118c96ee6d94d,domestic_travel,0.75,주말여행|가볼만한곳|방문|후기
c0995159813e9b46,food,0.50,방문|추천|후기|데이트
c0995159813e9b46,domestic_travel,1.00,국내여행|주말여행|가볼만한곳|바다|명소|방문|추천|후기|데이트
8bafb1d37bf14188,food,0.50,맛집|핫플|데이트
8bafb1d37bf14188,domestic_travel,1.00,국내여행|주말여행|가볼만한곳|여행코스|데이트|핫플
7eb971f0348e2bec,food,0.25,추천|핫플
7eb971f0348e2bec,domestic_travel,1.00,국내여행|당일치기|주말여행|가볼만한곳|여행코스|추천|핫플
604384b497f797aa,domestic_travel,0.38,주말여행|추천
3783a6c34baa08d8,food,0.25,저녁
3783a6c34baa08d8,domestic_travel,0.50,축제|나들이
e78b46e2a4ed404f,food,0.25,방문|핫플
e78b46e2a4ed404f,domestic_travel,0.25,방문|핫플
6a79644482070f88,food,0.25,방문|추천
6a79644482070f88,domestic_travel,1.00,국내여행|주말여행|가볼만한곳|축제|나들이|명소|방문|추천
d206ccd25e6e3155,food,0.88,메뉴|카페|방문|추천|후기
d206ccd25e6e3155,domestic_travel,1.00,국내여행|주말여행|가볼만한곳|바다|방문|추천|후기
38dbdc353c509fbc,food,0.25,추천|후기
38dbdc353c509fbc,domestic_travel,1.00,국내여행|당일치기|주말여행|가볼만한곳|명소|추천|후기
5b4c663ce4e5da4d,domestic_travel,0.25,주말여행
712b79c1552a829b,domestic_travel,1.00,국내여행|주말여행|가볼만한곳|바다|명소
0cd261fe1d820c10,domestic_travel,1.00,국내여행|당일치기|주말여행|서울근교|추천
a4509c7fcf4cf656,domestic_travel,0.25,바다
69486abe5dab6310,domestic_travel,0.50,주말여행|나들이
d113aed2edf9443d,food,0.25,추천|후기
d113aed2edf9443d,domestic_travel,0.50,주말여행|추천|후기
85018824585eaa61,food,0.63,맛집|카페|추천
85018824585eaa61,domestic_travel,0.38,주말여행|추천
8c8c93eccb90d880,domestic_travel,0.25,주말여행
9eb368baad4c1de6,domestic_travel,0.63,주말여행|여행코스|후기
2bf12c31fa6db546,domestic_travel,0.50,당일치기|주말여행
58f298bb4593e851,food,0.25,저녁
59a0f5c6881a079f,domestic_travel,1.00,국내여행|주말여행|여행코스|시장
c50e413b9187a9ff,food,0.50,식당|추천|후기
c50e413b9187a9ff,domestic_travel,0.50,숙소|추천|후기
0eb715bd0addf958,domestic_travel,0.25,가볼만한곳
99659d0d0e091ef5,food,0.38,카페|추천
99659d0d0e091ef5,domestic_travel,0.38,숙소|추천
c88aefa45bf6348c,food,0.50,맛집|식당
c88aefa45bf6348c,domestic_travel,0.25,바다
6804f31167704d48,food,0.25,저녁
6804f31167704d48,domestic_travel,0.25,주말여행
d6f33b66dba1a924,food,0.38,저녁|방문
f64c66d4bc5605e3,food,0.25,맛집
f64c66d4bc5605e3,domestic_travel,0.50,주말여행|나들이
3c6f1733841e83bd,food,0.25,추천|후기
3c6f1733841e83bd,domestic_travel,1.00,국내여행|주말여행|가볼만한곳|나들이|추천|후기
11578b9aa3b78745,domestic_travel,0.25,나들이
ae2d953319f86bf8,food,0.25,내돈내산
ae2d953319f86bf8,domestic_travel,0.50,국내여행|주말여행
c2bfcd8dffe4cc79,domestic_travel,0.63,주말여행|숙소|추천
6faffd222d681d72,domestic_travel,0.88,주말여행|여행코스|명소|추천
73f1ca2e4db6d88a,domestic_travel,1.00,주말여행|바다|해변|명소|방문
ec470f7bb4c42a83,domestic_travel,0.38,바다|후기
a08fad819b638cdb,domestic_travel,0.63,국내여행|주말여행|추천
01ef1547166e710c,food,0.25,추천|후기
01ef1547166e710c,domestic_travel,1.00,국내여행|주말여행|가볼만한곳|나들이|명소|추천|후기
e387d32962a215a9,domestic_travel,0.75,국내여행|주말여행|가볼만한곳
85c40ed55b05923e,food,0.38,내돈내산|추천
85c40ed55b05923e,domestic_travel,1.00,국내여행|주말여행|가볼만한곳|숙소|바다|추천
2d71f1ee6cf19bf3,food,0.88,맛집|카페|추천|후기|데이트
2d71f1ee6cf19bf3,domestic_travel,1.00,국내여행|주말여행|가볼만한곳|여행코스|숙소|바다|해변|추천|후기|데이트
b825bc97d2cf075f,food,0.25,방문|추천
b825bc97d2cf075f,domestic_travel,0.25,방문|추천
ad0fbbc9ac920ccf,domestic_travel,0.25,주말여행
a953ceaa6407f503,domestic_travel,1.00,국내여행|당일치기|주말여행|서울근교|가볼만한곳|나들이|추천
ed6c2f7da2296149,domestic_travel,1.00,가볼만한곳|축제|나들이|명소|추천
3d124366f268166e,domestic_travel,0.25,나들이
8efb3b30e02087b3,domestic_travel,0.63,주말여행|여행코스|추천
7f61d12b84bb3c28,domestic_travel,0.50,주말여행|숙소
52eb25c09e4199ba,domestic_travel,1.00,국내여행|주말여행|가볼만한곳|여행코스|숙소|나들이|추천
a900657fa280b99d,domestic_travel,0.25,나들이
63f06a4b0946b7cb,food,0.25,추천|데이트
63f06a4b0946b7cb,domestic_travel,0.50,주말여행|추천|데이트
91ed8020dcc43dce,food,0.25,내돈내산
91ed8020dcc43dce,domestic_travel,0.25,숙소
b847716af7842911,domestic_travel,0.50,국내여행|주말여행
f0d5f7090883ed07,domestic_travel,0.38,바다|데이트
a270ae551cdfd748,food,0.25,추천|데이트
a270ae551cdfd748,domestic_travel,0.75,국내여행|주말여행|추천|데이트
9091fa31958b0e9e,domestic_travel,0.25,주말여행
99a25ca2a446101a,food,0.25,내돈내산
379e50d530ff6e8f,domestic_travel,0.63,주말여행|숙소|추천
35330c999c84ebb6,food,0.25,추천|데이트
35330c999c84ebb6,domestic_travel,1.00,국내여행|주말여행|가볼만한곳|나들이|명소|추천|데이트
7244b904777450f5,food,0.38,방문|추천|후기
7244b904777450f5,domestic_travel,1.00,주말여행|서울근교|가볼만한곳|나들이|명소|방문|추천|후기
dbc3ab0d81bea798,domestic_travel,0.38,명소|데이트
b5826254ca940d49,food,0.63,맛집|웨이팅|추천
b5826254ca940d49,domestic_travel,0.63,국내여행|주말여행|추천
8eadf0268ccaca88,food,0.25,맛집
8eadf0268ccaca88,domestic_travel,0.75,주말여행|서울근교|축제
11c3371db94a76fd,food,0.88,맛집|카페|디저트|추천
11c3371db94a76fd,domestic_travel,0.63,주말여행|가볼만한곳|추천
cf5ef01ce95a4bea,food,0.25,추천|핫플
cf5ef01ce95a4bea,domestic_travel,1.00,국내여행|주말여행|명소|추천|핫플
e20423178c0c23c3,food,0.38,내돈내산|후기
e20423178c0c23c3,domestic_travel,0.38,바다|후기
5851b76d0d52a53e,domestic_travel,0.50,가볼만한곳|축제
9cadb9742b9b6cef,food,0.38,맛집|방문
a154de848d4c95d3,food,0.50,맛집|저녁
7af6fc76225e8edd,domestic_travel,1.00,당일치기|주말여행|서울근교|숙소|추천
ad67d9d14a3301ca,food,0.38,내돈내산|후기
ad67d9d14a3301ca,domestic_travel,0.38,가볼만한곳|후기
4f9bc1a9450cf845,domestic_travel,0.63,숙소|바다|후기
29c10a3379dda886,food,0.38,맛집|추천
29c10a3379dda886,domestic_travel,0.88,주말여행|시장|나들이|추천
18d2409dc510545d,domestic_travel,0.25,주말여행
472aa4ce0a557bb8,food,0.25,내돈내산
472aa4ce0a557bb8,domestic_travel,0.25,주말여행
6c3033757e9922e7,domestic_travel,0.38,주말여행|추천
7001f6c167a27586,food,1.00,맛집|메뉴|저녁|방문|추천
7001f6c167a27586,domestic_travel,0.25,방문|추천
8e6cc03400bc7ae1,domestic_travel,0.25,해변
d4f23ea44e96a338,food,0.50,맛집|식당
671b431e11b22d40,domestic_travel,0.25,명소
a35b34d406324d1d,food,0.38,추천|후기|데이트
a35b34d406324d1d,domestic_travel,0.88,주말여행|나들이|추천|후기|데이트
1dc41d506f88ae2b,domestic_travel,0.63,당일치기|주말여행|추천
f7bbcf4e14de3f5a,domestic_travel,0.75,주말여행|가볼만한곳|나들이
5cbfe595a123e360,food,0.25,내돈내산
5cbfe595a123e360,domestic_travel,0.25,바다
60df411f085847ab,domestic_travel,0.63,가볼만한곳|숙소|추천
4d273bb384247681,domestic_travel,0.88,당일치기|주말여행|나들이|후기
202ba6d496784ee3,food,0.38,맛집|핫플
202ba6d496784ee3,domestic_travel,0.88,주말여행|가볼만한곳|나들이|핫플
3d71b47f3e5371b0,domestic_travel,0.38,명소|방문
dc96f21284202603,food,0.25,추천|데이트
dc96f21284202603,domestic_travel,0.25,추천|데이트
8bf6e8bc729a64ea,food,0.25,추천|후기
8bf6e8bc729a64ea,domestic_travel,1.00,국내여행|주말여행|명소|추천|후기
0fd08a6f4b3aa512,food,0.25,추천|후기
0fd08a6f4b3aa512,domestic_travel,1.00,주말여행|가볼만한곳|바다|해변|추천|후기
eb5ba11db32e7219,food,0.38,추천|핫플|데이트
eb5ba11db32e7219,domestic_travel,1.00,주말여행|가볼만한곳|바다|나들이|명소|추천|데이트|핫플
48ddacc3fd0ab54f,domestic_travel,0.38,축제|후기
157025e4dcc9c5ec,domestic_travel,0.63,국내여행|주말여행|추천
814c2adc4dc06a2d,domestic_travel,1.00,국내여행|주말여행|가볼만한곳|축제|나들이|박람회|추천
e981e7043819b585,food,0.50,고기|후기|데이트
e981e7043819b585,domestic_travel,1.00,주말여행|가볼만한곳|축제|나들이|명소|후기|데이트
ccf6b66801ac5503,food,0.25,후기|데이트
ccf6b66801ac5503,domestic_travel,1.00,국내여행|주말여행|가볼만한곳|여행코스|나들이|명소|후기|데이트
c6c251534d3812c0,food,0.38,방문|후기|데이트
c6c251534d3812c0,domestic_travel,1.00,주말여행|축제|나들이|방문|후기|데이트
67468c760c99f769,food,0.50,맛집|추천|핫플
67468c760c99f769,domestic_travel,0.75,국내여행|주말여행|추천|핫플
b1b288d113efbcdd,domestic_travel,1.00,국내여행|주말여행|나들이|명소
10643bea69c485c3,food,0.25,추천|데이트
10643bea69c485c3,domestic_travel,0.50,가볼만한곳|추천|데이트
cbebe8e62a90262b,food,0.50,내돈내산|추천|후기
cbebe8e62a90262b,domestic_travel,0.50,주말여행|추천|후기
ee8e077470c5772e,domestic_travel,0.63,주말여행|가볼만한곳|후기
90d7c4d138259cbd,domestic_travel,0.38,바다|후기
f065af4e0d69ac59,food,0.88,맛집|카페|추천|핫플|데이트
f065af4e0d69ac59,domestic_travel,0.88,국내여행|주말여행|추천|데이트|핫플
a4e5384b1265789d,domestic_travel,0.38,축제|방문
7d5cd01dc34f79f2,food,0.75,맛집|카페|방문|데이트
7d5cd01dc34f79f2,domestic_travel,0.75,국내여행|주말여행|방문|데이트
9853383295a73172,domestic_travel,0.50,축제|나들이
643836f599db3a0f,food,0.50,내돈내산|추천|후기
643836f599db3a0f,domestic_travel,0.75,주말여행|서울근교|추천|후기
7a7a2ddd76f67029,food,0.25,방문|후기
7a7a2ddd76f67029,domestic_travel,0.75,축제|나들이|방문|후기
fde6900827c3a4d7,food,0.25,추천|후기
fde6900827c3a4d7,domestic_travel,1.00,국내여행|주말여행|가볼만한곳|숙소|추천|후기
7d650c4675a948c2,food,0.38,웨이팅|데이트
7d650c4675a948c2,domestic_travel,0.63,국내여행|주말여행|데이트
18472fd86c34f294,domestic_travel,0.50,주말여행|나들이
2df8f4e77f8e3934,food,0.25,추천|후기
2df8f4e77f8e3934,domestic_travel,1.00,국내여행|주말여행|가볼만한곳|명소|추천|후기
de491d914785ab0d,food,0.38,추천|후기|데이트
de491d914785ab0d,domestic_travel,1.00,주말여행|가볼만한곳|나들이|추천|후기|데이트
d6015cb6824e7f8a,food,0.25,맛집
d6015cb6824e7f8a,domestic_travel,0.25,주말여행
09da8a38cf007832,domestic_travel,0.63,주말여행|명소|추천
6dab5ff0a523a2f8,domestic_travel,0.50,주말여행|나들이
a694f9449cca3ddc,domestic_travel,0.63,주말여행|가볼만한곳|추천
00dff6febd410fd0,food,0.38,내돈내산|후기
00dff6febd410fd0,domestic_travel,0.63,주말여행|숙소|후기
29400fd94061273e,domestic_travel,1.00,국내여행|주말여행|가볼만한곳|나들이|명소|추천
de5610d9b3681c7b,food,0.25,방문|추천
de5610d9b3681c7b,domestic_travel,1.00,국내여행|주말여행|여행코스|나들이|명소|방문|추천
10fabf55a6369b1f,food,0.25,추천|핫플
10fabf55a6369b1f,domestic_travel,0.75,당일치기|주말여행|추천|핫플
5a3cfa41f3ab3c69,food,0.25,맛집
9af6751c092c29f7,domestic_travel,0.50,주말여행|여행코스
21bc9e67c677f241,domestic_travel,0.88,주말여행|가볼만한곳|나들이|추천
ab6635a8dfeae661,domestic_travel,0.25,주말여행
06de4cafdad9124b,domestic_travel,0.88,국내여행|주말여행|숙소|추천
9d0763a1636637dc,food,0.25,방문|데이트
9d0763a1636637dc,domestic_travel,0.50,주말여행|방문|데이트
f362b695957edd0b,domestic_travel,0.50,축제|나들이
2c5aa2d206de560d,domestic_travel,0.50,주말여행|가볼만한곳
60021e01ce354dfa,domestic_travel,0.38,축제|방문
7470e15078dbad6d,domestic_travel,0.25,주말여행
04d17e09ec413d56,domestic_travel,0.50,당일치기|주말여행
562520b44150d9ea,domestic_travel,0.88,서울근교|숙소|나들이|추천
3fdc7d94b8506ce0,food,0.25,방문|추천
3fdc7d94b8506ce0,domestic_travel,0.25,방문|추천
b48d18cfabf17461,food,0.38,카페|추천
b48d18cfabf17461,domestic_travel,1.00,국내여행|당일치기|주말여행|가볼만한곳|축제|추천
f7a4ffe8611c57b9,food,0.25,추천|후기
f7a4ffe8611c57b9,domestic_travel,0.75,주말여행|바다|추천|후기
ed681e8a85ff0ef4,food,0.38,맛집|추천
ed681e8a85ff0ef4,domestic_travel,0.63,국내여행|주말여행|추천
b87349951d04bfc0,domestic_travel,0.50,국내여행|주말여행
650a95dbe969bf66,domestic_travel,1.00,국내여행|주말여행|가볼만한곳|명소
6d2208a48c5de056,food,0.38,내돈내산|후기
a83a7f0cb8888c8e,domestic_travel,0.75,주말여행|가볼만한곳|바다
de140169d44d1d3d,domestic_travel,0.25,주말여행
670b42c954bd1634,domestic_travel,0.25,주말여행
459f326b7a67b7f1,food,0.38,방문|후기|데이트
459f326b7a67b7f1,domestic_travel,1.00,국내여행|주말여행|명소|방문|후기|데이트
4b8829aee0820d16,food,0.25,방문|추천
4b8829aee0820d16,domestic_travel,1.00,국내여행|주말여행|가볼만한곳|축제|나들이|방문|추천
09f2e683a4f3b884,food,0.50,맛집|웨이팅
09f2e683a4f3b884,domestic_travel,0.75,주말여행|바다|시장
15367d61f947c9b3,domestic_travel,0.88,주말여행|가볼만한곳|나들이|후기
eccf8a0661b57b84,domestic_travel,0.63,주말여행|명소|추천
fca4132b9029ef49,domestic_travel,0.38,당일치기|추천
591027b3f2fc8e40,domestic_travel,0.25,숙소
aa1b985bab50a18c,food,0.50,카페|추천|데이트
aa1b985bab50a18c,domestic_travel,0.75,당일치기|주말여행|추천|데이트
85d31320f91c2763,domestic_travel,0.63,바다|축제|추천
d9a32d1a78e5fc98,food,0.38,맛집|데이트
d9a32d1a78e5fc98,domestic_travel,1.00,주말여행|가볼만한곳|여행코스|숙소|시장|데이트
4b996613bc94ed81,food,0.50,맛집|추천|후기
4b996613bc94ed81,domestic_travel,0.75,국내여행|주말여행|추천|후기
d0ab183ecdfe00ad,food,0.38,맛집|데이트
d0ab183ecdfe00ad,domestic_travel,1.00,주말여행|가볼만한곳|여행코스|숙소|데이트
c770c8137cb7651d,food,0.38,맛집|후기
c770c8137cb7651d,domestic_travel,1.00,주말여행|서울근교|가볼만한곳|바다|나들이|후기
a82eb6e1234d52bd,domestic_travel,0.38,주말여행|추천
6545511cc8d59d41,food,0.38,맛집|데이트
6545511cc8d59d41,domestic_travel,1.00,주말여행|가볼만한곳|여행코스|숙소|데이트
01376ef2c3221763,food,0.75,맛집|내돈내산|추천|데이트
01376ef2c3221763,domestic_travel,1.00,국내여행|주말여행|가볼만한곳|나들이|추천|데이트
e0bc145496baaa4c,food,0.38,맛집|데이트
e0bc145496baaa4c,domestic_travel,1.00,주말여행|가볼만한곳|여행코스|숙소|데이트
afee057e1fec3baf,food,0.25,방문|추천
afee057e1fec3baf,domestic_travel,0.50,주말여행|방문|추천
67af7c3690c55bfb,food,0.38,맛집|데이트
67af7c3690c55bfb,domestic_travel,1.00,주말여행|가볼만한곳|여행코스|숙소|데이트
b557901005795fe6,domestic_travel,0.50,가볼만한곳|축제
785c2167c23ba89d,food,0.50,맛집|추천|후기
785c2167c23ba89d,domestic_travel,1.00,주말여행|숙소|바다|추천|후기
51fb5783157db1f2,domestic_travel,1.00,주말여행|서울근교|나들이|명소|추천
3629cefd822ef361,domestic_travel,0.25,주말여행
2657ae48d7e64749,domestic_travel,0.63,국내여행|주말여행|추천
8eadc332e9696982,domestic_travel,0.88,국내여행|주말여행|바다|추천
049703bf996b5c54,food,0.25,방문|추천
049703bf996b5c54,domestic_travel,0.25,방문|추천
349818b4388301f9,food,0.63,맛집|식당|추천
349818b4388301f9,domestic_travel,1.00,주말여행|가볼만한곳|여행코스|시장|추천
f170a8a3674f54ae,domestic_travel,0.75,국내여행|주말여행|축제
610c70e6746bc91f,domestic_travel,0.25,주말여행
8eece37efb4ac8e9,food,0.25,추천|후기
8eece37efb4ac8e9,domestic_travel,1.00,주말여행|여행코스|바다|나들이|추천|후기
d8acbee310e27262,food,0.38,방문|추천|데이트
d8acbee310e27262,domestic_travel,1.00,주말여행|가볼만한곳|나들이|방문|추천|데이트
13cd49e60f5d83b2,domestic_travel,1.00,국내여행|당일치기|주말여행|가볼만한곳|추천
3d1188bbaacab4b3,food,0.38,맛집|추천
3d1188bbaacab4b3,domestic_travel,1.00,국내여행|주말여행|가볼만한곳|여행코스|추천
b3987f81c277e338,food,0.50,카페|핫플|데이트
b3987f81c277e338,domestic_travel,0.50,주말여행|데이트|핫플
011ce4677f56a5de,domestic_travel,0.50,바다|축제
7010fd35b923032d,domestic_travel,0.25,주말여행
86164e4413a51192,domestic_travel,1.00,국내여행|주말여행|가볼만한곳|축제|나들이|명소|추천
3c042007ac477afd,food,0.25,추천|데이트
3c042007ac477afd,domestic_travel,1.00,국내여행|주말여행|가볼만한곳|축제|나들이|추천|데이트
c450ad5514a6a611,food,0.25,추천|데이트
c450ad5514a6a611,domestic_travel,1.00,당일치기|주말여행|바다|추천|데이트
ca20b79ecc961516,domestic_travel,0.63,당일치기|바다|추천
76ed8c2a74cbcef9,food,1.00,맛집|카페|방문|후기|핫플|데이트
76ed8c2a74cbcef9,domestic_travel,1.00,주말여행|나들이|방문|후기|데이트|핫플
466dd62d3fb031a8,domestic_travel,0.75,당일치기|주말여행|서울근교
86f42d84df7abd5b,food,0.25,내돈내산
8f2da1e468c09b1d,domestic_travel,0.25,축제
cfa59b42e9e49b77,domestic_travel,0.38,축제|후기
8d2be80530ed3ad6,domestic_travel,0.88,가볼만한곳|숙소|축제|추천
f75ff1456ad8e2ec,domestic_travel,1.00,당일치기|주말여행|서울근교|가볼만한곳|나들이|명소|추천
7180f5d3080da516,food,1.00,맛집|저녁|카페|브런치
7180f5d3080da516,domestic_travel,0.25,주말여행
c22932f991f703f7,food,0.25,저녁
d6fa9c6e94efa462,domestic_travel,0.88,주말여행|서울근교|해변|추천
a24719bff88b27b7,domestic_travel,0.25,축제
e489b69930e54fb7,food,0.25,카페
e489b69930e54fb7,domestic_travel,0.50,국내여행|숙소
f2b2de8ea5eaa5b4,food,0.38,방문|추천|후기
f2b2de8ea5eaa5b4,domestic_travel,0.88,가볼만한곳|나들이|방문|추천|후기
5de549f884672088,food,0.88,맛집|카페|추천|후기|핫플
5de549f884672088,domestic_travel,0.63,주말여행|추천|후기|핫플
0b8b1b87d4aee5f1,food,0.63,카페|내돈내산|후기
0b8b1b87d4aee5f1,domestic_travel,0.38,바다|후기
c9e34cb6b52b58b8,food,0.38,맛집|데이트
c9e34cb6b52b58b8,domestic_travel,0.63,당일치기|주말여행|데이트
cc58668cac06342a,food,0.50,카페|추천|데이트
cc58668cac06342a,domestic_travel,1.00,국내여행|주말여행|서울근교|추천|데이트
59405820dedfb21f,food,0.25,방문|추천
59405820dedfb21f,domestic_travel,1.00,주말여행|나들이|명소|방문|추천
3e53ecdcc42b0ad8,domestic_travel,0.63,당일치기|바다|후기
4aa10b618c107b7f,domestic_travel,0.25,바다
b2eba6f9112f0c4f,food,0.25,추천|후기
b2eba6f9112f0c4f,domestic_travel,0.50,주말여행|추천|후기
cf7176c60167cc76,food,0.25,추천|데이트
cf7176c60167cc76,domestic_travel,1.00,국내여행|주말여행|가볼만한곳|명소|추천|데이트
c7c3c3c168c12c04,domestic_travel,0.25,나들이
c4dcaaabe289c535,domestic_travel,0.75,주말여행|바다|나들이
da38ef74df1bc0a9,food,0.50,방문|추천|핫플|데이트
da38ef74df1bc0a9,domestic_travel,1.00,주말여행|여행코스|나들이|명소|방문|추천|데이트|핫플
2172cdc45307d4d0,domestic_travel,0.38,나들이|추천
96edcff897306295,food,0.38,추천|후기|데이트
96edcff897306295,domestic_travel,1.00,국내여행|주말여행|서울근교|숙소|추천|후기|데이트
c21a4bee3fd322ef,domestic_travel,1.00,가볼만한곳|바다|축제|나들이|데이트
19197f18daafba77,domestic_travel,1.00,당일치기|주말여행|서울근교|숙소|추천
e7ed4a2568e90e62,food,0.25,방문|추천
e7ed4a2568e90e62,domestic_travel,0.50,축제|방문|추천
4b1e592533c77d94,food,0.88,맛집|내돈내산|밥집|데이트
4b1e592533c77d94,domestic_travel,0.88,주말여행|가볼만한곳|나들이|데이트
539b3e320ad72066,domestic_travel,1.00,주말여행|서울근교|여행코스|숙소
d2c5714b47b7b097,domestic_travel,0.88,국내여행|주말여행|숙소|추천
f14c6a892b9524b4,domestic_travel,0.25,주말여행
5fd87d05dd2e5a30,domestic_travel,0.25,주말여행
12896d97551813cc,food,0.50,카페|추천|후기
12896d97551813cc,domestic_travel,0.75,주말여행|나들이|추천|후기
ae2201ee1eda56aa,domestic_travel,0.25,축제
8f97b855f698610a,domestic_travel,0.50,국내여행|주말여행
ae1c8133f859f621,food,0.63,맛집|점심|데이트
ae1c8133f859f621,domestic_travel,0.88,국내여행|주말여행|바다|데이트
9d06b1a89abca85c,domestic_travel,0.25,주말여행
2d0a4f48eaa922c1,food,0.38,메뉴|추천
5954378203ff8afc,domestic_travel,0.38,주말여행|추천
3f41864b0272b0c7,domestic_travel,0.88,국내여행|주말여행|해변|추천
5fbb143860754c75,food,0.25,맛집
5fbb143860754c75,domestic_travel,0.75,국내여행|주말여행|가볼만한곳
6549562d924679fb,domestic_travel,0.25,나들이
fa826ef54e11a1a5,domestic_travel,0.63,국내여행|주말여행|추천
d4d29e8d7db9e13d,domestic_travel,0.25,축제
5f1d30885ab86183,food,1.00,맛집|메뉴|술집|방문|추천|핫플|데이트
5f1d30885ab86183,domestic_travel,1.00,주말여행|가볼만한곳|방문|추천|데이트|핫플
f2a570a4589d6a17,domestic_travel,0.75,주말여행|가볼만한곳|축제
b9325481744bc00c,domestic_travel,0.75,가볼만한곳|축제|나들이
5d205eac289eeeab,domestic_travel,0.75,주말여행|축제|나들이
34e7fba8ca9f835d,domestic_travel,0.75,국내여행|주말여행|나들이
109c744ebe955792,food,0.38,맛집|추천
109c744ebe955792,domestic_travel,0.63,축제|명소|추천
85b4cd96ed6c2098,domestic_travel,0.63,국내여행|주말여행|추천
1ca72e7b1a7e2a45,domestic_travel,0.63,주말여행|여행코스|추천
2b55b2bd74ce62fb,food,0.25,추천|핫플
2b55b2bd74ce62fb,domestic_travel,1.00,국내여행|당일치기|주말여행|나들이|추천|핫플
095bb95a1f4faa75,domestic_travel,1.00,국내여행|당일치기|주말여행|가볼만한곳
6557e44b73f035f6,food,0.38,맛집|후기
77ca509707e2a671,domestic_travel,1.00,국내여행|주말여행|여행코스|숙소|추천
754998f929f2f497,food,0.38,맛집|방문
754998f929f2f497,domestic_travel,0.38,당일치기|방문
87036ba27cbc3223,food,0.63,맛집|내돈내산|후기
87036ba27cbc3223,domestic_travel,0.63,주말여행|숙소|후기
0ea314a63b9e7f94,domestic_travel,0.50,국내여행|주말여행
e0c5267a655e3e83,food,0.50,카페|추천|데이트
e0c5267a655e3e83,domestic_travel,1.00,국내여행|당일치기|주말여행|바다|시장|추천|데이트
c5da0e66da18aed2,domestic_travel,0.50,축제|나들이
a887cf12b22fc241,food,0.63,맛집|점심|방문
abeed3a8c4b4d64b,food,0.63,맛집|카페|추천
abeed3a8c4b4d64b,domestic_travel,1.00,국내여행|주말여행|서울근교|숙소|추천
ba4920a65c5a2bc8,food,0.38,다이닝|후기
860d3fae8176263d,food,0.25,맛집
860d3fae8176263d,domestic_travel,0.50,축제|나들이
0266b929a727ba63,domestic_travel,0.25,주말여행
5c16f07331dc6096,domestic_travel,0.50,주말여행|가볼만한곳
cd774932d2822ef6,food,0.38,맛집|추천
7b76eafabb0b8110,domestic_travel,0.25,당일치기
bf64224e0446c5f7,food,0.25,식당
32bc4cd29454dfa0,food,0.25,추천|데이트
32bc4cd29454dfa0,domestic_travel,0.75,주말여행|나들이|추천|데이트
523eef33698cf783,domestic_travel,0.38,나들이|방문
589d98f6720bbb58,food,0.50,맛집|추천|데이트
589d98f6720bbb58,domestic_travel,1.00,국내여행|주말여행|가볼만한곳|축제|나들이|추천|데이트
f2da6f1f84369009,food,0.38,내돈내산|후기
4bb95da494a6f445,food,0.25,맛집
4bb95da494a6f445,domestic_travel,1.00,국내여행|주말여행|가볼만한곳|바다
8d7be896363447f1,food,0.25,맛집
8d7be896363447f1,domestic_travel,0.75,국내여행|당일치기|주말여행
dee2cc0c02f4ffd4,food,0.63,맛집|카페|추천
dee2cc0c02f4ffd4,domestic_travel,1.00,주말여행|여행코스|바다|명소|추천
2d5f562cfd916e2c,domestic_travel,0.50,주말여행|가볼만한곳
fe097c0a47086133,food,0.38,내돈내산|후기
794c4321f894854f,food,0.25,맛집
794c4321f894854f,domestic_travel,0.75,주말여행|가볼만한곳|여행코스
b112864627af4e51,domestic_travel,1.00,국내여행|주말여행|가볼만한곳|나들이|추천
8ef38c8a22f67ed3,food,0.25,방문|추천
8ef38c8a22f67ed3,domestic_travel,0.50,서울근교|방문|추천
6b2546e92f04c9d8,domestic_travel,0.63,당일치기|주말여행|추천
5f8092fcdbc89041,food,0.25,추천|핫플
5f8092fcdbc89041,domestic_travel,0.75,국내여행|주말여행|추천|핫플
c81166df06867a3b,food,0.25,맛집
c81166df06867a3b,domestic_travel,0.50,국내여행|주말여행
b6ba3a4095cc24f5,domestic_travel,0.75,국내여행|주말여행|가볼만한곳
619a224bf54ff918,domestic_travel,0.25,바다
fbf05d26b82bfe4a,food,0.38,추천|핫플|데이트
fbf05d26b82bfe4a,domestic_travel,0.88,주말여행|명소|추천|데이트|핫플
5d0d2bc8ee39867d,domestic_travel,0.38,바다|추천
3c9929b8eda125d6,food,0.25,맛집
3c9929b8eda125d6,domestic_travel,1.00,국내여행|주말여행|가볼만한곳|여행코스|축제|나들이
043ce63741404191,food,0.38,맛집|후기
043ce63741404191,domestic_travel,0.88,국내여행|주말여행|숙소|후기
f655c0f90000ed3c,domestic_travel,0.63,국내여행|주말여행|추천
8022d2dfb7a1a0cf,food,1.00,맛집|카페|디저트|추천|후기|핫플|데이트
8022d2dfb7a1a0cf,domestic_travel,1.00,국내여행|주말여행|추천|후기|데이트|핫플
6b92459e7808b458,food,0.63,맛집|식당|추천
6b92459e7808b458,domestic_travel,1.00,국내여행|당일치기|주말여행|가볼만한곳|추천
3eff04f481289747,domestic_travel,0.75,주말여행|축제|명소
006fd7f5f7e3c087,food,0.25,추천|데이트
006fd7f5f7e3c087,domestic_travel,1.00,국내여행|주말여행|여행코스|숙소|축제|추천|데이트
3767fa0cc73b8a06,food,0.50,맛집|방문|추천
3767fa0cc73b8a06,domestic_travel,0.75,당일치기|나들이|방문|추천
d0d684bf81eb06a5,domestic_travel,0.50,가볼만한곳|축제
e639cc712e749165,food,0.25,추천|데이트
e639cc712e749165,domestic_travel,1.00,국내여행|주말여행|명소|추천|데이트
c237d67dbe61819c,food,0.25,핫플|데이트
c237d67dbe61819c,domestic_travel,1.00,주말여행|여행코스|나들이|명소|데이트|핫플
1dc39635346bb417,food,0.38,방문|추천|후기
1dc39635346bb417,domestic_travel,1.00,국내여행|주말여행|가볼만한곳|나들이|방문|추천|후기
037e2b508030238d,food,0.38,저녁|추천
037e2b508030238d,domestic_travel,0.63,주말여행|바다|추천
158fc72fc0c2ccba,domestic_travel,0.63,주말여행|여행코스|데이트
1e20619d62926222,domestic_travel,1.00,국내여행|당일치기|주말여행|가볼만한곳
9e16360858497d56,domestic_travel,0.50,숙소|바다
f6bd7c1a2492ed20,food,1.00,맛집|카페|방문|추천|핫플|데이트
f6bd7c1a2492ed20,domestic_travel,0.75,가볼만한곳|방문|추천|데이트|핫플
efef567da73a7712,domestic_travel,0.88,바다|축제|나들이|방문
a440be8ede3e273a,food,0.25,맛집
51ecd6dcb56361e8,domestic_travel,1.00,당일치기|서울근교|가볼만한곳|축제
a79564dd57def109,domestic_travel,0.50,주말여행|축제
0a8f3d062d2ddfec,domestic_travel,0.50,당일치기|나들이
6a72ae31c9bf7fd5,domestic_travel,0.38,축제|방문
da3a1fc068f1bd41,domestic_travel,0.25,시장
0a776ea55d85a949,domestic_travel,0.75,국내여행|주말여행|축제
e6436819bbe8199b,domestic_travel,0.50,축제|나들이
27cdae87b1b6ba7d,domestic_travel,0.75,주말여행|가볼만한곳|축제
366750400e8fb911,domestic_travel,0.63,주말여행|나들이|추천
0633a89cee5637b1,food,0.25,카페
0633a89cee5637b1,domestic_travel,0.75,당일치기|주말여행|축제
62e135454f57ccf2,domestic_travel,1.00,국내여행|주말여행|축제|명소|방문
734661138d510cab,domestic_travel,0.88,주말여행|가볼만한곳|여행코스|추천
6fdbec68456b0964,food,0.25,카페
6fdbec68456b0964,domestic_travel,0.25,주말여행
1103ab35f3e67cef,domestic_travel,1.00,주말여행|가볼만한곳|여행코스|축제|나들이|추천
f5ecc0ead605fb3f,domestic_travel,0.50,국내여행|숙소
b034bf3afafade4d,domestic_travel,0.50,축제|나들이
7312fd8d8fee73c0,food,0.38,맛집|추천
7312fd8d8fee73c0,domestic_travel,0.88,주말여행|가볼만한곳|나들이|추천
74fe7028a750e6c1,domestic_travel,0.75,주말여행|가볼만한곳|축제
cf7d0dc28666feb9,domestic_travel,0.63,주말여행|축제|방문
2b3bed232781555f,domestic_travel,0.25,숙소
74dc4331ea8b30e8,food,0.75,맛집|카페|추천|데이트
74dc4331ea8b30e8,domestic_travel,1.00,주말여행|서울근교|가볼만한곳|나들이|추천|데이트
158a0183d29e4b75,domestic_travel,0.75,주말여행|서울근교|가볼만한곳
aa5622c8e7a695f4,domestic_travel,0.25,주말여행
19b142096e0f52de,domestic_travel,0.63,주말여행|축제|추천
ba8adac71d823842,food,0.25,카페
ba8adac71d823842,domestic_travel,1.00,주말여행|가볼만한곳|나들이|명소
3e96f298af5a1ce2,food,0.25,추천|데이트
3e96f298af5a1ce2,domestic_travel,1.00,국내여행|당일치기|주말여행|서울근교|가볼만한곳|축제|나들이|추천|데이트
23c71c230266a83b,domestic_travel,1.00,당일치기|주말여행|여행코스|축제|방문
04009008ee01070b,domestic_travel,0.25,당일치기
d5eb2717736486c7,domestic_travel,0.88,주말여행|가볼만한곳|나들이|데이트
d8d2029de923c648,domestic_travel,0.38,가볼만한곳|추천
1c9abfdd7fa40e75,domestic_travel,0.25,주말여행
cac43719160ad2d2,food,0.25,내돈내산
cac43719160ad2d2,domestic_travel,1.00,당일치기|주말여행|가볼만한곳|나들이
be591abcb662afc4,food,0.25,방문|후기
be591abcb662afc4,domestic_travel,0.50,바다|방문|후기
b6903870e350a765,domestic_travel,1.00,주말여행|가볼만한곳|여행코스|바다|축제|추천
3b41e54db51f5864,domestic_travel,0.25,축제
3ec2451248023a76,domestic_travel,0.38,축제|방문
c223db0832c67ca4,domestic_travel,0.25,해변
ef38e144e6fdedab,food,0.50,맛집|추천|핫플
ef38e144e6fdedab,domestic_travel,1.00,국내여행|주말여행|가볼만한곳|바다|추천|핫플
d7de60f05df2fa3b,food,0.38,저녁|데이트
d7de60f05df2fa3b,domestic_travel,0.88,바다|축제|나들이|데이트
234395e9a7268852,food,0.25,점심
234395e9a7268852,domestic_travel,0.50,축제|나들이
8f292e6b83017740,domestic_travel,1.00,주말여행|가볼만한곳|축제|나들이
59f2720287f7050b,domestic_travel,1.00,국내여행|주말여행|가볼만한곳|여행코스|나들이|추천
541292159cb8b70c,food,0.38,카페|추천
541292159cb8b70c,domestic_travel,0.88,주말여행|축제|명소|추천
591ab55eca31fc47,domestic_travel,0.63,국내여행|주말여행|추천
976f9df5279fc325,food,0.50,맛집|추천|핫플
976f9df5279fc325,domestic_travel,0.75,국내여행|주말여행|추천|핫플
aeca0e526536a47d,domestic_travel,0.75,국내여행|주말여행|바다
6a82dd6af55ef5f3,domestic_travel,0.50,주말여행|명소
80bea39cb2facafc,domestic_travel,0.63,숙소|바다|추천
308865c1526db959,domestic_travel,0.38,숙소|방문
c201e585df1d0cf5,domestic_travel,0.25,해변
d8d95f17c9b50230,food,0.25,추천|핫플
d8d95f17c9b50230,domestic_travel,1.00,국내여행|주말여행|가볼만한곳|바다|축제|나들이|추천|핫플
72e372931ed0c42c,domestic_travel,1.00,주말여행|가볼만한곳|숙소|바다
42348355706b1da8,domestic_travel,0.25,숙소
92c38e0a3bd79420,domestic_travel,0.50,주말여행|숙소
5da800e3a6892ed7,food,0.38,추천|핫플|데이트
5da800e3a6892ed7,domestic_travel,1.00,국내여행|주말여행|가볼만한곳|추천|데이트|핫플
6083c0ca2d937f0a,food,0.50,웨이팅|방문|후기
6083c0ca2d937f0a,domestic_travel,0.25,방문|후기
779517b05c6f3fc2,food,0.25,추천|후기
779517b05c6f3fc2,domestic_travel,0.75,서울근교|명소|추천|후기
517dcde491dabbb0,food,0.25,카페
517dcde491dabbb0,domestic_travel,0.25,축제
63919c4a653ad3d4,domestic_travel,0.38,가볼만한곳|방문
86703ee60f40f2b3,food,0.38,맛집|추천
1e7f77ac462064ed,domestic_travel,0.38,숙소|후기
8f4bef7e8b755c3a,food,0.25,저녁
8f4bef7e8b755c3a,domestic_travel,0.75,당일치기|주말여행|가볼만한곳
ce2e581367c04c45,food,0.25,추천|후기
ce2e581367c04c45,domestic_travel,0.75,주말여행|숙소|추천|후기
869f7536ac0f78c3,food,0.38,맛집|추천
869f7536ac0f78c3,domestic_travel,0.38,숙소|추천
073db8e1f9810436,domestic_travel,1.00,국내여행|당일치기|주말여행|서울근교|추천
f9e29de16050a0b3,food,1.00,맛집|카페|디저트|브런치|내돈내산|추천|후기|핫플|데이트
f9e29de16050a0b3,domestic_travel,1.00,주말여행|나들이|추천|후기|데이트|핫플
787fb32ec5549d72,domestic_travel,1.00,당일치기|주말여행|여행코스|나들이
9cdfb6ce34556010,domestic_travel,0.38,숙소|후기
97d00bca388dddfe,domestic_travel,1.00,국내여행|주말여행|가볼만한곳|숙소|추천
f3708d4ec3e36af3,food,0.25,방문|후기
f3708d4ec3e36af3,domestic_travel,1.00,국내여행|주말여행|가볼만한곳|명소|방문|후기
9d67515d819e56cf,food,0.38,내돈내산|추천
9d67515d819e56cf,domestic_travel,0.88,국내여행|주말여행|서울근교|추천
c0661296eaaf7acc,domestic_travel,1.00,국내여행|주말여행|시장|축제|나들이
1c6ebff822e7dd53,domestic_travel,0.63,주말여행|나들이|데이트
ba09861e06ec2ab8,domestic_travel,1.00,국내여행|주말여행|가볼만한곳|숙소|추천
9f647a9f0bc4f995,domestic_travel,1.00,당일치기|주말여행|가볼만한곳|여행코스
1d86397e6e7e8248,food,0.25,카페
1d86397e6e7e8248,domestic_travel,0.25,주말여행
c4873056bb298feb,food,0.25,추천|후기
c4873056bb298feb,domestic_travel,0.25,추천|후기
fa7a4b28452692e7,domestic_travel,0.38,바다|추천
8fccf04d98bc7e93,domestic_travel,0.25,주말여행
07022c9a238f5dce,food,1.00,맛집|카페|술집|추천|후기|핫플|데이트
07022c9a238f5dce,domestic_travel,0.50,추천|후기|데이트|핫플
fceb66fd13d78da3,food,0.25,추천|후기
fceb66fd13d78da3,domestic_travel,1.00,주말여행|축제|나들이|추천|후기
249d44780506ec17,domestic_travel,0.38,당일치기|방문
3a87fb46e605ba72,domestic_travel,1.00,국내여행|주말여행|여행코스|숙소|추천
4b6fcd1981f62974,domestic_travel,0.25,나들이
c22e8c1c8383ae24,domestic_travel,0.38,숙소|추천
eb6e6d2946222f74,domestic_travel,1.00,국내여행|주말여행|가볼만한곳|축제|나들이|추천
80e8d8911dac330c,food,0.25,방문|추천
80e8d8911dac330c,domestic_travel,0.50,바다|방문|추천
bf15488ca32882ae,food,0.38,저녁|후기
bc97cc27faf65b15,food,0.75,내돈내산|추천|후기|핫플|데이트
bc97cc27faf65b15,domestic_travel,1.00,주말여행|가볼만한곳|숙소|추천|후기|데이트|핫플
ce0d766964a41516,domestic_travel,0.25,주말여행
17d3dfd73d38a267,food,0.25,맛집
17d3dfd73d38a267,domestic_travel,0.75,당일치기|주말여행|가볼만한곳
4d7bf8133e6b0e67,domestic_travel,1.00,국내여행|주말여행|가볼만한곳|축제|나들이
e846f53acb2eaa0f,food,0.25,내돈내산
e846f53acb2eaa0f,domestic_travel,0.75,국내여행|주말여행|숙소
feefe4295188fe2f,domestic_travel,0.50,주말여행|시장
7aed7764f863ffa0,domestic_travel,0.25,가볼만한곳
b50fec90d71512cb,food,0.25,추천|핫플
b50fec90d71512cb,domestic_travel,1.00,주말여행|가볼만한곳|바다|추천|핫플
268a350852eb5aad,domestic_travel,0.25,축제
e318e58dbc552e9c,domestic_travel,0.25,주말여행
804207cb2e12defa,food,0.38,방문|추천|후기
804207cb2e12defa,domestic_travel,0.38,방문|추천|후기
6f369084a292a720,food,0.75,맛집|카페|브런치
6f369084a292a720,domestic_travel,0.50,주말여행|가볼만한곳
f9137ba6b4c8be45,food,1.00,맛집|카페|내돈내산|추천|데이트
f9137ba6b4c8be45,domestic_travel,1.00,국내여행|주말여행|숙소|추천|데이트
370b6b28b7aed50b,domestic_travel,0.25,바다
24d0b14cea9def7b,domestic_travel,0.63,축제|나들이|방문
06449caf2c8a6ac1,food,0.25,카페
06449caf2c8a6ac1,domestic_travel,0.25,가볼만한곳
4d43db372b3a65a2,domestic_travel,1.00,국내여행|당일치기|주말여행|가볼만한곳|여행코스|데이트
516d7a9fd2a7bb9c,food,0.25,식당
516d7a9fd2a7bb9c,domestic_travel,0.25,숙소
f4f6053aa8249ec2,domestic_travel,0.88,국내여행|주말여행|바다|추천
41c43dff5f2f0fff,domestic_travel,0.63,당일치기|주말여행|추천
43ff0734e183db4f,food,0.63,맛집|웨이팅|후기
43ff0734e183db4f,domestic_travel,0.38,바다|후기
0bd9768eb02a9d9f,food,0.38,추천|후기|핫플
0bd9768eb02a9d9f,domestic_travel,0.38,추천|후기|핫플
a3d31e04bf4f47b8,food,0.50,맛집|추천|핫플
a3d31e04bf4f47b8,domestic_travel,0.75,주말여행|가볼만한곳|추천|핫플
175e24b8b3b853da,food,0.50,맛집|웨이팅
175e24b8b3b853da,domestic_travel,0.25,축제
39725de651981a37,domestic_travel,0.75,당일치기|주말여행|여행코스
fea06d0522af3541,food,0.25,카페
fea06d0522af3541,domestic_travel,1.00,국내여행|주말여행|가볼만한곳|나들이
363c28ecac581e11,food,0.25,카페
363c28ecac581e11,domestic_travel,1.00,국내여행|주말여행|가볼만한곳|나들이
65b30cd0e7d54f3a,food,0.38,맛집|추천
65b30cd0e7d54f3a,domestic_travel,1.00,국내여행|주말여행|가볼만한곳|명소|추천
64a49eaaf1c04d32,domestic_travel,0.38,가볼만한곳|추천
f0a8ef017d2f3ac3,food,0.25,카페
f0a8ef017d2f3ac3,domestic_travel,1.00,국내여행|주말여행|가볼만한곳|나들이
86b7a80c10ab6683,food,0.88,맛집|점심|웨이팅|방문
86b7a80c10ab6683,domestic_travel,0.38,바다|방문
138a8cc9330c1d5f,domestic_travel,0.25,주말여행
938b3f212c6d48e2,domestic_travel,1.00,국내여행|주말여행|가볼만한곳|축제|나들이|방문
7a9371adb5e800ea,food,0.25,맛집
e08a452852d8c9e8,food,0.38,점심|방문
e08a452852d8c9e8,domestic_travel,0.63,바다|해변|방문
18cbe03d22f439de,domestic_travel,0.88,당일치기|주말여행|여행코스|후기
fe95458f2e1f95ea,food,0.88,맛집|카페|방문|추천|후기
fe95458f2e1f95ea,domestic_travel,0.63,바다|방문|추천|후기
20bbb77bafd8e45c,food,0.50,저녁|방문|후기
20bbb77bafd8e45c,domestic_travel,0.50,바다|방문|후기
9f1e6feccc8858f5,food,0.25,카페
b8c2bcf51f71fe48,domestic_travel,0.63,주말여행|가볼만한곳|추천
5edca67d989e5b7a,domestic_travel,0.50,나들이|박람회
3ad86bbaa2be5749,domestic_travel,0.25,당일치기
0b99b5c8ed396c78,domestic_travel,0.50,국내여행|주말여행
318c58b6121fd5de,food,0.50,맛집|방문|추천
318c58b6121fd5de,domestic_travel,0.25,방문|추천
cf3d7e4e3d46791f,domestic_travel,0.25,주말여행
2aa0f48f2481618f,domestic_travel,0.50,축제|나들이
9ffb7e242b53eaa7,domestic_travel,0.75,당일치기|주말여행|여행코스
6a8b613f1058136f,food,0.25,방문|추천
6a8b613f1058136f,domestic_travel,0.75,국내여행|주말여행|방문|추천
d31429742af662cf,food,0.25,추천|후기
d31429742af662cf,domestic_travel,0.25,추천|후기
def959d13cd3fb00,domestic_travel,0.25,바다
62da5af278051412,domestic_travel,0.25,주말여행
2977156ee29f2551,food,0.25,추천|데이트
2977156ee29f2551,domestic_travel,0.50,주말여행|추천|데이트
300450b0a95918c3,domestic_travel,0.63,숙소|명소|추천
65546932d55c8564,food,0.38,맛집|추천
65546932d55c8564,domestic_travel,1.00,국내여행|주말여행|가볼만한곳|나들이|추천
f1aea9eeae54b98a,food,0.50,카페|웨이팅
cb54e8b300b23482,domestic_travel,0.38,숙소|추천
fae0fca2e57a8380,domestic_travel,0.25,주말여행
01c1781f597c7c2b,domestic_travel,0.50,주말여행|명소
14a86d5dc0fd5eab,domestic_travel,0.25,주말여행
166d7b35a8e3ef72,domestic_travel,1.00,국내여행|주말여행|가볼만한곳|나들이|추천
d45d4d1439d9d1e9,domestic_travel,0.38,숙소|추천
67eac120052aa86f,domestic_travel,0.63,국내여행|주말여행|추천
9ddae753cc0912c3,domestic_travel,0.25,주말여행
b0b648db5583bd8c,domestic_travel,0.75,주말여행|축제|나들이
aea8216f7f870eab,domestic_travel,0.88,당일치기|주말여행|서울근교|추천
3446c0b4d558c5e2,food,0.38,맛집|추천
3446c0b4d558c5e2,domestic_travel,0.88,국내여행|주말여행|바다|추천
8f45f82c4f6f9d28,food,0.25,방문|후기
8f45f82c4f6f9d28,domestic_travel,0.25,방문|후기
4c014a191747dd3d,domestic_travel,0.38,숙소|추천
2e5ceb918e3a6263,domestic_travel,0.63,국내여행|주말여행|추천
60d7716414e2f975,food,0.50,맛집|추천|데이트
60d7716414e2f975,domestic_travel,1.00,국내여행|주말여행|바다|추천|데이트
4cfe46a457240fb5,domestic_travel,0.63,주말여행|서울근교|추천
ce6689bb23377fec,domestic_travel,0.38,숙소|추천
d142c25b90c1a0bd,food,0.38,저녁|추천
d142c25b90c1a0bd,domestic_travel,0.88,주말여행|가볼만한곳|축제|추천
39a648c4eae6d2aa,domestic_travel,0.88,국내여행|주말여행|명소|추천
a274a475bb06fa98,domestic_travel,0.25,나들이
66de2196e4db1efa,domestic_travel,0.88,당일치기|주말여행|서울근교|추천
8ed7929d5822c193,food,0.38,방문|추천|후기
8ed7929d5822c193,domestic_travel,0.38,방문|추천|후기
a5140abdd519826d,food,0.25,메뉴
a5140abdd519826d,domestic_travel,0.50,가볼만한곳|나들이
d3f9f80a487c2b32,domestic_travel,0.25,주말여행
62c2acff2570be63,domestic_travel,0.38,바다|후기
91220872e6116b1b,domestic_travel,0.75,주말여행|가볼만한곳|명소
d8c222ab0ed4c1bb,food,0.38,맛집|추천
d8c222ab0ed4c1bb,domestic_travel,0.88,국내여행|주말여행|명소|추천
f4072e55d26cb037,food,0.38,카페|추천
f4072e55d26cb037,domestic_travel,0.88,국내여행|주말여행|가볼만한곳|추천
41ffbac9c19325a5,domestic_travel,0.50,가볼만한곳|나들이
f48c9229554855d5,domestic_travel,0.25,나들이
edd15b738f62fc65,domestic_travel,0.38,가볼만한곳|추천
42052bf7fd79dcd5,domestic_travel,0.38,숙소|추천
95fe36d264500a6a,domestic_travel,0.25,나들이
62858611e15cf769,domestic_travel,0.25,주말여행
22acd526e4c63916,domestic_travel,0.25,당일치기
d12fa3e15ddd373c,food,0.38,라멘|추천
182e79354381dd79,domestic_travel,0.50,주말여행|서울근교
1d12ccf5c20a2de8,domestic_travel,0.25,주말여행
7debab8136efc8ca,food,0.75,맛집|카페|추천|데이트
7debab8136efc8ca,domestic_travel,1.00,국내여행|당일치기|주말여행|서울근교|가볼만한곳|추천|데이트
bcb810b85edaf3b4,domestic_travel,0.25,주말여행
306779f021124cd8,domestic_travel,0.25,주말여행
3e3c991c77c8d267,food,0.25,맛집
3e3c991c77c8d267,domestic_travel,1.00,국내여행|당일치기|주말여행|가볼만한곳|축제
e927d35ba4c9ba1d,food,0.25,카페
e927d35ba4c9ba1d,domestic_travel,0.25,주말여행
ebf3451a1c6e321e,food,0.25,방문|추천
ebf3451a1c6e321e,domestic_travel,0.50,가볼만한곳|방문|추천
12315dfe4a03e632,domestic_travel,0.63,주말여행|서울근교|추천
722409546e284930,food,0.25,카페
722409546e284930,domestic_travel,0.50,당일치기|바다
1f2ee5b9f5d6c8a0,domestic_travel,0.25,당일치기
3bc7a65e704ad02c,food,0.25,웨이팅
3bc7a65e704ad02c,domestic_travel,0.25,당일치기
e989c4052613360a,domestic_travel,0.25,당일치기
0657d4046e73c1fd,food,0.25,방문|추천
0657d4046e73c1fd,domestic_travel,0.75,당일치기|가볼만한곳|방문|추천
315e611175808271,food,0.25,방문|추천
315e611175808271,domestic_travel,0.50,당일치기|방문|추천
45d689ad938ec1e5,domestic_travel,0.38,당일치기|후기
cec36139ab7c1a94,domestic_travel,0.25,당일치기
9c4faea8c16330e5,food,0.25,카페
9c4faea8c16330e5,domestic_travel,0.25,당일치기
366674d28c95572c,domestic_travel,0.25,당일치기
8aa65a49e7603aa0,food,0.25,방문|추천
8aa65a49e7603aa0,domestic_travel,0.75,당일치기|명소|방문|추천
10527d861bfcbedc,domestic_travel,0.38,당일치기|후기
8bb9a46e2c8de749,domestic_travel,0.25,당일치기
ccb7889ae13332ba,domestic_travel,0.25,당일치기
a933937ea3551d42,domestic_travel,0.25,당일치기
cfe9f78896869751,domestic_travel,0.25,당일치기
fa6dce0fc80d54ff,food,0.38,밥집|방문
fa6dce0fc80d54ff,domestic_travel,0.38,당일치기|방문
c1d7bb80c46d42e3,domestic_travel,0.25,당일치기
31a58aa5fac38069,domestic_travel,0.25,당일치기
e248bd69a459bbb4,domestic_travel,0.50,당일치기|해변
5210ed41adb613c2,domestic_travel,0.25,당일치기
eb8a1da82ab3012e,domestic_travel,0.25,당일치기
a8e80120faee32bf,domestic_travel,0.38,당일치기|추천
e6070ebd287e4742,food,0.25,카페
e6070ebd287e4742,domestic_travel,0.25,당일치기
b99e619996dd1bc2,domestic_travel,0.50,당일치기|바다
6b59049d8810fdc5,domestic_travel,0.50,당일치기|바다
af0b07f31b04b80e,domestic_travel,0.50,당일치기|바다
5eb37feb3575f5d9,domestic_travel,0.25,당일치기
753b14da4bc56039,food,0.25,내돈내산
753b14da4bc56039,domestic_travel,0.75,당일치기|시장|나들이
c6ede4103a8b95f4,domestic_travel,1.00,당일치기|서울근교|여행코스|시장
aeb013025069738b,domestic_travel,0.50,당일치기|가볼만한곳
fbfaa1b76b5bba91,domestic_travel,0.25,당일치기
d17a97f89ef0bb69,domestic_travel,0.25,당일치기
e8ef0ee97c27b6b7,domestic_travel,0.50,당일치기|가볼만한곳
d944912f683dbdd7,domestic_travel,0.50,당일치기|축제
08372e44a7ff8dd4,domestic_travel,0.38,당일치기|방문
0c778c9eb31f2c1d,domestic_travel,0.25,당일치기
42694f9032ed98b0,domestic_travel,0.50,당일치기|바다
9f1ce4c0db2d5942,domestic_travel,0.63,당일치기|명소|핫플
c658f5ab302375b0,domestic_travel,0.88,당일치기|축제|명소|추천
45a707536a5f442c,domestic_travel,0.63,당일치기|축제|추천
e57c441f5dad1daa,domestic_travel,0.50,당일치기|축제
b820515d0b17ca4e,domestic_travel,0.38,당일치기|추천
503e315992e02aea,domestic_travel,0.50,당일치기|숙소
b83aa823f204ca7e,domestic_travel,0.50,당일치기|바다
99ee8dde72fd7ab6,food,0.25,방문|후기
99ee8dde72fd7ab6,domestic_travel,0.50,당일치기|방문|후기
2fdb1db2015425f9,food,0.25,카페
2fdb1db2015425f9,domestic_travel,0.25,당일치기
62d596605a587921,domestic_travel,0.38,당일치기|후기
857e1edd89f723e4,domestic_travel,0.25,당일치기
e91248a1f71d062c,domestic_travel,0.38,당일치기|후기
35c8b6bad623bfd1,domestic_travel,0.25,당일치기
677839499267e915,food,0.50,메뉴|카페
677839499267e915,domestic_travel,0.50,당일치기|바다
e15d392f38852526,domestic_travel,0.25,당일치기
76e1bc1b72ccb524,food,0.25,카페
76e1bc1b72ccb524,domestic_travel,0.75,당일치기|숙소|바다
733caf81164e578e,domestic_travel,0.25,당일치기
503482e9889bafc9,food,0.25,고기
503482e9889bafc9,domestic_travel,0.25,당일치기
fea2f50ce6bb4889,food,0.25,점심
fea2f50ce6bb4889,domestic_travel,0.25,당일치기
9055dfad6d36a95a,food,0.63,맛집|다이닝|후기
9055dfad6d36a95a,domestic_travel,0.38,당일치기|후기
a2b5538981107449,domestic_travel,0.25,당일치기
54a0f8205e456e77,food,0.25,방문|추천
54a0f8205e456e77,domestic_travel,1.00,당일치기|가볼만한곳|나들이|방문|추천
e6cc3ee5b4d6a21b,domestic_travel,0.63,당일치기|명소|추천
928ad17bd5b908bf,domestic_travel,0.25,당일치기
16417929f4c48865,domestic_travel,0.25,당일치기
41870f482df1316c,food,0.25,카페
41870f482df1316c,domestic_travel,0.25,당일치기
0e4b250dff25001d,food,0.50,맛집|카페
0e4b250dff25001d,domestic_travel,0.25,당일치기
9ebbedd7501231e5,domestic_travel,0.50,당일치기|가볼만한곳
69d26c86d102d51d,domestic_travel,0.25,당일치기
722227b4f150762f,domestic_travel,0.50,당일치기|나들이
b3478c0f131494ea,domestic_travel,0.25,당일치기
6eb86d617d68b10e,domestic_travel,0.63,당일치기|여행코스|추천
7f5b95793a6e36c4,domestic_travel,0.25,당일치기
a8500f5abd7d2c2d,domestic_travel,0.25,당일치기
05672f1ec8077377,domestic_travel,0.63,당일치기|숙소|추천
8c3560487d183646,domestic_travel,0.25,당일치기
01e9ffaa9764068d,food,0.25,카페
01e9ffaa9764068d,domestic_travel,0.75,당일치기|여행코스|명소
09a6580969df2cf9,domestic_travel,0.38,당일치기|추천
0c023bbec8d5f8d6,domestic_travel,0.25,당일치기
7c35d9b713f4e63c,food,0.25,식당
7c35d9b713f4e63c,domestic_travel,0.25,당일치기
a75ccec874a295c3,domestic_travel,0.75,당일치기|가볼만한곳|나들이
423472ed6513f913,food,0.75,맛집|카페|방문|후기
423472ed6513f913,domestic_travel,0.50,당일치기|방문|후기
f5b68cb863034b7c,domestic_travel,0.38,당일치기|방문
211dbf434158e841,domestic_travel,0.38,당일치기|추천
c298626e97db2b95,domestic_travel,0.75,당일치기|축제|나들이
4a63c93fe6a115cb,food,0.25,추천|후기
4a63c93fe6a115cb,domestic_travel,0.50,당일치기|추천|후기
626f437d1fb5cf1b,domestic_travel,0.50,당일치기|명소
02cbf2b5313527fa,domestic_travel,0.25,당일치기
d1f3374f21204011,domestic_travel,0.25,당일치기
34e0c45ebc56d98a,domestic_travel,0.25,당일치기
01d18333de69bdeb,domestic_travel,0.63,당일치기|해변|추천
c1a834a658dd8c04,domestic_travel,0.25,당일치기
d15352e5959efeeb,domestic_travel,0.25,당일치기
9d8b5218db492a09,domestic_travel,0.25,당일치기
64bd3f5ad91cfd0e,food,0.25,방문|후기
64bd3f5ad91cfd0e,domestic_travel,0.50,당일치기|방문|후기
b3e577c5b979a951,food,0.25,방문|추천
b3e577c5b979a951,domestic_travel,0.50,당일치기|방문|추천
7bb6c991292cc550,domestic_travel,0.38,당일치기|추천
e0aae8185466a41d,domestic_travel,0.38,당일치기|방문
e69a6369db31a0f4,domestic_travel,0.50,당일치기|가볼만한곳
9bfad036094f6eab,food,0.38,맛집|방문
9bfad036094f6eab,domestic_travel,0.63,당일치기|바다|방문
baadbf3ac5363ee7,domestic_travel,0.25,당일치기
82eea4fd5ef48c27,domestic_travel,0.50,당일치기|가볼만한곳
b45d6f299fe6c90b,domestic_travel,0.25,당일치기
8baa7946a6556253,domestic_travel,0.50,당일치기|나들이
3e1619ab6a7e33b6,domestic_travel,0.25,당일치기
0d03d353e6ee274a,domestic_travel,0.25,당일치기
7ac561644df23645,domestic_travel,0.25,당일치기
b4dae962a01281f2,domestic_travel,0.25,당일치기
0a0b1806fa47cb14,food,0.25,점심
0a0b1806fa47cb14,domestic_travel,0.25,당일치기
7ca8c9eb551ace47,domestic_travel,0.50,당일치기|여행코스
01e03d201e39663e,domestic_travel,0.50,당일치기|바다
6a5cee7795c58630,food,0.25,맛집
6a5cee7795c58630,domestic_travel,0.25,당일치기
ca8ba5880c713395,food,0.25,식당
ca8ba5880c713395,domestic_travel,0.50,당일치기|바다
eac8cb1deecc0f3f,domestic_travel,0.38,당일치기|추천
8333cfe55a78575b,domestic_travel,0.25,당일치기
633d403f326baaf5,domestic_travel,0.25,당일치기
e55a779839555d8c,domestic_travel,0.25,당일치기
fcee934ac6d50c41,domestic_travel,0.25,당일치기
ddf29e0b1a41ea35,food,0.25,저녁
ddf29e0b1a41ea35,domestic_travel,0.50,당일치기|바다
38f2d1ecddc5413a,food,0.25,점심
38f2d1ecddc5413a,domestic_travel,0.25,당일치기
bcb9d78ae2a10cc5,food,0.38,맛집|후기
bcb9d78ae2a10cc5,domestic_travel,0.38,당일치기|후기
90bfa3791fc4039a,domestic_travel,0.88,당일치기|바다|명소|추천
46a6ccff9f83f74b,domestic_travel,0.38,당일치기|방문
1babfba619ef09f3,food,0.50,맛집|카페
1babfba619ef09f3,domestic_travel,0.50,당일치기|해변
8ef9e73df8938a09,domestic_travel,0.25,당일치기
c6d16184f99d4835,domestic_travel,1.00,당일치기|서울근교|가볼만한곳|축제|나들이
bd08de0e44ef4cde,domestic_travel,0.25,당일치기
65568169454ad067,domestic_travel,0.50,당일치기|해변
a803f53899e60500,food,0.25,저녁
a803f53899e60500,domestic_travel,0.25,당일치기
cb1c3656a1fc269d,food,0.50,저녁|밥집
cb1c3656a1fc269d,domestic_travel,0.25,당일치기
1ca4cc3b04b28155,food,0.38,웨이팅|방문
1ca4cc3b04b28155,domestic_travel,0.38,당일치기|방문
fbd63ab5cac2fa64,domestic_travel,0.25,당일치기
29a41510d12ca2ea,food,0.25,점심
29a41510d12ca2ea,domestic_travel,0.25,당일치기
c9039a698645b22c,domestic_travel,0.38,당일치기|후기
6bf74ecdc279b392,domestic_travel,0.25,당일치기
d46c880aa4f783a9,food,0.25,맛집
d46c880aa4f783a9,domestic_travel,0.50,당일치기|나들이
eb7033814a1c3258,food,0.38,맛집|데이트
eb7033814a1c3258,domestic_travel,0.38,당일치기|데이트
b09164960724905f,domestic_travel,0.38,당일치기|후기
6bc023071fd1dc7b,domestic_travel,0.25,당일치기
9d1ac19e3a397bde,domestic_travel,0.25,당일치기
6ddec9abec32c5f4,food,0.38,식당|추천
6ddec9abec32c5f4,domestic_travel,0.38,당일치기|추천
292d4adc58c0aac0,food,0.25,디저트
292d4adc58c0aac0,domestic_travel,0.25,당일치기
054c06b22872c7fa,domestic_travel,0.25,당일치기
f9453fb2adabbdb1,domestic_travel,0.25,당일치기
52780b2e201f8f53,domestic_travel,0.75,당일치기|가볼만한곳|나들이
019e39ed4299834e,food,0.25,카페
019e39ed4299834e,domestic_travel,0.25,당일치기
1818ff56392c1629,domestic_travel,0.88,당일치기|나들이|명소|후기
4a4f98ead7ed0eb4,domestic_travel,0.25,당일치기
bf40f8ae93ae3f40,domestic_travel,0.25,당일치기
f9de01878c61db7f,domestic_travel,0.38,당일치기|후기
82b2c7829b70c4e5,domestic_travel,0.38,당일치기|추천
0b0b4c1e36ddb107,domestic_travel,0.25,당일치기
6d7e5694a9a7c0c3,domestic_travel,0.25,당일치기
12cb3e3db2859190,domestic_travel,0.25,당일치기
c15ac91e7f5c4ad2,domestic_travel,0.75,당일치기|숙소|해변
5d436d8f21760892,food,0.75,카페|웨이팅|방문|후기
5d436d8f21760892,domestic_travel,0.50,당일치기|방문|후기
8e34c49c5370df56,food,0.50,맛집|점심
8e34c49c5370df56,domestic_travel,0.50,당일치기|시장
77383eb1573c6044,domestic_travel,0.75,당일치기|바다|축제
33022fa66fd81108,domestic_travel,0.25,당일치기
c9a57e34f90387fc,food,0.25,점심
c9a57e34f90387fc,domestic_travel,0.25,당일치기
933e36f57f57fa15,domestic_travel,0.50,당일치기|명소
be0e0c223fe7f53d,food,0.25,점심
be0e0c223fe7f53d,domestic_travel,0.25,당일치기
9c4dc0dddd338e4c,domestic_travel,0.25,당일치기
2bd6a64a45ad0070,food,0.25,추천|후기
2bd6a64a45ad0070,domestic_travel,0.50,당일치기|추천|후기
d3b2497f1811004f,food,0.25,방문|추천
d3b2497f1811004f,domestic_travel,1.00,당일치기|가볼만한곳|축제|나들이|방문|추천
7afba60006a3926f,food,0.25,고기
7afba60006a3926f,domestic_travel,0.50,당일치기|바다
43b47e7080d3a43a,domestic_travel,0.38,당일치기|추천
21da628404c8207a,food,0.25,방문|후기
21da628404c8207a,domestic_travel,0.50,당일치기|방문|후기
c19b74293daab948,domestic_travel,0.25,당일치기
9d5e49368bbf6260,domestic_travel,0.50,당일치기|가볼만한곳
04ac71b94bdaab12,domestic_travel,0.38,당일치기|추천
659ec241fcdfb1b0,domestic_travel,0.25,당일치기
28b904605a5dec02,domestic_travel,0.38,당일치기|후기
2f88c2c04cab52ef,domestic_travel,0.25,당일치기
9d5b9d3e2477b401,domestic_travel,0.50,당일치기|바다
cbbd257eaeb90bfe,domestic_travel,0.63,당일치기|서울근교|후기
1d2f589fcd55538d,domestic_travel,0.50,당일치기|바다
1fc02668deaa2907,domestic_travel,0.63,당일치기|숙소|추천
feb91ff7c40c5749,domestic_travel,0.38,당일치기|추천
e8e0e8ea5b6d10bc,domestic_travel,0.25,당일치기
389c7c4abb5e333b,domestic_travel,0.25,당일치기
36597a641c637893,domestic_travel,0.25,당일치기
d14cf9745c6e0f49,domestic_travel,0.25,당일치기
e4c05a79b6cd12ae,domestic_travel,0.25,당일치기
475916ec48301d9a,domestic_travel,0.25,당일치기
3728bf7547379007,domestic_travel,0.50,당일치기|나들이
4b512a449429cdf5,domestic_travel,0.25,당일치기
c3a65eeb425e7b03,domestic_travel,0.25,당일치기
002e8a7736d8ee72,domestic_travel,0.38,당일치기|추천
f3b1e77aca7c37e1,domestic_travel,0.25,당일치기
0ef02bdbf960b638,domestic_travel,0.38,당일치기|후기
8bfc7ad03578c08e,food,0.50,식당|점심
8bfc7ad03578c08e,domestic_travel,0.25,당일치기
2081f8bd7f0d52e8,food,0.25,방문|후기
2081f8bd7f0d52e8,domestic_travel,0.50,당일치기|방문|후기
cf769d1b6de05edf,domestic_travel,0.38,당일치기|후기
b17b40a23dc300a9,domestic_travel,0.38,당일치기|추천
b9de13efc3bc3cef,domestic_travel,0.38,당일치기|추천
e2096eb6d1502140,domestic_travel,0.50,당일치기|바다
13281ca7efc7cb7d,domestic_travel,0.25,당일치기
5be93429c5b837a6,domestic_travel,0.25,당일치기
b3b200de0dd9617d,food,0.25,카페
b3b200de0dd9617d,domestic_travel,0.25,당일치기
05f51b05799cd7b8,food,0.25,맛집
05f51b05799cd7b8,domestic_travel,0.50,당일치기|나들이
54d4b71f70b7bcb6,domestic_travel,0.38,당일치기|방문
9407ad0db1a1d94c,domestic_travel,0.25,당일치기
71f4ad9f0ea70786,domestic_travel,0.63,당일치기|서울근교|후기
3011dfecae37b0d9,food,0.25,카페
3011dfecae37b0d9,domestic_travel,0.50,당일치기|여행코스
3835b0d061fd92e1,domestic_travel,0.38,당일치기|데이트
ec62fe86086e6d2e,food,0.25,카페
ec62fe86086e6d2e,domestic_travel,0.50,당일치기|바다
6732c971b33dbda7,domestic_travel,0.38,당일치기|후기
1741b24a8676bb1e,domestic_travel,0.50,당일치기|바다
3f5f41d7e3080063,domestic_travel,0.25,당일치기
c9289e541ba70b4e,domestic_travel,0.25,당일치기
348755bcea4eeeef,domestic_travel,0.25,당일치기
dfd529aeae04b8f8,food,0.50,내돈내산|추천|후기
dfd529aeae04b8f8,domestic_travel,1.00,당일치기|여행코스|숙소|축제|추천|후기
4b4742b30c1ff982,domestic_travel,0.50,당일치기|바다
aa29dac5a73d7481,domestic_travel,0.75,당일치기|서울근교|나들이
bde782ac2b0e8c5c,domestic_travel,0.25,당일치기
9865e797423e0091,domestic_travel,0.25,당일치기
666bb86811a24e8b,food,0.75,맛집|카페|추천|후기
666bb86811a24e8b,domestic_travel,0.75,당일치기|가볼만한곳|추천|후기
43096c2dd35e1f82,domestic_travel,0.25,당일치기
55cb6afe92384842,domestic_travel,0.25,당일치기
5d517acecf311cd6,domestic_travel,0.38,당일치기|후기
371f92524301464a,domestic_travel,0.25,당일치기
b51ff042e149c35f,domestic_travel,0.63,당일치기|나들이|추천
d510131911dc0644,domestic_travel,0.63,당일치기|나들이|추천
221da649bfbdad28,domestic_travel,0.25,당일치기
9aa73809f1a5a52b,domestic_travel,0.25,당일치기
942c8fa102033926,food,0.38,맛집|방문
942c8fa102033926,domestic_travel,0.38,당일치기|방문
ae030bcd843931d7,food,0.25,맛집
ae030bcd843931d7,domestic_travel,0.25,당일치기
f74a6cc270f6f49b,domestic_travel,0.25,당일치기
a4c9494d31ca8222,food,0.25,카페
a4c9494d31ca8222,domestic_travel,0.25,당일치기
8c13d255354b51cd,domestic_travel,0.38,당일치기|추천
ca1947fcd15a67cd,domestic_travel,0.38,당일치기|추천
e3e26a5dae9071ee,food,0.50,맛집|추천|후기
e3e26a5dae9071ee,domestic_travel,0.50,당일치기|추천|후기
2683f2de538d4486,food,0.25,맛집
2683f2de538d4486,domestic_travel,0.25,당일치기
17e390ec5aaa0fca,domestic_travel,0.25,당일치기
bb50b38d7b9c3b32,domestic_travel,0.25,당일치기
109d1d6701b1e1ff,domestic_travel,0.50,당일치기|나들이
e5e6bc3934627f87,domestic_travel,0.25,당일치기
7918ec2f9151f059,food,0.25,카페
7918ec2f9151f059,domestic_travel,0.75,당일치기|가볼만한곳|나들이
e6199863bbb75375,domestic_travel,0.75,당일치기|해변|나들이
b47465049093263d,domestic_travel,0.25,당일치기
7387e808b21d933d,domestic_travel,0.25,당일치기
2cf0f959e528216c,domestic_travel,0.38,당일치기|후기
d2302a8afa3bf8f4,domestic_travel,0.25,당일치기
6f044f9c05d65c30,domestic_travel,0.25,당일치기
edae306437e828b2,food,0.25,저녁
edae306437e828b2,domestic_travel,0.25,당일치기
a26b21fd7d4b14d9,domestic_travel,0.38,당일치기|추천
6678598c9b5b78df,domestic_travel,0.50,당일치기|숙소
05a3994c53df44f0,domestic_travel,0.63,당일치기|숙소|후기
992dd1129934365c,domestic_travel,1.00,당일치기|가볼만한곳|축제|나들이|추천
14b8293b45cb8938,domestic_travel,0.25,당일치기
fcfd970e0d13e3e9,food,0.25,저녁
fcfd970e0d13e3e9,domestic_travel,0.25,당일치기
be602a8e4a4f2934,domestic_travel,0.25,당일치기
752cbacf23f01460,food,0.50,점심|저녁
752cbacf23f01460,domestic_travel,0.25,당일치기
44a459dbd4b4933d,domestic_travel,0.50,당일치기|바다
828ddf60054dcf70,domestic_travel,0.25,당일치기
04d14393d5eb1724,food,0.38,카페|추천
04d14393d5eb1724,domestic_travel,0.38,당일치기|추천
d8071f7a2b5a6e24,domestic_travel,0.63,당일치기|바다|후기
aedf55775dab2d16,food,0.25,추천|후기
aedf55775dab2d16,domestic_travel,0.75,당일치기|시장|추천|후기
96e921482cad5799,domestic_travel,0.25,당일치기
796597af6fb0da4b,domestic_travel,0.25,당일치기
93d8a98fb99d9c07,domestic_travel,0.38,당일치기|추천
e49c39bd27bdb09e,domestic_travel,0.25,당일치기
07228d55d841fd5f,domestic_travel,0.63,당일치기|가볼만한곳|추천
74d85326d2837a42,domestic_travel,0.25,당일치기
b0a3f9faecf31783,domestic_travel,0.25,당일치기
dc86098b8c7220f8,food,0.50,맛집|내돈내산
dc86098b8c7220f8,domestic_travel,0.25,당일치기
7a4efa1a0716c77b,domestic_travel,0.25,당일치기
50683646e98acfdd,domestic_travel,0.25,당일치기
1b030e4d19f12480,domestic_travel,0.38,당일치기|후기
e4f1f3707fbb5953,food,0.25,맛집
e4f1f3707fbb5953,domestic_travel,0.25,당일치기
dc953def8962f9d8,domestic_travel,0.25,당일치기
067b81cfd7e585e1,food,0.38,카페|추천
067b81cfd7e585e1,domestic_travel,0.63,당일치기|바다|추천
f7260c0af072f33a,domestic_travel,0.25,당일치기
19d98cfcbc1c242a,food,0.25,카페
19d98cfcbc1c242a,domestic_travel,0.25,당일치기
8097ad51faf03969,domestic_travel,0.25,당일치기
1464a843b2c2c0e4,domestic_travel,0.38,바다|방문
8e8fa03bb6d8430e,food,0.50,메뉴|카페
8e8fa03bb6d8430e,domestic_travel,0.50,당일치기|축제
3ddffb6f3608218b,domestic_travel,0.25,당일치기
857a100d6b7546c9,food,0.25,라멘
857a100d6b7546c9,domestic_travel,0.25,당일치기
d79265967bc7f29b,domestic_travel,0.25,당일치기
b200070e4710092a,domestic_travel,0.25,당일치기
69953dcae0007059,domestic_travel,0.25,당일치기
f0cd187c0b8d66c8,domestic_travel,0.25,당일치기
98713ce5a9a7d861,domestic_travel,0.25,당일치기
82e426e28f6aa7f6,domestic_travel,0.38,당일치기|추천
64a1588c5332c44a,food,0.88,맛집|점심|저녁|추천
64a1588c5332c44a,domestic_travel,0.38,당일치기|추천
231c6096bc9ed8bc,domestic_travel,0.63,당일치기|서울근교|추천
30949b43cc0f69f6,domestic_travel,0.50,당일치기|명소
bbecd18556e405e3,food,0.50,파스타|카페
bbecd18556e405e3,domestic_travel,0.25,당일치기
959a56dc73dc5467,domestic_travel,0.25,당일치기
a65703d99d4288b0,domestic_travel,0.25,당일치기
420c1f9f8c2db435,domestic_travel,0.63,당일치기|여행코스|후기
c9d4b2950b7ff1ba,domestic_travel,0.25,당일치기
1ff2580fc9496532,domestic_travel,0.25,당일치기
666f668c445959d5,domestic_travel,0.38,당일치기|추천
4793a4be69648329,food,0.25,고기
4793a4be69648329,domestic_travel,0.25,당일치기
105eb28bc073377d,domestic_travel,0.25,당일치기
16d97d1889f9cdae,domestic_travel,1.00,당일치기|가볼만한곳|해변|명소|데이트
24a353af083ceebd,food,0.25,맛집
24a353af083ceebd,domestic_travel,0.50,당일치기|가볼만한곳
97f6434e58d99a78,food,0.25,방문|후기
97f6434e58d99a78,domestic_travel,0.50,당일치기|방문|후기
7721647e50f8930d,food,0.38,저녁|추천
7721647e50f8930d,domestic_travel,0.63,당일치기|숙소|추천
820a728675b8120e,domestic_travel,0.25,당일치기
4f884c64a14e7908,food,0.38,점심|후기
4f884c64a14e7908,domestic_travel,0.38,당일치기|후기
173bb220d27b4d24,domestic_travel,0.50,당일치기|명소
5f0f75c28e878c96,domestic_travel,0.25,당일치기
e7809ad5db8b135c,domestic_travel,0.25,당일치기
bee38fea3654e3c3,domestic_travel,0.25,당일치기
8cd7dd691a6cc079,domestic_travel,0.25,당일치기
daa64e822a2f6d8f,food,0.25,방문|추천
daa64e822a2f6d8f,domestic_travel,1.00,당일치기|가볼만한곳|바다|해변|시장|방문|추천
6a84523c49c6a518,domestic_travel,0.25,당일치기
457dac2c56e86ac1,domestic_travel,0.38,당일치기|추천
7fc73d6cfd953f3c,food,0.38,카페|추천
7fc73d6cfd953f3c,domestic_travel,0.63,당일치기|축제|추천
88ff7919b06f1715,food,0.25,식당
88ff7919b06f1715,domestic_travel,0.25,당일치기
9289f36446cdb8ca,domestic_travel,0.25,당일치기
1b2a5aac9fe5ec03,food,0.63,맛집|고기|추천
1b2a5aac9fe5ec03,domestic_travel,0.38,당일치기|추천
1ff1ce0583156985,domestic_travel,0.63,당일치기|나들이|데이트
c0193d1df712aa13,domestic_travel,0.25,당일치기
e6c7f565440c7243,domestic_travel,0.38,당일치기|추천
0647b9b5e5ae158d,domestic_travel,0.25,당일치기
1bd9d8fedeaee83d,domestic_travel,0.25,당일치기
82e98df98d6fdbef,food,1.00,맛집|식당|점심|카페|추천
82e98df98d6fdbef,domestic_travel,0.38,당일치기|추천
7c1ae91feeb8f694,domestic_travel,0.50,당일치기|숙소
b178d586f29bc27b,domestic_travel,0.50,당일치기|해변
c9d065732f5b65fb,domestic_travel,0.50,당일치기|명소
249d632a53dc4793,domestic_travel,0.50,당일치기|나들이
398a5eb8dd07501a,domestic_travel,0.25,당일치기
34ed31d6f3aa7cb4,domestic_travel,0.25,당일치기
3971a63ae2143d0a,domestic_travel,0.25,당일치기
d717ab41ff2ab3f7,domestic_travel,0.63,당일치기|숙소|추천
ca3c1ee6694acb50,food,0.25,방문|추천
ca3c1ee6694acb50,domestic_travel,1.00,당일치기|여행코스|바다|방문|추천
68c3af4799320f9b,domestic_travel,0.38,당일치기|후기
a32c450165d52ad2,domestic_travel,0.88,당일치기|가볼만한곳|축제|추천
5f3e98681c2a3dc2,food,0.25,고기
5f3e98681c2a3dc2,domestic_travel,0.25,당일치기
8e4fcdb30c723c2e,domestic_travel,0.50,당일치기|바다
1a74073e00a883c3,domestic_travel,0.50,당일치기|축제
fbb51908d084f5f2,food,0.25,방문|추천
fbb51908d084f5f2,domestic_travel,0.75,당일치기|축제|방문|추천
5e137785e65da88f,food,0.25,맛집
5e137785e65da88f,domestic_travel,0.50,당일치기|명소
610232a8fc207aa7,food,0.25,맛집
610232a8fc207aa7,domestic_travel,0.75,당일치기|바다|시장
b80ee52ae8a7676a,domestic_travel,0.38,당일치기|추천
f26df849392d95fa,domestic_travel,0.63,당일치기|나들이|후기
4475103efade8ffd,domestic_travel,0.25,당일치기
5492d820c824b056,domestic_travel,0.50,당일치기|숙소
089cffeb9c48caef,domestic_travel,0.63,당일치기|축제|방문
3a4fdb43bb0d93e9,domestic_travel,1.00,당일치기|가볼만한곳|여행코스|나들이|명소|추천
629c5ae018c166c1,domestic_travel,0.25,당일치기
b7e32e64fb0fcf67,domestic_travel,0.25,당일치기
bc3b5a8bd2ee1d03,domestic_travel,0.25,당일치기
3e6cab5b3f80edfc,food,0.25,맛집
3e6cab5b3f80edfc,domestic_travel,0.25,당일치기
9834b8d70cdb12ba,domestic_travel,0.25,당일치기
8dd92c99dfe61b9b,domestic_travel,0.25,당일치기
e8f860f2514e170e,domestic_travel,0.25,당일치기
f1cb2ad0fceb2fed,domestic_travel,0.25,당일치기
01a3394d7db18be4,domestic_travel,0.25,당일치기
83bb1aa9e861cf7c,domestic_travel,0.38,당일치기|후기
da38d55f65da2730,domestic_travel,0.25,당일치기
e80e02841014abc6,domestic_travel,0.25,당일치기
ca384fcad066b0e9,food,0.25,추천|후기
ca384fcad066b0e9,domestic_travel,0.50,당일치기|추천|후기
17aa548c396314cb,domestic_travel,0.25,당일치기
878036bb413a072c,domestic_travel,0.50,당일치기|나들이
28e54bb798c94bc7,domestic_travel,0.75,당일치기|바다|해변
2e468b76205ffccd,domestic_travel,0.25,당일치기
deefa53d39e59826,domestic_travel,0.75,당일치기|바다|해변
86fe69b9aa939a19,domestic_travel,0.25,당일치기
2accd2262478b7c3,domestic_travel,0.25,당일치기
d903af007708de1b,food,0.38,점심|추천
d903af007708de1b,domestic_travel,0.38,당일치기|추천
ebb9146607855f0e,domestic_travel,0.38,당일치기|추천
aab3ac140769f08a,food,0.25,웨이팅
aab3ac140769f08a,domestic_travel,0.25,당일치기
f48f97dfd80945b3,food,0.38,카페|방문
f48f97dfd80945b3,domestic_travel,0.38,당일치기|방문
7a2fd72d9e1bcdb0,domestic_travel,0.38,당일치기|핫플
ef110d2945f153e0,food,0.88,맛집|점심|카페|추천
ef110d2945f153e0,domestic_travel,0.88,당일치기|시장|나들이|추천
3aaa56ef0c0c6bb8,domestic_travel,0.25,당일치기
85ebad1d31955f06,food,0.25,맛집
85ebad1d31955f06,domestic_travel,0.25,당일치기
acb9701ce1f9cbc2,domestic_travel,0.63,당일치기|명소|핫플
ee7d0e27580b3ed2,domestic_travel,0.50,당일치기|시장
016126479edfefa7,domestic_travel,0.38,당일치기|방문
c7a837db1b67a22f,domestic_travel,0.25,당일치기
87b09423ea2679f1,domestic_travel,0.25,당일치기
eee0af5f6e6862c2,domestic_travel,0.25,당일치기
e85ddccd767c3cec,domestic_travel,0.38,당일치기|후기
6ce166ecd1d87325,domestic_travel,0.25,당일치기
ead539ded05e6138,domestic_travel,0.25,당일치기
9b48f147ffff8408,food,0.25,추천|후기
9b48f147ffff8408,domestic_travel,0.75,당일치기|숙소|추천|후기
ee71be95909560d9,food,0.50,점심|카페
ee71be95909560d9,domestic_travel,0.25,당일치기
2a8b2025660866d7,domestic_travel,0.25,당일치기
8a3a580923fb9228,domestic_travel,0.50,당일치기|가볼만한곳
71e61e13753c8c32,domestic_travel,0.88,당일치기|가볼만한곳|명소|추천
dbdfcc05a3952489,domestic_travel,0.25,당일치기
1a7a00d1de5b7082,food,0.50,맛집|디저트
1a7a00d1de5b7082,domestic_travel,0.25,당일치기
45784458e47187ee,food,0.25,웨이팅
45784458e47187ee,domestic_travel,0.25,당일치기
f821f885a711c15d,domestic_travel,0.25,당일치기
71bf7c215a5878c3,domestic_travel,0.25,당일치기
367ef65c0539df40,domestic_travel,0.63,당일치기|가볼만한곳|추천
2ae6f8e204d0d954,domestic_travel,0.50,당일치기|시장
184a395f8d724519,domestic_travel,0.25,당일치기
423cc44e7734a364,food,0.25,추천|후기
423cc44e7734a364,domestic_travel,0.50,당일치기|추천|후기
18d476e9f3f6fb28,domestic_travel,0.75,당일치기|가볼만한곳|해변
11af29a9a9dcc41e,domestic_travel,0.25,당일치기
0961542cfce074c1,domestic_travel,0.25,당일치기
c873cb591af92b6e,food,0.38,식당|후기
c873cb591af92b6e,domestic_travel,0.38,당일치기|후기
c3d3c98d1a862879,domestic_travel,0.38,당일치기|후기
c1a5a1825bec22e7,food,0.25,방문|추천
c1a5a1825bec22e7,domestic_travel,0.75,당일치기|가볼만한곳|방문|추천
1a4dc5d6b9653e42,food,0.50,맛집|카페
1a4dc5d6b9653e42,domestic_travel,0.25,당일치기
04d6a9d4ca6487b6,food,0.38,웨이팅|추천
04d6a9d4ca6487b6,domestic_travel,1.00,당일치기|바다|해변|시장|추천
631fdf3a67478f0f,domestic_travel,0.25,당일치기
2e4a5bf4f91479d4,domestic_travel,0.25,당일치기
b1f1881026cf1d6d,food,0.50,맛집|추천|후기
b1f1881026cf1d6d,domestic_travel,1.00,당일치기|가볼만한곳|축제|명소|추천|후기
0a2a1d171bad022b,domestic_travel,0.38,당일치기|추천
5dfc795779004e3a,food,0.50,내돈내산|추천|후기
5dfc795779004e3a,domestic_travel,0.50,당일치기|추천|후기
9cd818d126c667f0,domestic_travel,0.50,당일치기|시장
7c6d7912db874e11,food,0.50,맛집|방문|추천
7c6d7912db874e11,domestic_travel,1.00,당일치기|시장|축제|방문|추천
204db465b7efc635,food,0.38,맛집|추천
204db465b7efc635,domestic_travel,0.88,당일치기|서울근교|가볼만한곳|추천
b9458d39181d30a6,food,0.25,추천|데이트
b9458d39181d30a6,domestic_travel,0.50,당일치기|추천|데이트
87e6c43b0c35902a,domestic_travel,0.25,당일치기
e217b6ffe45f51df,domestic_travel,0.50,당일치기|바다
46747da7cb9afb1b,domestic_travel,0.63,당일치기|가볼만한곳|추천
7bebf2bff48f3c36,domestic_travel,1.00,당일치기|가볼만한곳|나들이|명소
6ab1ef5284b4a2ed,food,0.25,추천|데이트
6ab1ef5284b4a2ed,domestic_travel,1.00,당일치기|서울근교|가볼만한곳|축제|추천|데이트
2d7edaf9835ac6ce,domestic_travel,0.25,당일치기
41e0452f726ab7a7,domestic_travel,0.25,당일치기
57e318ace7137489,domestic_travel,0.38,당일치기|추천
4f25bc20e600c2cb,food,0.25,카페
4f25bc20e600c2cb,domestic_travel,0.25,당일치기
2172403a04d13084,domestic_travel,0.25,당일치기
16e6d289c08ca597,domestic_travel,0.25,당일치기
902add4c9b34a45a,domestic_travel,0.38,당일치기|추천
311f620b239e0a6a,food,0.63,식당|저녁|후기
311f620b239e0a6a,domestic_travel,0.63,당일치기|축제|후기
97f01996ee1bcc4c,domestic_travel,0.38,당일치기|추천
f0b8ce7bce302b1c,domestic_travel,0.50,당일치기|축제
2a247d0dd899480a,food,0.50,맛집|고기
2a247d0dd899480a,domestic_travel,0.25,당일치기
854d6fef6e66d393,domestic_travel,0.25,당일치기
8d8b495eba87be75,domestic_travel,0.25,당일치기
1fa9e52979529717,domestic_travel,0.50,당일치기|명소
44d01b4bcaaff4c2,domestic_travel,0.25,당일치기
798910030d8c6f13,domestic_travel,0.25,당일치기
745d8d707c51d46c,domestic_travel,0.63,당일치기|축제|추천
cb20c57000275d23,domestic_travel,0.50,당일치기|여행코스
926d2789a70732ab,domestic_travel,0.25,당일치기
bfe805e792d8d66c,domestic_travel,0.50,당일치기|바다
7f9150844ea02358,domestic_travel,0.63,당일치기|나들이|후기
dca61f553a01c0d0,domestic_travel,0.63,당일치기|축제|추천
69509dc74576935c,food,0.25,점심
69509dc74576935c,domestic_travel,0.25,당일치기
16ee2236a3e7544a,domestic_travel,0.38,당일치기|추천
a0df87952ae3d54b,food,0.88,맛집|식당|카페|방문
a0df87952ae3d54b,domestic_travel,0.38,당일치기|방문
22e28b3c119f3130,domestic_travel,0.50,당일치기|숙소
67461f1a0400b0fa,food,0.50,맛집|식당
67461f1a0400b0fa,domestic_travel,0.25,당일치기
f7ed0be329efe542,domestic_travel,0.38,당일치기|추천
8a856fb799c6c592,domestic_travel,0.25,당일치기
7dcbeeefa6a0233b,food,0.63,맛집|방문|추천|후기
7dcbeeefa6a0233b,domestic_travel,0.63,당일치기|방문|추천|후기
49b6801cc49bf425,domestic_travel,0.38,당일치기|추천
0bbfb1fc7f3c58ef,food,0.50,맛집|메뉴
0bbfb1fc7f3c58ef,domestic_travel,0.50,당일치기|해변
bd5543cbced59206,food,0.25,방문|추천
bd5543cbced59206,domestic_travel,0.50,당일치기|방문|추천
239ca87580cfa509,domestic_travel,0.50,당일치기|숙소
892ffaabf2c3b372,domestic_travel,0.25,당일치기
181d25b6fe637434,food,0.50,카페|추천|후기
181d25b6fe637434,domestic_travel,0.75,당일치기|가볼만한곳|추천|후기
d30fea6ebd64185e,domestic_travel,0.50,당일치기|바다
1e0cd3b3aa96638d,food,1.00,맛집|식당|메뉴|저녁|방문|추천
1e0cd3b3aa96638d,domestic_travel,0.50,당일치기|방문|추천
dffffae5e2bb4219,food,0.25,저녁
dffffae5e2bb4219,domestic_travel,0.50,당일치기|숙소
a4b0047b4feb28df,food,0.38,식당|방문
a4b0047b4feb28df,domestic_travel,0.63,당일치기|축제|방문
b9c66c8412679023,food,0.25,맛집
b9c66c8412679023,domestic_travel,0.25,당일치기
20f94ed9d0e662ac,domestic_travel,0.38,당일치기|추천
f35c46b0891f7ad3,domestic_travel,0.38,당일치기|후기
732b68b994cd9a50,domestic_travel,0.25,당일치기
4d9600286a278f51,food,0.75,식당|고기|웨이팅
4d9600286a278f51,domestic_travel,0.50,당일치기|숙소
4d9a395a9319d541,domestic_travel,0.63,당일치기|바다|추천
480090cfd8f6d6f4,food,0.25,식당
480090cfd8f6d6f4,domestic_travel,0.25,당일치기
5fe504544059288b,food,0.38,카페|추천
5fe504544059288b,domestic_travel,1.00,당일치기|여행코스|숙소|바다|해변|추천
50a45658a8b41b1d,domestic_travel,0.88,당일치기|가볼만한곳|바다|추천
8bf4b4d2be4f352b,domestic_travel,0.25,당일치기
11e511a8e85b1c0e,food,0.38,고기|후기
11e511a8e85b1c0e,domestic_travel,0.63,당일치기|나들이|후기
0827863545fdd8be,food,0.25,방문|추천
0827863545fdd8be,domestic_travel,0.50,당일치기|방문|추천
0a96733107cb6974,domestic_travel,0.63,당일치기|명소|데이트
1a679583952079c5,domestic_travel,0.38,당일치기|후기
5de54a2eaf7c706d,domestic_travel,0.25,당일치기
646d30fa28c22157,domestic_travel,0.50,당일치기|나들이
f52d707c3da51fd1,domestic_travel,0.25,당일치기
6394ab340ee219b5,domestic_travel,0.50,당일치기|가볼만한곳
32492209fcc7548d,food,0.25,맛집
32492209fcc7548d,domestic_travel,0.75,당일치기|해변|나들이
8029a73a3c79261e,domestic_travel,0.50,당일치기|가볼만한곳
fc40f49d4a7ab23e,food,0.75,맛집|디저트|내돈내산
fc40f49d4a7ab23e,domestic_travel,0.50,당일치기|가볼만한곳
3d0bc1bee755bcdd,domestic_travel,0.38,당일치기|후기
407966d0b82b5069,domestic_travel,0.25,당일치기
33109019922f5d50,domestic_travel,0.38,당일치기|후기
9dd2562e02ac77b8,domestic_travel,0.50,당일치기|가볼만한곳
dc9f65d9565e11c7,food,0.25,맛집
dc9f65d9565e11c7,domestic_travel,0.75,당일치기|바다|시장
39609d796f0d1fe3,domestic_travel,0.25,당일치기
efea7e933f127cd9,domestic_travel,0.38,당일치기|추천
33c926484892567a,domestic_travel,0.63,당일치기|여행코스|추천
ce1b65ab953e848a,domestic_travel,0.50,당일치기|바다
d0c2943bb12a3649,food,0.38,맛집|방문
d0c2943bb12a3649,domestic_travel,0.38,당일치기|방문
259846717d64fbe0,domestic_travel,0.63,당일치기|바다|방문
1354c2cd3712fbc1,domestic_travel,0.25,당일치기
a95182d4e4a12fe4,domestic_travel,0.38,당일치기|추천
a31138931d6e9629,food,0.25,맛집
a31138931d6e9629,domestic_travel,0.25,당일치기
d7b6004c273f8764,domestic_travel,0.50,당일치기|가볼만한곳
1e30c3fb92a2f3d7,food,0.25,추천|데이트
1e30c3fb92a2f3d7,domestic_travel,0.75,당일치기|바다|추천|데이트
2f74ec0db79ddfc6,domestic_travel,0.38,당일치기|추천
603f49969690c180,food,0.63,카페|디저트|방문
603f49969690c180,domestic_travel,0.38,당일치기|방문
986145dd3e422772,domestic_travel,0.25,당일치기
1ad7059f3daae5f0,domestic_travel,0.25,당일치기
15c635b512aadfc5,domestic_travel,0.25,당일치기
2ff707d7b7a61281,domestic_travel,0.25,당일치기
300b58b31ffe30eb,domestic_travel,0.63,당일치기|바다|추천
c0a534356da84361,domestic_travel,0.63,당일치기|여행코스|추천
f323facfb778eb9f,domestic_travel,0.38,당일치기|추천
a6f2bb3abcce86b1,domestic_travel,0.25,당일치기
385c160b59bd56ff,domestic_travel,0.63,당일치기|가볼만한곳|방문
062dbeef8d81c25a,food,0.38,내돈내산|후기
062dbeef8d81c25a,domestic_travel,0.38,당일치기|후기
ba885a07612ea63c,domestic_travel,0.38,당일치기|추천
d07d0c057a9391f6,food,0.25,카페
d07d0c057a9391f6,domestic_travel,0.25,당일치기
da6d7f4c724015d5,domestic_travel,0.25,당일치기
208306bd0641eaef,domestic_travel,0.38,당일치기|추천
ca91ab439b4f3ee5,domestic_travel,0.25,당일치기
51246544ec086291,domestic_travel,0.38,당일치기|추천
f6ad7e9b586cff6d,food,0.25,방문|추천
f6ad7e9b586cff6d,domestic_travel,0.75,당일치기|바다|방문|추천
cbe0c04be86f64ee,domestic_travel,0.25,당일치기
17db5eaec3d27a6c,domestic_travel,0.38,당일치기|방문
dded49eeb84fd900,domestic_travel,0.63,당일치기|가볼만한곳|추천
d8578aee6a0a6a74,domestic_travel,0.25,당일치기
bb6729743b5a802f,food,0.25,방문|후기
bb6729743b5a802f,domestic_travel,0.50,당일치기|방문|후기
ac0a1d4fee6b9c8d,domestic_travel,0.25,당일치기
4fbd475be34cccb2,domestic_travel,0.63,당일치기|명소|추천
12dfab7a572463db,domestic_travel,0.25,당일치기
6e3ee1e90eb4d6ef,domestic_travel,0.25,당일치기
25db2bf8e7649511,domestic_travel,0.63,당일치기|축제|추천
8621b9a0e0bff6a1,domestic_travel,0.25,당일치기
6903dae894ae198d,food,0.25,식당
6903dae894ae198d,domestic_travel,0.25,당일치기
75e6c106d473adca,food,0.25,저녁
75e6c106d473adca,domestic_travel,0.50,당일치기|시장
951b882bedc61305,food,0.50,내돈내산|추천|후기
951b882bedc61305,domestic_travel,0.50,당일치기|추천|후기
957065666965154a,food,0.63,맛집|라멘|추천
957065666965154a,domestic_travel,0.38,당일치기|추천
cd8ef76baaac0592,domestic_travel,0.25,당일치기
d37779fdf64e70e2,food,0.38,디저트|추천
d37779fdf64e70e2,domestic_travel,0.63,당일치기|나들이|추천
897eca7cd84f4051,domestic_travel,0.50,당일치기|가볼만한곳
a3e102a77c31da06,domestic_travel,0.25,당일치기
3a28403a2a1bcc48,domestic_travel,0.25,당일치기
b2e01a3f432d253d,food,0.25,점심
b2e01a3f432d253d,domestic_travel,0.25,당일치기
4fa5663da7a466a3,domestic_travel,0.50,당일치기|나들이
30628ecab331a6ad,food,0.25,맛집
30628ecab331a6ad,domestic_travel,0.25,당일치기
b288b68ea508e4fb,food,0.25,저녁
b288b68ea508e4fb,domestic_travel,0.25,당일치기
b99e34ba31e215b9,domestic_travel,0.63,당일치기|바다|추천
82b61b4599e1cc6e,domestic_travel,0.25,당일치기
1876332ba661d301,domestic_travel,0.25,당일치기
f2b39e214d1fede2,domestic_travel,0.25,당일치기
fbe0304d913669a7,domestic_travel,0.63,당일치기|바다|추천
aef73851c83e2ffe,domestic_travel,0.25,당일치기
13a893a4c90cb056,domestic_travel,0.25,당일치기
90db5fb1f3bf092d,domestic_travel,0.25,당일치기
63cb9b86a92456ab,food,0.38,카페|추천
63cb9b86a92456ab,domestic_travel,0.38,당일치기|추천
40b06af7e1f391cc,food,0.50,맛집|밥집
40b06af7e1f391cc,domestic_travel,0.25,당일치기
68ff5eae5ad3aecc,domestic_travel,0.63,당일치기|서울근교|추천
11e39fd31ab774aa,domestic_travel,0.25,당일치기
f16339b8a08e80dc,food,0.50,맛집|방문|후기
f16339b8a08e80dc,domestic_travel,0.50,당일치기|방문|후기
f032bf3e4ee4c408,food,0.25,맛집
f032bf3e4ee4c408,domestic_travel,0.25,당일치기
ddeee6688d1f5d5d,domestic_travel,0.25,당일치기
dcbf199995fd1861,food,0.50,맛집|카페
dcbf199995fd1861,domestic_travel,0.50,당일치기|바다
42abda8d83d3ecdd,domestic_travel,0.25,당일치기
33216c11ed3c28c1,food,0.50,카페|방문|추천
33216c11ed3c28c1,domestic_travel,0.75,당일치기|나들이|방문|추천
d796e583e8c7f86c,food,0.25,식당
d796e583e8c7f86c,domestic_travel,0.25,당일치기
4871f16acc4248a2,domestic_travel,0.25,당일치기
87fc552789073acd,domestic_travel,0.75,당일치기|축제|나들이
ea06622e24adff57,domestic_travel,0.63,당일치기|숙소|후기
0ed7f2e7415dcd34,domestic_travel,0.38,당일치기|추천
38688920b9440577,domestic_travel,0.25,당일치기
9a189ec386ee6e58,domestic_travel,0.50,당일치기|바다
4f09e96cec20f245,food,0.25,추천|데이트
4f09e96cec20f245,domestic_travel,0.75,당일치기|축제|추천|데이트
cd0c10b500df12c3,food,0.50,식당|고기
cd0c10b500df12c3,domestic_travel,0.50,당일치기|시장
569a35a7851550ae,food,0.25,메뉴
569a35a7851550ae,domestic_travel,0.25,당일치기
34b37aa0a04f9922,domestic_travel,0.25,당일치기
1eab87680f4f8229,domestic_travel,0.25,당일치기
180ecc3b1647e859,domestic_travel,0.38,당일치기|추천
22aa44b7cf178c4c,domestic_travel,0.38,당일치기|후기
ed7792e2aae179f6,domestic_travel,0.38,당일치기|추천
b5a4cca8afe83080,domestic_travel,0.75,당일치기|바다|명소
814a78e00e16ce16,domestic_travel,0.63,당일치기|명소|추천
3978c22be79c7ce1,domestic_travel,0.88,당일치기|가볼만한곳|여행코스|핫플
d31b9eb4232929a8,domestic_travel,0.25,당일치기
27c27947d15112db,domestic_travel,0.25,당일치기
e56aa47a1f300098,domestic_travel,0.63,당일치기|가볼만한곳|방문
43b751482bd30cd0,domestic_travel,0.25,당일치기
66d536f802324be8,food,0.50,맛집|내돈내산
66d536f802324be8,domestic_travel,0.25,당일치기
a353e821c0536d71,domestic_travel,0.63,당일치기|시장|방문
4ffd88846374da75,domestic_travel,0.50,당일치기|나들이
d92f0e632d7e4721,domestic_travel,0.63,당일치기|나들이|추천
900b85777d1f1a3c,domestic_travel,0.38,당일치기|추천
86d1dc7893c2f4b2,domestic_travel,1.00,당일치기|가볼만한곳|여행코스|명소|후기
4da5911ee649f12a,domestic_travel,0.25,당일치기
f557784698aae89f,domestic_travel,0.50,당일치기|나들이
27b968cf767b4976,domestic_travel,0.50,당일치기|축제
1f53ed9f87a8f300,domestic_travel,0.38,당일치기|후기
626367c6cc90c783,domestic_travel,0.25,당일치기
bf21120ddb71c01f,food,0.63,맛집|식당|방문
bf21120ddb71c01f,domestic_travel,0.63,당일치기|나들이|방문
c9b1a19fdeb0f5d6,food,0.25,카페
c9b1a19fdeb0f5d6,domestic_travel,0.50,당일치기|숙소
ec46bbdd736a3cf4,domestic_travel,0.50,당일치기|숙소
b721873c9b090a1e,domestic_travel,0.25,당일치기
7a1eb3dd6840aa78,domestic_travel,0.25,당일치기
a485f9dd74894329,food,0.63,식당|카페|추천
a485f9dd74894329,domestic_travel,0.38,당일치기|추천
8d541be3fe7db02f,domestic_travel,0.50,당일치기|가볼만한곳
07e8075492cfca73,domestic_travel,0.38,당일치기|추천
1ddede6fed494217,domestic_travel,0.38,당일치기|방문
de2bdab7d80bc211,food,0.25,추천|데이트
de2bdab7d80bc211,domestic_travel,0.75,당일치기|나들이|추천|데이트
982482677ec10141,food,0.38,카페|추천
982482677ec10141,domestic_travel,0.63,당일치기|바다|추천
2eb67c445f9bab27,domestic_travel,0.25,당일치기
76680925b5de086b,domestic_travel,0.63,당일치기|명소|방문
f122c35b189dddd8,domestic_travel,0.63,당일치기|가볼만한곳|추천
3e2066e69f1403ff,domestic_travel,0.25,당일치기
27d46eeb36f6b76f,domestic_travel,0.63,당일치기|명소|방문
9764d424332966fe,food,0.50,카페|방문|후기
9764d424332966fe,domestic_travel,0.50,당일치기|방문|후기
6fb075a42d864992,domestic_travel,0.50,당일치기|축제
1c034d047d45a6c5,food,0.25,맛집
1c034d047d45a6c5,domestic_travel,0.25,당일치기
0013cfc859bf2669,domestic_travel,0.25,당일치기
b2ad017d36d5ab70,food,0.25,카페
b2ad017d36d5ab70,domestic_travel,0.25,당일치기
cbe93eb85bd35c93,food,0.50,맛집|추천|핫플
cbe93eb85bd35c93,domestic_travel,0.50,당일치기|추천|핫플
2f174d36af865573,food,0.25,저녁
2f174d36af865573,domestic_travel,0.50,당일치기|바다
1473f85274109706,domestic_travel,0.38,당일치기|후기
b865aadafba1c99b,domestic_travel,0.38,당일치기|추천
d00f29cdd47b7997,domestic_travel,0.25,당일치기
1ea67ebad6e4e798,food,0.25,추천|후기
1ea67ebad6e4e798,domestic_travel,1.00,당일치기|서울근교|여행코스|바다|추천|후기
81df641f4e62eee5,domestic_travel,0.50,당일치기|가볼만한곳
eaa820660cbb4709,food,0.25,맛집
eaa820660cbb4709,domestic_travel,0.50,당일치기|가볼만한곳
778f85a2a612922c,domestic_travel,0.25,당일치기
42599cba69da5b0f,food,0.63,맛집|카페|방문
42599cba69da5b0f,domestic_travel,0.38,당일치기|방문
d00f79ef23da2a8a,domestic_travel,0.25,당일치기
37046c9f75dd7350,domestic_travel,0.50,당일치기|바다
00957bb8dcf3b7b6,domestic_travel,0.38,당일치기|방문
4dcefc19255a7f1f,domestic_travel,0.63,당일치기|숙소|추천
9a6c04120a538697,domestic_travel,0.25,당일치기
e325a90e7e07976f,domestic_travel,0.25,당일치기
65be27f69ec5ab34,domestic_travel,0.38,당일치기|추천
e5e9c9197a57dfa5,domestic_travel,0.25,당일치기
13331cf54ba127f5,domestic_travel,0.88,당일치기|서울근교|나들이|추천
1ec3de0c3e5c1b19,food,0.50,맛집|카페
1ec3de0c3e5c1b19,domestic_travel,0.75,당일치기|나들이|명소
f730a71442f22cd3,domestic_travel,0.50,당일치기|명소
4ce13e837c2a6571,domestic_travel,0.25,당일치기
e01b2a72e72adcee,domestic_travel,0.25,당일치기
a5cf343dcf02196e,domestic_travel,0.25,당일치기
7af29b6fbdcc51f0,food,0.25,저녁
7af29b6fbdcc51f0,domestic_travel,0.25,당일치기
5a6b9f97068a921c,food,0.38,맛집|후기
5a6b9f97068a921c,domestic_travel,0.38,당일치기|후기
9c546ecd2d667381,domestic_travel,0.25,당일치기
bca45f9bf85d67fb,food,0.25,점심
bca45f9bf85d67fb,domestic_travel,0.25,당일치기
35478274817eba08,domestic_travel,0.25,당일치기
c7ac95c03fb87425,domestic_travel,0.38,당일치기|추천
50b3091f6750246b,domestic_travel,0.25,당일치기
28e77fd9fa50b2ee,food,0.25,방문|후기
28e77fd9fa50b2ee,domestic_travel,0.75,당일치기|여행코스|방문|후기
656ae6bf599863d4,domestic_travel,0.25,당일치기
2bd2c50cef978524,domestic_travel,0.63,당일치기|명소|추천
51ddf0df489c6f70,domestic_travel,0.25,당일치기
827bec2e870d7f94,food,0.38,방문|추천|데이트
827bec2e870d7f94,domestic_travel,1.00,당일치기|서울근교|가볼만한곳|방문|추천|데이트
de2cd73ba158d3de,domestic_travel,0.25,당일치기
b22290d0a9c843ff,domestic_travel,0.25,당일치기
310cce9373888583,food,0.25,방문|추천
310cce9373888583,domestic_travel,0.50,당일치기|방문|추천
3a5dc089cf342b4c,domestic_travel,0.25,당일치기
2a57aabcf6296106,domestic_travel,0.38,당일치기|방문
174e57a6ef45529e,domestic_travel,0.25,당일치기
0d8a7a08f3b3c23c,domestic_travel,0.25,당일치기
b76114d0967dcf7a,food,0.25,카페
b76114d0967dcf7a,domestic_travel,0.25,당일치기
d432d7a10c08413c,domestic_travel,0.63,당일치기|시장|방문
bea5c512aebff285,domestic_travel,0.25,당일치기
0063740b71fff4fa,domestic_travel,0.25,당일치기
686ea560d87205f4,domestic_travel,0.63,당일치기|해변|방문
fa957ae7f173d447,domestic_travel,0.75,당일치기|서울근교|가볼만한곳
021e2568211503e6,food,0.38,내돈내산|후기
021e2568211503e6,domestic_travel,0.38,당일치기|후기
1ff3948e8464b76c,food,0.38,카페|추천
1ff3948e8464b76c,domestic_travel,0.38,당일치기|추천
670c4f9f8947d19f,food,0.25,카페
670c4f9f8947d19f,domestic_travel,0.50,당일치기|여행코스
fec845c1f68f4ad5,domestic_travel,0.38,당일치기|후기
bf999944258abd9c,food,0.63,맛집|라멘|추천
59e134e992a56728,food,0.25,방문|후기
59e134e992a56728,domestic_travel,0.50,당일치기|방문|후기
ad7b9dca7d208400,food,0.25,카페
ad7b9dca7d208400,domestic_travel,0.25,당일치기
778229fce2ec09d8,domestic_travel,0.25,당일치기
d5c9217551d086b5,food,0.25,술집
d5c9217551d086b5,domestic_travel,0.75,당일치기|숙소|바다
3551c6791dee510d,domestic_travel,0.50,당일치기|바다
0494c324bbda9cf3,food,0.38,고기|핫플
0494c324bbda9cf3,domestic_travel,0.38,당일치기|핫플
11def36a628c623d,domestic_travel,0.38,당일치기|후기
ebb3f72bb8de569f,food,0.25,웨이팅
ebb3f72bb8de569f,domestic_travel,0.25,당일치기
b7a5915fc571ae7b,domestic_travel,0.38,당일치기|방문
ceaa485043ef8dca,domestic_travel,0.50,당일치기|가볼만한곳
5477fb84993fc157,domestic_travel,0.88,당일치기|가볼만한곳|명소|데이트
75f1159af9594d7e,domestic_travel,0.25,당일치기
4fbe1fc1c693f486,domestic_travel,0.25,당일치기
e2b0779116c34bdb,domestic_travel,0.25,당일치기
4fcc61ec9c6b1777,domestic_travel,0.50,당일치기|숙소
3ade8f4154e2f338,domestic_travel,0.25,당일치기
481e3c0fdf5a17bd,domestic_travel,0.38,당일치기|추천
8a58414d377f024c,domestic_travel,0.25,당일치기
ffdcfb1bd0e99afe,food,0.63,맛집|내돈내산|추천
ffdcfb1bd0e99afe,domestic_travel,0.88,당일치기|가볼만한곳|여행코스|추천
ed6af47c93a62169,food,0.63,내돈내산|방문|추천|후기
ed6af47c93a62169,domestic_travel,0.63,숙소|방문|추천|후기
9cc496358fc337dd,food,0.25,추천|후기
9cc496358fc337dd,domestic_travel,0.75,당일치기|가볼만한곳|추천|후기
2ccee19328692a84,food,0.38,카페|추천
2ccee19328692a84,domestic_travel,0.88,당일치기|바다|시장|추천
7606173767dfc899,domestic_travel,0.50,당일치기|명소
db141e6ba7458e42,domestic_travel,1.00,국내여행|당일치기|서울근교|가볼만한곳|추천
fc7c629065d53b03,food,0.50,식당|고기
fc7c629065d53b03,domestic_travel,0.50,당일치기|서울근교
2f78dc497b08dc15,domestic_travel,0.25,당일치기
1425b412ac727698,food,0.25,방문|추천
1425b412ac727698,domestic_travel,1.00,당일치기|축제|나들이|명소|방문|추천
ac5022fb6435d5f9,domestic_travel,0.25,당일치기
3c223b1c22b83de0,domestic_travel,0.38,당일치기|추천
b442e15c8e99e4b4,domestic_travel,0.25,당일치기
8f712fb3bc926f4b,domestic_travel,0.25,당일치기
4dd831ac62baf3f3,food,0.50,맛집|웨이팅
4dd831ac62baf3f3,domestic_travel,0.25,당일치기
95f9049ef8ff245d,domestic_travel,0.38,당일치기|추천
369cdcaeb7ed55ee,domestic_travel,0.25,당일치기
e09db1242c129655,food,0.25,저녁
e09db1242c129655,domestic_travel,0.50,당일치기|여행코스
3b9c892ef7504ddb,domestic_travel,0.25,당일치기
5ae5a5d408f9c1e2,domestic_travel,0.25,당일치기
9f8bc439d8ade108,food,1.00,맛집|카페|디저트|추천|핫플
9f8bc439d8ade108,domestic_travel,1.00,국내여행|당일치기|여행코스|시장|추천|핫플
f02f650548aa519b,domestic_travel,1.00,국내여행|당일치기|가볼만한곳|명소|추천
4d6aa7fc28d90bfa,food,0.63,맛집|카페|추천
4d6aa7fc28d90bfa,domestic_travel,0.63,당일치기|가볼만한곳|추천
36085689480d0393,food,0.50,맛집|방문|추천
36085689480d0393,domestic_travel,0.75,당일치기|시장|방문|추천
f752ed0fc7b0549c,domestic_travel,0.25,당일치기
00b95e0cdb8e2a02,domestic_travel,0.88,당일치기|여행코스|나들이|추천
dd67cbb398f16c42,food,0.25,추천|후기
dd67cbb398f16c42,domestic_travel,0.75,당일치기|나들이|추천|후기
76a8be4a916d4e23,food,0.25,카페
76a8be4a916d4e23,domestic_travel,0.25,당일치기
ca5b236e543a6c12,food,0.25,저녁
ca5b236e543a6c12,domestic_travel,0.75,당일치기|숙소|나들이
4d8dd6595e37d3ef,domestic_travel,0.25,당일치기
b9e3311a4c249bad,domestic_travel,0.38,당일치기|후기
48c13ea62d91f99b,food,0.38,카페|추천
48c13ea62d91f99b,domestic_travel,0.63,당일치기|바다|추천
cead7fcddbe3647a,food,0.50,카페|추천|후기
cead7fcddbe3647a,domestic_travel,0.75,당일치기|나들이|추천|후기
b52df97836ad4cb6,domestic_travel,0.25,당일치기
4bab9a6b5e435f70,domestic_travel,0.38,당일치기|후기
51944b376e93ff6e,domestic_travel,0.25,당일치기
5d4a4f412d8c41f6,domestic_travel,0.50,당일치기|바다
a8461935107e43ef,domestic_travel,0.63,당일치기|서울근교|추천
847824c2b8af0ed5,domestic_travel,0.25,당일치기
9709c898758a3e70,domestic_travel,0.50,당일치기|여행코스
31921a25938470fa,domestic_travel,0.50,당일치기|바다
6374186fa1bfd6a9,domestic_travel,0.38,당일치기|추천
680f89b06c612cb4,domestic_travel,0.88,당일치기|바다|명소|추천
f9d4a8a7b6198f3a,domestic_travel,0.63,당일치기|가볼만한곳|추천
6877fb9bd642f138,domestic_travel,0.75,국내여행|당일치기|가볼만한곳
685dc3a1e1316569,domestic_travel,0.25,당일치기
f5996555a949c5aa,domestic_travel,0.25,당일치기
384ecf04e4fe4272,domestic_travel,0.50,당일치기|나들이
32dc40aaeab81d52,food,0.38,카페|후기
32dc40aaeab81d52,domestic_travel,1.00,당일치기|서울근교|해변|명소|후기
5c429e3fdcc2eb38,domestic_travel,0.63,당일치기|숙소|추천
9bae3401d9f80e79,domestic_travel,0.75,당일치기|서울근교|나들이
2cba979f5a04253a,domestic_travel,0.38,당일치기|추천
c3881cd9f62543a5,domestic_travel,0.63,당일치기|시장|추천
6316e76a6fbba77f,domestic_travel,1.00,당일치기|가볼만한곳|여행코스|나들이
5b8f643dad76d6bc,domestic_travel,0.25,당일치기
a75ece2b31a76d43,domestic_travel,0.38,당일치기|후기
2bd866554d9a4ba0,domestic_travel,0.25,당일치기
fe39b7ba41303682,domestic_travel,0.88,국내여행|당일치기|바다|추천
88fdd07d96da0745,domestic_travel,0.50,당일치기|축제
e247c77c9b9aadd6,food,0.25,맛집
e247c77c9b9aadd6,domestic_travel,0.25,당일치기
02e3f0508862cd0a,domestic_travel,0.63,국내여행|당일치기|추천
03a9bb20edbdcdf0,food,0.63,맛집|추천|후기|데이트
03a9bb20edbdcdf0,domestic_travel,0.63,당일치기|추천|후기|데이트
dc3a0d52e14ae39e,food,0.38,식당|추천
dc3a0d52e14ae39e,domestic_travel,0.38,당일치기|추천
524fa773a1170fdd,domestic_travel,0.50,당일치기|바다
cb6dffdf6a0f2672,domestic_travel,0.88,당일치기|여행코스|바다|추천
0877139032d6a1ba,food,0.25,추천|핫플
0877139032d6a1ba,domestic_travel,0.75,당일치기|여행코스|추천|핫플
3d56f405fd5266fa,domestic_travel,0.38,당일치기|후기
523c02fb566ae457,food,0.25,추천|핫플
523c02fb566ae457,domestic_travel,1.00,국내여행|당일치기|가볼만한곳|여행코스|추천|핫플
dbd9c6a4b4bf2278,domestic_travel,0.25,당일치기
34d66e8767c83bbc,domestic_travel,0.38,당일치기|방문
40da6a90a519d072,domestic_travel,0.38,당일치기|방문
2f487b5c04d13945,domestic_travel,0.25,당일치기
4a7a844af8e199b9,domestic_travel,0.50,당일치기|숙소
c6060f5392113745,domestic_travel,0.38,당일치기|후기
f77f51189b39a309,food,0.25,방문|추천
f77f51189b39a309,domestic_travel,0.50,당일치기|방문|추천
acb6f1863ef5b21a,domestic_travel,0.75,당일치기|바다|해변
149f0ee111088c5c,domestic_travel,0.25,당일치기
0760f7c22bd0c37c,domestic_travel,0.50,당일치기|가볼만한곳
d240d0201235272a,domestic_travel,1.00,당일치기|가볼만한곳|축제|나들이
721e6e5b66885acb,domestic_travel,0.63,당일치기|서울근교|추천
592406d94cfcd13a,domestic_travel,0.38,당일치기|추천
452ac8181987c6fc,domestic_travel,0.38,당일치기|후기
f55448f834530ea5,domestic_travel,0.50,당일치기|바다
f17b30f634ceca44,domestic_travel,0.50,당일치기|바다
f3eab992e85dcf0c,domestic_travel,0.38,당일치기|후기
8b810754dedfe493,domestic_travel,0.25,당일치기
7950252795413356,domestic_travel,0.38,당일치기|추천
8888f2886eb7cf31,domestic_travel,0.50,당일치기|명소
191f23cb4d7a44df,domestic_travel,0.63,당일치기|나들이|방문
9ee731e447bfd22e,domestic_travel,0.25,당일치기
f2a8c6cada5c30d2,domestic_travel,0.25,당일치기
df0adbf700cbd7cc,food,0.25,추천|후기
df0adbf700cbd7cc,domestic_travel,0.50,당일치기|추천|후기
32e41d6122ef4616,domestic_travel,0.25,당일치기
71890d8ab2a7cade,food,0.38,고기|추천
71890d8ab2a7cade,domestic_travel,0.38,당일치기|추천
008c3c090c191487,domestic_travel,0.63,당일치기|축제|후기
443836e97e05ca7e,food,0.25,맛집
443836e97e05ca7e,domestic_travel,0.50,당일치기|명소
d656aeca0b33fbe0,domestic_travel,0.25,당일치기
1a33ed3888af3874,domestic_travel,0.25,당일치기
e6c207000e07ba50,domestic_travel,0.25,당일치기
de6f61aa82a95c8c,food,0.38,식당|추천
de6f61aa82a95c8c,domestic_travel,0.63,당일치기|바다|추천
06e4681c24a9faa7,food,0.25,방문|추천
06e4681c24a9faa7,domestic_travel,0.75,당일치기|축제|방문|추천
8384bfd3b437cb5c,food,0.38,내돈내산|데이트
8384bfd3b437cb5c,domestic_travel,0.88,당일치기|바다|나들이|데이트
25a80178dc6a8b18,domestic_travel,0.25,당일치기
5879e15a51a81897,food,0.38,고기|추천
5879e15a51a81897,domestic_travel,0.63,당일치기|바다|추천
40cc0030ece42098,domestic_travel,0.50,당일치기|명소
3d897eb2078cd575,food,0.25,추천|후기
3d897eb2078cd575,domestic_travel,0.50,당일치기|추천|후기
0b8dd3bc3ca2f5e8,domestic_travel,0.25,당일치기
81cc971d98ab4705,domestic_travel,0.63,당일치기|명소|후기
525ac5c6d81abe0e,domestic_travel,0.75,당일치기|여행코스|명소
a2b2306ea68446e3,domestic_travel,0.25,당일치기
96783ea011ccce7c,domestic_travel,0.25,당일치기
9005e96977363267,food,0.25,점심
9005e96977363267,domestic_travel,0.25,당일치기
31399c784f400e46,food,0.25,맛집
31399c784f400e46,domestic_travel,0.75,당일치기|나들이|명소
38ca84c819ace500,domestic_travel,0.38,당일치기|후기
26dff5222b8da9bc,domestic_travel,0.25,당일치기
07e9b61535a171bc,food,0.25,카페
07e9b61535a171bc,domestic_travel,0.25,당일치기
6ed24b117ad4b4cb,food,0.25,추천|데이트
6ed24b117ad4b4cb,domestic_travel,1.00,당일치기|서울근교|가볼만한곳|나들이|추천|데이트
5d5c6e0f530e9f08,domestic_travel,0.25,당일치기
c7da6bdffeb5a435,domestic_travel,0.50,당일치기|바다
756e86db218f6a56,food,0.25,방문|추천
756e86db218f6a56,domestic_travel,0.75,당일치기|숙소|방문|추천
bec1b6bb567ca2e4,domestic_travel,0.25,당일치기
ca06e2111df4e271,domestic_travel,0.25,당일치기
ea4beb0cede7fdfc,domestic_travel,0.88,당일치기|축제|명소|추천
89fa27c51c96b2b3,food,0.25,맛집
89fa27c51c96b2b3,domestic_travel,0.50,당일치기|여행코스
dde4d7cfb3b1781b,food,0.38,내돈내산|후기
dc4f4a855ad1e4cb,food,0.63,맛집|카페|방문
99c07bda42e686b1,domestic_travel,0.63,가볼만한곳|나들이|후기
73eb2c3e69756ec1,domestic_travel,0.50,서울근교|숙소
6cb20dbcce68df46,domestic_travel,0.50,서울근교|숙소
f573160c323baf3a,food,0.38,내돈내산|추천
f573160c323baf3a,domestic_travel,0.63,서울근교|숙소|추천
84f104480ba9e7a7,food,0.50,저녁|추천|데이트
84f104480ba9e7a7,domestic_travel,1.00,서울근교|숙소|바다|추천|데이트
4e34585bcb25d443,food,1.00,맛집|식당|카페|디저트|데이트
4e34585bcb25d443,domestic_travel,0.63,서울근교|나들이|데이트
d4088d3044fc3202,food,0.25,추천|데이트
d4088d3044fc3202,domestic_travel,0.50,서울근교|추천|데이트
b79ae2dd215d5d9e,domestic_travel,0.25,숙소
d9f75ab886c49da7,domestic_travel,0.63,서울근교|명소|추천
f498a37f5da3cae4,food,0.63,맛집|내돈내산|방문
f498a37f5da3cae4,domestic_travel,0.88,서울근교|가볼만한곳|바다|방문
a3c0d8a946388ee4,domestic_travel,1.00,서울근교|가볼만한곳|나들이|명소|데이트
2bc1baa1b4a004c6,food,0.75,맛집|식당|고기
12be64411ca9bd41,food,0.88,맛집|저녁|내돈내산|후기
2a28fa5c95da970f,food,0.38,내돈내산|후기
72144d3d01a1a33e,food,0.63,맛집|식당|추천
72144d3d01a1a33e,domestic_travel,0.38,서울근교|추천
a904676fc905a08d,domestic_travel,0.38,서울근교|방문
19d3420757d17d0b,domestic_travel,0.25,나들이
c3b038841ac85feb,food,0.25,방문|추천
c3b038841ac85feb,domestic_travel,0.75,서울근교|숙소|방문|추천
61bbdb9788d80337,domestic_travel,0.38,축제|추천
38957637650f449e,domestic_travel,0.25,숙소
090b389234879d10,domestic_travel,0.50,서울근교|가볼만한곳
b6a1a6f4537e7c68,food,0.38,추천|후기|데이트
b6a1a6f4537e7c68,domestic_travel,1.00,국내여행|서울근교|축제|나들이|명소|추천|후기|데이트
cc91dc513d735145,domestic_travel,0.75,서울근교|축제|명소
134f80681357593d,domestic_travel,0.75,서울근교|가볼만한곳|시장
4230d36b4d9ad984,food,0.63,맛집|카페|추천
1024d4d0caa063cc,domestic_travel,0.50,서울근교|가볼만한곳
f81f699e3ae558fd,domestic_travel,0.38,서울근교|추천
c249629ac5f5181a,food,0.75,식당|카페|방문|후기
c249629ac5f5181a,domestic_travel,0.25,방문|후기
7ffeec5cc2ac1719,food,0.25,추천|후기
7ffeec5cc2ac1719,domestic_travel,0.25,추천|후기
bc4320a031daf357,domestic_travel,0.63,서울근교|시장|추천
8b9126a4ee4a18de,domestic_travel,0.25,서울근교
2bd3ae15bfe6255b,domestic_travel,0.25,나들이
58e3c12fa86684ec,food,0.38,고기|방문
58e3c12fa86684ec,domestic_travel,0.38,숙소|방문
5c24f70c1d3d81d7,domestic_travel,0.88,서울근교|숙소|바다|추천
66e6732e80484188,domestic_travel,0.88,국내여행|서울근교|숙소|추천
bba72b0701964670,food,0.38,카페|후기
bba72b0701964670,domestic_travel,0.38,서울근교|후기
795bd6525a5f9c11,food,0.50,내돈내산|추천|후기
795bd6525a5f9c11,domestic_travel,0.25,추천|후기
4e6c6430ba88c97f,domestic_travel,0.38,당일치기|후기
faa485d8f2c3b703,food,0.25,핫플|데이트
faa485d8f2c3b703,domestic_travel,1.00,국내여행|서울근교|가볼만한곳|나들이|명소|데이트|핫플
91ef64753df150a3,food,0.25,추천|데이트
91ef64753df150a3,domestic_travel,0.50,나들이|추천|데이트
d0c8cfcbc08d1315,domestic_travel,0.38,당일치기|추천
eb8297b9569936d9,domestic_travel,1.00,서울근교|가볼만한곳|바다|나들이|추천
c47cb8d6fb260b86,domestic_travel,0.63,서울근교|명소|추천
e6223ab30386ef25,food,0.25,추천|후기
e6223ab30386ef25,domestic_travel,0.50,숙소|추천|후기
3dc42bada96e27ba,domestic_travel,0.38,가볼만한곳|추천
79501f2f8c7056a9,domestic_travel,1.00,당일치기|서울근교|축제|명소|데이트
074d742efbbd8cc8,food,0.25,카페
074d742efbbd8cc8,domestic_travel,0.25,당일치기
ecef5b9b1d55651c,domestic_travel,0.25,서울근교
cd0afcec7760d488,domestic_travel,0.38,명소|방문
bc9e8af20dd5d084,domestic_travel,0.38,당일치기|추천
2b746ea4493f77d7,food,0.38,추천|후기|데이트
2b746ea4493f77d7,domestic_travel,1.00,국내여행|서울근교|나들이|추천|후기|데이트
503c409b12c15fcd,food,0.38,고기|후기
a050777911eded8c,food,0.50,내돈내산|추천|후기
a050777911eded8c,domestic_travel,0.75,서울근교|숙소|추천|후기
ec65b76c33af471c,food,0.38,방문|추천|후기
ec65b76c33af471c,domestic_travel,0.63,숙소|방문|추천|후기
51ceae6bc6b15cf4,food,0.75,식당|방문|추천|후기|데이트
51ceae6bc6b15cf4,domestic_travel,1.00,국내여행|당일치기|서울근교|시장|축제|방문|추천|후기|데이트
31da69791c0838e3,domestic_travel,0.25,축제
d7c7715e89d59ded,domestic_travel,0.75,서울근교|가볼만한곳|나들이
2b35327d3ae12175,domestic_travel,0.75,서울근교|숙소|나들이
068c3501a763958e,food,1.00,맛집|카페|디저트|추천|핫플|데이트
068c3501a763958e,domestic_travel,0.63,서울근교|추천|데이트|핫플
bf60a65a7e30ee97,food,0.25,카페
bf60a65a7e30ee97,domestic_travel,0.50,바다|해변
6438fb5a1e12cca1,food,0.38,점심|추천
6438fb5a1e12cca1,domestic_travel,0.38,당일치기|추천
799243798ae8521d,food,0.50,카페|추천|데이트
799243798ae8521d,domestic_travel,0.25,추천|데이트
5106cb05516626f8,domestic_travel,0.38,숙소|추천
8fb9d321a8ad774e,domestic_travel,0.63,당일치기|가볼만한곳|추천
634a5f5c0a787f0d,domestic_travel,0.63,서울근교|숙소|추천
97c7c322f856d9da,domestic_travel,1.00,당일치기|서울근교|가볼만한곳|나들이|추천
bea23784a5644a7d,food,1.00,맛집|카페|디저트|추천|데이트
bea23784a5644a7d,domestic_travel,0.75,당일치기|서울근교|추천|데이트
5a2ef711627be257,domestic_travel,0.88,국내여행|서울근교|숙소|추천
85f3bbe110ad1f7b,food,0.75,맛집|카페|핫플|데이트
85f3bbe110ad1f7b,domestic_travel,1.00,서울근교|가볼만한곳|나들이|데이트|핫플
8858d98002e59c23,domestic_travel,1.00,국내여행|당일치기|서울근교|나들이|명소|추천
5495d604851548cc,food,0.88,메뉴|카페|브런치|추천
d135c64b519850f2,domestic_travel,0.25,서울근교
7f97b14f4df4394f,domestic_travel,0.88,서울근교|가볼만한곳|숙소|추천
e6e208fdaaf565d0,food,0.25,맛집
e6e208fdaaf565d0,domestic_travel,0.50,서울근교|가볼만한곳
73b8bf127df77e65,food,0.50,카페|추천|데이트
73b8bf127df77e65,domestic_travel,1.00,국내여행|서울근교|가볼만한곳|나들이|명소|추천|데이트
7a4cfdb42c32a012,food,0.25,추천|데이트
7a4cfdb42c32a012,domestic_travel,1.00,국내여행|당일치기|서울근교|가볼만한곳|나들이|추천|데이트
ff2fe40bbcbab29d,domestic_travel,0.88,가볼만한곳|바다|해변|추천
cc8618bd79231106,domestic_travel,0.38,서울근교|후기
79fa035e6babedc9,food,0.50,저녁|방문|후기
79fa035e6babedc9,domestic_travel,0.25,방문|후기
f10beadf34b177a4,food,0.25,맛집
856934d8c577b7d7,food,0.25,추천|후기
856934d8c577b7d7,domestic_travel,0.50,나들이|추천|후기
99184c0ae71746b0,domestic_travel,1.00,당일치기|서울근교|가볼만한곳|축제|나들이|데이트
ceeeba2723b6f066,domestic_travel,0.63,나들이|명소|추천
f6b7cd88aacfcd47,food,0.25,추천|데이트
f6b7cd88aacfcd47,domestic_travel,1.00,국내여행|서울근교|축제|명소|추천|데이트
a0d94cf30fdf921b,domestic_travel,0.63,당일치기|서울근교|데이트
93a1fd3b45d82f4d,food,0.38,후기|핫플|데이트
93a1fd3b45d82f4d,domestic_travel,1.00,국내여행|서울근교|가볼만한곳|축제|나들이|후기|데이트|핫플
abfb88939344f79c,food,0.25,추천|후기
abfb88939344f79c,domestic_travel,1.00,서울근교|바다|나들이|추천|후기
e6805952e2d3bc6e,domestic_travel,1.00,당일치기|서울근교|축제|명소|추천
a28f7279ce48887f,domestic_travel,0.88,서울근교|가볼만한곳|나들이|추천
069753f1e868e6be,food,0.50,맛집|추천|데이트
069753f1e868e6be,domestic_travel,1.00,서울근교|숙소|명소|추천|데이트
604730a8cb403ebd,food,0.50,맛집|식당
604730a8cb403ebd,domestic_travel,0.50,서울근교|나들이
817b4628177f6a4b,food,0.38,식당|추천
817b4628177f6a4b,domestic_travel,0.38,가볼만한곳|추천
418f2dfed256aaba,domestic_travel,0.50,서울근교|숙소
ba69c4d68e9a61bc,domestic_travel,0.25,서울근교
a7a027452b06f6fa,food,0.25,추천|후기
a7a027452b06f6fa,domestic_travel,0.50,서울근교|추천|후기
c2d47b2eb27a0ec9,food,0.25,추천|데이트
c2d47b2eb27a0ec9,domestic_travel,0.50,서울근교|추천|데이트
4210f1458c9e2052,domestic_travel,0.50,서울근교|숙소
25b8dc574d018965,food,0.50,브런치|추천|후기
25b8dc574d018965,domestic_travel,0.75,서울근교|가볼만한곳|추천|후기
72d2a146f0b393e6,food,0.25,추천|후기
72d2a146f0b393e6,domestic_travel,0.50,당일치기|추천|후기
c33ae8f1a25cccb0,food,0.38,고기|추천
c33ae8f1a25cccb0,domestic_travel,0.63,당일치기|서울근교|추천
91d7fbc88ffe29ba,domestic_travel,0.88,서울근교|가볼만한곳|숙소|추천
4a2ebc56b110a2f8,food,0.63,카페|방문|추천|데이트
4a2ebc56b110a2f8,domestic_travel,0.63,서울근교|방문|추천|데이트
b4e242e37e37c18d,food,0.50,카페|방문|추천
b4e242e37e37c18d,domestic_travel,0.75,당일치기|가볼만한곳|방문|추천
406b3bdde9bb11ca,food,0.25,추천|데이트
406b3bdde9bb11ca,domestic_travel,0.25,추천|데이트
1283a3511653fe95,food,0.50,카페|추천|핫플
1283a3511653fe95,domestic_travel,1.00,국내여행|서울근교|바다|나들이|명소|추천|핫플
643c0858c7aa8d52,domestic_travel,0.63,당일치기|나들이|추천
2e465de3b7d82946,food,0.25,카페
2e465de3b7d82946,domestic_travel,0.25,당일치기
adf92026414a1b17,domestic_travel,0.50,당일치기|축제
617f8209e8c6a70f,domestic_travel,0.38,서울근교|추천
2a0f9b76955565fa,domestic_travel,0.25,바다
1d8dbd9b0533b350,food,0.50,맛집|카페
1d8dbd9b0533b350,domestic_travel,0.25,숙소
ae83cb59827a9853,domestic_travel,0.63,축제|나들이|추천
3e723ecfd70dd34e,food,0.50,맛집|카페
73dd742e29b0e65f,food,0.25,추천|데이트
73dd742e29b0e65f,domestic_travel,1.00,국내여행|서울근교|가볼만한곳|나들이|명소|추천|데이트
899bab64e75572f7,domestic_travel,0.25,숙소
e951ffbf9602855c,food,0.25,추천|데이트
e951ffbf9602855c,domestic_travel,0.75,서울근교|가볼만한곳|추천|데이트
e4df5ffd6030cfab,food,0.25,추천|데이트
e4df5ffd6030cfab,domestic_travel,1.00,서울근교|가볼만한곳|나들이|추천|데이트
e77825187d3c9d1d,food,0.38,맛집|추천
976324dcf845f717,domestic_travel,0.50,당일치기|축제
5e6b36183ebff048,domestic_travel,0.38,서울근교|후기
5928d001909ffd4c,food,0.50,맛집|고기
5928d001909ffd4c,domestic_travel,0.25,서울근교
7727eed86d5bd715,domestic_travel,0.25,나들이
05dffcdb179e97fa,domestic_travel,1.00,국내여행|서울근교|가볼만한곳|바다|나들이|명소
64d1d1c90f4f4bdd,domestic_travel,1.00,당일치기|서울근교|가볼만한곳|축제
1601ddbb6a2a969b,domestic_travel,0.50,서울근교|축제
1014670da61e4bd2,food,0.50,맛집|추천|데이트
1014670da61e4bd2,domestic_travel,1.00,국내여행|당일치기|서울근교|가볼만한곳|나들이|추천|데이트
b5056dfbab57d6a2,food,0.25,방문|추천
b5056dfbab57d6a2,domestic_travel,0.25,방문|추천
2b391b6c4c34d486,food,0.25,추천|데이트
2b391b6c4c34d486,domestic_travel,1.00,서울근교|가볼만한곳|나들이|추천|데이트
2b0800c1ac21446c,domestic_travel,1.00,당일치기|서울근교|가볼만한곳|축제|명소
6adb5bf2cd0d130d,food,0.75,맛집|카페|추천|데이트
6adb5bf2cd0d130d,domestic_travel,1.00,국내여행|당일치기|서울근교|가볼만한곳|여행코스|나들이|추천|데이트
8da87c2c7ce53793,domestic_travel,0.25,서울근교
b7f4a471d6d6f7ed,food,0.38,방문|추천|후기
b7f4a471d6d6f7ed,domestic_travel,0.63,당일치기|방문|추천|후기
c019dc5af36e3c2a,food,0.25,추천|데이트
c019dc5af36e3c2a,domestic_travel,1.00,국내여행|서울근교|가볼만한곳|나들이|추천|데이트
cb515da0b5a85f74,domestic_travel,0.50,서울근교|숙소
ef94b10699ffc9c1,domestic_travel,0.50,서울근교|나들이
10808189a5849ee1,domestic_travel,0.63,서울근교|가볼만한곳|추천
dc55a14454a0ac92,domestic_travel,0.63,서울근교|숙소|추천
d4b56ca72150cd13,food,0.25,추천|데이트
d4b56ca72150cd13,domestic_travel,1.00,국내여행|서울근교|축제|나들이|추천|데이트
a11de36badacaf31,food,0.50,내돈내산|방문|후기
a11de36badacaf31,domestic_travel,0.25,방문|후기
4b1038eb5064ffd6,domestic_travel,0.63,서울근교|나들이|데이트
2945accfcc74b9fc,domestic_travel,1.00,국내여행|당일치기|서울근교|축제|명소
6d2d57e178ee431b,food,0.25,추천|후기
6d2d57e178ee431b,domestic_travel,0.50,숙소|추천|후기
832e399ca2d0ba04,food,0.25,맛집
832e399ca2d0ba04,domestic_travel,0.50,서울근교|나들이
053ed67f7508741f,domestic_travel,0.25,가볼만한곳
4357cda89dd2ce47,food,0.63,카페|추천|후기|데이트
4357cda89dd2ce47,domestic_travel,1.00,당일치기|서울근교|가볼만한곳|추천|후기|데이트
19e90c664524cc65,domestic_travel,0.75,서울근교|가볼만한곳|나들이
6659e2336b07d357,food,0.38,내돈내산|후기
6659e2336b07d357,domestic_travel,0.88,서울근교|가볼만한곳|나들이|후기
e65f90820b619987,domestic_travel,0.25,축제
2406464972c55628,food,0.25,추천|데이트
2406464972c55628,domestic_travel,1.00,당일치기|서울근교|가볼만한곳|축제|추천|데이트
724409f3052392b7,domestic_travel,0.88,서울근교|가볼만한곳|숙소|추천
12363f1302c8f0d6,domestic_travel,0.50,서울근교|숙소
1d46b53da88ce2a1,domestic_travel,0.63,해변|명소|추천
b2f44e0dca316aa4,domestic_travel,0.50,서울근교|가볼만한곳
e3b5c5f9d7e92d4c,food,0.25,추천|데이트
e3b5c5f9d7e92d4c,domestic_travel,1.00,서울근교|가볼만한곳|명소|추천|데이트
4bbf7379c6e557a8,domestic_travel,0.50,서울근교|나들이
db4084dd1af1b77e,domestic_travel,0.63,당일치기|서울근교|추천
8acc11a15cc71c01,domestic_travel,0.50,가볼만한곳|나들이
db2e591f3064cdea,domestic_travel,0.75,서울근교|숙소|나들이
60c249eaaf1aeca3,domestic_travel,0.63,숙소|바다|추천
1cd1b2e4757e717f,domestic_travel,0.88,서울근교|가볼만한곳|숙소|후기
3abbd4ef1bfc133b,food,0.50,카페|추천|데이트
3abbd4ef1bfc133b,domestic_travel,0.50,서울근교|추천|데이트
60e5a5b408adffe9,domestic_travel,0.88,서울근교|숙소|바다|추천
b4aa27c07181b6d3,domestic_travel,0.88,서울근교|가볼만한곳|숙소|추천
cf5b357559094aa9,domestic_travel,0.63,당일치기|바다|추천
4d2e0c3598ee3877,food,0.38,카페|추천
4d2e0c3598ee3877,domestic_travel,0.38,서울근교|추천
e23ac6f63caf700e,food,0.25,추천|후기
e23ac6f63caf700e,domestic_travel,1.00,주말여행|서울근교|숙소|추천|후기
de4aeb15cfcfd315,food,0.38,맛집|추천
de4aeb15cfcfd315,domestic_travel,0.38,숙소|추천
f330f613fa8c0ba2,food,0.63,맛집|내돈내산|추천
f330f613fa8c0ba2,domestic_travel,0.63,서울근교|시장|추천
fcb8fb8e94010437,food,0.25,카페
fcb8fb8e94010437,domestic_travel,0.50,당일치기|서울근교
db92d6b84419556c,food,0.25,추천|데이트
db92d6b84419556c,domestic_travel,1.00,주말여행|서울근교|가볼만한곳|숙소|추천|데이트
609add12769f5d19,domestic_travel,0.63,가볼만한곳|축제|후기
1158cb7173c0eef3,food,0.50,카페|추천|데이트
1158cb7173c0eef3,domestic_travel,0.50,서울근교|추천|데이트
ed5a9cdab3cff7cc,domestic_travel,0.25,서울근교
cead93ef0505b5ae,food,0.25,디저트
cead93ef0505b5ae,domestic_travel,0.50,서울근교|숙소
5f32a75b7215d273,domestic_travel,0.88,서울근교|가볼만한곳|나들이|데이트
b18061616ef38152,food,0.25,추천|후기
b18061616ef38152,domestic_travel,0.75,당일치기|나들이|추천|후기
f5ee7a057c7995eb,domestic_travel,1.00,당일치기|서울근교|가볼만한곳|축제|데이트
49806c0c61adae44,food,0.50,카페|브런치
49806c0c61adae44,domestic_travel,0.25,서울근교
8553aceb79537d53,food,0.25,추천|데이트
8553aceb79537d53,domestic_travel,1.00,서울근교|축제|나들이|명소|추천|데이트
fcc621f8188cfe17,food,0.25,추천|후기
fcc621f8188cfe17,domestic_travel,0.75,서울근교|가볼만한곳|추천|후기
ce8c91148fbab444,domestic_travel,1.00,서울근교|가볼만한곳|바다|해변|추천
c66200545dd38f12,domestic_travel,0.25,가볼만한곳
e149da40feb4fa48,domestic_travel,0.38,숙소|후기
6e15701bffc90512,domestic_travel,1.00,국내여행|당일치기|주말여행|서울근교|추천
e12d463a957b16df,food,0.75,맛집|카페|추천|후기
e12d463a957b16df,domestic_travel,0.50,숙소|추천|후기
afb7c894ee41525a,domestic_travel,0.25,서울근교
85aee1d7a3af278f,food,0.25,추천|데이트
85aee1d7a3af278f,domestic_travel,0.75,서울근교|가볼만한곳|추천|데이트
123f6513e2a9592f,food,0.38,추천|핫플|데이트
123f6513e2a9592f,domestic_travel,1.00,주말여행|서울근교|가볼만한곳|나들이|추천|데이트|핫플
3a5c2a070fd19d3c,food,0.25,카페
3a5c2a070fd19d3c,domestic_travel,1.00,당일치기|서울근교|가볼만한곳|나들이
cd22fa484f1653af,domestic_travel,0.50,국내여행|서울근교
9fc2974c5fb01e57,food,0.25,추천|데이트
9fc2974c5fb01e57,domestic_travel,0.50,나들이|추천|데이트
93c1f78534812cb2,domestic_travel,0.50,서울근교|숙소
1bc295b5a3a126b5,domestic_travel,1.00,당일치기|서울근교|가볼만한곳|나들이
e5512e363833aa75,food,0.38,카페|데이트
e5512e363833aa75,domestic_travel,0.63,서울근교|바다|데이트
c14d37673f4f5842,domestic_travel,0.63,서울근교|숙소|추천
06949686e8627e43,domestic_travel,0.38,숙소|추천
5a1746a2ea94a706,food,0.25,추천|데이트
5a1746a2ea94a706,domestic_travel,1.00,당일치기|주말여행|서울근교|가볼만한곳|나들이|추천|데이트
1e87ffe0141da51c,food,0.88,맛집|식당|고기|후기
1e87ffe0141da51c,domestic_travel,0.38,서울근교|후기
d57a0b8e5ff9c506,food,0.25,추천|후기
d57a0b8e5ff9c506,domestic_travel,1.00,당일치기|서울근교|나들이|추천|후기
32abf9b2645885b3,food,0.25,카페
32abf9b2645885b3,domestic_travel,0.50,가볼만한곳|명소
0957eed0c9c1a165,food,0.63,맛집|고기|데이트
0957eed0c9c1a165,domestic_travel,0.88,서울근교|가볼만한곳|나들이|데이트
739b2be48657f615,domestic_travel,0.25,숙소
c01a576767fc8fac,domestic_travel,0.38,숙소|추천
5ce2cc65072f2ada,domestic_travel,0.75,당일치기|서울근교|나들이
9d6f313143253da0,food,0.38,카페|데이트
5b1ccc8468fc9a74,food,0.25,추천|데이트
5b1ccc8468fc9a74,domestic_travel,1.00,국내여행|서울근교|가볼만한곳|추천|데이트
34dc37c8c2fafbab,domestic_travel,0.38,서울근교|추천
c12a9ee6e8a37290,domestic_travel,0.38,서울근교|후기
e4614667949fdad8,domestic_travel,0.25,축제
3956bc5ca295d15f,domestic_travel,0.50,축제|명소
4908cf553cb9db5f,domestic_travel,0.75,서울근교|가볼만한곳|축제
acda0b9a34b6f476,domestic_travel,0.25,숙소
8f7b2b2830435008,domestic_travel,0.88,국내여행|서울근교|숙소|추천
4ee374f1ddb52975,food,0.50,내돈내산|추천|후기
4ee374f1ddb52975,domestic_travel,0.25,추천|후기
8f4db74ecdb78628,food,0.25,추천|후기
8f4db74ecdb78628,domestic_travel,0.50,숙소|추천|후기
539193b984e3b0e6,domestic_travel,0.50,서울근교|숙소
4474aff6ae3c46d9,domestic_travel,0.75,서울근교|숙소|바다
ddb38658b3808a51,food,0.25,추천|데이트
ddb38658b3808a51,domestic_travel,1.00,당일치기|서울근교|가볼만한곳|추천|데이트
ee81c9b70b91efb2,domestic_travel,0.88,국내여행|당일치기|서울근교|추천
7853e6c823d74580,domestic_travel,0.63,서울근교|숙소|추천
ea3df3b08b48a9dd,food,0.25,내돈내산
6b1474151ea6326f,domestic_travel,0.25,숙소
9dda8109f706e457,food,0.25,추천|데이트
9dda8109f706e457,domestic_travel,1.00,국내여행|서울근교|가볼만한곳|추천|데이트
76ab12e70382ed57,food,0.25,추천|데이트
76ab12e70382ed57,domestic_travel,1.00,국내여행|당일치기|서울근교|가볼만한곳|추천|데이트
87757eede23d02a5,domestic_travel,0.50,숙소|축제
7cb733c833964439,food,1.00,맛집|카페|디저트|추천|데이트
7cb733c833964439,domestic_travel,0.75,서울근교|명소|추천|데이트
44de86812d851f33,domestic_travel,0.75,서울근교|가볼만한곳|축제
9a595b85fdb24c87,domestic_travel,0.38,나들이|데이트
21ace97d535579d6,food,0.63,맛집|카페|데이트
21ace97d535579d6,domestic_travel,0.63,서울근교|가볼만한곳|데이트
1e95208bb473ed70,domestic_travel,0.63,서울근교|숙소|추천
7e3279d37139af06,domestic_travel,0.25,서울근교
8d69fc9c0483e410,domestic_travel,0.25,당일치기
78ec10ed54f1f476,food,0.25,추천|데이트
78ec10ed54f1f476,domestic_travel,1.00,국내여행|당일치기|서울근교|가볼만한곳|나들이|추천|데이트
a4b6335c5ca74c6b,food,0.25,방문|후기
a4b6335c5ca74c6b,domestic_travel,0.50,가볼만한곳|방문|후기
59602923e1327721,domestic_travel,0.88,주말여행|서울근교|여행코스|추천
ee42d5f7d4026081,domestic_travel,0.38,숙소|후기
40e2ba5274e15719,food,0.25,추천|후기
40e2ba5274e15719,domestic_travel,1.00,주말여행|서울근교|숙소|추천|후기
72b81e12f2ff6fbd,domestic_travel,0.25,숙소
6eedfcb6881225f6,food,0.38,고기|추천
6eedfcb6881225f6,domestic_travel,0.38,숙소|추천
d31477b565a7260a,domestic_travel,0.38,축제|방문
8de4f815858d623f,domestic_travel,0.63,서울근교|숙소|후기
683650bce20559ec,food,0.38,후기|핫플|데이트
683650bce20559ec,domestic_travel,1.00,국내여행|서울근교|가볼만한곳|나들이|명소|후기|데이트|핫플
521c8368ff1fc7b3,food,0.75,맛집|내돈내산|추천|후기
521c8368ff1fc7b3,domestic_travel,1.00,국내여행|주말여행|서울근교|나들이|추천|후기
5e91f7bc7eb47d9a,domestic_travel,1.00,국내여행|당일치기|서울근교|가볼만한곳
67331963996aa2bd,food,0.63,맛집|식당|추천
67331963996aa2bd,domestic_travel,0.88,국내여행|주말여행|서울근교|추천
897ba9971df3e4dd,food,0.25,추천|후기
897ba9971df3e4dd,domestic_travel,0.50,숙소|추천|후기
c939969194afd23f,food,0.38,내돈내산|추천
c939969194afd23f,domestic_travel,0.63,서울근교|숙소|추천
07cbca731f461d18,domestic_travel,0.50,축제|나들이
2c8b02cb1d77a237,domestic_travel,0.25,숙소
90785efbb7c25f27,food,0.38,메뉴|추천
808de6e83096c681,domestic_travel,0.38,당일치기|추천
da3189d706558432,domestic_travel,0.50,당일치기|축제
e40cb5fc9ff0f7dc,domestic_travel,0.88,주말여행|가볼만한곳|숙소|추천
629d814dd726f49c,food,0.50,카페|웨이팅
629d814dd726f49c,domestic_travel,0.25,서울근교
4352e989cb337875,domestic_travel,0.50,서울근교|명소
e738ea7af6cad6f9,domestic_travel,0.50,서울근교|가볼만한곳
ee1ebbcf481f94e3,domestic_travel,1.00,국내여행|서울근교|가볼만한곳|명소|추천
0f76bae181646ff0,food,0.25,카페
c44a96a5c51bb9b8,food,0.25,추천|후기
c44a96a5c51bb9b8,domestic_travel,0.75,서울근교|숙소|추천|후기
8b1441baf09d0217,domestic_travel,0.88,가볼만한곳|축제|나들이|추천
5037efadc7e21edf,domestic_travel,0.75,서울근교|가볼만한곳|숙소
16446206603d5d75,domestic_travel,0.38,축제|후기
57153dd873a5f3fa,domestic_travel,0.88,서울근교|가볼만한곳|숙소|추천
53f18427fa8e3961,domestic_travel,0.25,바다
99af3540846de0c3,food,0.25,추천|후기
99af3540846de0c3,domestic_travel,0.75,서울근교|명소|추천|후기
ac21e6ae3d82d9d6,food,0.38,맛집|추천
ac21e6ae3d82d9d6,domestic_travel,0.63,서울근교|가볼만한곳|추천
974413d605810d11,domestic_travel,0.38,서울근교|추천
978fd24244f9f74a,food,0.63,맛집|추천|후기|핫플
978fd24244f9f74a,domestic_travel,1.00,국내여행|서울근교|가볼만한곳|숙소|나들이|추천|후기|핫플
7edaef4a155b09b3,domestic_travel,0.63,나들이|명소|추천
6f3618b35fed1d8e,food,0.75,맛집|식당|방문|추천
6f3618b35fed1d8e,domestic_travel,0.25,방문|추천
55f3d2bbccfca174,food,0.63,맛집|카페|추천
a56225ae083f2357,food,0.25,추천|데이트
a56225ae083f2357,domestic_travel,0.50,서울근교|추천|데이트
645352d00374daa0,domestic_travel,0.38,당일치기|추천
daf561a026c6f09f,domestic_travel,0.25,서울근교
33185979ea924660,food,0.25,추천|후기
33185979ea924660,domestic_travel,0.75,서울근교|가볼만한곳|추천|후기
738d95647261d96e,food,0.25,카페
9877b9272cb65a5a,domestic_travel,0.63,당일치기|축제|추천
dbb47661dfd2d26f,domestic_travel,0.63,당일치기|축제|추천
e620232202376b50,food,0.50,내돈내산|추천|후기
e620232202376b50,domestic_travel,0.75,서울근교|숙소|추천|후기
9857a40a21d3f87c,domestic_travel,0.50,가볼만한곳|나들이
165bcd5f22cdc011,food,0.50,맛집|추천|데이트
165bcd5f22cdc011,domestic_travel,0.25,추천|데이트
81de5578155a1d1e,food,0.50,카페|추천|핫플
81de5578155a1d1e,domestic_travel,0.25,추천|핫플
c0fc8879e2c06f0c,domestic_travel,0.25,서울근교
2283030e3d7725cf,food,0.50,맛집|고기
2283030e3d7725cf,domestic_travel,0.50,당일치기|서울근교
a1b22afc839ad2ca,domestic_travel,0.25,가볼만한곳
22b4cd56544bfdad,food,0.25,내돈내산
22b4cd56544bfdad,domestic_travel,0.25,숙소
2b58559021a86658,food,0.25,맛집
2b58559021a86658,domestic_travel,1.00,당일치기|서울근교|가볼만한곳|나들이
27287a296394ec1b,domestic_travel,0.25,축제
212149e299903bda,domestic_travel,0.50,당일치기|축제
85a6f0769524bcd5,domestic_travel,0.88,서울근교|시장|나들이|데이트
5fa33f6786e21baf,domestic_travel,0.88,국내여행|서울근교|숙소|추천
bdb73047c7ab4880,domestic_travel,0.38,서울근교|추천
e51c299744f604fc,food,0.25,추천|데이트
e51c299744f604fc,domestic_travel,0.50,숙소|추천|데이트
fb89999ea5fcfda2,domestic_travel,0.25,서울근교
81981ffd3aa4dba7,food,0.50,카페|추천|데이트
81981ffd3aa4dba7,domestic_travel,1.00,당일치기|서울근교|가볼만한곳|여행코스|추천|데이트
8422f3e3867cce0e,domestic_travel,0.38,당일치기|추천
23561ac49395d270,domestic_travel,0.63,국내여행|서울근교|추천
24ddcabda78d2fa5,domestic_travel,0.38,당일치기|추천
2845e5b6844c5af9,domestic_travel,0.38,서울근교|추천
6e7f7dd64ce05e23,food,0.38,맛집|후기
6e7f7dd64ce05e23,domestic_travel,0.63,당일치기|서울근교|후기
ca759dbbc3eb3a57,domestic_travel,0.63,가볼만한곳|바다|추천
5a28767ea1748de8,food,0.25,내돈내산
5a28767ea1748de8,domestic_travel,0.25,숙소
d315e3e6b39bb138,domestic_travel,0.25,숙소
6132313184114f3c,food,0.38,카페|추천
6132313184114f3c,domestic_travel,0.38,나들이|추천
fa0f6bd6589b7265,domestic_travel,0.25,당일치기
c1974486d4a38032,domestic_travel,1.00,국내여행|서울근교|가볼만한곳|명소|추천
909a2f67fcbc1661,domestic_travel,0.50,서울근교|바다
71d4aed532c7ee0c,food,0.63,식당|카페|추천
71d4aed532c7ee0c,domestic_travel,0.38,당일치기|추천
a1485fcdfb6babe6,domestic_travel,0.88,서울근교|가볼만한곳|숙소|추천
05d99d99ee0e1b11,domestic_travel,0.25,서울근교
ab2cd4c4de220869,food,0.38,맛집|데이트
ab2cd4c4de220869,domestic_travel,0.63,서울근교|가볼만한곳|데이트
3222f8b90b9060e0,food,0.50,맛집|고기
3222f8b90b9060e0,domestic_travel,0.25,서울근교
2ba8e315a12a2463,domestic_travel,0.50,서울근교|숙소
400dcc989f468933,food,0.38,추천|후기|핫플
400dcc989f468933,domestic_travel,0.88,서울근교|숙소|추천|후기|핫플
12958028583a4642,food,0.25,추천|데이트
12958028583a4642,domestic_travel,1.00,국내여행|서울근교|축제|나들이|추천|데이트
b1ca29f78d2d4ed3,food,0.63,맛집|카페|추천
b1ca29f78d2d4ed3,domestic_travel,0.63,서울근교|숙소|추천
2ba67b718bf52881,food,0.88,저녁|내돈내산|방문|추천|후기
2ba67b718bf52881,domestic_travel,0.88,바다|나들이|방문|추천|후기
3a342bc5ae95c2f8,domestic_travel,1.00,국내여행|서울근교|가볼만한곳|축제|추천
75ae1fe7c390da54,food,0.25,추천|데이트
75ae1fe7c390da54,domestic_travel,1.00,국내여행|주말여행|서울근교|가볼만한곳|추천|데이트
5e97f367b0714df7,food,0.25,추천|후기
5e97f367b0714df7,domestic_travel,1.00,서울근교|여행코스|숙소|추천|후기
b740b7a2dcba1b57,domestic_travel,0.75,서울근교|가볼만한곳|명소
06b1c2ebf194d57d,domestic_travel,0.63,서울근교|가볼만한곳|데이트
0157552c53718645,domestic_travel,0.63,나들이|명소|추천
1a256767aee23fb8,domestic_travel,1.00,당일치기|서울근교|가볼만한곳|숙소|추천
a267d380d68a274e,domestic_travel,1.00,당일치기|주말여행|서울근교|가볼만한곳|데이트
a8437d48f31fa42b,food,0.25,추천|데이트
a8437d48f31fa42b,domestic_travel,1.00,국내여행|당일치기|서울근교|숙소|나들이|명소|추천|데이트
6a885c6827ea470c,food,0.75,맛집|내돈내산|방문|후기
6a885c6827ea470c,domestic_travel,0.75,서울근교|나들이|방문|후기
2445880f5e11f972,domestic_travel,0.38,나들이|핫플
2703df5588b8a239,food,0.25,추천|후기
2703df5588b8a239,domestic_travel,0.25,추천|후기
5f470f574680acfb,domestic_travel,0.63,당일치기|바다|추천
553b017863826679,food,0.63,내돈내산|방문|추천|후기
553b017863826679,domestic_travel,0.63,숙소|방문|추천|후기
e8d8e1cabd2c6932,domestic_travel,0.25,나들이
62c184c97c958a61,domestic_travel,0.38,숙소|추천
802d2ae550cc58cf,domestic_travel,0.50,서울근교|축제
e7683b44d7c2ca29,food,0.25,추천|데이트
e7683b44d7c2ca29,domestic_travel,0.75,나들이|명소|추천|데이트
dde213c4ffea4ad2,food,1.00,맛집|식당|점심|저녁|핫플
dde213c4ffea4ad2,domestic_travel,0.63,서울근교|나들이|핫플
6ab4fbca916ef03f,domestic_travel,0.38,서울근교|후기
5bd91c704aa9e8e3,domestic_travel,0.50,서울근교|바다
37fcc9c2833a0585,domestic_travel,0.75,서울근교|가볼만한곳|명소
3a7575ce075950f6,domestic_travel,0.88,당일치기|축제|명소|추천
a2052ec7e9d1c8e8,domestic_travel,0.75,국내여행|서울근교|가볼만한곳
b989241c16c4e4be,food,0.63,맛집|카페|핫플
b989241c16c4e4be,domestic_travel,1.00,국내여행|주말여행|서울근교|여행코스|나들이|핫플
9c3d9e312b8b5585,domestic_travel,0.75,서울근교|가볼만한곳|나들이
17585c109d35f043,domestic_travel,0.88,서울근교|가볼만한곳|나들이|후기
e8ef92ac85c7f6b5,domestic_travel,0.25,바다
bc50c05bb29be3bb,domestic_travel,0.50,서울근교|숙소
c6ee324174aae30b,domestic_travel,1.00,당일치기|서울근교|여행코스|시장
05894210ae45d60f,domestic_travel,0.88,서울근교|가볼만한곳|나들이|데이트
cfda8eb6cb0c0c50,food,0.75,맛집|카페|추천|데이트
cfda8eb6cb0c0c50,domestic_travel,1.00,당일치기|서울근교|가볼만한곳|여행코스|추천|데이트
8eae5f7efe3b00b5,food,0.50,내돈내산|추천|후기
8eae5f7efe3b00b5,domestic_travel,1.00,주말여행|서울근교|가볼만한곳|숙소|추천|후기
9c153dc1b8033f5b,food,0.25,맛집
9c153dc1b8033f5b,domestic_travel,0.25,바다
c0060fd7531fb3c5,domestic_travel,0.38,서울근교|방문
5023d91f486077d0,food,0.63,카페|내돈내산|추천
5023d91f486077d0,domestic_travel,1.00,당일치기|서울근교|여행코스|바다|추천
707207622b91ae29,domestic_travel,0.88,당일치기|서울근교|나들이|추천
2a276e62964715c6,food,0.25,카페
2a276e62964715c6,domestic_travel,0.50,국내여행|서울근교
c818ea712231d589,domestic_travel,0.25,숙소
9fffa08abd5b3171,food,0.25,추천|핫플
9fffa08abd5b3171,domestic_travel,0.75,서울근교|나들이|추천|핫플
9b042f991d44cf35,domestic_travel,0.25,서울근교
c62e26d38e92f40e,food,0.25,추천|후기
c62e26d38e92f40e,domestic_travel,0.25,추천|후기
ff81de3bdc026a62,domestic_travel,1.00,당일치기|서울근교|가볼만한곳|해변
969804f3f7904fce,domestic_travel,0.75,당일치기|서울근교|시장
233c99c08f691973,food,0.63,맛집|메뉴|추천
233c99c08f691973,domestic_travel,0.38,서울근교|추천
cc2832eb87b23f70,domestic_travel,0.38,바다|추천
bdbd61bf4c799cc9,domestic_travel,0.50,당일치기|서울근교
28bfd4a9334816df,domestic_travel,0.63,서울근교|숙소|추천
683dec7cd49f70b4,food,0.25,맛집
03de1fce0666aa83,domestic_travel,0.38,당일치기|추천
2cc90a88ce19d27a,domestic_travel,1.00,국내여행|서울근교|바다|시장|나들이
35c4497ef3d9b54e,food,0.63,맛집|추천|핫플|데이트
35c4497ef3d9b54e,domestic_travel,0.88,서울근교|나들이|추천|데이트|핫플
909e20663ef929f5,food,0.38,추천|후기|핫플
909e20663ef929f5,domestic_travel,1.00,국내여행|당일치기|서울근교|나들이|추천|후기|핫플
e1b736b350cff9bf,domestic_travel,0.38,숙소|후기
05d75f59d476e1d8,domestic_travel,0.63,서울근교|숙소|추천
8e1553ec33c838ee,food,0.38,카페|추천
8e1553ec33c838ee,domestic_travel,0.88,주말여행|서울근교|명소|추천
c826108d339a88c6,domestic_travel,0.63,국내여행|서울근교|추천
3f5dfc52c16ab7fc,food,0.38,맛집|후기
3f5dfc52c16ab7fc,domestic_travel,0.38,서울근교|후기
94e4ba4d58c84cad,food,0.50,맛집|추천|데이트
94e4ba4d58c84cad,domestic_travel,1.00,국내여행|서울근교|가볼만한곳|숙소|추천|데이트
2db5f430f8c584f2,food,0.25,다이닝
5a778867c91cb45b,domestic_travel,0.88,서울근교|가볼만한곳|숙소|데이트
a13e92975c32328c,domestic_travel,0.88,서울근교|가볼만한곳|숙소|추천
25d183986eb15cd5,food,0.38,내돈내산|후기
25d183986eb15cd5,domestic_travel,0.63,서울근교|숙소|후기
b218ed1aea512014,domestic_travel,0.75,서울근교|가볼만한곳|나들이
185fdcc3263dc9f6,domestic_travel,0.38,서울근교|추천
45372392c96f368c,food,0.50,카페|추천|핫플
45372392c96f368c,domestic_travel,0.50,서울근교|추천|핫플
55d1f27388f0de5c,food,0.38,카페|데이트
55d1f27388f0de5c,domestic_travel,0.63,서울근교|숙소|데이트
c9426342c8d767a0,domestic_travel,0.63,축제|명소|추천
8a7ccbbc7e42a67d,food,0.88,맛집|카페|브런치|방문
c4bdbe8cc7890f2a,domestic_travel,0.50,당일치기|명소
8b535bf65818091b,food,0.63,내돈내산|방문|추천|후기
8b535bf65818091b,domestic_travel,0.63,숙소|방문|추천|후기
d5e3cfaec5f8368c,domestic_travel,0.25,서울근교
f7de7a3cba332aab,food,0.50,디저트|추천|핫플
f7de7a3cba332aab,domestic_travel,1.00,국내여행|당일치기|주말여행|서울근교|추천|핫플
a16ae99bd334091b,domestic_travel,0.88,서울근교|가볼만한곳|나들이|추천
5c7cbef196d76433,food,0.38,맛집|추천
62189aefd2df06a6,domestic_travel,0.88,서울근교|가볼만한곳|숙소|후기
05aca56d90f97e88,food,0.25,방문|추천
05aca56d90f97e88,domestic_travel,0.50,축제|방문|추천
e28b899d5a42bcc7,food,0.25,방문|추천
e28b899d5a42bcc7,domestic_travel,0.25,방문|추천
11fd64e5ea5fa755,domestic_travel,0.88,당일치기|서울근교|가볼만한곳|방문
8c69c5ed51f6e405,food,0.50,맛집|웨이팅
8c69c5ed51f6e405,domestic_travel,1.00,당일치기|서울근교|바다|해변|나들이
8d781ae0bd7082d5,food,0.25,추천|후기
8d781ae0bd7082d5,domestic_travel,0.75,서울근교|숙소|추천|후기
a8774fe6d7dc4782,domestic_travel,0.38,가볼만한곳|데이트
2bf559cc2249c6c7,domestic_travel,0.38,서울근교|추천
61f35e89e4d30e6a,food,0.25,맛집
61f35e89e4d30e6a,domestic_travel,0.50,서울근교|나들이
2cff374b8ff12574,domestic_travel,0.25,서울근교
c83cb7eb68d85a92,domestic_travel,1.00,당일치기|서울근교|가볼만한곳|나들이|명소|추천
bd1a31137c2af6d6,food,0.88,맛집|카페|추천|후기|핫플
bd1a31137c2af6d6,domestic_travel,1.00,국내여행|주말여행|서울근교|가볼만한곳|추천|후기|핫플
b462acaa82757432,domestic_travel,0.88,서울근교|가볼만한곳|나들이|후기
c5c168ed2d358689,domestic_travel,1.00,국내여행|주말여행|서울근교|가볼만한곳|축제|나들이
c196339c6e099313,food,0.25,추천|데이트
c196339c6e099313,domestic_travel,0.50,서울근교|추천|데이트
99e70d8388375887,food,0.38,카페|추천
99e70d8388375887,domestic_travel,0.38,서울근교|추천
b0d575f38d2f55ca,food,0.75,맛집|내돈내산|추천|후기
b0d575f38d2f55ca,domestic_travel,1.00,주말여행|서울근교|숙소|추천|후기
b093617ea51b47bd,food,0.38,카페|추천
b093617ea51b47bd,domestic_travel,0.63,서울근교|숙소|추천
0e6bfb3382f747f5,food,0.50,카페|방문|추천
0e6bfb3382f747f5,domestic_travel,1.00,서울근교|나들이|명소|방문|추천
359184e673d49faf,domestic_travel,0.50,서울근교|숙소
85656f2628d4c40b,domestic_travel,0.63,서울근교|숙소|추천
9d89d37f188e59bb,food,0.25,추천|후기
9d89d37f188e59bb,domestic_travel,0.75,서울근교|숙소|추천|후기
fbf26415db7ebc6d,food,0.38,추천|후기|데이트
fbf26415db7ebc6d,domestic_travel,1.00,국내여행|서울근교|가볼만한곳|축제|나들이|추천|후기|데이트
f697a791d8361b20,food,0.38,카페|추천
f697a791d8361b20,domestic_travel,0.63,서울근교|숙소|추천
bb571dd59f4e25d2,domestic_travel,0.63,서울근교|숙소|추천
2e087a66b8fde33e,food,0.25,추천|후기
2e087a66b8fde33e,domestic_travel,1.00,당일치기|서울근교|가볼만한곳|바다|나들이|명소|추천|후기
099f9076da41fb7d,food,0.50,맛집|카페
099f9076da41fb7d,domestic_travel,0.25,바다
c0f1a00d189fbdcd,domestic_travel,0.88,당일치기|서울근교|가볼만한곳|후기
1500f5517db2f922,domestic_travel,0.25,숙소
5a076d3d20b6cd43,domestic_travel,0.63,국내여행|서울근교|추천
688a3ee11ea990e8,domestic_travel,0.75,국내여행|서울근교|가볼만한곳
9f07cc16d2ed781b,food,0.25,추천|후기
9f07cc16d2ed781b,domestic_travel,0.50,숙소|추천|후기
f5e5b324c5f83efb,food,0.25,방문|후기
f5e5b324c5f83efb,domestic_travel,0.25,방문|후기
6f036a0cc74212f3,domestic_travel,0.25,축제
6add9182b1493363,food,0.25,브런치
8e042c0696aaa6c3,domestic_travel,0.88,당일치기|서울근교|명소|추천
9f9898a1fc97151c,domestic_travel,0.38,숙소|후기
1cc1dac9b0f9d9d3,domestic_travel,0.63,숙소|해변|추천
f74b1f6d48cc61aa,food,0.63,카페|디저트|후기
f74b1f6d48cc61aa,domestic_travel,0.63,서울근교|가볼만한곳|후기
65b3b57570f3012e,domestic_travel,0.38,축제|후기
011a19c79ccb2ebe,food,0.50,카페|추천|데이트
011a19c79ccb2ebe,domestic_travel,1.00,당일치기|서울근교|나들이|추천|데이트
51b193b888201d5b,food,0.50,맛집|후기|데이트
51b193b888201d5b,domestic_travel,0.75,서울근교|시장|후기|데이트
b0a19b41bc1079e4,food,0.50,맛집|카페
b0a19b41bc1079e4,domestic_travel,0.75,주말여행|서울근교|여행코스
099531bd429ac28c,domestic_travel,0.63,국내여행|서울근교|추천
74d7e9a74f86ad25,domestic_travel,0.38,숙소|추천
ad46b7681cdfa217,food,1.00,맛집|디저트|내돈내산|추천|데이트
ad46b7681cdfa217,domestic_travel,0.50,서울근교|추천|데이트
ea615cbc4b983441,domestic_travel,0.63,당일치기|서울근교|추천
3d02c666bea84054,food,0.25,카페
c3567e43935b4989,domestic_travel,0.63,당일치기|서울근교|추천
12d309a577e4514f,domestic_travel,0.50,서울근교|숙소
42ba9c79646411c8,food,0.25,추천|데이트
42ba9c79646411c8,domestic_travel,1.00,서울근교|가볼만한곳|숙소|추천|데이트
3b25d7361e78e050,domestic_travel,0.38,나들이|후기
01be73c63bc577d8,domestic_travel,0.88,당일치기|서울근교|나들이|핫플
c3a61fcbdb5a6423,food,0.25,추천|후기
c3a61fcbdb5a6423,domestic_travel,0.50,서울근교|추천|후기
69f6f039034b9329,domestic_travel,1.00,서울근교|가볼만한곳|축제|나들이|명소|후기
4cc702da8bf26d55,domestic_travel,1.00,당일치기|서울근교|가볼만한곳|축제|나들이|명소|추천
6f6823c921e0da8e,food,0.25,추천|데이트
6f6823c921e0da8e,domestic_travel,0.50,당일치기|추천|데이트
ec52093ca6f7d0e3,domestic_travel,0.38,나들이|추천
5def0bc8de4c386d,food,0.25,추천|후기
5def0bc8de4c386d,domestic_travel,0.25,추천|후기
c46f377d6c4dc686,domestic_travel,0.50,서울근교|숙소
97b0538bb6d23d86,domestic_travel,0.50,가볼만한곳|여행코스
7a5b0fa67f2bbb0e,food,0.63,맛집|카페|데이트
7a5b0fa67f2bbb0e,domestic_travel,0.88,서울근교|나들이|명소|데이트
5299faa9cd6a51d8,domestic_travel,0.88,당일치기|주말여행|서울근교|추천
e8ab9a9925b65f95,domestic_travel,0.25,나들이
59adb81e2aaeb02d,food,0.25,추천|데이트
59adb81e2aaeb02d,domestic_travel,1.00,국내여행|서울근교|가볼만한곳|축제|나들이|추천|데이트
fb4392cedf891a91,food,0.75,맛집|카페|추천|핫플
fb4392cedf891a91,domestic_travel,1.00,당일치기|서울근교|나들이|추천|핫플
aee4352b7ee8d7d7,domestic_travel,1.00,당일치기|서울근교|가볼만한곳|바다|나들이
9b7e58ef6479bf7a,food,0.63,맛집|내돈내산|후기
2e6875daaa4d9f8c,food,0.25,추천|후기
2e6875daaa4d9f8c,domestic_travel,0.75,서울근교|숙소|추천|후기
9f872841add8406d,food,0.25,방문|추천
9f872841add8406d,domestic_travel,0.25,방문|추천
0d0c41d46330ee9c,domestic_travel,0.50,축제|명소
b74189802a99bebe,food,0.38,카페|추천
b74189802a99bebe,domestic_travel,0.63,서울근교|나들이|추천
cd9e2c0ec5aebf2d,food,0.38,방문|추천|후기
cd9e2c0ec5aebf2d,domestic_travel,0.63,숙소|방문|추천|후기
4517cb951c9c3c86,food,0.25,후기|데이트
4517cb951c9c3c86,domestic_travel,1.00,서울근교|가볼만한곳|바다|명소|후기|데이트
72bc6b1b3c93c33b,food,0.50,카페|추천|핫플
72bc6b1b3c93c33b,domestic_travel,0.50,서울근교|추천|핫플
1d666ac9a4e690d2,domestic_travel,1.00,당일치기|서울근교|가볼만한곳|명소
f4e5cb7c8a882ac8,domestic_travel,0.25,당일치기
811b8f6b68557c4f,food,0.75,맛집|카페|추천|데이트
811b8f6b68557c4f,domestic_travel,0.50,서울근교|추천|데이트
adb2a6defdc75b2f,domestic_travel,1.00,주말여행|서울근교|가볼만한곳|나들이
07d6f6fb1f744d90,domestic_travel,0.63,서울근교|숙소|후기
a751fea842f31574,domestic_travel,0.25,당일치기
f7a309762b42312f,domestic_travel,0.25,축제
051801331316cc12,food,0.38,카페|추천
051801331316cc12,domestic_travel,0.63,서울근교|명소|추천
33c05c23b58e62d3,food,0.25,추천|데이트
33c05c23b58e62d3,domestic_travel,1.00,국내여행|서울근교|가볼만한곳|숙소|추천|데이트
03d5741fde0b27a9,domestic_travel,0.25,주말여행
a670774f3579a951,domestic_travel,0.88,서울근교|가볼만한곳|나들이|데이트
783cf55105031214,food,0.25,맛집
b136fcd8a2df7e3d,food,0.63,카페|내돈내산|후기
f6cff59bbc802c46,food,0.50,맛집|추천|데이트
f6cff59bbc802c46,domestic_travel,1.00,국내여행|당일치기|서울근교|가볼만한곳|추천|데이트
7ac97b691d4aea0f,food,0.50,맛집|카페
7ac97b691d4aea0f,domestic_travel,0.50,가볼만한곳|바다
c62a5fc0f115c0de,food,0.38,내돈내산|후기
42ecb808038e03f0,food,0.63,카페|디저트|추천
42ecb808038e03f0,domestic_travel,1.00,당일치기|주말여행|서울근교|여행코스|추천
24957a11c187d979,domestic_travel,0.25,바다
d51c71771326c3ae,domestic_travel,0.63,숙소|바다|후기
bb7192b9d8b3cf36,domestic_travel,0.75,서울근교|가볼만한곳|나들이
2041182aa31f838a,food,0.25,추천|후기
2041182aa31f838a,domestic_travel,1.00,서울근교|숙소|바다|추천|후기
af260d98a75dee28,domestic_travel,1.00,국내여행|당일치기|주말여행|서울근교|가볼만한곳|여행코스|나들이|추천
40e9b976c3d80746,food,0.25,추천|데이트
40e9b976c3d80746,domestic_travel,1.00,서울근교|축제|명소|추천|데이트
5a432b875a539995,food,0.38,고기|데이트
5a76f11fb033aeb7,food,0.25,추천|후기
5a76f11fb033aeb7,domestic_travel,1.00,서울근교|가볼만한곳|나들이|추천|후기
0be943fae8c19a7e,food,0.63,맛집|카페|방문
da4871b20de5de78,food,0.25,추천|후기
da4871b20de5de78,domestic_travel,0.25,추천|후기
a2dda21d4085f3a5,food,0.38,맛집|추천
a2dda21d4085f3a5,domestic_travel,0.63,가볼만한곳|시장|추천
bc4c93dcc1a5e59b,domestic_travel,0.38,서울근교|후기
87157be139d52d1a,food,0.50,맛집|카페
87157be139d52d1a,domestic_travel,0.50,서울근교|가볼만한곳
f975c9c76a3dcb0d,food,0.25,추천|데이트
f975c9c76a3dcb0d,domestic_travel,1.00,국내여행|당일치기|서울근교|가볼만한곳|축제|나들이|명소|추천|데이트
e971f58b6a47a889,food,0.50,추천|후기|핫플|데이트
e971f58b6a47a889,domestic_travel,1.00,국내여행|서울근교|축제|나들이|명소|추천|후기|데이트|핫플
bd4cb955703d5384,domestic_travel,1.00,당일치기|서울근교|가볼만한곳|축제|나들이|명소|데이트
64a9d0295f1fe792,food,0.25,맛집
db228750a02329a5,domestic_travel,0.38,박람회|후기
4b0a37ba7f5f85fe,food,0.38,방문|추천|후기
4b0a37ba7f5f85fe,domestic_travel,0.88,서울근교|숙소|방문|추천|후기
867b0d6771108a66,domestic_travel,0.25,축제
d733ee53a9b49123,food,0.75,맛집|점심|방문|후기
d733ee53a9b49123,domestic_travel,0.25,방문|후기
88192d465469058c,domestic_travel,0.50,서울근교|축제
830bff94d784164c,food,0.25,후기|핫플
830bff94d784164c,domestic_travel,1.00,서울근교|축제|나들이|후기|핫플
fdc8717b2fa90a2e,food,0.38,맛집|데이트
fdc8717b2fa90a2e,domestic_travel,0.88,서울근교|가볼만한곳|바다|데이트
7b537f45fd82780f,food,0.25,내돈내산
17cfc22f91e4f339,domestic_travel,0.88,당일치기|서울근교|명소|추천
93699dbac9ed021e,domestic_travel,0.88,국내여행|서울근교|나들이|데이트
20e26262b2f34d8d,food,0.63,맛집|방문|추천|데이트
20e26262b2f34d8d,domestic_travel,0.88,서울근교|가볼만한곳|방문|추천|데이트
b3178b5a2b81e27d,food,0.38,카페|데이트
b3178b5a2b81e27d,domestic_travel,0.63,당일치기|서울근교|데이트
03d225881a692420,food,0.25,추천|후기
03d225881a692420,domestic_travel,1.00,당일치기|서울근교|가볼만한곳|바다|추천|후기
7c250cce006ea327,food,0.25,추천|데이트
7c250cce006ea327,domestic_travel,1.00,서울근교|가볼만한곳|축제|나들이|추천|데이트
621f0f8fd5a513b3,domestic_travel,0.88,서울근교|가볼만한곳|숙소|추천
71888b2302cbe3b9,domestic_travel,0.63,서울근교|숙소|추천
619e82df8885c88e,domestic_travel,1.00,국내여행|당일치기|주말여행|서울근교|여행코스|추천
fad0be299f687a87,domestic_travel,0.75,당일치기|서울근교|가볼만한곳
f32d5ccb9b37df1e,food,0.75,카페|디저트|추천|핫플
f32d5ccb9b37df1e,domestic_travel,1.00,국내여행|서울근교|나들이|추천|핫플
f369b28423ac72e8,food,0.38,카페|데이트
f369b28423ac72e8,domestic_travel,0.38,명소|데이트
79997115f24d67a3,food,0.25,추천|후기
79997115f24d67a3,domestic_travel,0.50,서울근교|추천|후기
91d5681365a6a205,domestic_travel,0.25,박람회
dc992077f22ac07f,food,0.63,카페|추천|핫플|데이트
dc992077f22ac07f,domestic_travel,1.00,당일치기|서울근교|바다|나들이|명소|추천|데이트|핫플
73e69206990004b5,food,0.50,추천|후기|핫플|데이트
73e69206990004b5,domestic_travel,1.00,당일치기|서울근교|가볼만한곳|추천|후기|데이트|핫플
68b76837f7248b91,domestic_travel,0.75,주말여행|서울근교|숙소
2bd41b3cf8bf1ac7,food,0.25,맛집
2bd41b3cf8bf1ac7,domestic_travel,0.25,당일치기
25b44a863d030bb7,domestic_travel,0.63,서울근교|축제|추천
568f1729d53f08ba,domestic_travel,0.63,서울근교|숙소|추천
1675da06316008b0,domestic_travel,0.63,서울근교|숙소|후기
411dbe5bcb8d7c8d,domestic_travel,0.38,가볼만한곳|후기
ca6839f407479538,domestic_travel,0.25,당일치기
fcd60f52815e295e,domestic_travel,0.25,당일치기
50883c70b97c8e9b,food,0.50,카페|추천|데이트
50883c70b97c8e9b,domestic_travel,1.00,당일치기|서울근교|가볼만한곳|시장|추천|데이트
abcd97f29ef2d00f,domestic_travel,0.50,당일치기|서울근교
3d815df63c4d8d94,domestic_travel,0.25,가볼만한곳
bbb959560d5bb05f,food,0.25,추천|후기
bbb959560d5bb05f,domestic_travel,0.75,서울근교|나들이|추천|후기
d29c8cc2f2d5a998,food,0.25,맛집
d29c8cc2f2d5a998,domestic_travel,0.25,당일치기
78395c2992f68d9f,domestic_travel,0.38,당일치기|추천
cb45b721defd794c,domestic_travel,0.25,서울근교
a4e6111cbe4d0153,domestic_travel,0.38,축제|추천
cb880b7b4babdff5,food,0.25,추천|데이트
cb880b7b4babdff5,domestic_travel,0.75,서울근교|숙소|추천|데이트
bc3016d9b2d358a6,food,0.75,메뉴|카페|핫플|데이트
bc3016d9b2d358a6,domestic_travel,0.50,서울근교|데이트|핫플
b2219bbdac8315bb,food,0.63,카페|디저트|방문
e1034cd6cb2872fe,domestic_travel,0.50,서울근교|숙소
318105610679ae71,food,0.25,카페
318105610679ae71,domestic_travel,0.50,당일치기|바다
413c0ff0c9bce2da,domestic_travel,0.25,나들이
62674ac596eb566b,food,0.50,카페|브런치
a97010284d4b3223,domestic_travel,0.25,가볼만한곳
81941a29927c5f50,domestic_travel,1.00,국내여행|당일치기|서울근교|바다|추천
1c4db40f2cc2d24f,domestic_travel,0.63,서울근교|가볼만한곳|추천
c20fa04362834644,domestic_travel,0.25,바다
314c9b6b6576a387,food,0.88,점심|저녁|카페|추천
314c9b6b6576a387,domestic_travel,0.63,당일치기|서울근교|추천
b2d91aa7c87aff44,domestic_travel,0.50,당일치기|서울근교
785f11fd378862a6,domestic_travel,0.50,서울근교|가볼만한곳
fc99c94deecc30fc,food,0.38,카페|추천
fc99c94deecc30fc,domestic_travel,0.38,바다|추천
80dc802b9fe25170,food,0.25,추천|후기
80dc802b9fe25170,domestic_travel,0.75,서울근교|가볼만한곳|추천|후기
87439b533863e3b4,domestic_travel,0.75,당일치기|서울근교|명소
743fc7d2cf3da6a3,domestic_travel,0.88,당일치기|가볼만한곳|명소|추천
271cb36416e65b67,domestic_travel,1.00,당일치기|서울근교|바다|해변|나들이|추천
74a0883a961d8539,domestic_travel,0.63,서울근교|숙소|추천
57f3b9563638e2b9,food,0.38,카페|추천
57f3b9563638e2b9,domestic_travel,0.63,서울근교|바다|추천
dbdea9970faf0ad5,food,0.50,내돈내산|추천|후기
dbdea9970faf0ad5,domestic_travel,0.50,숙소|추천|후기
c4480ae4376562c8,food,0.38,카페|추천
c4480ae4376562c8,domestic_travel,0.63,당일치기|서울근교|추천
9d425da2d08cf3e4,domestic_travel,0.63,당일치기|서울근교|후기
7e7f54a828d25b4a,food,1.00,맛집|내돈내산|밥집|추천|데이트
7e7f54a828d25b4a,domestic_travel,0.50,서울근교|추천|데이트
72835f7d2eaeaa6a,food,0.63,맛집|점심|추천
d3c9552fb5cb0ed4,domestic_travel,0.25,서울근교
f22abb03501e6bca,domestic_travel,0.25,서울근교
30417df298a744f5,food,0.25,맛집
30417df298a744f5,domestic_travel,1.00,당일치기|주말여행|서울근교|바다
f7eeed3683023b00,food,0.50,카페|추천|데이트
f7eeed3683023b00,domestic_travel,1.00,당일치기|서울근교|가볼만한곳|추천|데이트
a3a2e13422a436e8,domestic_travel,0.38,서울근교|추천
7505f233f1ca6dbd,domestic_travel,0.38,서울근교|추천
c416eb54a205b616,domestic_travel,0.88,서울근교|숙소|나들이|추천
5864854228f24b4f,food,0.25,추천|데이트
5864854228f24b4f,domestic_travel,1.00,국내여행|서울근교|가볼만한곳|나들이|명소|추천|데이트
67cfe8bd50058d7e,domestic_travel,0.50,서울근교|축제
6e588aee88c01140,domestic_travel,0.50,서울근교|숙소
847a74e5ddd5ad42,domestic_travel,0.38,서울근교|데이트
eb350baabf1df06b,domestic_travel,0.25,숙소
08e0b266815356b2,domestic_travel,0.25,서울근교
08fa0fca6e80ba83,domestic_travel,0.75,당일치기|서울근교|가볼만한곳
79b4af07c698dfbd,domestic_travel,0.38,명소|추천
6524e4d29f20f685,food,0.25,추천|데이트
6524e4d29f20f685,domestic_travel,0.50,서울근교|추천|데이트
5c8f9afbe2b621e2,domestic_travel,0.63,당일치기|서울근교|추천
36e6c2fec1d0ced4,food,0.50,맛집|내돈내산
b0c0728e9e032326,domestic_travel,0.63,가볼만한곳|나들이|방문
18e307e0010c14f2,domestic_travel,1.00,서울근교|가볼만한곳|축제|명소|데이트
bf0ea8663860b141,food,0.75,맛집|카페|추천|후기
bf0ea8663860b141,domestic_travel,0.25,추천|후기
559ac0b7d771418e,food,0.38,웨이팅|추천
559ac0b7d771418e,domestic_travel,0.38,서울근교|추천
bf9d41ccc801c335,domestic_travel,0.88,서울근교|바다|명소|방문
9c51f7cdabf33f54,food,0.25,카페
9c51f7cdabf33f54,domestic_travel,0.75,당일치기|서울근교|나들이
087ed0b0d9851d08,food,1.00,맛집|식당|점심|카페|방문|후기
087ed0b0d9851d08,domestic_travel,0.25,방문|후기
17281a5ddfd21f9a,domestic_travel,0.63,서울근교|축제|후기
46c71e59849c174b,domestic_travel,1.00,국내여행|서울근교|가볼만한곳|축제|나들이
38c8c1085f9eb2f0,domestic_travel,0.25,숙소
1d84a45dbcc6ecd1,domestic_travel,0.50,서울근교|숙소
c783aea8a65ee5c6,domestic_travel,0.38,나들이|추천
81463eb185b9d95f,food,0.25,방문|추천
81463eb185b9d95f,domestic_travel,0.75,서울근교|숙소|방문|추천
8772a9a9a2595374,domestic_travel,0.88,서울근교|가볼만한곳|나들이|후기
70c43bff94819669,food,0.38,카페|추천
70c43bff94819669,domestic_travel,0.88,서울근교|바다|명소|추천
8071e82d340c1eaf,food,0.38,내돈내산|후기
8071e82d340c1eaf,domestic_travel,0.88,서울근교|숙소|바다|후기
eb74eebfe14c4055,food,0.25,맛집
eb74eebfe14c4055,domestic_travel,0.75,서울근교|가볼만한곳|나들이
9ad02f0a1441eaec,domestic_travel,0.75,서울근교|축제|나들이
318edbf0042ff1f2,food,0.38,맛집|추천
318edbf0042ff1f2,domestic_travel,1.00,국내여행|당일치기|주말여행|서울근교|바다|해변|추천
ce2eb8a9ad5a2d50,food,0.25,추천|후기
ce2eb8a9ad5a2d50,domestic_travel,1.00,당일치기|주말여행|서울근교|가볼만한곳|추천|후기
4f321a3c7e5efb00,domestic_travel,0.38,나들이|후기
fdbc60eb7258ba68,food,0.25,추천|데이트
fdbc60eb7258ba68,domestic_travel,1.00,국내여행|당일치기|서울근교|가볼만한곳|나들이|추천|데이트
0de8d8150ccb73ff,food,0.25,맛집
0de8d8150ccb73ff,domestic_travel,0.75,서울근교|축제|명소
fcc813357eeca771,food,0.50,카페|추천|후기
fcc813357eeca771,domestic_travel,1.00,당일치기|서울근교|가볼만한곳|나들이|추천|후기
891e2515040ae002,food,0.25,내돈내산
891e2515040ae002,domestic_travel,0.25,서울근교
fc69dba68fda3a30,domestic_travel,0.38,서울근교|후기
84984a3bd0b18b8d,domestic_travel,0.50,축제|명소
10ccf6b735985b8c,food,0.38,웨이팅|후기
602530fbb4ae90f5,domestic_travel,0.50,당일치기|명소
362aec3f00aced78,domestic_travel,0.63,서울근교|숙소|추천
ea9e711acdb4fd6f,food,0.38,카페|추천
ea9e711acdb4fd6f,domestic_travel,0.38,당일치기|추천
200c153b6697f797,domestic_travel,0.75,당일치기|서울근교|나들이
61f3adcde935b4d0,food,0.38,맛집|추천
61f3adcde935b4d0,domestic_travel,1.00,주말여행|서울근교|가볼만한곳|숙소|추천
73d829ff5c799e94,food,0.25,추천|데이트
73d829ff5c799e94,domestic_travel,1.00,서울근교|가볼만한곳|축제|추천|데이트
d919919da7a104ac,food,0.38,맛집|데이트
d919919da7a104ac,domestic_travel,0.88,서울근교|가볼만한곳|나들이|데이트
66c75d26ee6e1ab1,food,0.75,맛집|카페|방문|후기
66c75d26ee6e1ab1,domestic_travel,0.75,서울근교|바다|방문|후기
f1a49c1ef95d2a03,food,0.38,후기|핫플|데이트
f1a49c1ef95d2a03,domestic_travel,1.00,당일치기|서울근교|가볼만한곳|후기|데이트|핫플
224345c6d3032de3,food,0.38,맛집|데이트
224345c6d3032de3,domestic_travel,1.00,당일치기|서울근교|여행코스|시장|데이트
732171c2acb6d870,food,0.25,추천|데이트
732171c2acb6d870,domestic_travel,1.00,서울근교|가볼만한곳|축제|나들이|추천|데이트
99dcaf06d6434c88,food,0.50,맛집|고기
99dcaf06d6434c88,domestic_travel,0.25,서울근교
7e200e217249a620,food,0.38,맛집|추천
7e200e217249a620,domestic_travel,1.00,당일치기|서울근교|가볼만한곳|바다|추천
a5737eaaee4bf854,domestic_travel,0.50,당일치기|바다
474ecdde5567ad63,food,0.38,맛집|추천
474ecdde5567ad63,domestic_travel,1.00,국내여행|서울근교|가볼만한곳|나들이|추천
5a54f185cd52c440,domestic_travel,0.25,서울근교
9b6fa28298f74dd2,domestic_travel,0.25,당일치기
fab42f0193c52a1b,food,1.00,맛집|식당|카페|내돈내산|밥집|추천|후기|핫플
fab42f0193c52a1b,domestic_travel,1.00,서울근교|바다|나들이|추천|후기|핫플
f8bba1cece690a17,domestic_travel,0.38,당일치기|추천
e1f314a177970c8e,domestic_travel,1.00,당일치기|서울근교|가볼만한곳|바다|나들이|명소
f79a45126ff8103b,domestic_travel,0.63,당일치기|서울근교|추천
48e704afa9b7f799,domestic_travel,0.50,서울근교|나들이
3e13926914c6f8b6,domestic_travel,0.25,바다
9551fa8ed2a39f14,food,0.38,카페|데이트
9551fa8ed2a39f14,domestic_travel,0.38,가볼만한곳|데이트
4def3028ba4be261,domestic_travel,0.38,가볼만한곳|데이트
706da456205d564e,food,0.25,저녁
706da456205d564e,domestic_travel,0.75,가볼만한곳|축제|나들이
af1764d7c07e971b,domestic_travel,0.25,가볼만한곳
a7a4a28886516b9a,domestic_travel,0.25,가볼만한곳
ae99e6404ad9532b,food,0.25,카페
062117e0291f018b,domestic_travel,0.63,가볼만한곳|나들이|추천
a4b8763e227fad81,food,0.25,추천|데이트
a4b8763e227fad81,domestic_travel,0.75,가볼만한곳|여행코스|추천|데이트
890c675145b8266b,food,0.25,카페
890c675145b8266b,domestic_travel,0.25,가볼만한곳
d720c8be34baaf35,domestic_travel,0.50,바다|해변
eb8b3573bd4dc37d,domestic_travel,0.25,숙소
82f26fde6d6dab31,domestic_travel,0.75,가볼만한곳|나들이|명소
b6ef0b2c5589380a,food,0.88,카페|브런치|추천|핫플|데이트
b6ef0b2c5589380a,domestic_travel,0.63,가볼만한곳|추천|데이트|핫플
e60aa01088c42e3b,food,0.25,카페
e60aa01088c42e3b,domestic_travel,0.25,가볼만한곳
0aac9b1000d34257,domestic_travel,0.38,가볼만한곳|후기
1521dd080b99a37c,domestic_travel,0.75,바다|해변|명소
f426507ad6684c31,domestic_travel,0.25,가볼만한곳
b030080d288d97d4,domestic_travel,0.38,가볼만한곳|방문
87c057fa01d9d241,food,0.25,카페
87c057fa01d9d241,domestic_travel,0.50,가볼만한곳|명소
c852b68e9f5915a8,food,0.25,방문|추천
c852b68e9f5915a8,domestic_travel,0.50,가볼만한곳|방문|추천
a089e292b46b6ea7,food,0.25,추천|핫플
a089e292b46b6ea7,domestic_travel,0.50,가볼만한곳|추천|핫플
8bc8916f6d408143,domestic_travel,0.63,가볼만한곳|축제|데이트
8d0bd9096231713a,domestic_travel,0.25,가볼만한곳
082d25a8cb5de883,food,0.25,핫플|데이트
082d25a8cb5de883,domestic_travel,0.50,가볼만한곳|데이트|핫플
3c05f53f58c5e175,domestic_travel,0.50,가볼만한곳|나들이
b2651cdfb50ba507,domestic_travel,0.25,가볼만한곳
eede07aa004660c3,domestic_travel,0.50,가볼만한곳|축제
3915ef5a4520b650,domestic_travel,0.25,가볼만한곳
8fec7ccf39487354,domestic_travel,0.38,가볼만한곳|후기
844530ea9addea72,food,0.25,방문|추천
844530ea9addea72,domestic_travel,0.50,축제|방문|추천
c14a15ba10b72b58,food,0.25,방문|후기
c14a15ba10b72b58,domestic_travel,0.25,방문|후기
2b2bd750d93d4c9c,food,0.25,카페
2b2bd750d93d4c9c,domestic_travel,0.25,가볼만한곳
9374ddac2b2565b8,food,0.25,카페
9374ddac2b2565b8,domestic_travel,0.50,가볼만한곳|숙소
342b5a1523900c58,domestic_travel,0.63,가볼만한곳|나들이|추천
b9c3a1f342e164a6,domestic_travel,0.38,바다|추천
715d10c81a4fc110,food,0.25,방문|데이트
715d10c81a4fc110,domestic_travel,0.50,바다|방문|데이트
cadd4a283b5a7080,domestic_travel,0.63,축제|명소|후기
b80199bac6144327,food,0.25,추천|후기
b80199bac6144327,domestic_travel,0.50,가볼만한곳|추천|후기
41b17e8edb889a91,food,0.25,추천|핫플
41b17e8edb889a91,domestic_travel,0.75,가볼만한곳|바다|추천|핫플
90c08d78498e1faa,domestic_travel,0.25,가볼만한곳
f29e2aa344f3e502,domestic_travel,0.25,가볼만한곳
970519eb24f45fb2,food,0.25,방문|후기
970519eb24f45fb2,domestic_travel,0.25,방문|후기
db6e5c0b5ef7fb15,domestic_travel,0.25,바다
d7ab03376cd6912e,food,0.25,후기|데이트
d7ab03376cd6912e,domestic_travel,1.00,가볼만한곳|여행코스|명소|후기|데이트
4dca28db08b4c965,domestic_travel,0.38,가볼만한곳|후기
8bba1c84a894a614,food,0.25,추천|후기
8bba1c84a894a614,domestic_travel,1.00,가볼만한곳|축제|나들이|추천|후기
5678b902fc303134,domestic_travel,0.25,가볼만한곳
5e3241a2a0835452,domestic_travel,0.63,가볼만한곳|숙소|후기
c36ee7e43898986a,food,0.25,추천|데이트
c36ee7e43898986a,domestic_travel,0.75,가볼만한곳|바다|추천|데이트
9b3e11914ce4b935,domestic_travel,0.25,가볼만한곳
1003efd40de8c764,domestic_travel,0.75,가볼만한곳|나들이|명소
7535a906fb314094,domestic_travel,0.50,가볼만한곳|명소
38f104ac33387580,domestic_travel,0.38,가볼만한곳|데이트
66842568f0505ddf,domestic_travel,0.25,가볼만한곳
e7d62c0147572742,domestic_travel,0.38,가볼만한곳|추천
3acea3c04b59fb57,food,0.25,카페
4e17a406f49b9dd2,domestic_travel,0.38,나들이|추천
3e38153b1a44aadf,domestic_travel,0.63,가볼만한곳|나들이|방문
b457768e20ef26cb,food,0.25,카페
b457768e20ef26cb,domestic_travel,0.25,가볼만한곳
0a2635edb05d9e52,food,0.38,카페|추천
9eb7613e2fc1f7bf,domestic_travel,0.63,가볼만한곳|명소|방문
627cf639b052f221,domestic_travel,0.38,가볼만한곳|추천
8eb522208b65e5f6,food,0.25,추천|후기
8eb522208b65e5f6,domestic_travel,0.25,추천|후기
15551c53dc82df58,domestic_travel,0.25,가볼만한곳
66907032ef892804,food,0.25,카페
66907032ef892804,domestic_travel,0.25,가볼만한곳
8216be90159abb1d,domestic_travel,0.63,가볼만한곳|명소|추천
cf2d7ed900f2ce4f,food,0.38,카페|데이트
cf2d7ed900f2ce4f,domestic_travel,0.88,서울근교|가볼만한곳|나들이|데이트
c3484886c1a071fc,domestic_travel,0.38,가볼만한곳|후기
ff4afe6312fee023,domestic_travel,0.63,가볼만한곳|축제|추천
8eeb24a24f32b0d6,domestic_travel,0.38,가볼만한곳|추천
acbf2a313182196e,food,0.38,카페|추천
235e6246a97e7b51,food,0.25,맛집
8eb73d810845fce7,domestic_travel,0.25,가볼만한곳
3d621d9dfdeac26f,domestic_travel,0.25,가볼만한곳
f6079db9816aec53,food,0.25,카페
f6079db9816aec53,domestic_travel,0.25,가볼만한곳
079ee731198e35d3,food,0.50,카페|추천|데이트
079ee731198e35d3,domestic_travel,0.50,가볼만한곳|추천|데이트
e9cc502c976a0e27,domestic_travel,0.25,가볼만한곳
097d084ce36d5965,food,0.63,맛집|웨이팅|추천
097d084ce36d5965,domestic_travel,0.38,가볼만한곳|추천
c9a6c179fb95746d,domestic_travel,0.25,가볼만한곳
c65f0bd7d739d843,food,0.25,맛집
a70356285474b74b,domestic_travel,0.50,가볼만한곳|나들이
14c57e6dce236390,food,0.50,맛집|추천|데이트
14c57e6dce236390,domestic_travel,0.50,가볼만한곳|추천|데이트
80ffcce328878fd5,domestic_travel,0.25,가볼만한곳
8a4ef407bae2aa85,food,0.25,내돈내산
8a4ef407bae2aa85,domestic_travel,0.50,가볼만한곳|여행코스
9a5cd4ce8ed3e2b1,domestic_travel,1.00,서울근교|가볼만한곳|축제|나들이
e02e5384bc81b382,food,0.88,맛집|카페|디저트|데이트
e02e5384bc81b382,domestic_travel,0.38,가볼만한곳|데이트
b5b73e363deb16b8,food,0.63,카페|방문|추천|데이트
b5b73e363deb16b8,domestic_travel,0.63,가볼만한곳|방문|추천|데이트
fbee14211c4071c9,domestic_travel,0.38,숙소|추천
9c633c45fa1edabc,food,0.25,맛집
9c633c45fa1edabc,domestic_travel,0.25,바다
3ed4611c9c346a2b,domestic_travel,0.38,가볼만한곳|추천
1d15f64a372adca7,food,0.75,맛집|카페|방문|추천
1d15f64a372adca7,domestic_travel,0.50,가볼만한곳|방문|추천
0b1881d1292563b9,domestic_travel,0.25,가볼만한곳
59a8ec9df7f7c8de,domestic_travel,0.50,가볼만한곳|축제
153485f99e1afd8f,domestic_travel,0.38,가볼만한곳|방문
975cf5d87c1633e6,food,0.38,카페|데이트
975cf5d87c1633e6,domestic_travel,0.38,가볼만한곳|데이트
369178a048673fe6,food,0.38,카페|데이트
369178a048673fe6,domestic_travel,0.38,가볼만한곳|데이트
6b755186db749359,food,0.25,저녁
e21c8f3c4520ae00,food,0.50,메뉴|추천|후기
e21c8f3c4520ae00,domestic_travel,0.50,가볼만한곳|추천|후기
fb5fa834a04e5633,food,0.25,방문|추천
fb5fa834a04e5633,domestic_travel,0.50,박람회|방문|추천
bc5009185c824e77,domestic_travel,0.25,가볼만한곳
8002c38a6d76b32a,domestic_travel,0.50,가볼만한곳|나들이
2fe50741707e166d,food,0.25,후기|데이트
2fe50741707e166d,domestic_travel,0.75,가볼만한곳|나들이|후기|데이트
967d81d91ff0a365,food,0.38,카페|데이트
967d81d91ff0a365,domestic_travel,0.38,가볼만한곳|데이트
be591fcbfe79d38a,domestic_travel,0.25,가볼만한곳
e49e153d352dc6b3,food,0.38,맛집|방문
e63831490a085eec,domestic_travel,0.50,가볼만한곳|바다
d919d8162eb8d8b4,domestic_travel,0.25,해변
0922f88f3e3b5432,food,0.25,카페
0922f88f3e3b5432,domestic_travel,0.50,가볼만한곳|박람회
94fb82e7f030e094,domestic_travel,0.38,가볼만한곳|후기
7eb6221ef27b9aeb,food,0.75,맛집|메뉴|추천|후기
7eb6221ef27b9aeb,domestic_travel,0.25,추천|후기
57e0f8b84b14ddce,domestic_travel,0.25,시장
9e08ef8f52a8cb7c,domestic_travel,0.25,가볼만한곳
5a710e98831de0b6,food,0.75,메뉴|카페|디저트
5a710e98831de0b6,domestic_travel,0.25,가볼만한곳
f06839bccca9a73c,food,0.25,방문|후기
f06839bccca9a73c,domestic_travel,0.25,방문|후기
3c91f55bbc01d43f,food,0.25,고기
3c91f55bbc01d43f,domestic_travel,0.50,가볼만한곳|나들이
59a02323f7d06faf,food,0.25,방문|후기
59a02323f7d06faf,domestic_travel,0.50,가볼만한곳|방문|후기
ba23f1b417c8e798,food,0.88,맛집|카페|디저트|후기
ba23f1b417c8e798,domestic_travel,0.38,가볼만한곳|후기
9341a4fb4a846f82,domestic_travel,0.75,가볼만한곳|축제|나들이
00286c0f29e8fe24,food,0.25,후기|데이트
00286c0f29e8fe24,domestic_travel,0.50,가볼만한곳|후기|데이트
f484fb2d9ce7d632,food,0.25,후기|데이트
f484fb2d9ce7d632,domestic_travel,0.50,가볼만한곳|후기|데이트
675a1be65aed8c5a,food,1.00,맛집|메뉴|카페|디저트
675a1be65aed8c5a,domestic_travel,0.25,가볼만한곳
8bf1007958e560d2,domestic_travel,0.25,가볼만한곳
f9900709ad3b1df7,domestic_travel,0.25,가볼만한곳
d06211a18e50a4d1,domestic_travel,0.25,박람회
f4a43f65c629931d,domestic_travel,0.38,숙소|추천
c3895de0c6cd5f95,food,0.38,맛집|추천
c3895de0c6cd5f95,domestic_travel,0.38,가볼만한곳|추천
874b3f32d3019e8f,domestic_travel,0.25,가볼만한곳
78749f157cf97078,food,0.38,맛집|방문
78749f157cf97078,domestic_travel,0.38,가볼만한곳|방문
b58fbc64068c5377,food,0.25,추천|데이트
b58fbc64068c5377,domestic_travel,0.25,추천|데이트
35cbedbc06b2f32a,food,0.25,카페
35cbedbc06b2f32a,domestic_travel,0.50,가볼만한곳|명소
a2258cde1cdd4ae3,domestic_travel,0.63,가볼만한곳|나들이|데이트
4416f68a1c091c96,food,0.50,카페|브런치
4416f68a1c091c96,domestic_travel,0.25,가볼만한곳
7ae3c7c724571367,food,0.25,추천|후기
7ae3c7c724571367,domestic_travel,0.50,가볼만한곳|추천|후기
f66ccbc0f6a0e8fc,food,0.25,추천|후기
f66ccbc0f6a0e8fc,domestic_travel,0.50,가볼만한곳|추천|후기
8c2414cb82d261fa,domestic_travel,0.63,가볼만한곳|나들이|데이트
931dbe9d76dd8d9f,domestic_travel,0.50,가볼만한곳|축제
4c74bb10a8e4c479,domestic_travel,0.38,가볼만한곳|추천
9be578c57f87fab1,food,0.25,카페
9be578c57f87fab1,domestic_travel,0.50,가볼만한곳|나들이
c845dfef7c0c11df,domestic_travel,0.25,바다
2d2e7f5bebe7fb43,domestic_travel,0.63,서울근교|나들이|후기
6b6967037f178560,food,0.25,맛집
6b6967037f178560,domestic_travel,0.25,가볼만한곳
65bc479008b7d676,domestic_travel,0.25,가볼만한곳
58c1d7ca3aa80fee,domestic_travel,0.63,가볼만한곳|나들이|추천
d84ceceeeccd02a2,food,0.50,카페|추천|데이트
d84ceceeeccd02a2,domestic_travel,0.50,가볼만한곳|추천|데이트
d699a8d945af67aa,domestic_travel,0.25,가볼만한곳
d2c24d92d13e2cd1,domestic_travel,0.25,가볼만한곳
f4d505fb615092f6,food,0.63,맛집|카페|방문
f4d505fb615092f6,domestic_travel,0.38,가볼만한곳|방문
cdc7a047ba089373,food,0.63,맛집|카페|추천
cdc7a047ba089373,domestic_travel,0.38,가볼만한곳|추천
877b562de0e85cd6,domestic_travel,0.50,가볼만한곳|숙소
af5254ae5579c9dc,food,0.25,디저트
ff0170c153a417c1,domestic_travel,0.50,가볼만한곳|축제
2ae4eb6cf5f76a90,food,0.50,카페|방문|후기
2ae4eb6cf5f76a90,domestic_travel,0.50,가볼만한곳|방문|후기
59e15826f50bc041,domestic_travel,0.25,박람회
b9e38b061a2a6716,food,0.25,맛집
b9e38b061a2a6716,domestic_travel,0.25,가볼만한곳
f3d6778a1a666e4f,food,0.63,맛집|카페|추천
f3d6778a1a666e4f,domestic_travel,0.38,가볼만한곳|추천
cb046a41778ce41f,food,0.25,추천|데이트
cb046a41778ce41f,domestic_travel,0.75,가볼만한곳|나들이|추천|데이트
ebe2d6040eb9b0c5,food,0.25,카페
ebe2d6040eb9b0c5,domestic_travel,0.25,가볼만한곳
4a1bed95abd34c42,domestic_travel,0.25,시장
f6693410a46318ea,domestic_travel,0.38,가볼만한곳|방문
8894e3782cd1bc20,domestic_travel,0.63,가볼만한곳|나들이|데이트
a4c46d08b9263cc6,food,0.25,메뉴
46088b8a478c5bdd,domestic_travel,0.38,가볼만한곳|추천
4e1c15c059119db9,domestic_travel,0.75,가볼만한곳|축제|명소
c63fb957e3001d10,food,0.63,맛집|디저트|후기
01f231bc862f6835,food,0.25,방문|추천
01f231bc862f6835,domestic_travel,0.75,가볼만한곳|여행코스|방문|추천
2dafe5a13fe3c039,food,0.25,카페
07b79f3b74bf4a53,domestic_travel,0.63,가볼만한곳|나들이|후기
ea6205388bf5e75f,domestic_travel,0.63,가볼만한곳|여행코스|추천
042645fee48aa548,food,0.50,맛집|추천|데이트
042645fee48aa548,domestic_travel,0.50,가볼만한곳|추천|데이트
f520deb265ed34a3,food,0.25,맛집
f520deb265ed34a3,domestic_travel,0.50,가볼만한곳|명소
edd6b68fa645ef94,food,0.25,밥집
157f40908973ffd3,food,0.25,추천|후기
157f40908973ffd3,domestic_travel,0.50,가볼만한곳|추천|후기
a2a2ad7d0aab0193,food,0.25,카페
a2a2ad7d0aab0193,domestic_travel,0.50,가볼만한곳|바다
cf3b038126234965,food,0.38,카페|추천
cf3b038126234965,domestic_travel,0.38,나들이|추천
85da1be98f68192b,food,0.88,맛집|카페|디저트|추천
85da1be98f68192b,domestic_travel,0.38,가볼만한곳|추천
6233d0bb5ef4deda,food,0.25,맛집
6233d0bb5ef4deda,domestic_travel,0.25,가볼만한곳
c24194b9fe4284f1,food,0.50,맛집|방문|추천
c24194b9fe4284f1,domestic_travel,0.50,가볼만한곳|방문|추천
56f3a2d8701ea04b,food,0.25,추천|데이트
56f3a2d8701ea04b,domestic_travel,0.75,가볼만한곳|여행코스|추천|데이트
710da061cf2bd7a2,domestic_travel,0.25,가볼만한곳
e7e919227d20934f,domestic_travel,0.25,가볼만한곳
9bb4175546c9b080,food,0.38,카페|후기
778ca94e3e631ebd,domestic_travel,0.25,가볼만한곳
bbcdf903458be018,food,1.00,맛집|카페|브런치|추천|데이트
bbcdf903458be018,domestic_travel,0.25,추천|데이트
e66cee65cb463b31,domestic_travel,0.38,가볼만한곳|후기
9c45ae4a0704c7f3,domestic_travel,0.38,가볼만한곳|후기
a7ee9a51e284aa99,food,0.25,식당
1777cdbddc470b26,domestic_travel,0.38,가볼만한곳|후기
c4d001f6beb2e0c0,food,0.50,카페|내돈내산
c4d001f6beb2e0c0,domestic_travel,0.25,가볼만한곳
44ae3d698c09b9b0,food,0.50,카페|브런치
44ae3d698c09b9b0,domestic_travel,0.25,가볼만한곳
153d50a442f29a95,food,0.50,저녁|웨이팅
153d50a442f29a95,domestic_travel,0.25,가볼만한곳
1f1780c95472e95a,food,0.38,저녁|추천
1f1780c95472e95a,domestic_travel,0.63,바다|명소|추천
34be31bc882b79a3,domestic_travel,0.25,가볼만한곳
03f0cbf7fd8d928c,domestic_travel,0.25,가볼만한곳
8e2648af860ead72,domestic_travel,0.25,가볼만한곳
8d16a0d02d5f82cc,food,0.25,방문|추천
8d16a0d02d5f82cc,domestic_travel,0.25,방문|추천
204c27cedea7c422,domestic_travel,0.25,바다
5c717514b608bf09,food,0.50,맛집|카페
7b02ce8e7d068d94,domestic_travel,0.25,가볼만한곳
6266b4209d5654a4,food,0.38,맛집|후기
6266b4209d5654a4,domestic_travel,0.38,가볼만한곳|후기
bc72d8126c1ad915,domestic_travel,0.63,가볼만한곳|여행코스|추천
564a35450e4d9310,domestic_travel,0.25,가볼만한곳
80abbffd33d33897,food,0.25,점심
80abbffd33d33897,domestic_travel,0.50,가볼만한곳|숙소
0304a2d1ca1fc5b7,domestic_travel,0.25,가볼만한곳
5029fc83efcc2111,food,0.63,카페|추천|후기|데이트
5029fc83efcc2111,domestic_travel,0.63,가볼만한곳|추천|후기|데이트
1084ca84abc337ce,food,0.63,맛집|술집|데이트
1084ca84abc337ce,domestic_travel,0.38,가볼만한곳|데이트
793dd66ac36c584c,food,0.63,맛집|카페|데이트
793dd66ac36c584c,domestic_travel,0.63,가볼만한곳|나들이|데이트
7e98e7c0a8d1027c,food,0.25,메뉴
90a4e333dfbc6060,food,0.50,카페|추천|후기
90a4e333dfbc6060,domestic_travel,0.25,추천|후기
9210bd218f88c561,food,0.25,방문|추천
9210bd218f88c561,domestic_travel,0.25,방문|추천
125a3deb21c709c9,food,0.50,맛집|카페
01d542b6f38dffc0,food,1.00,맛집|카페|디저트|방문|추천|후기|데이트
01d542b6f38dffc0,domestic_travel,0.75,가볼만한곳|방문|추천|후기|데이트
efa1f96311b6f5d3,food,0.75,맛집|메뉴|방문|후기
efa1f96311b6f5d3,domestic_travel,0.25,방문|후기
0f9451258c7771a8,food,0.25,추천|데이트
0f9451258c7771a8,domestic_travel,0.50,가볼만한곳|추천|데이트
d972806726d3bae1,domestic_travel,0.38,가볼만한곳|추천
84b6249fa3c32b70,food,0.38,내돈내산|후기
1f698b2f97754436,domestic_travel,0.38,시장|후기
84e673871cacc247,food,0.25,방문|추천
84e673871cacc247,domestic_travel,0.50,가볼만한곳|방문|추천
c5de1efcf9b21d4c,food,0.25,추천|데이트
c5de1efcf9b21d4c,domestic_travel,0.50,가볼만한곳|추천|데이트
186b5a8fcf6d941e,food,0.25,방문|추천
186b5a8fcf6d941e,domestic_travel,0.25,방문|추천
eca44c9297ef9908,food,0.25,맛집
eca44c9297ef9908,domestic_travel,0.25,가볼만한곳
3d3db55cad1d5075,food,0.25,맛집
3d3db55cad1d5075,domestic_travel,0.75,가볼만한곳|바다|해변
1d8ee59db3d946b6,food,0.63,맛집|식당|후기
1d8ee59db3d946b6,domestic_travel,0.38,가볼만한곳|후기
b3a9764d9d2e00cf,domestic_travel,0.38,가볼만한곳|추천
d8eb9b044186dfae,food,0.50,맛집|방문|추천
d8eb9b044186dfae,domestic_travel,0.75,가볼만한곳|시장|방문|추천
7ef6ea9ac71fd2aa,domestic_travel,0.25,가볼만한곳
b1b891b6f71257af,domestic_travel,0.38,나들이|방문
50ab1a513462c69d,food,0.25,카페
c45c3353ad8d7576,domestic_travel,0.38,가볼만한곳|후기
2f1ad5a1fe2028b9,food,0.75,맛집|메뉴|고기
dfcc7ca293859bee,food,0.50,맛집|고기
dfcc7ca293859bee,domestic_travel,0.25,가볼만한곳
2cf108a7dbb7b8dc,food,0.38,카페|데이트
2cf108a7dbb7b8dc,domestic_travel,0.38,가볼만한곳|데이트
25ca30534f5e4ce1,domestic_travel,0.38,가볼만한곳|후기
e3d0d728eae38fbc,food,0.25,추천|후기
e3d0d728eae38fbc,domestic_travel,0.50,가볼만한곳|추천|후기
f2620a4906c5e509,domestic_travel,0.25,가볼만한곳
b4a228e5060a0b3f,domestic_travel,0.25,나들이
655ddf31a2d3226d,domestic_travel,0.63,가볼만한곳|여행코스|추천
d02ce34b0d0ed4cc,food,0.88,메뉴|카페|방문|추천|후기
d02ce34b0d0ed4cc,domestic_travel,0.63,가볼만한곳|방문|추천|후기
28611f18c09aff07,domestic_travel,0.25,명소
3718f57d1e457698,domestic_travel,0.50,가볼만한곳|바다
b0b435edabf1f2c9,domestic_travel,0.25,가볼만한곳
606225e5715d77f1,food,0.25,추천|데이트
606225e5715d77f1,domestic_travel,0.50,가볼만한곳|추천|데이트
ae324e817052ecb1,food,0.88,메뉴|카페|방문|후기|데이트
ae324e817052ecb1,domestic_travel,0.63,가볼만한곳|방문|후기|데이트
1569496f80af2ccc,domestic_travel,0.38,가볼만한곳|추천
c8ae74ebb1048e49,domestic_travel,0.50,가볼만한곳|나들이
3b7c86e89f274a87,food,0.25,맛집
3b7c86e89f274a87,domestic_travel,0.25,가볼만한곳
5051ec3fda280288,food,0.50,맛집|밥집
5051ec3fda280288,domestic_travel,0.50,가볼만한곳|시장
6e270c7e955eef49,food,0.25,추천|후기
6e270c7e955eef49,domestic_travel,0.75,가볼만한곳|숙소|추천|후기
2c38d24a5ca0ceb2,food,0.88,맛집|카페|디저트|추천
2c38d24a5ca0ceb2,domestic_travel,0.38,가볼만한곳|추천
5b697e4fa43a5e64,food,0.38,맛집|추천
5b697e4fa43a5e64,domestic_travel,0.63,가볼만한곳|숙소|추천
52288d37effbf5a3,food,0.25,카페
52288d37effbf5a3,domestic_travel,0.25,가볼만한곳
ccb4d235727e5def,domestic_travel,0.63,가볼만한곳|숙소|후기
48063f1c8ccbe9cd,food,0.25,맛집
48063f1c8ccbe9cd,domestic_travel,0.50,가볼만한곳|시장
06b8b32151fc103f,domestic_travel,0.25,가볼만한곳
15ef1957db3612aa,food,0.38,내돈내산|데이트
15ef1957db3612aa,domestic_travel,0.88,가볼만한곳|시장|나들이|데이트
f4f7b0df325bbfba,food,0.63,맛집|카페|방문
f4f7b0df325bbfba,domestic_travel,0.38,가볼만한곳|방문
2b2daa7d95112c50,food,0.50,고기|카페
2b2daa7d95112c50,domestic_travel,0.25,가볼만한곳
c0850925630176c6,food,0.50,맛집|식당
bedabd99a25988d6,food,0.50,카페|방문|추천
bedabd99a25988d6,domestic_travel,0.50,가볼만한곳|방문|추천
56c4b441065f4b99,food,0.75,맛집|고기|방문|추천
56c4b441065f4b99,domestic_travel,0.50,가볼만한곳|방문|추천
7d50985a3503741a,domestic_travel,0.38,명소|추천
22e700fe68745cfe,food,0.25,방문|추천
22e700fe68745cfe,domestic_travel,0.25,방문|추천
647106701bb08f43,food,0.50,맛집|식당
6ab056ebea68d99a,food,0.75,맛집|카페|추천|데이트
6ab056ebea68d99a,domestic_travel,0.50,가볼만한곳|추천|데이트
1edc2ff8e769d3b8,food,0.38,맛집|추천
1edc2ff8e769d3b8,domestic_travel,0.63,가볼만한곳|숙소|추천
13d9238786381fb4,food,0.63,맛집|카페|후기
13d9238786381fb4,domestic_travel,0.38,가볼만한곳|후기
034f303702bc18b9,food,0.25,맛집
034f303702bc18b9,domestic_travel,0.25,가볼만한곳
8658d095749d8bea,food,0.25,추천|데이트
8658d095749d8bea,domestic_travel,0.75,가볼만한곳|나들이|추천|데이트
a97eb4302f9081b2,food,0.50,카페|추천|데이트
a97eb4302f9081b2,domestic_travel,0.50,가볼만한곳|추천|데이트
56f28d0bf9ce0734,domestic_travel,0.25,가볼만한곳
6ebf832dad6b3c31,domestic_travel,0.75,가볼만한곳|축제|명소
e47299eaeab61749,food,0.75,맛집|카페|추천|데이트
e47299eaeab61749,domestic_travel,0.50,가볼만한곳|추천|데이트
41b89523d6eede7d,domestic_travel,0.50,가볼만한곳|바다
00293511c23b08ed,food,0.50,카페|추천|데이트
00293511c23b08ed,domestic_travel,0.50,가볼만한곳|추천|데이트
55861406f2974b26,food,0.25,방문|데이트
55861406f2974b26,domestic_travel,1.00,가볼만한곳|여행코스|나들이|방문|데이트
537f64394acb7a28,domestic_travel,0.50,가볼만한곳|바다
467c38c7a1349847,domestic_travel,0.50,가볼만한곳|축제
b80cd3bf9ac06e60,domestic_travel,0.25,가볼만한곳
0bcfa252a5aa4d4f,domestic_travel,0.38,가볼만한곳|추천
93f56444c2c3ee28,domestic_travel,0.38,가볼만한곳|추천
a84b12c0942c051a,domestic_travel,0.25,축제
dced4fd9c9d51146,food,0.25,카페
dced4fd9c9d51146,domestic_travel,0.25,가볼만한곳
88118dfebd4a57d0,food,0.38,카페|후기
ade25241bfa0e8d6,domestic_travel,0.50,가볼만한곳|여행코스
7d5c85cea14f5b39,food,0.38,맛집|추천
7d5c85cea14f5b39,domestic_travel,0.63,가볼만한곳|숙소|추천
0fbcd14c917cf021,domestic_travel,0.63,가볼만한곳|바다|추천
4f6a441656b70be7,domestic_travel,0.38,가볼만한곳|추천
fdf25a154a3d8fff,food,0.50,카페|추천|데이트
fdf25a154a3d8fff,domestic_travel,0.50,가볼만한곳|추천|데이트
e770e55438d14bff,food,0.50,저녁|추천|후기
e770e55438d14bff,domestic_travel,0.50,시장|추천|후기
4ecd5fa2cbd9860b,food,0.38,카페|추천
3d69ba6fee529c34,food,0.88,맛집|카페|디저트|추천
3d69ba6fee529c34,domestic_travel,0.63,가볼만한곳|나들이|추천
5435236c7276e861,food,0.38,카페|추천
5435236c7276e861,domestic_travel,0.38,가볼만한곳|추천
99fe25ac160aed16,domestic_travel,0.38,가볼만한곳|방문
fe5fd0fb91e067b2,food,0.75,카페|브런치|추천|데이트
fe5fd0fb91e067b2,domestic_travel,0.75,가볼만한곳|여행코스|추천|데이트
f0cf66711af223c4,food,0.63,카페|디저트|방문
a7c0ef0b4ff70f00,domestic_travel,0.25,가볼만한곳
e8be51aba8fae372,food,0.50,맛집|카페
4d8618fc2e657e5f,food,0.38,카페|추천
4d8618fc2e657e5f,domestic_travel,0.38,축제|추천
e1992b65d15d6323,food,0.38,맛집|데이트
e1992b65d15d6323,domestic_travel,0.63,가볼만한곳|시장|데이트
d198489fc89f6843,food,0.25,맛집
d198489fc89f6843,domestic_travel,0.25,가볼만한곳
88a716c9a7e5dbb9,food,0.25,맛집
88a716c9a7e5dbb9,domestic_travel,0.25,가볼만한곳
59d71e9d3a09f131,domestic_travel,0.25,가볼만한곳
9093aa31ca241200,domestic_travel,0.50,가볼만한곳|여행코스
020f1be095f424cd,food,0.50,맛집|메뉴
47eb2e109e8f3589,domestic_travel,0.50,가볼만한곳|숙소
5c1dc0a5a105dbc2,domestic_travel,0.38,가볼만한곳|핫플
d41c80aba2726bcb,food,0.50,카페|추천|후기
d41c80aba2726bcb,domestic_travel,0.50,가볼만한곳|추천|후기
e0f1bb2e697cce9e,domestic_travel,0.75,가볼만한곳|축제|나들이
42b786a41310d43f,domestic_travel,0.25,가볼만한곳
a8413273d52ec406,domestic_travel,0.38,가볼만한곳|데이트
061b09e9936500bf,food,0.38,카페|핫플
dd25596e5dcfba61,domestic_travel,0.25,가볼만한곳
bb750033e3fd2176,food,0.25,추천|데이트
bb750033e3fd2176,domestic_travel,0.50,가볼만한곳|추천|데이트
04a83d6bda59dfdb,food,0.38,방문|추천|후기
04a83d6bda59dfdb,domestic_travel,0.38,방문|추천|후기
2d45d90988c6a165,food,0.38,맛집|추천
2d45d90988c6a165,domestic_travel,0.63,가볼만한곳|숙소|추천
9d9d74a4e2e77b7c,food,0.75,맛집|카페|추천|데이트
9d9d74a4e2e77b7c,domestic_travel,0.50,가볼만한곳|추천|데이트
4ff522b4b4f40d45,food,0.50,맛집|추천|데이트
4ff522b4b4f40d45,domestic_travel,0.50,가볼만한곳|추천|데이트
2b7a0a9aca0a9711,domestic_travel,0.38,가볼만한곳|추천
68574b719bb8b1aa,domestic_travel,0.63,가볼만한곳|명소|추천
644586385d893524,domestic_travel,0.50,축제|명소
7039cdeb48b4fad5,food,0.25,저녁
7039cdeb48b4fad5,domestic_travel,0.25,가볼만한곳
2cc271b4bc556e39,domestic_travel,0.75,가볼만한곳|축제|나들이
bb9bb509fa7ad0e9,domestic_travel,0.25,바다
c59e5082489feaf4,food,0.63,맛집|점심|데이트
c59e5082489feaf4,domestic_travel,0.38,가볼만한곳|데이트
359944a5d36d6973,food,0.88,맛집|카페|디저트|추천
d5295273ffb441aa,food,0.63,맛집|식당|추천
d5295273ffb441aa,domestic_travel,0.38,가볼만한곳|추천
8025840bb47a33a9,domestic_travel,0.50,가볼만한곳|축제
b6d5216f299b756c,food,0.50,맛집|디저트
bb80f2f90b79a5e2,food,0.25,후기|데이트
bb80f2f90b79a5e2,domestic_travel,0.50,가볼만한곳|후기|데이트
18a1f6c6ab3afb91,food,1.00,맛집|메뉴|점심|밥집|방문
9330d18e3525a144,food,0.50,카페|방문|데이트
9330d18e3525a144,domestic_travel,0.50,가볼만한곳|방문|데이트
5ea2982a558f6bde,domestic_travel,0.50,가볼만한곳|나들이
d9487e7578d9417e,domestic_travel,0.38,가볼만한곳|데이트
65d51d26bec791c4,domestic_travel,0.63,가볼만한곳|숙소|추천
34303ef4ea70ee7e,domestic_travel,0.38,숙소|추천
2371dd2d4b0a995f,domestic_travel,0.88,가볼만한곳|여행코스|나들이|데이트
ea88e2016ca10098,food,0.25,추천|후기
ea88e2016ca10098,domestic_travel,0.50,시장|추천|후기
082f7ee688079120,domestic_travel,0.38,가볼만한곳|데이트
c8dea6966227627c,food,0.50,맛집|추천|데이트
c8dea6966227627c,domestic_travel,0.50,가볼만한곳|추천|데이트
705bfcf9432c1ae1,domestic_travel,0.25,가볼만한곳
08e09ab4a848606b,food,0.38,카페|후기
08e09ab4a848606b,domestic_travel,0.38,가볼만한곳|후기
21d84a4a2ec509df,domestic_travel,0.63,가볼만한곳|명소|데이트
42c38f1131c9d60b,food,1.00,맛집|카페|디저트|추천|데이트
42c38f1131c9d60b,domestic_travel,0.50,가볼만한곳|추천|데이트
91da4ffd090e2a53,domestic_travel,0.63,가볼만한곳|축제|방문
79dddaa14da52e02,food,0.38,맛집|추천
79dddaa14da52e02,domestic_travel,0.38,시장|추천
684cf087acf139f5,domestic_travel,0.38,가볼만한곳|추천
a19f75dfefc1ad63,food,0.88,맛집|카페|디저트|추천
a19f75dfefc1ad63,domestic_travel,0.38,가볼만한곳|추천
2051123e6485b83c,domestic_travel,0.25,가볼만한곳
f104d982ad9ba400,food,0.38,카페|방문
b4c05f2aeb8d80b8,domestic_travel,0.25,가볼만한곳
a72fe328c20ed3fd,domestic_travel,0.50,가볼만한곳|명소
9c0645b63ab3a8ac,food,0.75,맛집|고기|추천|후기
9c0645b63ab3a8ac,domestic_travel,0.25,추천|후기
5aad79f97e1d0e26,food,0.25,맛집
5aad79f97e1d0e26,domestic_travel,0.25,가볼만한곳
188628a44189ec9a,domestic_travel,0.38,가볼만한곳|추천
dad0e03d647c2fdd,food,0.25,방문|추천
dad0e03d647c2fdd,domestic_travel,0.50,가볼만한곳|방문|추천
0c2853a040eba6fd,domestic_travel,0.25,가볼만한곳
cfec1f6d4be1e34f,domestic_travel,0.38,가볼만한곳|방문
0fda1d6a8085c06d,domestic_travel,0.38,가볼만한곳|후기
401d6b0a7d461b43,food,0.50,맛집|방문|추천
401d6b0a7d461b43,domestic_travel,0.50,가볼만한곳|방문|추천
7415ae79921a7910,food,0.38,카페|추천
7415ae79921a7910,domestic_travel,0.38,가볼만한곳|추천
b9f7b0d7e6a50a69,domestic_travel,0.25,가볼만한곳
2645a10d3721123f,food,1.00,맛집|카페|디저트|추천|후기
2645a10d3721123f,domestic_travel,0.50,가볼만한곳|추천|후기
76e2729edadbd6bd,food,0.38,카페|추천
76e2729edadbd6bd,domestic_travel,0.38,가볼만한곳|추천
5db4318b53627666,food,0.25,맛집
f02d51b11d94922e,food,0.25,추천|후기
f02d51b11d94922e,domestic_travel,0.75,가볼만한곳|숙소|추천|후기
4121e391b2de8a0b,domestic_travel,0.38,가볼만한곳|추천
3200cc176a851a78,food,0.38,카페|추천
3200cc176a851a78,domestic_travel,0.38,가볼만한곳|추천
3cefc05a2255e04d,domestic_travel,0.25,명소
963af8e9fbef0fac,food,0.63,카페|방문|추천|핫플
963af8e9fbef0fac,domestic_travel,0.88,가볼만한곳|나들이|방문|추천|핫플
c058dee36ff82350,food,0.25,카페
5ff39bee286c49cd,food,0.63,맛집|고기|데이트
5ff39bee286c49cd,domestic_travel,0.38,가볼만한곳|데이트
dd9b507ccb685ab2,food,0.50,카페|브런치
dd9b507ccb685ab2,domestic_travel,0.25,가볼만한곳
d695a17a2ba8a128,domestic_travel,0.38,가볼만한곳|데이트
da748dddb840dad2,food,1.00,맛집|식당|점심|파스타|브런치|데이트
da748dddb840dad2,domestic_travel,0.38,가볼만한곳|데이트
a4c84cd8fc63813c,food,0.88,맛집|카페|디저트|데이트
a4c84cd8fc63813c,domestic_travel,0.38,가볼만한곳|데이트
8984fd4ee6b7b6ee,domestic_travel,1.00,가볼만한곳|축제|나들이|명소
3f9ad72572ed5b65,domestic_travel,0.50,가볼만한곳|나들이
e620968b4fc21021,domestic_travel,0.38,가볼만한곳|데이트
8672cfafc350c8b9,domestic_travel,0.75,가볼만한곳|시장|명소
e10ee71d2e197c4d,food,0.63,맛집|식당|핫플
e10ee71d2e197c4d,domestic_travel,0.38,가볼만한곳|핫플
2f802b8d3ffd2f77,food,0.25,방문|후기
2f802b8d3ffd2f77,domestic_travel,0.50,가볼만한곳|방문|후기
67c78680809c92f0,domestic_travel,0.75,가볼만한곳|축제|나들이
6734dbd8c2821bad,food,0.38,방문|추천|후기
6734dbd8c2821bad,domestic_travel,0.38,방문|추천|후기
9a52bdc76cbb1ee4,domestic_travel,0.25,가볼만한곳
e5eb2212fe363ac1,domestic_travel,0.25,가볼만한곳
4bddfdada84b4ff9,food,0.88,맛집|메뉴|점심|추천
4bddfdada84b4ff9,domestic_travel,0.38,가볼만한곳|추천
f6d7355bca346fda,domestic_travel,0.25,가볼만한곳
f903fc0fc0a611d6,domestic_travel,0.25,가볼만한곳
d55ee6b2e1e59f1e,food,1.00,맛집|메뉴|카페|브런치|추천|후기
d55ee6b2e1e59f1e,domestic_travel,0.50,가볼만한곳|추천|후기
e0da39a850ac5622,domestic_travel,0.50,가볼만한곳|나들이
b919b0cc55fb04b9,domestic_travel,0.25,가볼만한곳
a30fa5d3f725a2f7,domestic_travel,0.25,가볼만한곳
91f217236515df98,food,0.25,맛집
91f217236515df98,domestic_travel,0.50,가볼만한곳|축제
1961fdbab13d0809,domestic_travel,0.38,명소|추천
5124b77b36f7ec76,food,0.25,카페
5124b77b36f7ec76,domestic_travel,0.25,가볼만한곳
8b4bb663cf760129,domestic_travel,0.63,가볼만한곳|명소|데이트
c1b961f213b4706c,food,0.25,카페
5e36cc8c0af1000a,food,0.63,카페|추천|후기|데이트
5e36cc8c0af1000a,domestic_travel,0.88,가볼만한곳|나들이|추천|후기|데이트
8fe64defe354367d,food,0.25,방문|데이트
8fe64defe354367d,domestic_travel,0.50,가볼만한곳|방문|데이트
70332c4114e93cf4,food,0.25,저녁
41e6f05b71243d38,food,0.88,맛집|고기|방문|추천|후기
41e6f05b71243d38,domestic_travel,0.63,가볼만한곳|방문|추천|후기
43f7a137b676ca49,food,0.63,맛집|웨이팅|후기
43f7a137b676ca49,domestic_travel,0.38,가볼만한곳|후기
c93dbe5a4eebbf2e,food,0.25,후기|데이트
c93dbe5a4eebbf2e,domestic_travel,0.50,가볼만한곳|후기|데이트
80a5baf85fd193e1,domestic_travel,0.25,가볼만한곳
6aec4bf3d648d8c7,food,0.50,맛집|디저트
7ff5680c516c0706,domestic_travel,0.63,가볼만한곳|나들이|방문
beb2629ffd3df7fb,food,0.38,저녁|추천
b3d24caa4ad5744c,domestic_travel,0.88,서울근교|가볼만한곳|숙소|추천
8a93fef741b533cd,domestic_travel,0.75,가볼만한곳|바다|나들이
4b82517818cab9a6,food,0.50,맛집|방문|후기
4b82517818cab9a6,domestic_travel,0.50,가볼만한곳|방문|후기
37874ce4617ecb23,food,0.25,추천|후기
37874ce4617ecb23,domestic_travel,0.50,가볼만한곳|추천|후기
81ad91f7e82cc575,food,0.38,방문|후기|데이트
81ad91f7e82cc575,domestic_travel,0.63,가볼만한곳|방문|후기|데이트
5577c06fa87f3019,food,0.63,카페|내돈내산|추천
5577c06fa87f3019,domestic_travel,0.38,가볼만한곳|추천
bfe2b2801f5d48a1,food,0.50,맛집|고기
bfe2b2801f5d48a1,domestic_travel,0.25,가볼만한곳
bcdb855e0a553580,food,0.50,맛집|고기
bcdb855e0a553580,domestic_travel,0.50,가볼만한곳|숙소
4d14ce2e6183ca0a,food,1.00,맛집|파스타|카페|브런치|데이트
4d14ce2e6183ca0a,domestic_travel,0.63,가볼만한곳|축제|데이트
cc96dce9d641d634,food,0.25,후기|데이트
cc96dce9d641d634,domestic_travel,0.50,나들이|후기|데이트
54c2f78082420ab0,food,0.25,핫플|데이트
54c2f78082420ab0,domestic_travel,1.00,가볼만한곳|축제|나들이|명소|데이트|핫플
316f49405bde1f69,domestic_travel,0.25,가볼만한곳
20d5b13d8dcc483f,domestic_travel,0.50,가볼만한곳|바다
060cb82ec75a9c50,food,0.88,맛집|점심|고기|방문
060cb82ec75a9c50,domestic_travel,0.38,가볼만한곳|방문
b9a788ac77f73c2b,domestic_travel,0.88,가볼만한곳|여행코스|바다|추천
5be4390455ad8b10,food,0.50,맛집|카페
5be4390455ad8b10,domestic_travel,0.25,가볼만한곳
68aabce236b41397,food,0.38,추천|후기|데이트
68aabce236b41397,domestic_travel,0.88,가볼만한곳|나들이|추천|후기|데이트
73c1647ff642ab26,domestic_travel,0.25,가볼만한곳
7c893737d15ba925,domestic_travel,0.50,가볼만한곳|명소
944f6ed6df9dcbaf,domestic_travel,0.38,가볼만한곳|추천
ceb12ca555e2c24a,domestic_travel,0.50,가볼만한곳|여행코스
60fb0e83fd62cd31,food,0.50,카페|방문|추천
60fb0e83fd62cd31,domestic_travel,0.25,방문|추천
2669340386e113d7,domestic_travel,0.50,가볼만한곳|명소
5e424a75526a965f,domestic_travel,0.75,숙소|바다|해변
a31bb2d2f7401618,food,1.00,맛집|카페|디저트|브런치
a31bb2d2f7401618,domestic_travel,0.25,가볼만한곳
f068db54214204be,food,1.00,맛집|카페|디저트|추천|데이트
f068db54214204be,domestic_travel,0.50,가볼만한곳|추천|데이트
7d0c4532dde9b315,food,0.88,맛집|카페|디저트|추천
7d0c4532dde9b315,domestic_travel,0.38,가볼만한곳|추천
4873d0257a4ed333,food,0.38,카페|추천
4873d0257a4ed333,domestic_travel,0.63,가볼만한곳|나들이|추천
62b837140dbc8962,food,0.75,메뉴|디저트|방문|후기
62b837140dbc8962,domestic_travel,0.25,방문|후기
37a7476ed1f8b21d,food,0.50,맛집|방문|추천
37a7476ed1f8b21d,domestic_travel,0.50,가볼만한곳|방문|추천
57b65330253c395b,domestic_travel,0.25,가볼만한곳
b79c64c81f565208,food,0.25,라멘
b79c64c81f565208,domestic_travel,0.25,시장
258bb5eb8a5fa40f,food,0.75,카페|디저트|방문|후기
258bb5eb8a5fa40f,domestic_travel,0.25,방문|후기
dd0a5f303e6689b4,food,0.38,내돈내산|데이트
875df0fd4817ff10,domestic_travel,0.25,바다
c360b3d7f5923e6e,domestic_travel,0.38,숙소|추천
de88d7123983acbf,domestic_travel,0.38,숙소|추천
4678e1ad74c353ab,domestic_travel,0.25,명소
3781d180e70ed86a,domestic_travel,0.38,바다|추천
19bbe5815080563f,food,0.25,저녁
38b63bf4410d37a5,food,0.25,카페
23ba369fce76b124,food,0.75,점심|저녁|방문|추천
23ba369fce76b124,domestic_travel,0.25,방문|추천
c26b95904be0392a,food,0.25,추천|후기
c26b95904be0392a,domestic_travel,0.25,추천|후기
a9afe42cc7216555,food,0.50,맛집|브런치
f4e388f37e8cab17,domestic_travel,0.38,축제|데이트
926c161b58852c24,domestic_travel,0.63,축제|나들이|데이트
1f18a1182a925b44,domestic_travel,0.50,바다|시장
4daa9e28529cd8fa,domestic_travel,0.50,숙소|시장
47cd2c6e534ab3c9,food,0.38,후기|핫플|데이트
47cd2c6e534ab3c9,domestic_travel,0.38,후기|데이트|핫플
0fb0f1ae88bc1791,domestic_travel,0.25,숙소
4deb32504bf79262,domestic_travel,0.25,명소
f7a058baf26591db,food,0.25,맛집
ee729ccc20c6269e,domestic_travel,0.25,숙소
51444b17741b8d85,domestic_travel,0.38,여행코스|후기
08660b3130a38fce,food,0.63,식당|카페|추천
08660b3130a38fce,domestic_travel,0.63,숙소|바다|추천
0910ffcce8760462,food,0.38,내돈내산|후기
108763cfcf54824c,food,0.50,방문|후기|핫플|데이트
108763cfcf54824c,domestic_travel,1.00,나들이|박람회|방문|후기|데이트|핫플
7343c40f67a2e28c,domestic_travel,0.25,바다
4f5a9b4296161b1b,domestic_travel,0.38,숙소|추천
7ceccf219a0515f6,food,0.25,디저트
54d123ad5cf02470,domestic_travel,0.38,숙소|방문
4e2b582e61143281,food,0.50,카페|내돈내산
4942d5ee9ba1068c,food,0.25,방문|추천
4942d5ee9ba1068c,domestic_travel,0.50,시장|방문|추천
ec7a710017d0db49,food,0.38,카페|후기
a2d2117f13bfb09a,domestic_travel,0.38,명소|후기
21e97a0525d498e8,food,0.38,맛집|추천
21e97a0525d498e8,domestic_travel,0.38,여행코스|추천
b63fb6fadcdfe37e,domestic_travel,0.63,해변|명소|방문
c403b8e88ae1232a,food,0.38,디저트|추천
c403b8e88ae1232a,domestic_travel,0.38,여행코스|추천
243eabf5ccef5830,food,0.25,추천|후기
243eabf5ccef5830,domestic_travel,0.25,추천|후기
dc7737044ddf864c,domestic_travel,0.25,명소
7b82ca43bdb16db3,food,0.50,방문|추천|후기|데이트
7b82ca43bdb16db3,domestic_travel,0.50,방문|추천|후기|데이트
51fdeadce02a8a80,domestic_travel,0.38,나들이|방문
af2faa845a2261d1,domestic_travel,0.50,시장|나들이
616724826fc9bf04,domestic_travel,0.25,숙소
49c3ba911bad973f,food,0.25,방문|데이트
49c3ba911bad973f,domestic_travel,0.25,방문|데이트
9ee6bf252339456e,food,0.25,카페
ba40880b0641bad1,food,0.25,고기
ba40880b0641bad1,domestic_travel,0.25,나들이
87a1f4c55f8d342c,food,0.25,방문|추천
87a1f4c55f8d342c,domestic_travel,0.50,여행코스|방문|추천
2a6bc430f5066fb9,food,0.38,방문|추천|후기
2a6bc430f5066fb9,domestic_travel,0.38,방문|추천|후기
17f36c81126613cc,food,0.88,맛집|카페|브런치|추천
17f36c81126613cc,domestic_travel,0.38,바다|추천
cf24e1bb6f892e22,food,0.38,맛집|후기
9017a349122f28e7,food,0.25,저녁
956beb1e595cfd9e,food,0.38,카페|후기
1cfb6a94551a016c,domestic_travel,0.25,여행코스
07a00a5d4fb94507,food,0.25,맛집
07a00a5d4fb94507,domestic_travel,0.25,해변
c6b671a2a5f00372,food,0.38,맛집|추천
d03c6436a73e278b,domestic_travel,0.25,나들이
ca0a4b607824c87a,food,0.38,맛집|후기
ca0a4b607824c87a,domestic_travel,0.38,숙소|후기
912e07a435eb89de,domestic_travel,0.25,숙소
516a68fc7b2a740b,domestic_travel,0.38,바다|후기
1f8008c2777bc432,food,0.75,식당|저녁|웨이팅
2b18fc2bc40bea76,domestic_travel,0.38,바다|추천
77a6651c3607a7a8,domestic_travel,0.38,여행코스|추천
db4d92c381414dd0,food,0.25,카페
db4d92c381414dd0,domestic_travel,0.50,여행코스|시장
4265c9faea16073d,domestic_travel,0.38,명소|방문
8187363d4bb2c89d,food,0.50,카페|추천|데이트
8187363d4bb2c89d,domestic_travel,0.50,서울근교|추천|데이트
b99f50ae9439267b,food,0.63,맛집|카페|데이트
cd352978027e5da7,food,0.63,메뉴|고기|방문
1c2dba9e4c57a704,food,0.38,맛집|추천
1c2dba9e4c57a704,domestic_travel,0.38,시장|추천
5c31c71c8b0151bb,domestic_travel,0.50,시장|나들이
999fc68b70c9d23d,domestic_travel,0.25,해변
7bb0307923ff12fd,domestic_travel,0.25,여행코스
e6b6855ec99cb528,food,0.25,맛집
e6b6855ec99cb528,domestic_travel,0.25,바다
d9488f35d42ae598,domestic_travel,0.25,바다
9753170ad591e1a6,domestic_travel,0.25,명소
12e0c04a53885fc3,domestic_travel,0.25,시장
5ded8932b4107011,domestic_travel,0.25,박람회
75418e8a2b6d3e53,food,0.25,저녁
64650b74af4aa183,food,0.25,맛집
89692d0ad33826c5,food,0.25,방문|추천
89692d0ad33826c5,domestic_travel,0.25,방문|추천
dce9158c6a5aa582,food,0.25,맛집
b73b7a84a2ebe452,food,0.50,맛집|후기|데이트
b73b7a84a2ebe452,domestic_travel,0.25,후기|데이트
9a4dc4c2716d8c15,food,0.63,메뉴|카페|방문
0a9b538c228ab7c2,food,0.50,카페|방문|추천
0a9b538c228ab7c2,domestic_travel,0.25,방문|추천
59eeec6b153f0f35,food,0.50,맛집|방문|추천
59eeec6b153f0f35,domestic_travel,0.25,방문|추천
d77861ad8cae4b78,food,0.38,맛집|데이트
37db78e03bc5e213,food,0.38,맛집|데이트
18fa40b9f4a96163,food,0.25,내돈내산
a05886e7d5c5e51d,domestic_travel,0.25,시장
0533383e2a7c3ff2,food,0.25,점심
6b5ae1ec7b6c9789,food,0.25,방문|후기
6b5ae1ec7b6c9789,domestic_travel,0.25,방문|후기
77b5ecc4b55cacbe,food,0.25,식당
6f7c1d3939d2831e,food,0.25,점심
2758d41a39aca806,food,0.25,방문|추천
2758d41a39aca806,domestic_travel,0.25,방문|추천
fec4787b8fcb722a,food,0.25,카페
114aded28a14eb4e,domestic_travel,0.38,명소|추천
efe632a6b4b81a2e,domestic_travel,0.38,숙소|추천
a8ec69da9c5fe767,food,0.38,식당|추천
a82a5edf2ba38a92,domestic_travel,0.25,시장
cec30d242b5b777c,domestic_travel,0.25,바다
d30a9adbecf9af90,domestic_travel,0.25,명소
8fcd1302967912ca,domestic_travel,0.63,여행코스|숙소|추천
db2b71f5eb5fc3c0,food,0.50,맛집|방문|후기
db2b71f5eb5fc3c0,domestic_travel,0.25,방문|후기
e9afcdc52856403e,food,0.25,맛집
38fd7d736f8db371,food,0.38,카페|추천
89bb9f4ca12ccfd9,food,0.38,저녁|추천
89bb9f4ca12ccfd9,domestic_travel,0.38,시장|추천
d3b7c05f18acb57b,food,0.38,점심|추천
d3b7c05f18acb57b,domestic_travel,0.38,여행코스|추천
b83db28239f51db2,domestic_travel,0.25,숙소
520c14633d34745b,food,0.38,카페|방문
e634297ad9dd6af2,domestic_travel,0.25,박람회
d44b4a017f475b6f,domestic_travel,0.25,시장
d0f407dbe95b03b1,food,0.25,방문|추천
d0f407dbe95b03b1,domestic_travel,0.25,방문|추천
bf30c7fc0dfe8356,food,0.25,카페
bf30c7fc0dfe8356,domestic_travel,0.25,바다
895ce0e57d54d3ac,food,0.38,방문|추천|후기
895ce0e57d54d3ac,domestic_travel,0.38,방문|추천|후기
d7ff978c1c1286a9,domestic_travel,0.38,해변|추천
9dc9db99a37da027,food,0.25,방문|데이트
9dc9db99a37da027,domestic_travel,0.25,방문|데이트
cd610d6767c4d0d2,domestic_travel,0.25,바다
5269f9f60bb24709,food,0.50,저녁|카페
ea08a6c0e8163050,food,0.25,카페
f0f34564a80845a8,food,0.25,추천|후기
f0f34564a80845a8,domestic_travel,0.50,가볼만한곳|추천|후기
2b4308df0c2f6d24,domestic_travel,0.38,시장|방문
d86e8a76bd3f86b3,food,0.25,추천|후기
d86e8a76bd3f86b3,domestic_travel,0.25,추천|후기
b9ebd8f51949a8f0,food,0.63,맛집|카페|방문
7b937be111b2c924,domestic_travel,0.38,명소|추천
0e272434de66ff2d,food,0.25,추천|후기
0e272434de66ff2d,domestic_travel,0.75,여행코스|숙소|추천|후기
0cf524106431a25a,food,0.25,방문|후기
0cf524106431a25a,domestic_travel,0.25,방문|후기
0b490f8e136cf6b5,domestic_travel,0.25,박람회
5f2b7bdd9b1d7705,food,0.63,맛집|방문|추천|데이트
5f2b7bdd9b1d7705,domestic_travel,0.38,방문|추천|데이트
a426dd85b6d5ab21,food,0.38,카페|추천
a426dd85b6d5ab21,domestic_travel,0.38,나들이|추천
ac836e960405247f,food,0.25,맛집
9da7b377bf8b3c75,food,0.38,카페|추천
fabc8ea46992220c,food,0.63,디저트|술집|추천
c5be1d02f61e1513,domestic_travel,0.38,시장|추천
c9389c921134aa2b,domestic_travel,0.38,숙소|추천
ad35f994d7296833,food,0.38,식당|추천
325a3e3a8b802bd5,food,0.50,맛집|브런치
c02c0baaf60d0118,food,0.25,맛집
c02c0baaf60d0118,domestic_travel,0.25,여행코스
9b5bfb99d25b1a6e,domestic_travel,0.38,시장|추천
8921e3157283d4bd,food,0.38,맛집|방문
8921e3157283d4bd,domestic_travel,0.38,숙소|방문
0efe0247a1aa53f2,food,0.25,맛집
0efe0247a1aa53f2,domestic_travel,0.25,숙소
bd98336ed8b2f05f,domestic_travel,0.25,박람회
2ce0d9a5d2e943eb,food,0.50,메뉴|점심
b52909ddf9bf87a1,food,0.63,메뉴|저녁|추천
dd116337941cd850,domestic_travel,0.25,박람회
408f774576e82f0e,food,0.25,메뉴
192e2fd1c5570236,domestic_travel,0.38,숙소|추천
fe068aaf4daba59a,domestic_travel,0.50,숙소|바다
6f0cacb8561d5d61,food,0.38,내돈내산|추천
dfb6426197ea83a8,food,0.50,카페|후기|데이트
dfb6426197ea83a8,domestic_travel,0.25,후기|데이트
17d52a7e86c2c59a,food,0.38,맛집|데이트
bf60235fb3bf2d91,domestic_travel,0.25,여행코스
365d5a0595d0635e,domestic_travel,0.38,축제|방문
3136e42722575237,food,0.25,맛집
3136e42722575237,domestic_travel,0.25,여행코스
9ba7c9b8cfe7b401,domestic_travel,0.88,바다|해변|명소|추천
21d89ce321544f33,food,0.38,맛집|후기
21d89ce321544f33,domestic_travel,0.38,나들이|후기
449c3051f10b2133,domestic_travel,0.25,박람회
60e8249ca6b84c8d,food,0.75,맛집|고기|추천|후기
60e8249ca6b84c8d,domestic_travel,0.25,추천|후기
d037c763bf7e2e7d,domestic_travel,0.25,축제
de3e3abc666e6246,domestic_travel,0.25,바다
ede7dd11b3e4f8ca,domestic_travel,0.38,바다|데이트
a9148ec4975cd212,food,0.38,맛집|방문
a9148ec4975cd212,domestic_travel,0.38,시장|방문
8d17a0b15626a13e,food,0.25,맛집
8d17a0b15626a13e,domestic_travel,0.25,나들이
6f27aeb47aee1afb,food,0.50,식당|추천|후기
6f27aeb47aee1afb,domestic_travel,0.25,추천|후기
d0a21ebeb844a5cc,food,0.88,맛집|고기|밥집|데이트
d0a21ebeb844a5cc,domestic_travel,0.38,여행코스|데이트
4222d12d9fc568da,food,0.75,식당|메뉴|방문|추천
4222d12d9fc568da,domestic_travel,0.25,방문|추천
23a1e5b02f12fc5c,food,0.25,고기
4c1d682e02e29186,food,0.25,맛집
074feed54894680b,food,0.50,맛집|방문|데이트
074feed54894680b,domestic_travel,0.25,방문|데이트
1e2f5c4ae4022ca4,food,0.38,카페|데이트
1e2f5c4ae4022ca4,domestic_travel,0.38,나들이|데이트
cf4629d694297e72,food,0.25,식당
cf4629d694297e72,domestic_travel,0.25,바다
9f5dcbb6dda16c49,food,0.38,맛집|방문
9f5dcbb6dda16c49,domestic_travel,0.38,나들이|방문
c12a7d656c4aff76,domestic_travel,0.38,시장|후기
ab59765748f57db4,food,0.25,카페
ab59765748f57db4,domestic_travel,0.50,바다|해변
4cdaec916ff71018,domestic_travel,0.25,시장
1a84c434842bc540,food,0.50,메뉴|방문|추천
1a84c434842bc540,domestic_travel,0.25,방문|추천
a4329bc023ad4f68,food,0.50,맛집|식당
a4329bc023ad4f68,domestic_travel,0.25,여행코스
e9714ff32137afb9,food,0.25,추천|후기
e9714ff32137afb9,domestic_travel,0.25,추천|후기
1a24df9eef598173,domestic_travel,0.25,여행코스
e33fea4129c1bdde,domestic_travel,0.25,숙소
12d1f99600d41ef1,domestic_travel,0.25,명소
6b8bbf70fc692355,food,0.50,맛집|카페
6b8bbf70fc692355,domestic_travel,0.25,여행코스
1a3b2aff336ea56a,domestic_travel,0.25,숙소
a443fa3411c629d0,food,0.25,고기
733345a5af577d70,food,0.63,맛집|웨이팅|추천
82376fdc277abace,domestic_travel,0.38,여행코스|추천
b2dc8a1d1ba8dbda,food,0.25,방문|추천
b2dc8a1d1ba8dbda,domestic_travel,0.75,숙소|바다|방문|추천
595167d879a6fd80,domestic_travel,0.25,해변
ab051c85aac94b2c,domestic_travel,0.25,명소
200116b1e895e9f1,food,0.75,맛집|식당|메뉴
9aad9b2ed4d73ed4,food,0.38,맛집|데이트
d936b0254604b667,food,0.25,맛집
745cd02ec435719c,food,0.25,맛집
2c75d96a305e70da,food,0.50,식당|메뉴
7938bfc0b53a7338,food,0.25,카페
de61819df2a3c120,domestic_travel,0.25,박람회
098d3026b554c92d,domestic_travel,0.25,바다
79e283bba26080fb,food,0.63,맛집|카페|데이트
574c396ac2071018,domestic_travel,0.38,바다|추천
266888c3a3731a61,domestic_travel,0.25,숙소
18b5e4dc95e3348d,domestic_travel,0.25,바다
9a1fb4e124e51265,food,0.25,메뉴
bfce696ddc62ade7,food,0.38,추천|후기|데이트
bfce696ddc62ade7,domestic_travel,0.38,추천|후기|데이트
ad86835335e89acc,food,0.25,맛집
8fa79e9c7ad53780,food,0.63,맛집|고기|데이트
6706d72611747d30,food,0.50,밥집|방문|데이트
6706d72611747d30,domestic_travel,0.25,방문|데이트
1be86c0979f992ce,food,0.25,디저트
f2b8f9d4b7a79724,domestic_travel,0.38,숙소|추천
5aa822f6bb1b5b95,domestic_travel,0.50,나들이|명소
a72fe786a6659ce2,food,0.63,맛집|술집|후기
255d8b8236d3cff6,food,0.25,맛집
255d8b8236d3cff6,domestic_travel,0.25,바다
446a234cf0d8b661,food,0.25,고기
d0f94e222accdc42,domestic_travel,0.63,여행코스|숙소|추천
7db0123c0d276bae,food,0.63,맛집|메뉴|방문
63b852d4578b204d,food,0.25,저녁
1e2f853545d82a61,food,0.50,저녁|카페
1e2f853545d82a61,domestic_travel,0.25,여행코스
e5e80b55e51b34e1,food,0.75,메뉴|디저트|방문|추천
e5e80b55e51b34e1,domestic_travel,0.25,방문|추천
cacb38407c64ee54,domestic_travel,0.25,바다
621ecdb712490f7a,food,0.63,카페|방문|추천|후기
621ecdb712490f7a,domestic_travel,0.63,여행코스|방문|추천|후기
dbf796d55b33d111,domestic_travel,0.38,축제|추천
645d377951558143,domestic_travel,0.38,바다|추천
a4d0b636c0eb2eae,domestic_travel,0.38,바다|추천
89ff23ed88676c30,domestic_travel,0.63,바다|명소|추천
368d90240cf97920,food,0.25,방문|추천
368d90240cf97920,domestic_travel,0.50,가볼만한곳|방문|추천
9b4f870bd8fc083b,domestic_travel,0.38,축제|추천
2892298fefa45a7f,food,0.25,방문|추천
2892298fefa45a7f,domestic_travel,0.50,축제|방문|추천
a7d090a61c54d163,food,1.00,맛집|식당|카페|디저트|추천
a7d090a61c54d163,domestic_travel,0.88,국내여행|가볼만한곳|여행코스|추천
ad0519d1c8226772,food,0.38,카페|추천
ad0519d1c8226772,domestic_travel,0.38,가볼만한곳|추천
d5e1f28865f9adf0,food,0.25,방문|추천
d5e1f28865f9adf0,domestic_travel,0.50,축제|방문|추천
531a691557c99d36,food,0.25,추천|후기
531a691557c99d36,domestic_travel,0.25,추천|후기
c390a7cbf3c18211,food,0.75,맛집|메뉴|추천|후기
c390a7cbf3c18211,domestic_travel,0.50,국내여행|추천|후기
31f21f70ecf9cdb6,domestic_travel,0.38,국내여행|추천
347016e29cc4b265,food,0.38,저녁|추천
347016e29cc4b265,domestic_travel,0.38,국내여행|추천
5e2afd372874203a,food,0.38,추천|후기|데이트
5e2afd372874203a,domestic_travel,1.00,국내여행|가볼만한곳|축제|나들이|명소|추천|후기|데이트
330accb894a8ba38,domestic_travel,0.38,국내여행|추천
b79f97677d0936f5,domestic_travel,0.38,해변|추천
2d11f22eadb3b30f,domestic_travel,0.63,국내여행|가볼만한곳|추천
d52940d563c81e2d,food,0.25,추천|데이트
d52940d563c81e2d,domestic_travel,0.75,국내여행|가볼만한곳|추천|데이트
246c418324016193,food,0.25,추천|데이트
246c418324016193,domestic_travel,1.00,국내여행|가볼만한곳|축제|추천|데이트
9dfeddca8f493778,food,0.25,추천|후기
9dfeddca8f493778,domestic_travel,0.75,국내여행|나들이|추천|후기
82885069fa798bb1,food,0.25,추천|후기
82885069fa798bb1,domestic_travel,0.50,국내여행|추천|후기
fa01bc1904cf33ef,domestic_travel,1.00,국내여행|가볼만한곳|여행코스|바다|해변|명소|추천
1a7393b812a00fa4,food,0.50,맛집|추천|데이트
1a7393b812a00fa4,domestic_travel,1.00,국내여행|가볼만한곳|축제|추천|데이트
56c3e7248082dae0,food,0.63,맛집|카페|추천
56c3e7248082dae0,domestic_travel,0.63,국내여행|여행코스|추천
04f4e50a6a04c65c,domestic_travel,0.38,국내여행|추천
bdabcfe838b2aa03,food,0.38,맛집|추천
bdabcfe838b2aa03,domestic_travel,0.63,국내여행|가볼만한곳|추천
ea73ceb501ffd85e,food,0.38,맛집|추천
6d279efdbeb3b1ca,domestic_travel,0.38,국내여행|추천
0859d866701ba569,domestic_travel,0.63,국내여행|가볼만한곳|추천
28f171a47b0ba34f,food,0.63,메뉴|고기|추천
28f171a47b0ba34f,domestic_travel,0.38,시장|추천
e6806acda95adb59,domestic_travel,0.63,국내여행|가볼만한곳|추천
2e574f7a32f76be8,domestic_travel,0.63,국내여행|가볼만한곳|추천
66e3f1eb3db7364c,domestic_travel,0.38,국내여행|추천
fe55dd2be176589e,food,0.38,맛집|추천
fe55dd2be176589e,domestic_travel,0.38,국내여행|추천
bcf19861df1c0504,domestic_travel,0.88,국내여행|가볼만한곳|나들이|추천
fb14d6afa2fd8285,domestic_travel,1.00,국내여행|가볼만한곳|축제|나들이|추천
d2553bb4efed8f2d,food,0.25,방문|추천
d2553bb4efed8f2d,domestic_travel,0.75,국내여행|가볼만한곳|방문|추천
f2d92166c1d2908a,domestic_travel,0.38,국내여행|추천
2e7dd883d0a75e8f,food,0.25,추천|후기
2e7dd883d0a75e8f,domestic_travel,0.75,국내여행|바다|추천|후기
1a2ab0b8439c360a,food,0.38,카페|추천
1a2ab0b8439c360a,domestic_travel,0.88,국내여행|가볼만한곳|명소|추천
1a02066ac5cc157e,food,0.38,맛집|추천
1a02066ac5cc157e,domestic_travel,0.38,숙소|추천
a97d48bbe63b505c,domestic_travel,1.00,국내여행|축제|나들이|명소|박람회|추천
fbf40c37868cb566,food,0.25,추천|핫플
fbf40c37868cb566,domestic_travel,0.75,국내여행|축제|추천|핫플
f2f7ceabfb54e050,food,0.50,카페|핫플|데이트
f2f7ceabfb54e050,domestic_travel,1.00,국내여행|가볼만한곳|축제|데이트|핫플
06c33e0e04c6f1f5,food,1.00,맛집|카페|디저트|추천|후기|데이트
06c33e0e04c6f1f5,domestic_travel,0.88,국내여행|가볼만한곳|추천|후기|데이트
358996fc29de7b88,domestic_travel,1.00,국내여행|가볼만한곳|축제|나들이|추천
97e8a35494d304c4,domestic_travel,1.00,국내여행|가볼만한곳|해변|명소|추천
9258e431643f69d6,food,0.25,추천|후기
9258e431643f69d6,domestic_travel,1.00,국내여행|가볼만한곳|축제|나들이|명소|추천|후기
53c651f92a0cac22,food,0.25,추천|후기
53c651f92a0cac22,domestic_travel,0.50,국내여행|추천|후기
7625c239a5b2c8ce,food,0.25,추천|데이트
7625c239a5b2c8ce,domestic_travel,0.75,바다|명소|추천|데이트
33947ccab6bdf4e4,food,0.25,추천|후기
33947ccab6bdf4e4,domestic_travel,0.50,국내여행|추천|후기
e87f8a98cf900a02,domestic_travel,0.38,국내여행|추천
ff54e3cad9a172bc,food,0.25,추천|후기
ff54e3cad9a172bc,domestic_travel,0.50,국내여행|추천|후기
ffe3af62e415d41b,domestic_travel,0.25,숙소
61b1d942f65ce015,food,0.25,추천|후기
61b1d942f65ce015,domestic_travel,0.50,국내여행|추천|후기
72d5a6915ee22ae2,food,1.00,맛집|메뉴|점심|저녁|밥집|추천|후기
72d5a6915ee22ae2,domestic_travel,0.50,국내여행|추천|후기
97d8b3e17cb927b9,food,0.25,추천|후기
97d8b3e17cb927b9,domestic_travel,0.50,국내여행|추천|후기
0524f33f2469c874,food,0.25,추천|데이트
0524f33f2469c874,domestic_travel,0.50,국내여행|추천|데이트
1e545db80f017baa,domestic_travel,0.38,국내여행|추천
a26cbb6f4a4bb070,domestic_travel,0.25,박람회
8254f81d7ddf9ea6,domestic_travel,0.88,국내여행|숙소|바다|추천
6ec0ad0fe50e5075,food,0.50,내돈내산|추천|후기
6ec0ad0fe50e5075,domestic_travel,0.50,국내여행|추천|후기
376ed3e87b734c41,food,0.25,추천|후기
376ed3e87b734c41,domestic_travel,0.50,국내여행|추천|후기
fd3c19bff6b7550f,food,0.25,추천|후기
fd3c19bff6b7550f,domestic_travel,0.50,국내여행|추천|후기
948aef2c2f1fd887,food,0.25,추천|데이트
948aef2c2f1fd887,domestic_travel,1.00,국내여행|가볼만한곳|축제|박람회|추천|데이트
8b3a8fc6dac3742b,domestic_travel,0.38,국내여행|추천
9b479cd76b03933f,domestic_travel,0.38,국내여행|추천
bdde96910a77045f,domestic_travel,0.63,국내여행|가볼만한곳|추천
d6c8dab14bb88f5a,food,0.25,추천|후기
d6c8dab14bb88f5a,domestic_travel,0.50,국내여행|추천|후기
5f41f8b435b28daa,domestic_travel,0.63,국내여행|나들이|추천
f6b45d1f53824bda,domestic_travel,0.38,국내여행|추천
a37b6cf9d79170d6,food,0.25,추천|데이트
a37b6cf9d79170d6,domestic_travel,1.00,국내여행|가볼만한곳|축제|나들이|명소|추천|데이트
7a69dbf3e4811185,domestic_travel,0.88,국내여행|가볼만한곳|숙소|추천
09cd56307e8a538d,food,0.25,추천|후기
09cd56307e8a538d,domestic_travel,0.50,국내여행|추천|후기
b855230a68e7ed7b,food,0.38,맛집|추천
97dbdd5f1fa84d05,domestic_travel,0.38,국내여행|추천
e141cb2f75832714,domestic_travel,0.38,국내여행|추천
8e8bfe58f62a4230,food,0.50,카페|방문|추천
8e8bfe58f62a4230,domestic_travel,0.75,국내여행|가볼만한곳|방문|추천
32c14e10c89be8c8,food,0.25,추천|데이트
32c14e10c89be8c8,domestic_travel,0.50,국내여행|추천|데이트
e770b8c2969b0d93,food,0.38,추천|핫플|데이트
e770b8c2969b0d93,domestic_travel,0.88,국내여행|가볼만한곳|추천|데이트|핫플
fddce29ea260d4ee,domestic_travel,0.88,국내여행|가볼만한곳|축제|추천
42bf4dd3163b7f39,domestic_travel,0.38,숙소|추천
fc503b61ecf5fcc1,food,0.25,추천|핫플
fc503b61ecf5fcc1,domestic_travel,0.75,국내여행|축제|추천|핫플
d126e9a18497fd44,domestic_travel,0.38,국내여행|추천
a56b94ef49a5afe1,domestic_travel,1.00,국내여행|가볼만한곳|축제|나들이|추천
b8bc8a8e10f19c30,domestic_travel,0.63,국내여행|나들이|추천
d51b63b37a36d828,food,0.50,맛집|추천|핫플
d51b63b37a36d828,domestic_travel,0.75,국내여행|가볼만한곳|추천|핫플
ad097f426dff1f5c,food,0.25,추천|데이트
ad097f426dff1f5c,domestic_travel,0.25,추천|데이트
d335a03cdd510148,food,0.25,추천|데이트
d335a03cdd510148,domestic_travel,0.50,국내여행|추천|데이트
596400a5de4e7bd7,food,0.88,맛집|식당|내돈내산|추천
596400a5de4e7bd7,domestic_travel,0.63,국내여행|가볼만한곳|추천
dc44d60a51d16559,domestic_travel,0.38,국내여행|추천
bcffc095cc27410c,food,0.38,방문|추천|데이트
bcffc095cc27410c,domestic_travel,0.88,국내여행|가볼만한곳|방문|추천|데이트
44903f11dd970d33,domestic_travel,0.63,국내여행|숙소|추천
4f1fbb88c1d10ebf,food,0.25,추천|핫플
4f1fbb88c1d10ebf,domestic_travel,1.00,국내여행|가볼만한곳|축제|명소|추천|핫플
b6277215deeeb317,food,0.50,카페|추천|핫플
b6277215deeeb317,domestic_travel,0.50,국내여행|추천|핫플
5f16708bf07ce48d,food,0.38,추천|핫플|데이트
5f16708bf07ce48d,domestic_travel,1.00,국내여행|가볼만한곳|나들이|추천|데이트|핫플
d702b9fbf7c88d01,domestic_travel,0.38,바다|추천
84cf79dd7c89ced9,food,0.63,맛집|카페|추천
84cf79dd7c89ced9,domestic_travel,0.88,국내여행|서울근교|나들이|추천
19fbe8d7dafa0267,food,0.38,방문|추천|후기
19fbe8d7dafa0267,domestic_travel,0.63,축제|방문|추천|후기
ca34eb613b8e4956,domestic_travel,0.88,국내여행|당일치기|가볼만한곳|추천
844010475c82a2b7,food,0.50,맛집|추천|데이트
844010475c82a2b7,domestic_travel,0.75,국내여행|가볼만한곳|추천|데이트
7bca5f957bbc1bef,domestic_travel,0.88,국내여행|가볼만한곳|여행코스|추천
fc3f0d2d63960a13,domestic_travel,0.38,국내여행|추천
a099524c31c4ddeb,domestic_travel,0.63,국내여행|숙소|추천
2fe87466399d66ae,food,0.88,맛집|카페|내돈내산|추천
2fe87466399d66ae,domestic_travel,0.63,국내여행|가볼만한곳|추천
fc4f4b48dae8e201,food,0.25,추천|후기
fc4f4b48dae8e201,domestic_travel,0.25,추천|후기
ff12fac48e768079,food,0.38,맛집|추천
ff12fac48e768079,domestic_travel,1.00,국내여행|가볼만한곳|축제|나들이|명소|추천
1b2d2e2795e7d9f4,food,0.38,카페|추천
1b2d2e2795e7d9f4,domestic_travel,0.88,국내여행|당일치기|여행코스|추천
5ae042ed4e0aaa44,domestic_travel,0.25,가볼만한곳
d05dd6e4280e10d1,domestic_travel,0.38,축제|추천
b95704551a38ca25,domestic_travel,0.38,당일치기|추천
7cfad79295fe3381,food,0.63,맛집|추천|핫플|데이트
7cfad79295fe3381,domestic_travel,0.88,국내여행|가볼만한곳|추천|데이트|핫플
0798cfe29c8c9459,food,0.75,맛집|카페|추천|데이트
0798cfe29c8c9459,domestic_travel,0.75,국내여행|당일치기|추천|데이트
5387c38033a507de,domestic_travel,0.63,국내여행|숙소|추천
80d6213267b0b3f6,domestic_travel,0.38,국내여행|추천
e7625d1e63dc5095,food,0.25,추천|핫플
e7625d1e63dc5095,domestic_travel,1.00,국내여행|가볼만한곳|명소|추천|핫플
66fa738306246a87,domestic_travel,0.63,국내여행|숙소|추천
30ad96d863baafe0,domestic_travel,0.38,국내여행|추천
5c795f4a71320d3c,food,0.25,추천|데이트
5c795f4a71320d3c,domestic_travel,1.00,국내여행|가볼만한곳|축제|나들이|추천|데이트
4ebba9bb98b0adf7,domestic_travel,0.38,국내여행|추천
918657020433a1f6,domestic_travel,0.63,국내여행|가볼만한곳|추천
ad3d159ecd54296b,food,0.38,맛집|추천
ad3d159ecd54296b,domestic_travel,1.00,국내여행|가볼만한곳|축제|나들이|추천
6f062987a9bdb511,food,0.38,추천|핫플|데이트
6f062987a9bdb511,domestic_travel,1.00,국내여행|당일치기|가볼만한곳|나들이|추천|데이트|핫플
9b224f29f5268030,food,0.25,추천|데이트
9b224f29f5268030,domestic_travel,1.00,국내여행|축제|나들이|추천|데이트
89aa262579e391cb,food,0.38,고기|추천
89aa262579e391cb,domestic_travel,0.38,국내여행|추천
c6c481bbd6e2d997,food,0.88,맛집|점심|고기|추천
04fbb0d970f95840,domestic_travel,0.63,국내여행|시장|추천
bee842853b741d3f,domestic_travel,0.88,국내여행|나들이|명소|추천
a3501d333280cbb5,food,0.25,추천|데이트
a3501d333280cbb5,domestic_travel,1.00,국내여행|숙소|바다|추천|데이트
481765da99764cb3,food,0.25,추천|데이트
481765da99764cb3,domestic_travel,0.75,국내여행|숙소|추천|데이트
4d88b71fb972ca01,food,0.25,추천|데이트
4d88b71fb972ca01,domestic_travel,1.00,국내여행|가볼만한곳|명소|추천|데이트
7887f55880320806,food,0.38,카페|추천
9fabaee83b3ad54e,food,0.38,추천|핫플|데이트
9fabaee83b3ad54e,domestic_travel,1.00,국내여행|가볼만한곳|축제|나들이|추천|데이트|핫플
108a335cbe6a9aaf,food,0.25,추천|후기
108a335cbe6a9aaf,domestic_travel,0.50,국내여행|추천|후기
4212b77ca049688d,domestic_travel,0.63,국내여행|가볼만한곳|추천
f2c557cc8ced389a,food,0.50,맛집|추천|데이트
f2c557cc8ced389a,domestic_travel,0.75,국내여행|가볼만한곳|추천|데이트
2a58939493f09186,domestic_travel,0.38,국내여행|추천
96754310094704e0,domestic_travel,0.38,숙소|추천
6bd91a3f08147c3b,domestic_travel,0.38,국내여행|추천
90de4632ba687a06,food,0.25,추천|후기
90de4632ba687a06,domestic_travel,0.75,국내여행|바다|추천|후기
7fb1619d776c3c27,domestic_travel,0.25,국내여행
9c215e8be6ad9267,domestic_travel,0.38,국내여행|추천
553a3ce399ba5147,food,0.25,추천|데이트
553a3ce399ba5147,domestic_travel,1.00,국내여행|가볼만한곳|바다|나들이|명소|추천|데이트
53186f2a28c361a5,domestic_travel,0.88,가볼만한곳|해변|축제|추천
c5098b685e9ee1c6,domestic_travel,0.88,국내여행|숙소|바다|추천
db872918db1c12b3,food,0.38,고기|추천
db872918db1c12b3,domestic_travel,0.38,국내여행|추천
c9f09ea81b225938,domestic_travel,0.63,국내여행|명소|추천
8f805abc5f292f2d,domestic_travel,0.63,국내여행|명소|추천
b86b466e6cfe998c,food,0.75,맛집|저녁|추천|후기
b86b466e6cfe998c,domestic_travel,0.50,국내여행|추천|후기
b4ee14e56c4fffa8,domestic_travel,0.38,국내여행|추천
160c2088e4be7aae,domestic_travel,0.25,박람회
5e7fd97c971491eb,domestic_travel,0.88,국내여행|가볼만한곳|나들이|추천
e1484f9d85bfe592,domestic_travel,0.38,국내여행|추천
abc86c6a2e55e3ff,domestic_travel,0.38,숙소|추천
fd5d8f9ad69a8460,food,0.50,밥집|방문|추천
fd5d8f9ad69a8460,domestic_travel,0.50,국내여행|방문|추천
00653b605405e1f8,domestic_travel,0.38,국내여행|추천
2752fc938decdc86,food,0.38,디저트|추천
2752fc938decdc86,domestic_travel,0.38,국내여행|추천
c5639ec54261a928,food,0.25,추천|핫플
c5639ec54261a928,domestic_travel,1.00,국내여행|가볼만한곳|숙소|추천|핫플
f469897a0f3e934d,food,0.25,추천|핫플
f469897a0f3e934d,domestic_travel,1.00,국내여행|당일치기|가볼만한곳|해변|추천|핫플
be4a726f9b441d32,food,0.25,추천|데이트
be4a726f9b441d32,domestic_travel,0.50,국내여행|추천|데이트
1057bf80ec9abb53,domestic_travel,0.63,국내여행|가볼만한곳|추천
c8a461ba606c19a2,domestic_travel,1.00,국내여행|서울근교|가볼만한곳|나들이|추천
1ec51427d41e7e2a,food,0.75,고기|카페|추천|데이트
1ec51427d41e7e2a,domestic_travel,0.50,국내여행|추천|데이트
f744508b2d855d74,food,0.25,추천|핫플
f744508b2d855d74,domestic_travel,1.00,국내여행|당일치기|가볼만한곳|바다|추천|핫플
7c25a46becb6d3fd,domestic_travel,0.63,국내여행|가볼만한곳|추천
85f368a5a124e6b2,food,0.38,내돈내산|추천
85f368a5a124e6b2,domestic_travel,0.38,국내여행|추천
edf7e1cd07706a77,food,0.38,맛집|추천
edf7e1cd07706a77,domestic_travel,0.88,국내여행|가볼만한곳|시장|추천
ecc62249d953cda6,food,0.63,맛집|디저트|추천
ecc62249d953cda6,domestic_travel,0.38,국내여행|추천
592e32230badb10b,food,0.25,방문|추천
592e32230badb10b,domestic_travel,0.50,당일치기|방문|추천
7b91bf200ce23e2c,food,0.50,카페|방문|추천
7b91bf200ce23e2c,domestic_travel,0.75,국내여행|가볼만한곳|방문|추천
793a23c055e4831c,domestic_travel,1.00,국내여행|가볼만한곳|바다|축제|명소|추천
52449ec521caa32f,food,0.25,추천|데이트
52449ec521caa32f,domestic_travel,1.00,국내여행|가볼만한곳|나들이|명소|추천|데이트
a1601e469ba0c60a,food,0.50,방문|추천|후기|데이트
a1601e469ba0c60a,domestic_travel,1.00,국내여행|가볼만한곳|나들이|명소|방문|추천|후기|데이트
f876cf5019364fcb,food,0.50,카페|추천|후기
f876cf5019364fcb,domestic_travel,0.25,추천|후기
5cd36b78f59650a1,domestic_travel,0.88,국내여행|가볼만한곳|축제|추천
390ae7b98e24c1f5,food,0.38,추천|핫플|데이트
390ae7b98e24c1f5,domestic_travel,1.00,국내여행|가볼만한곳|나들이|추천|데이트|핫플
2803e1b5203909ef,food,0.63,맛집|식당|추천
2803e1b5203909ef,domestic_travel,0.38,명소|추천
622926ec3f6451c3,domestic_travel,0.63,국내여행|당일치기|핫플
0246ef02267001fc,domestic_travel,0.88,국내여행|숙소|바다|추천
de68ebdea5151ca1,domestic_travel,0.88,국내여행|당일치기|명소|추천
e986a36c808ca559,domestic_travel,0.38,가볼만한곳|추천
a369bb76e9a7d92b,food,0.38,맛집|추천
a369bb76e9a7d92b,domestic_travel,0.38,당일치기|추천
2e2855b68e74bd3e,food,0.38,방문|추천|후기
2e2855b68e74bd3e,domestic_travel,0.63,가볼만한곳|방문|추천|후기
9f4dc8b39c26e9b3,domestic_travel,0.63,국내여행|숙소|추천
f607f773f4aacc0b,food,0.25,추천|데이트
f607f773f4aacc0b,domestic_travel,0.75,축제|나들이|추천|데이트
340b88773206aea8,food,0.25,추천|데이트
340b88773206aea8,domestic_travel,0.75,국내여행|가볼만한곳|추천|데이트
02e08e98f5ab0fe3,domestic_travel,0.63,국내여행|가볼만한곳|추천
718b3a142307e1ba,domestic_travel,1.00,국내여행|당일치기|가볼만한곳|바다|추천
112f7ceebf5faee3,food,0.38,저녁|추천
112f7ceebf5faee3,domestic_travel,0.63,국내여행|숙소|추천
7e3c27d7f3c9d517,food,0.25,추천|후기
7e3c27d7f3c9d517,domestic_travel,0.75,국내여행|숙소|추천|후기
17ea22cb2447b763,domestic_travel,0.38,축제|방문
751dd67b8987b011,domestic_travel,0.38,국내여행|추천
75e2b1be273c378f,food,0.25,방문|추천
75e2b1be273c378f,domestic_travel,0.75,국내여행|축제|방문|추천
7122a9115499c0ab,food,0.75,맛집|메뉴|방문|추천
7122a9115499c0ab,domestic_travel,0.25,방문|추천
a2c59a2f707c2596,domestic_travel,0.38,국내여행|추천
2f273ec4ae93bf07,food,0.38,카페|추천
2f273ec4ae93bf07,domestic_travel,0.63,국내여행|가볼만한곳|추천
a3f9bd6e27d5c81c,food,0.75,맛집|카페|추천|데이트
a3f9bd6e27d5c81c,domestic_travel,0.50,국내여행|추천|데이트
032b71052634a39c,food,0.75,맛집|식당|추천|핫플
032b71052634a39c,domestic_travel,0.75,국내여행|가볼만한곳|추천|핫플
c4505ae8b5b39884,food,0.50,카페|추천|후기
c4505ae8b5b39884,domestic_travel,1.00,국내여행|가볼만한곳|바다|추천|후기
1bb2e0aa65608035,domestic_travel,0.88,국내여행|나들이|명소|추천
e370847ed48198ed,food,0.25,추천|데이트
e370847ed48198ed,domestic_travel,0.75,숙소|명소|추천|데이트
c252b1bbf86b50d0,domestic_travel,0.25,국내여행
d4bddedae228f0c5,food,0.63,카페|추천|핫플|데이트
d4bddedae228f0c5,domestic_travel,1.00,국내여행|가볼만한곳|바다|추천|데이트|핫플
56ac283f60c95e5d,food,0.25,추천|후기
56ac283f60c95e5d,domestic_travel,0.75,국내여행|숙소|추천|후기
fa322963dc8dbdf9,food,1.00,맛집|고기|내돈내산|방문|추천|후기
fa322963dc8dbdf9,domestic_travel,0.63,국내여행|방문|추천|후기
3f5c05fdfc539360,domestic_travel,0.38,숙소|추천
68ecdbf45b894a96,food,0.25,추천|후기
68ecdbf45b894a96,domestic_travel,1.00,국내여행|가볼만한곳|축제|나들이|추천|후기
d7e65f3376e45e68,domestic_travel,1.00,국내여행|가볼만한곳|바다|나들이|추천
9710c9ef8abf0631,food,0.75,맛집|디저트|추천|데이트
9710c9ef8abf0631,domestic_travel,0.75,국내여행|가볼만한곳|추천|데이트
ff3ec039774a72d7,food,0.25,추천|후기
ff3ec039774a72d7,domestic_travel,1.00,국내여행|가볼만한곳|축제|추천|후기
601665bdad40ad0a,food,0.38,방문|추천|후기
601665bdad40ad0a,domestic_travel,0.63,국내여행|방문|추천|후기
9b9945d40c78cd62,food,0.25,추천|후기
9b9945d40c78cd62,domestic_travel,1.00,국내여행|가볼만한곳|축제|추천|후기
a57150f911395bf1,domestic_travel,0.38,국내여행|추천
5d57cbb7df86a01e,domestic_travel,1.00,국내여행|당일치기|가볼만한곳|해변|추천
5314469d82031d9b,domestic_travel,0.38,국내여행|추천
2c4c07aa0948b0d4,food,0.25,추천|후기
2c4c07aa0948b0d4,domestic_travel,0.25,추천|후기
3a4b6af7f1ec73d4,food,0.25,추천|후기
3a4b6af7f1ec73d4,domestic_travel,0.50,국내여행|추천|후기
520d4e3f25901af6,food,0.25,추천|데이트
520d4e3f25901af6,domestic_travel,0.75,국내여행|당일치기|추천|데이트
da26c9ec50db72fe,food,0.25,방문|추천
da26c9ec50db72fe,domestic_travel,0.25,방문|추천
4328cc8304ae6ea1,food,0.25,추천|후기
4328cc8304ae6ea1,domestic_travel,0.75,국내여행|가볼만한곳|추천|후기
aeec8529cee6324c,food,0.25,추천|데이트
aeec8529cee6324c,domestic_travel,1.00,국내여행|가볼만한곳|축제|나들이|추천|데이트
a6aa304fd7c0a02e,food,0.75,맛집|점심|추천|후기
a6aa304fd7c0a02e,domestic_travel,1.00,국내여행|당일치기|가볼만한곳|추천|후기
bd0de6c726b3b422,food,0.25,추천|핫플
bd0de6c726b3b422,domestic_travel,0.75,국내여행|여행코스|추천|핫플
e6c4ff6e1dfac034,domestic_travel,0.25,숙소
7f66824df4a81bbc,domestic_travel,0.25,가볼만한곳
acc83a867b5e8cd2,food,0.75,맛집|식당|추천|데이트
acc83a867b5e8cd2,domestic_travel,1.00,국내여행|당일치기|가볼만한곳|나들이|추천|데이트
bab3e8ef1022307e,food,0.25,추천|데이트
bab3e8ef1022307e,domestic_travel,1.00,국내여행|서울근교|가볼만한곳|나들이|추천|데이트