post_id,postdate,region,source_text,link
61e508799d363003,2026-05-31,삼성,갓포아키 삼성점 | 가성비 카이센동 맛집,https://blog.naver.com/mood__archive_/224301960006
2f2722ee85e6327b,2026-05-31,삼성,코엑스 치맥 맛집 깔끔한 홀 운영에 다양한 안주까지 완벽했던...,https://blog.naver.com/ols0120437/224301959829
2f2722ee85e6327b,2026-05-31,코엑스,코엑스 치맥 맛집 깔끔한 홀 운영에 다양한 안주까지 완벽했던...,https://blog.naver.com/ols0120437/224301959829
27f0fb6338be760f,2026-05-31,마곡,2026년 05월_느슨해진 결혼준비에 긴장감을 줘,https://blog.naver.com/bravohyun93/224301959730
27f0fb6338be760f,2026-05-31,제주,2026년 05월_느슨해진 결혼준비에 긴장감을 줘,https://blog.naver.com/bravohyun93/224301959730
a2a943e317e4d422,2026-05-31,서촌,경복궁 야간개장 2026 예약 성공 팁부터 별빛야행까지 총정리,https://blog.naver.com/dlwltkd1000/224301959823
a2a943e317e4d422,2026-05-31,광화문,경복궁 야간개장 2026 예약 성공 팁부터 별빛야행까지 총정리,https://blog.naver.com/dlwltkd1000/224301959823
6096f9bfcff9fee1,2026-05-31,종로,충무로 맛집 종로 계림 닭도리탕 알싸한 마늘맛에 중독되는 후기,https://blog.naver.com/ddubidubib_life/224301959315
8879bfe2eb242dce,2026-05-31,대구,침산동 한우 침산동 고기집 콜키지프리 고기9단 침산직영점,https://blog.naver.com/dhdrummer1/224301959497
dcc258ecf70b4431,2026-05-31,판교,소금빵 맛집 ‘키로 베이커리’ 그리고 이태리 온것 같은...,https://blog.naver.com/sweetomy/224301959484
dcc258ecf70b4431,2026-05-31,정자,소금빵 맛집 ‘키로 베이커리’ 그리고 이태리 온것 같은...,https://blog.naver.com/sweetomy/224301959484
ffe1831104c55410,2026-05-31,전주,순천 돼지갈비 맛집 솔가 가족외식,https://blog.naver.com/dl085/224301959384
1b1e0b14616d4685,2026-05-31,부산,수영역 가성비 맛집 쭈삼집 문삼이 24시간 푸짐한 삼합쭈삼구이,https://blog.naver.com/aaaqq177/224301959331
282f33268feb666c,2026-05-31,압구정,[압구정 맛집 ] 나만 알고 싶은 가성비 한식! 압구정역 점심 맛집 ...,https://blog.naver.com/sol_pd/224301959416
0d32402b55158e88,2026-05-31,동대문,26.05.31 동대문 여름옷 구경하기,https://blog.naver.com/dydgur112/224301959246
efc496603c0a596d,2026-05-31,동대문,동대문 고깃집 하루구이 ㅣ 동대문 삼겹살 추천 내돈내산,https://blog.naver.com/woosy0225/224301959276
ea7c348a79a44601,2026-05-31,연남동,[버터앤쉘터 연남점] 주택개조 연남동 예쁜카페&연남동 맛집 ...,https://blog.naver.com/chatoyante/224301959361
ea7c348a79a44601,2026-05-31,홍대,[버터앤쉘터 연남점] 주택개조 연남동 예쁜카페&연남동 맛집 ...,https://blog.naver.com/chatoyante/224301959361
3f20e04b155d084f,2026-05-31,안양,"5/31 봉순게장, 안양중앙시장 구경한 일상",https://blog.naver.com/qwerfane/224301959893
6f99797ce747aefd,2026-05-31,대학로,대학로 맛집 술이 쫙쫙 들어가는 청화원 추천 (혼밥 혼술 가능),https://blog.naver.com/taein0208/224301959264
f74b1933543d7d6c,2026-05-31,부산,부산 명륜동 맛집 온천장 맛집 목화기사식당,https://blog.naver.com/yunyuda/224301959431
54868ef79080d56e,2026-05-31,하남,하남 풍산동 하남수산시장 신선한 대게 맛집 진산수산,https://blog.naver.com/ksoyang08/224301959928
4ddc24e38eab5b4e,2026-05-31,구리,구리시 디테일링 세차/ 제네시스 세차는 'BWC 구리갈매점',https://blog.naver.com/jenim486/224301958551
cb069f29bd352940,2026-05-31,광교,수원 광교갤러리아백화점디저트 백미당 갤러리아백화점 광교점...,https://blog.naver.com/rewqwtt/224301958664
cb069f29bd352940,2026-05-31,수원,수원 광교갤러리아백화점디저트 백미당 갤러리아백화점 광교점...,https://blog.naver.com/rewqwtt/224301958664
61d88df04d557510,2026-05-31,대구,대구 북구청 맛집 흑백요리사 출연 팔공산엄마밥상 침산점,https://blog.naver.com/hyuk_05_/224301958867
29db0fac02304629,2026-05-31,광주,광주 송정역 맛집 옛날에금잔디 광주 송정역 한정식,https://blog.naver.com/yolokotrsy/224301958384
1f34460863182c68,2026-05-31,사당,사당역 맛집 금빛카츠 :: 혼밥하기 좋은 돈까스 맛집,https://blog.naver.com/doll_a_wh/224301958781
d1e5c5d636915484,2026-05-31,인천,을왕리 해수욕장 맛집 찾는다면? 품장 을왕리점에서 장어...,https://blog.naver.com/racooncookie/224301958607
c297c47359e6d7bd,2026-05-31,가평,"북한강 뷰가 완벽한 가평 맛집 , 자연닭갈비에서 즐기는 든든한...",https://blog.naver.com/xuxelepn/224301958826
872530accdca91c5,2026-05-31,대전,가산디지털단지 점심 부대전골 부대옥 가산직영점,https://blog.naver.com/parkmiso215/224301959028
f4c8b9eb384e6bb7,2026-05-31,부산,부산 전포 맛집 버거샵(burger shop) ｜ 힙한 감성 가득한...,https://blog.naver.com/20_27/224301958831
a7cc90f23d1555cb,2026-05-31,대전,성심당 빵 추천 가장 이슈가 된 이유,https://blog.naver.com/ko-areum/224301958644
6e7f44ab8d316de9,2026-05-31,대구,대구 팔공산 밥집 방갈로 식당 고기집 맛집 성주한우명가,https://blog.naver.com/mama8820/224301959035
fb1921896c61ebc6,2026-05-31,신촌,신촌 블루리본 카페 샌드커피 논탄토 신촌 생식빵,https://blog.naver.com/tukinohosino/224301958437
7d16ca3fe8852781,2026-05-31,명동,서울 중구 삼겹살 맛집 에서 즐긴 고기와 김치의 완벽 조화,https://blog.naver.com/svsuearmbfw055/224301958667
a0eeea4b7b3e60dd,2026-05-31,부산,부산 생활의달인 맛집 해운대 문스시 / 해운대 모임장소 추천,https://blog.naver.com/kslight19/224301958581
598a0bfac4c30369,2026-05-31,천호,[카페 맛집 킨보이 더 베이크 순천호수공원 라멘 맛집 ...,https://blog.naver.com/breeze_flutter/224301958916
cf80a3897213d5c9,2026-05-31,강남,강남 맛집 청류벽 방문 솔직 후기,https://blog.naver.com/quitch/224301958149
07ce14b181ed8d44,2026-05-31,용산,"용산, 맑은 국물이 매력적인 토롬곰탕",https://blog.naver.com/minisudal2/224301957413
3ba7c48de276e23d,2026-05-31,서초,남부터미널역 수육 서관면옥 교대본점 서초동 가족식사 추천,https://blog.naver.com/blogmemory731/224301957882
3ba7c48de276e23d,2026-05-31,교대,남부터미널역 수육 서관면옥 교대본점 서초동 가족식사 추천,https://blog.naver.com/blogmemory731/224301957882
26cd6b12ba6d7ab0,2026-05-31,합정,합정 분위기 좋은 술집 <스테리오타입 합정 바이 더뷰> 후기,https://blog.naver.com/yerdbk12/224301957623
0490751ed17b5c91,2026-05-31,인천,"인천 서구 가정동 곱창 맛집 , 루원시티 만복래 한우곱창 솔직 후기",https://blog.naver.com/jhy05039/224301957941
6dbce6cb3a7756c8,2026-05-31,성수,영종도 맛집 대성수산에서 킹크랩과 물회로 즐기는 바다의 풍미,https://blog.naver.com/jihu8083/224301957837
ce21a05124a9355d,2026-05-31,강남,강남횟집 추천 미진해산 | 프라이빗룸 있는 일식한식 전문점...,https://blog.naver.com/easydms_/224301957583
6a03dfb813944795,2026-05-31,일산,"파주 일산 물회 맛집 , 왜 매일마다 만석일까?",https://blog.naver.com/sakeyjeol25/224301958206
6a03dfb813944795,2026-05-31,파주,"파주 일산 물회 맛집 , 왜 매일마다 만석일까?",https://blog.naver.com/sakeyjeol25/224301958206
aca6b692c2852853,2026-05-31,성수,나 왜 스물두살..?,https://blog.naver.com/yeonsu0819_/224301957497
572dec7e99ee6505,2026-05-31,부산,[부산 영도 카페] 흰여울문화마을 오션뷰 감성 카페...,https://blog.naver.com/hobyeolha/224301957515
07a8acf2cb30cdcd,2026-05-31,문래,"문래 데이트 맛집 <문래소풍> 봉초밥, 마라나베로 초여름 야장...",https://blog.naver.com/tadpolecloud/224301957557
8f63a7aba0451696,2026-05-31,상암,여름아 부탁해,https://blog.naver.com/tw1nklex2/224301957590
3c362dfd659e3036,2026-05-31,제주,"제주 공항 밥집 추천, 오쿠다에서 든든한 솥밥 한 끼",https://blog.naver.com/hi_sseung/224301957916
7473a0790c63b850,2026-05-31,제주,광어회에서 ‘찰진 식감’ 만드는 방법 돌맹이수산이...,https://blog.naver.com/stonefishery/224301957435
06735a733e32923b,2026-05-31,광주,"경기광주 오징어볶음 맛집 오메이징어, 불향 가득한 태전동...",https://blog.naver.com/vipvip1007/224301957362
a0d971280b8e1193,2026-05-31,대구,대구 세천 맛집 물회 한상바다 다사점,https://blog.naver.com/iseonga/224301957485
36a53f2d3d3c67a2,2026-05-31,선릉,[만목] 선릉역 장어덮밥/ 장어덮밥 맛집 추천/ 선릉역 맛집 추천,https://blog.naver.com/puresquid/224301957765
c3b2058fc7d25085,2026-05-31,강릉,[춘천 맛집 ] 강릉집/생선정식 백반 내돈내산 후기/전현무계획 맛집,https://blog.naver.com/yooniverse_41/224301958135
c3b2058fc7d25085,2026-05-31,춘천,[춘천 맛집 ] 강릉집/생선정식 백반 내돈내산 후기/전현무계획 맛집,https://blog.naver.com/yooniverse_41/224301958135
d973e694ec1fbc3d,2026-05-31,여의도,여의도 한강공원 배달가능한 노량진초밥 독도초밥 피크닉 후기,https://blog.naver.com/58564/224301958076
d973e694ec1fbc3d,2026-05-31,노량진,여의도 한강공원 배달가능한 노량진초밥 독도초밥 피크닉 후기,https://blog.naver.com/58564/224301958076
1dbfc919e987c075,2026-05-31,건대,온디로에서 뿌리볼륨펌+클리닉 받고 온 후기 | 건대뿌리펌 맛집,https://blog.naver.com/limsy0310/224301956495
e7f722b6e4763c3b,2026-05-31,남산,"지나가다 발견해버린 느좋 맛집 ... 대구남산동, 카이센동, 감성 맛집",https://blog.naver.com/ji_woo0402/224301957160
e7f722b6e4763c3b,2026-05-31,대구,"지나가다 발견해버린 느좋 맛집 ... 대구남산동, 카이센동, 감성 맛집",https://blog.naver.com/ji_woo0402/224301957160
a57643ca0f5aa268,2026-05-31,수원,수원역 고깃집 맛집 제주도새기 후기 | 오겹살 목살 말돈소금...,https://blog.naver.com/yujassi1010/224301957005
a57643ca0f5aa268,2026-05-31,제주,수원역 고깃집 맛집 제주도새기 후기 | 오겹살 목살 말돈소금...,https://blog.naver.com/yujassi1010/224301957005
b23e35df7fcdfc28,2026-05-31,한남동,[한남동 미쉐린 맛집 추천] ‘오스테리아 오르조’ 분위기 좋은...,https://blog.naver.com/kettlechip/224301956679
010c785ffc6516c1,2026-05-31,여의도,처음 가도 헷갈리지 않는다! 신길3동 구청사 스크린파크골프장...,https://blog.naver.com/world_10004/224301956812
c21e7ceb0f07a6e5,2026-05-31,부산,[후기]아기 100일사진 후기_부산지금이순간스튜디오,https://blog.naver.com/yunjeong504/224301956846
f8ff7675e8222281,2026-05-31,송파,가성비 좋은 송파 오금동 꽈배기 맛집 별빛꽈배기 포장 후기,https://blog.naver.com/muahtoyou/224301956456
3838cd49f2b8909e,2026-05-31,수원,수원 삼겹살 맛집 수원역 가성비 좋은 부추삼겹살 후기,https://blog.naver.com/skdlwldudsk/224301957233
a429915a0f89850a,2026-05-31,잠실,방이동 오뎅바 쿠시노아 후기 | 분위기 좋은 방이동 술집...,https://blog.naver.com/yongna-/224301956571
a429915a0f89850a,2026-05-31,송파,방이동 오뎅바 쿠시노아 후기 | 분위기 좋은 방이동 술집...,https://blog.naver.com/yongna-/224301956571
45ab37db7d65c07e,2026-05-31,속초,속초 항아리물회 포장 후기｜유명 물회 맛집 재방문했는데...,https://blog.naver.com/mdhouse7/224301956751
476eb9e267ff461f,2026-05-31,제주,오션뷰와 신선한 자연산 회가 가득한 애월항포구횟집 본점 방문기,https://blog.naver.com/sdfaadsfgds/224301956993
87613890ee57fc4d,2026-05-31,부산,부산 여행) 4시간 거리 영도 당일치기 여행 찐 후기,https://blog.naver.com/dbfgml321/224301957079
90faee73617fd2c4,2026-05-31,포항,꽃 좋아 인간의 5월 기록하기,https://blog.naver.com/tjdwomin/224301957216
3352d1a3e633ad3c,2026-05-31,수원,수원역점 후기 | 육사시미와 딱새우가 인상적이었던 수원역 맛집,https://blog.naver.com/newspringreview/224301956400
562c9d0648af70ae,2026-05-31,대구,대구 안지랑 곱창 골목 맛집 . 현지인이 추천하는 곱창 맛집 똔똔이,https://blog.naver.com/minjo0o/224301955788
ee045b99cee45870,2026-05-31,제주,제주 함덕 흑돼지 맛집 숙성도 함덕점｜960 뼈등심·720...,https://blog.naver.com/padded_/224301955665
e9c118b71ed1144c,2026-05-31,광교,이집트경양식 광교점 - 분위기 좋고 맛있는 광교 경양식 맛집,https://blog.naver.com/namsu0615/224301956306
e9c118b71ed1144c,2026-05-31,수원,이집트경양식 광교점 - 분위기 좋고 맛있는 광교 경양식 맛집,https://blog.naver.com/namsu0615/224301956306
0ff6069b1c35f829,2026-05-31,대구,대구 홍게 무한리필 맛집 잘떳다산오징어 삼덕점,https://blog.naver.com/allonsy619/224301956240
5383d4ea1bf02c90,2026-05-31,제주,제주 표선 점심 메뉴로 건강하고 든든한 한 끼를 맛볼 수 있는...,https://blog.naver.com/vaboqlav-2/224301956138
e256ebe2c0a35e1e,2026-05-31,대구,( 맛집 ) 대구 죽전동 술집 / 2차로 가기 좋은 곳 - 맥주 밤거리...,https://blog.naver.com/kjh_894/224301956307
9123789e7571b18d,2026-05-31,파주,이디야 가야 하는 이유가 이번 주에 두 개예요 이디야커피...,https://blog.naver.com/200manwonman/224301956225
9f63dc4e110f3b63,2026-05-31,수원,수원 영통 맛집 깡우동 영통본점 내돈내산 리뷰+주차꿀팁,https://blog.naver.com/cocoa_101v/224301956197
252019d606163cfb,2026-05-31,인천,인천 서구청 맛집 삼대째손두부 보쌈정식부터 들깨순두부까지...,https://blog.naver.com/dmspeheh/224301955874
c404730e624feef4,2026-05-31,제주,성북구청 맛집 제주삼대국수 성북구청점 다녀왔습니다!,https://blog.naver.com/hanyang_lover/224301956009
ad9245fd5d810e2c,2026-05-31,종로,거제야호-! <통영거제 2박3일 여행>,https://blog.naver.com/luckyzuu/224301955918
c1c71bfc812bfd1a,2026-05-31,광주,광주 추어탕 맛집 ~! 시골집 추어탕,https://blog.naver.com/darkangsoil/224301956040
1fa1cc38e7f7c6ab,2026-05-31,송도,추억의 송도 닭갈비제작소,https://blog.naver.com/thffldk8893/224301955922
940c5fab98e68e42,2026-05-31,부천,신중동역노래방 망고뮤직타운 시설좋은 부천 노래타운 추천,https://blog.naver.com/goldenpenny/224301956038
3670515eb62f3725,2026-05-31,건대,"건대 맛집 고베규카츠, 화로에 구워 먹는 규카츠와 샤브샤브...",https://blog.naver.com/10ve1ylove/224301956153
8794db8f2ce39921,2026-05-31,부산,부산 부산대파스타 5성급 호텔출신쉐프 레스토랑 추천 앰슐랭...,https://blog.naver.com/busan_sinnam/224301954714
507648686db88ead,2026-05-31,가평,북한강 뷰가 멋진 가평 맛집 자연닭갈비에서 즐거운 식사 후기,https://blog.naver.com/firepark92/224301955356
223833e9c1835f47,2026-05-31,건대,건대입구역 맛집 잡내가 전혀 나지 않는 숯불향 가득...,https://blog.naver.com/wearetogher/224301954677
970691f44f8230c4,2026-05-31,부산,"부산서면보쌈 한 쌈 먹고 또 생각난, 손정보쌈 부산서면점",https://blog.naver.com/oldage7788/224301955136
841c6bedd6ba5a94,2026-05-31,인천,인천대입구역 맛집 쫄깃한 족발맛이 중독적인 럭키족발,https://blog.naver.com/juyeon123456/224301955181
841c6bedd6ba5a94,2026-05-31,제주,인천대입구역 맛집 쫄깃한 족발맛이 중독적인 럭키족발,https://blog.naver.com/juyeon123456/224301955181
3b751eed5adf4a4d,2026-05-31,부천,아~~~~ 배부르다,https://blog.naver.com/2nhyee/224301954889
d246250bd6f08aaf,2026-05-31,대구,대구 빙수 맛집 찬찬농장 무화과집 산딸기 빙수 출시,https://blog.naver.com/glo717/224301954928
b1ba493a9d5244ce,2026-05-31,용산,용산팔찌공방 언커무드 이색 데이트 커플 팔찌 만들기,https://blog.naver.com/m_aa7_m/224301955265
d88032d5ad6742cc,2026-05-31,경주,경주 맛집 경주외동 맛집 추천 하나보리밥,https://blog.naver.com/gksgpals920115/224301954699
efa69409a5a181c9,2026-05-31,압구정,[압구정] 미림양장 압구정점 - 베이징덕 제대로 먹고 싶으면 여기,https://blog.naver.com/touristai/224301955419
dceec19db7b5d422,2026-05-31,홍대,합정 빈대떡 맛집 서관면옥에서 평양냉면 먹어봤어요,https://blog.naver.com/enjoyable_hyerm/224301955498
dceec19db7b5d422,2026-05-31,합정,합정 빈대떡 맛집 서관면옥에서 평양냉면 먹어봤어요,https://blog.naver.com/enjoyable_hyerm/224301955498
dceec19db7b5d422,2026-05-31,마포,합정 빈대떡 맛집 서관면옥에서 평양냉면 먹어봤어요,https://blog.naver.com/enjoyable_hyerm/224301955498
3c8801f9f77ce368,2026-05-31,인천,송림동 맛집 정정아식당 푸짐한한식 추천후기,https://blog.naver.com/lucia-0707/224301955484
ab4390ee7a97f938,2026-05-31,광주,광주 임이지 메이크업 상무점 위치 가격 주차 인생 메이크업...,https://blog.naver.com/ssjj5044/224301955021
cf8dab160ad71149,2026-05-31,잠실,본죽 비빔밥 여름 신메뉴 열무돈불백비빔밥 후기,https://blog.naver.com/cilina80/224301955507
ebc75451984b448a,2026-05-31,대전,[낙성대전자담배] 새콤달콤한 열대과일 한 잔 느낌 !! 트로피칼...,https://blog.naver.com/vapinglounge_nsd/224301955151
f85656aaf42be5a6,2026-05-31,제주,보배반점 제주삼화점에서 살펴본 제주삼화 중식당의 다채로운...,https://blog.naver.com/qudwn56467/224301955260
774bc6c48ac030ff,2026-05-31,인천,"내고향삼천포 검단 맛집 , 가족과 함께하는 특별한 외식",https://blog.naver.com/garden_tales/224301954020
3b2fb2069610f542,2026-05-31,홍대,분위기 여신 가능한 애쉬 블루 + 블루그레이 | 홍대 합정 미용실,https://blog.naver.com/seulgi6125/224301954278
3b2fb2069610f542,2026-05-31,합정,분위기 여신 가능한 애쉬 블루 + 블루그레이 | 홍대 합정 미용실,https://blog.naver.com/seulgi6125/224301954278
3b2fb2069610f542,2026-05-31,상수,분위기 여신 가능한 애쉬 블루 + 블루그레이 | 홍대 합정 미용실,https://blog.naver.com/seulgi6125/224301954278
e61c01981cadb543,2026-05-31,전주,생선집 삼천점 가성비 좋은 횟집,https://blog.naver.com/lhi123123/224296310252
119efeeb57f70b85,2026-05-31,종로,서울 종로 맛집 에서 직접 먹어본 솔직한 감상,https://blog.naver.com/ghqmdrx/224299340109
da9fcba5370ec706,2026-05-31,가로수길,"창원 가로수길 젤라또 맛집 본디 후기, 직접 만들어 더 맛있는 집",https://blog.naver.com/uproadk/224301953930
2f210c473cf4fe04,2026-05-31,부산,"[부산대 맛집 ] ‘신짜글이닭발’ | 부산대 닭발, 볶음밥",https://blog.naver.com/du-d_d-njs/224301954478
71cda600053bf35f,2026-05-31,일산,일산 훠궈 1인용 냄비 회전형 무한리필 훠궈먹고 화정점,https://blog.naver.com/hy2_2yj/224301954093
19d1788888b38b10,2026-05-31,포항,포항 쌍사 술집 새로 생긴 육회 1등 맛집 으뜸육회,https://blog.naver.com/lilly_always/224301954394
290198fe0a737d87,2026-05-31,대구,대구 신세계백화점 구슬아이스크림 맛집 대구 신세계 도티로티,https://blog.naver.com/hat1599/224301954491
a8a86c62ce07ca38,2026-05-31,의정부,[5월 일상]안식년의 의미2 행복해,https://blog.naver.com/bloom_sua/224301774410
3ee0c7980b72664d,2026-05-31,제주,제주도 여행 비용 절약하는 코스 제주도 서쪽 가볼만한곳 5곳,https://blog.naver.com/sin961027/224301954353
62cb3eb3f28572e8,2026-05-31,강남,호텔 쉐프가 요리하는 더제이제이에서 성공적인 선정릉 모임...,https://blog.naver.com/k31mmmm/224301954395
62cb3eb3f28572e8,2026-05-31,삼성,호텔 쉐프가 요리하는 더제이제이에서 성공적인 선정릉 모임...,https://blog.naver.com/k31mmmm/224301954395
05e6e1a7892db0fb,2026-05-31,송파,"풍납동 유천냉면, 더워지기 전부터 생각나는 시원한 한 그릇...",https://blog.naver.com/jsjs0207/224301954283
05e6e1a7892db0fb,2026-05-31,강동,"풍납동 유천냉면, 더워지기 전부터 생각나는 시원한 한 그릇...",https://blog.naver.com/jsjs0207/224301954283
7c1f3500fdfbcb9c,2026-05-31,강남,압구정회식 장소로 완벽한 골드피쉬 딤섬퀴진 후기,https://blog.naver.com/dlduddo11111/224301954008
7c1f3500fdfbcb9c,2026-05-31,압구정,압구정회식 장소로 완벽한 골드피쉬 딤섬퀴진 후기,https://blog.naver.com/dlduddo11111/224301954008
257b47062464be16,2026-05-31,김포,분위기와 맛 모두 훌륭해서 다시 찾고 싶은 김포소개팅 맛집 ...,https://blog.naver.com/sasizyrk/224301954581
448f2c9c029c1efe,2026-05-31,홍대,핀터에서 본 핑크머리 100% 싱크 가능한 홍대 합정 미용실...,https://blog.naver.com/ssuezzang/224301954373
448f2c9c029c1efe,2026-05-31,합정,핀터에서 본 핑크머리 100% 싱크 가능한 홍대 합정 미용실...,https://blog.naver.com/ssuezzang/224301954373
238be150eb9652ab,2026-05-31,을지로,명동 맛집 꽃게나라｜살 꽉 찬 간장게장 정식 먹고 온 후기,https://blog.naver.com/skwty/224301954276
238be150eb9652ab,2026-05-31,명동,명동 맛집 꽃게나라｜살 꽉 찬 간장게장 정식 먹고 온 후기,https://blog.naver.com/skwty/224301954276
d557d41dbc7535e1,2026-05-31,인천,"부평구 맛집 , 모임하기 편했던 '가든파티 인천삼산점'",https://blog.naver.com/luvtousw/224301953917
719b8dbe7838a70e,2026-05-31,마곡,마곡 서울식물원 근처 오마카세 설담 LG사이언스파크 직장인...,https://blog.naver.com/thrre12/224301954258
8d0c11d905d4008f,2026-05-31,부천,"부천 송내역 맛집 : 가성비 좋은 뇨끼·파스타 맛집 , 그냥",https://blog.naver.com/ebdjin0_0s/224301954194
41c85c83557d66e6,2026-05-31,부천,부천역 맛집 추천 고기는 물론이고 냉면까지 정말 맛있는...,https://blog.naver.com/sayyesno23/224301954637
a18e12b0e89dbd84,2026-05-31,포항,유어파스타 [포항 남구 청림동] [양식] [파스타],https://blog.naver.com/faulfaultier/224301954614
53d99fd62f91eb5a,2026-05-31,홍대,"홍대 맛집 셔우드, 독특한 피자와 소중한 저녁식사",https://blog.naver.com/yoosm1211/224301954228
e1f66847d81fd516,2026-05-31,김포,"[김포카페] 포레리움, 에그타르트 맛집 에서 즐긴 서울근교카페...",https://blog.naver.com/wljitnlim99/224301954631
5e2a6c501d6acc46,2026-05-31,대전,대전 은행동 무료 주차장,https://blog.naver.com/minsourrr/224298319490
89b17903dc4ebf7d,2026-05-31,양평,"강서 등촌동 한식뷔페 맛집 투어 3탄! 더벨즈 7,700원 점심 리뷰",https://blog.naver.com/jth1212000/224301954352
725cbf9e275b17f1,2026-05-31,대전,대전 성심당 본점 ! 케익부띠끄 롤케익부터 샌드위치...,https://blog.naver.com/zzangzzang990/224301953887
fcdddee2f9ade00e,2026-05-31,제주,제주 빵 맛집 추천 / 돌고래로 유명한 한옥카페 ' 미쁜제과 ' 후기,https://blog.naver.com/jhappyh_/224301154385
e1eaa5cbf43ae005,2026-05-31,잠실,"올영 세일 기간에 맞춘 맛집 추천!(잠실 야끼니쿠 소통, 성북구...",https://blog.naver.com/cw_hottttt/224301953943
e1eaa5cbf43ae005,2026-05-31,송파,"올영 세일 기간에 맞춘 맛집 추천!(잠실 야끼니쿠 소통, 성북구...",https://blog.naver.com/cw_hottttt/224301953943
9664b80e44b56881,2026-05-31,광주,[ 광주 오치동 ] 북구 양식 맛집 분위기 좋은 대형 브런치...,https://blog.naver.com/zih_e/224301954403
154aeb03afaaf2c1,2026-05-31,전주,대전 한밭수목원 맛집 솔가숯불갈비 대전직영점 방문 후기,https://blog.naver.com/beautiful_life_7/224301954336
154aeb03afaaf2c1,2026-05-31,대전,대전 한밭수목원 맛집 솔가숯불갈비 대전직영점 방문 후기,https://blog.naver.com/beautiful_life_7/224301954336
296860475e3a2c1f,2026-05-31,대구,대구 언니랑 대전 당일치기 여행,https://blog.naver.com/ahel1004/224301953971
296860475e3a2c1f,2026-05-31,대전,대구 언니랑 대전 당일치기 여행,https://blog.naver.com/ahel1004/224301953971
7fe8b78a57549a41,2026-05-31,양양,5월에도 가볍게 등산트레킹 주전골 양양설악,https://blog.naver.com/j1020in/224301954202
391bf81a620b6b75,2026-05-31,잠실,잠실 롯데월드몰 맛집 교토퍼펙트말차 우지말차 아이스크림 후기,https://blog.naver.com/yije_7/224301954507
0c89accd85e0f102,2026-05-31,제주,"만족스러운 제주 여행을 위한 선택, 오션뷰가 펼쳐지는...",https://blog.naver.com/whfbdjwj88/224301953180
d027676f198c88e6,2026-05-31,대구,대구 현풍 테크노폴리스 맛집 유가네 닭발,https://blog.naver.com/1133oo/224301953304
7f334cde03ed6787,2026-05-31,광주,광주 화정동 맛집 정성카츠 화정점 경양식 돈까스 모듬카츠,https://blog.naver.com/bar0404/224301953044
ec70036f7ccf3bc8,2026-05-31,이태원,2026_05,https://blog.naver.com/ahnsoeul/224301953400
7a18022ba1147811,2026-05-31,파주,로엘 바이 아이디헤어 운정점 파주미용실 파주머리 맛집,https://blog.naver.com/blogmemory731/224301952929
f455e446491e9c29,2026-05-31,수원,수원 장안문 맛집 향촌구이 갑오징어회 후기 (행궁동 술집 추천),https://blog.naver.com/ez_0920/224301952443
c9f82a2430eb40e9,2026-05-31,남양주,티라토레 남양주카페 낮과 밤의 각기 다른 매력이 별과 함께...,https://blog.naver.com/jackpark86/224301952488
0887f1c8e96de26b,2026-05-31,대구,[일상] 26년 2~3월 기록,https://blog.naver.com/sy2306/224301952205
9c4ee372f9cd0f67,2026-05-31,강동,정동진에서 든든한 아침식사 정동진 맛집 정가네순두부 본점,https://blog.naver.com/a_ha_ho/224301952677
9c4ee372f9cd0f67,2026-05-31,강릉,정동진에서 든든한 아침식사 정동진 맛집 정가네순두부 본점,https://blog.naver.com/a_ha_ho/224301952677
d6fe0538abc21d22,2026-05-31,경주,경주 황리단길 한식 맛집 다양했던 메뉴의 단향회,https://blog.naver.com/dear_ours/224301952404
7a125dfdd2c2b14a,2026-05-31,대구,대구대형카페 근교 베이커리 맛집 슬로우벗베럴 대구점...,https://blog.naver.com/mallanglab/224301952254
fb9a4b1217803e76,2026-05-31,광주,[경기광주 태전동 맛집 ] 매콤 탱글 '태전아구찜' 낙지 추가 후기...,https://blog.naver.com/inkyo88jung/224301952068
a2a6d0842ae6d852,2026-05-31,홍대,홍대무한리필 와라라훠궈에서 즐기는 신선하고 푸짐한 한 끼,https://blog.naver.com/k34mmmm/224301952072
1ac8a18e2054489c,2026-05-31,인천,맛집 킨지 : 데이트 하기 좋은 애견동반가능 일본 가정식 맛집,https://blog.naver.com/luv_sssssong/224301952551
ee047dea115d2f9a,2026-05-31,양재,양재 감성 이자카야 맛집 이자카야탄,https://blog.naver.com/dailyhanspoon/224301952530
b70a3d66d7b29403,2026-05-31,제주,"공항에서 10분, 완벽한 호캉스를 선물하는 ‘메종 글래드...",https://blog.naver.com/gimu416/224301952758
67aba52b9fa24f95,2026-05-31,부산,"연산동 점심 맛집 , 1984 그 수육집 칼국수 연산점 솔직후기",https://blog.naver.com/limmy1120/224301952287
6c9551a1dcf0823a,2026-05-31,부산,"파라다이스호텔 지하 1층 홍콩식 와플, 까이딴자이 맛집",https://blog.naver.com/ming_dori/224301952566
6c9551a1dcf0823a,2026-05-31,대구,"파라다이스호텔 지하 1층 홍콩식 와플, 까이딴자이 맛집",https://blog.naver.com/ming_dori/224301952566
74e0956db547e868,2026-05-31,대전,정왕동 부대찌개 정왕동 밥집 추천 부대옥,https://blog.naver.com/2025gt/224301952609
e86c8499c5af7dac,2026-05-31,대구,"제육, 갑오징어, 낙지 볶음 맛집 , 대형주차장 “다와명품돌솥밥”",https://blog.naver.com/garam2942/224301952351
49911392729bdbdb,2026-05-31,성수,"성수동 맛집 쌀국수 '노이(Noi)'에서 팟타이, 스프링롤 먹방",https://blog.naver.com/twinkle_ss22/224301952733
a831d0f560fd9d10,2026-05-31,파주,파주 맛고을 낙지마당 다녀왔어요~코스 1인41000원 추천,https://blog.naver.com/beautifulsaram43/224301952318
765ba3ca85e8f6d3,2026-05-31,일산,무한감자탕뼈구이 일산라페스타점 라페스타 맛집 점심으로...,https://blog.naver.com/myminilog/224301952894
765ba3ca85e8f6d3,2026-05-31,고양,무한감자탕뼈구이 일산라페스타점 라페스타 맛집 점심으로...,https://blog.naver.com/myminilog/224301952894
a6d56378f6db15b3,2026-05-31,을지로,부족한 요즘,https://blog.naver.com/jstory1/224301952010
2cf8c72c2c1c572e,2026-05-31,강남,봉은사역 맛집 짚불초벌 삼겹살 목살 영동가든 후기,https://blog.naver.com/3_3jahh/224301951568
2cf8c72c2c1c572e,2026-05-31,삼성,봉은사역 맛집 짚불초벌 삼겹살 목살 영동가든 후기,https://blog.naver.com/3_3jahh/224301951568
37cd18a5f5a034cc,2026-05-31,제주,사는 게 덧없어 의미를 찾아 헤맸지,https://blog.naver.com/zzz0eee/224301951507
fda2d14bef0dc8cf,2026-05-31,강릉,강릉뷰카페 차원이 다른 말차 맛볼 수 있는 차전자,https://blog.naver.com/psk3082003/224301951308
ea9816b9bb684b17,2026-05-31,수원,모시고 가기 좋은 깔끔한 수원 인계동 한정식 맛집 [이교수 한정식],https://blog.naver.com/sooo_thanks/224301951989
05256edbb281b46d,2026-05-31,부산,거제동 고기 맛집 찾는다면? 명성고깃집 거제아시아드직영점,https://blog.naver.com/ywon2021-/224301951890
775ec161ac520f2b,2026-05-31,광주,해산물과 매운탕까지 든든하게 즐기기 좋은 경기광주 맛집 다녀옴,https://blog.naver.com/mijin_2679/224301951173
54e481fecde9963f,2026-05-31,합정,"합정역 카페 지튼, 분위기 좋은 곳에서 즐기는 달콤한 디저트 타임",https://blog.naver.com/jyximder-503/224301951198
54e481fecde9963f,2026-05-31,망원,"합정역 카페 지튼, 분위기 좋은 곳에서 즐기는 달콤한 디저트 타임",https://blog.naver.com/jyximder-503/224301951198
20f7b794a6e6bc8f,2026-05-31,강남,여수 모듬생선구이 하나로 밥상 가득 정성 담긴 한 끼 제대로...,https://blog.naver.com/ckminjoo0611/224301951893
20f7b794a6e6bc8f,2026-05-31,여수,여수 모듬생선구이 하나로 밥상 가득 정성 담긴 한 끼 제대로...,https://blog.naver.com/ckminjoo0611/224301951893
f8fe4c61e585963d,2026-05-31,대전,관평동 맛집 사르르 녹는 대패삼겹살 총각네돌판집,https://blog.naver.com/jyt2447/224301951483
f8995c73fdd53109,2026-05-31,광화문,조용한 모임 장소로 딱인 시청역룸식당 월가갈비에서 흑우 갈비...,https://blog.naver.com/sok9705/224301951976
f8995c73fdd53109,2026-05-31,시청,조용한 모임 장소로 딱인 시청역룸식당 월가갈비에서 흑우 갈비...,https://blog.naver.com/sok9705/224301951976
f536cae877485af2,2026-05-31,서초,남부터미널역 맛집 카츠공방 서초본점 돈까스 후기,https://blog.naver.com/pallang-pallang/224301951439
ce917705256d153e,2026-05-31,잠실,잠실 더이탈리안클럽 예약 및 주차 후기,https://blog.naver.com/bhm1252/224301951968
75459394809623af,2026-05-31,부산,[부산]양정역 맛집 수심5미터,https://blog.naver.com/cuit1004l/224301951967
46017fa98290e565,2026-05-31,더현대서울,"[혼자놀기의 진수]건강빵 맛집 어니스트밀로, 대구나들이",https://blog.naver.com/doll8324/224301951298
46017fa98290e565,2026-05-31,대구,"[혼자놀기의 진수]건강빵 맛집 어니스트밀로, 대구나들이",https://blog.naver.com/doll8324/224301951298
3798c2cd16a221e0,2026-05-31,교대,[260518-0531] 게으름뱅이 교니의 주간일지 (2026년...,https://blog.naver.com/alrud7877/224301950826
4ccfe26314babb32,2026-05-31,용산,용산커피 맛집 ㅣ 다양한 디저트 바닐라빈 구름라 추천...,https://blog.naver.com/lucky_seren/224301950683
f26456301c6ccd28,2026-05-31,일산,일산 야식 닭발 맛집 닭발1987 후기 | 일산 닭목살 맛집,https://blog.naver.com/godnari0512/224301950708
47c45f33f696a78e,2026-05-31,속초,속초막국수 맛집 속초탑골막국수 본점 웨이팅 주차 맛 후기,https://blog.naver.com/happyroros/224301950827
d8ea31207b5f6e07,2026-05-31,홍대,"멘야준 홍대점, 홍대에서 깔끔한 시오라멘 고르기 좋은 곳",https://blog.naver.com/jws228/224301951023
d8ea31207b5f6e07,2026-05-31,마포,"멘야준 홍대점, 홍대에서 깔끔한 시오라멘 고르기 좋은 곳",https://blog.naver.com/jws228/224301951023
0f7011578e27bbb9,2026-05-31,성수,"건대입구역에서 만나는 상위 1% 라이프, 더 라움 펜트하우스",https://blog.naver.com/dreamshometrue-/224301932539
0f7011578e27bbb9,2026-05-31,건대,"건대입구역에서 만나는 상위 1% 라이프, 더 라움 펜트하우스",https://blog.naver.com/dreamshometrue-/224301932539
f2fc2ca639d8d3d3,2026-05-31,파주,신세계프리미엄아울렛 파주직영점 운정 맛집 으로유명한 파주 맛집,https://blog.naver.com/soulul03/224301950824
a776ba99a42935f0,2026-05-31,가로수길,창원 소품샵 탐방 가로수길 감성 가득! 키티부터 모치치까지...,https://blog.naver.com/binsbins59/224301950778
f9624a7597b9cc5b,2026-05-31,부산,[부산] nn번째 1박2일 부산여행기 즉흥 여행 여름 코디 공유,https://blog.naver.com/eternalflamee/224301950954
f9624a7597b9cc5b,2026-05-31,대구,[부산] nn번째 1박2일 부산여행기 즉흥 여행 여름 코디 공유,https://blog.naver.com/eternalflamee/224301950954
4d7eb76c7cb583a8,2026-05-31,안양,안양역 양꼬치 맛집 일번가양꼬치,https://blog.naver.com/tlsghk981/224301950885
28f86309b139511f,2026-05-31,왕십리,갈포갈비에서 정성 가득한 메뉴로 든든하게 즐긴 행당동점심 식사,https://blog.naver.com/leehwa0606/224301950349
cc4d45ea162995b8,2026-05-31,전주,[전주 맛집 카페] 휘낭시에가 맛있는 〃빠작 휘낭시에바〃,https://blog.naver.com/nkh0112/224301950692
752b05f58a3fd082,2026-05-31,포항,"[포항 학산동 카페] 도심 속 초록빛 쉼터, 명인의 손길이 담긴...",https://blog.naver.com/fell3599/224301950720
fe8fb77f4ad467f7,2026-05-31,고양,5월은 영어로 may죠,https://blog.naver.com/kitty-s2/224301951022
e8325497b4c23d31,2026-05-31,수원,[당진 당일치기] 수원에서 1시간! 당진 5일장부터 면천읍성까지...,https://blog.naver.com/jizikimkim/224301950978
a755530f470bc7f0,2026-05-31,대구,대구 중구) 등대 [ 문어숙회삼합 ] 해산물 전문 대구 교동 맛집 ...,https://blog.naver.com/m__moooon/224301950523
b7ca0d20b3dc74ab,2026-05-31,파주,파주 만두 부벽정 평양냉모밀 웨이팅후기,https://blog.naver.com/gourmet824/224301950328
ffd9f13fe3eb94d9,2026-05-31,수원,로데오거리 맛집 동양솥밥 후기 덮솥밥 가성비 맛집 데이트코스...,https://blog.naver.com/kbamby/224301950034
07b61e83b2043a91,2026-05-31,대구,"대구 수성구 치킨 덤브치킨 수성점, 아이가 먼저 찾는...",https://blog.naver.com/yvette24/224301949771
d535b5e89723da01,2026-05-31,부산,"2박 3일 부산여행 (부산 맛집 , 부산 빵 투어)",https://blog.naver.com/hanaring_/224301949879
c67528003af76c59,2026-05-31,부산,해운대 맛집 다다닥N짜오미솥... 회식까지 만족했던 신상 맛집,https://blog.naver.com/epsl1739/224301950079
7e21fcb16f975249,2026-05-31,신사,"압구정역 맛집 미쓰냉삼, 노른자 소스에 찍어 먹는 냉삼 맛집",https://blog.naver.com/eat_b/224301950073
7e21fcb16f975249,2026-05-31,압구정,"압구정역 맛집 미쓰냉삼, 노른자 소스에 찍어 먹는 냉삼 맛집",https://blog.naver.com/eat_b/224301950073
31cca2484dcb6334,2026-05-31,마곡,"마곡역 맛집 이가네양꼬치, 두툼한 양갈비와 요리 조합 최고예요",https://blog.naver.com/freesiallove7/224301950284
46fa417e355dff73,2026-05-31,의정부,의정부 맛집 어나더피자 금오동점｜포장할인 5000원에...,https://blog.naver.com/cutehhh/224301949703
0be26448d27d9ffb,2026-05-31,대구,[로이스키친]영대병원 맛집 /영이공 맛집 /대구생면파스타 맛집 ...,https://blog.naver.com/lim981118/224301950015
30a6e7000e7b065a,2026-05-31,홍대,"홍대 맛집 셸링턴, 비프웰링턴과 피자의 완벽한 조화",https://blog.naver.com/ddd_ahye/224301949447
f1160ceaee0e02ab,2026-05-31,인천,[신승반점] 인천| 차이나타운 유니짜장 사천백짬뽕 탕수육 맛집,https://blog.naver.com/sonjieun2000/224301949852
ac9cf5bf3f95e4be,2026-05-31,파주,"우리 동네 상권 이야기+ 파주 동패동 맛집 면사부, 이름처럼...",https://blog.naver.com/homefinder_realty/224301949484
b1e95b01cb0df864,2026-05-31,신사,"신사곱창 맛집 | 야장 감성 낭낭한 가로수길 핫플, 직접 구워주는...",https://blog.naver.com/joxvizx/224301949688
b1e95b01cb0df864,2026-05-31,가로수길,"신사곱창 맛집 | 야장 감성 낭낭한 가로수길 핫플, 직접 구워주는...",https://blog.naver.com/joxvizx/224301949688
00bdaee0b53a6178,2026-05-31,대구,대구 달서구 진천동 막창본능,https://blog.naver.com/guswl4934/224301950012
e7ff6f07e8384a7b,2026-05-31,부산,부산대병원 베이커리 카페 맛집 토성역 부민동 커피 빵집...,https://blog.naver.com/pias6642/224301950239
e27d73b3cdc782b4,2026-05-31,파주,장단촌 손만두 & 칼국수,https://blog.naver.com/journeytofreedom/224301950280
cbb5c59bd3810398,2026-05-31,서초,[서울] 재재재재재재재재방문한 일본 분의기 낭낭한 오뎅바...,https://blog.naver.com/iamddeni/224301950147
49648236d566516d,2026-05-31,왕십리,왕십리에서 만난 특별한 포차 행당동 맛집 뽀다기포차 왕십리역점,https://blog.naver.com/juju6241/224301949293
604bfc005d266f70,2026-05-31,사당,W11. 서울 상견례 식당 경복궁 사당점 상견례 한정식 후기...,https://blog.naver.com/voyagee_/224301948894
9ee673116df67359,2026-05-31,전주,전주 맛집 여행_한국집/ 내돈내산 주차장 있는 비빔밥 육전 육회...,https://blog.naver.com/jiyeon2327/224301948598
1f032b93541476dc,2026-05-31,부산,해운대 장산 야장 안주 맛집 …불공장(날곳)(내돈내산 솔직리뷰),https://blog.naver.com/tjrgus0824/224301949156
5ca87aa7335a7808,2026-05-31,고양,고양시 덕양구 양꼬치 맛집 추천 채향양꼬치,https://blog.naver.com/yudan128/224301948787
1ce84048871234d6,2026-05-31,강남,강남역 맛집 고기꾼김춘배 강남점 강남역 고기 맛집,https://blog.naver.com/vladyblood/224301949027
bd59f9428ed84ed9,2026-05-31,강동,[강동구] 천호동 햄버거 맛집 | 수제버거 왓더버거 천호점 후기...,https://blog.naver.com/jeongmin-213/224301948906
bd59f9428ed84ed9,2026-05-31,천호,[강동구] 천호동 햄버거 맛집 | 수제버거 왓더버거 천호점 후기...,https://blog.naver.com/jeongmin-213/224301948906
c05ef87c31534e0d,2026-05-31,여의도,여의도역 맛집 고우가 여의도 점심 맛집 소고기 룸식당 추천...,https://blog.naver.com/kswjh/224301948979
598a9b3adc9ee62c,2026-05-31,인천,[인천 송도 맛집 ] 오픈 이벤트로 가성비까지 잡은 '명인갈비...,https://blog.naver.com/lili_story/224301949035
598a9b3adc9ee62c,2026-05-31,송도,[인천 송도 맛집 ] 오픈 이벤트로 가성비까지 잡은 '명인갈비...,https://blog.naver.com/lili_story/224301949035
c6090d03ef064e8f,2026-05-31,광주,광주 운암동 케이크 주문제작 레터링 경신여고 ‘무니...,https://blog.naver.com/ha_aaam/224301948725
e4c2000ebac718a8,2026-05-31,광주,"광주 재방문 맛집 , 실패 없는 신백옥양꼬치 경안점 솔직 후기",https://blog.naver.com/k33mmmm/224301948859
8279f7e1c163143b,2026-05-31,부산,연산동족발 맛집 추천 상도족발본점 족발 맛집 인정,https://blog.naver.com/jung04_20/224301949407
7c11b53ff5ce9e5e,2026-05-31,삼성,대구삼성라이온즈파크 원정응원석 1-4 맛집 후기,https://blog.naver.com/flyrkdus/224301949202
7c11b53ff5ce9e5e,2026-05-31,대구,대구삼성라이온즈파크 원정응원석 1-4 맛집 후기,https://blog.naver.com/flyrkdus/224301949202
1ea28373b032555f,2026-05-31,강릉,강릉 맛집 온정당 강릉 중앙시장 맛집 짬뽕칼국수 옹심이 맛집 !!,https://blog.naver.com/toutwri6117/224301949060
d7d630396b5dc6b7,2026-05-31,부천,6월 일상,https://blog.naver.com/j_s2s2s2/224301949369
4abaa0bec40ece4a,2026-05-31,고양,충장로 메가박스 상영시간표 자세히 알아보기,https://lefthusband.tistory.com/673
4048dea1443e9e61,2026-05-31,양평,[양평 두물머리] 일요일 오전에 출발했더니 교통 정체 없이...,https://blog.naver.com/happy___86/224301948120
b9368962f88467d8,2026-05-31,제주,[제주도] 뒤늦게 꺼내보는 작년 겨울 구좌읍 김녕 감성숙소...,https://blog.naver.com/leolog1203/224301948339
767079a2c7242dc6,2026-05-31,제주,"우도 걸어서 한 바퀴, 제주올레길 1-1코스 역방향 걸어본 후기",https://blog.naver.com/b612travel/224301948124
7504b617cfad50a9,2026-05-31,광주,"남한산성 계곡 맛집 바위마을막국수, 능이오리백숙과...",https://blog.naver.com/bkkime78/224301947758
f04885aa07e96029,2026-05-31,대구,[앞산 프렌즈 6기] 대구 안지랑 맛집 추천 ️ : 안지랑 곱창막창...,https://blog.naver.com/pcjihye/224301948049
21ae5708046c6647,2026-05-31,인천,[포르투/바르셀로나] 터키항공 / 이스탄불 경유 / 기내식...,https://blog.naver.com/dayeon0516/224301948130
626a8d1524a8df33,2026-05-31,홍대,[똑이네떡볶이] 추천 BEST3 진짜 써본 사람만 아는 꿀템 모음,https://blog.naver.com/pvdt21445/224301948400
61011779b527fac6,2026-05-31,속초,속초 또또또또또간집,https://blog.naver.com/rkdsl--/224301948121
640742bf9d9d9dcf,2026-05-31,부산,[부산동래] 온천장 가성비 고기집 추천! 더바른식당 다녀왔어요...,https://blog.naver.com/tnqkr0714/224301948311
0db2f907f404a963,2026-05-31,부산,제대로 즐긴 토종닭 한상 해운대 맛집 ...,https://blog.naver.com/suu_arrz/224301947833
8bdacc47359b7f7b,2026-05-31,김포,고촌고기집 편안하게 즐기기 좋은 철뚝집 김포고촌점,https://blog.naver.com/nebula530/224301948229
4d931194bf1473d8,2026-05-31,대구,대구 남구 피부관리실 수분광채케어로 속수분 잡고 온 루루아,https://blog.naver.com/asdfgh3564/224301948574
78e282332a8804b2,2026-05-31,속초,속초여행!! 분위기좋고 맛도 좋은 속초 청초호 맛집 호수속초,https://blog.naver.com/toadl1005/224301947775
95dfb1f30343a103,2026-05-31,신사,신사 맛집 신미감자탕 신사본점 양도 푸짐하고 맛도 상당했던 곳,https://blog.naver.com/koraekoae/224301948201
c73880744fa87dff,2026-05-31,제주,신화월드 근처 서귀포 현지인 흑돼지 맛집 제주돈돗 신화월드점,https://blog.naver.com/minkji8792/224301948563
c3b62804b0bfa7dd,2026-05-31,파주,파주) 연리희재 | 전통 디저트 개성주악 한과 유명 맛집,https://blog.naver.com/cindy505/224301948097
c3b62804b0bfa7dd,2026-05-31,대구,파주) 연리희재 | 전통 디저트 개성주악 한과 유명 맛집,https://blog.naver.com/cindy505/224301948097
a5f5ea4549adaf3a,2026-05-31,여수,푸짐한 밑반찬에 맛까지 있었던 여수게장 정담식당...,https://blog.naver.com/rkdwjd0322/224301947803
ad7e26e3987a3226,2026-05-31,수원,수원송죽동 닭갈비 맛집 만석공원 맛집 :: 송죽닭갈비...,https://blog.naver.com/woogomii/224301948385
8d9e73cf669659cb,2026-05-31,부산,부산대연동 맛집 찾는다면 김금자 숯불갈비 대연점,https://blog.naver.com/bbobbu_91/224301948318
2496bdd2e48cf660,2026-05-31,분당,"정자동 맛집 , 숄더랙 생각날 땐 '녹지 분당정자점'",https://blog.naver.com/luvtousw/224301948004
2496bdd2e48cf660,2026-05-31,정자,"정자동 맛집 , 숄더랙 생각날 땐 '녹지 분당정자점'",https://blog.naver.com/luvtousw/224301948004
22dad081ad03569f,2026-05-31,광주,광주 첨단 짬뽕 맛집 보배반점 보배짬뽕 중화비빔밥 미니탕수육,https://blog.naver.com/ssom1106/224301948182
efe23725bef86cfd,2026-05-31,수원,인계동 술집 추천 닭장맥주 수원인계점 핫후라이드 치킨이...,https://blog.naver.com/phi0216/224301948300
8f3976f39b2965fd,2026-05-31,강남,강남역타코 더타코부스 강남점에 다녀왔습니다!!,https://blog.naver.com/kimhj8702/224301948451
468005899c6ef62c,2026-05-31,삼성,[서울] 스시소라 대치점(오마카세),https://blog.naver.com/lll7777lll/224301947801
468005899c6ef62c,2026-05-31,선릉,[서울] 스시소라 대치점(오마카세),https://blog.naver.com/lll7777lll/224301947801
70d289dfd1c46766,2026-05-31,대구,대구 서문시장 블루리본 합천할매손칼국수 다녀와봄,https://blog.naver.com/enjoy_it_/224301948086
646df3f5e0347bc5,2026-05-31,을지로,을지로 술집ㅣ음악 선곡이 좋은 LP바ㅣ코야레코드,https://blog.naver.com/u_nana_/224301948132
1c2217b7e5807cfa,2026-05-31,부산,부산 한정식 맛집 [ 옥이보리밥 ] 내돈내산 청사포 맛집,https://blog.naver.com/deratfg/224301948135
1c2217b7e5807cfa,2026-05-31,대구,부산 한정식 맛집 [ 옥이보리밥 ] 내돈내산 청사포 맛집,https://blog.naver.com/deratfg/224301948135
c97c5bcb15983b65,2026-05-31,대구,신세계 대구 유모차 동반 맛집 크리스탈제이드 내돈내산 솔직후기,https://blog.naver.com/seulkong_2/224301947792
31e9e5863191e730,2026-05-31,성수,"성수 글로리 닭칼국수, 따뜻한 한옥 분위기 한 끼",https://blog.naver.com/dasanenv/224301947877
72bcb4b41f66180b,2026-05-31,경주,경주 황리단길 과일 케이크 주문 예약가능한 유명 맛집 ...,https://blog.naver.com/hyunjily/224301948577
bd9ad93a90e4b845,2026-05-31,전주,전주 고궁 전주 본점에서 비빔밥 즐겼어요 내돈내산 솔직후기,https://blog.naver.com/dnjsgo852/224301948081
037da910b5d34aa4,2026-05-31,안양,"안양 웨딩관리 추천! '리즈스킨하우스' 드레스라인, 얼굴 윤곽...",https://blog.naver.com/com2636/224301947813
d8cf4ab35c0e78df,2026-05-31,잠실,잠실 송리단길 또간집｜족발덮밥 새우국밥이 맛있는 태국음식...,https://blog.naver.com/hidy1215/224301947601
d8cf4ab35c0e78df,2026-05-31,송리단길,잠실 송리단길 또간집｜족발덮밥 새우국밥이 맛있는 태국음식...,https://blog.naver.com/hidy1215/224301947601
d8cf4ab35c0e78df,2026-05-31,석촌,잠실 송리단길 또간집｜족발덮밥 새우국밥이 맛있는 태국음식...,https://blog.naver.com/hidy1215/224301947601
d8cf4ab35c0e78df,2026-05-31,석촌호수,잠실 송리단길 또간집｜족발덮밥 새우국밥이 맛있는 태국음식...,https://blog.naver.com/hidy1215/224301947601
692307602705c702,2026-05-31,대구,와그작 먹으러 대구까지? 대구 최가네 제과 와그작 케이크 찐...,https://blog.naver.com/troubletravel_/224301946974
738f19279cd8117d,2026-05-31,강릉,주문진 맛집 | 현지인도 인정한 내돈내산 강릉 아침식사 맛집 ...,https://blog.naver.com/dgpfud1/224301947404
f384f9140e85fc4b,2026-05-31,압구정,청담 챕터쓰리 다녀온 후기｜도윤이 없이 오랜만에 남편과 둘이...,https://blog.naver.com/olqmsdl296/224301947060
f384f9140e85fc4b,2026-05-31,청담,청담 챕터쓰리 다녀온 후기｜도윤이 없이 오랜만에 남편과 둘이...,https://blog.naver.com/olqmsdl296/224301947060
b592a0c4103a6112,2026-05-31,여의도,여의도역 맛집 한식메뉴 무인회관 점심 가족모임 장소 픽,https://blog.naver.com/wkdwndus1454/224301947138
b688af6884b14b77,2026-05-31,포항,"포항 횟집, 입맛 돋우는 감칠맛에 반해버린 흥해시장22번횟집...",https://blog.naver.com/read_more_/224301947256
88dd1f38b28499c2,2026-05-31,부산,양정 맛집 가마솥 순대국밥 국밥 낮술,https://blog.naver.com/sunnie0815/224301947321
e90bdaa3a38fed3c,2026-05-31,전주,전북대 맛집 서래갈매기 가성비 맛집 전주 맛집 현지인 맛집 추천,https://blog.naver.com/ehdqkd52/224301947611
fa232d8b31dffade,2026-05-31,양재,"양재천 카페거리 불향 가득 쌀국수 맛집 추천, 포히아 양재점",https://blog.naver.com/mar_26th/224301947052
74fb62131ec6b138,2026-05-31,대구,[대구 삼덕동] 커알못도 반한 커피 맛집 '수평적관계' 방문 후기,https://blog.naver.com/whalstn38/224301947227
03026bc531748dbe,2026-05-31,연남동,홍대 디저트 맛집 '차곡파티세리 연남' 꾸덕한 말차초코케이크...,https://blog.naver.com/mint_haruna/224301947625
03026bc531748dbe,2026-05-31,홍대,홍대 디저트 맛집 '차곡파티세리 연남' 꾸덕한 말차초코케이크...,https://blog.naver.com/mint_haruna/224301947625
7428be09b7161ab1,2026-05-31,신사,냄새 걱정 없이 마늘갈비 즐기기 좋은 신사동회식 장소로 추천,https://blog.naver.com/jjmj2679/224301947514
7428be09b7161ab1,2026-05-31,가로수길,냄새 걱정 없이 마늘갈비 즐기기 좋은 신사동회식 장소로 추천,https://blog.naver.com/jjmj2679/224301947514
93e00fcfb16cd730,2026-05-31,수원,[수원 화서역] 스타필드 앞 화서먹자골목 숙성육 맛집,https://blog.naver.com/bongso_happy/224301946844
f64ee44816c704c8,2026-05-31,경주,분위기 좋은 한옥에서 즐기는 경주 맛집 피자옥의 정성 어린...,https://blog.naver.com/bepuwezw-504/224301947049
7907a8f518b43abf,2026-05-31,연남동,진청유점 | 내돈내산 | 연남동 퓨전 한식 맛집 소고기강된장쌈밥...,https://blog.naver.com/coloryoung_/224301946681
fb3c91a4fd029c3c,2026-05-31,전주,전주 호텔 추천 전주관광호텔 | 조식과 부대시설 알찼던 전주...,https://blog.naver.com/hwiay1012/224301946189
e70c830af29f7f25,2026-05-31,남산,[서울역 맛집 ] 줄서서 먹는 햄버거집 위트앤미트,https://blog.naver.com/oktorong0/224301946172
e70c830af29f7f25,2026-05-31,시청,[서울역 맛집 ] 줄서서 먹는 햄버거집 위트앤미트,https://blog.naver.com/oktorong0/224301946172
bc3a49c8d1a431d8,2026-05-31,분당,정자역 맛집 우마블 후기... 육회가 인상적이었던 분당 맛집,https://blog.naver.com/iameun888/224301946030
bc3a49c8d1a431d8,2026-05-31,정자,정자역 맛집 우마블 후기... 육회가 인상적이었던 분당 맛집,https://blog.naver.com/iameun888/224301946030
2af9635d00fd8a66,2026-05-31,대구,대구 반고개 무침회 골목 맛집 고르기 전 꼭 봐야 할 포인트...,https://blog.naver.com/boxbox45/224301946558
8504aad3092acacf,2026-05-31,대전,대전 상대동 소소담 후기｜바삭한 꽈배기와 고로케가 생각나는 곳,https://blog.naver.com/eunbii91/224301946285
5282077e4d5d830a,2026-05-31,코엑스,[SK뉴스쿨 카페베이커리과]4월 일상,https://blog.naver.com/ribbon3103/224301946496
57c34d4f057c4a96,2026-05-31,압구정,압구정 샤브 맛집 최가네버섯샤브매운탕칼국수 /압구정 맛집,https://blog.naver.com/m_i_a_a/224301946833
82bda5f7bb905440,2026-05-31,시청,인계동 국밥 맛집 신주옥미... 영업에 주차 편한 돼지국밥 맛집,https://blog.naver.com/popozhu/224301946561
82bda5f7bb905440,2026-05-31,수원,인계동 국밥 맛집 신주옥미... 영업에 주차 편한 돼지국밥 맛집,https://blog.naver.com/popozhu/224301946561
cb5614c1c23ed4ba,2026-05-31,대전,대전 어은동 맛집 술집 | 청춘 막걸리,https://blog.naver.com/988702/224301946829
8ab1246c10684bd8,2026-05-31,인천,Wedding 34. 유연스냅 촬영 후기 : 인천 영종도 베이직(2시간)...,https://blog.naver.com/wofminchae/224301946828
ffb187bd7b6a5529,2026-05-31,잠실,잠실 맛집 도삭면공방 중국집 정말 맛있네요,https://blog.naver.com/pch0002a/224301945650
d087335d14dd9f7b,2026-05-31,마포,"마포 신혼여행패키지, 확실히 확인하기",https://blog.naver.com/vlpzifkwy131093_mv/224301413482
5e71e5724fef2103,2026-05-31,연남동,[ 맛집 ] 연남동 연하동 연남본점,https://blog.naver.com/dalkom0804/224301945425
5e71e5724fef2103,2026-05-31,마포,[ 맛집 ] 연남동 연하동 연남본점,https://blog.naver.com/dalkom0804/224301945425
9fa288da914d4a19,2026-05-31,판교,판교 주민 찐 맛집 - 한식 맛집 담솥에서 점심먹은 후기,https://blog.naver.com/kirinikim/224301945777
f0d10f954a508123,2026-05-31,여수,[여수 현지인 찐 맛집 ] 월순네 밥상,https://blog.naver.com/wlsdl8187/224301945710
3acf595d89305fcb,2026-05-31,종로,찡짜이타이푸드 다녀온 광화문 맛집 점심 후기,https://blog.naver.com/jjssoo000/224301945340
3acf595d89305fcb,2026-05-31,광화문,찡짜이타이푸드 다녀온 광화문 맛집 점심 후기,https://blog.naver.com/jjssoo000/224301945340
e60ba07581fe58c8,2026-05-31,전주,공릉동 맛집 굴다리 전주콩나물국밥｜해장하기 좋은 국밥집...,https://blog.naver.com/wlsgy1995/224301945718
a3f142f053b4af4b,2026-05-31,신촌,버거옥 신촌직영점 후기 - 신촌 수제버거 호랑이 비프 더블 1...,https://blog.naver.com/blog365a/224301945732
2e484ea35311ca0a,2026-05-31,대전,[대전/둔산동] 불장난 대전 둔산동 술집 안주 추천 찐후기,https://blog.naver.com/choyeon-_/224301945672
96966dbb01934a42,2026-05-31,판교,판교 카페 가족 나들이 스테드패스트 커피앤웍스 주차 가능...,https://blog.naver.com/vvips89/224298770974
54377e4c562a859c,2026-05-31,수원,[수원 행궁동] 행궁동 신상 카페 추천 녹크,https://blog.naver.com/diggingfood/224301945809
70ff97cca367c770,2026-05-31,대전,원기보충하는 대전 흑염소 전문점 흑염소수육에 산삼주 대전...,https://blog.naver.com/hsb7827/224301945835
8067d7197e5f80ff,2026-05-31,부산,연산동 밀면 맛집 가성비 좋은 부산밀면,https://blog.naver.com/h_9532/224301945431
aa6ea5c05472686c,2026-05-31,남산,충무로 맛집 | 남산한옥마을 카레 맛집 파인트룸 솔직 방문 후기,https://blog.naver.com/sjtmfrl/224301945875
979a10ec32ccb8bb,2026-05-31,방배,내방역 카페 방배동 맛집 호두까끼형제 방배점,https://blog.naver.com/rororo429/224301936368
979a10ec32ccb8bb,2026-05-31,서초,내방역 카페 방배동 맛집 호두까끼형제 방배점,https://blog.naver.com/rororo429/224301936368
778bac6e2eca6aef,2026-05-31,용산,테드 서울 | 용산 양식 맛집 생면 파스타 전문점,https://blog.naver.com/szfxj/224301945953
ae41868cf33bdfdd,2026-05-31,남양주,뉴스보고- [오영세의 향기따라⑪] 팥빙수 명가의 여름 변신...,https://blog.naver.com/news-repository/224301945567
d327a41c35a6f55e,2026-05-31,잠실,석촌 송리단길 분위기 좋은 파스타 맛집 ❧ 오스테리아 세콘디 ☙,https://blog.naver.com/kjy12134/224301944622
d327a41c35a6f55e,2026-05-31,송리단길,석촌 송리단길 분위기 좋은 파스타 맛집 ❧ 오스테리아 세콘디 ☙,https://blog.naver.com/kjy12134/224301944622
d327a41c35a6f55e,2026-05-31,석촌,석촌 송리단길 분위기 좋은 파스타 맛집 ❧ 오스테리아 세콘디 ☙,https://blog.naver.com/kjy12134/224301944622
2738d40ed5fc7917,2026-05-31,대전,대전 빵택시 빵버스 빵티칸 순례 평일 오후 코스 다녀온 찐...,https://blog.naver.com/rudtjsdldi95/224301944719
424da2df208b2e20,2026-05-31,부산,부산대 맛집 부산 금정 도야지면옥 본점장전동밥집,https://blog.naver.com/hwangssida5/224301944900
424da2df208b2e20,2026-05-31,제주,부산대 맛집 부산 금정 도야지면옥 본점장전동밥집,https://blog.naver.com/hwangssida5/224301944900
d5ff1d20720723db,2026-05-31,강남,제목:강남 한식 맛집 신사전에서 전과 막걸리 찐후기,https://blog.naver.com/yellowys0702/224301944266
d5ff1d20720723db,2026-05-31,신사,제목:강남 한식 맛집 신사전에서 전과 막걸리 찐후기,https://blog.naver.com/yellowys0702/224301944266
ccc7b34ca9887a82,2026-05-31,송도,"나들이, 재방문한 송도 오네스타 맛집 과 트리플스트리트 카페☕️",https://blog.naver.com/hanbyeolhouse/224301944697
be0a0d8d8a427e53,2026-05-31,수원,<재주 / 돈꿀꺽> 제주새마을금고연수원 흑돼지 맛집 돈꿀꺽!,https://blog.naver.com/lmj940102/224301944670
be0a0d8d8a427e53,2026-05-31,제주,<재주 / 돈꿀꺽> 제주새마을금고연수원 흑돼지 맛집 돈꿀꺽!,https://blog.naver.com/lmj940102/224301944670
cb8945e63df1638c,2026-05-31,포항,"또또 간 집, 포항 대이동 이탈리안 레스토랑 <첸뜨로>",https://blog.naver.com/damdam2303/224301945048
7067a78ba223baf4,2026-05-31,종로,광화문 맛집 찡짜이타이푸드에서 먹은 태국 한상,https://blog.naver.com/jsojso941211/224301944961
7067a78ba223baf4,2026-05-31,광화문,광화문 맛집 찡짜이타이푸드에서 먹은 태국 한상,https://blog.naver.com/jsojso941211/224301944961
bf961943a7b63995,2026-05-31,대구,대구 대봉동 예물전문 결혼반지 수누주얼리 계약하고 온 후기,https://blog.naver.com/mina4622/224301944817
71839cc869214be3,2026-05-31,판교,"판교현백 지하 중식 맛집 신승반점 : 간짜장, 유니짜장, 군만두...",https://blog.naver.com/cih4150/224301944236
c8bccf75f8f1803a,2026-05-31,건대,건대] 혼밥하기 좋은 실패없는 밥집투어 zip. ~수제버거...,https://blog.naver.com/babypaggi/224301944953
d7a704d5a00e23d1,2026-05-31,종로,광화문 맛집 찾다가 들른 찡짜이타이푸드 후기,https://blog.naver.com/ccggrr000/224301944571
d7a704d5a00e23d1,2026-05-31,광화문,광화문 맛집 찾다가 들른 찡짜이타이푸드 후기,https://blog.naver.com/ccggrr000/224301944571
a828531404bfbbca,2026-05-31,잠실,잠실미용실 에이치플레이스 잠실학원사거리점 삼전역미용실...,https://blog.naver.com/alsenfl91/224301944896
5faecc8441462655,2026-05-31,용산,용산역 맛집 드포레에서 정원 분위기 속 즐기는 근사한 와인 한 잔,https://blog.naver.com/dnjsrms09/224301944487
3602929196d086e7,2026-05-31,대구,대구 양갈비 맛집 청년 양고기 방문 후기,https://blog.naver.com/tgc02160/224301944347
9da60fd32c728129,2026-05-31,분당,"[분당, 정자] 줄서서 먹는 정자동 명희원 솔직 후기, 해선초면...",https://blog.naver.com/tomeok_/224301944448
9da60fd32c728129,2026-05-31,정자,"[분당, 정자] 줄서서 먹는 정자동 명희원 솔직 후기, 해선초면...",https://blog.naver.com/tomeok_/224301944448
17a61c957127e05d,2026-05-31,전주,경주 현지인 맛집 ㅣ깊은 국물이 일품인 '전주진국밥 경주황성점',https://blog.naver.com/eh1929/224301945093
17a61c957127e05d,2026-05-31,경주,경주 현지인 맛집 ㅣ깊은 국물이 일품인 '전주진국밥 경주황성점',https://blog.naver.com/eh1929/224301945093
ff66c34afd6f7ac7,2026-05-31,인천,62년 전통 알품게 삼대인천게장 간장게장 후기,https://blog.naver.com/underwter8102/224301944764
ac52d42429fc4948,2026-05-31,잠실,공주 당일치기 하고 잠실에서 마무리하는 일상,https://blog.naver.com/merci_eun/224301944701
749481aa200c4a9f,2026-05-31,대전,대전근교브런치 카페 금강뷰 맛집 비스트로 앤 공주,https://blog.naver.com/qkskskzlr6515/224301944407
9fcd6ce7e720597a,2026-05-31,송도,송도 재즈257 송도 데이트 맛집 송도 와인바,https://blog.naver.com/chsji205/224301944493
994d13d30b0101cd,2026-05-31,전주,전주 효자동네일샵 추천! 트렌디한 아트에 유지력도 좋은 [전주...,https://blog.naver.com/daag2/224301944811
d5b99d4aac4b8858,2026-05-31,대전,대전돈까스 맛집 관평동점심 냉모밀이랑 돈까스 꿀조합...,https://blog.naver.com/hahahahoho77/224301945066
f8f872349ed3589b,2026-05-31,인천,"테크노파크역보쌈 부드러움이 남달랐던, 손정보쌈...",https://blog.naver.com/mo6767-/224301945007
f8f872349ed3589b,2026-05-31,송도,"테크노파크역보쌈 부드러움이 남달랐던, 손정보쌈...",https://blog.naver.com/mo6767-/224301945007
203b9530888a5845,2026-05-31,부산,"[부산 맛집 ] 부산의 13,000원 파인다이닝 '수변최고돼지국밥...",https://blog.naver.com/pgcrew/224301944303
799414bbfdeb8ff3,2026-05-31,마곡,"[ 맛집 리뷰] 마곡 곱창 곱창이야기 마곡본점, 넓고 쾌적한 회식...",https://blog.naver.com/9udhhtipon/224301944979
21d16ee6c7459527,2026-05-31,용산,용산역 맛집 브런치카페 카토 주말 데이트 분위기 좋은 곳...,https://blog.naver.com/dddubeee/224301944786
db099a07b586e521,2026-05-31,광주,(26.05 zip),https://blog.naver.com/catsayeayong/224301943492
63196aa11d85aca4,2026-05-31,용산,이야 이게 얼마만이야,https://blog.naver.com/ss090060/224301944092
4a4fd0530e878a9a,2026-05-31,부산,"5월 29~31일 가계부: 부산여행, 5월 가계부 정산, 총 부수입...",https://blog.naver.com/kgjos2018/224301943394
d78bec9b53f117e6,2026-05-31,김포,"김포고촌 카페게이트 신곡점! 브런치 맛집 최애, 디저트 후기",https://blog.naver.com/tmdwn0wn/224301943999
925861114fb7d137,2026-05-31,대전,대전 맛집 밀키트 47년 전통 백년 갈비탕 후기! 잘되는 집은...,https://blog.naver.com/pep2008/224301944068
957c29669c329087,2026-05-31,부산,부산 깡통시장 이가네 떡볶이 후기 | 양념보다 떡이 더...,https://blog.naver.com/seol_lamb/224301943667
6d32e2647358ee16,2026-05-31,일산,[경기/고양시] 일산서구 디저트카페 맛집 구움씨,https://blog.naver.com/jiwonlove0416/224301943879
6d32e2647358ee16,2026-05-31,고양,[경기/고양시] 일산서구 디저트카페 맛집 구움씨,https://blog.naver.com/jiwonlove0416/224301943879
f75b7c2bac0b5828,2026-05-31,종로,광화문 맛집 찡짜이타이푸드에서 즐긴 태국요리,https://blog.naver.com/wjstndhr333/224301944101
f75b7c2bac0b5828,2026-05-31,광화문,광화문 맛집 찡짜이타이푸드에서 즐긴 태국요리,https://blog.naver.com/wjstndhr333/224301944101
44f47f8265146bed,2026-05-31,망원,"간판 없는 망원동 생면 파스타 맛집 , 촉촉하고 쫀득한 논...",https://blog.naver.com/wlgus827999/224301944072
9a6b634ba8932e19,2026-05-31,부산,천안 원성동 맛집 강당골... 부산밀면 천안밀면 맛집,https://blog.naver.com/insung_inwoo/224301944117
4f96e9f9d2c6fb24,2026-05-31,압구정,압구정역 닭한마리 맛집 추천ㅣ삼계탕 대신 든든한 몸보신 한 끼,https://blog.naver.com/soclsrnekaj/224301943946
2c9064b76b58d9ca,2026-05-31,제주,제주도 우도 | 물들이 해녀의집 해물파전 꼭 드세요,https://blog.naver.com/hapiihapii/224301943949
d0d71210f811ddc0,2026-05-31,대구,여름에 겨울 그리워하기,https://blog.naver.com/aglisteningripplee/224301943548
724e58d45af2297e,2026-05-31,합정,합정 양꼬치 고민된다면 재료 본연의 맛 살린 이가네양꼬치...,https://blog.naver.com/ayuan123ju/224301943523
724e58d45af2297e,2026-05-31,마포,합정 양꼬치 고민된다면 재료 본연의 맛 살린 이가네양꼬치...,https://blog.naver.com/ayuan123ju/224301943523
bfc4af07274d4504,2026-05-31,광화문,"광화문 맛집 , 육즙 가득한 흑돼지와 정갈한 한식으로 완벽한 한 끼",https://blog.naver.com/rudqls8533/224301943129
bfc4af07274d4504,2026-05-31,제주,"광화문 맛집 , 육즙 가득한 흑돼지와 정갈한 한식으로 완벽한 한 끼",https://blog.naver.com/rudqls8533/224301943129
c09451f2e49a1572,2026-05-31,제주,제주도 맛집 투어~~,https://blog.naver.com/khj56722/224301943249
7828cf9a40d6518d,2026-05-31,부산,"[부산 맛집 ] 해운대 돼지국밥 현지인 맛집 , 서가돼지국밥",https://blog.naver.com/prabhat_kim/224301943263
c65f989ca0821e14,2026-05-31,용산,삼각지 시옥에서 싱가포르 현지 분위기 속 아시아음식 푸짐하게...,https://blog.naver.com/blueeyes289/224301943311
57a2ce41fd686549,2026-05-31,부산,추천 '마리타운' 데이트하기 좋은 이자카야 감성 동성로 맛집,https://blog.naver.com/siasia_709/224301942970
57a2ce41fd686549,2026-05-31,대구,추천 '마리타운' 데이트하기 좋은 이자카야 감성 동성로 맛집,https://blog.naver.com/siasia_709/224301942970
f86fe4d5d2a43d4a,2026-05-31,용산,"용산 | 에프더블유브이, 찐 화덕피자, 라자냐 맛집",https://blog.naver.com/jinnny_o/224301942913
c53be6aeecfd97fd,2026-05-31,김포,분위기도 음식도 완벽해서 경기도 데이트 코스로 딱인 메이쓰리...,https://blog.naver.com/tkddhr8437/224301943119
d3069ea10f24df32,2026-05-31,대전,탄방동 점심 맛집 추천! 신선한 생아구찜이 맛있는 대전 서구...,https://blog.naver.com/hani_jj917/224301943113
194c3b1cf8139023,2026-05-31,경주,"경주 맛집 피자옥, 정성 가득한 수제 요리로 즐기는 완벽한 식사",https://blog.naver.com/dlsgk1220/224301942834
05630b9e859591a5,2026-05-31,속초,속초 고성 아침식사 가능한 섭국 전복해물뚝배기 내돈내산,https://blog.naver.com/chae_zzi/224301942851
5178cc3016b50ddc,2026-05-31,제주,제주도 혼자서 여행 6일차,https://blog.naver.com/colossians324/224301942675
e23ab0d438f6cf07,2026-05-31,경주,경주 소고기 여정1998 현지인 추천 가성비 좋은 맛집 후기!,https://blog.naver.com/maimai20/224301943235
df86e45529975775,2026-05-31,대구,대구 수성구 양념갈비 맛집 / 서민갈비 / 직원이 꾸워주는 고깃집,https://blog.naver.com/365ing-/224301942593
54e640bf9a8883c6,2026-05-31,부산,부산 수영 주차가능한 돼지국밥 맛집 돈국 무한리필 샐러드바...,https://blog.naver.com/everydayon2/224301942111
a5da7337c81d413e,2026-05-31,강남,"맛집 ] 소개팅, 청첩장 모임, 혼밥 하기 좋은 퓨전 한식 맛집 ...",https://blog.naver.com/dajibang/224301941714
f7b4dda578c75102,2026-05-31,부산,기장역 점심 맛집 가성비 점심특선 유정식육식당 부산기장본점,https://blog.naver.com/twotwo22-/224301942156
9a9b19ef34508b16,2026-05-31,대구,일상 대구 셀프스튜디오 그날의 미술관 가족사진 주차지원(X)...,https://blog.naver.com/akdongch/224301941916
8cdd1619eb71c5e0,2026-05-31,을지로,"을지로일식당, 진작, 깔끔한 을지로3가역 맛집",https://blog.naver.com/cnzn77/224301941819
679c7bc2ba19c2e9,2026-05-31,부천,인생 곱창집 발견! 역대급 퀄리티에 가성비까지 싹 잡은...,https://blog.naver.com/chapter2x2/224301941725
aec5dc70fbf61b31,2026-05-31,부산,디저트 맛집 <한정선> 생딸기 두바이 찹쌀떡 초코가루가 코에...,https://blog.naver.com/kya9141/224301942205
b73f70ce94b3cc72,2026-05-31,춘천,춘천 브런치 맛집 '프롬마인드' 단골 카페 소개~!,https://blog.naver.com/white_n_yellow/224301942230
b29bc8f3841b4efc,2026-05-31,남양주,닭한마리 솥뚜껑 ‘솥뚜껑 닭볶음탕 남양주본점’ 맛집 추천,https://blog.naver.com/onewithice/224301941983
698928215e832d28,2026-05-31,과천,"[과천 선바위 카페] 생망고빙수 맛집 ""완데이"" 솔직 후기!...",https://blog.naver.com/yoooja99/224301942014
bf03a24709767150,2026-05-31,신사,깊은 풍미의 마늘갈비가 있는 신사동 맛집 추천 장소 호보식당...,https://blog.naver.com/mijinn_2679/224301942416
11e5668894eb7954,2026-05-31,망원,망원동 카페 피피커피 | 아이스 드립커피 맛집 솔직 후기,https://blog.naver.com/widufk/224301941892
a4941d5f8c59b515,2026-05-31,송도,[국제업무지구역 맛집 ] 송도돈카츠 '달빛카츠' 솔직후기,https://blog.naver.com/blueeyes83n/224301941854
37c7844c5fd7611d,2026-05-31,경주,"경주 황리단길 맛집 주차장, 김호영 추천 향화정 꼬막비빔밥...",https://blog.naver.com/dusdhr87/224301941740
2257e3ba35de9dbe,2026-05-31,대전,대전골프레슨 고민이라면 디엘크 골프라운지 추천,https://blog.naver.com/dimil00/224301941687
1aa7c68351e9acd7,2026-05-31,부산,부산 여행 중 들르기 좋은 모모스커피 본점 후기,https://blog.naver.com/uk7517/224301941664
cf084b5d6c0bce38,2026-05-31,종로,광화문 맛집 찡짜이타이푸드에서 즐긴 태국식 한 끼,https://blog.naver.com/wjstndhr000/224301942093
cf084b5d6c0bce38,2026-05-31,광화문,광화문 맛집 찡짜이타이푸드에서 즐긴 태국식 한 끼,https://blog.naver.com/wjstndhr000/224301942093
b00c89fd60d48fcd,2026-05-31,제주,제주 혼자여행 1인 숙소 추천｜제주 서쪽 10만원 이하 가성비...,https://blog.naver.com/sonigatto/224301941830
23eb0f58fb74de7a,2026-05-31,성수,성수 돈까스 맛집 코시 우동 모듬가츠 맛집 뚝섬역 직장인...,https://blog.naver.com/pepper_c/224301941846
23eb0f58fb74de7a,2026-05-31,서울숲,성수 돈까스 맛집 코시 우동 모듬가츠 맛집 뚝섬역 직장인...,https://blog.naver.com/pepper_c/224301941846
23eb0f58fb74de7a,2026-05-31,뚝섬,성수 돈까스 맛집 코시 우동 모듬가츠 맛집 뚝섬역 직장인...,https://blog.naver.com/pepper_c/224301941846
bb2f3e7b1a0acd20,2026-05-31,경주,"경주 불국사 맛집 정담솥밥, 아이와함께 즐긴 경주솥밥 정식",https://blog.naver.com/lovele7/224301941198
aa2f677ef54e4689,2026-05-31,여수,바다 뷰를 보며 랍스타와 꽃삼합을 푸짐하게 즐긴 여수 맛집 ...,https://blog.naver.com/meina0909/224301941010
744cc34528877e31,2026-05-31,대전,[대전/탄방] 돈가스 맛집 “숯불돈까스”,https://blog.naver.com/makeiteon/224301941383
00be577d961e75dd,2026-05-31,전주,"20260529~30 금,토_전주 1박 2일 여행(2)금성당_노매딕...",https://blog.naver.com/ssiry75/224301941124
fd99da6f6dd87dc4,2026-05-31,고양,화정 맛집 진한국물이 인상적인 다래원 방문후기,https://blog.naver.com/judyandnick-/224301941556
8bd55e90d939f3b6,2026-05-31,잠실,잠실 해주냉면 본점 주차 포장 서울 5대 매운냉면,https://blog.naver.com/sunmi2249/224301940933
a4f1ddc7235cf081,2026-05-31,올림픽공원,나의 사랑했던 게으른 날들,https://blog.naver.com/haezinizini/224301940899
a4f1ddc7235cf081,2026-05-31,대구,나의 사랑했던 게으른 날들,https://blog.naver.com/haezinizini/224301940899
322d23a67f0492c9,2026-05-31,광주,"여름 남자펌 추천, 가볍고 트렌디한 텍스처 히피펌 광주 미용실...",https://blog.naver.com/tnwls_8530/224301941614
193bbde9b9796a1e,2026-05-31,광주,광주 남구 진월동 차돌 순두부찌개&수육 한식 맛집 ...,https://blog.naver.com/parkhj5185/224301941043
fa9e87f4c864d725,2026-05-31,한남동,"이태원 루프탑카페 카페 드 우영미, 야경이 아름다운 대형카페",https://blog.naver.com/m_aa7_m/224301941000
fa9e87f4c864d725,2026-05-31,이태원,"이태원 루프탑카페 카페 드 우영미, 야경이 아름다운 대형카페",https://blog.naver.com/m_aa7_m/224301941000
4a5a26cd50e81f8a,2026-05-31,부산,부산 동백국밥 프리미엄 한돈 돼지국밥 가격 대비 만족도,https://blog.naver.com/ferricynide6946/224301941169
50f1ab1969ca6e1b,2026-05-31,강릉,속초 대포항 맛집 좋다게,https://blog.naver.com/ljyoung21/224301941180
50f1ab1969ca6e1b,2026-05-31,속초,속초 대포항 맛집 좋다게,https://blog.naver.com/ljyoung21/224301941180
50f1ab1969ca6e1b,2026-05-31,포항,속초 대포항 맛집 좋다게,https://blog.naver.com/ljyoung21/224301941180
2e7a64c465a79cc5,2026-05-31,광화문,️종각역 접대 맛집 추천｜중요한 미팅과 비즈니스 식사에...,https://blog.naver.com/sempre_chiaro/224301940967
c7fd0a5e25940ab3,2026-05-31,부산,"부산 3대 빵집,명품 빵집, 부산역카페, 부산빵집 [비엔씨 제과...",https://blog.naver.com/msj3989/224301941075
6b745eabd9b7e326,2026-05-31,종로,점심으로 찾은 광화문 맛집 찡짜이타이푸드 후기,https://blog.naver.com/msms171014/224301941054
6b745eabd9b7e326,2026-05-31,광화문,점심으로 찾은 광화문 맛집 찡짜이타이푸드 후기,https://blog.naver.com/msms171014/224301941054
e7213a2214e56ff8,2026-05-31,대전,[대전] 오시우커피 / 한밭수목원 / 심스 스모크하우스 / 성심당,https://blog.naver.com/duddud2020/224301941016
31c5b32345e5bb89,2026-05-31,부산,[광안리] 광안대교 보면서 먹는 조개구이 맛집 미소집조개마당,https://blog.naver.com/sims0123/224301941541
b07ed8af45a8f9ad,2026-05-31,한남동,한남동 최애 맛집 부자피자 나의 또또또간집❤️ ft. 메뉴추천,https://blog.naver.com/dnjstpdms24/224301941370
45d96421d8ccbddd,2026-05-31,신촌,신촌혼밥 맛집 로운 샤브샤브 신촌점 주말 여름 샐러드바 후기,https://blog.naver.com/fox418/224301941186
950bd5a90a714f39,2026-05-31,송도,26년 5월,https://blog.naver.com/ziiiaxlog_/224301940761
01f38cd124ed98c8,2026-05-31,대구,차분히 음미한 칠성동 맛집 에서의 전복 솥밥 이야기...,https://blog.naver.com/p0ot375/224301940412
e531c75f5ef6e765,2026-05-31,삼성,"묵호 여행코스 추천 l 삼성그릇백화점, 동성칼국수...",https://blog.naver.com/briller_ete/224301940040
6f8c8ac0130231e4,2026-05-31,고양,"사랑, 여행, 퇴사 그어딘가",https://blog.naver.com/momentandmemories/224301940319
0920b281605bf2b5,2026-05-31,연남동,"아인슈페너 맛집 모닝캄커피랩, 온행, 오스카커피부스...",https://blog.naver.com/wlsl3895/224301940326
c03de7235c8851b0,2026-05-31,마포,[식당 리뷰] 서울 마포구 하쿠텐라멘 (2),https://blog.naver.com/gkfbs2349/224301940487
5616aa44c2edc7cd,2026-05-31,공덕,서울 빵지순례 공덕 베이커리 ❛뺑스톡(Pain Stock)❜,https://blog.naver.com/softsummer/224301940207
ccd5169de532441f,2026-05-31,강동,따스한 아침을 여는 정동진순두부 정가네순두부 본점,https://blog.naver.com/jackpark86/224301940674
ccd5169de532441f,2026-05-31,강릉,따스한 아침을 여는 정동진순두부 정가네순두부 본점,https://blog.naver.com/jackpark86/224301940674
857cbb3874261790,2026-05-31,송도,송도카페 대형24시간 센트럴파크 주말 브런치 메뉴추천 후기,https://blog.naver.com/annie_land/224301940249
957694960d09508b,2026-05-31,사당,사당역 맛집 점심 청밀당 4월의 보리밥 가성비최고...,https://blog.naver.com/kiu0911/224301940352
5699a5e086267d34,2026-05-31,분당,[분당 속눈썹펌] 라인의온도 케라틴펌 추천 후기,https://blog.naver.com/youjin0523/224301940299
3ef738f38b221751,2026-05-31,부산,칠리앤버건디 건강하고 부담없는 부산대 타코 맛집,https://blog.naver.com/leenji_-/224301940112
70fab52fe26f5737,2026-05-31,마곡,마곡나루 고기집 마곡 야장 쭌이네생고기 소갈비살 맛집,https://blog.naver.com/okc0342/224301940753
0ce76127958034ad,2026-05-31,부산,연산 맛집 [야채통닭],https://blog.naver.com/suzip7/224301940258
451e12458f8e4710,2026-05-31,광주,광주 남구 봉선동 안주 맛집 추천 곱창구이 맛집 서울곱창...,https://blog.naver.com/yuriroro/224301940342
e288e35cf639c336,2026-05-31,시청,시청역 상견례 한식당 맛집 아리연 라코스 후기 남도식 해초...,https://blog.naver.com/s__ui-n/224301940610
5dec02a35fb7a00c,2026-05-31,과천,피크닉명소 과천 서울대공원 장미축제 개화현황,https://blog.naver.com/yschu_na/224301940357
f1ababa3443d4501,2026-05-31,인천,[인천] 동인천 당일치기 여행코스& 맛집 추천 - 1. 차이나타운 편,https://blog.naver.com/mama_923/224301939578
87e36ec5d3fde46a,2026-05-31,김포,"[ 김포_구래 ]김포카페 소굴속 김포구래점, 디저트 먹으러 또...",https://blog.naver.com/yjung_moon/224301939420
e1d7c45a29239114,2026-05-31,한남동,한남역 맛집 에서 즐긴 무쇠판 김치삼겹살과 얼큰 전골의 환상...,https://blog.naver.com/sosegnikd241/224301939907
84cca01dca34a3fd,2026-05-31,경주,경주로컬 맛집 _경주피피노피자,https://blog.naver.com/rhj7846/224301939777
20470aec27b80d6f,2026-05-31,제주,[제주] 카페 청굴물 / 제주여행코스/ 제주도여행/ 제주 가볼만한...,https://blog.naver.com/puresquid/224301939706
86948235e64cae3e,2026-05-31,속초,속초 청초호 맛집 동루골막국수 | 무조건 시켜야 할 메뉴 한가지,https://blog.naver.com/eunjin767/224301939926
0ef54a00f2f27623,2026-05-31,춘천,[강원 춘천] 훈이네김치찜,https://blog.naver.com/gows741/224301939610
c5c3476aa4b65123,2026-05-31,명동,2026년 5월 : 자알도 놀았다,https://blog.naver.com/yumin99999/224301939621
5c4e5bb699923bdd,2026-05-31,전주,웨리단길 이자카야/전주 웨리단길 맛집 추천/전주 웨리단길 맛집,https://blog.naver.com/hehe7823/224301939487
ef3a7a97e038435e,2026-05-31,대구,프렌즈 6기] 대구 앞산 카페 추천 ️ : 아리츠 (샌드위치 맛집 ),https://blog.naver.com/pcjihye/224301939387
a9d3679385e77694,2026-05-31,한남동,한남 재즈바 분위기 맛집 코튼클럽 사운즈한남 후기...,https://blog.naver.com/wjddla1011/224301939484
a9d3679385e77694,2026-05-31,용산,한남 재즈바 분위기 맛집 코튼클럽 사운즈한남 후기...,https://blog.naver.com/wjddla1011/224301939484
ec1edd5ecf9d44a0,2026-05-31,구리,"부산 북구 금곡동 맛집 , 솔방울로 굽는 고기 솔방구리 삼겹살...",https://blog.naver.com/yoonyoon_8/224301939550
ec1edd5ecf9d44a0,2026-05-31,부산,"부산 북구 금곡동 맛집 , 솔방울로 굽는 고기 솔방구리 삼겹살...",https://blog.naver.com/yoonyoon_8/224301939550
7c914639211bf85c,2026-05-31,광주,광주 현지인 맛집 ｜볶음밥까지 완벽했던 동산회관,https://blog.naver.com/zzzzzzz_qzzz/224301939263
caa4b5c7aff15cfa,2026-05-31,강릉,강릉 중앙시장 맛집 교동대게 강릉 로컬 맛집,https://blog.naver.com/lovejsh85/224301939788
867f081e70124c47,2026-05-31,부산,서구 부산대학병원 맛집 성식당 샐러드바까지 반한 건강카레 한끼,https://blog.naver.com/omej88/224301939910
86b9ef4801704545,2026-05-31,대구,대구 교동 술집 교동 조개구이 <남포> 후기,https://blog.naver.com/yoobin1218_/224301939458
092a4f27169e94b0,2026-05-31,선릉,나의 최애 두툼한 삼겹살집 서울 흑돼지 1등 김돈이 선릉본점,https://blog.naver.com/jenney__/224301939579
197335c32c1b4a34,2026-05-31,상암,국물까지 싹 비웠다 상암동 직장인들이 줄 서는 콩국수 찐 맛집 ...,https://blog.naver.com/jh-sunjane02/224301939724
4b0fcf02de784e27,2026-05-31,안양,안양 평촌 학원가 맛집 점심 메뉴 해본정해물찜&아구찜 후기,https://blog.naver.com/adore323/224301939401
b5d98b91783939e5,2026-05-31,강릉,강릉 주문집 맛집 철뚝소머리집 국밥 내돈내산,https://blog.naver.com/thedalda/224301939405
9f386c9fc51dba9c,2026-05-31,경주,"경주 박물관 맛집 , 교촌삼백년집에서 즐기는 정갈한 한옥 한 끼",https://blog.naver.com/k35mmmm/224301939372
c64333cf248be74c,2026-05-31,분당,편견을 깨부수는 상현역 맛집 화로양미 광교상현역점,https://blog.naver.com/kimfirst313/224301939917
c64333cf248be74c,2026-05-31,광교,편견을 깨부수는 상현역 맛집 화로양미 광교상현역점,https://blog.naver.com/kimfirst313/224301939917
e5b6b963ea26e938,2026-05-31,강남,[청년감자탕순대국] 강남 순살 뼈해장국 맛집,https://blog.naver.com/lynn1025/224301939421
d510f5c202c1341d,2026-05-31,노량진,노량진 가볼만한곳 왕사남 단종 역사 돌아보기 좋은...,https://blog.naver.com/s600105/224301939253
466e750d271d386a,2026-05-31,왕십리,왕십리꿔바로우와 양갈비가 맛있는 뉴타운에서 배부른 한 끼,https://blog.naver.com/ddakong_/224301939794
7657b2e3c52b29f6,2026-05-31,수원,수원행궁동 맛집 로우파이브 : 옥수수피자 맛집 맞네~,https://blog.naver.com/onew-/224301939304
edb5a8bb297b7679,2026-05-31,대구,"옥계동 고기집 할매솥뚜껑삼겹살 600g에 33,000원 가성비 맛집",https://blog.naver.com/jewel2248/224301938764
5395e3fa3693ef3e,2026-05-31,부산,"[부산 맛집 ] 내 인생 최고의 피자, 이재모피자 본점 솔직 후기!...",https://blog.naver.com/hobyeolha/224301938886
97a946014719cda7,2026-05-31,경주,"경주로컬 맛집 추천 경주맷돌순두부, 기다려서 먹는 이유",https://blog.naver.com/l0801l/224301938657
ed33a479567952fa,2026-05-31,부산,부산 달맞이 스프링힐,https://blog.naver.com/jingbae_/224301938389
4b77cbc99834c520,2026-05-31,부산,돼지갈비 맛집 대지숯불갈비 (+웨이팅할 정도의 맛집 인가?!),https://blog.naver.com/dbswldn4604/224301938842
7812a366224e980a,2026-05-31,건대,"[건대 맛집 ] 고미돈까스, 스프 무한리필되는 추억의 경양식...",https://blog.naver.com/zldwn/224301938545
b867eb578b48bfdf,2026-05-31,광교,"광교 수제버거 맛집 ""버거비앤비 광교 법조타운점"" 광교햄버거...",https://blog.naver.com/namda-log/224301938885
e2b0769276ba15a8,2026-05-31,판교,판교 이자카야 맛집 [일편뎅심 판교직영점],https://blog.naver.com/kim1991728/224301938975
6ec6975baf04d088,2026-05-31,광주,광주 연화식당 가기 전 필독: 육전·조기탕 메뉴와 예약·주차 꿀팁,https://blog.naver.com/84uzmav/224301938730
85e3e0ca082705f0,2026-05-31,인천,인천송도 섬고짚 맛집 솔직 후기,https://blog.naver.com/b4success/224301957555
85e3e0ca082705f0,2026-05-31,송도,인천송도 섬고짚 맛집 솔직 후기,https://blog.naver.com/b4success/224301957555
85e3e0ca082705f0,2026-05-31,제주,인천송도 섬고짚 맛집 솔직 후기,https://blog.naver.com/b4success/224301957555
cc5c2ccab590f181,2026-05-31,인천,"[부평 맛집 ]'옥된장' 완전 맛나요, 또 올테닷!",https://blog.naver.com/ohlee7763/224301953755
bf8a156b55d59bab,2026-05-31,포항,[포항 문덕 맛집 ] 포항초가 들어간 함박스테이크 “함박웃는룻...,https://blog.naver.com/eunniss_/224301938143
adc385b8bb0b9bff,2026-05-31,대구,대구 본리동 맛집 미카도스시 회전초밥집 내돈내산리뷰,https://blog.naver.com/tk0328/224301936793
82f3bce250aa46f7,2026-05-31,인천,청라쌀국수 맛집 포36거리... 짜조가 맛있는 인천청라 맛집,https://blog.naver.com/artrose30/224301935771
876de5abbf2083b8,2026-05-31,압구정,압구정로데오 맛집 냉모밀과... 압구정로데오 점심 맛집 추천 후기,https://blog.naver.com/hayang1007/224301936370
9cae659e37cc6e64,2026-05-31,광교,"[연무동 맛집 추천 ] 계모임 (광교산 단체모임, 연무동 회식)",https://blog.naver.com/soyeong19/224301935960
9cae659e37cc6e64,2026-05-31,수원,"[연무동 맛집 추천 ] 계모임 (광교산 단체모임, 연무동 회식)",https://blog.naver.com/soyeong19/224301935960
2129eada04d42add,2026-05-31,춘천,한마음 정육 식당 춘천 퇴계점 | 고기 퀄리티도 좋은데...,https://blog.naver.com/missan1212/224301935225
a5d974ae761e930d,2026-05-31,제주,"제주도민부부 데이트비양도,맛있는상생축제",https://blog.naver.com/couple_jeju/224301935027
e32a7aad68691367,2026-05-31,강남,"강남구청역 맛집 , 청담보쌈, 보쌈정식, 제육볶음, 짜글이...",https://blog.naver.com/travelerlk/224301934198
e32a7aad68691367,2026-05-31,청담,"강남구청역 맛집 , 청담보쌈, 보쌈정식, 제육볶음, 짜글이...",https://blog.naver.com/travelerlk/224301934198
0a19e2b6e8a8e556,2026-05-31,파주,"임진강 맛집 _ 첫째 임신 때 찾았던 그곳, 둘째를 품고 다시 찾은...",https://blog.naver.com/sunshine_851019/224301934390
7830d067f73cdf1e,2026-05-31,하남,고덕 보쌈 맛집 ... 반반보쌈·막국수까지 회식장소 추천,https://blog.naver.com/phj99621/224301934484
7830d067f73cdf1e,2026-05-31,미사,고덕 보쌈 맛집 ... 반반보쌈·막국수까지 회식장소 추천,https://blog.naver.com/phj99621/224301934484
a5377c12b21fad8e,2026-05-31,분당,청주 동남지구 혼밥 맛집 추천 ! 미분당 쌀국수 솔직후기,https://blog.naver.com/niii_-/224301934247
ef5f73addfa9a230,2026-05-31,성수,성수까망 후기 성수역 맛집 추천 메뉴와 분위기 솔직 리뷰,https://blog.naver.com/ddangcongjamm/224301934062
394cbe0bd5b10d45,2026-05-31,광주,광주 텐동 맛집 온기정 광주신세계점｜쇼핑하다 먹기 좋은...,https://blog.naver.com/divinite_moon/224301933739
a4e54eee54fce05f,2026-05-31,제주,"[제주도공항근처맛집] 제주도아기랑 맛집 추천 , 숨은 현지인...",https://blog.naver.com/heydaseul/224301933342
39f5f606668b6a0c,2026-05-31,이태원,2025년 경상도여행을 위한 필수 코스 7가지,https://dwqn.tistory.com/84
bcc29f40ecc7f5fe,2026-05-31,인천,"인천 부평구 가성비와 맛까지 좋은 부평역 맛집 추천 , 긴자료코...",https://blog.naver.com/nami_detailing/224301932754
0284339d56035f85,2026-05-31,부산,[남포동 맛집 칼국수] 동명칼국수,https://blog.naver.com/merry96715/224301932703
2403cfb62326a6e3,2026-05-31,속초,속초 맛집 막국수 맛집 도문면옥 다녀왔어요,https://blog.naver.com/heart_n_design/224301932293
a4fa741159b8ff23,2026-05-31,전주,"송해븐 베이커리 - 전주빵집, 전주빵지순례, 전주디저트...",https://blog.naver.com/colonyy/224301931714
196934ee14f4269b,2026-05-31,의정부,[의정부 맛집추천 ] 강경뚝배기 본점_매운돼지갈비찜,https://blog.naver.com/3324tmfdk/224301930851
672fd1b85826f090,2026-05-31,포항,양덕동 맛집 찾는다면? 막창 맛집 포항연막창 양덕점,https://blog.naver.com/hyepresso/224301930936
0b1ff1168cec2467,2026-05-31,여수,여수 이순신광장 피카커피하우스 :: 아메리카노. 피치 자두...,https://blog.naver.com/jisvip07/224301931285
e258da27091f3a99,2026-05-31,부산,부산남포동 맛집 추천 홍유단 크런키탕수육세트 사천짜장 진짜...,https://blog.naver.com/spring__in/224301929397
50fdf32c54aa1702,2026-05-31,강남,일본 3대 오니기리 맛집 교토 오니마루 신세계백화점 강남점...,https://blog.naver.com/songsally_/224301929881
2744cb9c3539974e,2026-05-31,일산,일산 밤리단길 맛집 추천 태국 음식 미니타이,https://blog.naver.com/heepal_/224301929399
2abd0441c9deb05e,2026-05-31,대구,대구 삼덕동 맛집 온담 본점 대구 샤브샤브 편백찜 맛집 추천,https://blog.naver.com/mmmu14/224301928937
cee9ec8f23de8f5a,2026-05-31,대구,"인스타에서 난리 난 그 빵집 ""보밀당"" 부셔먹는 소금 빵 직접...",https://blog.naver.com/troubletravel_/224301929026
3e5ea7387d11558f,2026-05-31,대구,"대구 근교 드라이브 코스 추천 , 푸른 숲속 고즈넉한 한옥 카페...",https://blog.naver.com/youmsia/224301928858
8f169c33943ca8b0,2026-05-31,부산,부산 수영구 데이트 레스토랑 '마이클 어반팜 테이블',https://blog.naver.com/space_1030/224301927845
0eaa0d1cfe4d23a0,2026-05-31,분당,맛집 [미분당 성신여대점] 혼밥하기 좋은 쌀국수 맛집 ㅣ재방문...,https://blog.naver.com/modm81/224301927132
05f061a5147b887e,2026-05-31,일산,"[일산-식사동] 곱도리탕 제대로 말아주는 ""승도리네 곱도리탕...",https://blog.naver.com/dood4227/224301926031
3c14dfc1379958d7,2026-05-31,대구,(소) ] 상다리 부러지는 푸짐함 대구 삼덕동 횟집 추천,https://blog.naver.com/m__moooon/224301925212
aca1887c22af529d,2026-05-31,인천,바다 풍경과 신선한 직화 요리를 만끽하고 온 을왕리 맛집 방문기,https://blog.naver.com/klon202612/224301925796
9c0b165ac5b8f563,2026-05-31,광화문,울프강 스테이크하우스 광화문점 W 시그니처 코스 후기...,https://blog.naver.com/dentalservice/224301925779
3a5e9ae9ebca3874,2026-05-31,대구,왕산루 본점 - 대구 꼬막짬뽕 맛집 다녀온 후기,https://blog.naver.com/yuyueun/224301922422
f2dd4e8665dde3f9,2026-05-31,청담,[수곡동 맛집 ] '청담동 돼지갈비 생목살' 방문 후기!,https://blog.naver.com/sol_2_/224301922194
f2eb4a5061d4a3d4,2026-05-31,구리,오시리아 맛집 아기랑 기장 아난티 힐든 맛집 추천 더바베큐051,https://blog.naver.com/bphome_/224301921038
f2eb4a5061d4a3d4,2026-05-31,부산,오시리아 맛집 아기랑 기장 아난티 힐든 맛집 추천 더바베큐051,https://blog.naver.com/bphome_/224301921038
b1d3f4701a3f5959,2026-05-31,방배,"방배동 맛집 추천 , 가마솥에서 푹 끓여내 국물이 진국인...",https://blog.naver.com/youmsia/224301921358
b1d3f4701a3f5959,2026-05-31,서초,"방배동 맛집 추천 , 가마솥에서 푹 끓여내 국물이 진국인...",https://blog.naver.com/youmsia/224301921358
57374258a05e92d5,2026-05-31,대구,범어동 맛집 찾는다면? 범어네거리 직화 쭈꾸미 맛집 삼형제 후기,https://blog.naver.com/blingbli-/224301920465
8bdcda5101408fa3,2026-05-31,대구,[대구 서구 맛집 ] 노포 감성 가득한 '중리숯불막창'에서 고소한...,https://blog.naver.com/yu_miii_0420/224301912593
270c7cab7295bd83,2026-05-31,연남동,내가 까먹을 것 같아서 쓰는 연남 카페 리뷰,https://blog.naver.com/yune_uuu/224301920234
270c7cab7295bd83,2026-05-31,홍대,내가 까먹을 것 같아서 쓰는 연남 카페 리뷰,https://blog.naver.com/yune_uuu/224301920234
42b3b967fbc946c4,2026-05-31,부산,전포동 횟집 추천 야장느낌 제대로인 횟까닥,https://blog.naver.com/ddxngxk/224301920764
5dddff2d9cc4bc15,2026-05-31,제주,"제주 연동 맛집 제주갈비찜 본점, 단체 모임 회식 추천 , 주차 및...",https://blog.naver.com/star_08_15/224301919758
a849e9457e4b56b5,2026-05-31,대구,대구 남구 명덕역 막창 맛집 추천 초벌되어 나와 더 맛있는...,https://blog.naver.com/breadman21/224301919787
3eaceb9f904976e9,2026-05-31,용산,[용산 맛집 ]고기집 /내돈내산/후기/가성비 소갈비살,https://blog.naver.com/juiq123/224301919633
c6305da0270d8c9a,2026-05-31,인천,생활의 달인에 나온 인천닭강정맛집 제물포 맛집 추천,https://blog.naver.com/baezzang_ssin/224301919960
9366e11653d6a7fc,2026-05-31,명동,"대전 봉명동 고기집 고깃리88 봉명점, 숙성 생고기와 연탄불의...",https://blog.naver.com/jumdonamul/224301918697
9366e11653d6a7fc,2026-05-31,대전,"대전 봉명동 고기집 고깃리88 봉명점, 숙성 생고기와 연탄불의...",https://blog.naver.com/jumdonamul/224301918697
627d3e46685df6cc,2026-05-31,부산,[부산/동구] 도담샤브 | 커넥트현대 맛집 추천,https://blog.naver.com/0nebite-/224301919070
d69fc3828465df7e,2026-05-31,인천,[인천 맛집 ] 임학동 맛집 “더맛있는족발보쌈 인천임학점”...,https://blog.naver.com/tjdth503/224301919311
841f7c8a2d0dd823,2026-05-31,해방촌,"해방촌 맛집 데니스모아, 분위기 좋은 피자 맛집 솔직후기",https://blog.naver.com/yu_jin0420/224301918096
841f7c8a2d0dd823,2026-05-31,용산,"해방촌 맛집 데니스모아, 분위기 좋은 피자 맛집 솔직후기",https://blog.naver.com/yu_jin0420/224301918096
ea2a3d391093a24e,2026-05-31,구리,던킨도너츠 버터 떡먼치킨,https://blog.naver.com/rhah114/224301917030
274dc374197570fa,2026-05-31,송파,소복재 방이본점 가성비와 맛 모두 챙긴 송파나루역 맛집,https://blog.naver.com/eckim9506/224301917369
d0249a3d9c2f29cf,2026-05-31,광교,[수원] 광교중앙역 아브뉴프랑 냉동삼겹살 맛집 잠수교집,https://blog.naver.com/nolja8657/224301916267
d0249a3d9c2f29cf,2026-05-31,수원,[수원] 광교중앙역 아브뉴프랑 냉동삼겹살 맛집 잠수교집,https://blog.naver.com/nolja8657/224301916267
580aeacfd962a3ff,2026-05-31,판교,"판교유스페이스고기집 추천 , 고기부터 식사 메뉴까지 만족한 후기",https://blog.naver.com/coolsun750/224301916716
af9743ad552d5970,2026-05-31,강남,강남 쌀국수 호앙비엣 강남점,https://blog.naver.com/greenbluepurple/224301915553
af9743ad552d5970,2026-05-31,서초,강남 쌀국수 호앙비엣 강남점,https://blog.naver.com/greenbluepurple/224301915553
e0a7046c7e07754e,2026-05-31,파주,매운맛 대신 숙성된 양념을 사용하여 파주 맛집 비와별닭갈비...,https://blog.naver.com/asucculent/224301914498
6b9a5ecb4e146424,2026-05-31,용산,삼각지역 고기집 맛집 : 고가길구공탄 항정살 맛집 솔직후기,https://blog.naver.com/gyh14210/224301914522
ea6dc4768266540c,2026-05-31,인천,취선 검단신도시점 방문 후기,https://blog.naver.com/bijou_ej/224301913425
9eebb4e8ad250906,2026-05-31,의정부,의정부 맛집 TOP급? 규카 직접 먹어본 솔직후기,https://blog.naver.com/mimy090812/224301913605
0c487515f6a63f59,2026-05-31,잠실,잠실 맛집추천 난랑 l 방이동회식 하기 좋은 방이먹자골목맛집,https://blog.naver.com/holy_moly_lol/224301912606
f920be2c89961221,2026-05-31,제주,삼화지구의 김치찌개 맛집 따뜻한 국물의 매력 후기,https://blog.naver.com/sosangai/224301912538
eeca95b3dc4363f8,2026-05-31,강동,강동구 중식당 맛집 '모리향 강동점' 솔직후기,https://blog.naver.com/mooding1/224301911759
278053f3a2ce22de,2026-05-31,강남,스테이크·파스타·와인 페어링까지 완벽했던 디너 코스 맛집,https://blog.naver.com/wanouuuu/224301912069
278053f3a2ce22de,2026-05-31,삼성,스테이크·파스타·와인 페어링까지 완벽했던 디너 코스 맛집,https://blog.naver.com/wanouuuu/224301912069
5f43368cc90de770,2026-05-31,대전,경기광주 문형동 | 명사순대 유아 놀이방까지 있는 순대전골 맛집,https://blog.naver.com/sodacsodac/224301911624
5f43368cc90de770,2026-05-31,광주,경기광주 문형동 | 명사순대 유아 놀이방까지 있는 순대전골 맛집,https://blog.naver.com/sodacsodac/224301911624
8e6efe7216ed7ab2,2026-05-31,수원,수원역 맛집 상무초밥에서 맛과 분위기 모두 잡은 만족스러운...,https://blog.naver.com/boysman77-/224301911983
d4b813f7adaadb62,2026-05-31,김포,[김포 맛집 ] 엄마랑 다녀온 장어형 김포장기동장어 맛집 ...,https://blog.naver.com/amazingdust/224301911461
bde00b5bf68f8e98,2026-05-31,경주,경주 보문단지 맛집 효은옥 경주분점 뼈베레스트 존맛탱,https://blog.naver.com/yozin_/224301911280
23f1d5e58d6ecbd9,2026-05-31,파주,파주 헤이리마을 프로방스 맛집 추천 : 가림 시골밥상,https://blog.naver.com/holly0424/224301910419
7a71c08fd64a797e,2026-05-31,경주,[경주] 경주터미널 근처 분위기 좋은 이자카야 추천 : 102호,https://blog.naver.com/pkh00311/224301910474
3d055f8bc4c649d0,2026-05-31,수원,수원영통 빙수 맛집 추천 더벤티 카페 신메뉴 컵빙수 마빙 3종,https://blog.naver.com/96parkse/224301910295
293c13934300f0a7,2026-05-31,광주,전현무계획3 광주 돼지국밥 식당 송정역 시장 맛집 추천,https://blog.naver.com/moreandmore-0211/224301910234
4e5e703d2f1a0b95,2026-05-31,시청,"부산시청역돈까스 맛집 ""하루엔소쿠""리얼리뷰",https://blog.naver.com/seikopump/224301910035
4e5e703d2f1a0b95,2026-05-31,부산,"부산시청역돈까스 맛집 ""하루엔소쿠""리얼리뷰",https://blog.naver.com/seikopump/224301910035
2e7e50e4c016eeca,2026-05-31,부산,샌드위치 베이글 맛집 추천 메뉴 베이글추천 부산베이글 동래카페,https://blog.naver.com/udongart/224301909069
7d9e2ee53e064a8b,2026-05-31,광주,"근교 화순 맛집 유진정, 부모님 모시고 가기 좋은 오리전골 맛집",https://blog.naver.com/hshee93/224301909135
1e59cdbf810e480b,2026-05-31,송리단길,팔랑이 ＃38 [송파동] 메밀집,https://blog.naver.com/pallang-/224301907916
1e59cdbf810e480b,2026-05-31,송파,팔랑이 ＃38 [송파동] 메밀집,https://blog.naver.com/pallang-/224301907916
76d767d17e10534b,2026-05-31,종로,종로 가성비 맛집 추천 ! 미국식 중식당 '서울익스프레스88...,https://blog.naver.com/mingbusiness/224301908394
73e9593deb1536b3,2026-05-31,시청,논산 해장국 맛집 시골해장국 논산 시청주변 한식 맛집,https://blog.naver.com/soo8497/224301908085
23b214c746119d63,2026-05-31,전주,"전주 신시가지 마라 맛집 , 상하이마라꼬치 배달 후기｜얼얼한...",https://blog.naver.com/ljw95_/224301907027
82158ff85a01b8d9,2026-05-31,김포,구래동 맛집 <뼈로짚 김포구래본점> 살 가득한 뼈구이 맛집 ...,https://blog.naver.com/rerehiling/224301906838
e6bcc9c9aaac0dc7,2026-05-31,교대,"스미로우, 안주가 맛있어서 술이 달콤해지는 교대 이자카야 맛집",https://blog.naver.com/youmsia/224301906773
7b66aadfea22943e,2026-05-31,대전,"대전 중구 | 간편한 한 끼, 감성적인 인테리어의 맛있는 김밥집...",https://blog.naver.com/ttuttut/224301906898
40dc42216a951590,2026-05-31,부산,AI는 기술이 아니라 문명이다,https://blog.naver.com/ljh3810/224301905943
061d82e29c27facf,2026-05-31,광주,광주 풍암동 두툼한 이베리코 목살 맛집 미친고기,https://blog.naver.com/kdllege/224301904483
4014acd3864fdf08,2026-05-31,망원,"망원 맛집 추천 , 한 그릇으로 만족한 로스트비프 산볼 망원본점",https://blog.naver.com/as134218/224301904601
47a69bff32572ad0,2026-05-31,분당,분당 수내동 맛집 '그집' 본점: 여름 웨이팅 지옥도 이겨내는...,https://blog.naver.com/staypositive_haley/224301904627
47a69bff32572ad0,2026-05-31,안양,분당 수내동 맛집 '그집' 본점: 여름 웨이팅 지옥도 이겨내는...,https://blog.naver.com/staypositive_haley/224301904627
0f8c64390fd9064d,2026-05-31,연남동,포머이 연남본점 • 홍대 맛집 | 연남동 맛집 | 연남동 쌀국수,https://blog.naver.com/clodie_j/224301903759
0f8c64390fd9064d,2026-05-31,홍대,포머이 연남본점 • 홍대 맛집 | 연남동 맛집 | 연남동 쌀국수,https://blog.naver.com/clodie_j/224301903759
163ad8d9b22573b6,2026-05-31,일산,"일우담, 일산 고급 한우 맛집 추천 , 그리고 와인",https://blog.naver.com/vinomaddivin/224301903686
cf7f2401159489ba,2026-05-31,분당,"""두향"" 분당 정자동에서 콩국수 맛집 찾는다면? 콩국수정식...",https://blog.naver.com/jinheejong1121/224301903882
cf7f2401159489ba,2026-05-31,정자,"""두향"" 분당 정자동에서 콩국수 맛집 찾는다면? 콩국수정식...",https://blog.naver.com/jinheejong1121/224301903882
b095038468b65d5b,2026-05-31,송파,"[방이/송파] 깔끔하고 쾌적했던 송파 아구찜 맛집 , 1990아구찜...",https://blog.naver.com/jackson9911/224301902637
98deb91b7bd6007e,2026-05-31,연남동,연남동 맛집 데이트하기 좋은 아시안 푸드 핫플...,https://blog.naver.com/likeafairytale/224301902309
98deb91b7bd6007e,2026-05-31,홍대,연남동 맛집 데이트하기 좋은 아시안 푸드 핫플...,https://blog.naver.com/likeafairytale/224301902309
9e0af52a0d580a49,2026-05-31,분당,정자역 맛집 지글 주말 분당정자점 후기/남성역 스타벅스...,https://blog.naver.com/leege0609/224301902120
9e0af52a0d580a49,2026-05-31,정자,정자역 맛집 지글 주말 분당정자점 후기/남성역 스타벅스...,https://blog.naver.com/leege0609/224301902120
cb6375c41995cf5a,2026-05-31,용산,"2025년 커플을 위한 경주데이트코스 7선, 모르면 손해!",https://dwqn.tistory.com/270
cb6375c41995cf5a,2026-05-31,제주,"2025년 커플을 위한 경주데이트코스 7선, 모르면 손해!",https://dwqn.tistory.com/270
cb6375c41995cf5a,2026-05-31,경주,"2025년 커플을 위한 경주데이트코스 7선, 모르면 손해!",https://dwqn.tistory.com/270
356418fd895d3696,2026-05-31,강남,강남역젤라또 팔레트젤라또 신논현역 아이랑 수제젤라또 추천,https://blog.naver.com/yyyygy/224301900281
e1a70b780016743e,2026-05-31,수원,수원ak플라자 삼미제빵소 팝업스토어 다녀왔죠!,https://blog.naver.com/shuelian_/224301898888
38284cbc8c5bb7bb,2026-05-31,속초,외식일지 [한식] 신다신/ 속초/(feat.아바이마을내 맛집 ),https://blog.naver.com/minion_729/224301898701
63116b18f9a2b5fc,2026-05-31,제주,애월 맛집추천 바다뷰가 보이는 청초수물회,https://blog.naver.com/dpsk0327/224301899050
446f0eb282ea3eee,2026-05-31,김포,김포 장기동 양꼬치 맛집 추천 잡내 없는 신선한 양꼬치가...,https://blog.naver.com/kmjj0402/224301898719
2acf510321faf697,2026-05-31,인천,구월동 모래내시장 소머리국밥 맛집 이침 점심 저녁으로 추천 추천,https://blog.naver.com/hyezi09/224301898606
7147847dcdd34b73,2026-05-31,대구,"대구성서: 이곡동 맛집 ,성서술집 ""황금족발""",https://blog.naver.com/tpgml5252/224301897646
b3d66d7623cba29f,2026-05-31,송파,도보 1분 다온추어탕 솔직후기 송파맛집 통추어탕 맛집 추천,https://blog.naver.com/didwldnjs604/224301897871
e92623743dd645e8,2026-05-31,광주,전현무계획 광주 상무지구 육전 가게 식당 위치 어디 맛집 추천,https://blog.naver.com/moreandmore-0211/224301897119
33941430e688c623,2026-05-31,전주,전주 만성동 소바 맛집 삼동소바,https://blog.naver.com/cherry_244/224301897118
fa973a8143185640,2026-05-31,인천,청라 쭈꾸미 점심 맛집 추천 울보리쭈꾸미&보리칼국수,https://blog.naver.com/nana_lifestyle/224301897179
904bd228d2b29fd0,2026-05-31,을지로,[을지로 맛집 ] 산청숯불가든 을지로,https://blog.naver.com/yh02179/224301897252
041e93403282a08f,2026-05-31,대구,팔공산 맛집 순두부•쭈꾸미볶음 맛집 <몽글몽글 구름순두부>,https://blog.naver.com/mukmungm/224301895530
774696c00f0a40f0,2026-05-31,파주,[내돈내산/파주] 심학산 약천사 방문 후 맛집 추천 ‘청산어죽’,https://blog.naver.com/dancewithreview/224301895411
4aabf13a0a8c8395,2026-05-31,인천,인천 중산동 갈비 맛집 니나노본갈비 솔직 방문 후기,https://blog.naver.com/puregold-24/224301894879
6e63e47152af34dc,2026-05-31,전주,고창 장어 맛집 금단양만 논밭뷰까지 좋았던 몸보신 후기,https://blog.naver.com/missp4/224301894283
f27a316ab84ae578,2026-05-31,대전,대전 둔산동 핫플 술집 숯불 맛집 불장난 후기,https://blog.naver.com/natae0605/224301894248
28370474adc8b54e,2026-05-31,전주,전주 타코맛집 타코시티 혁신도시 맛집추천,https://blog.naver.com/dokk0125/224301893004
48eda06f8b6bb84b,2026-05-31,강릉,강릉 맛집 스끼다시 잘나오는 강릉 대게 맛집 추천 ‘솔향대게...,https://blog.naver.com/gayoung2yaho/224301892105
984fe735ed1000cd,2026-05-31,대구,"대구 서구 평리동 횟집 깜스 방문 후기, 시원한 물회 한 그릇",https://blog.naver.com/jia525_/224301891472
6dfb1d501ccc3eee,2026-05-31,제주,낭만보말칼국수,https://blog.naver.com/goodgotjd/224299437480
c958c3969605272f,2026-05-31,하남,안양일번가 맛집 [하남돼지집] 10년 넘게 자리를 지킨 고기...,https://blog.naver.com/staypositive_haley/224301890869
c958c3969605272f,2026-05-31,안양,안양일번가 맛집 [하남돼지집] 10년 넘게 자리를 지킨 고기...,https://blog.naver.com/staypositive_haley/224301890869
7af06ade50d8fad1,2026-05-31,속초,닭강정만 생각하고 갔다가 인생 물회 먹고 왔습니다｜속초...,https://blog.naver.com/3cute79/224301890083
fada7b3d9b0ec4cb,2026-05-31,부산,부산대 파스타 스테이크 맛집 가성비 좋은 잇쇼우안,https://blog.naver.com/ysm2747/224301890116
c3bed5535aca5c5a,2026-05-31,강동,[부천] 제일명성왕족발 / 고강제일시장 족발 포장 맛집 추천 ...,https://blog.naver.com/yonis_dei/224301890397
c3bed5535aca5c5a,2026-05-31,부천,[부천] 제일명성왕족발 / 고강제일시장 족발 포장 맛집 추천 ...,https://blog.naver.com/yonis_dei/224301890397
24e45c4d96b3f9fe,2026-05-31,고양,원흥 2단지 태향원 양꼬치 마라탕 찐후기｜양꼬치부터...,https://blog.naver.com/minsong020304/224301889402
3363a84fa5fd9678,2026-05-31,경주,[경주] 경주 황리단길 석쇠불고기 한식 맛집 : 백년손님,https://blog.naver.com/pkh00311/224301889950
a5f0eff48ba8558b,2026-05-31,부산,[부산 여행] 여자 혼자 부산 여행 코스 추천 ! 로컬 맛집 지도...,https://blog.naver.com/seungsroum/224301889289
eaa7a4bc3973ce74,2026-05-31,부산,[요기짬뽕]기장 중국집 솔직후기,https://blog.naver.com/sydo44/224301888760
c99fbe0ea098705b,2026-05-31,광주,광주 문흥동 맛집 수초밥 다녀왔어요!,https://blog.naver.com/goung81/224301888806
18d1e8a8134f1d27,2026-05-31,대구,[동대구] 당일치기 친구랑 동대구 여행 코스,https://blog.naver.com/solah21/224301886865
38eaa83842aefc1c,2026-05-31,일산,"일산 덕이동 맛집 태산 중화요리에서 맛본 딤성, 짜장과 바삭한...",https://blog.naver.com/santa_travel/224301885803
3f608f6d12c5c446,2026-05-31,광주,"광주 서구ㅣ풍암동 삼겹살, 한우 불고기피자+삼겹살 광주 맛집 ...",https://blog.naver.com/reviviver/224301885877
674e06cc78386b6d,2026-05-31,용산,"삼각지 시옥, 싱가포르 감성 가득한 아시아음식 맛집 추천",https://blog.naver.com/jhu8612/224301885297
1e2c1c6f0274b4e9,2026-05-31,대구,대구 칠곡 3지구 맛집 동천동 막창 전문점 연막창 칠곡3지구점...,https://blog.naver.com/vosxlajrrh/224301884844
82f978bdd0644c05,2026-05-31,시청,[부천 냉삼 맛집 ] 상동냉삼 부천시청 맛집 가성비 커플세트...,https://blog.naver.com/ong_zip/224301883997
82f978bdd0644c05,2026-05-31,부천,[부천 냉삼 맛집 ] 상동냉삼 부천시청 맛집 가성비 커플세트...,https://blog.naver.com/ong_zip/224301883997
5af4baf70f316035,2026-05-31,일산,일산 풍동/식사동 맛집 코지하우스 가성비 맛집추천,https://blog.naver.com/mickeylove48/224301883328
de6af329d832f4fb,2026-05-31,제주,[제주] 천하제일오라방 솔직후기(내돈내산),https://blog.naver.com/thgnltkfkd1/224301883246
3166cfac0c72e6d8,2026-05-31,신사,신사역 맛집 추천 미나리 듬뿍 가성비 냉삼집 신사교자냉삼,https://blog.naver.com/mmmiinj_/224301882891
b00e8635af0551de,2026-05-31,강릉,강릉 호텔 스카이베이호텔 숙소 부대시설 숙소 추천 내돈내산 후기,https://blog.naver.com/kkk6891/224301882488
40e30e0e2bcc3eef,2026-05-31,용산,"데이릿, 용산 내돈내산 파스타 브런치 분위기 맛집 추천",https://blog.naver.com/easyaro96/224301882656
745060e9125bca3e,2026-05-31,제주,제주동문시장 맛집 고기국수가 맛있는 동진고기국수 동문시장...,https://blog.naver.com/hxunkxng/224301882106
f6c48c77b3d4fe18,2026-05-31,부산,부산기장 맛집추천 철마한우맛집 가본정에서 즐긴 새우알등심과...,https://blog.naver.com/rkrtm84/224301882080
f895eb8d35551ed4,2026-05-31,대전,둔산동 초밥 맛집 찾다가 제대로 얻어걸림… 오도로까지 만족한...,https://blog.naver.com/mnggsweetip/224301880968
1c01cafd12711e48,2026-05-31,인천,[간석동 맛집 ] 제과제빵 명인의 집! 빵순이 눈돌아가는 '퐁듀...,https://blog.naver.com/annafit1/224301881350
1c01cafd12711e48,2026-05-31,구리,[간석동 맛집 ] 제과제빵 명인의 집! 빵순이 눈돌아가는 '퐁듀...,https://blog.naver.com/annafit1/224301881350
339aaab3a9a146ee,2026-05-31,수원,[수원/행궁] 행궁동 오픈런 필수 야장 냉삼 맛집 추천 :: 빨간지붕,https://blog.naver.com/loni_i/224301881447
c595bbd225d9f454,2026-05-31,대전,"대전 기념일 맛집 추천 , 죽동 일식당 ""카라마데"" 디너 오마카세...",https://blog.naver.com/sba0507/224301880393
0104ba5c8a6c5ed2,2026-05-31,구리,감자탕 맛집 추천 구리 수택동 단체 모임 식당 구리 부대찌개 맛집,https://blog.naver.com/ssun2415/224301880694
33a31a03dfbf74b4,2026-05-31,용산,신용산 맛집 콘타이 아모레퍼시픽점 태국 현지 감성 가득한...,https://blog.naver.com/travelovenjoy/224301880553
fa39b74a2a61815a,2026-05-31,제주,홍회장 보말칼국수 | 제주 신화월드 근처 맛집 솔직후기!,https://blog.naver.com/hwanivv/224301880592
bf414e674bb26d67,2026-05-31,인천,인천 서구 맛집 술집 빨간맛포차｜홍가백전골 중자 조개 양...,https://blog.naver.com/pancake0/224301879919
b88c4780376b5a76,2026-05-31,용산,용산 맛집 으로 좋은 육화연 남영본점 솔직 후기,https://blog.naver.com/solsolrarar/224301879357
c69035bad6b90def,2026-05-31,동대문,[서울/동대문구 장안동] 입맛 싹 도는 장안동 닭도리탕 맛집 ...,https://blog.naver.com/forever-green/224301879163
c708da2262951166,2026-05-31,부산,당감동 맛집 ] 오로지 족발 메인 하나 있는 줄서는 족발 맛집 ...,https://blog.naver.com/br_jjeong/224301878420
f20479819847a98b,2026-05-31,강남,[압구정피자] 압구정역 데이트 맛집 노모어피자에서 즐긴 피맥...,https://blog.naver.com/eunrolove/224301878649
f20479819847a98b,2026-05-31,압구정,[압구정피자] 압구정역 데이트 맛집 노모어피자에서 즐긴 피맥...,https://blog.naver.com/eunrolove/224301878649
8f9a96769848fda4,2026-05-31,잠실,잠실새내역 점심 추천 !!,https://blog.naver.com/chltngus8/224301878574
8f9a96769848fda4,2026-05-31,송파,잠실새내역 점심 추천 !!,https://blog.naver.com/chltngus8/224301878574
2fdfabe7f10c71ee,2026-05-31,제주,제주 빵지순레 프랑스 디저트 맛집 콜롱주,https://blog.naver.com/mungko112/224301877701
18615c5634e03b20,2026-05-31,일산,울산 동구 일산지 맛집 데이트 하기 좋은 분위기 술집 은신처,https://blog.naver.com/melon_lifeun/224301878083
7385136bf718839b,2026-05-31,용산,경주 불국사 당일치기 여행 코스 추천 경북 6월 가볼만한 곳...,https://blog.naver.com/itoy51/224301876980
7385136bf718839b,2026-05-31,경주,경주 불국사 당일치기 여행 코스 추천 경북 6월 가볼만한 곳...,https://blog.naver.com/itoy51/224301876980
aeb1ccf247a1069f,2026-05-31,광교,"수원 이의동 맛집 추천 수원조개구이 조개창고, 신선한 조개와...",https://blog.naver.com/ye_rim_-/224301876910
aeb1ccf247a1069f,2026-05-31,수원,"수원 이의동 맛집 추천 수원조개구이 조개창고, 신선한 조개와...",https://blog.naver.com/ye_rim_-/224301876910
9c75cf5ac975d04c,2026-05-31,제주,창원 상남동 고기 맛집 상남동 대패 맛집 삼겹살 맛집 창원 본가...,https://blog.naver.com/wwr1004/224301876962
9b9d9ad8ce122366,2026-05-31,용산,[용산찐 맛집 !!] 최가네... 25년 전통 숯불 향 가득한 용산찐 맛집,https://blog.naver.com/gaeulakio/224299800167
add69c7b525c2969,2026-05-31,인천,송도 맛집 추천 삼교리동치미막국수 인천송도점 들기름막국수...,https://blog.naver.com/blossom_camper/224301876474
add69c7b525c2969,2026-05-31,송도,송도 맛집 추천 삼교리동치미막국수 인천송도점 들기름막국수...,https://blog.naver.com/blossom_camper/224301876474
4ec6a148695513d9,2026-05-31,전주,전주 서신동 맛집 추천 남돈가 초벌 삼겹살 솔직후기...,https://blog.naver.com/banker_hs83/224301876661
4dcd6de65546ba09,2026-05-31,대전,[대전] 대흥동 과일 한 가득 크레이프롤 맛집 ‘올드하우스’,https://blog.naver.com/doridori_min2/224301876461
5afac18a8ebecd1a,2026-05-31,대구,칠곡 맛집 ] 북삼읍 ‘한가네코다리찜’ 양념이 예술인 찐 맛집 ...,https://blog.naver.com/coma112233/224301876421
558067dcb680e032,2026-05-31,안양,서울 근교 계곡 추천 • 백숙 맛집 • 보은장식당 주차...,https://blog.naver.com/yeday_/224301875851
f950f4a691b0ba7b,2026-05-31,연남동,[서울 마포] 홍대입구역 연남동 곱창 맛집 '연남곱창타운...,https://blog.naver.com/gray-log/224301875241
f950f4a691b0ba7b,2026-05-31,홍대,[서울 마포] 홍대입구역 연남동 곱창 맛집 '연남곱창타운...,https://blog.naver.com/gray-log/224301875241
f950f4a691b0ba7b,2026-05-31,마포,[서울 마포] 홍대입구역 연남동 곱창 맛집 '연남곱창타운...,https://blog.naver.com/gray-log/224301875241
b789a1d046a353d8,2026-05-31,부산,부산 수영역 맛집 | 미친막창... 막창 맛집 푸짐한 한 상 단골...,https://blog.naver.com/hye0_0young/224301874642
fd97d0a7149e838c,2026-05-31,광주,경안동 맛집 장작꾼 후기 경안동에서 저녁 먹을 곳을 찾다가...,https://blog.naver.com/zzzzlucylu/224301874592
6e0edfbef3e2c745,2026-05-31,분당,[분당서현 맛집 ]분당 로컬 부리또 맛집 '커뮨타코 서현본점...,https://blog.naver.com/kjju0307/224301874745
16e42cba33c0e7e1,2026-05-31,제주,유돈 제원노형점 | 제주 야키토리 이자카야 맛집 추천 솔직후기,https://blog.naver.com/yeoneo_1/224301874564
57a27875d6b829f3,2026-05-31,명동,제천 한정식 맛집 청풍명월이천쌀밥집 가마솥정식 먹고 반한 후기,https://blog.naver.com/vijsjwb642/224301873803
1a42f2596926c7b6,2026-05-31,마곡,마곡 한식 맛집 추천 삼찬옥 맛있었던 부대찌개 후기,https://blog.naver.com/nomad_seohyeon/224301872956
a353e5ea91bc0194,2026-05-31,부산,야키토리 백탄 광안리점 | 예약필수 야키토리 맛집 (내돈내산...,https://blog.naver.com/summersunshine72/224301872469
cba60d6b75eae36e,2026-05-31,남양주,[남양주 맛집 ] 화도촌쭈대감 1만5천원의 가성비 넘치는 쭈꾸미...,https://blog.naver.com/luna241206/224301872548
6deebd7e9b9b9657,2026-05-31,마포,명지대 칠순케이크 떡케잌 숫자케이크 맛집 추천 드려요,https://blog.naver.com/miyo_cake/224301872392
57f54127bf0f5798,2026-05-31,을지로,[을지로맛집] 모임 회식 점심 맛집 추천 ㅣ순메밀100%를 이용한...,https://blog.naver.com/zzza_9/224301871352
bf43b131b1882fa8,2026-05-31,수원,수원 스타필드 인근 석암생소금구이 맛집 탐방,https://blog.naver.com/wyfri530/224295253594
39f67ece73b8cf1b,2026-05-31,부산,부산대맛집 이색 양식 맛집 추천 부들파이터 부산대점,https://blog.naver.com/tpghk980811/224301870428
e80a5ab4329deaea,2026-05-31,포항,2 ] 숨은 힐링 명소와 로컬 맛집 정보 대방출 (포항시~동해시),https://blog.naver.com/changh5n/224301810367
7b9dd77e3dd0fe50,2026-05-31,부산,행복도 연습이 필요했던거야,https://blog.naver.com/05eunji8789/224301869569
a3bae2b255663287,2026-05-31,부산,"대연동 고깃집 푸주인, 분위기 좋은 데이트·회식 맛집 (다...",https://blog.naver.com/sydney324515/224301869551
09b26835f829442b,2026-05-31,포항,"해피랑길 발끝으로 품은 울진 후포항 맛집 , 입안으로 가득 찬...",https://blog.naver.com/hyechon49/224301869300
9fa60ee99c1cae5b,2026-05-31,제주,올레시장 맛집 바다어멍 서귀포올레시장본점 제주 통갈치...,https://blog.naver.com/ellyluv00/224301868363
9a7ba2de34725001,2026-05-31,대전,대전 문화동커피 맛집 스페셜티 카페 베타니아,https://blog.naver.com/mallanglab/224301868009
a12de7a341b8a4b8,2026-05-31,종로,부암동맛집 란저우우육면 중식당 맛집 추천 후기,https://blog.naver.com/lucia-0707/224301866971
6e157f79831f7e35,2026-05-31,대구,"아나고곰장어 맛집 , 청정숯불아나고곰장어신매점",https://blog.naver.com/buoasis/224301866973
1c973e7a448b4e48,2026-05-31,인천,바다 뷰 보며 즐기는 을왕리 맛집 제철 직화 꽃게구이와...,https://blog.naver.com/k00mmmmm/224301867464
661df8f65f8d245a,2026-05-31,인천,"황제삼계탕 구월동 삼계탕 맛집 추천 , 몸보신이 필요할 때...",https://blog.naver.com/thankyoujoa/224301866741
3228bbb555b4615e,2026-05-31,대구,태백시 황지연못,https://blog.naver.com/gimgjunsoo48/224301866499
ec8a7906a8cd1063,2026-05-31,광주,기본 밑반찬이 푸짐한 삼겹살 맛집 수완지구 득량집 방문 후기,https://blog.naver.com/qldkek646/224301865667
576683a6df5e53a1,2026-05-31,을지로,"을지로입구역고기집 리정원, 꽃삼겹살과 게장의 완벽한 조합",https://blog.naver.com/qawsedrf1007/224301865099
576683a6df5e53a1,2026-05-31,명동,"을지로입구역고기집 리정원, 꽃삼겹살과 게장의 완벽한 조합",https://blog.naver.com/qawsedrf1007/224301865099
505748de97f552a2,2026-05-31,대전,대전 옛정식당.,https://blog.naver.com/kimsadi-/224301865094
e153375dfceeb0a5,2026-05-31,광명,"제주공항 근처 김밥 맛집 추천 , 제주 3대 김밥 다가미",https://blog.naver.com/meang_ddori/224301864416
e153375dfceeb0a5,2026-05-31,제주,"제주공항 근처 김밥 맛집 추천 , 제주 3대 김밥 다가미",https://blog.naver.com/meang_ddori/224301864416
20de59a386c8b68b,2026-05-31,홍대,"홍대 곱창 맛집 뿔난황소곱창 홍대점, 곱창부터 볶음밥까지...",https://blog.naver.com/fbehddns/224301864261
20de59a386c8b68b,2026-05-31,마포,"홍대 곱창 맛집 뿔난황소곱창 홍대점, 곱창부터 볶음밥까지...",https://blog.naver.com/fbehddns/224301864261
27e7e1c097e08740,2026-05-31,성수,5월 [ 도죠 성수 / 카페 413프로젝트 성수 / 실비집 수유...,https://blog.naver.com/i_m313kkk/224297130310
9ce5011cfdcc9014,2026-05-31,하남,가족끼리 가서 먹기 좋은 곳 스타필드 위례 맛집 비와별닭갈비...,https://blog.naver.com/oreo3638/224301864116
431b040158776f15,2026-05-31,춘천,"단체 모임 하기 좋은 춘천 닭갈비 맛집 추천 , 춘천명종닭갈비",https://blog.naver.com/newsad1/224301863630
eb3a1f9338fe0f93,2026-05-31,신사,[신사] 아메리칸 피자가 땡긴다면 매덕스피자,https://blog.naver.com/chochoiee/224301863956
eb3a1f9338fe0f93,2026-05-31,가로수길,[신사] 아메리칸 피자가 땡긴다면 매덕스피자,https://blog.naver.com/chochoiee/224301863956
eb3a1f9338fe0f93,2026-05-31,이태원,[신사] 아메리칸 피자가 땡긴다면 매덕스피자,https://blog.naver.com/chochoiee/224301863956
159a72f3e10bb580,2026-05-31,용산,신용산역 점심 횟집 이자카야 맛집 추천 “더쿠라”,https://blog.naver.com/leemorning1004/224301862867
287bc9aa3e6a38cc,2026-05-31,을지로,훠궈먹고 명동점 명동 훠궈 을지로 훠궈 무한리필 명동 맛집 추천,https://blog.naver.com/matdory_yam/224301861641
287bc9aa3e6a38cc,2026-05-31,명동,훠궈먹고 명동점 명동 훠궈 을지로 훠궈 무한리필 명동 맛집 추천,https://blog.naver.com/matdory_yam/224301861641
d905a8fb1133ab6f,2026-05-31,이태원,케르반 레스토랑 이태원점 이태원역 3번출구 케밥 맛집 추천,https://blog.naver.com/ddmjys9/224301861317
d905a8fb1133ab6f,2026-05-31,용산,케르반 레스토랑 이태원점 이태원역 3번출구 케밥 맛집 추천,https://blog.naver.com/ddmjys9/224301861317
e9d076ef584cc304,2026-05-31,광주,비리지 않고 쫀득한 간장게장의 비밀,https://blog.naver.com/crabbb0504/224301861349
e5d191cc9ded16d8,2026-05-31,여의도,[여의도]여의도 떡볶이 맛집 ｜현선이네 프리미엄 IFC몰점...,https://blog.naver.com/skfekfka1749/224301860669
2a5a61fd8132b015,2026-05-31,송파,자꾸 생각나는 송파 맛집 1990 아구찜 방이본점,https://blog.naver.com/hellohj777/224301860613
2a5a61fd8132b015,2026-05-31,석촌,자꾸 생각나는 송파 맛집 1990 아구찜 방이본점,https://blog.naver.com/hellohj777/224301860613
2a5a61fd8132b015,2026-05-31,석촌호수,자꾸 생각나는 송파 맛집 1990 아구찜 방이본점,https://blog.naver.com/hellohj777/224301860613
e2aedede744cd169,2026-05-31,수원,"동천동 맛집 선희네집밥, 깔끔한 제육덮밥에 야들야들 수육까지",https://blog.naver.com/reviewhanjan/224301860027
0499d1ed07ab5d91,2026-05-31,홍대,홍대 닭갈비 무한리필 ‘계주상회’ 가성비 맛집 추천,https://blog.naver.com/chun44-/224301859583
8fc98176e9f36efa,2026-05-31,부산,부산 광안리 맛집 ! 해장성지 아침식사 가능한 로컬 밥집...,https://blog.naver.com/busanminae/224301859222
ac358605fa0b44ae,2026-05-31,잠실,장어덮밥 맛집 / 잠실 내돈내산 맛집 추천 / 잠실 조용한 카페 추천,https://blog.naver.com/z_zoong/224301858838
04afbdb285cd840c,2026-05-31,대전,대전노포 맛집 법동 계족산 핫플 두부샌드위치 전골 맛집 ...,https://blog.naver.com/eksql_-/224301858776
fda40c963dbfe198,2026-05-31,제주,제주 가볼만한곳 한담해안산책로 힐링 산책 코스 맛집 카페...,https://blog.naver.com/ssanta7/224301857731
034d9d14774c6eb2,2026-05-31,여수,여수 이순신광장 주변 필수 먹거리와 맛집 추천 가이드,https://blog.naver.com/fhjrope/224301857833
35ca6f723d73b38b,2026-05-31,여의도,여의도점심 공덕역 맛집 모연 마포본점 마포역 룸식당 추천 ...,https://blog.naver.com/juriring_/224301857575
35ca6f723d73b38b,2026-05-31,마포,여의도점심 공덕역 맛집 모연 마포본점 마포역 룸식당 추천 ...,https://blog.naver.com/juriring_/224301857575
35ca6f723d73b38b,2026-05-31,공덕,여의도점심 공덕역 맛집 모연 마포본점 마포역 룸식당 추천 ...,https://blog.naver.com/juriring_/224301857575
396b559f67e7e4a3,2026-05-31,전주,[전주 여행] 전주한옥마을 둘러보고 주차 편한 객사...,https://blog.naver.com/soohye__/224301857368
c128b726d94ca9be,2026-05-31,왕십리,[왕십리 포장맛집] 큰손닭강정... 있는 왕십리 닭강정 맛집 추천,https://blog.naver.com/happy-ja/224301856603
a34f68f11d48a076,2026-05-31,왕십리,[송탄] 왕십리곱창볶음 곱창구이 맛집 솔직후기,https://blog.naver.com/rlawl5534/224301857004
43e60cf87ccf822c,2026-05-31,용산,용산 맛집 용산 라멘 맛집 서울 라멘 맛집 모코시야,https://blog.naver.com/korealeejhk/224301856661
1e3b6327521340e9,2026-05-31,대구,태백산 불정암에서 1박 2일,https://blog.naver.com/gimgjunsoo48/224301855132
58ab6a307718a9ce,2026-05-31,인천,부평구청 맛집 추천 ! 굴포천역 바로 앞 야다보쌈족발에서 즐긴...,https://blog.naver.com/7117percent/224301855508
70cd850e191052a8,2026-05-31,부산,부산 데이트 맛집 추천 스콜 서면역 펍 맛집,https://blog.naver.com/oreo0106/224301855700
96df6463546aa097,2026-05-31,서초,교대역 맛집 ‘서병장교대점’ 저녁메뉴 추천 부대찌개 맛집,https://blog.naver.com/august_2nd_/224301854618
96df6463546aa097,2026-05-31,교대,교대역 맛집 ‘서병장교대점’ 저녁메뉴 추천 부대찌개 맛집,https://blog.naver.com/august_2nd_/224301854618
4b53c9053cf13a80,2026-05-31,부천,목향 상동본점 ㅣ아빠와 퇴근후 저녁ㅣ 상동역고기집,https://blog.naver.com/liebe3140/224301855019
3f6ef0f169f872ce,2026-05-31,이태원,"[해방촌 맛집 ] 세몰리나 클럽 | 주말 오픈런 웨이팅, 해산물...",https://blog.naver.com/thefarsideof/224301853948
3f6ef0f169f872ce,2026-05-31,해방촌,"[해방촌 맛집 ] 세몰리나 클럽 | 주말 오픈런 웨이팅, 해산물...",https://blog.naver.com/thefarsideof/224301853948
7785ef144a132d5c,2026-05-31,대구,양념 한 입에 밥 한 공기… 반야월 일송정 흑태찜 대구히야출동!!,https://blog.naver.com/every00700/224301854388
3471620802ebff4a,2026-05-31,교대,교대 맛집 추천 ! 된장전골이 맛있는 옥된장 교대점 후기,https://blog.naver.com/doyou56/224301854524
80ef44cef3c153f8,2026-05-31,동대문,"동대문 시티뷰 가성비 호텔뷔페 맛집 스카이파크 ""가든세레노""",https://blog.naver.com/qloolpvv/224301854333
33c1cc9831b4df04,2026-05-31,여수,"여수 2박 3일 여행 여수아르떼뮤지엄,여수해상케이블카",https://blog.naver.com/thsdmsgml6232/224301854385
a2e0a02f1761c15d,2026-05-31,을지로,맛집 타코푸에고 수제소스가 매력적인 명동타코 맛집 추천,https://blog.naver.com/dinsum71/224301853990
a2e0a02f1761c15d,2026-05-31,명동,맛집 타코푸에고 수제소스가 매력적인 명동타코 맛집 추천,https://blog.naver.com/dinsum71/224301853990
f535a953eff202e3,2026-05-31,부산,전포 술집 웨이팅해서 먹는 안주 맛있는 곳 웨이다오,https://blog.naver.com/jsy6013/224301853218
03ae4e110f06800f,2026-05-31,성수,더할나위 없이 행복들로 가득해,https://blog.naver.com/hxlni/224301853489
fce95539eedd119c,2026-05-31,연남동,홍대 연남동 맛집 연남족발1987 연남점 데이트 맛집 추천,https://blog.naver.com/syyy012/224301853338
fce95539eedd119c,2026-05-31,홍대,홍대 연남동 맛집 연남족발1987 연남점 데이트 맛집 추천,https://blog.naver.com/syyy012/224301853338
fce95539eedd119c,2026-05-31,마포,홍대 연남동 맛집 연남족발1987 연남점 데이트 맛집 추천,https://blog.naver.com/syyy012/224301853338
ee674ee423a0873b,2026-05-31,부산,[부산진구] 국밥 맛집 추천 ! 웨이팅까지 있는 동합국밥 연지초읍점,https://blog.naver.com/skrdnjsxkd/224301853366
0adf5382c76d94a1,2026-05-31,제주,함지박 사거리 맛집 | 내고향 제주 내돈내산 솔직후기(해물전골...,https://blog.naver.com/daily_chae1/224301852516
7bf12770acfbfc7a,2026-05-31,수원,영통역 맛집 영통역 초밥 스시이안앤 내돈내산 후기,https://blog.naver.com/gaga0202/224301852043
9206a6b162a954a6,2026-05-31,남양주,화덕 생선구이 맛집 박가네 고등어 별내본점,https://blog.naver.com/yunnyisfree/224301852340
1d3f4af95c8bca37,2026-05-31,마곡,마곡 취미미술 마곡역 그림일기스튜디오 유화그리기 1·2회차...,https://blog.naver.com/eviltwin/224301851718
7c3b5c722c066083,2026-05-31,안양,천안 불당동 데이트코스 스테이크 세트 양식집 솔직후기...,https://blog.naver.com/9_yunseul/224301851664
b95ee44ecbe289bb,2026-05-31,강릉,[강릉 맛집 ] 강릉이정태수제갈... 터지는 현지인 추천 강릉 고기집,https://blog.naver.com/wntjddml1/224300312135
7fd1b0db9b31fe67,2026-05-31,부산,부산 차박 명소 문동방파제와 동백방파제 탐방기,https://blog.naver.com/naaon0961/224295233342
57916e23b4e44a87,2026-05-31,제주,제주살이_4월,https://blog.naver.com/hwangmj516/224301850041
9d04ee87efb1347b,2026-05-31,수원,국물 한입에 속까지 든든했던 영통 맛집,https://blog.naver.com/xoornjseh/224301849909
0aa603257a802ad8,2026-05-31,성수,성수 맛집 미쁘동 성수 방문 후기｜비주얼 끝판왕 토마토연어국수,https://blog.naver.com/hj1021_song/224301850467
0aa603257a802ad8,2026-05-31,서울숲,성수 맛집 미쁘동 성수 방문 후기｜비주얼 끝판왕 토마토연어국수,https://blog.naver.com/hj1021_song/224301850467
991b8aaa6ede4272,2026-05-31,부산,[대구 서문시장 맛집 ] 빨간어묵 원조 맛집 ‘부산어묵장돌이’...,https://blog.naver.com/coma112233/224301849712
991b8aaa6ede4272,2026-05-31,대구,[대구 서문시장 맛집 ] 빨간어묵 원조 맛집 ‘부산어묵장돌이’...,https://blog.naver.com/coma112233/224301849712
8ec45228a8b43385,2026-05-31,제주,제주 소길국수 I 제주공항 3분거리 고기국수 맛집 추천 소길국수,https://blog.naver.com/togetherfine/224301848925
8244d82a0d0b6fd1,2026-05-31,마곡,발산 마곡 맛집 초밥 카이센동 사케동 추천 일품 마곡점,https://blog.naver.com/hyeyuns2/224301848810
75ab35a89b581208,2026-05-31,분당,[분당/정자] 분당 정자동 파스타 맛집 쏘렐라파스타 본점,https://blog.naver.com/xihyxnss/224301848576
75ab35a89b581208,2026-05-31,정자,[분당/정자] 분당 정자동 파스타 맛집 쏘렐라파스타 본점,https://blog.naver.com/xihyxnss/224301848576
efdb72197a358db8,2026-05-31,가평,가평설악점에서 정성 가득한 한식으로 설악면 맛집추천 합니다,https://blog.naver.com/k77mmmm/224301847375
861acb9eb67ad8e7,2026-05-31,대구,☀️현지인이 추천하는... 맛집 추천 ☀️#대구맛집 #대구여행...,https://blog.naver.com/taeyangsnsgroup24/224301847427
fde0b54000404676,2026-05-31,광교,"광교파스타맛집_‘로마로’ 광교 데이트, 기념일 맛집 추천",https://blog.naver.com/xodnjssla1/224301847447
a042743cd720d573,2026-05-31,강남,‘커피볶는곰’ | 롯데백화점강남 근처 원두 맛집 추천,https://blog.naver.com/dailyarchivelab/224301846672
a042743cd720d573,2026-05-31,선릉,‘커피볶는곰’ | 롯데백화점강남 근처 원두 맛집 추천,https://blog.naver.com/dailyarchivelab/224301846672
c766bd19c1b12c9b,2026-05-31,광주,"맛집 , 시원한막국수 불고기전골 서비스 장지리막국수 추천 ,",https://blog.naver.com/ha192077/224301846074
102189ca2a5e786e,2026-05-31,부천,부천디저트 선물 엘린케이크스튜디오ㅣ답례품 추천,https://blog.naver.com/kjamongee/224301845972
a0887270208d74b3,2026-05-31,제주,제주애월 맛집 최고는 안돈오마카세!,https://blog.naver.com/miyabidragon/224301845416
cf6905bbc8521bc7,2026-05-31,종로,동대문 삼계탕 종로 닭한마리 맛집 추천 : 한민국 닭한마리,https://blog.naver.com/ksy010915/224301844960
cf6905bbc8521bc7,2026-05-31,동대문,동대문 삼계탕 종로 닭한마리 맛집 추천 : 한민국 닭한마리,https://blog.naver.com/ksy010915/224301844960
cf2ce7d28ea1424b,2026-05-31,전주,전주국제영화제를 곁들인 전주 1박2일 여행코스 맛집 추천,https://blog.naver.com/oriooi/224301845324
4b819019b4f35835,2026-05-31,속초,"속초 엑스포 맛집 , 효레의식당 속초점에서 필리핀 음식의 진수를!",https://blog.naver.com/jjtocsd1jr/224301844851
d1df6593f6c4d044,2026-05-31,하남,브런치가 짱짱 맛있는 하남 스타필드 반려동물 동반 맛집 ...,https://blog.naver.com/tkfkddl2300/224301844988
13fdb112a709345c,2026-05-31,사당,사당본점 | 육반연반 | 육회와 연어가 맛있는 사당 맛집 추천,https://blog.naver.com/sleowhee/224301843934
d51a6b4710e70e2f,2026-05-31,하남,"하남고기집 제주덕구 오겹살, 꽃갈비살, 양념껍데기 맛집 추천",https://blog.naver.com/alfkf777/224301843004
d51a6b4710e70e2f,2026-05-31,제주,"하남고기집 제주덕구 오겹살, 꽃갈비살, 양념껍데기 맛집 추천",https://blog.naver.com/alfkf777/224301843004
c8558f630f587ff9,2026-05-31,대구,청도 맛집 추천 입안에서 춤추는 등심과 육회비빔밥 우리명품한우,https://blog.naver.com/coco2400/224301843372
ec7495339aab1164,2026-05-31,부산,손정보쌈 부산서면점 서면역 맛집 든든한 한식 맛집 후기,https://blog.naver.com/majestic7107/224301842382
6e137fec04b696d8,2026-05-31,부산,손정보쌈 부산서면점 부산서면 가브리보쌈 맛집 방문후기,https://blog.naver.com/jihyen0124/224301842043
49d2f62d74a69a35,2026-05-31,대전,대전현지인 맛집 찾는다면? 풍미당 얼큰민물새우칼국수,https://blog.naver.com/hminkyoung/224301840383
a94e544ed1084e4a,2026-05-31,코엑스,5月,https://blog.naver.com/rladlsdk_/224301840489
c46e75fe7b7dbd46,2026-05-31,송파,송파구 가락동 젤네일 맛집 추천 <시즌온뷰티> 솔직후기,https://blog.naver.com/lsoozn/224301840477
f1c6c3252171d6af,2026-05-31,강동,"굽은다리 맛집 , 새우버거 하나에 감탄했던 곳 (버거리 굽은다리점)",https://blog.naver.com/insightmina/224301839989
1af13dc81090c1b0,2026-05-31,제주,제주 혼자 여행 2박 3일 2일차 맛집 과 산책 코스 정보,https://blog.naver.com/qxkrzbdu/224301838844
0039f84b1fe8b0e9,2026-05-31,수원,"맛집 크레이지버거, 두툼한 패티가 맛있는 인계동 점심 추천",https://blog.naver.com/ririka25/224301838868
65cbc8ed373f971f,2026-05-31,춘천,춘천 남이섬 배편 시간표 요금 서비스 정보확인,https://bluebeat.tistory.com/246
65cbc8ed373f971f,2026-05-31,가평,춘천 남이섬 배편 시간표 요금 서비스 정보확인,https://bluebeat.tistory.com/246
880cf03f40208786,2026-05-31,종로,광장시장 자매육회집 육회비빕밥 후기,https://blog.naver.com/veritavitia/224301838148
31e169ee5cdf54da,2026-05-31,가평,후기 | 자가제면 칼국수와 잣 콩국수가 맛있는 가평칼국수 맛집,https://blog.naver.com/hoshea1/224301838254
4f72dbfc5a076e4c,2026-05-31,강동,한양양꼬치 천호본점 불향 가득 천호양꼬치 맛집 추천,https://blog.naver.com/pa9595-/224301838624
4f72dbfc5a076e4c,2026-05-31,천호,한양양꼬치 천호본점 불향 가득 천호양꼬치 맛집 추천,https://blog.naver.com/pa9595-/224301838624
4f72dbfc5a076e4c,2026-05-31,양양,한양양꼬치 천호본점 불향 가득 천호양꼬치 맛집 추천,https://blog.naver.com/pa9595-/224301838624
43be796a6d0002fe,2026-05-31,용산,용산역근처술집 쿠모 비스트로 용리단길 이자카야 맛집 추천 후기,https://blog.naver.com/traveler_siri/224301838596
c92854d4b742204b,2026-05-31,부산,[서면 맛집 ] 본가밀면전문점 솔직 후기 / 밀면집인데 수제만두에...,https://blog.naver.com/tresbien_j/224301837669
688f1d9f52f8dae0,2026-05-31,부산,해리단길 부산3대떡볶이 빨간떡볶이 주말 웨이팅 포장...,https://blog.naver.com/yuyu45--/224292801332
d0204989bd118eab,2026-05-31,연남동,연남동 고기집 추천 ! 가성비 드럼통 숯불구이 연남점 찐후기,https://blog.naver.com/eksistenz628/224301838023
f90af75ea0faede5,2026-05-31,부산,[기장 일광 맛집 ] 바다밥상의 정성 어부며느리에서 생선구이와...,https://blog.naver.com/dangi1122/224301837467
e3a329a99073517c,2026-05-31,신촌,서울 더울 때 외식하기 좋은 신촌샤브샤브 맛집 추천 로운...,https://blog.naver.com/khj2808/224301837908
bf507f1bed6a4b11,2026-05-31,여수,★ 여수돌산 맛집 & 여수돌산갈비 맛집 '돌산오갈비',https://blog.naver.com/schong-pet/224301837524
49e327a1ef9ca465,2026-05-31,서초,교대역 냉면 맛집 추천 ! 20년 전통 원조 냉면집 서초면옥...,https://blog.naver.com/like-impiglet/224301837355
49e327a1ef9ca465,2026-05-31,교대,교대역 냉면 맛집 추천 ! 20년 전통 원조 냉면집 서초면옥...,https://blog.naver.com/like-impiglet/224301837355
ff4ab3e28c386f41,2026-05-31,강남,[다니에르 맛집 ] 매봉역 감자탕 만세감자탕 후기,https://blog.naver.com/lv_dior/224301836153
ff4ab3e28c386f41,2026-05-31,양재,[다니에르 맛집 ] 매봉역 감자탕 만세감자탕 후기,https://blog.naver.com/lv_dior/224301836153
445de4f908b88e9c,2026-05-31,남양주,"남양주대형카페 티라토레, 드라이브 삼아 다녀왔어요!",https://blog.naver.com/chy20_57/224301836640
6d2997d837c7e1a1,2026-05-31,광주,맛집 고구려 솔직 후기! 가족 외식으로 만족했던 한정식 맛집,https://blog.naver.com/dnvmfpeh/224301835300
e8b88d69d41f2fcb,2026-05-31,광명,[광명/ 소하동 맛집 ] 88부대찌개 소하동본점 솔직 후기! 푸짐함...,https://blog.naver.com/matjoa1ng/224301834471
6f144408712c62bb,2026-05-31,부산,부산 수영 술집 닭발 맛집 오늘닭발해 수영본점,https://blog.naver.com/dkswnstjr0613/224301834365
14cacb5fe6b00b0b,2026-05-31,송파,소복재 방이본점 프리미엄 샤브샤브 송파나루역 맛집,https://blog.naver.com/lifejin_/224301834088
24663f8bc798a041,2026-05-31,부산,"[부산동의대 맛집 ] ""온복국수 부산동의대점"" 가성비 최고...",https://blog.naver.com/inno4679/224301834306
d7a25981528c79f6,2026-05-31,마곡,《옥소반》 마곡 맛집 모임/마곡 샤브샤브 맛집 !,https://blog.naver.com/ae961207/224301832225
c0c5932aad04c20f,2026-05-31,안양,안양 평촌 인덕원 맛집 '긴자' 가족모임 점심 코스 내돈내산...,https://blog.naver.com/als127wls127/224301832067
c676f2bf772c1c6c,2026-05-31,종로,"대구 동성로 삼겹살 맛집 “참한집 종로점”, 돼지껍데기까지...",https://blog.naver.com/yaejin29/224301830342
c676f2bf772c1c6c,2026-05-31,대구,"대구 동성로 삼겹살 맛집 “참한집 종로점”, 돼지껍데기까지...",https://blog.naver.com/yaejin29/224301830342
d43ef749d1ace109,2026-05-31,수원,[행궁동 피자펍] 내돈내먹 후기 | 존앤진피자펍 행궁점...,https://blog.naver.com/tayk99/224301829569
e67bff9e6d768170,2026-05-31,전주,"맛집 핸더 신시가지점, 분위기 좋은 전주파스타 맛집 추천",https://blog.naver.com/tnlavy12/224301829194
6c0408995caf111e,2026-05-31,경주,경주 한식당 초원석쇠불고기 불국사 주변 맛집 혼밥도 가능해,https://blog.naver.com/nrqueen89/224301828860
ce21b543ffb856bd,2026-05-31,잠실,"블로그 지수 올리는 필살기, 내 글 상위 노출 전략",https://blog.naver.com/pizza8230/224301828229
ce21b543ffb856bd,2026-05-31,송파,"블로그 지수 올리는 필살기, 내 글 상위 노출 전략",https://blog.naver.com/pizza8230/224301828229
05fc33fcb4b8cbc5,2026-05-31,대구,"시지 맛집 추천 오스테리아 밀즈 욱수점 주차, 메뉴, 꿀팁...",https://blog.naver.com/tfa__/224301828622
6bb4cec719b865c5,2026-05-31,구리,구리 돼지갈비 맛집 수택동 고기집 야장 가능한 문정갈빗집...,https://blog.naver.com/jungye2/224301827650
c64dba4c91d32fc7,2026-05-31,부산,[부산 서면] 매콤한 쭈꾸미가 땡길땐 홍스쭈꾸미 서면점!,https://blog.naver.com/singbbu/224301827645
80a9eb1d2a68cb5f,2026-05-31,광주,[광주] 소주·맥주 2000원!! 광주 동림동 갈매기살 맛집 돼지전설,https://blog.naver.com/arim_dingdong/224301827711
a6b2498b61d7417f,2026-05-31,대구,[김천 맛집 ] 매콤하고 아삭한 콩나물의 환상 조합! '대구왕뽈찜...,https://blog.naver.com/jini3656/224301827851
12a6163268c9e07d,2026-05-31,역삼,부천역 고기집 맛집 추천 '수돈숯불갈비',https://blog.naver.com/ddoddory_/224301827462
12a6163268c9e07d,2026-05-31,부천,부천역 고기집 맛집 추천 '수돈숯불갈비',https://blog.naver.com/ddoddory_/224301827462
322abc13b41550e2,2026-05-31,속초,속초 맛집추천 카시아호텔 근처 맛집 남도술상 남도밥상...,https://blog.naver.com/skdmldnwndi/224301827147
796fddb6d4fb9784,2026-05-31,광주,광주샌드위치 추천 샐러드밥 첨단 맛집,https://blog.naver.com/dlthdud0123/224301826563
7890ca5895b1713f,2026-05-31,익선동,[서울/종로] 식물 | 카페 추천 | 익선동 데이트코스 | 한옥카페...,https://blog.naver.com/tnwjd2854/224301825776
7890ca5895b1713f,2026-05-31,종로,[서울/종로] 식물 | 카페 추천 | 익선동 데이트코스 | 한옥카페...,https://blog.naver.com/tnwjd2854/224301825776
71f790689c5e1a0e,2026-05-31,제주,2025년 일본5월여행 필수 코스 7가지,https://kyla104.tistory.com/10
e72b1099cb948351,2026-05-31,대구,대구 범어동 해산물 맛집 추천 ! 고릴라해산물 범어직영점,https://blog.naver.com/ssw1182/224301824511
e5be4ed95375e63b,2026-05-31,인천,[내돈내산]송도갈매기 검단점 룸식당 생일 미역국 서비스까지!...,https://blog.naver.com/asshinas/224301651388
e5be4ed95375e63b,2026-05-31,송도,[내돈내산]송도갈매기 검단점 룸식당 생일 미역국 서비스까지!...,https://blog.naver.com/asshinas/224301651388
31ea47d336905bff,2026-05-31,안양,[안양] 댕리단길 퀄리티 좋은 삼겹살집 || 목구멍 안양점,https://blog.naver.com/hyeonah0916/224301823780
09a3f270d5827836,2026-05-31,부산,부산 광안리 돈까스 맛집 1일 한정메뉴 추천 광안역 근처 헷츠...,https://blog.naver.com/gentry_sy2/224301823374
76d04c49e6653751,2026-05-31,서울숲,"사전예매 공연 후기 및 주변 맛집 추천 (feat 적재, 10cm)",https://blog.naver.com/bi-yam/224301822845
e1b6d99c6135d088,2026-05-31,잠실,잠실 맛집 - 대구의 유명한 감자 막창 [진미 막창],https://blog.naver.com/orisu__/224301822986
e1b6d99c6135d088,2026-05-31,대구,잠실 맛집 - 대구의 유명한 감자 막창 [진미 막창],https://blog.naver.com/orisu__/224301822986
0dd37a182843efad,2026-05-31,강릉,강릉감자닭강정 중앙시장 포장 후기 강릉 맛집 추천,https://blog.naver.com/editorc/224301823035
0163cff0a81edddf,2026-05-31,파주,파주직영점 파주 운정 맛집 쇼핑과 미식의 완벽한 조화,https://blog.naver.com/okchoi36/224301821926
766431e81b5c3c84,2026-05-31,제주,오늘의 여행코스!! 청초수물회 제주점 제주 물회,https://blog.naver.com/ainackerman/224301821390
fe6309f5fb6634ce,2026-05-31,하남,미사역 텐동 맛집 찾는다면? 미사텐 솔직 후기❗️,https://blog.naver.com/yo563/224301821709
fe6309f5fb6634ce,2026-05-31,미사,미사역 텐동 맛집 찾는다면? 미사텐 솔직 후기❗️,https://blog.naver.com/yo563/224301821709
9c374eb2fce3ef2a,2026-05-31,인천,인천송도분위기 맛집 추천 ! 노이 송도 양식 코스 파인다이닝,https://blog.naver.com/ye0n_dr/224301821821
9c374eb2fce3ef2a,2026-05-31,송도,인천송도분위기 맛집 추천 ! 노이 송도 양식 코스 파인다이닝,https://blog.naver.com/ye0n_dr/224301821821
4b02fd2cc4580cf8,2026-05-31,부산,곱창전골까지 야무지게 먹을 수 있는 부산대 맛집 추천,https://blog.naver.com/m_elon/224301820818
1992bd8bbb5ae082,2026-05-31,잠실,[잠실] 방이시장 닭강정 맛집 닭강정아 본점｜서울 3대 닭강정...,https://blog.naver.com/yoo__s2/224301820783
1992bd8bbb5ae082,2026-05-31,송파,[잠실] 방이시장 닭강정 맛집 닭강정아 본점｜서울 3대 닭강정...,https://blog.naver.com/yoo__s2/224301820783
1992bd8bbb5ae082,2026-05-31,올림픽공원,[잠실] 방이시장 닭강정 맛집 닭강정아 본점｜서울 3대 닭강정...,https://blog.naver.com/yoo__s2/224301820783
4a989ad949a489c9,2026-05-31,부산,"부산 대게 맛집 ｜연산동 동백대게수산 연산점, 살이 꽉 찬...",https://blog.naver.com/ddori_e/224301820337
b6779a2263292c3a,2026-05-31,건대,코노하 건대점 내돈내산 스프카레 찐 맛집 솔직 후기,https://blog.naver.com/sosouhyun/224301819687
56f3279d9a656170,2026-05-31,고양,"덕양구 맛집 신원동 국밥 찾는다면, 맑은 국물 제대로인...",https://blog.naver.com/seh0204_/224301819026
f96ee9d07ac64de8,2026-05-31,천호,"[과천] 과천정부청사역 곱창전골 웨이팅 맛집 , 호랑이굴 과천점",https://blog.naver.com/hyodong308/224301819113
f96ee9d07ac64de8,2026-05-31,과천,"[과천] 과천정부청사역 곱창전골 웨이팅 맛집 , 호랑이굴 과천점",https://blog.naver.com/hyodong308/224301819113
99e6ca6559754115,2026-05-31,대구,"레시피를 완성시켜준 대구 수성구 신선 정육점 추천 , 우담정육점",https://blog.naver.com/drawingirls/224301818663
2d0fe55c3f943145,2026-05-31,포항,[스타벅스]여름철 국롤 쿨라임 피지오 포항 카페 맛집 추천,https://blog.naver.com/wockdzmf12/224301818668
4400e046546a73a8,2026-05-31,남양주,탁 트인 전망과 달콤한 디저트가 가득한 티라토레 방문기,https://blog.naver.com/chae0nge/224301818004
b1ec7c7573c69be4,2026-05-31,전주,광주 송정역 점심 맛집 슈퍼크리스피에서 햄버거 먹어 본 후기,https://blog.naver.com/bsd0921/224301818465
b1ec7c7573c69be4,2026-05-31,광주,광주 송정역 점심 맛집 슈퍼크리스피에서 햄버거 먹어 본 후기,https://blog.naver.com/bsd0921/224301818465
1240dc75f41d1442,2026-05-31,이태원,[이태원] 바삭한 크러스트가 맛있는 뉴욕식 화덕피자...,https://blog.naver.com/qqesffw/224301818104
664bb65435c4512b,2026-05-31,강남,강남 뼈찜 양재천 가성비 맛집 추천 만세감자탕 후기,https://blog.naver.com/www7071/224301818458
664bb65435c4512b,2026-05-31,양재,강남 뼈찜 양재천 가성비 맛집 추천 만세감자탕 후기,https://blog.naver.com/www7071/224301818458
f6755fd74207fdef,2026-05-31,대전,[대전] 사시사철 | 괴정동 느좋 해산물 야장 술집 맛집 추천,https://blog.naver.com/lhjin1602/224301818341
3b97d5182da42be9,2026-05-31,전주,전주진북동 맛집 박웅의 국가대표 짬뽕 전주점~~!!,https://blog.naver.com/dhanfp/224301817818
a249f8ff24897201,2026-05-31,속초,속초 중앙시장 젓갈 맛집 황부자 전통 젓갈 낙지젓 명란젓 포장,https://blog.naver.com/yb950619/224301818410
1b187b27d75336a9,2026-05-31,부산,"부산서면 맛집 , 손정보쌈 든든하고 맛있어서 매일 가고 싶은 곳...",https://blog.naver.com/jajaja6626/224301817987
b7fedcaa5b86e93e,2026-05-31,하남,하남 스타필드 맛집 추천 아기랑 데이트 ebt 후기,https://blog.naver.com/my_victoria/224301055228
58c8da4c8308be55,2026-05-31,공덕,술집 단정 블루리본 선정 와인바 추천 경의선숲길 맛집 추천,https://blog.naver.com/ehyeon/224300981599
5daf5aaa7b91f16a,2026-05-31,수원,지동시장 맛집 추천 ｜수원만두 맛집 추억의장날만두 솔직 후기,https://blog.naver.com/dongsangyes/224301816491
d5722d03907eced3,2026-05-31,망원,성산동 맛집 보쌈이 맛있는 갓성비최고 정담,https://blog.naver.com/cutecutes2/224301815416
4512000f4d55ab8c,2026-05-31,부산,반여동 가성비 트렌드 다 잡은 빵집 추천 ! 브레드빈,https://blog.naver.com/zinnn28/224301815539
4287bdf09406f7b9,2026-05-31,의정부,[의정부역 맛집 ] 미나리 삼겹살 쌈이 무한리필되는 가성비...,https://blog.naver.com/mine__mind/224301815004
91a267956d6779d2,2026-05-31,용산,신용산에서 즐기는 시원한 생맥주와 다양한 안주 맛집 추천,https://blog.naver.com/seieesnpcew5422/224301814485
c1784dc9e0f2a238,2026-05-31,부산,"해운대 맛집 찾는다면? 바다 보며 즐기는 시원한 한 끼, 해운대...",https://blog.naver.com/mujjida1/224301814591
c1784dc9e0f2a238,2026-05-31,대구,"해운대 맛집 찾는다면? 바다 보며 즐기는 시원한 한 끼, 해운대...",https://blog.naver.com/mujjida1/224301814591
b09fd906b088cff9,2026-05-31,강남,신논현역점/신논현역 혼밥/신논현역 점심/강남역 라멘 추천,https://blog.naver.com/bu0413/224301814776
b09fd906b088cff9,2026-05-31,역삼,신논현역점/신논현역 혼밥/신논현역 점심/강남역 라멘 추천,https://blog.naver.com/bu0413/224301814776
e9e1c480b8152560,2026-05-31,성수,"성수 서울숲 맛집 “미테이블 성수본점” (주차, 웨이팅)",https://blog.naver.com/lisianthus0330/224301814739
e9e1c480b8152560,2026-05-31,서울숲,"성수 서울숲 맛집 “미테이블 성수본점” (주차, 웨이팅)",https://blog.naver.com/lisianthus0330/224301814739
adb5c60c3667fe10,2026-05-31,광화문,덕수궁 돌담길 산책 후 광화문 맛집 햄버거 찾는다면?...,https://blog.naver.com/jinlogue/224301814082
a0636ec4285f0e2c,2026-05-31,역삼,서초 샤브샤브 추천 곱다방 역삼역 가족모임 맛집 추천,https://blog.naver.com/dkwlsrladk/224301813334
a0636ec4285f0e2c,2026-05-31,서초,서초 샤브샤브 추천 곱다방 역삼역 가족모임 맛집 추천,https://blog.naver.com/dkwlsrladk/224301813334
376a44c0c48749f4,2026-05-31,마곡,발산 맛집 삼찬옥 세가지 메뉴로 완벽한 한끼,https://blog.naver.com/opooa/224301813208
e85ad08dc1bec58f,2026-05-31,성수,[서울/성동구]N번째 방문 성수 햄버거 맛집 “보어드앤헝그리...,https://blog.naver.com/sunjukitty/224301812894
05af2d2c338b4d14,2026-05-31,부산,부산 구서동돼지국밥 맛집 금정구청 앞 부곡동 밥집...,https://blog.naver.com/bambamcsm/224301812737
16ea119879c7a4e9,2026-05-31,시청,제주시 기념일 맛집 추천 | 분위기 좋은 제주 시청 양식집 소프,https://blog.naver.com/stree0526/224301812756
16ea119879c7a4e9,2026-05-31,제주,제주시 기념일 맛집 추천 | 분위기 좋은 제주 시청 양식집 소프,https://blog.naver.com/stree0526/224301812756
d5d4ca670dbdc40e,2026-05-31,사당,사당•이수역 소개팅하기 딱 좋은 분위기 맛집 추천 | 쁠랑떼,https://blog.naver.com/meomul_dam/224301810805
ea4747633952a25f,2026-05-31,대구,[ 대구 중구 ] 트라이브 레스토랑 : 라자냐,https://blog.naver.com/kyromilo/224301811320
1d5246773a8768e1,2026-05-31,방배,방배 맛집 더 맛있는 족발 보쌈 방배카페거리점_반반 족발...,https://blog.naver.com/hanzi316/224301789767
f58306e50529281e,2026-05-31,부산,"[메르 댓글 분석] 추억이라는 조미료, 메르의 부산 노포 지도...",https://blog.naver.com/caucasus5642/224298401811
7426f451efb56d95,2026-05-31,일산,소바 맛집 | 우동 맛집 | 맛집 추천 | 주차 및 웨이팅 후기,https://blog.naver.com/yull2ana/224301805188
415d1ed3f54ddca1,2026-05-31,문래,문래동 맛집 이한스시 생선회세트 점심특선 솔직후기,https://blog.naver.com/woncon/224301810512
0cab3f9f7fb0159c,2026-05-31,대전,갈마동 맛집 대전국밥 맛집 대전순대국밥 갈마동순대국밥...,https://blog.naver.com/rlavnfms7897/224301809737
c54b477707467861,2026-05-31,인천,검단사거리 삼겹살 맛집 태돈... #검단사거리 맛집 ...,https://blog.naver.com/jolie_review/224301809816
ab0d9667ae1dfd8e,2026-05-31,명동,보배반점명동점 신메뉴 후기 마라 덕후 커플이 반해버린...,https://blog.naver.com/infinity_beyond/224301808796
d67112f7c072c16c,2026-05-31,신사,신사 압구정로데오 파스타 스테이크 양식 맛집 추천 “까사도산”,https://blog.naver.com/sohungood/224301807104
d67112f7c072c16c,2026-05-31,압구정,신사 압구정로데오 파스타 스테이크 양식 맛집 추천 “까사도산”,https://blog.naver.com/sohungood/224301807104
d2280cd097a52635,2026-05-31,이태원,이태원 피맥 핫플 서울 피자 맛집 추천 아노브,https://blog.naver.com/gktvkt13/224301807460
d2280cd097a52635,2026-05-31,용산,이태원 피맥 핫플 서울 피자 맛집 추천 아노브,https://blog.naver.com/gktvkt13/224301807460
76f128178c5a7f49,2026-05-31,건대,건대 이자카야 추천 | 분위기+맛 둘다 잡은 ‘이자카야 하루...,https://blog.naver.com/pororona/224301806516
98ae5f12254188cb,2026-05-31,상암,[상암DMC 맛집 ] 부리또킹 상암DMC점 – 직장인 점심엔 역시...,https://blog.naver.com/spiderheo/224301806159
38e8e00579a75319,2026-05-31,판교,성남 소고기 맛집 제이스팟 봇들마을 훠궈 맛집 추천,https://blog.naver.com/yms830606/224301806054
a78b7aa48738af8a,2026-05-31,종로,[서울/동역사] 동대문에서 일정 끝나고 뜨끈한 국밥 한 그릇...,https://blog.naver.com/junwonhee/224301805834
a78b7aa48738af8a,2026-05-31,동대문,[서울/동역사] 동대문에서 일정 끝나고 뜨끈한 국밥 한 그릇...,https://blog.naver.com/junwonhee/224301805834
d285ab569caddefc,2026-05-31,부산,서면맛집 현풍닭칼국수... 닭칼국수 서면역 점심 맛집 추천,https://blog.naver.com/ghdgywjd12/224301806266
312c5e40685b93d3,2026-05-31,강남,강남 어복쟁반 서관면옥 삼성점 삼성 비빔냉면 맛집 추천,https://blog.naver.com/seohyun051111/224301805123
312c5e40685b93d3,2026-05-31,삼성,강남 어복쟁반 서관면옥 삼성점 삼성 비빔냉면 맛집 추천,https://blog.naver.com/seohyun051111/224301805123
0178df61333bba3e,2026-05-31,부산,샤로수길 양념대창 맛집 “안녕부산” | 데이트 맛집 추천,https://blog.naver.com/bsy4250/224301805578
0a87295aad6dac85,2026-05-31,강동,천호역 중식당 동국성 런치코스 B 후기｜가성비 좋은...,https://blog.naver.com/leesooki/224301804555
0a87295aad6dac85,2026-05-31,천호,천호역 중식당 동국성 런치코스 B 후기｜가성비 좋은...,https://blog.naver.com/leesooki/224301804555
eaa5f0486f0ceed5,2026-05-31,부산,"부평동 맛집, 남포동 맛집 추천 | 돼지김치구이 찐 맛집 안쪽집...",https://blog.naver.com/qkrthdbs400/224301803069
7f2109e378b04d5c,2026-05-31,홍대,[홍대 감자탕] 누리마을감자탕 홍대직영점 제육볶음...,https://blog.naver.com/sarung1020/224301802307
7f2109e378b04d5c,2026-05-31,상수,[홍대 감자탕] 누리마을감자탕 홍대직영점 제육볶음...,https://blog.naver.com/sarung1020/224301802307
f31d7f38168e3fba,2026-05-31,제주,제주도 함덕 맛집 현지인도 찾는 돼지세끼국밥 곱창전골 후기,https://blog.naver.com/0131toid/224301802419
10bd7d94179b7d73,2026-05-31,춘천,[춘천/애막골/맛집] 와라쿠라멘｜애막골 점심 맛집 추천 ! 진한...,https://blog.naver.com/mylife12345/224301802573
ba70d71b719d38bd,2026-05-31,수원,[장안구 맛집 ]숸댁의 찐 최애 스시 맛집 ♥ 우리동네 스시신조,https://blog.naver.com/sj-labs/224301801938
3c086f42e390645e,2026-05-31,마곡,우장산 술집 서연탄 마곡역 단체 맛집 추천,https://blog.naver.com/kimjo8560/224301801882
2910b7d1b9238e88,2026-05-31,인천,[가정동 맛집 ] 루원시티먹자골목에서 만난 깊고 화끈한 한 그릇...,https://blog.naver.com/magandabuhay/224301801923
c8f3857ee6dd132f,2026-05-31,부산,부산 강서구 한식 맛집 '숨은 맛집 하이든대동',https://blog.naver.com/aldiqls/224301801344
8c0b8117f21c974f,2026-05-31,수원,울산 삼산 고기집 청기와타운 데이트하기 좋은 소고기 맛집 추천,https://blog.naver.com/chk5564/224301800787
9ae17d2fd927228d,2026-05-31,정자,정자동 카페 고급버터 디저트 맛집 선물 추천 하는 버터앤쉘터...,https://blog.naver.com/jhlife2019/224301800180
0e4c0807a56558a0,2026-05-31,강남,탄현 맛집 오실장강남면옥... 겨울에도 웨이팅 있는 냉면 맛집,https://blog.naver.com/yoohoojinjin/224301800511
0e4c0807a56558a0,2026-05-31,일산,탄현 맛집 오실장강남면옥... 겨울에도 웨이팅 있는 냉면 맛집,https://blog.naver.com/yoohoojinjin/224301800511
0e4c0807a56558a0,2026-05-31,고양,탄현 맛집 오실장강남면옥... 겨울에도 웨이팅 있는 냉면 맛집,https://blog.naver.com/yoohoojinjin/224301800511
f90aefe23ac23429,2026-05-31,서울숲,카페 피리어드 Period 조용하고 시원한 통창뷰 맛집 추천,https://blog.naver.com/haminhoo/224301799322
216156abae0c88bc,2026-05-31,부산,[경성대 막창 추천 ] 샐러드바까지 완벽한 연막창...,https://blog.naver.com/chozera/224301798371
c09a47a771820e98,2026-05-31,광화문,"광화문 고깃집 맛집 추천 (광화문 회식 장소, 단체 모임 추천)",https://blog.naver.com/justkeep_swimming/224301797608
cd6dfe35a68afbb8,2026-05-31,연남동,홍대 맛집 셸링턴 비프웰링턴부터 와인까지 좋았어요,https://blog.naver.com/k53mmmm/224301796471
cd6dfe35a68afbb8,2026-05-31,홍대,홍대 맛집 셸링턴 비프웰링턴부터 와인까지 좋았어요,https://blog.naver.com/k53mmmm/224301796471
cd6dfe35a68afbb8,2026-05-31,마포,홍대 맛집 셸링턴 비프웰링턴부터 와인까지 좋았어요,https://blog.naver.com/k53mmmm/224301796471
39a73ab5989685be,2026-05-31,제주,제주고기국수맛집 제주곰탕맛집 서귀포맛집 서귀포 맛집추천 ...,https://blog.naver.com/kjn01043/224301796448
1a74edd6c87a30c0,2026-05-31,부산,"가브리살의 부드러운 유혹, 손정보쌈 서면점 방문 기록",https://blog.naver.com/chae0nge/224301796171
6940fa921d1f824e,2026-05-31,제주,제주 애월 해오반 후기 _ 애월 한식 맛집 추천,https://blog.naver.com/jblossom-cheonan/224301794576
d1fed0df0429d741,2026-05-31,대구,대구 수성동 꽃게 육수 자가제면 칼국수 맛집 약전골목원조국수...,https://blog.naver.com/younvely0607/224301794551
68c0147760e04fa5,2026-05-31,부천,솜솜카츠 부천역점 후기 | 부천 상동 돈카츠 맛집 추천,https://blog.naver.com/meluvly112/224301793741
5900b745e54a1917,2026-05-31,광주,일곡동 맛집 냇내 입소문난 숙성육 맛집 후기,https://blog.naver.com/gb5391/224301793130
4871b0f3177169e3,2026-05-31,인천,송도양꼬치 양많고 맛있는 양복점 송도트리플점,https://blog.naver.com/josj1257/224301792059
4871b0f3177169e3,2026-05-31,송도,송도양꼬치 양많고 맛있는 양복점 송도트리플점,https://blog.naver.com/josj1257/224301792059
6e0ba0b662fb80c0,2026-05-31,여의도,한강뷰 맛집 찾는다면 63 스카이라인 다이닝 슈치쿠 추천,https://blog.naver.com/ac2525--/224301792548
ed3d57a244ba7554,2026-05-31,부산,맛집 우미남 명지점 데이트코스로 저장한 명지 소고기 맛집,https://blog.naver.com/mjcty715/224301791460
4d759d3b88b773dd,2026-05-31,여수,"순천파스타 맛집 HIC (힉), 신대지구에서 꼭 먹어야 할 까노토...",https://blog.naver.com/nsi10041/224301790664
51ffbeede6b66159,2026-05-31,문래,"[문래] ""고트델리 문래"" 브런치 맛집 , 내돈내산, 미국 델리 감성",https://blog.naver.com/y159159/224301790741
f1c28db1b0877af1,2026-05-31,하남,하남 맛집 고메스퀘어 미사점 초밥뷔페로 딱 좋아요,https://blog.naver.com/k02mmmm/224301790513
f1c28db1b0877af1,2026-05-31,미사,하남 맛집 고메스퀘어 미사점 초밥뷔페로 딱 좋아요,https://blog.naver.com/k02mmmm/224301790513
80d9badfe6f29612,2026-05-31,남산,[대구/한식] 들안길 한식 ‘남도명가’,https://blog.naver.com/victoria_b_2025/224301790359
80d9badfe6f29612,2026-05-31,대구,[대구/한식] 들안길 한식 ‘남도명가’,https://blog.naver.com/victoria_b_2025/224301790359
c1032894bf388645,2026-05-31,대구,대구 법원 맛집 직장인 맛집 하루우동 대구범어점 추천 후기,https://blog.naver.com/yasigol0328/224301790530
c47d2ff2eb4007a0,2026-05-31,고양,킨텍스 맛집 추천 고양종합운동장 옆 묵은지 삼겹살,https://blog.naver.com/matplaylist/224301789840
8b009a14e5fb3cb1,2026-05-31,대구,"대구 달성 논공 달성보 앞 오징어 물회 국수 맛집 , 달성보국수집!",https://blog.naver.com/feb28y/224301789552
56edf0fcbb5b580b,2026-05-31,하남,비와별닭갈비 스타필드 위례점 하남 맛집 추천 모임 장소로...,https://blog.naver.com/kwon56231/224301788724
412726b9a0d75d89,2026-05-31,마포,"[마포] 공덕역 닭갈비 맛집... 솔직후기, 마포 공덕역 맛집 추천",https://blog.naver.com/jy0318jy/224299090773
412726b9a0d75d89,2026-05-31,공덕,"[마포] 공덕역 닭갈비 맛집... 솔직후기, 마포 공덕역 맛집 추천",https://blog.naver.com/jy0318jy/224299090773
b84d91ee9841296a,2026-05-31,서촌,"서촌 너울주막 서촌, 유럽풍 분위기가 가득한 테라스 서촌 맛집",https://blog.naver.com/hi_hj_/224288190367
e944541956b0f5be,2026-05-31,부산,부산 청사포 조개구이 맛집 도희네 조개구이 내돈내산,https://blog.naver.com/lamulamu1122/224301788077
a99286053ca61f64,2026-05-31,부산,부산 용호동 국밥 맛집 추천 합천국밥집 내돈내산 후기,https://blog.naver.com/yerini471/224301787041
baf32be4ff879272,2026-05-31,강남,점심 밥집 고기가득덮밥 강남구청역점 강남 혼밥 애견동반 맛집,https://blog.naver.com/azzossi_/224301787233
552b079df42c575c,2026-05-31,속초,동두천 맛집 코다리조림 칼칼한 양념이 맛있는 속초바람,https://blog.naver.com/ksr58200/224301786547
b306d2f9ee0985f7,2026-05-31,연남동,홍대 연남동 맛집 추천 연남족발1987연남점,https://blog.naver.com/ph_d_in_rf/224301786815
b306d2f9ee0985f7,2026-05-31,홍대,홍대 연남동 맛집 추천 연남족발1987연남점,https://blog.naver.com/ph_d_in_rf/224301786815
5f40279f266bb455,2026-05-31,광주,[광주 남구 봉선동 맛집 ]봉선동 양식 맛집 :: ‘르시엘블루 ’...,https://blog.naver.com/runa000/224301786699
593a60265f6e42d6,2026-05-31,건대,길에 이런 닭볶음탕집이? 양부터 놀란 충주닭볶음탕 맛집 함지박,https://blog.naver.com/catharina19/224301786644
19c466124af552f3,2026-05-31,경주,[식당] '대패제패' 충효동 맛집 별로 없는데 여기가 충효동 맛집 ...,https://blog.naver.com/kdaday/224301785443
6ae5d6ba128e174f,2026-05-31,시청,맛집 ‘츠키안’] 쫄깃하고 신선한 숙성사시미 맛집 방문한...,https://blog.naver.com/pjhhihi02/224301785497
6ae5d6ba128e174f,2026-05-31,수원,맛집 ‘츠키안’] 쫄깃하고 신선한 숙성사시미 맛집 방문한...,https://blog.naver.com/pjhhihi02/224301785497
5c193f25ad21bcbf,2026-05-31,정자,정자역 샐러드 맛집 추천 ! 건강하고 든든한 한 끼를 즐길 수...,https://blog.naver.com/funfun-love/224301785392
f684543f447fd24a,2026-05-31,왕십리,[ 맛집추천 /왕십리맛집] 부대스토리 왕십리부대찌개 내돈내산,https://blog.naver.com/dingdingsu/224301785321
e1d67c80bc441049,2026-05-31,강릉,강릉 중국집 현지인 맛집 궁짬뽕 강문동 맛집 에서 즐긴 얼큰한...,https://blog.naver.com/sj1978nur/224301784593
d3d8187084ba9c61,2026-05-31,여의도,육회 육사시미 맛집 | 여의도 회식장소 | 직장인 술집 추천,https://blog.naver.com/siniilog/224301784649
e4cbdaae2bdcc472,2026-05-31,문래,"문래동 맛집 기록 - 영일분식, 리버타운 버거, 능이버섯백숙...",https://blog.naver.com/namsoung7/224301783942
9abc597ab111fffa,2026-05-31,경주,경주 서부동 빵집 이재원 과자공방 | 경주 케이크 가성비 솔직...,https://blog.naver.com/hmj448/224301783472
9efe7722ea8d3788,2026-05-31,일산,[일산브런치]브런치레스토랑 깡패고양이 밤리단길 본점,https://blog.naver.com/caraloveha/224301783452
9efe7722ea8d3788,2026-05-31,고양,[일산브런치]브런치레스토랑 깡패고양이 밤리단길 본점,https://blog.naver.com/caraloveha/224301783452
d1145bc520cd39ec,2026-05-31,하남,[광주/하남] 광주곱창 맛집 곱창촌 우산점 모듬구이 후기,https://blog.naver.com/ju_hyun-/224301782770
d1145bc520cd39ec,2026-05-31,광주,[광주/하남] 광주곱창 맛집 곱창촌 우산점 모듬구이 후기,https://blog.naver.com/ju_hyun-/224301782770
79838a628b787eec,2026-05-31,시청,인계동 맛집 돈까스 추천 | 계원당 인계점 닭다리살 치킨까스 후기,https://blog.naver.com/popozhu/224301781900
79838a628b787eec,2026-05-31,수원,인계동 맛집 돈까스 추천 | 계원당 인계점 닭다리살 치킨까스 후기,https://blog.naver.com/popozhu/224301781900
7049b485ee15d8ea,2026-05-31,잠실,[일상_2026] 생일 데이트 _ 바이킹스워프잠실점 · 군몽...,https://blog.naver.com/iridescent_k_/224301781503
a86ebdc3cfa899d8,2026-05-31,남양주,[남양주] 양정 소고기 전문점; 소택동 소고기 맛집 / 마석 한우,https://blog.naver.com/djdj0115/224301779920
7cc060dd90bdcd15,2026-05-31,양양,범바우막국수 양양본점 양양쏠비치 근처 막국수 맛집 방문후기,https://blog.naver.com/jihyen0124/224301778910
02f1e471d4e732e9,2026-05-31,전주,봄차반정식 vs 보리굴비정식 - 엄마와 재방문한 [완주한정식]...,https://blog.naver.com/jcy0106/224301778396
6f368ea931664352,2026-05-31,부산,부산 김모찌 광안리 모찌찹쌀떡 후,https://blog.naver.com/shinhwa12372/224301777939
8519b87fce0d93ac,2026-05-31,제주,"제주도 가볼만한 곳 제주도 만장굴 2년 반만에 재개장, 무료...",https://blog.naver.com/meang_ddori/224301777511
f42f20be6514024e,2026-05-31,수원,수원 인계동 맛집 로마경양식... 전통 돈까스 함박스테이크 맛집,https://blog.naver.com/sandy1014/224301777705
fae1d5ded1ef75cd,2026-05-31,일산,"핫플 일산 카페 젠젠스퀘어, 수플레 팬케이크 맛집 추천",https://blog.naver.com/wkgus3843/224301777205
cf4a20e5065c01f1,2026-05-31,종로,인사동 한옥 맛집 추천 고씨네동해막국수 종로직영점 주말...,https://blog.naver.com/ehdqjd0913/224301777280
cf4a20e5065c01f1,2026-05-31,인사동,인사동 한옥 맛집 추천 고씨네동해막국수 종로직영점 주말...,https://blog.naver.com/ehdqjd0913/224301777280
5ada1412c8c529b3,2026-05-31,판교,"[코그노센티] 판교성남 브런치 맛집 , 고등동브런치 맛집",https://blog.naver.com/monami5374/224301777224
8b318b0651c5e850,2026-05-31,부산,"[부산 서면] 서면고기집 소장각, 가성비로 즐기는 소갈비살...",https://blog.naver.com/ranpunzels/224301775344
27b5909e9cab649e,2026-05-31,송파,"송파 맛집 추천 샤브올데이... 개롱역맛집, 디너 주말 라인업부터...",https://blog.naver.com/oliviasettia/224301775030
3e8ff9c62f80cece,2026-05-31,인천,"인천 롯데백화점 5월 6월 팝업 모음 / 케이스티파이, slyfox...",https://blog.naver.com/coqocoqo/224301775474
94e361664731ec9d,2026-05-31,시청,남대문시장즉석떡볶이 김밥 제주시청점,https://blog.naver.com/goodgotjd/224299436312
94e361664731ec9d,2026-05-31,제주,남대문시장즉석떡볶이 김밥 제주시청점,https://blog.naver.com/goodgotjd/224299436312
c54c4a1416f8e77b,2026-05-31,경주,경기 여주 베이커리 추천 치아바타가 맛있는 드롭베이커리...,https://blog.naver.com/kekemen84/224301774123
90de03c0989fb2d1,2026-05-31,대전,대전신세계 맛집 ! “경성중식”신세계백화점 대전점...,https://blog.naver.com/hyoteang/224301773401
1323bd79ca54ef36,2026-05-31,망원,[서울 마포] 망원동 주민 추천 맛집 “산이네회무침” 내돈내산...,https://blog.naver.com/je_woo_/224301773278
1323bd79ca54ef36,2026-05-31,마포,[서울 마포] 망원동 주민 추천 맛집 “산이네회무침” 내돈내산...,https://blog.naver.com/je_woo_/224301773278
277cbff8fda224b1,2026-05-31,대구,대구 팔공산 맛집 추천 자연산 산꼼장어가 맛있는...,https://blog.naver.com/lily_s2ong/224301772475
994deb9935ab806a,2026-05-31,서촌,광화문 브런치 도레미타코 서촌 점심 맛집 추천,https://blog.naver.com/graceham_/224301772220
994deb9935ab806a,2026-05-31,광화문,광화문 브런치 도레미타코 서촌 점심 맛집 추천,https://blog.naver.com/graceham_/224301772220
e46ca7769040339b,2026-05-31,제주,제주 동문시장 맛집 명란스낵 3박 4일 먹은 음식 중 TOP3였던...,https://blog.naver.com/bomiomi/224301771708
ec41af563bf6f0ab,2026-05-31,대구,대구 서구 평리동 영이식당 재방문! 역시 든든한 콩불정식,https://blog.naver.com/jia525_/224301771557
61dcf7392c0e577b,2026-05-31,성수,미분당 숙주와 면 무한리필 가능한 쌀국수 맛집,https://blog.naver.com/eulgilees/224301771940
61dcf7392c0e577b,2026-05-31,분당,미분당 숙주와 면 무한리필 가능한 쌀국수 맛집,https://blog.naver.com/eulgilees/224301771940
7491330bba2a29e4,2026-05-31,성수,[냠냠] 성수동 겉바속촉 끝판왕! '규카츠정' 노른자 톡 터지는...,https://blog.naver.com/hymi326/224301771895
3d089badb60c45ae,2026-05-31,인천,"인천 송도 맛집 , 임파스토",https://blog.naver.com/taetaeheee/224301771526
3d089badb60c45ae,2026-05-31,송도,"인천 송도 맛집 , 임파스토",https://blog.naver.com/taetaeheee/224301771526
58e90733ea0682de,2026-05-31,인천,인천 연수구 맛집 /양꼬치 무한리필 <양고기 동아리> 후기...,https://blog.naver.com/csr2326/224301771044
f1be0f5b7338099a,2026-05-31,여의도,2026년 제 4회 밤섬마라톤 후기 / 여의도밥집/ 기록조회...,https://blog.naver.com/aldald723/224301769435
a4ef6b74c64a80b8,2026-05-31,부산,동래 중국집 [도야짬뽕] 솔직후기! 짜장면부터 짬뽕...,https://blog.naver.com/cherry_bobo/224301769269
8abb27d12e81d044,2026-05-31,부산,부산대 파스타 맛집 키노 가성비 끝판왕 양식당 모임 장소로 추천,https://blog.naver.com/dlagytls87/224301768886
9f18791b7e9bc983,2026-05-31,여수,여수에서 만난 진짜 야키토리 맛집,https://blog.naver.com/soirmatin/224301768801
bfb4d3337fad0048,2026-05-31,부산,부산 서면 막창 맛집 추천 ｜심형래도 인정한 단골막창 서면점...,https://blog.naver.com/ringildong03/224301768704
22a3f8c538fde1aa,2026-05-31,가평,[경기/가평]르봉뺑:가평 빵집 가평 로컬빵집 가평 맛집추천 ...,https://blog.naver.com/congsssi/224301768878
ce3cc5d3954f6b0c,2026-05-31,을지로,을지로 맛집 곰탕 백옥 을지로 점심에도 저녁에도 훌륭한 식당,https://blog.naver.com/cabotin_8494/224301767395
fec7b253418e003e,2026-05-31,시청,"[중구] 시청역 맛집 회식 - 북창옥 ( ft, 북창동 평양냉면 추천 )",https://blog.naver.com/azure_blanc/224301311188
e9102f38bdec933d,2026-05-31,마포,내돈내산 공덕 맛집 추천 깔끔하고 맛있는 탕화쿵푸마라탕 공덕점,https://blog.naver.com/amy-amy-/224301766133
e9102f38bdec933d,2026-05-31,공덕,내돈내산 공덕 맛집 추천 깔끔하고 맛있는 탕화쿵푸마라탕 공덕점,https://blog.naver.com/amy-amy-/224301766133
56431e1b3f34cf96,2026-05-31,합정,가득한 플랫화이트 & 65종 합정 베이커리 디저트 맛집 솔직후기,https://blog.naver.com/nyom_bara/224300856867
56431e1b3f34cf96,2026-05-31,마포,가득한 플랫화이트 & 65종 합정 베이커리 디저트 맛집 솔직후기,https://blog.naver.com/nyom_bara/224300856867
01b6cf01f6ce9586,2026-05-31,분당,"[경기도 성남] 분당 치킨 맛집, 단체 회식 맛집 추천 ""교촌치킨...",https://blog.naver.com/lj3435/224301764643
236f64a59f3aca50,2026-05-31,부산,방송에 나온 부산 서동 맛집 | 재성밀면에서 시원한 밀면 후기,https://blog.naver.com/onesunnny/224301764724
d2a40667e2303c50,2026-05-31,수원,"수원 또또또간집 행궁동 맛집 ""로우파이브"" 내돈내산 후기",https://blog.naver.com/beautifulyeonpurple/224301765033
417b891ba370d129,2026-05-31,강릉,강릉 이모네생선찜 예약 전쟁 끝에 다녀온 솔직 후기,https://blog.naver.com/ddhhn/224301764025
ba3c0d4c733c0917,2026-05-31,을지로,을지로 직장인 점심 해외손님 접대 맛집 추천 (주차 가능),https://blog.naver.com/flavoroflife/224301764344
528d338ba5373761,2026-05-31,포항,"포항대게 맛집 , 타지 손님 오면 무조건 데려가는 곳 하봉석 회...",https://blog.naver.com/yj_choi0612/224301763228
922b394bc4d3c31d,2026-05-31,파주,(경기/ 파주) 연리희재 파주 | 개성주악 포장 맛집 후기,https://blog.naver.com/rkdud062611/224301763677
08df36d21ef97a50,2026-05-31,하남,[남양주] 다산동 베이글 맛집 이스트베이글 후기 웨이팅...,https://blog.naver.com/owmzzi/224301762525
08df36d21ef97a50,2026-05-31,남양주,[남양주] 다산동 베이글 맛집 이스트베이글 후기 웨이팅...,https://blog.naver.com/owmzzi/224301762525
7340bb49918da90b,2026-05-31,분당,"분당 서현역 감자탕 뼈구이 맛집, 혼밥 뼈해장국 찐 맛집 추천",https://blog.naver.com/dami629/224301762849
d9edc1f67664071d,2026-05-31,대전,대전 근교 맛집 추천 꾸본석갈비 호암저수지 갈비 후기,https://blog.naver.com/nomad_seohyeon/224301762721
45913bd7feb218f6,2026-05-31,시청,[충주 이레담막국수] 충주 활옥동굴 맛집 막국수에 해물파전까지,https://blog.naver.com/hooitt/224301741297
a669b80fc8a875ee,2026-05-31,대구,대구 동촌 / 스크린 큰 맛집 추천 ( ᵕ̤ ‧̫̮ ᵕ̤ )...,https://blog.naver.com/theblueship/224301759515
e20f20d0cae96e48,2026-05-31,시청,인계동 맛집 샤브온리원 수원인계점 가성비 좋은 샤브샤브...,https://blog.naver.com/wg4147/224301758748
e20f20d0cae96e48,2026-05-31,수원,인계동 맛집 샤브온리원 수원인계점 가성비 좋은 샤브샤브...,https://blog.naver.com/wg4147/224301758748
db35793d0ec4f505,2026-05-31,남양주,남양주 팔당댐 근처 삼겹살 맛있는 '소원생고기' 메뉴 추천 ...,https://blog.naver.com/afinestar/224301757867
f7ea0b558d40523d,2026-05-31,홍대,홍대 한우된장칼제비 야끼소바 명란구이 상수 술집 맛집 추천,https://blog.naver.com/narozip/224301757470
f7ea0b558d40523d,2026-05-31,합정,홍대 한우된장칼제비 야끼소바 명란구이 상수 술집 맛집 추천,https://blog.naver.com/narozip/224301757470
f7ea0b558d40523d,2026-05-31,상수,홍대 한우된장칼제비 야끼소바 명란구이 상수 술집 맛집 추천,https://blog.naver.com/narozip/224301757470
f8251363a6c6b880,2026-05-31,정자,"[내돈내산] 수원 정자동 가성면돈, 아내랑 돈까스 오픈런...",https://blog.naver.com/unconditional_/224301757851
f8251363a6c6b880,2026-05-31,수원,"[내돈내산] 수원 정자동 가성면돈, 아내랑 돈까스 오픈런...",https://blog.naver.com/unconditional_/224301757851
0884ea17478d098c,2026-05-31,부산,[후기] 금정 소문난 청국장 청국장 맛집 제육정식 맛집 추천 ...,https://blog.naver.com/hmj3226/224301756598
46fab7e6fb88a17a,2026-05-31,광화문,시청 맛집추천 월가갈비에서 즐긴 든든한 회식 한끼,https://blog.naver.com/blueeyes289/224301756706
46fab7e6fb88a17a,2026-05-31,시청,시청 맛집추천 월가갈비에서 즐긴 든든한 회식 한끼,https://blog.naver.com/blueeyes289/224301756706
072204251bb0263b,2026-05-31,인천,구월동맛집 [양복점] 양꼬치 맛집 추천 !!,https://blog.naver.com/s2yunseo_/224301756627
db1b402a87b7eb43,2026-05-31,일산,일산산꼼장어 숨은 찐 맛집 발견! 백석역 근처 고양시산꼼장어와...,https://blog.naver.com/meogsta/224301755320
db1b402a87b7eb43,2026-05-31,고양,일산산꼼장어 숨은 찐 맛집 발견! 백석역 근처 고양시산꼼장어와...,https://blog.naver.com/meogsta/224301755320
4b57a5b16e28b221,2026-05-31,부산,내돈내산 솔직 방문 후기 부산역 근처 필수 코스유명 맛집,https://blog.naver.com/dbaltmf12/224301755528
57979eee77f0657c,2026-05-31,인천,인천 영종도 중산동 맛집 니나노본갈비,https://blog.naver.com/thstmdwls54/224301755130
628d2d5a8bc44d8e,2026-05-31,광교,광교 카페거리 맛집 노란 황태 황태구이정식 & 황태 보리 물냉면,https://blog.naver.com/greenbite25/224301754499
628d2d5a8bc44d8e,2026-05-31,수원,광교 카페거리 맛집 노란 황태 황태구이정식 & 황태 보리 물냉면,https://blog.naver.com/greenbite25/224301754499
de72453a5478c5af,2026-05-31,강남,[ 맛집 ] 강남구청역 한우 맛집 우천식육식당 후기 | 투쁠 No.9...,https://blog.naver.com/ars970207/224301752743
2b43c0661cb1863f,2026-05-31,용산,용산 맛집 오근내 닭갈비... 타이밍 추천 3인 메뉴 조합 총정리...,https://blog.naver.com/natamong/224301751982
2b43c0661cb1863f,2026-05-31,춘천,용산 맛집 오근내 닭갈비... 타이밍 추천 3인 메뉴 조합 총정리...,https://blog.naver.com/natamong/224301751982
23a6eeaa65a3aea9,2026-05-31,판교,"판교역 점심 맛집 추천 , 혼밥하기 좋은 일식 덮밥 맛집 기요항...",https://blog.naver.com/vv82vv/224301751643
4d9695f0436646df,2026-05-31,동대문,장안동 회식장소로 좋은 차분한 분위기 맛집 추천 해요,https://blog.naver.com/k34mmmm/224301751317
d90b31c5edabc558,2026-05-31,안양,인덕원 족발 맛집 추천 남궁가족발 대짜 포장 후기,https://blog.naver.com/trust_joo/224301750565
87fd3564a66c3ccb,2026-05-31,제주,"제주 우진해장국 본점 고사리해장국, 평일 이른 아침부터...",https://blog.naver.com/3stel/224296101065
184c336515e0721e,2026-05-31,대구,대구 몽글몽글한 순두부 들안길 맛집 진가네순두부보쌈 들안길...,https://blog.naver.com/cap_hong/224301750344
4f64761fe4f7dd3d,2026-05-31,잠실,잠실 서보 • 태국식 덮밥과 국밥 맛집,https://blog.naver.com/sharulog/224301749462
4f64761fe4f7dd3d,2026-05-31,송리단길,잠실 서보 • 태국식 덮밥과 국밥 맛집,https://blog.naver.com/sharulog/224301749462
4f64761fe4f7dd3d,2026-05-31,석촌,잠실 서보 • 태국식 덮밥과 국밥 맛집,https://blog.naver.com/sharulog/224301749462
4f64761fe4f7dd3d,2026-05-31,석촌호수,잠실 서보 • 태국식 덮밥과 국밥 맛집,https://blog.naver.com/sharulog/224301749462
54fdb4c35e4ca25c,2026-05-31,서초,교대역 맛집추천 ㅣ맛도 가성비도 모두 잡은 맛집 서병장 교대점...,https://blog.naver.com/moonlee_0114/224301748743
54fdb4c35e4ca25c,2026-05-31,교대,교대역 맛집추천 ㅣ맛도 가성비도 모두 잡은 맛집 서병장 교대점...,https://blog.naver.com/moonlee_0114/224301748743
f7339c807408877b,2026-05-31,송도,제천 가볼만한곳 중앙시장 제천빨간오뎅 먹거리 투어,https://blog.naver.com/l22430/224301748767
dc0e830966d27979,2026-05-31,방배,[쏠트] 방배동 소금빵 원픽,https://blog.naver.com/imfine_2000/224301749048
496810f0b73f71b1,2026-05-31,부산,부산 해운대구 재송동 순대국밥 맛집 (프렌차이즈),https://blog.naver.com/worldconect/224301748901
496810f0b73f71b1,2026-05-31,대구,부산 해운대구 재송동 순대국밥 맛집 (프렌차이즈),https://blog.naver.com/worldconect/224301748901
ba5d7987145577fa,2026-05-31,구리,맛집 ] 구리구워주는고기집 목구멍! 구리솥뚜껑삼겹살 맛집 ...,https://blog.naver.com/ghdus944/224301748175
76c8ee5d41651c6e,2026-05-31,명동,광주 하늘공원 동명동 캐치스피자 후기,https://blog.naver.com/tntjddl12345/224301747901
76c8ee5d41651c6e,2026-05-31,광주,광주 하늘공원 동명동 캐치스피자 후기,https://blog.naver.com/tntjddl12345/224301747901
12d4b84203fef6dc,2026-05-31,춘천,[춘천/퇴계동/ 맛집 ] 장터왕족발｜춘천 족발 맛집 장터왕족발...,https://blog.naver.com/mylife12345/224301746876
eb0f2038a06038e3,2026-05-31,대전,대전 중구 성심당 근처 가성비 칼국수 맛집 [시민칼국수],https://blog.naver.com/khn5171/224301746453
b3c56c4930daaa65,2026-05-31,대구,동성로양식 맛집 청춘양식당 접근성 좋은 가성비 포크...,https://blog.naver.com/dms2ql_/224301746613
4ce5bdc2da6a5c44,2026-05-31,춘천,"[춘천 효자동] 춘천 법원 맛집 , 중식 맛집 진짬뽕 진짜장",https://blog.naver.com/godjw486/224301746591
b5413b5307e5e489,2026-05-31,용산,"서울 남산타워 맛집 방태막국수, 산책 후 시원한 물막국수와...",https://blog.naver.com/lsoyoung1015/224301745563
b5413b5307e5e489,2026-05-31,남산,"서울 남산타워 맛집 방태막국수, 산책 후 시원한 물막국수와...",https://blog.naver.com/lsoyoung1015/224301745563
ee74e9d8c0384b85,2026-05-31,구리,구리전통 맛집 정보로 살펴보는 구리역 온기담의 메뉴 특징,https://blog.naver.com/praise3451/224301745982
0aa154afb9afce01,2026-05-31,광화문,맛집 찾는다면 수제돈까스와 신선한 참치가 있는 이곳 추천 해...,https://blog.naver.com/cpbnb313/224301745378
29c3529dc12a3d19,2026-05-31,잠실,호수 맛집 비와별닭갈비 잠실직영점 잠실 가족 외식장소 추천,https://blog.naver.com/drstt521/224301744370
29c3529dc12a3d19,2026-05-31,송파,호수 맛집 비와별닭갈비 잠실직영점 잠실 가족 외식장소 추천,https://blog.naver.com/drstt521/224301744370
29c3529dc12a3d19,2026-05-31,석촌,호수 맛집 비와별닭갈비 잠실직영점 잠실 가족 외식장소 추천,https://blog.naver.com/drstt521/224301744370
5867cc778eb9f747,2026-05-31,대구,"대구 범어 맛집, 범어 소고기 맛집 추천 : 우리동네 한우맛집...",https://blog.naver.com/bbyulog/224301744680
8b21a5483e28b187,2026-05-31,일산,일산 최초 마제소바 맛집 추천 마제야 2호점 주차 및 금액,https://blog.naver.com/heyjooo/224301744132
8b21a5483e28b187,2026-05-31,고양,일산 최초 마제소바 맛집 추천 마제야 2호점 주차 및 금액,https://blog.naver.com/heyjooo/224301744132
76bf81ac09734c15,2026-05-31,강남,송도 맛집 /송도훠궈/구황작물빵/강남면옥 갈비찜/키캡인형뽑기...,https://blog.naver.com/oycd1328/224301743352
76bf81ac09734c15,2026-05-31,송도,송도 맛집 /송도훠궈/구황작물빵/강남면옥 갈비찜/키캡인형뽑기...,https://blog.naver.com/oycd1328/224301743352
6277b31560a06964,2026-05-31,안양,맛집 맛있는닭볶음탕 2인 후기 / 안양유원지 맛집 추천,https://blog.naver.com/sblim891225/224301744029
281d4acdd1b27fb2,2026-05-31,합정,평택 데이트 맛집 추천 _ 탭씨브루합정 2호점 솔직 후기,https://blog.naver.com/ss4509/224301743687
b063bc592f95750e,2026-05-31,판교,분당 판교 맛집 추천 ! 미국식 팬피자 맛집 펠즈피자 판교점...,https://blog.naver.com/yulcossu_ding/224301743189
b063bc592f95750e,2026-05-31,분당,분당 판교 맛집 추천 ! 미국식 팬피자 맛집 펠즈피자 판교점...,https://blog.naver.com/yulcossu_ding/224301743189
c471ecf7a8c14f5d,2026-05-31,광명,광명 맛집 내돈내산 점심 베스트 추천 주차 돼지집,https://blog.naver.com/myori_01/224301742522
51b9d2f6d227c5f4,2026-05-31,송파,석촌역 2차 술집 데이트 맛집 추천 송파 야키토리 히토츠,https://blog.naver.com/dankesong/224301741893
51b9d2f6d227c5f4,2026-05-31,석촌,석촌역 2차 술집 데이트 맛집 추천 송파 야키토리 히토츠,https://blog.naver.com/dankesong/224301741893
6049ab89fe486a18,2026-05-31,선릉,3월 말고 3얼이라 칭하겠다,https://blog.naver.com/youngkyung__/224301742133
6e5f715d6c949243,2026-05-31,의정부,진하게 우려낸 황금빛 국물 몸보신 제대로 한 녹양역 삼계탕 맛집,https://blog.naver.com/gaaamjaaa/224301741741
643a551dbd069a22,2026-05-31,구리,구리 맛집 구리역 온기담에서 느낀 편안한 식사,https://blog.naver.com/beyond6242/224301741381
00381b0bb4c12f27,2026-05-31,홍대,[홍대] 서울 패션 쇼핑 스팟 홍대빈티지 압구정빈티지 마포구...,https://blog.naver.com/jinny408/224301957722
00381b0bb4c12f27,2026-05-31,압구정,[홍대] 서울 패션 쇼핑 스팟 홍대빈티지 압구정빈티지 마포구...,https://blog.naver.com/jinny408/224301957722
00381b0bb4c12f27,2026-05-31,마포,[홍대] 서울 패션 쇼핑 스팟 홍대빈티지 압구정빈티지 마포구...,https://blog.naver.com/jinny408/224301957722
222a1cdc9397b787,2026-05-31,상수,서울술집 조용한술집 이자카야 느리네 내돈내산 솔직후기,https://blog.naver.com/aprnal0814/224301957688
92e900088b89a6d7,2026-05-31,수원,[수원] 영통역 맛집 갱도 연탄구이 방문 후기( 내돈내산 ),https://blog.naver.com/joynon2/224301954668
562a342b126f4404,2026-05-31,인천,동인천 신포동 회식하기 좋은 회 맛집 나기문수산 내돈내산 후기,https://blog.naver.com/zpfhfh1209/224301951537
62098013f01862b0,2026-05-31,잠실,[잠실역 맛집 ] 잠실역타코 성지 타코부스 잠실스타점...,https://blog.naver.com/sij1128/224301937479
63189e555895d73e,2026-05-31,전주,전주 신시가지 타코 맛집 갓잇(GOD EAT) 내돈내산 맛집 인증!,https://blog.naver.com/ahrthdud103/224301937011
41608e374c029095,2026-05-31,한남동,"분위기 깡패 한남동 르상스, 내돈내산 힐링 방문기",https://blog.naver.com/sean0078/224297318984
86638e9b0ae1ff5c,2026-05-31,일산,[경기 고양] 킨텍스 1전시장 소담 돈까스 맛집,https://blog.naver.com/chong0u0/224301936772
86638e9b0ae1ff5c,2026-05-31,고양,[경기 고양] 킨텍스 1전시장 소담 돈까스 맛집,https://blog.naver.com/chong0u0/224301936772
74298d4925872ffe,2026-05-31,종로,서울 종로3가역 맛집 내돈내산 찐추천 리코 주말 일기,https://blog.naver.com/kyunchan0425/224301937194
bb8df37d1063c6f8,2026-05-31,부산,[영도 신상 카페] 틸 웨이브,https://blog.naver.com/merry96715/224301936725
fdeea06c5bdfd927,2026-05-31,부산,"5월 내돈내산 식당 모음｜부산 신가네호떡, 진주 양포항, 고성...",https://blog.naver.com/passion-simple/224301936673
fdeea06c5bdfd927,2026-05-31,포항,"5월 내돈내산 식당 모음｜부산 신가네호떡, 진주 양포항, 고성...",https://blog.naver.com/passion-simple/224301936673
82e917b553469b64,2026-05-31,종로,귀여운 꿈돌이 케이크가 있는 대전 카페 모도시 내돈내산 솔직...,https://blog.naver.com/meokzi/224301936650
82e917b553469b64,2026-05-31,대전,귀여운 꿈돌이 케이크가 있는 대전 카페 모도시 내돈내산 솔직...,https://blog.naver.com/meokzi/224301936650
7078ff0ec9546621,2026-05-31,청담,답십리역 미용실 온다결 | 청담동 출신 원장님의 합리적인...,https://blog.naver.com/kjh5962-/224301936140
1ee2046483c3bac4,2026-05-31,합정,합정 고급 양고기 맛집 | 국제양식,https://blog.naver.com/patriotism10/224301935682
6a49c1c9de4671dc,2026-05-31,전주,대여 '일상애' 내돈내산 솔직... 피팅 꿀팁 총정리(feat 헤어 맛집 ),https://blog.naver.com/daylog-zip/224301934405
080ad492d699259f,2026-05-31,부산,부산 전포 | 과일빙수 맛집 빙수당 내돈내산 후기,https://blog.naver.com/bin_days_/224301934055
a7701395780f9957,2026-05-31,부산,"[연산동 맛집 ] 부산 횟집... 100%, 연산동 ""도심속바다"" 내돈내산",https://blog.naver.com/jjijju12/224301933303
b07c88cb4b46dbf9,2026-05-31,부산,횟집 세일활어센타 가성비 제철 도다리 밀치회 내돈내산 후기,https://blog.naver.com/rlasdud_/224301933166
8ee9d85b65061372,2026-05-31,포항,[포항 양덕동] 박대포막창 : 날씨 좋아서 칼퇴 후 외식! 초벌...,https://blog.naver.com/teddy_life/224301932648
346284529a9fd6f8,2026-05-31,부산,"오산 오색시장 투어✌2 (부산어묵슬러시, 오색쑥호떡, 소라네김...",https://blog.naver.com/a5250/224301932381
9c01de400e8d1460,2026-05-31,수원,[수원 행궁동 맛집 ] 분위기에 취하고 맛에 반하는...,https://blog.naver.com/nasang0223/224301932168
d820f2f202b4b69e,2026-05-31,명동,"청주 [송절순대] 청주재방문 맛집 , 송절동 맛집 , 청주 봉명동 맛집 ...",https://blog.naver.com/yujin9587/224301930972
1e0d595545ac5789,2026-05-31,미사,미사 소고기 맛집 미사정육왕 시즌2 내돈내산 후기,https://blog.naver.com/rlawndms2486/224301930485
cf8562dfa974a242,2026-05-31,여수,"[신림역]신림순대타운,추천⭐️,또갈집,301호전라도여수",https://blog.naver.com/ej5639/224301930708
e8cdbc9542ae92fe,2026-05-31,포항,조용히 쉬어가기 좋은 포항 카페도도,https://blog.naver.com/nnllnnll069/224301929219
463091a1dd0ef9af,2026-05-31,속초,[속초 숙소] 1박 2일 소노캄 델피노 패밀리 슈페리어 트윈 4인...,https://blog.naver.com/overwheimed/224301929888
4f7105d76e81b020,2026-05-31,강동,"[강동 맛집 ] 소고기 한우, 돼지갈비 맛집 '오륜정' 후기(강동구...",https://blog.naver.com/fnffn5859/224301929544
9a4824fdf38f689f,2026-05-31,제주,제주 공항 근처 현지인 맛집 산방식당 도청직영점 메뉴 내돈내산,https://blog.naver.com/song0110/224301928662
f4f171aa7b53f939,2026-05-31,광주,광주 북구 일곡동 브런치 맛집 / 내돈내산 차차룸,https://blog.naver.com/ta27like/224301929095
e189dda15145cda2,2026-05-31,대전,관저점 분위기 맛집 퓨전 한식 데이트 술집 솔직 후기 내돈내산,https://blog.naver.com/jin4959/224301929146
bff68dfd5bc5a04e,2026-05-31,부천,"하이디라오 새로 오픈 방문 후기, 애견동반 가능한 부천역 맛집 !",https://blog.naver.com/0529rk/224301927658
db162bcbd48608f4,2026-05-31,성수,내돈내산 성수 분위기 좋은 곳 성수 감성 와인바 쏘티,https://blog.naver.com/danbi_0530/224301927799
5b346c9ecb4f8ef5,2026-05-31,전주,전주 교육청 브런치 효자동 카페 전주 라따블데뤼땡,https://blog.naver.com/thank_lovehouse/224301927034
7857788c83caafec,2026-05-31,시청,수원 인계동 맛집 - 마장동김씨 수원인계점 (수원시청역...,https://blog.naver.com/trak89/224301927141
7857788c83caafec,2026-05-31,수원,수원 인계동 맛집 - 마장동김씨 수원인계점 (수원시청역...,https://blog.naver.com/trak89/224301927141
61f49730f77c3e5d,2026-05-31,대구,동대구역신상카페 디저트 맛집 우시푸딩 내돈내산 후기,https://blog.naver.com/boastm/224301926825
e8b25482772a641d,2026-05-31,용산,"[용산] 하이타이 내돈내산 후기 (태국 요리 맛집 , 용산 팟타이...",https://blog.naver.com/biyongyong/224301926988
e6d967845c2dc0d3,2026-05-31,광교,"광교 앨리웨이 브런치 맛집 , 위커파크 다녀왔어요",https://blog.naver.com/happy_lively/224301925780
e6d967845c2dc0d3,2026-05-31,수원,"광교 앨리웨이 브런치 맛집 , 위커파크 다녀왔어요",https://blog.naver.com/happy_lively/224301925780
6aa6cbec867e7df0,2026-05-31,양양,30년 전통의 깊은 맛 양양 맛집 범바우막국수 양양본점,https://blog.naver.com/jackpark86/224301925709
dd1229f4973d0cb8,2026-05-31,건대,"바삭함의 끝판왕, 건대입구역 돈카츠 찐 맛집 내돈내산 솔직 후기",https://blog.naver.com/goodday_0928/224301924988
073cbb4c05b106bd,2026-05-31,대구,자가제면을 사용한 우동 전문점 가성비 혼밥 맛집 내돈내산,https://blog.naver.com/monbenogurume/224301924193
a9f5b230f2591d7e,2026-05-31,동대문,"[ 내돈내산 ] 방이동 닭한마리의 근본! 동대문닭한마리, 떡사리...",https://blog.naver.com/alohayuy/224301924203
46a0168475d5d9d7,2026-05-31,성수,"성수동일식당 메시, 뚝섬역에서 맛있는 일식을 먹을 수 있는 곳",https://blog.naver.com/terim_c/224301924394
46a0168475d5d9d7,2026-05-31,뚝섬,"성수동일식당 메시, 뚝섬역에서 맛있는 일식을 먹을 수 있는 곳",https://blog.naver.com/terim_c/224301924394
992a22750616d462,2026-05-31,대전,"대전 연축동 베이커리 카페 ""NTBR"" 내돈내산 솔직후기",https://blog.naver.com/doadoa0/224301924064
2e5ef20f1d201f3d,2026-05-31,양양,동해안 칼국수 맛집 깊은... 반한 '그린생칼국수' 내돈내산 ...,https://blog.naver.com/zcvscvx/224301923895
bba994b15f390815,2026-05-31,파주,[파주 맛집 ] 파주뼈칼국수 교하제면소,https://blog.naver.com/stoneteam/224301923890
d9c91639e47abfb6,2026-05-31,제주,"[제주 카페] 여름의 맛을 담다, '웨스턴 그라운드'에서 즐기는...",https://blog.naver.com/nasang0223/224301922592
835d59a56e8d6191,2026-05-31,연남동,홍대 연남동 맛집 내돈내산 감나무집 기사식당 24시 술집 밥집...,https://blog.naver.com/tontonlog/224301922791
835d59a56e8d6191,2026-05-31,홍대,홍대 연남동 맛집 내돈내산 감나무집 기사식당 24시 술집 밥집...,https://blog.naver.com/tontonlog/224301922791
8a135afb581fe50c,2026-05-31,분당,[고기리 맛집 ] 강원도막국수,https://blog.naver.com/sara3297/224301922236
ddff6a0d723aa0f6,2026-05-31,양재,[양재역술집] 닭 한 마리부터 닭갈비 구이까지 닭 요리의 모든...,https://blog.naver.com/mmmiinj_/224301921621
7cfb043d8c4829d4,2026-05-31,마포,투썸플레이스 마포대로점 케이크 종류 가격 메뉴 후기! 마포...,https://blog.naver.com/je3355je/224301921081
7cfb043d8c4829d4,2026-05-31,공덕,투썸플레이스 마포대로점 케이크 종류 가격 메뉴 후기! 마포...,https://blog.naver.com/je3355je/224301921081
b2880906595f7563,2026-05-31,일산,[일산 맛집 ] 일산소바 평일 웨이팅과 냉모밀까스 솔직 후기,https://blog.naver.com/nanalvmoment/224301920627
0c426c39b7ec0afc,2026-05-31,인천,비쥬얼이 좋은 장미 꽃아이스크림 꽃봉자 내돈내산 후기,https://blog.naver.com/boo97302/224301918952
c5a4aaa8bda3562e,2026-05-31,경주,경주 황리단길 찐 맛집 이사부... (ㅋㅋㅋㅋ) 내돈내산 찐후기...,https://blog.naver.com/5s0n9/224301919271
7f05aedb00d49d9f,2026-05-31,강릉,[강릉 맛집 ] 춘천으로 오라오라 하고 싶은 강릉 회전초밥 맛집 ...,https://blog.naver.com/dduhyunn_/224301919047
7f05aedb00d49d9f,2026-05-31,춘천,[강릉 맛집 ] 춘천으로 오라오라 하고 싶은 강릉 회전초밥 맛집 ...,https://blog.naver.com/dduhyunn_/224301919047
bfb1ded8f81074d8,2026-05-31,잠실,잠실 롯데월드몰 맛집 :: 오레노라멘 내돈내산 후기(카라빠이탄...,https://blog.naver.com/jieunou/224301918198
bfb1ded8f81074d8,2026-05-31,송파,잠실 롯데월드몰 맛집 :: 오레노라멘 내돈내산 후기(카라빠이탄...,https://blog.naver.com/jieunou/224301918198
27b231471a3bd9a4,2026-05-31,수원,[수원 맛집 ] 단체모임하기 좋고... 호매실 소고기 맛집 '우원소',https://blog.naver.com/i_zero_97/224301917371
c8df736f8924c376,2026-05-31,일산,일산 카페 | 다크오닉스 찐하고 달달한 망고빙수,https://blog.naver.com/hapiihapii/224301916788
7db089d502bf17a6,2026-05-31,김포,"[태릉, 공릉, 석계] 상추 모종 5월에도 파는 곳 @ 내돈내산",https://blog.naver.com/youngsoldier/224301916170
cb9892c79eaa531e,2026-05-31,인천,[인천 계양산 맛집 ] 함금옥통큰손쭈꾸미마을 불향 가득 내돈내산,https://blog.naver.com/coco240217/224301915881
31364e29bcbabf57,2026-05-31,일산,[일산 맛집 ] 일산시장 경양식 돈까스 '밤비노' 내돈내산 후기...,https://blog.naver.com/newborn_mommy/224301915350
31364e29bcbabf57,2026-05-31,고양,[일산 맛집 ] 일산시장 경양식 돈까스 '밤비노' 내돈내산 후기...,https://blog.naver.com/newborn_mommy/224301915350
b33ef632a6e8f0ba,2026-05-31,제주,"## **[제주 맛집 ] 대접받는 느낌 물씬, 부모님과 가기 좋은...",https://blog.naver.com/nasang0223/224301915263
86ccc65f0589740d,2026-05-31,안양,평촌 범계 맛집 김주방장중화제육 내돈내산 재방문 후기,https://blog.naver.com/tlswpgus987/224301914830
4aeeb8edd9c9dd5c,2026-05-31,강남,[ 내돈내산 ] 맥도날드 강남2호점 후기 | 회전율 좋아 더...,https://blog.naver.com/whitey_6/224301912523
437f3d397f3ea735,2026-05-31,파주,샌드위치 맛집 수고했어오늘도 운정점 파주카페 맛집 내돈내산 ...,https://blog.naver.com/sookyung9314/224281606738
ace069813c0ba3bf,2026-05-31,제주,"[제주 맛집 ] 현지인이 사랑하는 정식 맛집 , 서귀포 '춘미향식당...",https://blog.naver.com/nasang0223/224301912863
7405bdb7bec0be0b,2026-05-31,연남동,홍대/연남 카페 '아네모네시 케이크',https://blog.naver.com/thereismyhub/224301912111
7405bdb7bec0be0b,2026-05-31,홍대,홍대/연남 카페 '아네모네시 케이크',https://blog.naver.com/thereismyhub/224301912111
1b2258a067793bb2,2026-05-31,용산,끊임 없이 나오는 안주-용산은행나무포차( 내돈내산 ),https://blog.naver.com/ddongddong2ya/224301910186
5ab38eb1102b8211,2026-05-31,일산,원주 진짜매운짬뽕집 매운신짬뽕 내돈내산 후기,https://blog.naver.com/skch123_/224301910737
a387db3d33cb6b98,2026-05-31,대구,"주말 대구 서문시장 나들이｜에덴김밥, 돌쇠떡집, 비즈캐슬...",https://blog.naver.com/toto_here/224301909991
08fcec360e000af6,2026-05-31,대구,대구 신세계백화점 8층 용호낙지- 낙곱새,https://blog.naver.com/free-wing/224301909926
c21c4c13c00ac23e,2026-05-31,고양,"맥도날드 고양삼송DT점 주말 방문 내돈내산 후기, 아이와 가기...",https://blog.naver.com/shyu522/224301908765
cb17c6825d736e23,2026-05-31,제주,[제주 맛집 ] 왜 줄 서서 먹는지 알겠다! 제주 '우진해장국' 솔직...,https://blog.naver.com/nasang0223/224301909346
c37834f6af2b0bc0,2026-05-31,일산,[일산|밤리단길] 입에서 사르르 녹는 인생 푸딩! 포장 후기...,https://blog.naver.com/snowandring/224301909115
abc4f494778acd92,2026-05-31,여수,"[여수 맛집 ] 젤라또에 진심인 곳, '아이스크림옥' 내돈내산 솔직...",https://blog.naver.com/vely_jjojjo/224301908383
8f886557a149ef4c,2026-05-31,역삼,역삼역 오마카세 추천 '스시쇼우키' 1인 5만원 런치 내돈내산,https://blog.naver.com/shgudwn00/224301907901
c340f53603dadc53,2026-05-31,수원,[ 수원 ] 수원역 근처 야장 맛집 을 찾는다면? 팔딱오리,https://blog.naver.com/sti12young/224301908091
a808cd19fdb5a1a1,2026-05-31,경주,"부모님모시고 가기 좋은 내돈내산 경주 솥밥 맛집 , 복길 경주본점",https://blog.naver.com/gonghae3/224301908309
04a42c14c975898f,2026-05-31,제주,제주 카페 성산일출봉을 마주하는 가장 아름다운 방법...,https://blog.naver.com/nasang0223/224301906669
7148b1eae114030b,2026-05-31,대구,온 날 대구 감삼 골목맥주 N번째 내돈내산 ft 추천 안주 2가지,https://blog.naver.com/coke17088/224301906982
d092915f3e9e992d,2026-05-31,부산,[부산 부평동 맛집 ] 깡통시장 '2대째 소문난죽집' – 오묘하고...,https://blog.naver.com/what_msv/224301905883
c0859dacac235011,2026-05-31,포항,[포항 양덕] 양덕 소고기 맛집 '정대감 한우촌' 아빠 단골 소고기집,https://blog.naver.com/enbi0126/224301905250
4661e937c0c0bfaf,2026-05-31,부산,부산역 아침식사 24시간 완뚝순두부 해장으로도 제격인...,https://blog.naver.com/fndps14/224301905323
ed1951cff89a0b4c,2026-05-31,용산,용산역근처 고기 맛집 뜯고기 내돈내산,https://blog.naver.com/heeda_log/224301903703
85b1249079d61ae5,2026-05-31,인천,인천 송도 케이크 맛집 밀우(mealwoo),https://blog.naver.com/2581msy/224301903799
85b1249079d61ae5,2026-05-31,송도,인천 송도 케이크 맛집 밀우(mealwoo),https://blog.naver.com/2581msy/224301903799
7ab0b77254573be6,2026-05-31,부산,연산동 맛집 탐방 연산동뼈구이... 선인장카페 부산 맛집 !후기,https://blog.naver.com/sim0455_/224301903898
29fed34af0636a4c,2026-05-31,부산,부산 사상 고기집 오늘도 갈비곳간 도네누,https://blog.naver.com/tkddnr3295/224301903069
9732371e62a66fda,2026-05-31,인천,[인천 영종도] 구읍뱃터 맛집 & 숙소 내돈내산 추천,https://blog.naver.com/ssong_day/224301901029
3b46620e1f752f1f,2026-05-31,제주,"코코나라, 유니클로 제주이도점 쇼핑 1일차 총정리 내돈내산",https://blog.naver.com/iam_yeon__/224301900072
5fa014fa8fea2143,2026-05-31,잠실,롯데월드몰 딤딤섬 후기｜웨이팅해도 먹는 잠실 딤섬 맛집,https://blog.naver.com/every_summer/224301899918
5fa014fa8fea2143,2026-05-31,송파,롯데월드몰 딤딤섬 후기｜웨이팅해도 먹는 잠실 딤섬 맛집,https://blog.naver.com/every_summer/224301899918
8d3ef65baa690738,2026-05-31,사당,[사당역] 내돈내산 &솔직후기 | 사당 카공카페 | 사당 공부카페...,https://blog.naver.com/09he20/224301900431
8d3ef65baa690738,2026-05-31,서초,[사당역] 내돈내산 &솔직후기 | 사당 카공카페 | 사당 공부카페...,https://blog.naver.com/09he20/224301900431
b2f58f2e5e645aeb,2026-05-31,부산,울릉도 버스 시간표 위치 요금 운행노선 확인,https://bluebeat.tistory.com/312
b2f58f2e5e645aeb,2026-05-31,포항,울릉도 버스 시간표 위치 요금 운행노선 확인,https://bluebeat.tistory.com/312
b2f58f2e5e645aeb,2026-05-31,대구,울릉도 버스 시간표 위치 요금 운행노선 확인,https://bluebeat.tistory.com/312
004ca21f0e34e542,2026-05-31,하남,하남 스타필드 맛집 에베레스트 인도커리 내돈내산 후기,https://blog.naver.com/shanti777/224301899586
8aa0ff525d7e90ef,2026-05-31,청담,주말 저녁의 완벽한 꿀조합,https://blog.naver.com/sunhwa7615/224301899099
88f53ea8b252f430,2026-05-31,강남,[분당 미금 맛집 ] 미금역 근처 가성비 좋은 내돈내산 딤섬 맛집 ...,https://blog.naver.com/fatratmate/224301898429
88f53ea8b252f430,2026-05-31,분당,[분당 미금 맛집 ] 미금역 근처 가성비 좋은 내돈내산 딤섬 맛집 ...,https://blog.naver.com/fatratmate/224301898429
b5813035861e16b0,2026-05-31,마곡,[ 내돈내산 ] 마곡 한우 맛집 일품한우 후기｜고기 질이...,https://blog.naver.com/simba0_0-/224301899015
266105370fedec55,2026-05-31,경주,경주 금리단길 디저트 맛집 월정제과 밀푀유 후기,https://blog.naver.com/bbungseos2/224301898602
20ddaf888e233bbb,2026-05-31,부산,내돈내산 | 부산 기장 드라이브 코스로 들르기 좋은 맛집 ...,https://blog.naver.com/nueijeel_/224301898522
7411e70e97352774,2026-05-31,대전,갓포회담 | 대전 랍스터 디너 A코스 요리 일식 디너 내돈내산 ...,https://blog.naver.com/dmd_jm/224301897957
92722b788e0709e2,2026-05-31,대구,[대구] 현지인 셰프의 찐맛! 주차 편한 미포하노이 솔직후기,https://blog.naver.com/tasty_stay/224301897982
c3f3880c85cc474d,2026-05-31,대구,[대구 교동 맛집 ] 대구 교동 조개구이 맛집 남포 교동 핫플,https://blog.naver.com/cleanm1914/224301897890
04e4bad2545942b0,2026-05-31,제주,제주 서귀포 오션뷰 숙소｜가성비 좋은 골든아워제주 내돈내산 ...,https://blog.naver.com/hari_u/224301897289
536acf9ba46ad929,2026-05-31,일산,일산시장 순대국 맛집 포장후기(중앙식당),https://blog.naver.com/aysj1101/224301896670
ed4beb04cd1caf99,2026-05-31,청담,오늘의 힐링 야식: 크림진짬뽕,https://blog.naver.com/silver_rain-/224301896596
b997c670e5234364,2026-05-31,하남,[하남 미사] 24시간 미사 태닝샵 ’인앤아웃태닝 미사점...,https://blog.naver.com/0814dbfl/224301894942
b997c670e5234364,2026-05-31,미사,[하남 미사] 24시간 미사 태닝샵 ’인앤아웃태닝 미사점...,https://blog.naver.com/0814dbfl/224301894942
53500d441b92b7a0,2026-05-31,한남동,"용산, 한남 내돈내산 분위기 스페인음식 맛집 ‘레에스티우’...",https://blog.naver.com/hye_minyyy/224301895482
53500d441b92b7a0,2026-05-31,이태원,"용산, 한남 내돈내산 분위기 스페인음식 맛집 ‘레에스티우’...",https://blog.naver.com/hye_minyyy/224301895482
53500d441b92b7a0,2026-05-31,용산,"용산, 한남 내돈내산 분위기 스페인음식 맛집 ‘레에스티우’...",https://blog.naver.com/hye_minyyy/224301895482
f0ade13928f7fd64,2026-05-31,일산,코너스톤 카페 앤 버거 내돈내산 후기! 일산역 대형카페 추천,https://blog.naver.com/household1237/224301895225
25b9b0c37dfe1f4d,2026-05-31,고양,1년 전 긴 일상｜리얼 깔라만시｜다이소 고양이 스크래처...,https://blog.naver.com/hxkirakira/224301892157
566a1e1b39dd5a4b,2026-05-31,광화문,서울 광화문 맛집 화목순대국 내돈내산 후기,https://blog.naver.com/hy930224/224301891777
f511870224d5f7f8,2026-05-31,합정,"추천, 미국 감성 가득한 '루즈도어 커피 망원합정점' 내돈내산 후기",https://blog.naver.com/2d2_bonheur/224301892026
f511870224d5f7f8,2026-05-31,망원,"추천, 미국 감성 가득한 '루즈도어 커피 망원합정점' 내돈내산 후기",https://blog.naver.com/2d2_bonheur/224301892026
f511870224d5f7f8,2026-05-31,마포,"추천, 미국 감성 가득한 '루즈도어 커피 망원합정점' 내돈내산 후기",https://blog.naver.com/2d2_bonheur/224301892026
c2d7cdec20b079a2,2026-05-31,수원,행궁동 웨이팅 맛집 미가공 내돈내산 리뷰 닭고기 메밀 온면과...,https://blog.naver.com/dumbo6/224301891771
0a253dfc4a9c5d67,2026-05-31,일산,카페 베란다(VERANDA)- 분위기 좋은 감성 브런치 맛집 ☀️,https://blog.naver.com/jykim8802/224301571273
0a253dfc4a9c5d67,2026-05-31,고양,카페 베란다(VERANDA)- 분위기 좋은 감성 브런치 맛집 ☀️,https://blog.naver.com/jykim8802/224301571273
65a47a6dd7ea93cc,2026-05-31,망원,[서울/망원/청어람]전국구 곱창구이/곱창전골 솔직후기...,https://blog.naver.com/life_checkin/224301709401
da09f9f70f4fb0dc,2026-05-31,파주,[파주 운정 고기 맛집 ] 셀프바까지 완벽한 무한리필 고깃집...,https://blog.naver.com/malang486/224297704733
98a51622f9959011,2026-05-31,부산,"[곱창 맛집 ] 30년 전통의 내공, 현지인이 인정하는 수영...",https://blog.naver.com/bum5245/224301891178
8dfe91099c39e29f,2026-05-31,대구,대구 교동 조개구이 맛집 <남포> 내돈내산 조개구이 3~4인 셋트...,https://blog.naver.com/maxmini11/224301891127
dfd6bc645d4eb98b,2026-05-31,분당,서현에서 해장국 먹는다면? 제주은희네해장국 내돈내산 후기♬,https://blog.naver.com/ohjini1028/224301875567
dfd6bc645d4eb98b,2026-05-31,제주,서현에서 해장국 먹는다면? 제주은희네해장국 내돈내산 후기♬,https://blog.naver.com/ohjini1028/224301875567
a57e3efc102545bf,2026-05-31,경주,"경주 황리단길 맛집 ""마조르"" 프랑스 감성 브런치 내돈내산 후기!",https://blog.naver.com/bestgaori/224298401360
edabbdc9b17bd4e3,2026-05-31,안국,후 들르기 좋은 베이커리 카페 '프릳츠 원서점' ( 내돈내산 ) 후기,https://blog.naver.com/beanlog_zip/224301726567
2c3ecdc9110b6268,2026-05-31,의정부,주문 즉시 튀겨주는 가성비 폭발 단골 맛집 내돈내산 솔직후기,https://blog.naver.com/myeong9012/224300462094
408a9a33e23d5a80,2026-05-31,파주,[파주] 파주 맛집 “송우현의 파주 국물없는우동” 내돈내산 ...,https://blog.naver.com/hkjinroserose/224301888692
07dd524a64e97a87,2026-05-31,대전,( 내돈내산 ) 둔산동미용실 박승철헤어스튜디오 둔산이마트점...,https://blog.naver.com/pinkbluesky_/224301888563
b530975b9402f624,2026-05-31,청담,[ 맛집 ] 페코리노 | 청담동... 리조또 뇨끼 | 내돈내산 | 소개팅썰,https://blog.naver.com/leticia_j/224301888793
00d36064640fcf5d,2026-05-31,대구,[대구 맛집 ] 한결같은식당 감성 가정식식당 내돈내산 방문 리뷰,https://blog.naver.com/revieww__/224301888524
5d15a67166ebcfef,2026-05-31,파주,[파주가볼만한곳]파주야장 맛집 원두막에서 닭도리탕먹고...,https://blog.naver.com/mromro_/224301888248
170ba76fd7c25f08,2026-05-31,강릉,5월 마무리. 계속 놀고먹는 일상. 강릉. 낚시. 레사마켓. 와인....,https://blog.naver.com/yuuuurara/224301887824
37745c6bf41d054e,2026-05-31,문래,[문래] 오골계로 만든 라멘? 이치니이치,https://blog.naver.com/ramram17/224301887930
9305ba5423b14bde,2026-05-31,제주,[제주서쪽여행 애월숙소추천] 다인오세아노호텔 스위트 풀빌라...,https://blog.naver.com/yuna1103/224301888004
60c72c68bf6c5919,2026-05-31,대전,대전 | 중구 성심당근처 맛집 전참시 얼큰이칼국수 복수분식...,https://blog.naver.com/aestival08/224301887207
5f656f6e8ba60107,2026-05-31,속초,노원 횟집 속초종합어시장 노원점｜도다리 제철회 먹고 온 솔직...,https://blog.naver.com/bokssungimom/224301887570
642ea1508b41bb2f,2026-05-31,용산,[손세차] 용산 카앤덴트 본사 디테일링 기본세차 방문후기,https://blog.naver.com/withjinykim/224301887376
39813b14a9118877,2026-05-31,강남,강남 맛집 | 건강하게 먹고 싶을 때 [그린레시피] ( 내돈내산 /정보...,https://blog.naver.com/ari170701/224301886418
0d3ae714be2d5496,2026-05-31,하남,하남수산물시장 물회 맛집 [진선수산],https://blog.naver.com/tjd456456/224301886439
37d59e30357b5b53,2026-05-31,잠실,잠실 방이먹자골목 진성한우곱창 내돈내산 솔직후기,https://blog.naver.com/todoroki-3169917/224301885102
a6410cfafc3c35bb,2026-05-31,합정,"합정 야장 한강 바베큐 와이키키마켓 | 매점 주류, 간식 리스트",https://blog.naver.com/minginginging/224301884965
3698bb8e2a6a0bb4,2026-05-31,분당,성남 분당 야탑 소고기 맛집 홍박사생고기 한우 회식 추천 후기,https://blog.naver.com/jjjjy0_0/224301883764
68de09d76aafa925,2026-05-31,김포,김포 장기 카페 / 원장커피,https://blog.naver.com/rerehiling/224301883778
4b1b96575fcf92e1,2026-05-31,의정부,의정부 소바 맛집 ‘삼동소바 의정부녹양점’ 내돈내산 후기,https://blog.naver.com/bomb0mlove/224301882932
fb20555b455f89ed,2026-05-31,파주,파주 헤이리마을 맛집 강희정면가(구 용궁칼국수) 애견동반...,https://blog.naver.com/an_nyeong2/224301883214
bc8642a49426d1c1,2026-05-31,일산,"6,000원 100% 국산 우리콩 갈아 만든 콩국수 8,000원 내돈내산",https://blog.naver.com/clebuno1/224301883544
79df353b9a7e9f90,2026-05-31,부산,"맛집 ] 나만 알고 싶은 심야 식당 ""가이단"" (KAIDAN) 내돈내산 ...",https://blog.naver.com/jjeo-log/224301882457
b538cdcf2ea46e38,2026-05-31,제주,초벌에 육즙 가득했던 제주 흑돼지( 내돈내산 후기),https://blog.naver.com/tjdrud7227/224301882182
29d8234b4bdf3578,2026-05-31,성수,"성수 베이커리 맛집 하츠베이커리｜주말 웨이팅, 메뉴, 추천 빵...",https://blog.naver.com/k_juvely/224301881713
9d45e8bece3f6873,2026-05-31,인천,인천 종합버스터미널 시간표 예매 요금 편의시설 공유,https://bluebeat.tistory.com/398
d0311c1315509ab6,2026-05-31,의정부,의정부 신시가지 양꼬치 맛집 '경성양꼬치' 마라꼬치 추천,https://blog.naver.com/dnguswn0309/224301881273
8be356050e21e369,2026-05-31,제주,제주 탄산온천 인근 산방산국수 맛집 고기국수 만원 점심,https://blog.naver.com/realrevolution/224301881417
1d0bfbb87ce2d073,2026-05-31,강남,공존하는 복합문화공간 '셀렉티드닉스' 내돈내산 솔직후기!,https://blog.naver.com/justbesimple/224301880447
95ad6806f5469f9c,2026-05-31,양재,양재 [더바냐] 감성까지 좋은 양식 맛집 / 내돈내산 추천,https://blog.naver.com/wltn9289/224301880562
60c54497793cf9ef,2026-05-31,시청,경기 부천ㅣ부천시청역 카페 베이커리 맛집 베이커리호프...,https://blog.naver.com/tjsn_n/224301880829
60c54497793cf9ef,2026-05-31,부천,경기 부천ㅣ부천시청역 카페 베이커리 맛집 베이커리호프...,https://blog.naver.com/tjsn_n/224301880829
a644689c09e3ffcd,2026-05-31,강남,[강남] 양재 햄버거 맛집 '원스타 올드패션드 도곡점' 육즙 가득...,https://blog.naver.com/somei0428/224301879613
a644689c09e3ffcd,2026-05-31,양재,[강남] 양재 햄버거 맛집 '원스타 올드패션드 도곡점' 육즙 가득...,https://blog.naver.com/somei0428/224301879613
177d1750bb10fafb,2026-05-31,대전,대전 탄방동 뇨끼 맛집 디까르네 내돈내산 후기,https://blog.naver.com/dyoeee_/224301879610
a76c397e783310a9,2026-05-31,포항,포항 효자동 곱창 저녁 현지인 데이트 내돈내산 맛집,https://blog.naver.com/mine_120/224301879928
0b7114de2776fc25,2026-05-31,송파,송파 가락몰 회포장 형제수산 : 가락시장 횟집 24시간 제철...,https://blog.naver.com/ha1236665/224301880172
0b7114de2776fc25,2026-05-31,석촌,송파 가락몰 회포장 형제수산 : 가락시장 횟집 24시간 제철...,https://blog.naver.com/ha1236665/224301880172
0b7114de2776fc25,2026-05-31,석촌호수,송파 가락몰 회포장 형제수산 : 가락시장 횟집 24시간 제철...,https://blog.naver.com/ha1236665/224301880172
480d536c42505c56,2026-05-31,대전,[대전] 대전 꾸드뱅 에그타르트 후기｜평일 오픈런 성공!,https://blog.naver.com/yynee18/224301879857
556bf633d460d118,2026-05-31,구리,"[구리디지털] 가성비 일식당, 긴자료코 방문 후기 (돈까스&우동)",https://blog.naver.com/julie_21696/224301879523
8071353059d9c5bd,2026-05-31,인천,아리아리랑 | 한정식 |코스요리 | 상견례 추천 맛집 | 내돈내산,https://blog.naver.com/precious567/224301879344
8071353059d9c5bd,2026-05-31,송도,아리아리랑 | 한정식 |코스요리 | 상견례 추천 맛집 | 내돈내산,https://blog.naver.com/precious567/224301879344
a5f07193be4a3601,2026-05-31,포항,포항 죽도시장 맛집 : 백성회 박달대게세트 내돈내산,https://blog.naver.com/dsartclub/224301879484
f20248b42e54aaf5,2026-05-31,더현대서울,내돈내산 :: 대구 반월당 스시 맛집 더현대 스시준~ 14년 단골...,https://blog.naver.com/jaenacon79/224301878341
f20248b42e54aaf5,2026-05-31,대구,내돈내산 :: 대구 반월당 스시 맛집 더현대 스시준~ 14년 단골...,https://blog.naver.com/jaenacon79/224301878341
82ee9cf85a88d0d0,2026-05-31,안양,[산본] 중독성있는 매운등갈비 팔덕식당 산본점 내돈내산 후기,https://blog.naver.com/ekgpdl330/224301878773
899eb7ebc261b618,2026-05-31,잠실,용호동낙지 롯데월드몰 잠실 내돈내산,https://blog.naver.com/todaycarpediem/224301878495
d4ed533c3732530e,2026-05-31,광주,2026년 조대버거 솔직 후기 조선대 학생들 사이 왜 유명한지...,https://blog.naver.com/jihyun8037/224301878050
69d655e56d7cead8,2026-05-31,안양,[ 내돈내산 ] 안양 예술공원 치킨 맛집 . 간단하게 한잔하기 좋은...,https://blog.naver.com/totanns/224301877643
2c2f7cd8cd051f85,2026-05-31,전주,"<전주 맛집 > 아중리 오가네 닭강정( 내돈내산 , 인생치킨을 만나다)",https://blog.naver.com/style3v/224301877113
ffcec7dbde520273,2026-05-31,양양,[양양] 26년 5월 양양여행 3일차,https://blog.naver.com/koliucu/224301876933
efb4dc9145ec64fb,2026-05-31,해방촌,광주 야장 해방촌 :: 포장마차 감성 찐 맛집 / 뼈찜세트 추천,https://blog.naver.com/eunkiko/224301876944
efb4dc9145ec64fb,2026-05-31,광주,광주 야장 해방촌 :: 포장마차 감성 찐 맛집 / 뼈찜세트 추천,https://blog.naver.com/eunkiko/224301876944
5d872a9a0a47aabc,2026-05-31,일산,평양냉면전문점' 대화동 로컬 평양냉면 맛집 내돈내산 후기,https://blog.naver.com/sunrise_park93/224301875870
50551ad4f0ee0644,2026-05-31,부산,부산 당감동 고깃집 소갈비살 전문점 <안락정> 내돈내산 간단후기,https://blog.naver.com/hyunjinshe/224301875755
f4523fae2fb14bdf,2026-05-31,사당,이가네양꼬치 사당점 서울 양꼬치 맛집 내돈내산 후기(웨이팅...,https://blog.naver.com/h_sory/224301875811
f4523fae2fb14bdf,2026-05-31,방배,이가네양꼬치 사당점 서울 양꼬치 맛집 내돈내산 후기(웨이팅...,https://blog.naver.com/h_sory/224301875811
f4523fae2fb14bdf,2026-05-31,서초,이가네양꼬치 사당점 서울 양꼬치 맛집 내돈내산 후기(웨이팅...,https://blog.naver.com/h_sory/224301875811
a842ea385e68249a,2026-05-31,수원,행궁동빙수 카페딩동 호텔망고빙수를 가성비있게,https://blog.naver.com/soda_ne/224301875442
5bf710e7fb2d46e2,2026-05-31,한남동,[라크루다] 약수 버티고개 멕시칸 타코 현지의 맛 쌀음료까지!,https://blog.naver.com/girorkwang/224301872284
ce190982bf506742,2026-05-31,강남,강남역 한정식 맛집 조양관 강남 상견례 추천,https://blog.naver.com/ggaeb_ee/224301872444
373c07ab05e1e6c4,2026-05-31,수원,"[수원/우만동] ""주모 여기 막걸리 주시오!"" 외치게 되는 찐...",https://blog.naver.com/daily_mandung_2/224301871832
f660723b2e58834c,2026-05-31,강남,☕️[카페] 신사 가로수길 카페 그레이그리스트밀 내돈내산 후기,https://blog.naver.com/hachorok/224301870488
f660723b2e58834c,2026-05-31,신사,☕️[카페] 신사 가로수길 카페 그레이그리스트밀 내돈내산 후기,https://blog.naver.com/hachorok/224301870488
f660723b2e58834c,2026-05-31,가로수길,☕️[카페] 신사 가로수길 카페 그레이그리스트밀 내돈내산 후기,https://blog.naver.com/hachorok/224301870488
a0d528d4369b53e8,2026-05-31,송파,"송파 문정 야장 고깃집 후기 ( 내돈내산 항정살 맛집 , + 문정 야장...",https://blog.naver.com/daonyya/224301870860
13cdc352f4e8d4b1,2026-05-31,일산,[일산 맛집 ] 미나미참치... 데이트코스(260522) | 내돈내산,https://blog.naver.com/an_dsk90/224301869049
b98e3745ffe3525d,2026-05-31,남양주,[남양주 | 호평동] 내돈내산 리뷰 / 가성비 맛집 / 호평동 회전...,https://blog.naver.com/mysms_99/224301869343
20d8a880f37da594,2026-05-31,부산,"[부산 맛집 ] 해리단길에서... 즐기는 특별한 스페인요리 맛집 , 발레",https://blog.naver.com/heeheeheeee/224301868638
20d8a880f37da594,2026-05-31,대구,"[부산 맛집 ] 해리단길에서... 즐기는 특별한 스페인요리 맛집 , 발레",https://blog.naver.com/heeheeheeee/224301868638
754b8df628b1da5e,2026-05-31,대구,26년 5월의 어느 날,https://blog.naver.com/hay_le/224301868606
0c17bd454ebb0f3d,2026-05-31,안국,"[ 내돈내산 ] 안국역 브런치 맛집 , 도트블랭킷 안국점 방문 후기",https://blog.naver.com/seo2_-/224301868304
0c17bd454ebb0f3d,2026-05-31,종로,"[ 내돈내산 ] 안국역 브런치 맛집 , 도트블랭킷 안국점 방문 후기",https://blog.naver.com/seo2_-/224301868304
49d04384768e9ef7,2026-05-31,안양,이석민피자 안양 배달피자 맛집 집들이메뉴 난이도 높은...,https://blog.naver.com/creammy114/224301868628
e85f9a6d42b76817,2026-05-31,파주,"[남양주 호평동 맛집 ] 파주닭국수 호평점, 진한 들깨닭국수와...",https://blog.naver.com/shinskylove/224301868221
e85f9a6d42b76817,2026-05-31,남양주,"[남양주 호평동 맛집 ] 파주닭국수 호평점, 진한 들깨닭국수와...",https://blog.naver.com/shinskylove/224301868221
cb0668d3f565030c,2026-05-31,대전,"두피관리 내돈내산 후기, 두피 정밀 진단 후 탈모케어&두피...",https://blog.naver.com/mha0715/224301867744
f2e16d9aa02acd1b,2026-05-31,종로,[종로 맛집 ] 소바 맛집 튀김 맛집 내돈내산 후기 - 희희,https://blog.naver.com/djtptls55/224301867452
f2e16d9aa02acd1b,2026-05-31,공덕,[종로 맛집 ] 소바 맛집 튀김 맛집 내돈내산 후기 - 희희,https://blog.naver.com/djtptls55/224301867452
f197a0f49cc189ec,2026-05-31,이태원,[양양] 26년 5월 양양여행 2일차,https://blog.naver.com/koliucu/224301867488
f197a0f49cc189ec,2026-05-31,양양,[양양] 26년 5월 양양여행 2일차,https://blog.naver.com/koliucu/224301867488
8d0b6789c2f9d6c3,2026-05-31,용산,용리단길 용산 맛집 대만식... 위치 주차 등 내돈내산 방문 후기,https://blog.naver.com/kingeonnivivian/224301866650
5b5d5818648d23b1,2026-05-31,신사,소금카라멜 휘낭시에 딸기우유마카롱 외 N개 내돈내산 솔직후기,https://blog.naver.com/sangs1789/224301866301
15ae8b55fb7fb983,2026-05-31,방배,"방배 빵지순례 컨트리보이 후기(웨이팅, 구매제한 주차 등)",https://blog.naver.com/heej6868/224301866565
a7cb2fc771046a1e,2026-05-31,인천,마라공방 [마라탕 맛집 시민공원역 점심 추천 내돈내산 솔직후기],https://blog.naver.com/1000-jung/224301866208
8d62915f18c76d16,2026-05-31,대전,대전 | 대전중앙시장 내돈내산 맛집 리스트 솔이네계란빵...,https://blog.naver.com/mugja30/224301865406
4295cdec596277ff,2026-05-31,일산,"고양동 중국집 맛집 , 북경반점 완전추천♡",https://blog.naver.com/jhmin2102/224301864406
4295cdec596277ff,2026-05-31,고양,"고양동 중국집 맛집 , 북경반점 완전추천♡",https://blog.naver.com/jhmin2102/224301864406
15bac408f4dd7e2d,2026-05-31,대구,"청주 오창 뽈찜, 아구찜, 해물찜, 알찜, 대구지리 원조 맛집 !...",https://blog.naver.com/alstkd2198/224301864663
0ec4e5f3cd37c271,2026-05-31,부산,[부산/연산동] 박복순 쪽갈비,https://blog.naver.com/mdraenge/224301864672
3e8d2b449150597a,2026-05-31,포항,포항 영일대 현지인 단골 웰빙횟집 재방문 후기,https://blog.naver.com/zjaal333/224301863426
8b4428e5b1a1cb87,2026-05-31,인천,코지하우스 인천부평점 신메뉴 내돈내산 선불카드 이용 방문 후기,https://blog.naver.com/heartseon/224301863384
e0ac7e3934389e3b,2026-05-31,대구,대구 다사대실 속눈썹펌 맛집 자연스럽고 유지력 좋은곳...,https://blog.naver.com/ssh_1047/224301862742
b9a48693bbb09cd7,2026-05-31,대구,대구 성서 스시 귀빈 추천,https://blog.naver.com/sujinng_/224301862257
f2d29c15183024b1,2026-05-31,파주,[파주] 파주 데이트 코스 추천! 분위기 좋은 앤틱 레스토랑...,https://blog.naver.com/jungssolove/224301861938
cb8ef0b22a62be63,2026-05-31,더현대서울,[더현대 서울 카페 추천] 아이와 함께 다녀온 핫플 에스프레소...,https://blog.naver.com/fvivian/224301860258
05790b0066eb72cc,2026-05-31,서촌,숨은 냉면 맛집 ‘이가면옥’ 냉면+왕만두 꿀조합 내돈내산 후기,https://blog.naver.com/nowadays1107/224301860791
05790b0066eb72cc,2026-05-31,종로,숨은 냉면 맛집 ‘이가면옥’ 냉면+왕만두 꿀조합 내돈내산 후기,https://blog.naver.com/nowadays1107/224301860791
88b80924c149fa69,2026-05-31,부산,오늘의 술집추천✊ 수영구 숙성회 맛집 아산이자카야 내돈내산 ...,https://blog.naver.com/008800ii/224301860057
3c5a125939ce141f,2026-05-31,부산,지도에도 없는 부산 숨은 가성비 노포 김밥 맛집 내돈내산 후기,https://blog.naver.com/yoo_luna/224301859701
e76dd0491d779936,2026-05-31,성수,성수 에스파 팝업 성수역 맛집 아임도넛 내돈내산 ...,https://blog.naver.com/pingpang0/224301860182
9ea90e0c6af8ea5e,2026-05-31,대구,"대구 수성구 범어동 24시간 영업 만두 맛집 ""대가손만두...",https://blog.naver.com/did3473/224301860221
ba55030725d168f2,2026-05-31,부산,맛집 쌈보보쌈 한상차림 가족외식 추천 주차 웨이팅 내돈내산,https://blog.naver.com/khn7364/224301860146
bd170619583c724d,2026-05-31,남양주,남양주호텔 호텔퀸스 좋았던 솔직후기 내돈내산,https://blog.naver.com/donjayouda/224301859219
43378eaf4a1e4392,2026-05-31,가평,@운악채한옥마을 가평 : 한옥 독채 단층형 내돈내산 2박 9호실...,https://blog.naver.com/hagd_ay/224301858551
6ba5e373fa6c1879,2026-05-31,혜화,혜화 맛집 스케치테이블 내돈내산 솔직후기,https://blog.naver.com/love-to-you/224301858071
6ba5e373fa6c1879,2026-05-31,대학로,혜화 맛집 스케치테이블 내돈내산 솔직후기,https://blog.naver.com/love-to-you/224301858071
2eb864bcf28cd6a8,2026-05-31,광명,"광명사거리 브런치 맛집 , 훕훕베이글 광명사거리점 내돈내산 ...",https://blog.naver.com/sxxgxxx/224301857362
55b28a05db66cfc7,2026-05-31,천호,[올리브영다이어트 추천] 슬림밸런스 grn으로 시작하는 건강한...,https://blog.naver.com/onlylixe/224301857002
97530c4b5002e601,2026-05-31,대구,대구 동성로 맛집 신라식당 한일점 내돈내산,https://blog.naver.com/mink1004z/224301856634
54fe108be7b1fb9a,2026-05-31,인천,[ 내돈내산 ] 인천 월미도 오션뷰 가성비 카페 추천! 엔제리너스...,https://blog.naver.com/mooness0126/224301856679
eba3191983420a38,2026-05-31,송파,송파 오금동 맛집 해산물과 회가 가득한 물회,https://blog.naver.com/fndps14/224301856086
094ce8fa2b40ec00,2026-05-31,시청,부천 대형카페 포레스트365 카페 브런치 후기,https://blog.naver.com/lee_doll/224301855954
094ce8fa2b40ec00,2026-05-31,부천,부천 대형카페 포레스트365 카페 브런치 후기,https://blog.naver.com/lee_doll/224301855954
0ad9595dad0fb015,2026-05-31,천호,골프 마니아'와 함께한 ㅣ골프존카운티 안성H 라운딩 ( 내돈내산 ),https://blog.naver.com/chung-0611/224301855591
0ad9595dad0fb015,2026-05-31,속초,골프 마니아'와 함께한 ㅣ골프존카운티 안성H 라운딩 ( 내돈내산 ),https://blog.naver.com/chung-0611/224301855591
f342823290b65073,2026-05-31,제주,제주도 흑돼지와 해산물 한 번에 먹을 수 있는 성산일출봉 근처...,https://blog.naver.com/foodrecipe_1004/224301854738
5314e5af3ff320ea,2026-05-31,판교,"식당가 맛집 제주상춘재, 만족스러운 한식 한상 내돈내산",https://blog.naver.com/khm4411727/224301854058
5314e5af3ff320ea,2026-05-31,제주,"식당가 맛집 제주상춘재, 만족스러운 한식 한상 내돈내산",https://blog.naver.com/khm4411727/224301854058
7272061067a5f8c2,2026-05-31,광주,무등산 증심사 산책로 포레스트 뷰 미술관 춘설차 춘설빵 후기...,https://blog.naver.com/cangchichi/224301854445
1a2ffaaa9c973738,2026-05-31,인사동,"[서울/인사동] 도미인 EXPRESS 호텔, 조식 사우나 야식라멘...",https://blog.naver.com/s2s2751/224301853509
8d066cb6965aafd8,2026-05-31,용산,서울 용산구 *AUZ*,https://blog.naver.com/shnara61/224301853651
9e09e497e7bdc1c9,2026-05-31,망원,[망원 카페] 호버(Hover coffee) 내돈내산 후기(+분위기 맛집 ...,https://blog.naver.com/wmfrjdnsgkfn0507/224301853693
e5089bff3586a4ee,2026-05-31,분당,"분당 정자점 (feat. 정자역 맛집 , 낙곱새, 한우곱창국밥)",https://blog.naver.com/cuetygirl/224301852672
e5089bff3586a4ee,2026-05-31,정자,"분당 정자점 (feat. 정자역 맛집 , 낙곱새, 한우곱창국밥)",https://blog.naver.com/cuetygirl/224301852672
e5089bff3586a4ee,2026-05-31,광명,"분당 정자점 (feat. 정자역 맛집 , 낙곱새, 한우곱창국밥)",https://blog.naver.com/cuetygirl/224301852672
4b9b825134ae9570,2026-05-31,부산,[부산 맛집 ] 가성비 좋은 현지인 추천 부전시장 밥집...,https://blog.naver.com/g_roadh/224301852253
12ea0aee1382189d,2026-05-31,신사,신사 뷔페 | 가성비 좋은 주류 무제한 호텔뷔페 리버사이드...,https://blog.naver.com/eunjicho98/224301851182
14e8aabeb8243bcc,2026-05-31,강남,선릉 맛집 농민백암순대 본점 내돈내산 후기 서울 3대 순대국...,https://blog.naver.com/tastyloopy/224301850765
14e8aabeb8243bcc,2026-05-31,선릉,선릉 맛집 농민백암순대 본점 내돈내산 후기 서울 3대 순대국...,https://blog.naver.com/tastyloopy/224301850765
14e8aabeb8243bcc,2026-05-31,부산,선릉 맛집 농민백암순대 본점 내돈내산 후기 서울 3대 순대국...,https://blog.naver.com/tastyloopy/224301850765
faabb130a8406627,2026-05-31,문래,[문래] 로라멘 교카이 돈코츠 솔직 후기,https://blog.naver.com/ramram17/224301851169
2d8a4712928934ae,2026-05-31,마포,족발을 시켰는데 떡볶이 순대가 무한 !! 마포왕족발,https://blog.naver.com/flaneurdays/224301848626
2d8a4712928934ae,2026-05-31,공덕,족발을 시켰는데 떡볶이 순대가 무한 !! 마포왕족발,https://blog.naver.com/flaneurdays/224301848626
23bdbfe4cf5d0f85,2026-05-31,마포,불광역 맛집 <마포소금구이> 내돈내산 후기,https://blog.naver.com/congdaeng/224301636599
276938081303b8c0,2026-05-31,가로수길,창원 가로수길 신상 맛집 루포 파스타,https://blog.naver.com/jea3420/224301850239
adf1754989ac043c,2026-05-31,대구,[ 내돈내산 대구 수성구 맛집 ] 착한낙지 수성점｜낙지볶음덮밥...,https://blog.naver.com/dogsaunds/224301849703
4cc26012298f4279,2026-05-31,파주,파주 당하동 카페 씨포레스트 ｜ 비 오는 날 더 좋았던 초콜릿...,https://blog.naver.com/paconi/224301849846
52f01df9bb6ecfc5,2026-05-31,대구,( 내돈내산 ) 대구 남구 서부정류장 술집 맛집 ‘대구 생골뱅이’...,https://blog.naver.com/tjsgp6345/224301849165
502b80d5b54dcbb6,2026-05-31,대구,대구 성서 계대 돼지고기 맛집 #양기생돼지양념구이 (중독됨.....,https://blog.naver.com/sujinng_/224301847969
18fa5ea2b1fdd3e4,2026-05-31,인천,미나리 삼겹살 맛집 목구멍 인천구월점 내돈내산 솔직후기,https://blog.naver.com/mingtortilla/224301848119
589720623d408ab0,2026-05-31,문래,"술집 추천, 분위기 좋고 가성비 좋은 데이트 맛집 내돈내산 후기!",https://blog.naver.com/mings_92/224301847979
5308f6194757385c,2026-05-31,수원,이나경씨 보고왔습니다! 이나경송탄 부대찌개 내돈내산 후기!,https://blog.naver.com/jun5601-/224301847250
706fd09b18cd2a5f,2026-05-31,동대문,동대문 호텔뷔페 가든세레노/가성비 좋은 런치뷔페!,https://blog.naver.com/mi7337y/224301846885
4b1cbd4369534c50,2026-05-31,연남동,"홍대·연남동 라멘 맛집 사루카메 내돈내산 후기, 미쉐린 가이드...",https://blog.naver.com/1hdkdkj/224301846635
4b1cbd4369534c50,2026-05-31,홍대,"홍대·연남동 라멘 맛집 사루카메 내돈내산 후기, 미쉐린 가이드...",https://blog.naver.com/1hdkdkj/224301846635
4b1cbd4369534c50,2026-05-31,마포,"홍대·연남동 라멘 맛집 사루카메 내돈내산 후기, 미쉐린 가이드...",https://blog.naver.com/1hdkdkj/224301846635
c7771bb1cc71ff4a,2026-05-31,잠실,시원한 물회가 땡길 땐 | 송파 잠실 물회 맛집 | 완도산회 송파별관,https://blog.naver.com/emal715/224301846671
c7771bb1cc71ff4a,2026-05-31,송파,시원한 물회가 땡길 땐 | 송파 잠실 물회 맛집 | 완도산회 송파별관,https://blog.naver.com/emal715/224301846671
8e9a021023247159,2026-05-31,잠실,맛집 ]세카로 스테이크_세카로 스테이크 무한리필 내돈내산 ...,https://blog.naver.com/poyokej/224301846382
8e9a021023247159,2026-05-31,송파,맛집 ]세카로 스테이크_세카로 스테이크 무한리필 내돈내산 ...,https://blog.naver.com/poyokej/224301846382
0b8a3924e4509b93,2026-05-31,강남,강남쌀국수 양재점 내돈내산 후기 | 메뉴판 가격 총정리,https://blog.naver.com/elena_kim1/224301845952
0b8a3924e4509b93,2026-05-31,양재,강남쌀국수 양재점 내돈내산 후기 | 메뉴판 가격 총정리,https://blog.naver.com/elena_kim1/224301845952
84f6248de760e017,2026-05-31,여의도,"한강뷰 맥주 맛집 , <기린이찌방 프리미엄 비어바>, 내돈내산 후기",https://blog.naver.com/daytraveller/224301845482
bfb75e45ecba66bc,2026-05-31,부산,내돈내산 부산 사직동 맛집 라무진,https://blog.naver.com/myamyahehe/224301844805
5438133a70bc78d4,2026-05-31,송도,[송도 레터링케이크] 꽃다발 뺨치는 예쁜 생화케이크 맛집 ...,https://blog.naver.com/myapricitylife/224301845312
cc46bdd437c7345e,2026-05-31,강남,"청담예복 추천, 애스콧테일러 방문상담, 가격, 후기",https://blog.naver.com/minji_43/224292285288
cc46bdd437c7345e,2026-05-31,청담,"청담예복 추천, 애스콧테일러 방문상담, 가격, 후기",https://blog.naver.com/minji_43/224292285288
b86db4fc6d7ae938,2026-05-31,여수,암꽃게 게장 웨이팅 맛집 | ‘꽃돌게장1번가’ 내돈내산 솔직후기,https://blog.naver.com/kimay070500/224301844415
d9dab619ee669c2b,2026-05-31,수원,[수원/망포동] 부먹인데 바삭바삭해? 탕수육 맛집 금화루,https://blog.naver.com/daily_mandung_2/224301844515
6fadd6f03558966d,2026-05-31,코엑스,"근처 카페 '피어커피'( 플랫화이트, 버터바 ) 내돈내산 방문 후기!",https://blog.naver.com/zkdlwms132/224301843814
5fd4633172848317,2026-05-31,대구,칠성동 맛집 칠성시장 근처 쌀국수집 왓타타이 내돈내산 리뷰,https://blog.naver.com/operation-car/224301843213
324a6cc60faa4a87,2026-05-31,전주,"AI 시대의 윤리, 이병학 교수님 경영학과 유진규 [전주 객사...",https://blog.naver.com/dbwlsrb11/224301842921
abeff67e76e88a61,2026-05-31,문래,문래동 카페 / 느좋 카페 '베르데커피' 디저트 맛집,https://blog.naver.com/mozzi_111/224301843376
5e4ec6917d987b1e,2026-05-31,종로,[대구/중구] 종로 분위기 있는 이자카야 ' 요바나시 ' 솔직 후기,https://blog.naver.com/emothing_/224301841919
5e4ec6917d987b1e,2026-05-31,대구,[대구/중구] 종로 분위기 있는 이자카야 ' 요바나시 ' 솔직 후기,https://blog.naver.com/emothing_/224301841919
b30e4c36304cbfd4,2026-05-31,대구,[ 요모 ] 대구 신세계백화점 근처 일본 꼬치집 추천 | 일본 감성...,https://blog.naver.com/monglby0120/224301841799
f8a85bca174b491a,2026-05-31,일산,일산 정발산 맛집 내돈내산 일산 브런치 카페 추천,https://blog.naver.com/rrnfrrnfl/224301841496
13c9a7d8fcea5e33,2026-05-31,고양,″부처님오신날 흥국사 다녀왔다가 밥 한 공기 더 먹게 된 곳...,https://blog.naver.com/kkjh8436/224301840832
6b706dd6bd3d83e8,2026-05-31,한남동,[한남 아벡쉐리] 당 떨어질 때 이태원 디저트 한남 소금빵 맛집 ...,https://blog.naver.com/t_mddn0208/224301840736
6b706dd6bd3d83e8,2026-05-31,이태원,[한남 아벡쉐리] 당 떨어질 때 이태원 디저트 한남 소금빵 맛집 ...,https://blog.naver.com/t_mddn0208/224301840736
805e09da7c049eba,2026-05-31,대구,"[칠곡브런치] 대구 칠곡에서 맛있는 브런치, 수국 맛집 소소래...",https://blog.naver.com/drawingirls/224301840401
b7fc33274757c311,2026-05-31,강남,역삼역 맛집 <안목 강남역삼> 후기_ 돼지국밥,https://blog.naver.com/glows-/224301840796
b7fc33274757c311,2026-05-31,역삼,역삼역 맛집 <안목 강남역삼> 후기_ 돼지국밥,https://blog.naver.com/glows-/224301840796
40e118d1d405b2ff,2026-05-31,종로,[영업직 리뷰] 신용산역 목포명가 용산점_ 내돈내산 / 주차꿀팁...,https://blog.naver.com/login-out/224301839795
40e118d1d405b2ff,2026-05-31,용산,[영업직 리뷰] 신용산역 목포명가 용산점_ 내돈내산 / 주차꿀팁...,https://blog.naver.com/login-out/224301839795
d69fd307ee3b24aa,2026-05-31,수원,수원신동카페거리 맛집 쿄와동 내돈내산,https://blog.naver.com/gayoung1743/224301839727
ab9f295ce91b7043,2026-05-31,판교,"판교 맛집 , 판교돈까스 맛집 , 카츠쇼쿠도우 판교본점 내돈내산 후기",https://blog.naver.com/mynameissunshine/224301839295
55c2aad2915ca852,2026-05-31,용산,[오일제] 용산/삼각지 맛집 | 들깨미역국 딱 하나만 파는 찐 맛집 ...,https://blog.naver.com/serendipity_happy/224301839365
c51d7392c637f466,2026-05-31,여의도,서울 여의도 맞춤셔츠 수트 후기 로고스 셔츠,https://blog.naver.com/juu1730/224301838291
4865a3e0a60b1566,2026-05-31,수원,[수원] 망포역 작업하기 좋은 카페 추천 라떼 맛집 잭바츠,https://blog.naver.com/hoh_0m/224301838777
f335fc60edd58675,2026-05-31,제주,[제주도] 제주 애월 오션뷰 고기국수 맛집 ‘아침바다 고기...,https://blog.naver.com/4_15log/224301838672
6a056129cb593615,2026-05-31,가로수길,김해 맛집 율하2지구 맛집 소복회,https://blog.naver.com/jea3420/224301836960
9cdbcc198c37c56c,2026-05-31,부산,[부산 전포 맛집 ] 돈까스 파스타 고온 내돈내산 후기,https://blog.naver.com/so_rrrrr/224301837066
538c4521b3c0a5b2,2026-05-31,송도,명인설렁탕 한우육회냉면 송도 센트럴파크 맛집 점심 후기,https://blog.naver.com/jinilove12/224301836788
d63ada8930b86ff7,2026-05-31,대구,[대구 서문시장 먹거리] 고소함 폭발! 겉바속촉 추억의 맛...,https://blog.naver.com/coma112233/224301836768
b8849ce8e0a63c95,2026-05-31,부산,[ 광안리 베이커리 1티어 / 내돈내산 솔직후기 / 실타례...,https://blog.naver.com/byseouni/224301836398
e52c8033b493e39e,2026-05-31,일산,있는 일산 칼국수 맛집 '꼬부리칼국수 냉모밀' 내돈내산 솔직후기,https://blog.naver.com/ssong_127/224301836637
25f3c87e300cb35d,2026-05-31,한남동,[서울 용산구] 한남동 피자 맛집 호머피자 / 메뉴 내돈내산,https://blog.naver.com/gg_ang/224301835512
25f3c87e300cb35d,2026-05-31,이태원,[서울 용산구] 한남동 피자 맛집 호머피자 / 메뉴 내돈내산,https://blog.naver.com/gg_ang/224301835512
25f3c87e300cb35d,2026-05-31,용산,[서울 용산구] 한남동 피자 맛집 호머피자 / 메뉴 내돈내산,https://blog.naver.com/gg_ang/224301835512
7143b4dc251895b1,2026-05-31,가평,[가평] 디저트 맛집 카페 나무아래오후N 솔직 후기 I 애견동반...,https://blog.naver.com/scr01961/224301835600
c65160c7a9177ed5,2026-05-31,제주,환불받고 싶을 정도로 기분 잡친 인스타 핫플 솔직후기 내돈내산,https://blog.naver.com/iam_yeon__/224301835392
b5b96e7b3fc42bbc,2026-05-31,강남,강남역 회전초밥집 갓덴스시 강남점 캐치테이블,https://blog.naver.com/happygusday/224301835009
a2ef148648d3248e,2026-05-31,용산,30대학생일상 여름맞이 아이쇼핑과 테라브레스 로젠지캔디,https://blog.naver.com/slow-log/224301834819
dcf15ad57617bdd4,2026-05-31,인천,[인천/동인천] 빈티지 보물찾기! '오슬로우 마켓' 축제 리얼...,https://blog.naver.com/longblack27/224301835165
0ae5c95b7238852b,2026-05-31,송파,"풍납동 맛집 유천냉면 본점 후기, 물냉면 먹고 꽃길 산책까지",https://blog.naver.com/yjlim98/224301834197
fa6bdef57c90f0b4,2026-05-31,과천,[과천] 계곡뷰 능이버섯백숙 돌담집식당 내돈내산 후기,https://blog.naver.com/azaz0304/224301833573
1cbf20c92ba09abf,2026-05-31,대전,"대전 대청호 맛집 슈하스코 추천, 더리스",https://blog.naver.com/ruzicoo/224301833350
6dfc4e3601e2bc4e,2026-05-31,강남,[서울/강남] 강남역 3만원대 속눈썹펌 | 무쌍 속눈썹펌 내돈내산 ...,https://blog.naver.com/g825d/224301833209
9ba8c34ecf89685d,2026-05-31,인천,2시간 오픈런의 추억과 팔레트 디저트 확장 방문기 ( 내돈내산 )...,https://blog.naver.com/mingdi_couple/224301833078
42ab54ba8081bf27,2026-05-31,서초,[ 맛집 ] 칼국수로 건물 세운 집 - 서초동 칼국수 맛집 ...,https://blog.naver.com/whyd_house/224301832133
42ab54ba8081bf27,2026-05-31,양재,[ 맛집 ] 칼국수로 건물 세운 집 - 서초동 칼국수 맛집 ...,https://blog.naver.com/whyd_house/224301832133
78a4ae6ef130e4f6,2026-05-31,의정부,나만 알고 싶었던 의정부 치킨 맛집 찐 내돈내산 최진사통닭...,https://blog.naver.com/jyejye124/224301831969
2d828ffbbe74168a,2026-05-31,강남,마곡 돈가스 맛집 오제제 마곡코엑스점 내돈내산 후기,https://blog.naver.com/sileelife/224301831590
2d828ffbbe74168a,2026-05-31,코엑스,마곡 돈가스 맛집 오제제 마곡코엑스점 내돈내산 후기,https://blog.naver.com/sileelife/224301831590
2d828ffbbe74168a,2026-05-31,마곡,마곡 돈가스 맛집 오제제 마곡코엑스점 내돈내산 후기,https://blog.naver.com/sileelife/224301831590
00c3acc5f76f737d,2026-05-31,제주,맛집 숙자네숟가락젓가락 갈치 한상세트 4인 후기 내돈내산,https://blog.naver.com/raccoon_candy/224301831838
483c97400cd2d28c,2026-05-31,해방촌,[해방촌] 브런치 오파토,https://blog.naver.com/lyric097/224301831863
483c97400cd2d28c,2026-05-31,용산,[해방촌] 브런치 오파토,https://blog.naver.com/lyric097/224301831863
7aa6ebd793f10c4a,2026-05-31,하남,"라미에스 하남점 침대프레임, 식탁, 소파 구입후기",https://blog.naver.com/yelly9306/224301831429
c70c3a6a3bfbebb2,2026-05-31,인천,"인하대 맛집 , 인천 고수찜닭 본점 내돈내산 후기",https://blog.naver.com/tech_n_economy/224301831222
2e96ec3f21febb04,2026-05-31,정자,옛날가마솥순대/ 모듬순대/ 내장/ 신메뉴 김치순대/ 내돈내산,https://blog.naver.com/qnewssun/224296229271
3a7ec09968e2dc7e,2026-05-31,대구,대구 중구 동성로 디저트 맛집 오디너리하우스,https://blog.naver.com/jhslls/224301831107
56681d6c3b6f8a09,2026-05-31,역삼,역삼GFC 맛집 퓨전한식 정희(고사리크림수제비 강추),https://blog.naver.com/rhdms0426/224301830371
599eea0b01a30dcb,2026-05-31,제주,"[제주시] 제주시 근처 카페 모음 ;) 무상 찻집, 치크 포포, 아베베...",https://blog.naver.com/happy2sy_/224301830265
ac937e84a3f3aa6c,2026-05-31,여수,"여수 죽림 맛집 ""고기한 낙지"", 깊은 맛의 불낙 버섯전골과 불향...",https://blog.naver.com/edenmart/224301829377
0ebf03b5ea36eeed,2026-05-31,강릉,강릉 탑스텐 호텔 솔직후기,https://blog.naver.com/chj28266/224301828127
6662c657ddc75680,2026-05-31,강릉,[양양] 26년 5월 양양여행 1일차,https://blog.naver.com/koliucu/224301828206
6662c657ddc75680,2026-05-31,양양,[양양] 26년 5월 양양여행 1일차,https://blog.naver.com/koliucu/224301828206
4133fde2121aa6d6,2026-05-31,김포,[김포 맛집 ] 웨이팅 필수! 세월이 증명하는 노포 국수 맛집 ...,https://blog.naver.com/audghk1129/224301828327
f43ba6db4919346f,2026-05-31,대구,"동촌유원지 맛집 ... 망우공원 맛집 , 대구동촌 맛집 , 효목동 맛집 ...",https://blog.naver.com/yoon__-/224301828358
6b66b4f3f5d06206,2026-05-31,대구,칼칼 양념오뎅 동성로 로컬 맛집 분식 내돈내산 솔직후기,https://blog.naver.com/cherrycoke99_/224301827047
4326181f0ad40ae3,2026-05-31,대구,대구 칠곡경대병원 콩국수 칼국수 맛집 내돈내산 | 대백손칼국수,https://blog.naver.com/lovekifu/224301827174
239b3a234ca14576,2026-05-31,여수,이어진 파노라마 오션뷰와 루프탑 테라스의 낭만 ( 내돈내산 ),https://blog.naver.com/mingming_love7/224301826476
a2b8db8d48bcb829,2026-05-31,인천,인터뷰잇 인천미추홀점 이용 후기 [100% 내돈내산 ],https://blog.naver.com/s4341607/224301826092
24da1eecdc4b4cba,2026-05-31,광명,하기 좋은 곳 명륜진사갈비 광명사거리점 광명사거리역 맛집,https://blog.naver.com/gongbuyou/224301826352
a64b2700e50f666e,2026-05-31,대구,[대구 삼덕동 이자카야 야키토리 맛집 ] 이쵸야 숯불에 직접 굽는...,https://blog.naver.com/fpal1742/224301825389
6630a1c9126e4213,2026-05-31,망원,망원 맛집 헤키 내돈내산 솔직 후기｜주말 웨이팅 꿀팁,https://blog.naver.com/charin_log/224301824761
6630a1c9126e4213,2026-05-31,강동,망원 맛집 헤키 내돈내산 솔직 후기｜주말 웨이팅 꿀팁,https://blog.naver.com/charin_log/224301824761
f77a1f203b23eb3d,2026-05-31,수원,[오렌지베이글]광고지만 내돈내산 으로 또 찾은 수원빵 맛집 !...,https://blog.naver.com/chichi324/224301824828
846229715c402586,2026-05-31,용산,용산동 먹자골목 맛집 까미생막창 대구 달서구 용산1동,https://blog.naver.com/eg0day/224301824238
846229715c402586,2026-05-31,대구,용산동 먹자골목 맛집 까미생막창 대구 달서구 용산1동,https://blog.naver.com/eg0day/224301824238
551b4035aa7c7469,2026-05-31,연남동,"[연남]'히사시돈부리'_ 내돈내산 연남 연어동 맛집 , 삼색연어동이...",https://blog.naver.com/5bamboo_forest2/224301824444
8fe3594c4ff7ded5,2026-05-31,동대문,청량리역 맛집 호우섬 내돈내산 도삭면 뽀짜이판 꿔바육 후기,https://blog.naver.com/pupufing/224301824607
7e0f6d4031f0db2f,2026-05-31,마포,[마포구/공덕] 공덕역 근처 정겨운 분위기 속에서 시원한...,https://blog.naver.com/tth22/224301823840
7e0f6d4031f0db2f,2026-05-31,공덕,[마포구/공덕] 공덕역 근처 정겨운 분위기 속에서 시원한...,https://blog.naver.com/tth22/224301823840
88fe24adcfddae8d,2026-05-31,선릉,[선릉역] 선릉역 고기집 풍년집 내돈내산,https://blog.naver.com/hiheyhello0/224301823908
673e4a1d85e1f4d0,2026-05-31,용산,내돈내산 / 용산 남영역 피자 맛집 레이브피자/ 내가 좋아하는 찐...,https://blog.naver.com/darkness9664/224301821132
f829b0ab20f7f86f,2026-05-31,대전,대전 맛집 둔산동 점심 맛집 가성비 좋은 훈제오리 점심특선...,https://blog.naver.com/luckeeee/224301821027
749b571c4a93989f,2026-05-31,강남,강남 칵테일 무제한 '비랩 강남본점' 안주반입 가능한 가성비...,https://blog.naver.com/iancolorlab/224301820118
a41b08a28afabdbc,2026-05-31,인천,[인천 송도 카페] 송도 꾸덕 초코바게트 맛집 찾았다!...,https://blog.naver.com/jjongeuni_/224301820063
a41b08a28afabdbc,2026-05-31,송도,[인천 송도 카페] 송도 꾸덕 초코바게트 맛집 찾았다!...,https://blog.naver.com/jjongeuni_/224301820063
5100ce8b8f7ab46c,2026-05-31,전주,전주 한옥마을 카페 서보 샌드위치 먹고 싶을 때 가보자,https://blog.naver.com/zzirrrr/224301819382
900a54998006ff1a,2026-05-31,수원,정지영 커피로스터즈 코코넛라떼,https://blog.naver.com/jinsolcloud/224301819556
a9170ddc70c48f5d,2026-05-31,부산,사상역 고깃집 초필살 돼지구이 사상점,https://blog.naver.com/hitto1227/224301818265
b57deec7d950234d,2026-05-31,포항,전문점 내 돈 내산 후기 주차장... 두호동 현지인 맛집,https://blog.naver.com/ljo3482/224301818398
4f3353805aa789f0,2026-05-31,강남,[ 내돈내산 ] 강남 쪽 돌잔치... 딱 좋아 보였던 선릉 맛집 '동화고옥',https://blog.naver.com/writer19/224301818486
4f3353805aa789f0,2026-05-31,선릉,[ 내돈내산 ] 강남 쪽 돌잔치... 딱 좋아 보였던 선릉 맛집 '동화고옥',https://blog.naver.com/writer19/224301818486
90bbaf149d46f3e3,2026-05-31,강남,냄새 세게나는 우드톤 느좋카페 내돈내산 후기 (원두 선택 가능),https://blog.naver.com/oomnyaam/224300016620
90bbaf149d46f3e3,2026-05-31,압구정,냄새 세게나는 우드톤 느좋카페 내돈내산 후기 (원두 선택 가능),https://blog.naver.com/oomnyaam/224300016620
6d055d7c9754e593,2026-05-31,분당,정자역 맛집 이가네양꼬치 정자직영점｜양갈비 맛집 내돈내산,https://blog.naver.com/xihyxnss/224301817727
6d055d7c9754e593,2026-05-31,정자,정자역 맛집 이가네양꼬치 정자직영점｜양갈비 맛집 내돈내산,https://blog.naver.com/xihyxnss/224301817727
6c6404b44295cbea,2026-05-31,강남,[비와별닭갈비 논현직영점] : 강남논현역 신논현역 양많고...,https://blog.naver.com/yeon_ms1202/224301817060
c7ce8f642ffcf080,2026-05-31,한남동,다이닝 맛집 ] 레에스티우 런치 가격 주차 내돈내산 후기(+장원영...,https://blog.naver.com/jangpan1000won/224301816776
c7ce8f642ffcf080,2026-05-31,용산,다이닝 맛집 ] 레에스티우 런치 가격 주차 내돈내산 후기(+장원영...,https://blog.naver.com/jangpan1000won/224301816776
ba51319f52f6b996,2026-05-31,부산,서면 안주 맛집 ‘가련한부엌’ 후기 | 서면 술집 추천,https://blog.naver.com/jinjineeeeee/224301816934
5ce04d368b0b04cf,2026-05-31,용산,용산 미슐랭 빕구르망 오근내2닭갈비 N번째 방문 내돈내산 후기,https://blog.naver.com/haayo_/224301816125
b22db8263c95e7d3,2026-05-31,명동,초밥 맛집 으로 유명한 상무초밥 유성점 내돈내산 후기 및 주차...,https://blog.naver.com/moonppo7/224301814958
b22db8263c95e7d3,2026-05-31,대전,초밥 맛집 으로 유명한 상무초밥 유성점 내돈내산 후기 및 주차...,https://blog.naver.com/moonppo7/224301814958
35629bcc40daf974,2026-05-31,경주,"내돈내산 경주 황오동 카페 '릿',여기 스콘이랑 커피에 진심이네요",https://blog.naver.com/jhys486486/224301814921
e6131c7b0bce9a8d,2026-05-31,수원,수원 행궁동 테라스 카페 추천 노팅힐 베이커리 (딸기케이크 맛집 ),https://blog.naver.com/thebagle3/224301814817
5899f8c635572212,2026-05-31,부천,[부천 신상 맛집 ] 진원소우 부천점 소고기 무한리필 내돈내산 ...,https://blog.naver.com/78297904/224301814767
721610bb1fb0a6a5,2026-05-31,인천,인천 영종도 | 빨간거짱구네 본점,https://blog.naver.com/foodietrainee/224301813719
a3d2810ca4321d2c,2026-05-31,삼성,중앙해장 내돈내산 웨이팅 싫을 땐 서초점,https://blog.naver.com/ban__di/224297813636
a3d2810ca4321d2c,2026-05-31,서초,중앙해장 내돈내산 웨이팅 싫을 땐 서초점,https://blog.naver.com/ban__di/224297813636
67f73cdaf34c2df1,2026-05-31,구리,"신상 디저트 케이크 도전, <두바이 아이스박스> 내돈내산 솔직후기",https://blog.naver.com/dongji_97/224301810356
e1478aa73f7b7812,2026-05-31,대구,"대구 근교 힐링 여행, 부모님과 가기 좋은 현풍 ‘비슬산 참숯굴...",https://blog.naver.com/pure5038/224301810462
67dbd66061473d7e,2026-05-31,광주,광주 상무지구 뷔페 다이닝원 주말 내돈내산 솔직후기,https://blog.naver.com/didue_/224301810519
0d6ab2eb9a75aae6,2026-05-31,김포,[김포 카페] 소금빵 맛집 / 디저트 카페 / 김포 운양동에 위치한...,https://blog.naver.com/ss2um/224301810432
3eaf4b27c27461ee,2026-05-31,석촌,"소피텔 앰버서더 서울 페메종 주말 조식 3부제 시간(+가격, 메뉴)",https://blog.naver.com/dbwl4298/224301809901
3eaf4b27c27461ee,2026-05-31,석촌호수,"소피텔 앰버서더 서울 페메종 주말 조식 3부제 시간(+가격, 메뉴)",https://blog.naver.com/dbwl4298/224301809901
f2533ec0459abc60,2026-05-31,양평,[양평 맛집 ] 단돈 6천 원의... 문호리국수집 내돈내산 솔직후기,https://blog.naver.com/nadonsanday/224301809986
f6521f9f17958023,2026-05-31,제주,교래리 성미가든 도민이 인정한 닭샤브샤브 코스 내돈내산 후기!,https://blog.naver.com/park-moon4565/224301808838
e376227c19544481,2026-05-31,대구,대구 사아까 라멘집 내돈내산,https://blog.naver.com/demonstration1004/224301808031
af9b4967a069e987,2026-05-31,광주,[광주/첨단] 광주 냉면 맛집 _청석골칡냉면 내돈내산 후기,https://blog.naver.com/gayajisun/224301808263
005b1dd3fb04edbb,2026-05-31,부산,[부산] 전포 수육 맛집 갱상도 간받이수육에 해물칼국수까지,https://blog.naver.com/suunn247/224301808049
222bcafb639a404f,2026-05-31,인천,인천 주안 맛집 수제돈까스 드림식당 내돈내산 방문후기,https://blog.naver.com/msh1740/224301807068
9549587b59f8f63d,2026-05-31,서초,교대 맛집 교대이층집본점,https://blog.naver.com/mi_zzin/224301807496
9549587b59f8f63d,2026-05-31,교대,교대 맛집 교대이층집본점,https://blog.naver.com/mi_zzin/224301807496
5b2906b97133c225,2026-05-31,광주,용봉동 전철우사거리 맛집 찐단골집 062닭발 내돈내산 (구...,https://blog.naver.com/nayaamm/224301807457
a20ae8a3c4dc6b69,2026-05-31,대구,{대구 경대북문 맛집 }도토리원돈까스 내돈내산 솔직후기...,https://blog.naver.com/lsov1013/224301807598
a5aa2cb58842d284,2026-05-31,제주,야키니쿠제주 내돈내산 리뷰 맛있는 제주소고기 제주한우 맛집,https://blog.naver.com/meogeoping/224301807301
ac17578921ae8ac8,2026-05-31,강남,강남 쌀국수 가성비 맛집 땀땀 내돈내산,https://blog.naver.com/maker_joy/224301806898
b01eb4a154029d79,2026-05-31,광주,(음식점/광주시 광산구) 복마니돌짜장짬뽕_돌판 짜장면이...,https://blog.naver.com/yhd7273/224301806545
70140a18b11bb37d,2026-05-31,파주,3살 6살 아이 둘 다 대만족! 파주 대형 무제한 종일제 아지동...,https://blog.naver.com/gagu_village/224301806205
338c04d9bd0fba92,2026-05-31,광주,[52번째 맛집 탐방] 광주... 빛나는 상추백반 참치찌개 맛집,https://blog.naver.com/crazymet2/224301805962
5fa5bbcf8a5d9097,2026-05-31,명동,[대전/봉명동] 양이 대혜자인 농민뜨끈이 옥천뼈구이(왕강추),https://blog.naver.com/goldg-/224301804746
5fa5bbcf8a5d9097,2026-05-31,대전,[대전/봉명동] 양이 대혜자인 농민뜨끈이 옥천뼈구이(왕강추),https://blog.naver.com/goldg-/224301804746
0c461de730cb1e78,2026-05-31,부산,부산 기장 카페 맛집 | 대형... “ 방문후기 2탄( 내돈내산 ),https://blog.naver.com/moonglade15/224301803449
91032d9d94d97ef3,2026-05-31,인천,인천 미추홀구 맛집 풍년미가 게장정식 주안직영점 가성비 좋고...,https://blog.naver.com/gihaebba/224301804137
98b0a13f0df62bb7,2026-05-31,강남,강남 삼겹살 추천 돌주물판 고기와 짜파게티까지 좋았어요,https://blog.naver.com/xuxelepn/224301803686
2006b62126910e85,2026-05-31,대구,대구 남원골추어탕 모든 메뉴 맛집,https://blog.naver.com/howpc2001/224301802917
dc034f79eaeb1a1a,2026-05-31,명동,[[명동 맛집 ] 하이디라오가... '하이하이숯불꼬치' 내돈내산 ...,https://blog.naver.com/sun_24life/224298474364
2c799924cfbcc0f6,2026-05-31,인천,인천 내돈내산맛집 송주불냉면 계산점 2단계 도전 후기,https://blog.naver.com/xini_30/224301802469
70cdcd1034cc7488,2026-05-31,일산,이수 신상 산도 맛집 ‘퐁슬’ 내돈내산 추천 후기 ☁️,https://blog.naver.com/wi1d_oats/224301802354
d1207abfd727a4c6,2026-05-31,여의도,"[여의도 맛집 /콩국수 맛집 ]진주집 냉콩국수,닭칼국수,접시만두...",https://blog.naver.com/thdal8324/224301801567
08d486aee80f4b42,2026-05-31,고양,해피 12월 ㅣ 생일 그리고 크리스마스,https://blog.naver.com/ihilog/224301801251
f7c8d543f32f7949,2026-05-31,시청,부천시청 맛집 직장인점심추천 황금동태탕 내돈내산 후기,https://blog.naver.com/diller22/224301801070
f7c8d543f32f7949,2026-05-31,부천,부천시청 맛집 직장인점심추천 황금동태탕 내돈내산 후기,https://blog.naver.com/diller22/224301801070
d9a497726c0a542b,2026-05-31,인천,인천 송도동 센트럴파크 와인 맛집 내돈내산 솔직후기...,https://blog.naver.com/muapiece/224301799911
d9a497726c0a542b,2026-05-31,송도,인천 송도동 센트럴파크 와인 맛집 내돈내산 솔직후기...,https://blog.naver.com/muapiece/224301799911
b3fe4b5def2ac1e0,2026-05-31,안양,"[안양 맛집 ] 빙글빙글 돌아가는 통구이의 유혹, 노포 감성...",https://blog.naver.com/ssbigman/224301798717
ae2135145c548ad0,2026-05-31,마곡,김보람초콜릿 마곡직영점 • 마곡 답례품 | 마곡 디저트 | 마곡...,https://blog.naver.com/clodie_j/224301798438
a3ecfb973bd420b4,2026-05-31,여의도,ㅣ 믿고 먹는 크림커피 라떼 맛집 여의도커피 내돈내산 추천 후기,https://blog.naver.com/isyuk104/224301798434
a3ecfb973bd420b4,2026-05-31,더현대서울,ㅣ 믿고 먹는 크림커피 라떼 맛집 여의도커피 내돈내산 추천 후기,https://blog.naver.com/isyuk104/224301798434
1f5e2a10c09bf6e3,2026-05-31,익선동,"[익선동 맛집 ] 카나르, 백탕... 육수 카모시오라멘 후기 내돈내산",https://blog.naver.com/mabae29/224301798238
ec6d1495f0ed2e62,2026-05-31,문래,"영등포 문래창작촌 맛집 이가주루, 깐풍기에 반해서 단골된 술집",https://blog.naver.com/hank_work/224301797907
44c3b9dba182f70b,2026-05-31,제주,제주 성산일출봉 /어우름제주고기국수 (성산본점),https://blog.naver.com/didizhdb/224301796377
8f7267b4622f4802,2026-05-31,부산,더로하) 더로하 아기 옷 신세계센텀시티 부산 팝업 방문 후기,https://blog.naver.com/hero3198/224301796444
52474ebd6b2a8227,2026-05-31,부산,"부산 부모님 모시고 가기 좋은 냉수탕가든, 내돈내산 리얼후기",https://blog.naver.com/ssy3669/224301796563
2d8e89b50a9ae9d6,2026-05-31,수원,대전여행 도안동 맛집 가수원 명태랑 류명호 본점 내돈내산 ...,https://blog.naver.com/leeyju4/224301794927
2d8e89b50a9ae9d6,2026-05-31,대전,대전여행 도안동 맛집 가수원 명태랑 류명호 본점 내돈내산 ...,https://blog.naver.com/leeyju4/224301794927
fc28d55e26e7c9ff,2026-05-31,대전,내동 대패삼겹살 맛집 조와따대패 술 무한리필 주차 내돈내산,https://blog.naver.com/faview/224301794635
658d7e2bbf2049e7,2026-05-31,파주,파주 풍천뻘장어 | 보신음식 불신론자의 만성변비를 낫게 한...,https://blog.naver.com/manee_20/224301794321
405c223757da89d1,2026-05-31,대구,대구 달서구 초복 맛집 홍이네대왕조개전골 조개삼계탕과 100...,https://blog.naver.com/kkyj0070/224301794030
9f45949d985d877e,2026-05-31,하남,광주하남 맛집 보배반점 광주하남2지구점 내돈내산 후기 주차...,https://blog.naver.com/haemi789/224301792928
9f45949d985d877e,2026-05-31,광주,광주하남 맛집 보배반점 광주하남2지구점 내돈내산 후기 주차...,https://blog.naver.com/haemi789/224301792928
ee7e1c2dcbaaeee9,2026-05-31,김포,김포공항 롯데몰 중식 맛집 chai 797 후기,https://blog.naver.com/skykjh6922/224301793012
7e947b60c6795acf,2026-05-31,분당,그릭요거트 그릭 산도 맛집 수지 맛집 [인더볼] 내돈내산 후기,https://blog.naver.com/beefchoi/224301793324
569f333ad195f87a,2026-05-31,광화문,서울 메밀면 맛집 광화문미진 내돈내산,https://blog.naver.com/zxlixz/224301792500
1bafa40386476c22,2026-05-31,안양,"우거지, 감자가 무한리필 안양역 맛집 _형제들감자탕 [f. 인삼]",https://blog.naver.com/ahskep/224301791811
7978a89e2555751a,2026-05-31,인천,송도 인천대입구 삼겹살 맛집 정육왕도 인정한 녹돼야지 송도,https://blog.naver.com/handa_life/224301790988
7978a89e2555751a,2026-05-31,송도,송도 인천대입구 삼겹살 맛집 정육왕도 인정한 녹돼야지 송도,https://blog.naver.com/handa_life/224301790988
d551fb66ba06feca,2026-05-31,용산,[신용산 맛집 ] 집집 - 불스지에... 배 빵빵한 후기 / 용산 주민 맛집,https://blog.naver.com/note_and/224301790872
ad918468847dda07,2026-05-31,명동,광주 동명동 돌애 내돈내산,https://blog.naver.com/istp-0805/224301790534
ad918468847dda07,2026-05-31,광주,광주 동명동 돌애 내돈내산,https://blog.naver.com/istp-0805/224301790534
0278bbc7be66d8bc,2026-05-31,대전,[대전 맛집 ] 괴정동 정도... 방문한 내돈내산 후기 (오마카세 전체...,https://blog.naver.com/gyuljjing/224301789598
6eee23aabb0e2d8d,2026-05-31,대전,"안개 낀 장가계에서 소름 돋았던 풍경, 보봉호 다녀왔어요",https://blog.naver.com/maker_lemonade/224298952860
0257b84701d93b2c,2026-05-31,잠실,[잠실롯데월드몰] 내돈내산 “ 한정선 ” 후기 ◡̈,https://blog.naver.com/ghdi1975/224301788560
91d5f2a3776c4174,2026-05-31,대구,[대구 신상 카페] 6/1 가오픈! 카페룰리오가닉 수성구청점 발...,https://blog.naver.com/coffeeprincess1/224301788679
91456a61eb58f817,2026-05-31,대학로,[대학로] 제철 초밥 즐기 수 있는 키타스시,https://blog.naver.com/eunji3741/224301308750
2d831f3421d66b49,2026-05-31,대전,대전 둔산동 '가츠비' 돈까스 맛집 [ 내돈내산 ],https://blog.naver.com/yum-yumlife/224301787713
9e14014d067548e6,2026-05-31,광주,[광주 운암동 맛집 /운암동 돈가스]::돈까스만드는남자,https://blog.naver.com/ksms0330/224301787469
5adf18ed997e10be,2026-05-31,속초,현지인 맛집 _ 등대샤브샤브칼국수 내돈내산 솔직후기...,https://blog.naver.com/tpgmldi01/224301787146
b20363c5c6ccdd44,2026-05-31,일산,밤리단길 디저트 카이막 소금빵 맛집 주차 가능 카페 ! 내돈내산 !,https://blog.naver.com/booribooripong/224301786581
248dd6cbe6f95660,2026-05-31,인천,#인천 구월동 설렁탕 맛집 설농가,https://blog.naver.com/pedagogic/224301785702
936a59519c0b988e,2026-05-31,인천,시드니 자유여행 인천공항 1터미널 출국 & 푸드코트 경성분식...,https://blog.naver.com/bonni22/224301785073
1b33c216b2c199ba,2026-05-31,수원,[카페] 수원 인계동 느좋카페 / 내돈내산 넓고 커피 찐맛도리집...,https://blog.naver.com/wanikong/224301785255
44d0cd19c03cfee8,2026-05-31,대전,[대전 소제동 카페] 여행지 (여전히 행복한 지금),https://blog.naver.com/bennlia_33/224301784171
f4aeba1c8cea9bd4,2026-05-31,제주,"알려주는 준비물, 자전거 대여, 가성비 숙소 & 맛집 총정리!",https://blog.naver.com/xlrrmfdl3/224301784627
8ff640db957c2437,2026-05-31,일산,내돈내산 철원양평해장국... 일산 양평해장국 맛집 베스트 1등,https://blog.naver.com/dohapotato/224301784443
8ff640db957c2437,2026-05-31,양평,내돈내산 철원양평해장국... 일산 양평해장국 맛집 베스트 1등,https://blog.naver.com/dohapotato/224301784443
c202386ed5581d4a,2026-05-31,명동,봉명동삼겹살 대전에서 제대로된 오겹살 먹는법!...,https://blog.naver.com/dss02071/224301783900
c202386ed5581d4a,2026-05-31,대전,봉명동삼겹살 대전에서 제대로된 오겹살 먹는법!...,https://blog.naver.com/dss02071/224301783900
519485fb7377213c,2026-05-31,잠실,"잠실새내 고기집, 잠실새내 삼겹살 / 강강추 고기 구워주는 맛집",https://blog.naver.com/myjennie0121/224301783501
fa9fed4b02f7cd87,2026-05-31,부산,용가회전훠거 부산서면점 ㅣ 내돈내산 꿀팁 ㅣ1시간 웨이팅...,https://blog.naver.com/cha_ling_/224301783728
27b0d210436ae2b0,2026-05-31,부산,온천장 카페 종종자주 내돈내산 추천 후기,https://blog.naver.com/bomonz/224301782826
de148867e7836005,2026-05-31,대전,"맛집 ] 대전 떡반집 본점, 치즈 떡볶이에 토스트 조합 내돈내산 ...",https://blog.naver.com/kkag2479/224301782716
d0e7c6408e45d7c2,2026-05-31,연남동,"홍대 소금빵 맛집 , 자연도소금빵 포장후기 내돈내산",https://blog.naver.com/shineeyj/224301782002
d0e7c6408e45d7c2,2026-05-31,홍대,"홍대 소금빵 맛집 , 자연도소금빵 포장후기 내돈내산",https://blog.naver.com/shineeyj/224301782002
89b93b242425bb79,2026-05-31,서초,내돈내산 서초 / 양재시민의숲역 술집 [ 느린마을 양조장 ]...,https://blog.naver.com/ralphauren/224301782391
89b93b242425bb79,2026-05-31,양재,내돈내산 서초 / 양재시민의숲역 술집 [ 느린마을 양조장 ]...,https://blog.naver.com/ralphauren/224301782391
27eeb40133cd33cf,2026-05-31,수원,[ 맛집 ] 미사리밀빛 초계국수... 인계동 | 내돈내산 솔직 리뷰,https://blog.naver.com/orion7yj/224301781507
27eeb40133cd33cf,2026-05-31,미사,[ 맛집 ] 미사리밀빛 초계국수... 인계동 | 내돈내산 솔직 리뷰,https://blog.naver.com/orion7yj/224301781507
739fcef5db67923f,2026-05-31,안국,"안국역 카페 추천, 공공재 커피 클럽 내돈내산 후기｜북촌 감성...",https://blog.naver.com/bbangyi_/224301781479
739fcef5db67923f,2026-05-31,북촌,"안국역 카페 추천, 공공재 커피 클럽 내돈내산 후기｜북촌 감성...",https://blog.naver.com/bbangyi_/224301781479
739fcef5db67923f,2026-05-31,종로,"안국역 카페 추천, 공공재 커피 클럽 내돈내산 후기｜북촌 감성...",https://blog.naver.com/bbangyi_/224301781479
0828aaa0a102edff,2026-05-31,종로,"[ 서울/종로 ] 나만 알고 싶은 북카페, ‘학사다방’ 솔직 후기",https://blog.naver.com/dumboooo_/224301780993
24b3557d82678683,2026-05-31,합정,"맛집 ] 이렇게 두툼한 양꼬치는 처음,, 육즙 가득 양꼬치 맛집 ...",https://blog.naver.com/simyung0503/224301951673
e1e256a351760f0c,2026-05-31,압구정,압구정 로데오 맛집 한식주점 더기와 메뉴 주차 후기,https://blog.naver.com/haamadong/224301938107
fb4c5a09f76ff074,2026-05-31,광주,광주 광산구 가볼만한곳 베스트 10! 황룡강 장록습지부터...,https://blog.naver.com/choborandy/224301243086
4e7b74363ba1e5b8,2026-05-31,부산,[비밀의 정원] 부산대 사진관 커플사진 찍고 온 솔직후기,https://blog.naver.com/sydo44/224301936231
594aae6cf3c2d41c,2026-05-31,강동,강동카페 추천! 고스카페에서 디카페인 커피와 촉촉 카스테라...,https://blog.naver.com/woojji1004/224301934710
1785a6af1dd84dc6,2026-05-31,광주,"[광주 첨단 맛집 ] 친구들과 다녀온 찐 맛집 , '마녀의 닭갈비...",https://blog.naver.com/0527omj/224301931454
19d6db7d82661291,2026-05-31,제주,봄 제주에서 뚜벅이 패키지로 하루 만에 우도까지 여유롭게...,https://blog.naver.com/sfftfxazhb/224301150504
d16557537945d5f9,2026-05-31,대구,대구 수성구 다이닝& 분위기 좋은 범어동 와인바_ 로쏘(ROSSO),https://blog.naver.com/rosa920513/224301927215
b7126ad570cb5eda,2026-05-31,전주,전주 대형카페 모이라&메종드로잉 진짜 크고 컨셉이 여러개,https://blog.naver.com/dustlr16/224301927140
bd114b6d05b4b102,2026-05-31,포항,부안 샤스타데이지 등 가족여행(1박2일),https://blog.naver.com/lbe0123/224301925318
108bd0353bad8ff8,2026-05-31,부산,동래 맛집 꼬치홀릭 부산 동래 맛집 수제 야키토리와...,https://blog.naver.com/2025bori/224301923015
2e8ff083faf7d4f8,2026-05-31,대전,그냥 열심히 놀았습니다,https://blog.naver.com/hn9612_/224301922859
4d2f94802cfbe64f,2026-05-31,명동,2026년 5월 광주 조선대학교 장미공원 축제 후기!인생사진...,https://blog.naver.com/namroutine/224301921155
4d2f94802cfbe64f,2026-05-31,광주,2026년 5월 광주 조선대학교 장미공원 축제 후기!인생사진...,https://blog.naver.com/namroutine/224301921155
9a92b5c5bfa4a4f3,2026-05-31,신사,신사역 맛집 석암생소금구이 가로수길 고기집 돌판...,https://blog.naver.com/lifemhk3535/224301920692
9a92b5c5bfa4a4f3,2026-05-31,가로수길,신사역 맛집 석암생소금구이 가로수길 고기집 돌판...,https://blog.naver.com/lifemhk3535/224301920692
9a92b5c5bfa4a4f3,2026-05-31,역삼,신사역 맛집 석암생소금구이 가로수길 고기집 돌판...,https://blog.naver.com/lifemhk3535/224301920692
57d95fb91eef2df9,2026-05-31,성수,성수 파스타 맛집 리타르단도 | 챔프커피 성수점 |성수...,https://blog.naver.com/asweetsandwich/224301919534
f35ead8c48e49d98,2026-05-31,강남,[강남역 맛집 ] 비주얼과 맛 모두 잡은 ‘치스타리에 강남역점’...,https://blog.naver.com/strongsilentfart/224301919932
b6cdc2f2665c6be7,2026-05-31,종로,서울-익산동 10만잔 팔린 아인슈페너 시애틀하우스 종로3가점,https://blog.naver.com/wlswnx/224301917375
8bbf8b3ac9d6760e,2026-05-31,부산,해운대 맛집 다다닥N짜오미솥뚜껑닭볶음탕,https://blog.naver.com/phj208/224301916851
f3cce4878bbba424,2026-05-31,가평,"가평 하이드 온 부쉬, 아이와 함께 가기 좋은 넓고 여유로운...",https://blog.naver.com/wh0areu/224301912470
a1e3ea987d9ef5ac,2026-05-31,안양,스끼다시부터 꽃게탕까지 푸짐한 횟집영덕 (안양 야장 핫플 ...,https://blog.naver.com/dowl1205/224301912118
bbcbc37fe50922a6,2026-05-31,광주,"광주 첨단 맛집 '오덴', 분위기와 맛에 취하고 연어 육회와 오뎅...",https://blog.naver.com/ekdud2850/224301910926
1fc9ebc81b4a63b1,2026-05-31,의정부,26.05.31 일상 [의정부 핫플 카페 '포어레스트'/ 핫플 맛집 ...,https://blog.naver.com/nshindh/224301910857
4ac06ec4ed91cd2d,2026-05-31,잠실,"서울 잠실, 잠실펍/스포츠펍 펍마이마이에서 완벽한 밤",https://blog.naver.com/hihello_hellohi/224301910833
b93735efbbe5a306,2026-05-31,부산,샌드위치 맛집 디저트 맛집 분홍향기 영도점,https://blog.naver.com/hot_summer1/224301910229
acd4b98ab5afccdc,2026-05-31,수원,[수원인계동 맛집 맛집 ] 신메뉴 치맥세트 출시!...,https://blog.naver.com/jam_eat_da/224301910645
6fd05d385efe6647,2026-05-31,인천,"[인천 영종도] 가볼만한곳, 인스파이어 리조트 오아시스...",https://blog.naver.com/shlove01299/224301909997
3eb604c568d8f37d,2026-05-31,인천,영종도밥집 찾는다면 여기! 선인불고기 누룽지 소불고기 맛집,https://blog.naver.com/yonggi_camping/224301908334
b53bcdc58ac14aa5,2026-05-31,동대문,[동대문 맛집 ] 동대문나들이 맛집 해피반미 방문후기...,https://blog.naver.com/arcolog/224301906674
ebcc2e9f45e5ed21,2026-05-31,천호,천호역 맛집 닭갈비 N번째 방문한 온도계 천호점 숯불닭갈비...,https://blog.naver.com/tmfq17/224301906524
f84f2242e686a8bb,2026-05-31,문래,"May, 2026",https://blog.naver.com/treeear_/224301906012
f84f2242e686a8bb,2026-05-31,천호,"May, 2026",https://blog.naver.com/treeear_/224301906012
7673cd44db5f1431,2026-05-31,안국,[안국역 맛집 ] 한국의 치폴레 등장?! SBS 생활의 달인 & 최화정...,https://blog.naver.com/vivienne0618/224301903581
ceb172c2d1206241,2026-05-31,인천,식어도 맛있는 숭의로터리 꽈배기 맛집 ! 임산부 우대 매장...,https://blog.naver.com/from_anna/224301902381
2193d9814bc7400b,2026-05-31,여수,여수 가볼만한 곳 BEST 5｜밤데이트·야경· 맛집 오션뷰 숙소...,https://blog.naver.com/jchno12000/224301901558
cd63420fba1cc160,2026-05-31,성수,성수동 3대 디저트 맛집 호과당,https://blog.naver.com/greenbluepurple/224301899847
cd63420fba1cc160,2026-05-31,서울숲,성수동 3대 디저트 맛집 호과당,https://blog.naver.com/greenbluepurple/224301899847
cd63420fba1cc160,2026-05-31,뚝섬,성수동 3대 디저트 맛집 호과당,https://blog.naver.com/greenbluepurple/224301899847
ab1fd9edb932e205,2026-05-31,해방촌,"신흥시장 태국음식 맛집 , 현지보다 더 현지 같았던 팟카파우...",https://blog.naver.com/kimna81/224301900195
e8669c36f82864e3,2026-05-31,명동,"<REVIEW> 대전 봉명동 ""메리엔제이""에서 케라틴 영양 속눈썹 펌...",https://blog.naver.com/healthylifeoflima-/224301900305
e8669c36f82864e3,2026-05-31,대전,"<REVIEW> 대전 봉명동 ""메리엔제이""에서 케라틴 영양 속눈썹 펌...",https://blog.naver.com/healthylifeoflima-/224301900305
fedfe5ae8ed590fc,2026-05-31,수원,수원스타필드 맛집 카페 실내데이트 한눈에 보기,https://blog.naver.com/chang999_/224301898935
25f9b28d29f8758a,2026-05-31,전주,<고사동파스타/전주파스타 맛집 /전주양식 맛집 > 루미테이블,https://blog.naver.com/daily_editor/224301897158
36901dbfe342aaa6,2026-05-31,부산,서면에어비앤비 해월가 자쿠지 힐링이 가능한 부산가족숙소...,https://blog.naver.com/cutykayo/224301895340
107db9d10e01205d,2026-05-31,부산,프라이빗한 분위기 속 마린시티술집 원에서 즐기는 셰프의 정성...,https://blog.naver.com/aufcl211/224301894441
107db9d10e01205d,2026-05-31,대구,프라이빗한 분위기 속 마린시티술집 원에서 즐기는 셰프의 정성...,https://blog.naver.com/aufcl211/224301894441
087eff209b06092e,2026-05-31,경주,[경주 기념품 추천] 경주선물로 딱인 첨성대초콜렛 벚꽃에디션...,https://blog.naver.com/ziwon93/224301892866
4e76af5ef2c763cf,2026-05-31,대전,"찾은 작은 도쿄, 숯불 향 가득한 인생 라멘 맛집 '키레이'",https://blog.naver.com/dnwjd960911/224301891571
1175db1e2fb4f2ef,2026-05-31,동대문,[동대문 노래방 추천] 80대 할머니 할아버지가 35년째...,https://blog.naver.com/yovasset/224301891203
e613178147ff5a7c,2026-05-31,하남,아산 맛집 _충남녹용엑기스 [ 하남사슴목장 ]_녹용진액,https://blog.naver.com/jhlovesh08/224301890049
0310645353677540,2026-05-31,대구,대구 동성로 맛집 밥집 카페동이 동성로본점 든든한 가성비...,https://blog.naver.com/naturalree12/224301889537
b8fa7af174b4f1c3,2026-05-31,광명,한 번 다녀오고 또 생각났던 광명역 양갈비 '일일양',https://blog.naver.com/hong_master/224301889012
976d80f1002e691f,2026-05-31,제주,제주 효소찜질 금화효소원 제주점 부모님 모시고 다녀온 힐링...,https://blog.naver.com/mmr1804/224301889168
f344d5ada3d9382c,2026-05-31,경주,경주여행 황리단길 맛집 리스트 청온채 갈비찜추천 웨이팅 주차...,https://blog.naver.com/jinired/224301887249
b5340de5a0a22d44,2026-05-31,대구,청송& 대문다리,https://blog.naver.com/lml720710/224301887747
8398df0b087bf51f,2026-05-31,대구,[카페 탄] 팔공산 근처 대구 수플레팬케이크 맛집 카페...,https://blog.naver.com/happydd-/224301884221
fef970fc6fb66f5f,2026-05-31,송도,송도유원지 한우 맛집 다하누 | 1++ 가성비 끝판왕 상차림비 NO,https://blog.naver.com/lxxg_xn/224301883646
05c1d4c43b58d10c,2026-05-31,을지로,"2026.05 (을지로 야장, 영종도, 용산, 포시즌스 서울, 중구 맛집 ...",https://blog.naver.com/gawon0903/224301884008
05c1d4c43b58d10c,2026-05-31,용산,"2026.05 (을지로 야장, 영종도, 용산, 포시즌스 서울, 중구 맛집 ...",https://blog.naver.com/gawon0903/224301884008
05c1d4c43b58d10c,2026-05-31,신촌,"2026.05 (을지로 야장, 영종도, 용산, 포시즌스 서울, 중구 맛집 ...",https://blog.naver.com/gawon0903/224301884008
cba0c9fab05fb0ae,2026-05-31,제주,[술빚는여행자] 제주 조천 | 제주의 바람이 책갈피가 되는 카페...,https://blog.naver.com/antipara/224283060268
67b448a3e01f6394,2026-05-31,성수,"성수역 맛집 / 성수 맛집 , 분위기에 취하고 맛에 반하는 성수동...",https://blog.naver.com/dltmfgml4088/224301882726
cfad92ea741feba1,2026-05-31,부산,[로컬 맛집 탐방]전포공구길... 안주 맛집 /유호(번외 : 커플링...,https://blog.naver.com/istars8370/224301880886
0866c260379f0d46,2026-05-31,강남,청담동카페 데바스테이트 늦은 밤에도 좋은 로스터리 커피 맛집,https://blog.naver.com/eianna00/224301879612
0866c260379f0d46,2026-05-31,압구정,청담동카페 데바스테이트 늦은 밤에도 좋은 로스터리 커피 맛집,https://blog.naver.com/eianna00/224301879612
0866c260379f0d46,2026-05-31,청담,청담동카페 데바스테이트 늦은 밤에도 좋은 로스터리 커피 맛집,https://blog.naver.com/eianna00/224301879612
5891f9f09698aeda,2026-05-31,강남,청담동카페 추천 커피 좋아한다면 데바스테이트는 꼭 가보세요,https://blog.naver.com/king45111/224301878379
5891f9f09698aeda,2026-05-31,압구정,청담동카페 추천 커피 좋아한다면 데바스테이트는 꼭 가보세요,https://blog.naver.com/king45111/224301878379
5891f9f09698aeda,2026-05-31,청담,청담동카페 추천 커피 좋아한다면 데바스테이트는 꼭 가보세요,https://blog.naver.com/king45111/224301878379
7d283444e00d1f42,2026-05-31,광주,경기광주 핫플맛집 고구려에서 자연 품고 즐기는 든든한 보양식...,https://blog.naver.com/okvovjj/224301877850
b63f8cc6b0deaf94,2026-05-31,강남,데바스테이트 | 청담 로스터리 감성 가득한 커피 맛집 후기,https://blog.naver.com/ellyluv00/224301877433
b63f8cc6b0deaf94,2026-05-31,청담,데바스테이트 | 청담 로스터리 감성 가득한 커피 맛집 후기,https://blog.naver.com/ellyluv00/224301877433
5585ca790e7e3484,2026-05-31,정자,울산 북구 정자동 인스타 핫플 닭강정 맛집 신인숙...,https://blog.naver.com/chacha--e/224301876006
417a770b8799d8df,2026-05-31,마포,마포미용실 프롬에이 머리하러 갔다가 이미지까지 바뀐 공덕...,https://blog.naver.com/ellyluv00/224301875142
417a770b8799d8df,2026-05-31,공덕,마포미용실 프롬에이 머리하러 갔다가 이미지까지 바뀐 공덕...,https://blog.naver.com/ellyluv00/224301875142
36dd29841fb29ad6,2026-05-31,인천,[인천 미추홀구] 단골 인증!발골이 필요 없는 극강의 부드러움...,https://blog.naver.com/tral_rara/224301874597
a12561a9254b06d0,2026-05-31,대구,대구 동성로카페 애견동반카페 무던,https://blog.naver.com/whtnrud19/224301873934
5a9531a2cd8ee170,2026-05-31,제주,[2026 국내여행 / 제주도] 유럽 스냅 촬영 후 급 제주도로...,https://blog.naver.com/1ssuny_day_in_june/224301872324
ce1506d9d72fb473,2026-05-31,강남,[동탄역 맛집 ] 동탄 분위기 좋은 파스타 맛집 ‘더몰트하우스...,https://blog.naver.com/babuori/224301871567
21dfac13e4cbaba7,2026-05-31,성수,"줄 서길래 들어갔는데, 영등포까지 가보고 싶어진 베이글 맛집",https://blog.naver.com/hyogy0610/224301703439
842e1d554f3dce3b,2026-05-31,수원,"우만동 빵집 찾는다면 여기, 빵이당 우만점",https://blog.naver.com/xoornjseh/224301870189
98ac401dd4e5bd44,2026-05-31,제주,제주 탑동 장진우 셰프 신상 맛집 사오공대패 구 뽀빠이호프,https://blog.naver.com/je_mattt/224301867865
6019fa3b68def1f0,2026-05-31,연남동,연남동 맛집 클래식당에서 정성 가득한 요리와 함께하는 오붓한...,https://blog.naver.com/vlsmsvl12345/224301866776
6019fa3b68def1f0,2026-05-31,마포,연남동 맛집 클래식당에서 정성 가득한 요리와 함께하는 오붓한...,https://blog.naver.com/vlsmsvl12345/224301866776
58155d6b83643129,2026-05-31,대구,대구 엑스코 MICE | 제48회 대구 베이비 & 키즈페어 다녀온 후기,https://blog.naver.com/gyo521/224301864541
02361a2b03b829ad,2026-05-31,을지로,을지로입구 시청역 직장인 디저트 맛집 ｜가성비 컵빙수...,https://blog.naver.com/guswl2351/224301864737
02361a2b03b829ad,2026-05-31,시청,을지로입구 시청역 직장인 디저트 맛집 ｜가성비 컵빙수...,https://blog.naver.com/guswl2351/224301864737
76d7d2429a0fdbea,2026-05-31,역삼,[서울_역삼카페] 꾸덕한 그릭요거트 아사이볼 맛집 '그릭베리...,https://blog.naver.com/agarii_eter/224301863857
1a197bc3cbdfc17c,2026-05-31,인천,[영종도 카페] 구읍뱃터 신상 디저트 맛집 '요거블랑' 뱃고동...,https://blog.naver.com/mammma1105/224301863276
c77fcfa4c762117a,2026-05-31,대구,대구 엑스코 MICE | 2026 KFA 프랜차이즈 창업박람회 대구...,https://blog.naver.com/gyo521/224301860923
09e94b92e1423fe7,2026-05-31,이태원,이태원 술집 추천 분위기 좋은 이자카야 고우 꼬치 맛집,https://blog.naver.com/ph9747/224301860203
3b95878b759e9ff2,2026-05-31,제주,제주도 핫플 맛집 문개어멍에서 신선한 통철판 해물 요리...,https://blog.naver.com/ddd_ahye/224301859148
419b342ac39d532d,2026-05-31,대구,대구의 이재모피자라길래 가봤는데 생각보다 완전 달랐던...,https://blog.naver.com/lemon0207/224301858023
662e773702e59d18,2026-05-31,양양,"양양해변추천 3곳, 유명한 바다부터 조용한 숨은 해변까지",https://blog.naver.com/hotelnomad_/224301114099
440152129563810c,2026-05-31,부산,광안리 술집 이타쇼 이자카야 핫플 추천,https://blog.naver.com/ses871128/224301856528
6ddc3f1291f449da,2026-05-31,성수,청년층 방문이 증가한 대전 신세계백화점 무슨 일이죠,https://blog.naver.com/police1965/224301856077
6ddc3f1291f449da,2026-05-31,연남동,청년층 방문이 증가한 대전 신세계백화점 무슨 일이죠,https://blog.naver.com/police1965/224301856077
6ddc3f1291f449da,2026-05-31,익선동,청년층 방문이 증가한 대전 신세계백화점 무슨 일이죠,https://blog.naver.com/police1965/224301856077
6ddc3f1291f449da,2026-05-31,대전,청년층 방문이 증가한 대전 신세계백화점 무슨 일이죠,https://blog.naver.com/police1965/224301856077
b667c4356dd65e1d,2026-05-31,인천,일본 소도시 도쿠시마 2박 3일 여행 뚜벅이 코스 경비 관광지,https://blog.naver.com/77dbs77/224301855877
0d900837d1b27978,2026-05-31,부산,호텔 그랜드 조선 부산 해운대 (Grand Josun Busan) AGODA...,https://blog.naver.com/gotrip2001/224301856000
2ec461934ac5ca05,2026-05-31,속초,[강원도 속초] 힙스터가 되고 싶은 감자국 할미가 반한 “셜터...,https://blog.naver.com/godjw486/224301855820
4916489f782253d1,2026-05-31,강릉,"[강릉/사천] 오월의 사천 바다를 잔에 담다, 아들과 함께한...",https://blog.naver.com/cozzingzzing/224301855216
c8152d1031d4e491,2026-05-31,삼성,10년 경력의 양식 쉐프가 운영하는 동성로 수제버거 파스타 맛집,https://blog.naver.com/eungeee97/224301855089
ef8fa1b0a88d7551,2026-05-31,인천,I'm Gonna Be 500 Miles,https://blog.naver.com/aroaro2451/224301852866
846fde7b35cec25e,2026-05-31,대전,대전여행 #대전가볼만한곳 #대전 핫플 #태양 맛집 #태양SNS그룹,https://blog.naver.com/taeyangsnsgroup24/224301852538
de3988c580dc7aae,2026-05-31,건대,한우육회와 야키토리 새벽까지 즐기는 세종대 맛집 데이트,https://blog.naver.com/l_shs2/224301852759
8487564efade4252,2026-05-31,대구,무더운 여름 시원하게 할인해드림◝(⁰▿<) 경산에서 휴대폰...,https://blog.naver.com/whee4u/224301851040
5736632a0954fd53,2026-05-31,부산,"[명지칵테일바]제대로된칵테일바, 바레오",https://blog.naver.com/jsh0052700/224301850801
06d7587364c0c2b5,2026-05-31,대전,대전 성심당 망고시루 대전 핫플 당일치기 관광지 빵지순례,https://blog.naver.com/rafiuta/224301256354
bd9a4ab82ee087ce,2026-05-31,광주,[지금은 헌혈 중]212번째 콕콕 - 흔들리지 않는 (혈관의) 편안함?!,https://blog.naver.com/csr1025/224301850162
8c96e36c190bc5c9,2026-05-31,부산,호텔 브라운 스위트 부산역 (BrownSuites Busan Station)...,https://blog.naver.com/gotrip2001/224301849583
a6d001a3b62c92a2,2026-05-31,광주,수완지구카페 메종세컨드 디저트부터 베이킹클래스까지...,https://blog.naver.com/wn3519/224301847149
9c9acfdafbfda0c8,2026-05-31,대구,대구 삼덕동카페 동인동카페 조르바삼덕,https://blog.naver.com/whtnrud19/224301846315
8189dd8ffb379315,2026-05-31,익선동,"26년5월 일상기록(촌캉스,서순라길,익선동,체크파우치...",https://blog.naver.com/unicornring/224301845345
8189dd8ffb379315,2026-05-31,파주,"26년5월 일상기록(촌캉스,서순라길,익선동,체크파우치...",https://blog.naver.com/unicornring/224301845345
793b1fd1c4fb9dea,2026-05-31,부산,부산 라발스 호텔 (Lavalse Hotel) AGODA 아고다 할인받기!!,https://blog.naver.com/gotrip2001/224301844079
a09b6fe32c54cb66,2026-05-31,양양,양양 맛집 비송한우돈우숯불구이 나의 고객집,https://blog.naver.com/totome1/224301842569
4bba0916762a5ffc,2026-05-31,부산,호텔 윈덤 그랜드 부산 이진 (Wyndham Grand Busan Ijin)...,https://blog.naver.com/gotrip2001/224301839034
5f8440341abccf8f,2026-05-31,강남,"강남 영어회화 요즘 힙한 그곳, 인생영어놀이터 랭스영에서...",https://blog.naver.com/jinmath78/224301836876
920543f4a8dbf84c,2026-05-31,인천,"[인천/부평] 산곡역 근처 청천동 안주 맛집 , 땅콩술방",https://blog.naver.com/eens_2/224301836212
c0c35ecdf12da505,2026-05-31,부산,호텔 아난티 앳 부산 빌라쥬 (Ananti at Busan Village)...,https://blog.naver.com/gotrip2001/224301834145
2e61f2fb8e0fe7af,2026-05-31,속초,[강원 고성군] 동치미 막국수의 진리 “삼교리동치미막국수...,https://blog.naver.com/godjw486/224301834322
be4a3d9ec0801e7f,2026-05-31,광교,"광교 법조타운 맛집 , 야끼토리잔잔 광교점 후기!",https://blog.naver.com/smile085/224301833775
be4a3d9ec0801e7f,2026-05-31,수원,"광교 법조타운 맛집 , 야끼토리잔잔 광교점 후기!",https://blog.naver.com/smile085/224301833775
45599f36e0c94023,2026-05-31,동대문,동대문 아지트 같은 대형카페 ☕️ 티프 동대문,https://blog.naver.com/doeatlipa/224301831526
4bc48fb2b4661c80,2026-05-31,대전,두쫀쿠는 스테디라고 믿는 사람의 5월 일상,https://blog.naver.com/jaeng2j/224301831537
8f18b5dff1df350a,2026-05-31,상암,{찐찐 상암동베이커리카페 후기} 호텔에서 즐기는 감성 가득...,https://blog.naver.com/daily__ella/224301831053
621628a54ecec88f,2026-05-31,제주,신화월드근처 카다멈번 맛집 제주도 카페 인무드,https://blog.naver.com/iyaiyao0/224301831233
3d09c6b4abcddd94,2026-05-31,강릉,4월 강릉여행,https://blog.naver.com/dototo_/224301829408
adfdacf487e215b7,2026-05-31,이태원,분위기 맛집 용산펍 이태원술집 “코리아호프”,https://blog.naver.com/liena8698_/224301829634
adfdacf487e215b7,2026-05-31,용산,분위기 맛집 용산펍 이태원술집 “코리아호프”,https://blog.naver.com/liena8698_/224301829634
436a501606fa8699,2026-05-31,대구,대구 빙수 맛집 동성로카페 바닐라크럼브 양쯔깐루빙수...,https://blog.naver.com/whtnrud19/224301828285
092e58e16afbf98b,2026-05-31,연남동,[홍대 맛집 /만동제과] 연남동 빵집에서 만난 인생 홍대 빵 맛집 ...,https://blog.naver.com/rachel_0112/224301828331
092e58e16afbf98b,2026-05-31,홍대,[홍대 맛집 /만동제과] 연남동 빵집에서 만난 인생 홍대 빵 맛집 ...,https://blog.naver.com/rachel_0112/224301828331
72f216b876d7c199,2026-05-31,부산,켄트호텔이 말아주는 26년 광안리 어방축제 정보,https://blog.naver.com/kenthotel_busan/224301826364
adae726217f52c0c,2026-05-31,분당,미금점'｜리뷰 2000+개의 검증된 분당 족발 맛집 (불족발 강추),https://blog.naver.com/pastelpurple/224301825735
c65348917f7aed93,2026-05-31,대구,구지점 I 낙동강 뷰 단호박케이크 맛집 I 대구근교드라이브,https://blog.naver.com/moleveve/224301825678
f3947e52e49b111f,2026-05-31,전주,[메종드앤]전주 신시가지 브런치 뷔페|효자동 브런치 맛집 에서...,https://blog.naver.com/kim1004a/224301824946
43ae801fe5b4e37e,2026-05-31,연남동,[서울/마포구] 연남동 맛집 고즈넉한 단독주택에서 즐기는...,https://blog.naver.com/gogumajoahyo/224301823895
43ae801fe5b4e37e,2026-05-31,마포,[서울/마포구] 연남동 맛집 고즈넉한 단독주택에서 즐기는...,https://blog.naver.com/gogumajoahyo/224301823895
0fc3c138d4f7e4f8,2026-05-31,대전,성심당 필수코스 테라스키친 망고빙수 후기 / 임산부 할인,https://blog.naver.com/ddd_log/224301823116
8a6168ff09a58520,2026-05-31,성수,뚝섬역 맛집 술있는식탁 다양한 전통주와 마장동 육회가 있는 곳,https://blog.naver.com/jinlicious/224301821046
8a6168ff09a58520,2026-05-31,서울숲,뚝섬역 맛집 술있는식탁 다양한 전통주와 마장동 육회가 있는 곳,https://blog.naver.com/jinlicious/224301821046
8a6168ff09a58520,2026-05-31,뚝섬,뚝섬역 맛집 술있는식탁 다양한 전통주와 마장동 육회가 있는 곳,https://blog.naver.com/jinlicious/224301821046
11801df101de6ff2,2026-05-31,부산,국내신흥여행지 부산가볼만한곳 동래온천 온천장을 아시나요?,https://blog.naver.com/bintorynim/224301819331
100035a37b3f2594,2026-05-31,인천,[인천 부평] 비 오는 날 생각나서 다녀온 부평 소머리국밥 맛집 ...,https://blog.naver.com/uhagodqhr94/224301819658
912394d87efeed03,2026-05-31,성수,성수빵지순례 [성수베이킹스튜디오] 바게트치아바타 맛집,https://blog.naver.com/alruddlaa/224301818635
62ddfa89536b8e9d,2026-05-31,명동,"｜봉명동 대전 핫플 , 대전 혼술바 '잔소리 봉명점'",https://blog.naver.com/shrimpssong/224301819009
62ddfa89536b8e9d,2026-05-31,대전,"｜봉명동 대전 핫플 , 대전 혼술바 '잔소리 봉명점'",https://blog.naver.com/shrimpssong/224301819009
5bcf989b0bceea37,2026-05-31,대구,대구연극 <타임> 6월2일(화) 공연취소,https://blog.naver.com/artplustheater/224301819039
b3a33160b8f8248c,2026-05-31,여의도,IFC몰 근처 여의도 양갈비 맛집 관호 여의도본점,https://blog.naver.com/yeseonm/224301812944
b3a33160b8f8248c,2026-05-31,더현대서울,IFC몰 근처 여의도 양갈비 맛집 관호 여의도본점,https://blog.naver.com/yeseonm/224301812944
ced4b54889e341c8,2026-05-31,안양,[평촌 범계 맛집 ] 범계역 점심 추천! 스시하우스 안양 가성비...,https://blog.naver.com/date-mate/224301811891
29d04746b7abf2ed,2026-05-31,성수,[평택고덕상가임대]함박산공원 보행자도로 코너! 전면 통창...,https://blog.naver.com/bangawoon0402/224301811846
29d04746b7abf2ed,2026-05-31,연남동,[평택고덕상가임대]함박산공원 보행자도로 코너! 전면 통창...,https://blog.naver.com/bangawoon0402/224301811846
b8668789efdcdf2f,2026-05-31,성수,성수 타코 맛집 모리몰리... 연어타르타르타코 서울숲 타코 맛집,https://blog.naver.com/dhdnjfdmlwldnjs/224301811476
b8668789efdcdf2f,2026-05-31,서울숲,성수 타코 맛집 모리몰리... 연어타르타르타코 서울숲 타코 맛집,https://blog.naver.com/dhdnjfdmlwldnjs/224301811476
7ee801401d785474,2026-05-31,제주,[대전뒷고기 맛집 ] 갈마동 핫플 제주돈내코 가장맛있는뒷고기...,https://blog.naver.com/sb-ssambi/224301811543
7ee801401d785474,2026-05-31,대전,[대전뒷고기 맛집 ] 갈마동 핫플 제주돈내코 가장맛있는뒷고기...,https://blog.naver.com/sb-ssambi/224301811543
9fa3abf8591c1020,2026-05-31,여수,식객 허영만의 백반기행 성남 청계산 할매 묵집 40년내공...,https://blog.naver.com/buwok/224301810403
032c62e3326ef032,2026-05-31,부산,"""15년 만에 첫 삽 떴다더니 또 멈췄다고?!"" 영화의 전당 앞...",https://blog.naver.com/kjy061224/224295124906
b228287289622335,2026-05-31,강남,[솥내음 강남고속버스터미널점] 서울 강남고속터미널 맛집 ...,https://blog.naver.com/jtopark100/224301809393
b228287289622335,2026-05-31,서초,[솥내음 강남고속버스터미널점] 서울 강남고속터미널 맛집 ...,https://blog.naver.com/jtopark100/224301809393
2a2343ad64995552,2026-05-31,성수,창동 빙수 도봉구 맛집 디저트 카페 우이사계,https://blog.naver.com/dongddung_/224301808236
65e7e3c7a8e62da2,2026-05-31,남양주,서울근교야외바베큐장추천) 남양주 덕소 어화천에서 즐거운...,https://blog.naver.com/hyunj_jj/224301808368
41e919dfe4ad41d9,2026-05-31,성수,[성수 포켓몬 투어2] 올리브영N성수 포켓몬 30주년 파티 팝업...,https://blog.naver.com/ejl0304-/224301806574
fd0b20cd2d40a1f1,2026-05-31,문래,"동네주민들이 인정하는 낙성대역, 문래역, 부암동 로컬 맛집 카페!",https://blog.naver.com/kyoonsun7/224301804955
7ae568d70edbccb9,2026-05-31,시청,폭염 탈출! 점심메뉴 물회 먹으러 간 부천시청 맛집 회엔참치,https://blog.naver.com/alan21c/224301803717
7ae568d70edbccb9,2026-05-31,부천,폭염 탈출! 점심메뉴 물회 먹으러 간 부천시청 맛집 회엔참치,https://blog.naver.com/alan21c/224301803717
646051990ef1bbe0,2026-05-31,광주,광주 용봉동 맛집 구전국밥 화끈한 전라도 할맵김치와...,https://blog.naver.com/kksj2266/224301799724
8e92c99346b66840,2026-05-31,건대,건대 맛집 술집 추천 [신선술집 도원],https://blog.naver.com/kim1991728/224301799785
c79f960d04060420,2026-05-31,제주,[제주도] 제주 시내 감성 카페 / 제주도 느좋 카페 / 공항 근처...,https://blog.naver.com/ddgo0/224301799086
c2e9a38bd97879d3,2026-05-31,인천,인천 계양 분위기 자연뷰 맛집 카페 오디와이 커피,https://blog.naver.com/ghuns-/224301797756
29d1dbfed7575b93,2026-05-31,경주,요거트블루베리스무디 안동 맛집 안동 핫플 월영교카페,https://blog.naver.com/smkt1914/224301797554
29d1dbfed7575b93,2026-05-31,대구,요거트블루베리스무디 안동 맛집 안동 핫플 월영교카페,https://blog.naver.com/smkt1914/224301797554
29d1dbfed7575b93,2026-05-31,대전,요거트블루베리스무디 안동 맛집 안동 핫플 월영교카페,https://blog.naver.com/smkt1914/224301797554
b82b82e46d89313f,2026-05-31,경주,거지의 블로그,https://blog.naver.com/yxcxmii/224301796983
44a8500fdeee194b,2026-05-31,성수,서울성수동 맛집 터틀힙 성수 생일 케이크로 추천하는 성수 핫플,https://blog.naver.com/wowhow112/224298515739
374af83cfb88a664,2026-05-31,성수,"성수 데이트 코스 추천, 연못 뷰가 예쁜 ㅣ""ETF베이커리 성수""",https://blog.naver.com/kye3103/224301795991
c046d9ec52f13a80,2026-05-31,김포,김포 샤브샤브 맛집 풍무동 가족외식 추천 소담촌 풍무역점,https://blog.naver.com/yiyk626/224301795681
7c7d53e8a582fdea,2026-05-31,합정,술잔 망원 : 합정 망리단길 술집 추천,https://blog.naver.com/wldbsckato/224301794263
7c7d53e8a582fdea,2026-05-31,망원,술잔 망원 : 합정 망리단길 술집 추천,https://blog.naver.com/wldbsckato/224301794263
0ef664cc99d993a3,2026-05-31,신촌,"전주 카페 평화와 평화, 전주 맛집 청학동 들깨요리",https://blog.naver.com/gomezu/224301792011
0ef664cc99d993a3,2026-05-31,전주,"전주 카페 평화와 평화, 전주 맛집 청학동 들깨요리",https://blog.naver.com/gomezu/224301792011
46f83a57fbe96ce8,2026-05-31,전주,전주한옥마을 맛집 전주한옥마을먹거리 만년닭강정 포장후기...,https://blog.naver.com/modutube/224301790335
c09e68dba647f73b,2026-05-31,경주,"경주 1박 2일, 먹고 쉬고 걷고 다 한 여행",https://blog.naver.com/godahrgo_838/224301788494
322ee1830660410d,2026-05-31,강릉,강릉| 디저트가 맛있는 교동 핫플 카페'쎄라비' 분위기 좋은...,https://blog.naver.com/flowerpick_/224301746478
70d0ab66ebc562a7,2026-05-31,경주,영남대 점심 맛집 영대 현지인 제육식당 경주국밥,https://blog.naver.com/kdh5054/224300869929
70d0ab66ebc562a7,2026-05-31,대구,영남대 점심 맛집 영대 현지인 제육식당 경주국밥,https://blog.naver.com/kdh5054/224300869929
f665cdaf7d6cbd6d,2026-05-31,강남,신논현역 카페 어퍼앤언더 디저트가 맛있는 강남 카페 추천,https://blog.naver.com/cyfl02/224301787263
1828aac362a30c04,2026-05-31,연남동,[연남동 평화연남] 연남동 데이트 코스 추천 낙곱새 맛집,https://blog.naver.com/hooitt/224301786371
1828aac362a30c04,2026-05-31,홍대,[연남동 평화연남] 연남동 데이트 코스 추천 낙곱새 맛집,https://blog.naver.com/hooitt/224301786371
1828aac362a30c04,2026-05-31,마포,[연남동 평화연남] 연남동 데이트 코스 추천 낙곱새 맛집,https://blog.naver.com/hooitt/224301786371
093943a7e305c1dd,2026-05-31,부산,부산야경명소 부산야경 맛집 부산노을 맛집 황령산,https://blog.naver.com/mjmj2500/224301784813
d8fcc3a72f0dbd64,2026-05-31,왕십리,[서울/왕십리] 한양대 근처 피맥 맛집 : 낙원스낵 왕십리 본점,https://blog.naver.com/mmmingkoo/224301785309
6246fb0725f8bcfe,2026-05-31,하남,"스타필드 하남 카페 추천, 쇼핑 중 들르기 좋은 테라로사...",https://blog.naver.com/happyduffii/224301782108
1761412022876432,2026-05-31,경주,황리단길 맛집 복길 전복솥밥이랑 전복구이 가격부터 웨이팅...,https://blog.naver.com/luckyguy5778/224267840791
0a583f8df20d0171,2026-05-31,포항,포항애견동반브런치 러블랑 화진해수욕장카페 송라면카페 추천,https://blog.naver.com/rkgud0109/224301780151
61e74aa129c83de3,2026-05-31,을지로,"[여의도 맛집 ] 데이트하기 좋은 분위기, 을지다락에서 즐기는...",https://blog.naver.com/jewelil/224301779751
61e74aa129c83de3,2026-05-31,여의도,"[여의도 맛집 ] 데이트하기 좋은 분위기, 을지다락에서 즐기는...",https://blog.naver.com/jewelil/224301779751
6f02f86297ddca89,2026-05-31,부산,부산 부전 서면 닭발 맛집 :: 불향 가득한 신이내린 닭발...,https://blog.naver.com/kkongchichi/224301779387
ac129c47e1d61adf,2026-05-31,포항,"음료 무한리필에 어린이 놀이터까지,라라코스트 포항 문덕점...",https://blog.naver.com/anis__/224301778747
32cb79ba921e228c,2026-05-31,수원,"감성 가득한 영통 데이트코스, 안주일체 수원영통점 다녀온 후기",https://blog.naver.com/sangminttt_93/224301777494
f7e0ec5263d98b11,2026-05-31,합정,"[합정 맛집 ] 곰탕계의 평양냉면, 흑백요리사 '옥동식' 솔직후기",https://blog.naver.com/yonilog77/224301777353
f7e0ec5263d98b11,2026-05-31,마포,"[합정 맛집 ] 곰탕계의 평양냉면, 흑백요리사 '옥동식' 솔직후기",https://blog.naver.com/yonilog77/224301777353
091eeec3411aacff,2026-05-31,이태원,이태원 포차 추천 분위기 좋은 티키타카감성포차 후기,https://blog.naver.com/joo_daily-/224301776952
65b829d7792cee20,2026-05-31,코엑스,서울 강서구 마곡 고기 맛집 ; 송도갈매기 마곡점,https://blog.naver.com/leestar0808/224301776831
65b829d7792cee20,2026-05-31,마곡,서울 강서구 마곡 고기 맛집 ; 송도갈매기 마곡점,https://blog.naver.com/leestar0808/224301776831
65b829d7792cee20,2026-05-31,송도,서울 강서구 마곡 고기 맛집 ; 송도갈매기 마곡점,https://blog.naver.com/leestar0808/224301776831
8af79b91e6767409,2026-05-31,연남동,합정 이자카야 사시미 맛집 빼레 제철해산물 전문 이자카야,https://blog.naver.com/mmuki/224301777240
8af79b91e6767409,2026-05-31,홍대,합정 이자카야 사시미 맛집 빼레 제철해산물 전문 이자카야,https://blog.naver.com/mmuki/224301777240
8af79b91e6767409,2026-05-31,합정,합정 이자카야 사시미 맛집 빼레 제철해산물 전문 이자카야,https://blog.naver.com/mmuki/224301777240
8af79b91e6767409,2026-05-31,망원,합정 이자카야 사시미 맛집 빼레 제철해산물 전문 이자카야,https://blog.naver.com/mmuki/224301777240
73311ceccbad352c,2026-05-31,광주,광주 용봉동 전철우사거리 맛집 [ 황금회포차 광주용봉점 ],https://blog.naver.com/464tpwls/224301775936
4824b5cd9bd8bad6,2026-05-31,서초,[카페일상] 교대역 감성 카페 - 오르빈 교대역점,https://blog.naver.com/malgeum_log/224301775413
4824b5cd9bd8bad6,2026-05-31,교대,[카페일상] 교대역 감성 카페 - 오르빈 교대역점,https://blog.naver.com/malgeum_log/224301775413
62ec3077168501d8,2026-05-31,을지로,을지로 뼈구이 맛집 뇌산마을 을지로점 | 마라뼈구이 불쇼와...,https://blog.naver.com/a386586/224301775579
aceba4d78689131d,2026-05-31,부산,부산 뚜벅이 여행 1박 2일 코스 총정리 광안리 숙소· 맛집 후기,https://blog.naver.com/joanasjoy/224301772646
ca2d2de04004edaa,2026-05-31,안양,"[박달동카페]달콤한 하루, 안양브런치 샌드위치 파니니 맛집",https://blog.naver.com/kmjb6710/224301772312
e3855976d961233d,2026-05-31,삼성,코엑스 맛집 투어 신상 화덕피자 더 키친 일뽀르노 역대급...,https://blog.naver.com/lavenderj-/224301772025
e3855976d961233d,2026-05-31,코엑스,코엑스 맛집 투어 신상 화덕피자 더 키친 일뽀르노 역대급...,https://blog.naver.com/lavenderj-/224301772025
0e6fc8bf66cbcfd0,2026-05-31,용산,용산국제회관 노포 분위기의 서울식 부대찌개 철판스테이크 맛집,https://blog.naver.com/foodie_arch/224301771257
fb6a3c1a0359a534,2026-05-31,여수,맛집 부터 오찜질방까지 싹 다 털어옴 ♨️ (순이네밥상...,https://blog.naver.com/oyd10004/224301770172
74cb3a3e5db0f4ba,2026-05-31,광주,"광주 아이랑 가기 좋은 캠핑바베큐, 헬로우텍사스 솔직후기",https://blog.naver.com/hamkke_haru/224301768952
8fb94e677736a0d0,2026-05-31,광주,광주 충장로 치맥 맛집 하울링(HOWLING),https://blog.naver.com/sh3636091/224301768216
0ef2b56a6fef3d3f,2026-05-31,대구,맛집 / 비슬산 국립대구과학관 근처 중식 코스요리 맛집 ...,https://blog.naver.com/puri12/224301766135
beacb491e51718b6,2026-05-31,인천,청라 쭈꾸미 맛집 '울보리 쭈꾸미&보리칼국수',https://blog.naver.com/akjghwie/224301121206
f281d34556ebe71f,2026-05-31,홍대,택시광고로 네이버 지도 저장/리뷰 늘리는 구조 만들기,https://blog.naver.com/kimjaesung3896/224301766129
f281d34556ebe71f,2026-05-31,강남,택시광고로 네이버 지도 저장/리뷰 늘리는 구조 만들기,https://blog.naver.com/kimjaesung3896/224301766129
16c2475ecfe1565c,2026-05-31,부산,[부산 영도] 감성커피 영도대교점 후기｜감성커피 신메뉴...,https://blog.naver.com/168_eo/224301766082
e5e8be61846604dd,2026-05-31,이태원,[이태원 핫플 ] 혼술바 추천 ‘야화 혼술바 이태원점’ 후기 합석...,https://blog.naver.com/hj7588/224301765625
e5e8be61846604dd,2026-05-31,용산,[이태원 핫플 ] 혼술바 추천 ‘야화 혼술바 이태원점’ 후기 합석...,https://blog.naver.com/hj7588/224301765625
c4af6940177d2951,2026-05-31,부천,[경기/부천] 신중동역 근처 원장님 손 빠르시고 친절하신...,https://blog.naver.com/gyeollongg/224301764199
0720890a106fa58e,2026-05-31,강릉,"강릉 핫플 레이스, 중앙시장... 난 강릉중앙시장 찐 핫플 탐방기",https://blog.naver.com/parkmath68/224301764332
d5fbf9a7dd016ceb,2026-05-31,춘천,"추천 버치앤브레드, 춘천 베이커리 카페 브런치카페 맛집",https://blog.naver.com/rainbow_story123/224301763794
f8692e7cc35cd18f,2026-05-31,성수,26년 절반 지남,https://blog.naver.com/zzu109/224301763109
c61b2a76793bfba0,2026-05-31,사당,사당/이수 사당역 한식 맛집 녹(NOK) 런치 후기 ️ 정갈한 한식...,https://blog.naver.com/mathilda14/224301762832
d3c85650a5da28a4,2026-05-31,광교,광교 호수공원 맛집 청년감자탕순대국 묵은지감자탕 후기,https://blog.naver.com/domdobu/224301759569
d3c85650a5da28a4,2026-05-31,수원,광교 호수공원 맛집 청년감자탕순대국 묵은지감자탕 후기,https://blog.naver.com/domdobu/224301759569
9181fc6ef7a43d03,2026-05-31,부산,스트레스 싹 날아가는 확실한 기분 전환! '앤바디뷰티...,https://blog.naver.com/wjjang227/224301759223
e39daeae63a537cc,2026-05-31,마포,블루리본 공덕 이자카야 술집 오롯로바타,https://blog.naver.com/soeun_390/224301759034
e39daeae63a537cc,2026-05-31,공덕,블루리본 공덕 이자카야 술집 오롯로바타,https://blog.naver.com/soeun_390/224301759034
ea0b3fc9dccefee1,2026-05-31,수원,"[수원] 수원역 카페 추천, 저렴하고 맛있는 가성비 맛집 미쉐...",https://blog.naver.com/h_hyun_98/224301758840
94ca1fd03749bc6b,2026-05-31,성수,성수 핫플 소금빵 맛집 베통 성수 평일 오전 웨이팅 솔직후기,https://blog.naver.com/mfp112/224301758624
2c0e5b7d60c78b06,2026-05-31,안국,"힙한 한옥에서 즐기는 완벽한 햄버거, 안국 맛집 수제버거...",https://blog.naver.com/topbuilding/224301756538
2c0e5b7d60c78b06,2026-05-31,북촌,"힙한 한옥에서 즐기는 완벽한 햄버거, 안국 맛집 수제버거...",https://blog.naver.com/topbuilding/224301756538
2c0e5b7d60c78b06,2026-05-31,종로,"힙한 한옥에서 즐기는 완벽한 햄버거, 안국 맛집 수제버거...",https://blog.naver.com/topbuilding/224301756538
d98891d6df65a8fe,2026-05-31,광주,광주 챔피언스필드 최신유행 먹거리ㅣ오토김밥ㅣ행복통닭...,https://blog.naver.com/reviviver/224301756648
70511b743c0fc159,2026-05-31,성수,[성수 카페] 성수동의 복잡한 거리에서 살짝 벗어나...,https://blog.naver.com/age2010/224301755252
070200ed6b27f97f,2026-05-31,강남,[신논현역 맛집 /서초 맛집 ] 화설 강남직영점에서 돼지고기 & 소고기,https://blog.naver.com/alpha_ella/224301755146
070200ed6b27f97f,2026-05-31,서초,[신논현역 맛집 /서초 맛집 ] 화설 강남직영점에서 돼지고기 & 소고기,https://blog.naver.com/alpha_ella/224301755146
4a4e6942058e9e23,2026-05-31,부산,"청사포역 카페, 부산 해운대 블루라인파크 근처 청사포의 감성...",https://blog.naver.com/poohniestudio/224301751968
4a4e6942058e9e23,2026-05-31,제주,"청사포역 카페, 부산 해운대 블루라인파크 근처 청사포의 감성...",https://blog.naver.com/poohniestudio/224301751968
01ad907c20426119,2026-05-31,강남,[퍼센트 아라비카]신세계 강남 카페추천 도쿄블렌드 서울라떼...,https://blog.naver.com/soar0001/224301747944
3c1fdc4ac9be3631,2026-05-31,강릉,정남미명과 강릉본점 / 천하제빵 / 강릉빵집 / 토요일방문후기,https://blog.naver.com/gg1234_567/224301747305
38fd74da98a3d060,2026-05-31,압구정,서울 핫플 레이스 압구정 이모야 킨지로 고구마 스틱 맛집,https://blog.naver.com/tnguss100/224301747256
9f4c91a13e346abf,2026-05-31,강남,[강남] 나만의 향기를 기록하는 곳 | 강남 향수공방 '닷노트‘,https://blog.naver.com/sodhskyw/224301745771
48ee88d80c5d66a5,2026-05-31,파주,파주 가볼만한곳 뮤지엄헤이 아이와 실내 데이트 대만족,https://blog.naver.com/heeyeon1988/224301744837
677057c6fc04c9be,2026-05-31,성수,"[성수 맛집 ] 서울숲 피크닉 필수코스, 샌드위치 히어로 성수점...",https://blog.naver.com/hohokelly-/224301745101
677057c6fc04c9be,2026-05-31,서울숲,"[성수 맛집 ] 서울숲 피크닉 필수코스, 샌드위치 히어로 성수점...",https://blog.naver.com/hohokelly-/224301745101
7ffbb568b3be7e51,2026-05-31,광주,전대술집 한신포차 광주용봉점 역시 근본 닭발 맛집,https://blog.naver.com/cherishj_7/224301744159
045fc74b2ed4c02c,2026-05-31,제주,"제주 공항 근처 맛집 , 진한 국물이 일품인 신제주 보말칼국수...",https://blog.naver.com/kongkong_log/224301743920
7ebf4a24d8438655,2026-05-31,문래,해외 느낌 물씬 분위기 좋은 피자 파스타 맛집 BOP 비오피 문래점,https://blog.naver.com/dpfladl10/224301742740
fd3755bb7d0f7ad0,2026-05-31,서촌,서울여행* 경복궁 산책 후 가기 좋은 서촌카페 mk2 핫플,https://blog.naver.com/yhl66/224301742486
fd3755bb7d0f7ad0,2026-05-31,종로,서울여행* 경복궁 산책 후 가기 좋은 서촌카페 mk2 핫플,https://blog.naver.com/yhl66/224301742486
cef434523a8dea3c,2026-05-31,부산,해운대 맛집 다다닥N짜오미솥뚜껑닭볶음탕에서 즐긴 특별한...,https://blog.naver.com/epsl1739/224301741546
cda3395e1bb01d2b,2026-05-31,성수,따우전드 성수! 미국 감성 힙한 파이 맛집 내돈내산 솔직 후기,https://blog.naver.com/ejl0304-/224301741770
7673dd1d71968b88,2026-05-31,성수,제빵사 서울출장 맛집 : 성수동 코끼리 베이글 맛집,https://blog.naver.com/merrysweets/224301740478
eb7bee18a19f331d,2026-05-31,성수,성수역한식 맛집 [ 보승회관 ] 얼큰한 순대곱창전골 맛집 술안주...,https://blog.naver.com/ralphauren/224301740554
d7027ad3d1825012,2026-05-31,을지로,"종로3가점 :: 서울3대 아인슈페너 맛집 , 종로 데이트 추천",https://blog.naver.com/ggaonii/224301740961
d7027ad3d1825012,2026-05-31,종로,"종로3가점 :: 서울3대 아인슈페너 맛집 , 종로 데이트 추천",https://blog.naver.com/ggaonii/224301740961
041bf6f557d7e8a1,2026-05-31,여의도,서울 더현대 화덕피자 라구파스타 후기,https://blog.naver.com/fvivian/224301739814
041bf6f557d7e8a1,2026-05-31,더현대서울,서울 더현대 화덕피자 라구파스타 후기,https://blog.naver.com/fvivian/224301739814
4d9d1d43c534ddf0,2026-05-31,제주,[제주 카페] 제주 함덕 카페|슈페너 라떼 맛집 |함덕 감성카페...,https://blog.naver.com/dnddls011/224301739774
130c48a63dc492ab,2026-05-31,광주,더울 때 외식하기 좋은 광주역 맛집 여름 샤브 맛집 추천 로운...,https://blog.naver.com/kmlove3377/224301740219
ddc8259bbfbc32e2,2026-05-31,안국,북촌 맛집 북촌데이트 북촌브런치 안국피자 웨이팅이 맛집 인정...,https://blog.naver.com/phl000/224301739001
ddc8259bbfbc32e2,2026-05-31,북촌,북촌 맛집 북촌데이트 북촌브런치 안국피자 웨이팅이 맛집 인정...,https://blog.naver.com/phl000/224301739001
b378b7dccb6a66b9,2026-05-31,제주,[서홍동 맛집 ] 제주도민 맛집 으로 소문난 푸른어장에서...,https://blog.naver.com/parkdooly123/224301738052
a7a1144c6175ec9d,2026-05-31,인천,"구월 메인광장 앞, 주차하기 편한 샤브샤브 맛집",https://blog.naver.com/bwd22/224288297055
510070a6d9e5539f,2026-05-31,광명,14층 스카이뷰 루프탑에서 분위기 미쳤던 데이트 맛집 후기,https://blog.naver.com/kdh01215/224299120687
c76cd9d7eb538dfe,2026-05-31,광주,상무지구 맛집 연어하다 어반피크 핫플,https://blog.naver.com/kamang2012/224301736270
a6dd9823a83ff7e8,2026-05-31,잠실,"송리단길 ""로피""에 다녀오다!",https://blog.naver.com/jane_home10/224301734962
a6dd9823a83ff7e8,2026-05-31,송리단길,"송리단길 ""로피""에 다녀오다!",https://blog.naver.com/jane_home10/224301734962
c2a1b723d4884514,2026-05-31,연남동,[카페 리뷰/렉터스 라운지] 홍대 북카페에서 찾은 나만의...,https://blog.naver.com/minddddd/224301734927
c2a1b723d4884514,2026-05-31,홍대,[카페 리뷰/렉터스 라운지] 홍대 북카페에서 찾은 나만의...,https://blog.naver.com/minddddd/224301734927
c2a1b723d4884514,2026-05-31,합정,[카페 리뷰/렉터스 라운지] 홍대 북카페에서 찾은 나만의...,https://blog.naver.com/minddddd/224301734927
11d22c98cc233633,2026-05-31,마곡,발산역 이자카야 야키토리 우마이 감성 가득한 테라스 술집...,https://blog.naver.com/yelily_s2/224301733645
eeda2a77d0c1f8a0,2026-05-31,을지로,종각역 을지로입구역 미슐랭 맛집 진중 우육면관 본점 주말...,https://blog.naver.com/yellow_kiiro_/224301732798
07cb22886e7d07f4,2026-05-31,성수,성수 맛집 데이트할 때 가기 좋은 리타르단도(독특한 라구번이...,https://blog.naver.com/dd_yae24/224301732022
165dd83040b311dc,2026-05-31,종로,[종로3가역 고기 맛집 ]-지금... 삼겹살 맛집 '홍지로스',https://blog.naver.com/horeaki/224301731227
ece56b621c865c87,2026-05-31,강릉,"강릉 양식 맛집 추천, 초당 맛집 동녘댁에서 즐긴 음식 추",https://blog.naver.com/nyeo-ni/224301730739
acb0fe3abdb1c4f1,2026-05-31,대구,대구 북성로 맛집 원조북성로우동불고기 현지인 추천 찐 맛집,https://blog.naver.com/tintorera/224301730383
1c66acb871b383c2,2026-05-31,제주,"제주동쪽 물놀이 3대장 월정리 해수욕장, 코난비치, 김녕...",https://blog.naver.com/style1031/224301730510
3ed14aebcc3818a8,2026-05-31,성수,[성수 맛집 ] 능동미나리 성수 솔직 후기! 미나리곰탕과...,https://blog.naver.com/ejl0304-/224301729809
e8987040fb161356,2026-05-31,대전,은행동 으느정이거리 베이커리카페 추천 대흥동카페추천...,https://blog.naver.com/dms933/224301729688
fae0cce31086bbc7,2026-05-31,인천,[구월동저녁 핫플 ] 하루의... 구월동 맛집 '방이샤브칼국수...,https://blog.naver.com/waterlight-/224301573756
fc4232a32be35572,2026-05-31,포항,포항선물 고민이라면 여기 | 이동 디저트 맛집 말랑당...,https://blog.naver.com/hb2skmc/224301729588
b60251c2f9d4fcd0,2026-05-31,인천,“계산동에서 참치 제대로 먹고 싶다면 여기… 입에서 녹는...,https://blog.naver.com/ace020409/224301727830
fbf85834d31fdacb,2026-05-31,성수,"[성수/서울숲 카페] 진짜 튀르키예를 만날 수 있는 곳, 안탭리...",https://blog.naver.com/sense_chae/224301725755
fbf85834d31fdacb,2026-05-31,서울숲,"[성수/서울숲 카페] 진짜 튀르키예를 만날 수 있는 곳, 안탭리...",https://blog.naver.com/sense_chae/224301725755
c3bab0d2436fbf50,2026-05-31,용산,춘천 큰지붕닭갈비 소양강 근처 현지인 추천 맛집 내돈내산...,https://blog.naver.com/mini_mani_moo/224301725541
c3bab0d2436fbf50,2026-05-31,춘천,춘천 큰지붕닭갈비 소양강 근처 현지인 추천 맛집 내돈내산...,https://blog.naver.com/mini_mani_moo/224301725541
bb984138a9e444c0,2026-05-31,방배,"[서울/내방] 5가지 육수, 90가지 재료의 샤브샤브 천국! 봄담아...",https://blog.naver.com/bloqold/224301724877
bb984138a9e444c0,2026-05-31,서초,"[서울/내방] 5가지 육수, 90가지 재료의 샤브샤브 천국! 봄담아...",https://blog.naver.com/bloqold/224301724877
243746756de03983,2026-05-31,부산,사상밥집 사상칼국수 달인대보칼국수 사상점,https://blog.naver.com/haeryeug/224301724130
009b99820ccca9e6,2026-05-31,광주,광주 맛집 첨단 핫플 추천 리조또와 피자가 맛있는...,https://blog.naver.com/choggang1578/224301723548
93a44046bce69ddc,2026-05-31,강남,청담 상견례 맛집 추천 문보핫팟 파인다이닝,https://blog.naver.com/6607144/224299479151
93a44046bce69ddc,2026-05-31,압구정,청담 상견례 맛집 추천 문보핫팟 파인다이닝,https://blog.naver.com/6607144/224299479151
93a44046bce69ddc,2026-05-31,청담,청담 상견례 맛집 추천 문보핫팟 파인다이닝,https://blog.naver.com/6607144/224299479151
37b48ada0baf8947,2026-05-31,강릉,"강릉 주문진 디저트 카페 순두부 젤라또, 도깨비 촬영지 근처 카페",https://blog.naver.com/lifesaver999/224301722935
8ec814b7458c3550,2026-05-31,부산,"26. 부산역 호텔 내돈내산 숙박 후기: 브라운도트 위치, 조식...",https://blog.naver.com/sophicare/224301722537
7e362795783f53b2,2026-05-31,강릉,"갤러리밥스부터 툇마루까지, 아이랑 강릉 2박 3일 핫플 여행",https://blog.naver.com/gmlwjd2829/224301720312
2bfc313a6ac2d051,2026-05-31,포항,밥도둑의 끝판왕 포항 스페이스워크 근처 맛집 포항 생선구이...,https://blog.naver.com/gaeunlove1/224301720023
87bfb48b57876398,2026-05-31,강동,여자 혼자 포르투갈 여행(2)✈️ 리스본·포르투 동선 PPT...,https://blog.naver.com/tinyorbit_7/224301719186
7eceeefd75257d02,2026-05-31,부산,전포 카페 추천｜부산 커피 맛집 히떼로스터리 전포점 필터커피...,https://blog.naver.com/kimhaeun0927/224301719038
7d9d96ff8ec4b5d7,2026-05-31,사당,사당 맛집 가성비 술집... 삼촌카세 안주 맛집 솔직후기 및 주차정보,https://blog.naver.com/dingo159/224301719044
5f54a1f9280b1189,2026-05-31,수원,수원 술집) 수원역 분위기 좋은 가성비 끝판왕 수원역 술집 포차...,https://blog.naver.com/subsub2-/224301716731
12cf995e50a41b78,2026-05-31,부산,부산 광안리 점심 해수욕장 근처 페이센동 광안리점,https://blog.naver.com/kkg5562/224301717091
456c89a2ecb84589,2026-05-31,부산,해운대 좌동 이자카야 세츠나 연어삼합세트 솔직후기,https://blog.naver.com/edge2_/224301717220
578c665982aaa353,2026-05-31,포항,분위기 좋은 연어와 육회 포항 맛집 이자카야 우규...,https://blog.naver.com/ekfqlc118/224301716258
ee6cd81827782fe3,2026-05-31,제주,아베베베이커리 제주 (ABEBE BAKERY Jeju) 동문시장 핫플 방문기,https://blog.naver.com/zzzdkrltnekf/224301715533
fef7637b7ee6e3a2,2026-05-31,부산,"부산 2박 3일 혼자 여행 3일차-2 부산 벚꽃 스팟, 명란김밥...",https://blog.naver.com/sjiiiiiiiiiin/224301714957
33533cb5dca2a2e9,2026-05-31,성수,"[ 성수 ] 성수 맛집 , 능동미나리 (능동 미나리곰탕, 육회비빔밥...",https://blog.naver.com/watermeloneluv/224301713328
72e5b40467901590,2026-05-31,광주,광주 닭볶음탕 맛집 어쩌다토종닭 몸보신 딱이네~,https://blog.naver.com/jmjm0507ss/224301713475
d4c53ba0de55ad25,2026-05-31,부산,"무더위 날려버릴 시원한 사상역밀면 맛집 , 신가네밀면",https://blog.naver.com/luckytravel88/224301712694
80c41928e9312179,2026-05-31,압구정,압구정 로데오 맛집 투아투아 & 벤슨 크리머리 주말 데이트...,https://blog.naver.com/iamhaeseon11/224301712187
fff819fc2121aa24,2026-05-31,여의도,서울 영등포구/ 국회의사당내에 위치한 뷰 맛집 . 강변서재,https://blog.naver.com/ace3go/224301711338
fff819fc2121aa24,2026-05-31,사당,서울 영등포구/ 국회의사당내에 위치한 뷰 맛집 . 강변서재,https://blog.naver.com/ace3go/224301711338
fc3a0b3757bf3cc1,2026-05-31,광주,광주오리 맛집 매월동 맛집 매월농원 오리숯불구이 내돈내산 후기,https://blog.naver.com/artart5959/224301711847
cc68d660237fab1a,2026-05-31,대구,BMW S1000RR 메인터넌스,https://blog.naver.com/gpfactory/224301711127
37c0be79db0b0654,2026-05-31,시청,[이도참치] 인천시청역 초밥 / 구월동 참치 / 인천시청역 점심...,https://blog.naver.com/heelifelike/224301710922
37c0be79db0b0654,2026-05-31,인천,[이도참치] 인천시청역 초밥 / 구월동 참치 / 인천시청역 점심...,https://blog.naver.com/heelifelike/224301710922
0ea1cf9e262aa45d,2026-05-31,속초,강원도 속초 여행코스 1박2일 뚜벅이 가볼만한곳 경비 숙소,https://blog.naver.com/sulmingg/224301709961
489b235280ceae8d,2026-05-31,대구,대봉동 맛집 담골 김광석거리 데이트 코스 소고기 국밥과...,https://blog.naver.com/sh1890/224301709480
580b35b3428295e0,2026-05-31,포항,[포항 맛집 ] 포항에서 소문난 정육백화점 마블링 폭발하는 한우...,https://blog.naver.com/pomademan/224301708665
197105b4dff5d409,2026-05-31,연남동,홍대 파스타 맛집 퓨전 양식 소개팅 분위기,https://blog.naver.com/withoutmovie/224301182918
197105b4dff5d409,2026-05-31,홍대,홍대 파스타 맛집 퓨전 양식 소개팅 분위기,https://blog.naver.com/withoutmovie/224301182918
dc7cd1aadb704f55,2026-05-31,강릉,강릉 빵지순례 필수 코스✨ 구움과자 맛집 임당동162 이 집...,https://blog.naver.com/sohee9710/224301705736
873810a053ad6fd9,2026-05-31,고양,고양이 가좍 일상 보러오슈,https://blog.naver.com/0118jhk/224301705427
ead2fe249d42efbd,2026-05-31,부산,"[부산/범내골] 소문난 중독성, 웨이팅 끝에 맛본...",https://blog.naver.com/monffiy_/224301704433
5ed3a567d347f711,2026-05-31,대전,대전 맛집 쌍둥이수육국밥 월평선사점의 푸짐했던 식사후기,https://blog.naver.com/narara20000/224301704324
3ff1e9e86a260f52,2026-05-31,경주,"경주 감성 ""카페 샬라라"" 동화 속 한 장면 같은 힐링 공간",https://blog.naver.com/chacms1143/224301703821
c374dcdb8a04a581,2026-05-31,성수,성수 감성 카페 도토리오븐 내돈내산 솔직 후기,https://blog.naver.com/eunsu_exe/224301703409
891bfb5ce290584f,2026-05-31,부산,서면 치킨 맛집 찾는다면? 치킨과 닭도리탕을 한 번에 즐기는...,https://blog.naver.com/kimseeun85/224301701834
dd8ab13c448e4c3c,2026-05-31,여수,여수 여행 심쿵딸기 수제청 수박주스 맛집 선물 추천,https://blog.naver.com/artjoo486/224301701430
d71fb18e3ffcb397,2026-05-31,마곡,[마곡나루 맛집 추천] 웰빙 상추 샤브샤브 '육미정' & 감성 가득...,https://blog.naver.com/ra_ar_/224301699515
a73e02ebc3ff95fb,2026-05-31,수원,망포역 카페 홍라드 | 망포 카공카페 추천 |영통 맛집 카페,https://blog.naver.com/fjeiwkfk/224301699725
630c61f73cbe19e0,2026-05-31,부산,부산 사람들도 몰려간다!부산 6월 축제·행사 BEST 6 (BIDF...,https://blog.naver.com/bodyshu_/224301697776
f989231c600f1b5d,2026-05-31,대전,[대전 소제동] 대전 소제동 맛집 '온천집' 온천집 미소 샤브 한우...,https://blog.naver.com/wngur5161/224301696556
8f4120db062483cc,2026-05-31,을지로,[파주운정 맛집 ] 아내와 다녀온 신상 고기집 '을지로연탄구이...,https://blog.naver.com/hui0721/224301695542
8f4120db062483cc,2026-05-31,파주,[파주운정 맛집 ] 아내와 다녀온 신상 고기집 '을지로연탄구이...,https://blog.naver.com/hui0721/224301695542
a2bf77caf12725f4,2026-05-31,이태원,맛집 아노브｜72시간 숙성도우가 맛있는 수제 화덕피자 맛집,https://blog.naver.com/swiftcomposure/224301695170
a2bf77caf12725f4,2026-05-31,용산,맛집 아노브｜72시간 숙성도우가 맛있는 수제 화덕피자 맛집,https://blog.naver.com/swiftcomposure/224301695170
13497b3ca0f97933,2026-05-31,여의도,서울놀거리 더현대 플레이인더박스 즐기기,https://blog.naver.com/fvivian/224301695234
13497b3ca0f97933,2026-05-31,더현대서울,서울놀거리 더현대 플레이인더박스 즐기기,https://blog.naver.com/fvivian/224301695234
53302a422a3a952b,2026-05-31,광주,광주 양림동 맛집 유소바 양림본점 안키모동 자루소바 후기,https://blog.naver.com/hehi1_/224301694921
cdb5b60e1b3f4ff1,2026-05-31,을지로,을지로 핫플 '한주 다이어리' 후기 내돈내산,https://blog.naver.com/unaavenue/224301694217
45c8686b6fd8591d,2026-05-31,수원,[수원 행궁동 맛집 ]... 맛을 즐길 수 있는 쿼터스트리트 피자 맛집,https://blog.naver.com/shindenggu/224301694058
2617023302fdc3ec,2026-05-31,부산,부산 서면• 전포 카페_[이즈더네임] 방문 솔직 후기(내돈 내산),https://blog.naver.com/kimeum715/224301693545
64490cf61b0b2657,2026-05-31,대구,대구 동성로 양식 맛집 <다나 동성로본점> | 데이트 코스...,https://blog.naver.com/ah_rxn/224301693065
626b4150683c5c5a,2026-05-31,부산,[부산/해운대 맛집 ] 싱싱한 자연산 해산물이 3차에 걸쳐 나오는...,https://blog.naver.com/caren1029/224301692566
dae2625e34cfe3a0,2026-05-31,홍대,"홍대 이자카야, 냐냐쿤 홍대 이자카야 홍대입구 바로 앞 술집",https://blog.naver.com/blog-nn/224301691697
bcd75e3a01ec8bd9,2026-05-31,문래,::문래 맛집 :: 또간집 문래골목집 골직 후기 웨이팅 주차정보...,https://blog.naver.com/wlswlswlswlswls_/224301691290
d0cd7a0f6773f467,2026-05-31,의정부,"의정부 소곱창 맛집 , 의정부터미널 맛집 ‘건우황소곱창‘",https://blog.naver.com/ddudu_062/224301690801
ce5e527bf7b71fd9,2026-05-31,을지로,[충무로역 맛집 ] 을지로노포 감성 가득한 팔팔솔막창충무로...,https://blog.naver.com/crcr889977/224301690616
927b69086df0a813,2026-05-31,을지로,서울3대아인슈페너 맛집 시애틀커피하우스 종로3가점,https://blog.naver.com/skdud3758/224301690483
927b69086df0a813,2026-05-31,종로,서울3대아인슈페너 맛집 시애틀커피하우스 종로3가점,https://blog.naver.com/skdud3758/224301690483
6c391f14278c7957,2026-05-31,대전,"선화동 태국음식 맛집 잇마이타이, 현지 느낌 가득한 신상 맛집",https://blog.naver.com/lsy949494/224301690205
014684282c44113a,2026-05-31,강릉,"[강릉] 남다른 패티의 수제버거 강릉서부시장 맛집 , 피셔맨웍스",https://blog.naver.com/matzip100_/224301689943
df0426c84b4e7072,2026-05-31,연남동,"[연남동 술집] 90년대 감성 폭발하는 라디오시티, 신청곡있는...",https://blog.naver.com/yunch0o/224301688838
dd66181ef8c54ba6,2026-05-31,제주,제주 이재모가 맛있는것같죠…?? | 제주 웨이팅 맛집 이재모피자,https://blog.naver.com/precure0619/224301688901
d1efb704b8d4d7ab,2026-05-31,인천,"[인천 신포로데오 맛집 ] ""신포동 노포 맛집 , 1991년부터...",https://blog.naver.com/heeya6838/224301276727
9ad47abce52ddefa,2026-05-31,제주,[제주] 히밥도 왔다간 제주 시내 고기국수 맛집 | 혼바띠 국수,https://blog.naver.com/precure0619/224301688127
c463c4d9e36efe69,2026-05-31,양평,양평 수제버거 맛집 인정! 한우패티가 끝내주는 버거집...,https://blog.naver.com/fkvl4247/224301687608
f4f69d5a37db901e,2026-05-31,제주,[제주] 요즘 인스타에서 가장 핫한 카페 | 기름떡을 파는...,https://blog.naver.com/precure0619/224301687043
e4d458c58ed1f312,2026-05-31,대구,대구 북구 맛집 고급스러운 분위기에서 가족외식 보길도1988...,https://blog.naver.com/papaya3040/224301684943
7acc4fa03583ab30,2026-05-31,부산,부산 수영역 맛집 술집 부엉이산장 안주가 맛있는 핫플 ...,https://blog.naver.com/sm88044/224301683912
bcc34c71b472d929,2026-05-31,부산,해운대 맛집 다다닥N짜오미솥뚜껑닭볶음탕에서 즐긴 특별한...,https://blog.naver.com/goplayboy/224301681796
b76d23bf9f1027d9,2026-05-31,대구,힙한 맛집 끝판왕! 농구 감성 가득한 솔직 후기...,https://blog.naver.com/94_jhy_/224300036690
3f19920fcb5e2608,2026-05-31,삼성,대전 충남대 블루리본 중식당 연래춘대반점 삼선짜장 맛집 ...,https://blog.naver.com/dapara00/224301517752
3f19920fcb5e2608,2026-05-31,대전,대전 충남대 블루리본 중식당 연래춘대반점 삼선짜장 맛집 ...,https://blog.naver.com/dapara00/224301517752
1d9215ecec4036d7,2026-05-31,전주,"전주막창 맛집 발견!! 연막창 전주객사점, 다시 생각나는...",https://blog.naver.com/dodo8250/224301584647
33659d83d25ffcd7,2026-05-31,대구,대구 수성구 신천시장 양고기 스프카레 맛집 바를램,https://blog.naver.com/dumborang/224301679356
caee5ceaf14bcdb1,2026-05-31,성수,성수역 밥집 전자방｜NCT 해찬도 즐겨먹는 성수동 짬뽕 맛집,https://blog.naver.com/kimnakji/224301679006
f9e52128ab83af92,2026-05-31,잠실,아이스크림 젤라또 맛집 라즈베리 라벤더 내돈내산 후기,https://blog.naver.com/from-jane/224301678766
f9e52128ab83af92,2026-05-31,송파,아이스크림 젤라또 맛집 라즈베리 라벤더 내돈내산 후기,https://blog.naver.com/from-jane/224301678766
509ab6bfcc0e27ad,2026-05-31,부산,부산 여행 해운대 신상 맛집 추천 하데나 일본 전통 가정식,https://blog.naver.com/ms_lilac/224301678382
2ee03ac9c77fd2db,2026-05-31,성수,부산_서면_잡내없는양꼬치 맛집 _단체회식_내돈내산양꼬치_양복점,https://blog.naver.com/ah96852/224301678083
2ee03ac9c77fd2db,2026-05-31,분당,부산_서면_잡내없는양꼬치 맛집 _단체회식_내돈내산양꼬치_양복점,https://blog.naver.com/ah96852/224301678083
2ee03ac9c77fd2db,2026-05-31,부산,부산_서면_잡내없는양꼬치 맛집 _단체회식_내돈내산양꼬치_양복점,https://blog.naver.com/ah96852/224301678083
a26d253c894b24ce,2026-05-31,홍대,[홍대 즉석떡볶이] 캐릭터로 꾸며진 아기자기한 신규 오픈 맛집 ...,https://blog.naver.com/wonder0422_/224301676700
acc784cdbe9a3e51,2026-05-31,광주,[담양/가사문학면] 광주 근교 데이트 추천 야외 버스에서 즐길...,https://blog.naver.com/ksw05128/224301675961
6aa94c4669115c5f,2026-05-31,대구,대구빙수 맛집 서문시장 2지구 생과일 가득 디저트 제니빙수,https://blog.naver.com/qhxhdtk/224301675907
1c28d42dbd56a1e1,2026-05-31,부산,부산 동래 2차로 가기 좋은 술집 미식가의 연어 내돈내산 후기,https://blog.naver.com/s0_lloxl_/224301676100
820732e27a0d2892,2026-05-31,대구,대구 육개장 맛집 진하고 깊은 국물로 완벽한 해장 광장코아...,https://blog.naver.com/nzee123/224301675076
b099d71b889ffa0b,2026-05-31,대구,"[대구 상인역 맛집 ] 삼삼마라 본점 로제마라샹궈, 마라 초보도...",https://blog.naver.com/tial94/224301675001
68ca3aa69e52af28,2026-05-31,부산,부산 양정 '텐 달러 스테이크 앤 파스타' 가성비 좋은 양식 맛집 ...,https://blog.naver.com/jaegwan_ahn/224300199438
d1b86bcced118a89,2026-05-31,종로,"성북동 데이트 코스 추천 ( 맛집 , 젤라또, 소품샵, 독립서점...",https://blog.naver.com/avechlin/224301674127
ce00b6a1a74aa1ca,2026-05-31,압구정,"압구정로데오역 오레노이키루미치, 30대 예비부부의 찐한 주말...",https://blog.naver.com/iamhaeseon11/224301674357
9a1a75d84086e7ec,2026-05-31,용산,"[용산 맛집 ] 백경식당 , 까치네 내돈내산",https://blog.naver.com/wldus1097/224301673998
7a0421b9ac27b958,2026-05-31,성수,2026년 기준 서울 유동인구 순위 TOP 15,https://blog.naver.com/chani890/224301670817
7a0421b9ac27b958,2026-05-31,여의도,2026년 기준 서울 유동인구 순위 TOP 15,https://blog.naver.com/chani890/224301670817
7a0421b9ac27b958,2026-05-31,건대,2026년 기준 서울 유동인구 순위 TOP 15,https://blog.naver.com/chani890/224301670817
7a0421b9ac27b958,2026-05-31,이태원,2026년 기준 서울 유동인구 순위 TOP 15,https://blog.naver.com/chani890/224301670817
7a0421b9ac27b958,2026-05-31,광화문,2026년 기준 서울 유동인구 순위 TOP 15,https://blog.naver.com/chani890/224301670817
7a0421b9ac27b958,2026-05-31,동대문,2026년 기준 서울 유동인구 순위 TOP 15,https://blog.naver.com/chani890/224301670817
7a0421b9ac27b958,2026-05-31,신촌,2026년 기준 서울 유동인구 순위 TOP 15,https://blog.naver.com/chani890/224301670817
492823a62c30914c,2026-05-31,파주,운정 베이커리 맛집 파운커피 교하점 | 파주 운정 라떼 맛집 ...,https://blog.naver.com/logbyrani/224301670549
b455c43d45656e2f,2026-05-31,인천,"리트머스 시카고 액상, 연초 시가 계열의 대장 Litmus CHICAGO",https://blog.naver.com/raccoon2023/224301670724
b455c43d45656e2f,2026-05-31,송도,"리트머스 시카고 액상, 연초 시가 계열의 대장 Litmus CHICAGO",https://blog.naver.com/raccoon2023/224301670724
5c597ef98444b309,2026-05-31,부산,부산 조개구이 맛집 추천... 미쳤던 바담가 후기 (송정역 맛집 ),https://blog.naver.com/rimmiyou/224301670304
f1286b1020fc5157,2026-05-31,연남동,연남족발 1987 연남점ㅣ 홍대 튀김족발 맛집,https://blog.naver.com/meong_crab/224301669408
f1286b1020fc5157,2026-05-31,홍대,연남족발 1987 연남점ㅣ 홍대 튀김족발 맛집,https://blog.naver.com/meong_crab/224301669408
c2eb1f62b921fcdb,2026-05-31,성수,[성수동찐 맛집 !!] 프렌즈앤야드 핫플 인정! 비주얼+맛 다 잡았다,https://blog.naver.com/wol1000gogo/224299829221
a4b5e13e94ff34af,2026-05-31,문래,"[문래역 술집] 한식퓨전술집 ""그리고 문래"" 방문후기",https://blog.naver.com/tomoyo792/224301514516
22136d81d8f8e65b,2026-05-31,파주,아이들이 일본 온 줄 알았어요 파주 금촌 야키니쿠 맛집 키요이...,https://blog.naver.com/soyulhauseu/224301667162
0fc7319bfca9d262,2026-05-31,일산,네이버 플레이스 태그: 재방문 많은 × 주간 인기 급상승; 이...,https://blog.naver.com/minlab_hyoja_academy/224301666456
76d0885b32e7da46,2026-05-31,성수,[서울/성수] 야키토리 나루토 | 생맥주 맛집 [내돈내산],https://blog.naver.com/yjhn00/224301665186
76d0885b32e7da46,2026-05-31,서울숲,[서울/성수] 야키토리 나루토 | 생맥주 맛집 [내돈내산],https://blog.naver.com/yjhn00/224301665186
0c21e9336806bc08,2026-05-31,부천,"송내역 가성비 파스타·뇨끼 맛집 , 재방문하고 싶은 “그냥”",https://blog.naver.com/gptjswkd1218/224301665513
c9fee25bab4d2173,2026-05-31,포항,[포항아구찜] 매콤달콤 스트레스 확 날아가는 대구볼찜 먹방!...,https://blog.naver.com/qflwkhmi/224301664372
c9fee25bab4d2173,2026-05-31,대구,[포항아구찜] 매콤달콤 스트레스 확 날아가는 대구볼찜 먹방!...,https://blog.naver.com/qflwkhmi/224301664372
81139f47f78368f7,2026-05-31,망원,망원동 가성비 파인다이닝 맛집 노주 5만원대 런치코스,https://blog.naver.com/wkddpdms9412/224301664890
f9add3378c122b6c,2026-05-31,잠실,잠실 안목 돼지국밥 내돈내산 솔직후기! 깔끔한 인생 국밥집...,https://blog.naver.com/bus7398/224301663287
f9add3378c122b6c,2026-05-31,송리단길,잠실 안목 돼지국밥 내돈내산 솔직후기! 깔끔한 인생 국밥집...,https://blog.naver.com/bus7398/224301663287
22c82f82875df308,2026-05-31,광주,[광주 송정역 맛집 ] '시장국밥' 전현무계획3도 반한 30년 전통...,https://blog.naver.com/geolsb/224301662775
a1ef51bf82ef9881,2026-05-31,건대,[광진구] 안주가 맛있는 건대 이자카야 추천! 데이트하기 좋은...,https://blog.naver.com/hyeonu7452/224301646887
8d3e824c4cd68370,2026-05-31,부산,부산족발 남포동 족발골목 맛집 추천｜부산 현지인도 인정한...,https://blog.naver.com/raiiiin_/224301661265
21a43d1e3f13732c,2026-05-31,압구정,압구정로데오브런치 - 오클랜드 파이 개러지,https://blog.naver.com/unasuna/224301660303
9f9938e8679ef377,2026-05-31,여의도,"여의도 맛집 투어의 시작, 딸아이와 함께 다시 찾은...",https://blog.naver.com/hajun82/224301659950
9f9938e8679ef377,2026-05-31,더현대서울,"여의도 맛집 투어의 시작, 딸아이와 함께 다시 찾은...",https://blog.naver.com/hajun82/224301659950
995abfbe9054be18,2026-05-31,익선동,[서울 종로 / 노다지포차] 요즘 날씨에 안 가면 손해인 종로...,https://blog.naver.com/greenish-glow/224301659468
995abfbe9054be18,2026-05-31,종로,[서울 종로 / 노다지포차] 요즘 날씨에 안 가면 손해인 종로...,https://blog.naver.com/greenish-glow/224301659468
09e05f8d45f8745a,2026-05-31,문래,먼 훗날 돌이키고픈,https://blog.naver.com/il0vech0c0late/224301659575
09e05f8d45f8745a,2026-05-31,대구,먼 훗날 돌이키고픈,https://blog.naver.com/il0vech0c0late/224301659575
5628bc3128f07014,2026-05-31,신촌,[부산] 2박 3일 맛집 여행 솔직후기 ㅣ 바다·소품샵·부산 맛집 ...,https://blog.naver.com/archivennn/224301658142
5628bc3128f07014,2026-05-31,부산,[부산] 2박 3일 맛집 여행 솔직후기 ㅣ 바다·소품샵·부산 맛집 ...,https://blog.naver.com/archivennn/224301658142
b39823b8c256a1cb,2026-05-31,홍대,[합정역이자카야] 토리야 참피온에서 하룰라라 날아간 날 숯불...,https://blog.naver.com/backgang/224301657041
b39823b8c256a1cb,2026-05-31,합정,[합정역이자카야] 토리야 참피온에서 하룰라라 날아간 날 숯불...,https://blog.naver.com/backgang/224301657041
b39823b8c256a1cb,2026-05-31,망원,[합정역이자카야] 토리야 참피온에서 하룰라라 날아간 날 숯불...,https://blog.naver.com/backgang/224301657041
fcc81cd62110efdb,2026-05-31,망원,망원 빵지순례 1등 베이커리 맛집 완전 정복 웨이팅 꿀팁 솔직후기,https://blog.naver.com/fdamin/224301655091
35a164e44bdbbc27,2026-05-31,왕십리,"[왕십리 맛집 ] 입안 가득 퍼지는 바다의 맛, ‘스시도쿠 카미동...",https://blog.naver.com/fami323/224301653538
d267f4def6724ed3,2026-05-31,명동,동명동 수제버거 맛집 리얼버거 동명 | 치즈덕후라면 필수 방문...,https://blog.naver.com/minigenie96/224301653523
d267f4def6724ed3,2026-05-31,광주,동명동 수제버거 맛집 리얼버거 동명 | 치즈덕후라면 필수 방문...,https://blog.naver.com/minigenie96/224301653523
1d3469937a157120,2026-05-31,경주,[경주 이치니산도] 경주 웨이팅 핫플 산도 맛집 ):,https://blog.naver.com/mickey4131/224301652910
789081277cafea7a,2026-05-31,부산,"명지 마라탕 맛집 샤오마라 명지점, 아이와 함께 다녀온...",https://blog.naver.com/cococou/224301653125
cc138eeb18b27fd6,2026-05-31,춘천,춘천 감자밭 카페 후기｜오리지널 감자빵·초당옥수수빵 먹고...,https://blog.naver.com/meetmeu/224301653163
298f79aff8314976,2026-05-31,건대,건대입구술집추천 육회공작소 세종대본점 건대룸술집 분위기,https://blog.naver.com/asdfy/224301652411
d961a0c379fd5ac2,2026-05-31,성수,성수 핫플 삿포로 프리미엄 비어스탠드 내돈내산,https://blog.naver.com/mandu8407/224301651400
81a44519ea1c0d07,2026-05-31,용산,신용산 맛집 먼치 내돈내산 분위기 좋은 브런치 카넬로니 솔직...,https://blog.naver.com/blumentopf11/224301650920
71621614b1a939bb,2026-05-31,파주,파주 운정스타필드 맛집 팝사이클 핫플 카페 특별한 인테리어,https://blog.naver.com/inaudadak/224301651056
2da415f7e61f26cb,2026-05-31,부천,부천 괴안동 청춘포장마차 봄맞이 이벤트 생맥주 300ml 1...,https://blog.naver.com/jamg99/224301650238
a6883870ab0d5bed,2026-05-31,을지로,[을지로입구 맛집 ] 친구 모임이나 데이트 코스로 강추하는...,https://blog.naver.com/wldbs0054/224301649804
a6883870ab0d5bed,2026-05-31,명동,[을지로입구 맛집 ] 친구 모임이나 데이트 코스로 강추하는...,https://blog.naver.com/wldbs0054/224301649804
6b81e17f10110779,2026-05-31,성수,성수동 맛집 능동미나리 후기 성수동 도토리오븐 구움과자,https://blog.naver.com/thgusaksu/224301647733
6b81e17f10110779,2026-05-31,부산,성수동 맛집 능동미나리 후기 성수동 도토리오븐 구움과자,https://blog.naver.com/thgusaksu/224301647733
13a4abd96c5eb268,2026-05-31,용산,2026.05,https://blog.naver.com/jueh5131/224301647836
1adda23137ce48c8,2026-05-31,망원,겨울이 지나 봄 ! 봄 맞이 1박 2일 속초-포천 여행,https://blog.naver.com/euneun_ii/224301646118
1adda23137ce48c8,2026-05-31,속초,겨울이 지나 봄 ! 봄 맞이 1박 2일 속초-포천 여행,https://blog.naver.com/euneun_ii/224301646118
a5cc35a834cbdc67,2026-05-31,해방촌,"남산카페콤포타블 뷰 맛집 인정, 서울 한복판에서 유럽 감성...",https://blog.naver.com/gokarisk/224301645970
a5cc35a834cbdc67,2026-05-31,용산,"남산카페콤포타블 뷰 맛집 인정, 서울 한복판에서 유럽 감성...",https://blog.naver.com/gokarisk/224301645970
a5cc35a834cbdc67,2026-05-31,남산,"남산카페콤포타블 뷰 맛집 인정, 서울 한복판에서 유럽 감성...",https://blog.naver.com/gokarisk/224301645970
7cb960a1970fe269,2026-05-31,강남,깐부치킨 삼성점 코엑스 근처 재벌 기운 가득 품은 옛날통닭...,https://blog.naver.com/wldud2357/224301645924
7cb960a1970fe269,2026-05-31,삼성,깐부치킨 삼성점 코엑스 근처 재벌 기운 가득 품은 옛날통닭...,https://blog.naver.com/wldud2357/224301645924
7cb960a1970fe269,2026-05-31,코엑스,깐부치킨 삼성점 코엑스 근처 재벌 기운 가득 품은 옛날통닭...,https://blog.naver.com/wldud2357/224301645924
36d07e9abb723eac,2026-05-31,을지로,"을지로 국밥 맛집 [진심] 후기. 난축맛돈 국밥, 진짜 깔끔한 국밥...",https://blog.naver.com/minigun86/224301643419
f92fb188fe183917,2026-05-31,익선동,"[종로 탐방] 호불호 갈리는 북방식 수제 만두 전문점, 익선동...",https://blog.naver.com/dochan0226/224301642182
f92fb188fe183917,2026-05-31,종로,"[종로 탐방] 호불호 갈리는 북방식 수제 만두 전문점, 익선동...",https://blog.naver.com/dochan0226/224301642182
89b36f2fc1fe3294,2026-05-31,연남동,‘서울 홍대입구역’ 연남술사 | 연남동 요리주점 데이트...,https://blog.naver.com/pompukong/224301642459
89b36f2fc1fe3294,2026-05-31,홍대,‘서울 홍대입구역’ 연남술사 | 연남동 요리주점 데이트...,https://blog.naver.com/pompukong/224301642459
8975d3c41c9e94ed,2026-05-31,을지로,[을지로 맛집 ] 웨이팅 지옥 탈출! 도심 속 야장 감성...,https://blog.naver.com/dadol8ho/224301642501
6cd09bdae1a0e0d3,2026-05-31,춘천,"춘천 | 퇴계동 맛집 , 화화돼지왕갈비 대왕갈비 후기",https://blog.naver.com/luck3358/224301642603
56f82154ab9e924b,2026-05-31,종로,종각역 맛집 크루아타이커진 태국음식 후기,https://blog.naver.com/gmltjd05170/224301642299
56f82154ab9e924b,2026-05-31,광화문,종각역 맛집 크루아타이커진 태국음식 후기,https://blog.naver.com/gmltjd05170/224301642299
84edb485cb8051aa,2026-05-31,판교,"분위기 좋은 판교 맛집 :) 엔도버, 분당 애견동반 식당 브런치...",https://blog.naver.com/0_0jini/224300986111
84edb485cb8051aa,2026-05-31,분당,"분위기 좋은 판교 맛집 :) 엔도버, 분당 애견동반 식당 브런치...",https://blog.naver.com/0_0jini/224300986111
7de3250d0b0d91f1,2026-05-31,경주,"경주 숙소 추천, 황리단길 vs 보문단지 지역별 선택 가이드",https://blog.naver.com/mama2624/224300931049
5d5cffd833ce3c44,2026-05-31,망원,망원동디저트카페 에그밀 | 구움과자 에그타르트 맛집,https://blog.naver.com/hongstar105/224301507139
5d5cffd833ce3c44,2026-05-31,마포,망원동디저트카페 에그밀 | 구움과자 에그타르트 맛집,https://blog.naver.com/hongstar105/224301507139
cb32980764fd6e56,2026-05-31,전주,전주 객사 맛집 | 객리단길 초밥 맛집 추천 | 스시미라이 방문 후기,https://blog.naver.com/qkrwlgml1027/224301640270
a11b3e36b77940f1,2026-05-31,익선동,[서울 종로 / 서순라길 / 비틀스 타코] 종로 웨이팅 맛집 인정...,https://blog.naver.com/greenish-glow/224301639648
a11b3e36b77940f1,2026-05-31,종로,[서울 종로 / 서순라길 / 비틀스 타코] 종로 웨이팅 맛집 인정...,https://blog.naver.com/greenish-glow/224301639648
9c40829581bcbd99,2026-05-31,부산,사직야구장 맛집 매콤 중독 쪽갈비 맛보고싶다면 뜯갈비,https://blog.naver.com/darnish_v/224301639145
072d495868323ab4,2026-05-31,전주,전주 아중리술집 럭셔리가맥 ｜ 현지인들이 찾는 가맥 맛집,https://blog.naver.com/hitejinro_jeonju/224301638559
167f2ef0dcbaf85e,2026-05-31,한남동,한남동 맛집 타크(TAC) 방문... 타코 맛집 ! 솔직후기/연예인 맛집,https://blog.naver.com/younna825421/224301637989
167f2ef0dcbaf85e,2026-05-31,이태원,한남동 맛집 타크(TAC) 방문... 타코 맛집 ! 솔직후기/연예인 맛집,https://blog.naver.com/younna825421/224301637989
167f2ef0dcbaf85e,2026-05-31,용산,한남동 맛집 타크(TAC) 방문... 타코 맛집 ! 솔직후기/연예인 맛집,https://blog.naver.com/younna825421/224301637989
b49bfe3db0e4fada,2026-05-31,광주,전현무계획 광주 연화식당 예약 주차 혼밥 육전 맛집 위치 총정리,https://blog.naver.com/overthesense/224301637298
d36d771e44a43b78,2026-05-31,제주,"식사 후 남긴 기분 좋은 추억, 한라사진관",https://blog.naver.com/halla_studio/224301636467
b5875d43e52b5179,2026-05-31,용산,용산역 맛집 용산피자 맛집 엉클피자 용산점 | 바삭한 페퍼로니...,https://blog.naver.com/meanonetwo/224301636206
cdf0ff304f560081,2026-05-31,부산,"경성대 맛집 텐달러 스테이크 앤 파스타, 스테이크 300g...",https://blog.naver.com/quack-quack_9/224301636369
112bebe92db8609e,2026-05-31,부천,2026 전국 장미축제 일정 및 명소 추천: 곡성 임실 부천 대청호...,https://blog.naver.com/goodmantrip/224301616396
2a0cc5906336c6a3,2026-05-31,광주,5월 일상 : 내 무기는 다정함뿐인데,https://blog.naver.com/rladuddk001119/224301635707
aeb77106606135e0,2026-05-31,부산,광안리 신상카페 일본 세븐일레븐 스무디 후기,https://blog.naver.com/gyeong_1/224301634941
c059b6595149b324,2026-05-31,성수,성수동 라멘 맛집 멘야포모에서 친구랑 데이트,https://blog.naver.com/yumiyomi_opo/224301634555
6b8a0809f68ace44,2026-05-31,부산,부산 2박 3일 여행,https://blog.naver.com/jjunghwa930/224301634920
28786cc59892f254,2026-05-31,대구,대구 동대구역 술집 신세계백화점 맛집 백연,https://blog.naver.com/rod1875/224301633277
1c6779fa0b4a423b,2026-05-31,동대문,"동대문 찐노포 감성, 요즘 핫한 갑오징어구이 맛집 무지개호프...",https://blog.naver.com/lttae/224301632429
af33e6a9e5fe3a5e,2026-05-31,인천,계양구 모모아트 야외카페 아이와 함께한 솔직후기,https://blog.naver.com/rowoon0213/224301632180
6b4398dff0c91098,2026-05-31,속초,속초 중앙시장 누룽지오징어순대 맛집 [서민갑부 똑이네 튀김]...,https://blog.naver.com/wryongmii/224301631236
9326dcdbe78f7325,2026-05-31,시청,"대전 시청역 맛집 , 키츠네유부 입안 가득 터지는 풍미 가득 대왕...",https://blog.naver.com/kht502579/224301630267
9326dcdbe78f7325,2026-05-31,대전,"대전 시청역 맛집 , 키츠네유부 입안 가득 터지는 풍미 가득 대왕...",https://blog.naver.com/kht502579/224301630267
560d26b3bd0877a3,2026-05-31,문래,문래 맛집 신도림역 맛집 미국식 바베큐 찢은고기,https://blog.naver.com/hahere/224301629444
5cbe9e36f93194cd,2026-05-31,잠실,방이동 고기집 맛집 초원소금구이 삼합 잠실 고기집 정착,https://blog.naver.com/choochoo440/224301629570
56b70c22f8e97b8d,2026-05-31,안국,북촌 카페 나들이 코스 추천 오설록 티하우스 북촌점 말차디저트,https://blog.naver.com/nnn_nn10/224301629404
56b70c22f8e97b8d,2026-05-31,북촌,북촌 카페 나들이 코스 추천 오설록 티하우스 북촌점 말차디저트,https://blog.naver.com/nnn_nn10/224301629404
56b70c22f8e97b8d,2026-05-31,종로,북촌 카페 나들이 코스 추천 오설록 티하우스 북촌점 말차디저트,https://blog.naver.com/nnn_nn10/224301629404
15a7ccd586bf580a,2026-05-31,강동,[서울] 뜯어야 제맛! '암사쪽갈비 상일점' 양념부터 매운맛까지...,https://blog.naver.com/kokoko1999/224301628279
6a7b59e5b2b03b8e,2026-05-31,홍대,홍대입구역 혼술 JASE 홍대 칵테일 후기,https://blog.naver.com/boring202/224301627939
6a7b59e5b2b03b8e,2026-05-31,마포,홍대입구역 혼술 JASE 홍대 칵테일 후기,https://blog.naver.com/boring202/224301627939
cdc3470346e96efe,2026-05-31,여수,"여수게장 맛집 , 싱싱게장마을웨이팅, 여수이순신광장 맛집 ...",https://blog.naver.com/shulong-e/224301627525
f5cd9cbaa4a31c50,2026-05-31,대전,"[덕암동 빈티지팩토리] 1800원의 행복, 주차 편하고 종류 많은...",https://blog.naver.com/niel486/224301626408
f02b00ed0486f04e,2026-05-31,인천,남동구 남촌동 회식 추천 망부석 인천구월점 구월동 로데오...,https://blog.naver.com/skyturn/224301626418
bcb28b2c5978b04d,2026-05-31,제주,"제주 여행ㅣ[EP.3] 3~4일차 (비브레이브, 새물국수, 당산봉...",https://blog.naver.com/poppys_cells/224301625910
7d577b66ba25c168,2026-05-31,성수,"맥주박물관, 타이동 야시장까지 완벽 코스![칭다오 맛집 추천]",https://blog.naver.com/mymylord116/224301625772
481fed8686b31d5f,2026-05-31,여의도,여의도낮술 성지 육회관포차여의도점 퀄리티 대박인...,https://blog.naver.com/hajun82/224301625472
ec1a41cae05065d8,2026-05-31,대전,"논산, 알바노",https://blog.naver.com/taehoofood/224301624890
ce5eb024ee0738b4,2026-05-31,파주,파주 맛집 :: 사람이 너무 많아 오픈런 한 장어 맛집 [갈릴리...,https://blog.naver.com/tiggersant/224301624726
46c7332a8c528d9d,2026-05-31,속초,설악워터피아 근처 카페｜수영하고 나서 딱 발견한 속초...,https://blog.naver.com/tourmom121/224301624015
ad7c22e0e68b3671,2026-05-31,강남,"젤라또] 와인과 젤라또의 페어링, 청담디저트 맛집 '로우앤리얼'",https://blog.naver.com/yunch0o/224301623141
ad7c22e0e68b3671,2026-05-31,청담,"젤라또] 와인과 젤라또의 페어링, 청담디저트 맛집 '로우앤리얼'",https://blog.naver.com/yunch0o/224301623141
01f5417dbfe41a2c,2026-05-31,대전,대전 성심당 구매후기 - 오픈런 없이 인기 빵 구매한 솔직...,https://blog.naver.com/footneki-v/224301618658
698c216621f99f63,2026-05-31,제주,핫플 트립 제주도버스투어 뚜벅이 패키지로 봄날 혼자여행 완전...,https://blog.naver.com/twnghhgrdeq/224300874653
35c4e4c076eb4b2a,2026-05-31,홍대,홍대 맛집 고기꾼김춘배 홍대본점 한우 2인 SET 깍뚝밥 반반냉면,https://blog.naver.com/rejoice98/224301620912
35c4e4c076eb4b2a,2026-05-31,마포,홍대 맛집 고기꾼김춘배 홍대본점 한우 2인 SET 깍뚝밥 반반냉면,https://blog.naver.com/rejoice98/224301620912
1fad5e2059a90691,2026-05-31,부산,해목 부산 히츠마부시 직접 다녀온 해운대점 솔직한 후기,https://blog.naver.com/leedh428/224301620383
c23c905e61885f21,2026-05-31,가로수길,창원과일산도 맛집 데이산도 가로수길 신상 디저트카페,https://blog.naver.com/aaaa10432/224301619736
c23c905e61885f21,2026-05-31,일산,창원과일산도 맛집 데이산도 가로수길 신상 디저트카페,https://blog.naver.com/aaaa10432/224301619736
616c5ac3aeb57a76,2026-05-31,제주,제주 빵지순례 추천 / 롱앤플랫 동문시장점 방문 후기,https://blog.naver.com/p_chan_s/224301619937
58976cfdaed65b37,2026-05-31,수원,수원스타필드 맛집 카페 실내데이트 추천,https://blog.naver.com/somi1010_143/224301618428
80d627e20e50fb07,2026-05-31,대구,[대구 교동 백룸 라운지] 교동칵테일바 교동라운지 힙한술집,https://blog.naver.com/sua__zip/224301618843
614719933d27faf5,2026-05-31,부산,[해운대 오션뷰 카페] 더 반 베를린 부산점,https://blog.naver.com/merry96715/224301618919
62e960547029129d,2026-05-31,하남,[하남 맛집 ]제주덕구:제주느낌 물씬 오겹살 맛집,https://blog.naver.com/kdoctoreom/224301618779
62e960547029129d,2026-05-31,제주,[하남 맛집 ]제주덕구:제주느낌 물씬 오겹살 맛집,https://blog.naver.com/kdoctoreom/224301618779
117a9b5ebb202a89,2026-05-31,홍대,마포 소금구이 맛집 !! 합정역 벚꽃거리 맛집 마포소금구이 후기,https://blog.naver.com/younna825421/224301617767
117a9b5ebb202a89,2026-05-31,합정,마포 소금구이 맛집 !! 합정역 벚꽃거리 맛집 마포소금구이 후기,https://blog.naver.com/younna825421/224301617767
117a9b5ebb202a89,2026-05-31,망원,마포 소금구이 맛집 !! 합정역 벚꽃거리 맛집 마포소금구이 후기,https://blog.naver.com/younna825421/224301617767
117a9b5ebb202a89,2026-05-31,상수,마포 소금구이 맛집 !! 합정역 벚꽃거리 맛집 마포소금구이 후기,https://blog.naver.com/younna825421/224301617767
117a9b5ebb202a89,2026-05-31,마포,마포 소금구이 맛집 !! 합정역 벚꽃거리 맛집 마포소금구이 후기,https://blog.naver.com/younna825421/224301617767
4b1aeafa20e100a9,2026-05-31,강남,강남역 점심 데이트장소로 추천하는 바스버거 강남삼성타운점,https://blog.naver.com/namju0504/224301617271
4b1aeafa20e100a9,2026-05-31,삼성,강남역 점심 데이트장소로 추천하는 바스버거 강남삼성타운점,https://blog.naver.com/namju0504/224301617271
2afe73096a6c00ec,2026-05-31,을지로,분당 정자역 신상 맛집 | 을지로 감성 야장 달맞이광장바베큐...,https://blog.naver.com/jooya0711/224301617473
2afe73096a6c00ec,2026-05-31,분당,분당 정자역 신상 맛집 | 을지로 감성 야장 달맞이광장바베큐...,https://blog.naver.com/jooya0711/224301617473
2afe73096a6c00ec,2026-05-31,정자,분당 정자역 신상 맛집 | 을지로 감성 야장 달맞이광장바베큐...,https://blog.naver.com/jooya0711/224301617473
20209a7008510914,2026-05-31,부산,"부산 송정역 맛집 추천, 든든한 추어탕과 솥밥의 조화 ""송정어가""",https://blog.naver.com/seikopump/224301617069
702da08c8eba3e50,2026-05-31,제주,제주공항 근처 분위기 좋은 제주카페 노형동 soin 커피,https://blog.naver.com/ggobuk_eat/224301617031
39680f5eafa1d226,2026-05-31,광주,복호두 광주상무점 청사과버터 솔직후기 광주답례품...,https://blog.naver.com/yooom222/224301616207
c4d9e62d27a3980e,2026-05-31,홍대,[홍대 핫플 ]홍대 사모예드 카페 겨울이 머무는 집 힐링 가득했던...,https://blog.naver.com/oooohmoooo/224301616360
aa656ade63b4cc43,2026-05-31,제주,"제주도에서 만난 인생 커피,제주에서 “제일 맛있는”커피...",https://blog.naver.com/naldada_/224301615695
2d3bf4a1cf6cfcc4,2026-05-31,대구,봉덕동 맛집 봉덕끝집 감자전에 반하고 온 대구 술집,https://blog.naver.com/fprtl0221/224301614332
8b70a9d7d8434c00,2026-05-31,성수,"<아임도넛> 성수점 후기 (맛 추천, 웨이팅, 주차 정보)",https://blog.naver.com/jenn_beauty/224301613928
b9face9dca5c2ade,2026-05-31,성수,성수 팝업 갔다가 반한 영등포 베이글 맛집 테디스베이글,https://blog.naver.com/min2xux/224301613034
0c180566d8651c7f,2026-05-31,송파,"싱가포르 자유여행 4일차 | 송파바쿠테 웨이팅, 점보씨푸드...",https://blog.naver.com/hyoding_/224301612426
5f1dbf1c3b93d963,2026-05-31,대구,[대구 원대동 카페 추천] 현미에너지원 만드는 과정을 직접 본...,https://blog.naver.com/landsky3/224301612211
a55d4f597823d4f5,2026-05-31,광주,수완지구 이자카야 신상술집 무메이,https://blog.naver.com/alseh0719/224301611461
553c8c7e505d2da2,2026-05-31,잠실,남자 선글라스 추천 송파안경점 리뷰안경(Re;View) 방문 후기...,https://blog.naver.com/qawsed9029/224301610974
553c8c7e505d2da2,2026-05-31,송파,남자 선글라스 추천 송파안경점 리뷰안경(Re;View) 방문 후기...,https://blog.naver.com/qawsed9029/224301610974
fc2ee3a37bebe28f,2026-05-31,홍대,코브하우스 • 상수역 카페 | 상수 디저트 | 상수 칵테일,https://blog.naver.com/clodie_j/224301609911
fc2ee3a37bebe28f,2026-05-31,합정,코브하우스 • 상수역 카페 | 상수 디저트 | 상수 칵테일,https://blog.naver.com/clodie_j/224301609911
fc2ee3a37bebe28f,2026-05-31,상수,코브하우스 • 상수역 카페 | 상수 디저트 | 상수 칵테일,https://blog.naver.com/clodie_j/224301609911
d09747f43206cbc6,2026-05-31,성수,"호과당 성수 달콤애플파이, 겹겹이 쌓인 페이스트리와 진한...",https://blog.naver.com/paranikid/224301609064
0a7f61380a676969,2026-05-31,홍대,[VLOG]100일데이트•홍대데이트코스•이색데이트추천...,https://blog.naver.com/orlzinny/224301608728
d1e1cd2af59f5966,2026-05-31,부산,광안리 맛집 돌닭/ 현지인 추천 줄서는 웨이팅 맛집 돌판 닭볶음탕,https://blog.naver.com/hosistar__/224301608763
88690a5522a85fec,2026-05-31,전주,전주 태평동 소금빵 맛집 태리단길카페 | 테라스 감성 가득한...,https://blog.naver.com/juning_26/224301608678
6f9620d5b1dc2d1e,2026-05-31,시청,대구 교동 맛집 한빠 한식에 빠진 대구 시청 점심 맛집 추천,https://blog.naver.com/jiny_iwish/224301608309
6f9620d5b1dc2d1e,2026-05-31,대구,대구 교동 맛집 한빠 한식에 빠진 대구 시청 점심 맛집 추천,https://blog.naver.com/jiny_iwish/224301608309
ca9bdf023081dceb,2026-05-31,속초,속초 여행 디저트 필수 코스 도리스 파티세리 에그타르트...,https://blog.naver.com/nebulawing92/224301608278
75ca2ab429ac85bc,2026-05-31,안국,인사동 가볼만한곳 찾다가 해본 도토리캐리커쳐 커플 캐리커처,https://blog.naver.com/mig98/224301607888
75ca2ab429ac85bc,2026-05-31,종로,인사동 가볼만한곳 찾다가 해본 도토리캐리커쳐 커플 캐리커처,https://blog.naver.com/mig98/224301607888
75ca2ab429ac85bc,2026-05-31,인사동,인사동 가볼만한곳 찾다가 해본 도토리캐리커쳐 커플 캐리커처,https://blog.naver.com/mig98/224301607888
f367249a574e74b6,2026-05-31,부산,"[범일동 맛집 / 범일동고기집] ""소삼대"" 가성비와 친절함에...",https://blog.naver.com/inno4679/224301607160
a98551f0873bd235,2026-05-31,광주,광주) 광주 첨단 맛집 나나방콕 광주첨단점｜태국 현지 감성...,https://blog.naver.com/hyojung_24/224301605225
0549b1c0efad32f1,2026-05-31,여수,찐 맛집 BEST 10 총정리 여수... 산오징어회 치킨 맛집 총정리,https://blog.naver.com/invu1004xxx/224301604848
c799efc4b8239f40,2026-05-31,대전,대전 맛집 반찬식당 보문산 두부두루치기 메뉴추천,https://blog.naver.com/0123shop/224297148245
9408a46e93015e45,2026-05-31,성수,성수 빵지순례 디저트 맛집 메이타왕 소금 에그타르트 줄서서...,https://blog.naver.com/imdressholic/224298382291
9408a46e93015e45,2026-05-31,서울숲,성수 빵지순례 디저트 맛집 메이타왕 소금 에그타르트 줄서서...,https://blog.naver.com/imdressholic/224298382291
9408a46e93015e45,2026-05-31,뚝섬,성수 빵지순례 디저트 맛집 메이타왕 소금 에그타르트 줄서서...,https://blog.naver.com/imdressholic/224298382291
2e32fe8312b0982d,2026-05-31,수원,인계동 신상 맛집 케이찹사라다 사라다빵 추천 메뉴 리뷰,https://blog.naver.com/psysoyoung/224301604498
3bdcd8e5b04c9495,2026-05-31,포항,"이자카야 우규 포항펜타시티점 포항 맛집 , 회식·데이트...",https://blog.naver.com/upanddownnn/224301604025
ddbbb075e25232e1,2026-05-31,대구,대구 조개구이 맛집 교동에서 즐긴 남포 해산물과 건어물타워...,https://blog.naver.com/liooil7777/224301602165
2a390111630fa770,2026-05-31,강릉,강릉 핫한 카페 특이한 디저트 추천 강릉초당두부티라미수,https://blog.naver.com/divb12/224301602104
625bce901d525809,2026-05-31,파주,가성비 폭발하는 파주 소고기무한리필 ‘진원소우’ 평일 점심...,https://blog.naver.com/bokonginfo/224301601858
e75a6fb6c4ca96b4,2026-05-31,의정부,[셀프바베큐장 추천] 고기 반입되는 캠핑 감성 양주...,https://blog.naver.com/my_nd2/224301601144
9729190a10ff030f,2026-05-31,서초,세빛 섬 무드 서울 | 한강뷰와 서울 야경을 즐기는 서울 핫플,https://blog.naver.com/citygirl1031/224301599693
5e5211da2562c706,2026-05-31,경주,경주 대형 카페 데이지 명소 바실라 주차 및 꽃구경 개화 상황...,https://blog.naver.com/yungvely89/224301599389
9c603874e1077bcc,2026-05-31,종로,"[종각]낭만 종로 청계천 맛집 , 감성에 취하는 한식 맛집",https://blog.naver.com/fearless_life/224301598476
7e160cdc856319e8,2026-05-31,문래,봄 리뷰,https://blog.naver.com/shinsiwol/224301598607
7e160cdc856319e8,2026-05-31,양재,봄 리뷰,https://blog.naver.com/shinsiwol/224301598607
7e160cdc856319e8,2026-05-31,광주,봄 리뷰,https://blog.naver.com/shinsiwol/224301598607
26bc42f044a8c1c4,2026-05-31,잠실,잠실새내 점심 맛집 감성 가득한 포코하우스 데이트 코스 추천,https://blog.naver.com/qawsed9029/224301597140
26bc42f044a8c1c4,2026-05-31,송파,잠실새내 점심 맛집 감성 가득한 포코하우스 데이트 코스 추천,https://blog.naver.com/qawsed9029/224301597140
cc7506eb947f4f23,2026-05-31,성수,성수역 맛집 도토리오븐 | 지브리 감성 가득한 그릭요거트...,https://blog.naver.com/zldzld1223/224301596715
cc7506eb947f4f23,2026-05-31,서울숲,성수역 맛집 도토리오븐 | 지브리 감성 가득한 그릭요거트...,https://blog.naver.com/zldzld1223/224301596715
cc7506eb947f4f23,2026-05-31,뚝섬,성수역 맛집 도토리오븐 | 지브리 감성 가득한 그릭요거트...,https://blog.naver.com/zldzld1223/224301596715
47cc9d44a413f1fd,2026-05-31,의정부,[의정부 카페] 포어레스트: 숲속 힐링 감성과 글루텐프리 인생...,https://blog.naver.com/jeonghy2022/224301595199
c8b4923ce4e7dc80,2026-05-31,명동,"명동우정사진, 외국인 친구와 남긴 특별한 서울 여행 추억!...",https://blog.naver.com/uamaluv/224301595104
489bfe973e348263,2026-05-31,부산,"남포동 퓨전한식 술집 들뜸, 들뜸한판부터 전골까지 안주가...",https://blog.naver.com/dearjin81/224301592983
e78809a29ac31488,2026-05-31,강남,[강남역 데이트] 감탄성신 | 까눌레 맛집 스크렘,https://blog.naver.com/yaniofli/224301592116
77dff1cd0026fe0d,2026-05-31,홍대,맛도리 퓨전 한식! 홍대 이색 한식주점 [조선시대],https://blog.naver.com/startnote/224298599102
77dff1cd0026fe0d,2026-05-31,합정,맛도리 퓨전 한식! 홍대 이색 한식주점 [조선시대],https://blog.naver.com/startnote/224298599102
77dff1cd0026fe0d,2026-05-31,상수,맛도리 퓨전 한식! 홍대 이색 한식주점 [조선시대],https://blog.naver.com/startnote/224298599102
77dff1cd0026fe0d,2026-05-31,대전,맛도리 퓨전 한식! 홍대 이색 한식주점 [조선시대],https://blog.naver.com/startnote/224298599102
c2eef6095b190300,2026-05-31,성수,더현대서울 모찌모찌 팝업 디저트 기간 메뉴 가격 냉장보관,https://blog.naver.com/beaming_with_s/224301591725
c2eef6095b190300,2026-05-31,더현대서울,더현대서울 모찌모찌 팝업 디저트 기간 메뉴 가격 냉장보관,https://blog.naver.com/beaming_with_s/224301591725
5c32c81404cb082c,2026-05-31,부산,[부산/중구] 부산 남포동 오마카세 추천 :: 분위기 미쳤던...,https://blog.naver.com/plighd/224298033691
3e45b19936c2cf22,2026-05-31,하남,[서막] 하남 미사 갈비 핫플 맛집 총총총=3,https://blog.naver.com/lolroy231004/224301589277
3e45b19936c2cf22,2026-05-31,미사,[서막] 하남 미사 갈비 핫플 맛집 총총총=3,https://blog.naver.com/lolroy231004/224301589277
d46c07e3bf8d959d,2026-05-31,수원,수원빵 맛집 오렌지베이글 다녀온 후기 요즘 핫한...,https://blog.naver.com/honeypigmom_/224301587824
b83f31e2a0002e05,2026-05-31,제주,[제주 맛집 ] 전망좋은횟집&흑돼지 성산본점 내돈내산 솔직후기...,https://blog.naver.com/this_note/224301587131
0942681a90b20127,2026-05-31,광주,맛집 직장인 점심은 장인닭갈비 점심세트 광주 닭갈비 맛집 ...,https://blog.naver.com/yooom222/224301586866
dc11a22c212dbd70,2026-05-31,판교,판교 무한리필 맛집 그린쿡 │ 고기 5종 무한리필+한식뷔페...,https://blog.naver.com/bingaberry/224301585992
dc11a22c212dbd70,2026-05-31,분당,판교 무한리필 맛집 그린쿡 │ 고기 5종 무한리필+한식뷔페...,https://blog.naver.com/bingaberry/224301585992
e4fa55bfba0eb3f6,2026-05-31,강남,[압구정] 압구정 맛집 마초스테이크 본점｜추성훈 스테이크 후기,https://blog.naver.com/wlgus6367/224299491641
e4fa55bfba0eb3f6,2026-05-31,압구정,[압구정] 압구정 맛집 마초스테이크 본점｜추성훈 스테이크 후기,https://blog.naver.com/wlgus6367/224299491641
ea33accdcba277a8,2026-05-31,성수,성수 뚝섬역 점심 맛집 이응 국밥｜라멘 같은 국물에 밥...,https://blog.naver.com/s2in____wo/224301586047
ea33accdcba277a8,2026-05-31,뚝섬,성수 뚝섬역 점심 맛집 이응 국밥｜라멘 같은 국물에 밥...,https://blog.naver.com/s2in____wo/224301586047
5129b68ab7422b17,2026-05-31,분당,정자동 디저트 카페 골목사이 미숫가루와 스콘 솔직후기,https://blog.naver.com/woochi92_31/224301033730
5129b68ab7422b17,2026-05-31,정자,정자동 디저트 카페 골목사이 미숫가루와 스콘 솔직후기,https://blog.naver.com/woochi92_31/224301033730
91e6cc7c26b8a4e8,2026-05-31,대구,고성동2차로 좋은 고성동술집 역전할머니맥주 대구고성점,https://blog.naver.com/hina414/224301585303
88b4fdc1cb36d618,2026-05-31,혜화,ᰔᩚ 혜화원데이클래스 | 나만의 써지컬팔찌 만들기 공방...,https://blog.naver.com/happy_ina119/224301585062
88b4fdc1cb36d618,2026-05-31,대학로,ᰔᩚ 혜화원데이클래스 | 나만의 써지컬팔찌 만들기 공방...,https://blog.naver.com/happy_ina119/224301585062
dddb08d50dab4aff,2026-05-31,대전,코인으로 게임할 수 있는 대전 이색 술집 [술방구] 둔산동 술집,https://blog.naver.com/main_story_/224301584281
78a20177de903e1f,2026-05-31,인천,구월동 술집 분위기 좋은 요리주점 흐름 리뉴얼 안주 맛집 ...,https://blog.naver.com/thddmsdud84/224301584241
38a1384a1b126f78,2026-05-31,명동,온에어 정상영업,https://blog.naver.com/lpbar_on_air/224301583900
722d9fbe6ac8e456,2026-05-31,광화문,[광화문/정동] 덕수정 :,https://blog.naver.com/ewitch7/224301582771
ea20752c3ca9bb51,2026-05-31,성수,성수 맛집 이자카야 지금이밤 성수본점 성수동 데이트 술집...,https://blog.naver.com/wishb0501/224301582593
105ba5aa8bddd4d7,2026-05-31,전주,전주 객사 커넥션 세희쌤 레드염색 대성공 여름맞이 변신 후기,https://blog.naver.com/halippo/224301581716
5934c0ff8e029f3f,2026-05-31,성수,강동구청역 맛집 달그락뭉티기... 신선함 인정 올림픽공원 맛집 후기,https://blog.naver.com/07_889/224301581003
5934c0ff8e029f3f,2026-05-31,올림픽공원,강동구청역 맛집 달그락뭉티기... 신선함 인정 올림픽공원 맛집 후기,https://blog.naver.com/07_889/224301581003
5934c0ff8e029f3f,2026-05-31,강동,강동구청역 맛집 달그락뭉티기... 신선함 인정 올림픽공원 맛집 후기,https://blog.naver.com/07_889/224301581003
f17f52535a1164f2,2026-05-31,시청,충주 칼국수 맛집 시청 옆 7곡제면소 충주시청점,https://blog.naver.com/soojoo2020/224301580961
bbd2d35436b07229,2026-05-31,부산,전포 맛집 빅맥샐러드로 유명한 신상 술집 진술 솔직한 방문후기,https://blog.naver.com/postmealdiary/224301579944
54a9d029c6fd8246,2026-05-31,광주,광주 창억떡집 본점 | 광주 창억떡 호박인절미 | 창억떡 웨이팅...,https://blog.naver.com/jjeong_eve/224301580018
7fd10430c9867466,2026-05-31,광주,경기광주 카페 히든오아시스/ 디저트 맛집 /크로플 맛집 /경기광주...,https://blog.naver.com/ami4121/224301580277
8a538a4969ad304c,2026-05-31,성수,성수동 맛집 라멘 멘치카츠 멘야포모 성수점,https://blog.naver.com/vudod1/224297993583
f9126f1fe3507003,2026-05-31,대구,대구 오미가미거리 야장 감성 제대로인 산오징어 맛집 ...,https://blog.naver.com/sldysl/224301578855
47c876ddc6a451b8,2026-05-31,대구,대구 노포감성 제대로인 칠성시작 연탄불고기 찐 맛집 ...,https://blog.naver.com/kate_0522/224301578041
71fcf6f79865a4a6,2026-05-31,마곡,마곡역 커피 맛집 ｜시트러스 마곡 본점 솔직 후기,https://blog.naver.com/aqkqhtjsghk/224301577740
a61962f8d027eb05,2026-05-31,대구,대구 범어동 맛집 수제버거 아이랑 가기 좋은 다운타우너,https://blog.naver.com/sodalited/224301576826
1720870ac3a84053,2026-05-31,압구정,압구정로데오 맛집 햄버거 다운타우너 청담 메뉴 분위기 방문...,https://blog.naver.com/daehen1954/224301576532
1720870ac3a84053,2026-05-31,청담,압구정로데오 맛집 햄버거 다운타우너 청담 메뉴 분위기 방문...,https://blog.naver.com/daehen1954/224301576532
802037bba9195b93,2026-05-31,대구,대구 분위기 좋은 양식 맛집 ㅣ베르덴,https://blog.naver.com/sw112319/224301576224
5991eb24145b5765,2026-05-31,명동,"[K-컬처 인사이트] 명동 쇼핑 대신 ""페이커 라면!"" 전 세계...",https://blog.naver.com/notice____/224301575834
a1b800a431d090f9,2026-05-31,대구,[대한양꼬치 2호점] 대구 동구 각산동 / 양꼬치 맛집,https://blog.naver.com/quokka-cola/224301575826
c689f0822d40f9f1,2026-05-31,김포,"맛집 백소정, 온 가족 취향 저격한 가성비 최고의 돈카츠 맛집 !",https://blog.naver.com/tofha0322/224301575350
7510e5c60d488b34,2026-05-31,송도,생맥주 입문자 가벼운 병맥주 좋아하는 분 외국 느낌 좋아하는...,https://blog.naver.com/sumoonsu/224301374813
7510e5c60d488b34,2026-05-31,부산,생맥주 입문자 가벼운 병맥주 좋아하는 분 외국 느낌 좋아하는...,https://blog.naver.com/sumoonsu/224301374813
49dae26397bd8de5,2026-05-31,익선동,익선동 파스타 맛집 신라호텔 10년 경력 셰프의 독립밀방...,https://blog.naver.com/minji9038/224301574094
49dae26397bd8de5,2026-05-31,종로,익선동 파스타 맛집 신라호텔 10년 경력 셰프의 독립밀방...,https://blog.naver.com/minji9038/224301574094
39ac70f615e22f95,2026-05-31,성수,성수동 맛집 :) 분위기 좋은 레트로 술집 '성수 달맞이 광장...,https://blog.naver.com/kbe0911/224301573584
6bc25c6112fe2309,2026-05-31,양양,"양양여행시리즈시작, 앞으로 소개할 핫플 과 숙소 미리보기",https://blog.naver.com/hotelnomad_/224301126973
73deb1617e255193,2026-05-31,제주,김녕오라이,https://blog.naver.com/goodgotjd/224299435410
44242bceb99263bf,2026-05-31,부산,[부산/남구] 용호동고깃집 푸주인 용호점,https://blog.naver.com/yjsrds556/224301573206
1f93e31f6818a788,2026-05-31,포항,"포항펜타시티점 분위기, 음식, 서비스까지 모두 만족한 포항 맛집",https://blog.naver.com/p_8427/224301573157
60020a07d782a2c9,2026-05-31,홍대,홍대 팝업스토어 베스트 5 추천! AK플라자 투어 꿀팁,https://blog.naver.com/project-jaden/224301573107
5810444d5705f777,2026-05-31,남양주,남양주 두물머리 구경 연핫도그 웨이팅 주차장,https://blog.naver.com/fkvl4247/224301573344
5810444d5705f777,2026-05-31,양평,남양주 두물머리 구경 연핫도그 웨이팅 주차장,https://blog.naver.com/fkvl4247/224301573344
a7de5291007c6089,2026-05-31,성수,"서울숲 술집 찾는다면 한음, 썸 타다 1일 될 것 같은 성수동...",https://blog.naver.com/ddalki_abc/224301573035
a7de5291007c6089,2026-05-31,서울숲,"서울숲 술집 찾는다면 한음, 썸 타다 1일 될 것 같은 성수동...",https://blog.naver.com/ddalki_abc/224301573035
a7de5291007c6089,2026-05-31,뚝섬,"서울숲 술집 찾는다면 한음, 썸 타다 1일 될 것 같은 성수동...",https://blog.naver.com/ddalki_abc/224301573035
f7a14ea6b753ba3a,2026-05-31,건대,"건대 맛집 기름칠, 삼겹살과 치즈볶음밥 조합 추천",https://blog.naver.com/mia_estoy_aqui/224301572297
568b04bcd0d29dba,2026-05-31,가평,"가평카페 코미호미, 들깨라떼가 매력적인 가평리버뷰카페",https://blog.naver.com/hongkun111/224301572623
27e556cf1327a1c2,2026-05-31,잠실,석촌호수 맛집 우동 행복한우동가게 석촌호수점,https://blog.naver.com/omni-scient/224301571883
27e556cf1327a1c2,2026-05-31,송리단길,석촌호수 맛집 우동 행복한우동가게 석촌호수점,https://blog.naver.com/omni-scient/224301571883
27e556cf1327a1c2,2026-05-31,송파,석촌호수 맛집 우동 행복한우동가게 석촌호수점,https://blog.naver.com/omni-scient/224301571883
27e556cf1327a1c2,2026-05-31,석촌,석촌호수 맛집 우동 행복한우동가게 석촌호수점,https://blog.naver.com/omni-scient/224301571883
27e556cf1327a1c2,2026-05-31,석촌호수,석촌호수 맛집 우동 행복한우동가게 석촌호수점,https://blog.naver.com/omni-scient/224301571883
abd212c03fe7ddbc,2026-05-31,대구,대구 중구 동인동 리오더 커피 한입 먹고 반해버린 찐 커피 맛집 ...,https://blog.naver.com/ds7646211/224301571851
41d5b1e406a8474c,2026-05-31,부산,해운대 맛집 다다닥N짜오미솥뚜껑닭볶음탕 직접 다녀온 후기,https://blog.naver.com/snowprin4268/224301571181
7c8e8a6933fec37a,2026-05-31,송파,[기성액상] 베이프갱스터 박하사탕+,https://blog.naver.com/vapegangster_wirye/224301571550
7c8e8a6933fec37a,2026-05-31,하남,[기성액상] 베이프갱스터 박하사탕+,https://blog.naver.com/vapegangster_wirye/224301571550
4247ba9bd1e7fa08,2026-05-31,익선동,종로 데이트 개나리아구찜 맛집 구운대창구이아구찜 비주얼...,https://blog.naver.com/soso_common_day/224301571495
4247ba9bd1e7fa08,2026-05-31,종로,종로 데이트 개나리아구찜 맛집 구운대창구이아구찜 비주얼...,https://blog.naver.com/soso_common_day/224301571495
3c0959d587697208,2026-05-31,대전,"대전 중구 맛집 광천식당, 노포 감성과 매콤한 두루치기의 만남",https://blog.naver.com/starstaracademy/224301570569
dbaefd8597634db7,2026-05-31,마곡,마곡 데이트 맛집 타케로스 시그니처 세트 & 감동적인 친절함,https://blog.naver.com/lamidays/224301569869
402690f2c0104f93,2026-05-31,을지로,을지로 카페 ‘루이티하우스’ | 감각적 찻집 카페 | 퐁신...,https://blog.naver.com/jj6175/224301569861
402690f2c0104f93,2026-05-31,명동,을지로 카페 ‘루이티하우스’ | 감각적 찻집 카페 | 퐁신...,https://blog.naver.com/jj6175/224301569861
fbb469d3605b2fa2,2026-05-31,익선동,서울 종로구 익선동 핫플 한옥카페 청수당 베이커리,https://blog.naver.com/journeyfromhere/224301569450
fbb469d3605b2fa2,2026-05-31,종로,서울 종로구 익선동 핫플 한옥카페 청수당 베이커리,https://blog.naver.com/journeyfromhere/224301569450
c4b5a5a971b53c29,2026-05-31,성수,성수동 감성 한식 다이닝 '아웃오브오더' 후기/성수역 맛집 추천,https://blog.naver.com/heyon979/224301568165
8c6759878d175989,2026-05-31,합정,합정 맛집 보쌈 평이담백 뼈칼국수 본점 얼큰 뼈칼국수 보쌈...,https://blog.naver.com/picky0707/224301567806
8c6759878d175989,2026-05-31,망원,합정 맛집 보쌈 평이담백 뼈칼국수 본점 얼큰 뼈칼국수 보쌈...,https://blog.naver.com/picky0707/224301567806
d0f55f80833aa2d6,2026-05-31,수원,[수원 커피] 패터슨 커피: 행궁동 감성 제대로 느껴지는...,https://blog.naver.com/ssj2151/224296825797
4ab73df7a3196136,2026-05-31,대구,대구 주택 월세 38평 방4 화2 주방2 대가족 추천 앞산카페거리...,https://blog.naver.com/daesan4725/224297701435
51cdff51c75920fb,2026-05-31,수원,[수원 호매실 카페] 가성비와 감성을 동시에 잡은 '감성커피...,https://blog.naver.com/tarot_sinsu/224301395361
b655d7eeafbb275f,2026-05-31,부산,온천장 맛집 ] 가족 외식 장소 추천 부산 웨이팅 돈가스 맛집 ...,https://blog.naver.com/flypig_g/224301018122
6e609413eb2bd7db,2026-05-31,광화문,광화문 스시 맛집 일품 메뉴 추천,https://blog.naver.com/02haeun/224300487136
2d26eeca6c686292,2026-05-31,사당,[도시나잇] 이수역 신상 맛집 추천! 분위기 좋은 술집...,https://blog.naver.com/hansol-20/224301567509
438fdcc50a8f26e6,2026-05-31,성수,성수동 데이트. 소개팅하기 좋은 이자카야 [oukan : 오우칸 성수],https://blog.naver.com/happydorylife/224301567803
438fdcc50a8f26e6,2026-05-31,잠실,성수동 데이트. 소개팅하기 좋은 이자카야 [oukan : 오우칸 성수],https://blog.naver.com/happydorylife/224301567803
aefa478e90fea02d,2026-05-31,대구,대구시지 맛집 <고산옥>,https://blog.naver.com/anstjdnjs19/224301960081
0a9c4d7537840b72,2026-05-31,북촌,[북촌한옥마을맛집] 경복궁한식 점심맛집 으로 강추하는...,https://blog.naver.com/scorpion3091/224301957925
c798a4edbf1cdeea,2026-05-31,춘천,춘천 스무숲 맛집 이홍정코다리 부모님 모시고 식사하기 좋은...,https://blog.naver.com/huhjiw1004/224301955554
3928783994c17d38,2026-05-31,서울숲,5月,https://blog.naver.com/hjm3410a/224301953092
9b1801d6fff38949,2026-05-31,부산,"부산오리고추장주물럭 맛집 양정 오리데이, 푸짐한 오리 한 상...",https://blog.naver.com/rkrtm84/224301953043
621edfdab1eebc87,2026-05-31,부산,부산대 NC백화점 /여름 샤브샤브 부산대 맛집 [로운샤브],https://blog.naver.com/ajummaw/224301951424
1f0a06ec70c8f63e,2026-05-31,서초,[교대] 진밀옥 교대역 맛집 서초동한식 모임장소 추천｜진세트...,https://blog.naver.com/woori8806/224301949301
1f0a06ec70c8f63e,2026-05-31,교대,[교대] 진밀옥 교대역 맛집 서초동한식 모임장소 추천｜진세트...,https://blog.naver.com/woori8806/224301949301
67e673f103b94c28,2026-05-31,종로,광화문 맛집 찡짜이타이푸드에서 먹은 태국식 점심,https://blog.naver.com/wjstndhr111/224301943133
67e673f103b94c28,2026-05-31,광화문,광화문 맛집 찡짜이타이푸드에서 먹은 태국식 점심,https://blog.naver.com/wjstndhr111/224301943133
c58b78889f709e53,2026-05-31,광주,"전현무계획3 광주 맛집 총정리: 국밥·오리탕·육전, 방문 전 꼭...",https://blog.naver.com/84uzmav/224301940340
cc96c2f97788ece3,2026-05-31,고양,먹는 일기(여름이 맞이할 준비를 곁들인),https://blog.naver.com/qlrqod1002/224301938349
bd10f797c004f1e7,2026-05-31,용산,용산아이파크몰 7층 맛집 멘야서울 얼큰 동파육 라멘 솔직후기,https://blog.naver.com/dkfman1004/224301937769
784fc3d3e04ce688,2026-05-31,연남동,보람동 맛집 [연남솥밥 세종보람점] 솔직후기,https://blog.naver.com/a30410/224301938256
1ae76e16ead51b6a,2026-05-31,경주,[경주] 경주불국사 맛집 ... 환상조합 경주현지인 맛집 방문하다,https://blog.naver.com/note_beanie/224301938180
8677d5b535323792,2026-05-31,부산,[부산 전포 맛집 ] 코르 파스타 바 주말 점심 후기｜미쉐린 선정...,https://blog.naver.com/minggi--/224301937591
5604f4c42410fdde,2026-05-31,송도,"송도트리플칼국수추천 칼국수에 보쌈까지, 손정보쌈...",https://blog.naver.com/ckwnfl321/224301938224
a1a3d3158a416ef4,2026-05-31,부산,• 2605 • 쓸데없는 디테일은 쪼잔의 다른 이름이야,https://blog.naver.com/small_zero7/224301936969
2aa7a57ccfd94f1f,2026-05-31,제주,제주공항근처 온유베이커리 우유크림도넛 노티드보다 더...,https://blog.naver.com/momopia/224301936659
41eea4e094107aba,2026-05-31,용산,[용산/숙대입구역 맛집 ] 일본 소도시에 온 듯한 가성비 라멘집...,https://blog.naver.com/httd12/224301676758
6a18f66589121f4a,2026-05-31,대전,대전 석갈비 맛집 9층 삼오식당 주차 상견례 부모님 식당 추천,https://blog.naver.com/2sora1113/224301936942
3f9896ebd27507c4,2026-05-31,광주,"26년 5월 | 열정은 넘치는데, 체력이 협조를 안합니다",https://blog.naver.com/parkkiki94/224301936680
ebcbd117636899d5,2026-05-31,올림픽공원,강동 둔촌동 돼지고기 맛집 '돈판' 로봇이 구워주는 한판 후기...,https://blog.naver.com/woogi181118/224301935778
ebcbd117636899d5,2026-05-31,강동,강동 둔촌동 돼지고기 맛집 '돈판' 로봇이 구워주는 한판 후기...,https://blog.naver.com/woogi181118/224301935778
d5d60d9d0ad34150,2026-05-31,하남,우산동 맛집 쿠우쿠우 광주하남점,https://blog.naver.com/pompous34/224301936480
d5d60d9d0ad34150,2026-05-31,광주,우산동 맛집 쿠우쿠우 광주하남점,https://blog.naver.com/pompous34/224301936480
67ee260c0754f885,2026-05-31,인천,매운맛 조절되고 셀프바 있는 1인 주문 가능 송도 명태조림 맛집,https://blog.naver.com/bojoh/224301936354
67ee260c0754f885,2026-05-31,송도,매운맛 조절되고 셀프바 있는 1인 주문 가능 송도 명태조림 맛집,https://blog.naver.com/bojoh/224301936354
8081f4b371c46e1c,2026-05-31,삼성,삼성중앙역 고기집 백년가 삼성중앙역본점 삼성동 한식 룸식당,https://blog.naver.com/sourceyu/224301935776
85c92740c728f2c9,2026-05-31,연남동,잠실 롯데캐슬 지하 맛집 연남토마 방문 후기 | 깔끔한 매장과...,https://blog.naver.com/kokodalkis/224301936103
85c92740c728f2c9,2026-05-31,잠실,잠실 롯데캐슬 지하 맛집 연남토마 방문 후기 | 깔끔한 매장과...,https://blog.naver.com/kokodalkis/224301936103
85c92740c728f2c9,2026-05-31,송파,잠실 롯데캐슬 지하 맛집 연남토마 방문 후기 | 깔끔한 매장과...,https://blog.naver.com/kokodalkis/224301936103
3e69e881dccc54b9,2026-05-31,인천,"송도보쌈 가브리살 한 쌈에 입이 즐거운, 손정보쌈...",https://blog.naver.com/oldboy7788/224301935525
3e69e881dccc54b9,2026-05-31,송도,"송도보쌈 가브리살 한 쌈에 입이 즐거운, 손정보쌈...",https://blog.naver.com/oldboy7788/224301935525
e3ffb1783ee205fe,2026-05-31,양양,양양집 신논현점 9호선 신논현역 인근 신논현역 맛집,https://blog.naver.com/hongsanjb/224301935411
ebe576b4761b4c0b,2026-05-31,인천,[인천 옥련동 맛집 ] 백소정... 조합으로 든든한 점심 식사!,https://blog.naver.com/pargjimin/224301934917
4858e5ad2382658d,2026-05-31,시청,부천 중동 현백 맛집 부천시청역 초밥 조선초밥 다녀온 후기,https://blog.naver.com/yzk12272/224301935477
4858e5ad2382658d,2026-05-31,부천,부천 중동 현백 맛집 부천시청역 초밥 조선초밥 다녀온 후기,https://blog.naver.com/yzk12272/224301935477
f748e0b1b4ec2fa0,2026-05-31,일산,"일산 밤리단길 맛집 이경양식당, 웨이팅 끝에 만난 전복버섯솥밥",https://blog.naver.com/ajyun5/224301935382
ca90d9f7fb2c1382,2026-05-31,대전,제철음식 러버의 본죽 비빔밥 메뉴 점심 메뉴 추천 열무돈불백비빔,https://blog.naver.com/haosth/224301933782
1e0544d5dff99c97,2026-05-31,대전,대전 둔산동 중식집 불타는 반점,https://blog.naver.com/corinthians15/224301933116
00e451702f6b295b,2026-05-31,연남동,홍대 맛집 연남동김밥 닭강정 맛집 보스김밥 연트럴파크점 추천,https://blog.naver.com/vegeyum_0/224301932620
00e451702f6b295b,2026-05-31,홍대,홍대 맛집 연남동김밥 닭강정 맛집 보스김밥 연트럴파크점 추천,https://blog.naver.com/vegeyum_0/224301932620
6bb801fb3e9ec3e4,2026-05-31,광화문,광화문 고깃집 회식장소 추천 깔끔하고 맛있는 광화로,https://blog.naver.com/milaintheuniverse/224301932610
5494ff548f57d516,2026-05-31,여의도,주말도 비와도 OK — 영등포 스크린파크골프장 예약·요금...,https://blog.naver.com/world_10004/224301933026
15fcd1746ee3fa94,2026-05-31,춘천,춘천 안주 맛집 남춘천역 술집 야장 청년주점,https://blog.naver.com/jini_lulu/224301932588
477b57cbce4456e7,2026-05-31,하남,나의 5월 정산,https://blog.naver.com/ha_lune_/224301933141
989e20fd2a451fdd,2026-05-31,수원,수원 막국수 맛집 대궐막국수! 오목천동 4번 간 찐후기(주차 및...,https://blog.naver.com/g8058/224301932229
b3b4c472fe11a62b,2026-05-31,강남,강남구청역 근처 삼겹살 맛집 룸회식 주차 장소 추천 담벼락식당,https://blog.naver.com/junwlstkfkdd/224301931510
83411d1a0010ee87,2026-05-31,교대,교대역 삼겹살 맛집 찾는다면 찌개집 1979 교대사거리점 추천,https://blog.naver.com/onatherism/224301931056
9479365551e4207c,2026-05-31,여수,백반기행 갈매기살 여수동 40년 전통 갈매기집 위치,https://blog.naver.com/lalala398/224301931395
6b5e8f4b4c5c6b19,2026-05-31,익선동,[종로] 온정옥 솔직후기 | 익선동 맛집 | 종로 맛집 | 익선동 점심 ...,https://blog.naver.com/brownpooddle/224301930895
6b5e8f4b4c5c6b19,2026-05-31,종로,[종로] 온정옥 솔직후기 | 익선동 맛집 | 종로 맛집 | 익선동 점심 ...,https://blog.naver.com/brownpooddle/224301930895
70140b041018c560,2026-05-31,부산,날씨 좋은 날 부산 사하구 맛집 보배반점 장림점에서 보낸...,https://blog.naver.com/nhkbumo/224301931500
076e41b34c95b585,2026-05-31,광주,광주 임동 챔피언스필드 근처 중식 맛집 - 영발원,https://blog.naver.com/chequered_f1ag/224301931098
792d42693c8ba7b1,2026-05-31,송파,[샤브20송파감일]무한리필샤브샤브 / 다양한 육수 / LA갈비 맛집 ...,https://blog.naver.com/junsoo1028/224301931246
a1a107e9559c8fde,2026-05-31,홍대,홍대입구역 점심 맛집 장인닭갈비 홍대점 닭갈비 제대로...,https://blog.naver.com/eun_haei/224301930479
efa45fd55de7ebea,2026-05-31,광교,광교미용실 추천 박승철헤어스투디오 광교롯데마트점...,https://blog.naver.com/gunbbang84/224301930095
38c5d2e5308e956d,2026-05-31,광교,[광교 맛집 점심 ] 규엔당 아브뉴프랑 광교점:: 안심규카츠...,https://blog.naver.com/bapdung/224301929465
b4e54a3278bfa9ca,2026-05-31,분당,분당 미금 맛집 몸보신 필요할 땐 수계옥,https://blog.naver.com/mtjgonan/224301929743
251fa8766ac1e15f,2026-05-31,을지로,보쌈에 시원한 막국수 을지로4가 맛집 산골막국수,https://blog.naver.com/mugmugca/224301929589
3d71b47f3e5371b0,2026-05-31,전주,2025년 전북여행을 위한 필수 방문지 7곳,https://dwqn.tistory.com/99
22d9722968df32c6,2026-05-31,여의도,가성비 좋은 마포공덕 룸식당 점심 특선 가족모임 진행시켜,https://blog.naver.com/920908lovely/224301928804
22d9722968df32c6,2026-05-31,용산,가성비 좋은 마포공덕 룸식당 점심 특선 가족모임 진행시켜,https://blog.naver.com/920908lovely/224301928804
22d9722968df32c6,2026-05-31,마포,가성비 좋은 마포공덕 룸식당 점심 특선 가족모임 진행시켜,https://blog.naver.com/920908lovely/224301928804
22d9722968df32c6,2026-05-31,공덕,가성비 좋은 마포공덕 룸식당 점심 특선 가족모임 진행시켜,https://blog.naver.com/920908lovely/224301928804
fb97a9ad385d0e40,2026-05-31,판교,정자동 짬뽕 차알 판교점 판교역 단체 추천,https://blog.naver.com/dthik/224301928498
fb97a9ad385d0e40,2026-05-31,정자,정자동 짬뽕 차알 판교점 판교역 단체 추천,https://blog.naver.com/dthik/224301928498
807fdafe3d787787,2026-05-31,코엑스,"샌드위치와 피자, 더 키친 일뽀르노 코엑스점 코엑스 점심 맛집",https://blog.naver.com/dogunchu/224301928558
70a1cd8e3704ec5f,2026-05-31,강남,"강남 평양냉면 맛집 교대역 점심 서관면옥, 메밀향이 살아있는...",https://blog.naver.com/kyoonsun7/224301928824
70a1cd8e3704ec5f,2026-05-31,교대,"강남 평양냉면 맛집 교대역 점심 서관면옥, 메밀향이 살아있는...",https://blog.naver.com/kyoonsun7/224301928824
dd1f79eaa562a9e0,2026-05-31,제주,[제주 낭뜰에쉼팡] 제주 조천 한식 찐 맛집 낭뜰에쉼팡,https://blog.naver.com/jejuhee_0/224301929057
349e9523127142d9,2026-05-31,속초,속초 맛집 금이야옥이야 장칼국수에 누룽지 감자전 맛있다,https://blog.naver.com/komjung2/224301928909
d80409af55896933,2026-05-31,일산,2026 플레이엑스포 사전 게임 테스터 후기 | 가볍게...,https://blog.naver.com/suyeon_907/224301917970
6830d61ef3c5664a,2026-05-31,부산,부산서면 점심 추천 든든하게 먹을 수 있는 손정보쌈부산서면점,https://blog.naver.com/45sunny45/224301928822
02588993ba9fa742,2026-05-31,시청,[담라 둔산본점] 대전 냉면과 제주 고기를 함께 즐길 수 있는...,https://blog.naver.com/gorilla0316/224301927704
02588993ba9fa742,2026-05-31,제주,[담라 둔산본점] 대전 냉면과 제주 고기를 함께 즐길 수 있는...,https://blog.naver.com/gorilla0316/224301927704
02588993ba9fa742,2026-05-31,대전,[담라 둔산본점] 대전 냉면과 제주 고기를 함께 즐길 수 있는...,https://blog.naver.com/gorilla0316/224301927704
2277d3b3226bc904,2026-05-31,대구,[동천동 맛집 ] 대구 복어요리 전문점 점심 특선 후기_황제복어,https://blog.naver.com/jinjinjara-148/224301927613
5bb6b731fb61fc56,2026-05-31,대구,대구 삼덕동 샌드베이글 맛집 틸베이글 | 후르츠샌드...,https://blog.naver.com/nabiene/224301928138
0525d74b410c8dfc,2026-05-31,잠실,오늘 점심 포브라더스 잠실,https://blog.naver.com/foodsstory/224301928247
4c9120d0923abbd6,2026-05-31,잠실,뉴욕타임즈 국밥 잠실 돼지국밥 맛집 안목 잠실점 웨이팅,https://blog.naver.com/yisoyeong/224301927313
5b002be46c118f03,2026-05-31,여수,MAY #1. 충전의 5월,https://blog.naver.com/cherr2jjeong/224301926148
d090a299c0cc15ae,2026-05-31,대전,2026년 5월 모아보기 (2),https://blog.naver.com/kdheejb7/224301925994
8dca4fe1905b2c51,2026-05-31,강릉,강릉 맛집 고찜고찜 강릉해물찜 삼겹살 진짜 맛집 !!!,https://blog.naver.com/toutwri6117/224301926357
5095d6b026d0d297,2026-05-31,강남,[압구정역 맛집 ] ‘미쓰냉삼’,https://blog.naver.com/hanss1212/224301925728
5095d6b026d0d297,2026-05-31,압구정,[압구정역 맛집 ] ‘미쓰냉삼’,https://blog.naver.com/hanss1212/224301925728
07706ebd9abcd10a,2026-05-31,의정부,28화. 힘들지만 행복해서 좋은,https://blog.naver.com/vystmin/224301925486
df60a195e924121f,2026-05-31,양재,연초록 풍경이 살랑살랑,https://blog.naver.com/love_ourgreen/224301925602
b0ea91f7561e6c40,2026-05-31,용산,용산 맛집 | 용산 피맥 맛집 | 전체대관가능한 엉클피자 용산점,https://blog.naver.com/ratatou1234/224301925045
be5102bdb2143fa5,2026-05-31,제주,[제주 제주시] 함덕 해수욕장 맛집 ‘함덕고갈치’,https://blog.naver.com/jinilog13/224301924185
b1bebb684df9f31e,2026-05-31,강남,국내 최초 우설 규카츠! 맛과 서비스까지 최고였던 맛집,https://blog.naver.com/muhwa_log/224301924559
b538c49cc583058f,2026-05-31,명동,명동 맛집 롯데백화점 본점 명동 솥밥 미포집 롯데백화점 본점,https://blog.naver.com/yoonss_story/224301924230
b538c49cc583058f,2026-05-31,부산,명동 맛집 롯데백화점 본점 명동 솥밥 미포집 롯데백화점 본점,https://blog.naver.com/yoonss_story/224301924230
c1f6a43077962dde,2026-05-31,신사,부산 해운대 게장 맛집 신사꽃게당 해운대점 간장게장 양념게장...,https://blog.naver.com/abc0217_/224301923761
c1f6a43077962dde,2026-05-31,부산,부산 해운대 게장 맛집 신사꽃게당 해운대점 간장게장 양념게장...,https://blog.naver.com/abc0217_/224301923761
87b741e0c8829880,2026-05-31,대구,대구 상인동 - 돼지만V대구본점,https://blog.naver.com/mandu_44/224301923753
82e0506db564f7a8,2026-05-31,삼성,[동탄/석우동] 1992 덮밥&짜글이 | 정갈한 한식 맛집 ...,https://blog.naver.com/joyyoo513/224301924082
57934bf83126527c,2026-05-31,경주,경주 식당 추천 풍미식당 엄마가 차려준 것 같이 맛있는 집밥 맛집,https://blog.naver.com/leeheee14/224301922508
71fe2f34d82aa292,2026-05-31,제주,6월 제주 공항 근처 아침식사 맛집 카페 아이랑 가족여행...,https://blog.naver.com/holocelina/224301922269
b611697ce869d740,2026-05-31,인천,5월일상,https://blog.naver.com/y24609/224301922439
877a01bfc40e6ea5,2026-05-31,남양주,남양주다산 맛집 우나기칸 정통 나고야 히츠마부시 추천:),https://blog.naver.com/vivian629/224301921619
6135e4834008ad84,2026-05-31,잠실,[승짱의 일상일기] 2026년 5월 세번째 기록 ZIP,https://blog.naver.com/cloud0420/224301921266
244a30cd5558fd6c,2026-05-31,성수,[성수동찐 맛집 !!] 호호식당 성수 6년 연속 블루리본 선정의 이유,https://blog.naver.com/wol1000gogo/224299830765
c8b66b758e22fa1c,2026-05-31,양평,[양평 맛집 ] 돼지마을 순대국,https://blog.naver.com/mintsense5_/224297344346
44341909c78f3d35,2026-05-31,부산,영포티 아니고 올드투앤티,https://blog.naver.com/suerte_0y/224301920390
c1ed56b4f64ad150,2026-05-31,수원,"인계동 맛집 주말 점심 , 맛있게 매콤한 수원닭갈비 식당 계화정",https://blog.naver.com/open_yourdoor/224301920514
2d9f324d45156f31,2026-05-31,일산,일산 웨스턴돔 맛집 황제초밥 일산본점 초밥 구성 알찼던 후기,https://blog.naver.com/mingu_u99/224301920346
bf9162d09ec9975a,2026-05-31,성수,서울성수동 맛집 페레힐 성수동에서 즐기는 스페인 음식,https://blog.naver.com/wowhow112/224298516459
2041789af17c5022,2026-05-31,연남동,"연남동 한식 다이닝 추수, 국내 최초 쌀 품종별로 즐기는 쌀...",https://blog.naver.com/onharoom/224301919889
e9d0e397c6f3f77e,2026-05-31,홍대,홍대 우동 블루리본 맛집 겐로쿠우동,https://blog.naver.com/zzlnl__/224301920130
00d521c97340cbac,2026-05-31,수원,ready and get set go!,https://blog.naver.com/iwdfy118/224301919539
f7050058130997a2,2026-05-31,대구,대구 칠곡3지구 맛집 팔거역 점심맛집 직화낙지볶음 보쌈...,https://blog.naver.com/vydua/224301920080
6e121dff0e1497d6,2026-05-31,합정,합정 화덕피자 흑백요리사 평가절하 피자 맛집 <포그>,https://blog.naver.com/aroundtheairport/224301918722
7d42899bf881e464,2026-05-31,광주,광주 당일치기ㅣ송정 동성떡갈비 부터 우일선 선교사 사택까지,https://blog.naver.com/travel_sukjin/224301918717
5c7bb0bcff1aa67d,2026-05-31,인천,"인천옥련동 맛집 식객 소머리국밥, 갈비정식 추천",https://blog.naver.com/blueeyes83n/224301918174
a92f825e9396201d,2026-05-31,김포,"구래동에서 아직도 콩나물국밥이 6,000원? 콩시담...",https://blog.naver.com/j4965/224301917971
126be250535703cd,2026-05-31,명동,명동 맛집 미포집 미녀해물장 솥밥,https://blog.naver.com/ginny_making/224301918281
dd4fd9bf17eb75ed,2026-05-31,부천,부천역 맛집 청년다방 크림차돌떡볶이 후기 부천대 맛집,https://blog.naver.com/imje_diario/224301917742
2cab23549d025ce6,2026-05-31,을지로,5월 네 번째 일상 남포동 카페 꼬떼스완 교통사고 포유온팝업...,https://blog.naver.com/seoeun_daily/224301917686
c1ce63b2e03d1bce,2026-05-31,양평,[양평 맛집 데이트 / 양평군 맛집 ] 수제버거924...,https://blog.naver.com/lonely-gourmet/224301917492
e3c513b74710c198,2026-05-31,성수,"나의 5월은 푸르길(2026,5월일상)",https://blog.naver.com/usrtifkg376/224301917085
9680890041700a28,2026-05-31,시청,맛찬들 왕소금구이 당진점 :: 당진 맛집 :: 당진삼겹살,https://blog.naver.com/baby8559/224301917130
f4299bdd5ddd3ff7,2026-05-31,용산,시험 기간이 다가오면 블로그에 활기가 다시 돈다는 이야기가...,https://blog.naver.com/cheezed_cake/224301917769
777336914bbd98f5,2026-05-31,코엑스,코엑스 맛집 :: 아이부터... 솥밥 맛집 솥내음 스타필드...,https://blog.naver.com/wikisky/224301917752
8e20401ba317d323,2026-05-31,광주,"광주 북구 맛집 신무돌칼국수, 여름 별미 냉면칼국수와...",https://blog.naver.com/gado2023/224301917481
a4cd3c15891e0ec2,2026-05-31,부산,1호선 범일역 라이프버거 수제버거 맛집 ! 신선한 재료와...,https://blog.naver.com/zizibaek/224301917344
31ab3e66358faea8,2026-05-31,노량진,노량진 수산시장 새우튀김 김말이 오징어튀김 아나고튀김...,https://blog.naver.com/passing_code/224301917560
0cfe82b6afa393c4,2026-05-31,일산,고양 일산 주엽 디저트카페 맛집 [구움씨 주엽점] 추천!,https://blog.naver.com/har789/224301916544
0cfe82b6afa393c4,2026-05-31,고양,고양 일산 주엽 디저트카페 맛집 [구움씨 주엽점] 추천!,https://blog.naver.com/har789/224301916544
be0282a9b336f145,2026-05-31,수원,인계동 점심 맛집 모노폴1982의 수원 코스요리 즐기기,https://blog.naver.com/greta0074/224301709555
528965e4ebe50395,2026-05-31,제주,"현지인이 알려주는 제주공항 맛집 수복강녕, 예약 및 주차 꿀팁",https://blog.naver.com/ceylonjeju/224301915619
90a9a566d0d3d530,2026-05-31,양양,May,https://blog.naver.com/hyeonji__96/224301915507
460fdbae39d7e34c,2026-05-31,부산,오월,https://blog.naver.com/jo_ozy/224301914690
17cad10c6ec9afa8,2026-05-31,김포,하우스플랜 후기｜김현아 근처 아기랑 가기 좋은 브런치 맛집,https://blog.naver.com/dhfbska11/224301914916
65e223e91f2ac227,2026-05-31,인천,인천 청라 맛집 백년갈비 룸식당에서 즐긴 점심 특선,https://blog.naver.com/cutie0249/224301913940
24242a89579d38fe,2026-05-31,대구,일상,https://blog.naver.com/siwan0612/224301914564
67922aa877cf4de3,2026-05-31,부천,[부천] 가브리보쌈에 시원한 해물칼국수까지 맛볼 수 있는...,https://blog.naver.com/oozzi_/224301913990
ab53f7698d35ed62,2026-05-31,여의도,"해담채여의도점 | 상견례, 가족모임에 좋은 여의도룸식당...",https://blog.naver.com/kjy8717/224301914173
0378cf2bfdd23b09,2026-05-31,시청,"수원 인계동 점심 맛집 , 쌀국수 포레스트오늘숲",https://blog.naver.com/singungi1102/224301913285
0378cf2bfdd23b09,2026-05-31,수원,"수원 인계동 점심 맛집 , 쌀국수 포레스트오늘숲",https://blog.naver.com/singungi1102/224301913285
78ae277dc3315a5c,2026-05-31,부산,"5월(3), 블로그 제목 뭐하지",https://blog.naver.com/connect-to-minxmin/224301913259
53a3d4e8ba1d8a5e,2026-05-31,방배,"방배동에서 합리적 비용으로 즐기는 오마카세, 기꾸",https://blog.naver.com/happyday_withyou/224301913405
d0d8e39d4ac2efd0,2026-05-31,판교,판교 테크원 맛집 아웃백 스테이크하우스 판교점 아기와 함께...,https://blog.naver.com/juicejamong/224301912901
94d0b9a4012eb5cc,2026-05-31,마곡,"[SK뉴스쿨] 멈추지 않는 발걸음_기본은 단단하게, 배움은...",https://blog.naver.com/mh2123/224301912581
98a003858deeb75f,2026-05-31,대전,대전 대덕구 중리동 조기종의향미각 본점 솔직 후기!...,https://blog.naver.com/mishu-/224301912955
50e0ceade1826483,2026-05-31,제주,"제주 몸국 현지 맛집 ""신설오름"" 주차는 인제공영주차장",https://blog.naver.com/soobakboss/224301912765
bf2e5f75b027dacb,2026-05-31,서초,"서초동 맛집 호앙비엣 교대역점, 베트남 현지 분위기 그대로...",https://blog.naver.com/ymh1974a/224301912370
bf2e5f75b027dacb,2026-05-31,교대,"서초동 맛집 호앙비엣 교대역점, 베트남 현지 분위기 그대로...",https://blog.naver.com/ymh1974a/224301912370
bb0810c84fb89b2b,2026-05-31,명동,2026년 5월 한달의 기록,https://blog.naver.com/minseak1/224301865915
30572a0d6439430a,2026-05-31,대구,대구 칠곡 보쌈 맛집 ‘기와집‘,https://blog.naver.com/bokgilhouse/224301911881
e0aa4a55c6688a02,2026-05-31,성수,May. 2026,https://blog.naver.com/forexer_u/224301911243
3921db59f615a483,2026-05-31,을지로,"손이 가는 볶음밥의 조화, 명동데이트 맛집 '은앤정명동닭갈비'",https://blog.naver.com/pitch_in_/224301911317
3921db59f615a483,2026-05-31,명동,"손이 가는 볶음밥의 조화, 명동데이트 맛집 '은앤정명동닭갈비'",https://blog.naver.com/pitch_in_/224301911317
73900bec8c08c8c5,2026-05-31,교대,"교대 맛집 충무식, 노포 분위기에서 즐기는 통영식 양장피",https://blog.naver.com/efseung/224301910533
4801d741c3ad1ee4,2026-05-31,경주,황리단길파스타 맛집 무궁무진 경주 생면파스타 웨이팅 맛집 후기,https://blog.naver.com/ong_ji/224301908693
87f7acbfa4bf12d1,2026-05-31,부산,2026 부산 미슐랭 레스토랑 : 비비재,https://blog.naver.com/netnetgo/224301908578
d61fe7d8c3d9692b,2026-05-31,분당,2026년 05월 일상,https://blog.naver.com/big_bebe_/224301908568
1a4cf8fa5843b4ad,2026-05-31,인천,[계양] 햄버거 감자튀김 맛집 바스버거,https://blog.naver.com/shtmddn2030/224301907670
5dce28a82edec4cf,2026-05-31,부산,부산 광안리 다리집 유명한 떡볶이는 먹어줘야 제 맛,https://blog.naver.com/happy_dory_/224301906457
07c07e6026c08654,2026-05-31,광주,[광주송정역 맛집 ] 나주곰탕 식당에서 특곰탕 후기,https://blog.naver.com/kidbu5914/224301906929
a78d40273f9bb423,2026-05-31,망원,망원 맛집 인정! 로스트비프 산볼 망원본점 다녀온 리얼 리뷰,https://blog.naver.com/jione0628/224301905830
1743b270525e0a94,2026-05-31,한남동,친구모임으로 제격인 수서 맛집 [빠레뜨한남 수서역점] 주차가능,https://blog.naver.com/siestayoo/224301904908
1743b270525e0a94,2026-05-31,강남,친구모임으로 제격인 수서 맛집 [빠레뜨한남 수서역점] 주차가능,https://blog.naver.com/siestayoo/224301904908
3b92e5c7c7609c7e,2026-05-31,부산,오시리아꼼장어 부산 기장이화장횟집 신선한 재료와 짚불...,https://blog.naver.com/jzipsa/224301691662
51357d59b9ed0c38,2026-05-31,연남동,연남동 한국식 깔끔한 맛의 쌀국수 맛집 옥자,https://blog.naver.com/hillyo/224301905078
51357d59b9ed0c38,2026-05-31,홍대,연남동 한국식 깔끔한 맛의 쌀국수 맛집 옥자,https://blog.naver.com/hillyo/224301905078
d46f7e06adf14902,2026-05-31,춘천,돌판에 직접 구워 먹는 재미! 춘천 블랙스테이크 후기,https://blog.naver.com/76skyoung/224301904201
ffce81a4f7ddeb9d,2026-05-31,인천,인천 구송도 맛집 부모님 생각나는 보양식 돌솥해물누룽지탕,https://blog.naver.com/eve0032/224301904694
ffce81a4f7ddeb9d,2026-05-31,송도,인천 구송도 맛집 부모님 생각나는 보양식 돌솥해물누룽지탕,https://blog.naver.com/eve0032/224301904694
7ebbef0dd569da56,2026-05-31,일산,주엽동냉면 점심 메뉴로 딱인 도화면옥 일산본점,https://blog.naver.com/ariari4860/224301904532
a6d4c1294594ff8f,2026-05-31,강남,역삼동 맛집 고기집 라비옥 강남 구워주는 고깃집 LA갈비 전문점,https://blog.naver.com/sunone018/224301904082
a6d4c1294594ff8f,2026-05-31,역삼,역삼동 맛집 고기집 라비옥 강남 구워주는 고깃집 LA갈비 전문점,https://blog.naver.com/sunone018/224301904082
445c05e3480e3d80,2026-05-31,부산,라메이 사천훠궈 : 부산대 마라탕 부산대 훠궈 9500원...,https://blog.naver.com/pineappleyj/224301903772
3b55e75f1f26fcc5,2026-05-31,일산,오브레멘_오션뷰 베이커리 대형카페 커피 맛집 임산부할인 가능,https://blog.naver.com/9wiyomez/224301903962
9b871c56fe4d17c6,2026-05-31,사당,남성역맛집 백제갈비 사당본점 사당 점심맛집 으로도 좋은 2대째...,https://blog.naver.com/alsenfl91/224301903864
bbb491a19f345189,2026-05-31,광화문,[내돈내먹] 광화문 직장인 추천 맛집 (광화문~종각) : 라멘...,https://blog.naver.com/n0thing_specia1/224301902867
909e332436940cb9,2026-05-31,망원,망원 맛집 찾다가 발견한 로스트비프 산볼 망원본점 솔직 후기,https://blog.naver.com/damb1201010/224301903293
43933251f25e9063,2026-05-31,서초,남부터미널 점심 맛집 백소정 교대 혼밥,https://blog.naver.com/dlrhdmssla/224301902703
43933251f25e9063,2026-05-31,교대,남부터미널 점심 맛집 백소정 교대 혼밥,https://blog.naver.com/dlrhdmssla/224301902703
374a934b6e5ee0d5,2026-05-31,부산,도가니 사리긔,https://blog.naver.com/gauxnn__/224301903056
9932d2d810b3d51e,2026-05-31,서초,양양집 신논현점 신논현역 맛집 든든한 한끼로 딱,https://blog.naver.com/kjy3334/224301903320
9932d2d810b3d51e,2026-05-31,양양,양양집 신논현점 신논현역 맛집 든든한 한끼로 딱,https://blog.naver.com/kjy3334/224301903320
3289357110a3f383,2026-05-31,신촌,평택짬뽕 기분이 욜라 짬뽕날때 짬뽕이 생각납니다 신촌명가짬뽕,https://blog.naver.com/hagisjonmattang/224301902731
00ea81f4a8d602d8,2026-05-31,성수,해파랑길 34~36코스: 묵호역입구~한국여성수련원~정동진...,https://blog.naver.com/kangllee/224301902263
d5f933263810fa11,2026-05-31,대구,26.05,https://blog.naver.com/rkdlsekdls10/224301902142
d5f933263810fa11,2026-05-31,대전,26.05,https://blog.naver.com/rkdlsekdls10/224301902142
56b465bdfc0f0282,2026-05-31,교대,교대 맛집 삼겹살 회식 데이트 저녁 추천 감골연탄집,https://blog.naver.com/elitist46/224301902222
fa0d42e78477df63,2026-05-31,신사,천안 터미널 맛집 신사우물갈비 신부점,https://blog.naver.com/2010930/224301901571
65ba4bc9a0cd94f5,2026-05-31,전주,전주 하객답례품 추천 푸드카페 레몬하우스,https://blog.naver.com/hjlee667/224301900617
51ecde8b1674275c,2026-05-31,포항,매콤하고 뜨끈한 한끼가 땡길때! 양덕조림,https://blog.naver.com/sodutal/224301900960
134b9428c02ce5bc,2026-05-31,부산,부산 남구 대연동 삼겹살 맛집 : 소 .돼지고기 숯불구이 맛집 ...,https://blog.naver.com/yeji369a/224301900264
4d220f73153b03b7,2026-05-31,대전,대전 서구 맛집 한식 생각날 때 명태랑 류명호 본점,https://blog.naver.com/reason12/224301899681
dc7217559a7cbd49,2026-05-31,강남,[강남] 강남 코엑스 맛집 ! 가족과 함께 즐기는 23가지 솥밥...,https://blog.naver.com/chaein_side/224301899749
dc7217559a7cbd49,2026-05-31,삼성,[강남] 강남 코엑스 맛집 ! 가족과 함께 즐기는 23가지 솥밥...,https://blog.naver.com/chaein_side/224301899749
dc7217559a7cbd49,2026-05-31,코엑스,[강남] 강남 코엑스 맛집 ! 가족과 함께 즐기는 23가지 솥밥...,https://blog.naver.com/chaein_side/224301899749
43b8eecf8d4d6f3c,2026-05-31,부산,동래 롯백 맛집 모시모시 롯데시네마 명륜역 점심 맛집,https://blog.naver.com/yeoiny590322/224301899503
95a0236d0d1a21b4,2026-05-31,부산,"[15주 임신일기] 배가 나오기 시작했어용, 입덧 후 먹덧, 걷기...",https://blog.naver.com/flowerrrain/224301899429
53b01f35beca905f,2026-05-31,역삼,"진전복삼계탕 역삼점, 후두염에 지친 날 찾은 든든한 역삼동 맛집",https://blog.naver.com/ssr327/224301898983
e2ad86442ddec011,2026-05-31,용산,"달콤 쌉싸름, 고소한 피넛 초콜릿",https://blog.naver.com/lhsdm0618/224301898632
3f141b3aaf254e3a,2026-05-31,부산,(2026) 5월 4주차 일상,https://blog.naver.com/hodizzang/224301898026
a5c6a7123ce6a57a,2026-05-31,포항,【2026 울진 완전정복】 성류굴 15도 냉기 + 구산해수욕장...,https://blog.naver.com/information-store/224301852013
ba6759d0017b0ce2,2026-05-31,잠실,"잠실 칼국수 맛집 조개진, 신선한 해물 가득 여름 보양식 (주차...",https://blog.naver.com/yummygirl_21/224301897821
ba6759d0017b0ce2,2026-05-31,송파,"잠실 칼국수 맛집 조개진, 신선한 해물 가득 여름 보양식 (주차...",https://blog.naver.com/yummygirl_21/224301897821
41281bd77e3ac993,2026-05-31,홍대,5月,https://blog.naver.com/sonji098/224301898227
400be12549f6dcda,2026-05-31,대구,대구 칠곡3지구 맛집 점심 특선 오봉집 푸짐한 가성비 밥집,https://blog.naver.com/mssjse/224301897221
3bae56d4890a9e64,2026-05-31,남양주,[남양주시 호평동]빵만 먹어도 맛있는 치아바타 맛집 ! 라잎...,https://blog.naver.com/ysjzz1213/224301897626
d3131862553d2aad,2026-05-31,건대,대구 태전동 맛집 정이가국수 보건대점 치즈돈까스 칼제비...,https://blog.naver.com/mmmu14/224301896829
d3131862553d2aad,2026-05-31,대구,대구 태전동 맛집 정이가국수 보건대점 치즈돈까스 칼제비...,https://blog.naver.com/mmmu14/224301896829
50b959b19faa8379,2026-05-31,제주,속 편하고 든든한 제주 표선 점심 메뉴로 보말칼국수 어떠세요,https://blog.naver.com/caimquyaj/224301896900
4e87ab9d8fb71db0,2026-05-31,잠실,Travelingㅣ올림픽공원,https://blog.naver.com/mr_and_dr_kim/224301896650
4e87ab9d8fb71db0,2026-05-31,송파,Travelingㅣ올림픽공원,https://blog.naver.com/mr_and_dr_kim/224301896650
4e87ab9d8fb71db0,2026-05-31,올림픽공원,Travelingㅣ올림픽공원,https://blog.naver.com/mr_and_dr_kim/224301896650
2975206ce62828cf,2026-05-31,대구,"가족외식으로 좋은 대구 동성로 맛집 , 고메스퀘어...",https://blog.naver.com/dlwlals2729/224301896325
faa2480ae327dd12,2026-05-31,부산,[서면역 맛집 ] 부드러운 보쌈과 얼큰한 알곤이칼국수의 조합...,https://blog.naver.com/alik1982/224301896398
aaaab4c37ed2c71b,2026-05-31,광주,봉선동 맛집 규슈 봉선점... 입도 호강한 광주남구샤브샤브 맛집,https://blog.naver.com/doldabal/224301896175
9a4a31819a44dbe6,2026-05-31,압구정,"일상 (사전투표, 남양주 대형카페 후탄)",https://blog.naver.com/qkrdms5god/224301896037
9a4a31819a44dbe6,2026-05-31,남양주,"일상 (사전투표, 남양주 대형카페 후탄)",https://blog.naver.com/qkrdms5god/224301896037
e73d63520d29d676,2026-05-31,대구,"5월 3주차 - 자리 옮기기, 로지텍 MX MASTER 3S, 소금빵...",https://blog.naver.com/jhj20071/224301895798
ac693f9be0626340,2026-05-31,구리,짜파구리 쉽고 맛있게 끓이는법! 짜파구리 황금레시피~!,https://blog.naver.com/kg7091/224301895250
82f29572acb73806,2026-05-31,구리,[2026-5월] 소소한 일상,https://blog.naver.com/baaguu/224301893669
ace1365ecf0cc3e2,2026-05-31,분당,산수애에서 한정식 먹고 왔어요.,https://blog.naver.com/mareta58/224301893099
e7a021071db136ff,2026-05-31,부산,2026년 5월 끄적기록,https://blog.naver.com/byeol9602/224301893148
30ec59b3f15db9bd,2026-05-31,전주,가성비 좋은 샤부샤부 맛집 전주 송천동 《샤브 연리지 송천점》,https://blog.naver.com/yong6559/224301893123
8bfa24d41baa687f,2026-05-31,홍대,5월 실습 & 체육대회,https://blog.naver.com/you2-_-/224301893042
9c615867e33271b7,2026-05-31,여의도,여의도 맛집 I 간사이스타,https://blog.naver.com/fika-/224301893328
82de3a744577cf9c,2026-05-31,강남,강남역 맛집 찾는다면 혼밥 가능한 킹콩부대찌개 역삼점,https://blog.naver.com/loezlife/224301892919
82de3a744577cf9c,2026-05-31,역삼,강남역 맛집 찾는다면 혼밥 가능한 킹콩부대찌개 역삼점,https://blog.naver.com/loezlife/224301892919
fbb7a0112c066896,2026-05-31,대구,"5月, 2026",https://blog.naver.com/selinak1/224301892483
e6c1605a0a3a6a88,2026-05-31,광주,광주 가매일식 / 흑백요리사 안유성 명장 맛집 후기,https://blog.naver.com/huirin28/224301892305
3f68a739f0ee45c7,2026-05-31,송파,【송파동】 추억의 즉석떡볶이 모꼬지에♡,https://blog.naver.com/damoda_house/224301892281
db8147a98b1518e2,2026-05-31,신사,"맛, 나의 또또또또간 맛집 | 신사역 점심 맛집 | 가라아게 가지튀김",https://blog.naver.com/moomooel/224301891476
db8147a98b1518e2,2026-05-31,가로수길,"맛, 나의 또또또또간 맛집 | 신사역 점심 맛집 | 가라아게 가지튀김",https://blog.naver.com/moomooel/224301891476
132e1286079e7ba9,2026-05-31,판교,판교짬뽕 맛집 | 분당중국집 짬뽕지존 판교점 후기,https://blog.naver.com/jestemryba/224301891896
132e1286079e7ba9,2026-05-31,분당,판교짬뽕 맛집 | 분당중국집 짬뽕지존 판교점 후기,https://blog.naver.com/jestemryba/224301891896
634444f869952567,2026-05-31,대전,대전 도안동 원신흥동 점심 맛집 한알천 본점 ! 닭한마리 칼국수...,https://blog.naver.com/ahnjs7883/224301891567
8e8ead93600689fc,2026-05-31,삼성,봉은사역 맛집 솥내음,https://blog.naver.com/foreversoon7/224301891956
8e8ead93600689fc,2026-05-31,코엑스,봉은사역 맛집 솥내음,https://blog.naver.com/foreversoon7/224301891956
8d0373ba451e4536,2026-05-31,포항,포항 환호힐스테이트 맛집 담가화로구이 재방문 후기,https://blog.naver.com/sunha2931/224301891696
d2ce1508aa004f07,2026-05-31,광화문,슬프지만 행복했던 5월 씨몬,https://blog.naver.com/mmmyz-/224301890964
8ddca3f013f9ec2e,2026-05-31,강남,"숯불 향에 마음이 먼저 굽는 날, 강남 갈비 1등의 온기",https://blog.naver.com/s657844/224301522889
d84ef78e068db84b,2026-05-31,광화문,[광화문/경복궁] 일품 광화문 카이센동 맛집 혼밥 우니부터...,https://blog.naver.com/comatdragon/224301890195
9ab95541f1625f53,2026-05-31,대구,대구 불로동 맛집 건강한 한식 한 상이 생각날 때 찾게 되는...,https://blog.naver.com/boalovendh/224301889895
114648100991623a,2026-05-31,대전,대전 중구 맛집 유천동 맛집 향기면옥 막국수 감동,https://blog.naver.com/jolnsi/224301889869
fb5fc2e07e853f69,2026-05-31,하남,5월 일상,https://blog.naver.com/jys6356/224301888808
fb5fc2e07e853f69,2026-05-31,부산,5월 일상,https://blog.naver.com/jys6356/224301888808
1240fc278e4f3d89,2026-05-31,여수,여수 맛집 전라도밥상 식신 정준하 인정 맛집 ...,https://blog.naver.com/s126416/224301889205
5556b4c5616a6427,2026-05-31,더현대서울,[더현대 대구 맛집 ] 더현대 대구 양식 맛집 와인웍스 대구점...,https://blog.naver.com/jsv1234a/224301888891
5556b4c5616a6427,2026-05-31,대구,[더현대 대구 맛집 ] 더현대 대구 양식 맛집 와인웍스 대구점...,https://blog.naver.com/jsv1234a/224301888891
88527e1f782deacb,2026-05-31,송리단길,석촌역 맛집 고기집 숯불성화 소고기 진짜 맛있는 송리단길...,https://blog.naver.com/ziwnghzi1/224301888723
88527e1f782deacb,2026-05-31,석촌,석촌역 맛집 고기집 숯불성화 소고기 진짜 맛있는 송리단길...,https://blog.naver.com/ziwnghzi1/224301888723
fb92d856af42f133,2026-05-31,분당,화성 동탄역 쌀국수 혼밥 맛집 쌀국수계의 도서관 미분당,https://blog.naver.com/glowyeonsu/224301887835
01769f7e3e388fbf,2026-05-31,을지로,"을지로3가 점심 , 종각역 점심 ) 종로 돈부리, 달떡볶이, 진작, 더...",https://blog.naver.com/leeyou3602/224301888456
01769f7e3e388fbf,2026-05-31,종로,"을지로3가 점심 , 종각역 점심 ) 종로 돈부리, 달떡볶이, 진작, 더...",https://blog.naver.com/leeyou3602/224301888456
73725a4de759001a,2026-05-31,대전,와 이제 26년도 40퍼 지남,https://blog.naver.com/jinlee0228/224301887029
e7667073c6249d6c,2026-05-31,압구정,"[마곡] 압구정샌드위치 마곡역점, 마곡샌드위치 브런치 맛집",https://blog.naver.com/happyomin/224301886966
e7667073c6249d6c,2026-05-31,마곡,"[마곡] 압구정샌드위치 마곡역점, 마곡샌드위치 브런치 맛집",https://blog.naver.com/happyomin/224301886966
6ad6b4416a7e34ec,2026-05-31,수원,[국내여행지 추천] 수원 1박2일 여행지 가보정 - 수원위즈파크...,https://blog.naver.com/erase5_/224301886198
790031709689c641,2026-05-31,경주,경주 2박3일 여행 /DAY2 경주여행: 투썸 경주감포항점...,https://blog.naver.com/new_everyday91/224301886085
790031709689c641,2026-05-31,포항,경주 2박3일 여행 /DAY2 경주여행: 투썸 경주감포항점...,https://blog.naver.com/new_everyday91/224301886085
f909ebaa37d1fc1f,2026-05-31,인천,[인천 맛집 ] 옥련동 윤가네 칼국수 해장으로 최고,https://blog.naver.com/duoobuoo/224301885527
1cda32540c908734,2026-05-31,홍대,순애가 장난이야?,https://blog.naver.com/lo_dxur/224301885286
160e7dcf22b9a644,2026-05-31,송리단길,[송리단길 저녁 맛집 ]한상차림 코다리명가 석촌호수점,https://blog.naver.com/jyi0720/224301885461
160e7dcf22b9a644,2026-05-31,석촌,[송리단길 저녁 맛집 ]한상차림 코다리명가 석촌호수점,https://blog.naver.com/jyi0720/224301885461
160e7dcf22b9a644,2026-05-31,석촌호수,[송리단길 저녁 맛집 ]한상차림 코다리명가 석촌호수점,https://blog.naver.com/jyi0720/224301885461
645dd72a95934be6,2026-05-31,부산,팔도 틈새라면 매운김치컵라면 feat 부산,https://blog.naver.com/makafood/224301884379
4c70068ff06c8f9b,2026-05-31,홍대,냐냐쿤 | 홍대 이자카야 맛집 후기,https://blog.naver.com/ddonnggo2427/224301884628
1da72491214304e2,2026-05-31,홍대,홍대 맛집 의 신세계 신미경홍대닭갈비! 30년 내공의 원조란...,https://blog.naver.com/project-jaden/224301884750
57913f04de6ecbe0,2026-05-31,광교,광교법조타운 맛집 상현역 근처 든든한 한 끼 정온 김치찌개,https://blog.naver.com/s353535-/224301884635
57913f04de6ecbe0,2026-05-31,수원,광교법조타운 맛집 상현역 근처 든든한 한 끼 정온 김치찌개,https://blog.naver.com/s353535-/224301884635
dda155b15ac472e9,2026-05-31,속초,속초 라멘 맛집 이찌바라멘으로 아침 해장,https://blog.naver.com/finerim/224301884636
3120d2cf8d9dc433,2026-05-31,춘천,신림 신원시장 맛집 점심 고민 끝 신림춘천집,https://blog.naver.com/webomnal/224300020156
fe8c1136bd52e708,2026-05-31,안양,"인덕원 점심 맛집 삼동소바 평촌에이치타워점, 자가제면 소바와...",https://blog.naver.com/s_mong1207/224301884058
40ccbe31c9c8bb23,2026-05-31,대전,[대전 정림동 맛집 ] 깔끔한 국물에 반하고 꽉 찬 김밥에 두 번...,https://blog.naver.com/yea00703/224301882963
d83a1ec20cda47c1,2026-05-31,부천,바른곤드레 맛집 여월점에서 곤드레밥정식 먹고...,https://blog.naver.com/mareta58/224301883020
7481d351dd7c918b,2026-05-31,대구,만촌동 점심 맛집 한우불고기 다보정숯불,https://blog.naver.com/jihyun64/224301882463
71d5cf22e4e9c5cb,2026-05-31,가평,종강내놔,https://blog.naver.com/yhyoungkim/224301882454
2a1a04527dafed94,2026-05-31,부산,출발부터 고비 가득했던 부산 물금 여행#1,https://blog.naver.com/minjungkku_/224301882916
970784ab274a6df0,2026-05-31,대구,남천동 맛집 남천명가 깊고 시원한 국물의 대구탕 전문점...,https://blog.naver.com/s6215565/224301882165
07247cba1bd76b9f,2026-05-31,양재,도곡동 카페 호두까끼형제 디저트 양재 맛집 선물하기 좋은...,https://blog.naver.com/tokkung2/224301881957
b3ae31eeb58e5fc3,2026-05-31,성수,[성수 직장인 맛집 ] 프리미엄 직원식당 성수점,https://blog.naver.com/pionayoon/224301881758
de0f9cc3268404d8,2026-05-31,광명,아쉬운 시간들을 추억에 담고,https://blog.naver.com/kimhw117/224301881625
f554550ae22c25d5,2026-05-31,의정부,의정부역 카페 의정부 샌드위치 맛집 달코소미,https://blog.naver.com/kbyuk246/224301881452
36d447b2fd22c19c,2026-05-31,분당,청주 맛집 분당만강원 청주직영점 중화요리 추천,https://blog.naver.com/dambbok/224301881468
043963bbf7b1df70,2026-05-31,인천,송내 남부역 맛집 스테이크하우스 이크 송내 법원 맛집,https://blog.naver.com/nonovely/224301880836
9fde2eb487e8541e,2026-05-31,합정,2026 2월,https://blog.naver.com/miinjji811/224301880206
4c71bf57a669763e,2026-05-31,사당,바삭한 돈까스가 맛있는 사당역 돈까스 맛집｜사당역 점심맛집,https://blog.naver.com/nodopaminenolife/224301880003
4c71bf57a669763e,2026-05-31,방배,바삭한 돈까스가 맛있는 사당역 돈까스 맛집｜사당역 점심맛집,https://blog.naver.com/nodopaminenolife/224301880003
477c0237404feac5,2026-05-31,전주,전주배달 맛집 으로 인기 많은 전주핫도그 뉴마왕핫도그 완산점,https://blog.naver.com/happy_jung1004/224301879975
c401f61afacd0f33,2026-05-31,여의도,서울/여의도 봄담아샤브샤브 여의도 점심 추천,https://blog.naver.com/done_22/224301880175
c5c68db2bba6923a,2026-05-31,망원,5월 일상,https://blog.naver.com/alka03/224301880039
6c7e4a5b64669484,2026-05-31,종로,종로 회식/광화문 회식/광화문 생선구이 잘하는 집 (정백어가...,https://blog.naver.com/ypyp_11/224301879000
6c7e4a5b64669484,2026-05-31,광화문,종로 회식/광화문 회식/광화문 생선구이 잘하는 집 (정백어가...,https://blog.naver.com/ypyp_11/224301879000
8b022b43c2761f67,2026-05-31,이태원,1️⃣,https://blog.naver.com/m1nguu/224301879345
823138cc7cd069d4,2026-05-31,시청,담라 둔산본점 대전 냉면의 진수를 경험하다,https://blog.naver.com/tjfgmlsla9/224301960306
823138cc7cd069d4,2026-05-31,제주,담라 둔산본점 대전 냉면의 진수를 경험하다,https://blog.naver.com/tjfgmlsla9/224301960306
823138cc7cd069d4,2026-05-31,대전,담라 둔산본점 대전 냉면의 진수를 경험하다,https://blog.naver.com/tjfgmlsla9/224301960306
53b5ecf799fb35d8,2026-05-31,방배,방배카페골목 반포치킨 1977구반포 마늘통닭의 원조,https://blog.naver.com/sunyoung0617/224301960253
358c535e13b2a48e,2026-05-31,마포,공덕역 인근 마포역 맛집 서울가든호텔 라스텔라 뷔페 평일...,https://blog.naver.com/baby2kpb2/224301959899
358c535e13b2a48e,2026-05-31,공덕,공덕역 인근 마포역 맛집 서울가든호텔 라스텔라 뷔페 평일...,https://blog.naver.com/baby2kpb2/224301959899
5aa36074f7834c91,2026-05-31,남양주,팔당역에서 몸보신 장어 맛집 '남양주 감나무집' 까지 13km...,https://blog.naver.com/choischoice-/224301953255
4a27c62d21de178f,2026-05-31,수원,수원 디저트 맛집 청23 [청이삼 ] 수원 타임빌라스점 과일산도...,https://blog.naver.com/byulbyullog/224301938806
4a27c62d21de178f,2026-05-31,일산,수원 디저트 맛집 청23 [청이삼 ] 수원 타임빌라스점 과일산도...,https://blog.naver.com/byulbyullog/224301938806
6d77eb5551be451d,2026-05-31,인천,"맛있는 한돈을 즐길 수 있는 송도 맛집 , 녹돼야지 방문 후기",https://blog.naver.com/s_romism/224301937528
6d77eb5551be451d,2026-05-31,송도,"맛있는 한돈을 즐길 수 있는 송도 맛집 , 녹돼야지 방문 후기",https://blog.naver.com/s_romism/224301937528
695bda5488019be4,2026-05-31,춘천,집에서도 춘천느낌 제대로 춘천소양강양념 닭갈비 밀키트,https://blog.naver.com/ssp8629/224301937608
388f6ffbb1fa17a2,2026-05-31,구리,오지구 전자담배 구리점♥ [무더위 날려줄 시원 달달 상큼한...,https://blog.naver.com/guzn0422/224301937676
e575aaeef95e44fc,2026-05-31,용산,"[신용산 | 오르노] 탁트인 통창 테라스, 용산 화덕피자 맛집",https://blog.naver.com/kahyunss/224301937548
126ee2810b4824dc,2026-05-31,제주,제주공항 근처 숙소 추천! 연동·조천·애월 완벽 비교...,https://blog.naver.com/dh_jejurent/224174073412
a85cd3b2afe02be8,2026-05-31,수원,풍자 또간집 수원편 수원역 닭도리탕 맛집 대가주점 월요일...,https://blog.naver.com/hy_days/224300211442
95994b074621c30b,2026-05-31,인천,상다리가 휘어지는 월미도 횟집 먹고보자 호남횟집 찐후기,https://blog.naver.com/jackpark86/224301936872
c143c6b57dccd66d,2026-05-31,잠실,두산 vs 한화 스페셜매치 2026 총정리,https://blog.naver.com/0story01/224301028055
a1a18e322ef2af5b,2026-05-31,부산,동래 외식365 대게좋은날 부산 킹크랩 대게 맛집,https://blog.naver.com/gagulog/224301831352
25b8fcfd0fe68b58,2026-05-31,상수,표선 맛집 제주해비치 또간집 제주흑돈세상수라간 표선점...,https://blog.naver.com/96jy119/224301937326
25b8fcfd0fe68b58,2026-05-31,제주,표선 맛집 제주해비치 또간집 제주흑돈세상수라간 표선점...,https://blog.naver.com/96jy119/224301937326
4f17de3f93a0a891,2026-05-31,여수,5월 네번째 주말일상,https://blog.naver.com/seoklanee2/224301937189
3baf873a5744c909,2026-05-31,여수,내가 제일 좋아하는 5월을 그냥 지나칠 순 없지,https://blog.naver.com/saga0509/224301936256
4641b72bc5a4313f,2026-05-31,전주,전주 객리단길 몽유도 | 분위기 좋은 삼겹살 맛집,https://blog.naver.com/chocowooball/224301936038
61e8e8a7d1c3d7a0,2026-05-31,전주,유빙쓰일상_5월편,https://blog.naver.com/kybin950514/224301935969
7c6de2655b374215,2026-05-31,대전,"대전 유성 맛집 어화, 숙성 사시미와 후토마키가 맛있는 곳",https://blog.naver.com/tthdqls/224301935640
1e13ba2404d4bc27,2026-05-31,부산,부산 당감동 구워주는 고깃집 냉삼 당감 돼지충전소 방문 후기,https://blog.naver.com/jina0513_/224301934479
4bf7c3a8ad1b962b,2026-05-31,종로,[충무로 ] 충무로스터디룸을 찾는다면 작가의 서재,https://blog.naver.com/khj610726/224301934231
e38a6ea5795fbaa4,2026-05-31,부산,부산 수영역 맛집 아구찜 제철 갑오징어회 신통영굴국밥 후기,https://blog.naver.com/puppv2/224301934811
b80a95a3cccbd9f9,2026-05-31,인천,30년 전통 인천 부평시장 떡집 호박인절미 맛집 풍년떡집,https://blog.naver.com/pklaaa/224301934288
1fec9292396f9741,2026-05-31,광화문,광화문역 맛집 고우가 광화문 데이트 맛집 코스 sfc몰 한우...,https://blog.naver.com/gycho1221/224301933609
c0ea540a19384848,2026-05-31,부산,부산 다대포 / 갑오징어 주문했는데 서비스가 이 정도라고?...,https://blog.naver.com/bomflow_/224301933994
4d2e62bc6396fffd,2026-05-31,연남동,연남동 맛집 파스타 헤이죠지 어메리칸 느낌 뿜뿜한 미국...,https://blog.naver.com/retto1/224301933400
4ba2268a8b34e6de,2026-05-31,경주,경주 독채 한옥숙소 추천! 가성비 좋은 토담스테이 후기,https://blog.naver.com/demisoda90/224301932694
7b6a349fb2b1d05c,2026-05-31,가평,가평펜션 놀러 갔다가 현지인들 따라 들어간 청평고기 맛집 ...,https://blog.naver.com/jinhee5651/224301931071
d9a908c541bc673a,2026-05-31,부천,5월,https://blog.naver.com/wlgndla123/224301931035
62d9070e9bea70a9,2026-05-31,가평,가평 가볼만한곳 한식 쌈밥 28개월 아이와 남이섬 맛집 진수성찬,https://blog.naver.com/alsoy00/224301929977
78ec20ecc064326b,2026-05-31,강릉,"6월 국내여행지 추천 가성비 Top 5, 돈 적게 쓰고 알차게 노는...",https://blog.naver.com/all_about_24/224301930106
c9ce0aaf4702d1fa,2026-05-31,송도,조개껍데기는 녹슬지 않는다,https://blog.naver.com/crzero1117/224301930459
ddde49036b421a5d,2026-05-31,교대,교대역 맛집 태국 로컬 바이브 타이패밀리 교대점,https://blog.naver.com/j_memoir/224301930752
3b1db6fda9d8d1ed,2026-05-31,남양주,"남양주 진접 맛집 , 가족과 함께 즐기는 양꼬치의 매력!",https://blog.naver.com/golchigi12/224301930680
bdc5e7a33bc1f8c1,2026-05-31,해방촌,네가 불길이라도 난 뛰어들게,https://blog.naver.com/annyuni_/224301929737
61f4a4f18959a9f0,2026-05-31,성수,성수 양쯔깐루 맛집 여름에 어울렸던 레이지요거트,https://blog.naver.com/dkffod123/224300476042
d817296f11e6955d,2026-05-31,강남,"진주 맛집 양식당 ""처프트 : Chuffed """,https://blog.naver.com/tmddus8056/224301929141
ebe832cfcb8da93b,2026-05-31,왕십리,[성동구/왕십리] 봉자막창 | 왕십리막창 맛집 무한리필 맛집,https://blog.naver.com/nyerong/224301929111
e92de31ba5187fc9,2026-05-31,대구,대구 대천동 맛집 달서구 놀이방있는 식당 : 적돈 월성본점,https://blog.naver.com/jjinnyyyy/224301927987
9194c9fa29b15ca8,2026-05-31,왕십리,쪼꼼한 하루들｜5월,https://blog.naver.com/a_vely11/224301928180
c4ffba3dfec32f90,2026-05-31,용산,"용산야장고깃집, 우연고깃집에서 극강의 고기 맛을 경험해보세요!",https://blog.naver.com/leoking0812/224301927653
f893c96e99d12643,2026-05-31,인천,[인천 청라] 프랜차이즈 치킨 잊게 만드는 마성의 맛!찹쌀 품은...,https://blog.naver.com/tral_rara/224301926928
c84d15f1afb15f8c,2026-05-31,건대,어린이대공원역 앞에서 [가드키]를 만나다.,https://blog.naver.com/ldm1105/224301927189
05f1f6cb9c2db57e,2026-05-31,성수,2026년 4월,https://blog.naver.com/luminous39/224301926757
37abef6e41c4f61c,2026-05-31,과천,과천 감자탕 맛집 “오성감자탕”,https://blog.naver.com/raworld_/224301926310
d2bd39fc7ac44f90,2026-05-31,마곡,아웃백 가성비버전 BBQ폭립 잘하는 마곡 맛집 패밀리 레스토랑...,https://blog.naver.com/for140329/224301925147
4437ba4807be400e,2026-05-31,시청,[부천 맛집 ] 여름 메뉴 추천은 냉삼!! / 수영냉삼 부천점 방문 후기,https://blog.naver.com/myakyo/224301925571
4437ba4807be400e,2026-05-31,부천,[부천 맛집 ] 여름 메뉴 추천은 냉삼!! / 수영냉삼 부천점 방문 후기,https://blog.naver.com/myakyo/224301925571
e2d28fe78d6dd8aa,2026-05-31,구리,경주 보문단지 밥집 약 20가지 푸짐한 한정식 솔직후기...,https://blog.naver.com/okkk2138/224301924693
e2d28fe78d6dd8aa,2026-05-31,경주,경주 보문단지 밥집 약 20가지 푸짐한 한정식 솔직후기...,https://blog.naver.com/okkk2138/224301924693
4c67318cf6946964,2026-05-31,용산,용산 카페 빌라루멘 | 용산역 근처에서 조용하고 널널한 카페...,https://blog.naver.com/mokokoi/224301924656
dba763d31ec286cb,2026-05-31,인천,"광명-인천(월미도, 차이나타운, 송도)여행",https://blog.naver.com/realbonny83/224301923669
dba763d31ec286cb,2026-05-31,송도,"광명-인천(월미도, 차이나타운, 송도)여행",https://blog.naver.com/realbonny83/224301923669
dba763d31ec286cb,2026-05-31,광명,"광명-인천(월미도, 차이나타운, 송도)여행",https://blog.naver.com/realbonny83/224301923669
3fd5c0ad57d8db1f,2026-05-31,대구,오월도 갔다,https://blog.naver.com/endearingg/224301922539
22088f921af6929d,2026-05-31,일산,동적깡통구이 일산라페스타직영점 정발산소갈비살,https://blog.naver.com/icandoit790530/224301922524
27de929a37bf780a,2026-05-31,대구,⋆｡*ﾟ✲* 호재 *✲ﾟ*｡⋆ | 대구 교동 맛집,https://blog.naver.com/alliswellicandoit/224301922692
9164caf74e2c15a9,2026-05-31,부산,가보시길 추천합니다! 해운대 맛집 다다닥N짜오미솥뚜껑닭볶음탕,https://blog.naver.com/coolsun750/224301923323
296d42d29c7ba295,2026-05-31,대구,동성로 타코야끼 맛집 타코비,https://blog.naver.com/flowe_310/224301922399
04b639501deb1b22,2026-05-31,부산,오월은 푸르구나 우리들은 자란다,https://blog.naver.com/gustj_815/224301920640
c3111f7f050acef9,2026-05-31,명동,대전 가성비 식당 찾고 있다면 봉명동 맛집 맛나지예 선산곱창,https://blog.naver.com/minspa89/224301800700
c3111f7f050acef9,2026-05-31,대전,대전 가성비 식당 찾고 있다면 봉명동 맛집 맛나지예 선산곱창,https://blog.naver.com/minspa89/224301800700
157290374025fc06,2026-05-31,홍대,홍대술집 홍대 포차 서교포차 홍대 맛집,https://blog.naver.com/syuninig/224301920591
c5236fdff879eea9,2026-05-31,인천,"[Ep. 150] dblog. 현실복귀. 애호박솥밥, 이집트경양식...",https://blog.naver.com/sobidoby/224301920783
5c7d9eaa1c3735de,2026-05-31,천호,화로상회 천호점 주차 및 예약 꿀팁! 천호역 맛집 제대로 즐기기,https://blog.naver.com/ohartobr_89/224301919582
2b952849ce440fc2,2026-05-31,홍대,홍대 회 맛집 어사출또 홍대점 모듬회 해산물모듬 후기,https://blog.naver.com/borionl/224301919502
c354a76532580ef7,2026-05-31,제주,한싸랑 산악회,https://blog.naver.com/qkrnsltkxid/224301920057
411154776a07ee7c,2026-05-31,부산,다대포 고기집 끼룩이네 부산 갈매기살 맛집 진짜가 나타났다,https://blog.naver.com/reselience/224301918641
1be4fad65b5b13b5,2026-05-31,시청,[부산 맛집 /시청역 맛집 ]부산시청 소고기숯불구이 전문점 맛집 ...,https://blog.naver.com/rimee_16250/224301918693
1be4fad65b5b13b5,2026-05-31,부산,[부산 맛집 /시청역 맛집 ]부산시청 소고기숯불구이 전문점 맛집 ...,https://blog.naver.com/rimee_16250/224301918693
9ba5217b401dd8f1,2026-05-31,제주,"연동 맛집 의 소소한 행복, 보배반점 제주도청점에서 보내는...",https://blog.naver.com/l6770971/224301918803
936946d3151ad6a0,2026-05-31,대구,대구시지 맛집 - 피자팜비어 시지점,https://blog.naver.com/rlagywjd920304/224301918099
79bcad8b702a94fd,2026-05-31,속초,"효레의식당 속초점, 속초 엑스포 맛집 에서 필리핀 전통...",https://blog.naver.com/youumii/224301917389
05f1f000035ebd6e,2026-05-31,인천,용구네 숯불닭갈비,https://blog.naver.com/sky3361445/224301916250
91cea7579fb45cdd,2026-05-31,홍대,닿은 그 순간 펼쳐질 Deja vu,https://blog.naver.com/hxxul_/224301916395
60573d3bf9f81d13,2026-05-31,강남,강남 신사 맛집 에서 편안하게 즐긴 특별한 삼겹살 경험,https://blog.naver.com/smteakuyln460/224301916420
60573d3bf9f81d13,2026-05-31,신사,강남 신사 맛집 에서 편안하게 즐긴 특별한 삼겹살 경험,https://blog.naver.com/smteakuyln460/224301916420
ff9970f1c6924c5d,2026-05-31,건대,"건대 고기집 목화돈 건대점, 구워주는 육즙 가득한...",https://blog.naver.com/onziii/224301916725
a79bdd6cfe0d4f8a,2026-05-31,대전,한 입에 스트레스가 싸악!! 대전 돼지갈비 맛집 !! -함초양념갈비,https://blog.naver.com/donggutobak/224301916215
704c4eeaad906ed1,2026-05-31,광명,5월을 마무리하며.. 철산주짓수 광명주짓수 가산주짓수 일상.,https://blog.naver.com/jude56kr/224301916311
8171a83093bb9661,2026-05-31,서초,"돼지고기덮밥, 반쎄오까지, 맥주 한잔하기 좋은 서초동 맛집",https://blog.naver.com/dolly_21/224301915497
d80f1b7e4be1044a,2026-05-31,제주,[천안 맛집 ] 제주의 깊은 바다 감성과 독보적인 숙성회 신방동...,https://blog.naver.com/fullup1130/224301915790
2082a12e20c9bfe8,2026-05-31,양재,[양재역 맛집 ] 안주 고민 끝!... 한식 맛집 '양재옥' 주안상...,https://blog.naver.com/justbesimple/224301916119
b0a7a7d5c1fa75f4,2026-05-31,역삼,주안역 맛집 한 자리에서 무려 10년 넘게 깊은 내공 돌판향기...,https://blog.naver.com/chosion_/224301915451
b0a7a7d5c1fa75f4,2026-05-31,인천,주안역 맛집 한 자리에서 무려 10년 넘게 깊은 내공 돌판향기...,https://blog.naver.com/chosion_/224301915451
e3dbb28744c7f8a5,2026-05-31,강남,논현역에서 가까운 분위기 좋은 보쌈 해물파전 막걸리 맛집,https://blog.naver.com/hmmjh8808/224301915584
f296bd0c38b90d1f,2026-05-31,미사,미사역 맛집 불향 가득한 불쭈꾸미 전골 세트 맛보고 온...,https://blog.naver.com/loversia/224301915157
cf40378bdd7146b3,2026-05-31,청담,[샤로수길 맛집 ] 지하철역 광고에서 봤던 그 브랜드!!! 청담강정!!!,https://blog.naver.com/cyber3578/224301914779
cd79de47ce5cd289,2026-05-31,연남동,"[연남동 맛집 카페] 버터앤쉘터 연남점, 입안 가득 행복해지는...",https://blog.naver.com/vantablack2/224301914477
e242e0f9bd83307d,2026-05-31,명동,청주 봉명동 술집 편안한밤 수육전골 강추,https://blog.naver.com/dambbok/224301912499
26147e0b0ab0ee09,2026-05-31,분당,"영종도 쌀국수 맛집 미분당, 아이와 함께 가기 좋은 식당 추천",https://blog.naver.com/hi_yuni0511/224301911972
e460ac542ceff617,2026-05-31,분당,[분당 정자역 맛집 ] 블루샹하이,https://blog.naver.com/snssn6/224301911164
e460ac542ceff617,2026-05-31,정자,[분당 정자역 맛집 ] 블루샹하이,https://blog.naver.com/snssn6/224301911164
c5b44fd48f084f87,2026-05-31,안양,"요기요 할인 이벤트, 루미노 안양비산점 으뜸갈비...",https://blog.naver.com/caleload/224301911269
e664d8ee26413288,2026-05-31,강남,양재역 고기구이 서초목살에서 웻에이징 통목살 맛집 후기,https://blog.naver.com/lln2026/224301910401
e664d8ee26413288,2026-05-31,서초,양재역 고기구이 서초목살에서 웻에이징 통목살 맛집 후기,https://blog.naver.com/lln2026/224301910401
e664d8ee26413288,2026-05-31,양재,양재역 고기구이 서초목살에서 웻에이징 통목살 맛집 후기,https://blog.naver.com/lln2026/224301910401
70b520ab96ed7e7a,2026-05-31,합정,합정 생일카페 살롱드솔내 합정낮술맥주,https://blog.naver.com/suzumesiho/224301908546
996bfb5c4f74b407,2026-05-31,강릉,"강릉 맛집 | 중앙시장 맛집 , 원조소문난무침회...",https://blog.naver.com/jomii_/224301907335
410e48742a6243b7,2026-05-31,속초,"봉담 2지구 횟집 추천, 속초어시장 도다리 세꼬시 찐 맛집",https://blog.naver.com/kom6337/224301907593
f082909494ce982d,2026-05-31,대전,주간일기206)불장과 먹부림,https://blog.naver.com/futuremomo/224301906419
664aeb58766ba2bd,2026-05-31,한남동,[부천] 서당의달: 한남동 빠르크 출신 셰프의 수제안주를 다양한...,https://blog.naver.com/xhtxhtxht2/224301906400
664aeb58766ba2bd,2026-05-31,부천,[부천] 서당의달: 한남동 빠르크 출신 셰프의 수제안주를 다양한...,https://blog.naver.com/xhtxhtxht2/224301906400
eba361d4b8103adf,2026-05-31,부천,부천 소곱창 송내역 맛집 그날곱창,https://blog.naver.com/z1nss/224301905922
504aa1c26ec5b51b,2026-05-31,수원,분위기 좋은 북유럽 감성 인계동술집! 피크 PEAK 수원인계점,https://blog.naver.com/triraptor07/224301905075
d2004bc902df3ffe,2026-05-31,구리,아귀찜 하얀집,https://blog.naver.com/minime7990/224301905308
9745f16045b64352,2026-05-31,여수,"백반기행 성남 갈매기살, 여수동에서 40년 이어온 숯불 고기집",https://blog.naver.com/9useful1info/224301905105
83d0268c5295e259,2026-05-31,문래,지금 예약 안 하면 자리 없다 — 신길3동 스크린파크골프장...,https://blog.naver.com/world_10004/224301904242
054c6f690c1e6a4e,2026-05-31,대구,대구 뚜벅이 혼자 당일치기 여행 가볼만한곳 추천 코스,https://blog.naver.com/psybobo11/224301904590
f0cd2b83ecd22a64,2026-05-31,광주,꽃보다청춘 광주 생고기 맛집 & 또아식빵 정보,https://blog.naver.com/tts84/224301904375
8a89c8198cc90f3f,2026-05-31,광화문,서울 광화문역 맛집 고우가 광화문 데이트 맛집 코스 sfc몰...,https://blog.naver.com/hyu3323/224301903852
dbe6077f92226970,2026-05-31,연남동,"연남동 산책하다 발견한 감성 한 스푼, 연남동 카페 디저트...",https://blog.naver.com/im67775/224301902638
b93b5ec71d7d97b1,2026-05-31,대전,[5월] 도와줘요 Rock&Roll,https://blog.naver.com/oh_mygash_/224301902895
59014ba68877a4a7,2026-05-31,전주,"전주한옥마을 근처 숙소 추천! 가족여행, 호캉스로 좋은 가성비...",https://blog.naver.com/bluechensa/224301903213
d756c4179fba739b,2026-05-31,강릉,강릉 맛집 강릉중앙시장 맛집 원조소문난무침회 꼬막무침 포장,https://blog.naver.com/57136/224301902737
ebc59a635b4ce228,2026-05-31,부천,부천 샌드베이글 도브러브쿠키 다녀온 후기 요즘 알고리즘...,https://blog.naver.com/minioo_nee/224301903278
24c0b8be97cf5ffc,2026-05-31,을지로,"[서울/을지로]직접 다 구워주는 을지로 고기집 추천, 도야집",https://blog.naver.com/perfect1726/224301902070
198bf77a60012dd1,2026-05-31,대구,대구 동대구역 술집 | 이자카야 백연 : 모듬회 묵은지 맛집,https://blog.naver.com/ggangu2002/224301902576
d9405e8be3c99038,2026-05-31,분당,야탑 맛집 야탑역혼밥 가족외식으로 좋은 솥솥 분당야탑점,https://blog.naver.com/jjwaxing1/224301901310
baf76d74262a1fb5,2026-05-31,안국,일상기록|서울 나들이이이,https://blog.naver.com/vlakd1191/224301901564
baf76d74262a1fb5,2026-05-31,북촌,일상기록|서울 나들이이이,https://blog.naver.com/vlakd1191/224301901564
baf76d74262a1fb5,2026-05-31,인사동,일상기록|서울 나들이이이,https://blog.naver.com/vlakd1191/224301901564
baf76d74262a1fb5,2026-05-31,노량진,일상기록|서울 나들이이이,https://blog.naver.com/vlakd1191/224301901564
baf76d74262a1fb5,2026-05-31,인천,일상기록|서울 나들이이이,https://blog.naver.com/vlakd1191/224301901564
917ec970f4c1703f,2026-05-31,부산,괴정헬스장 인더짐 쾌적하고 넓은 공간에서 헬스하기 좋은...,https://blog.naver.com/rladpwl7243/224301900844
c8d365a1d97bfa0d,2026-05-31,합정,"합정역 고기집 정육도, 삼겹살 퀄리티가 다르다!",https://blog.naver.com/duatsong/224301900575
30ea53308dde3438,2026-05-31,홍대,맛있는 안주와 낭만이 있는 곳≈ 홍대 맛집 홍대술집 <유메오뎅...,https://blog.naver.com/rkddmswls505/224301901053
9f08ff0c53cdf779,2026-05-31,부산,부산대타코야끼 길거리 간식 추천 타코파파,https://blog.naver.com/j02nara/224301901026
065e41610a83ea71,2026-05-31,망원,망원데이트+다미횟집,https://blog.naver.com/dmswlfkd0329/224301899819
bf6d8062b24b62ff,2026-05-31,여수,먼 북소리,https://blog.naver.com/54yuri/224301899969
1051fb0b66cbc088,2026-05-31,종로,종로3가 고기집 익선갈매기 야장 맛집 삼겹살,https://blog.naver.com/tweedyes/224301899690
4c1fb54a4e705a52,2026-05-31,포항,포항 영일대 횟집 웰빙횟집 뷰 맛집 강력 추천 !!!!,https://blog.naver.com/hibella-/224301898976
7c44d5fd072f431f,2026-05-31,전주,직접 농사지어 요리하는 전주 숯불갈비 맛집 ’남근숯불갈비‘,https://blog.naver.com/wnfl2294/224301898653
c74daaf7e975b8d1,2026-05-31,강동,[강동구] 천호동 가성비 좋은 술집 추천 - 미스타교자 천호점...,https://blog.naver.com/anmh94/224301898737
c74daaf7e975b8d1,2026-05-31,천호,[강동구] 천호동 가성비 좋은 술집 추천 - 미스타교자 천호점...,https://blog.naver.com/anmh94/224301898737
301f83f8b500ca96,2026-05-31,여수,사랑은 그저 단어일 뿐이야,https://blog.naver.com/sjj9920/224301898324
a769b7b4dd1196b8,2026-05-31,대전,대전 도안 대대손손 닭볶음탕 맛집 후기안녕하세요 여러분!,https://blog.naver.com/prdnocty/224297640656
514193c1d19c5858,2026-05-31,분당,서현 족발 맛집 설레족발 가성비 실속세트 포장후기 주차가능,https://blog.naver.com/bestleejin/224301897680
b202df009b0674c1,2026-05-31,춘천,"집 나간 입맛도 돌아오게 만드는 마법, 춘천 닭갈비의 진수를...",https://blog.naver.com/pzgnrazp60505_mv/224301116474
b94c3a284d09611a,2026-05-31,광주,광주 송정역 근처 빵집 썬베이커리 착한 가게 방문 후기,https://blog.naver.com/wlsud3626/224301896898
d5bdcedcfbec56e3,2026-05-31,청담,청담 울프강 스테이크하우스 가격 디너 코스 기념일 레스토랑...,https://blog.naver.com/guini54/224301896221
0c22d688c2ffaf4f,2026-05-31,경주,오월이라 가능한 마음들,https://blog.naver.com/wdd2865/224301895605
9001a5e438e3a195,2026-05-31,강남,역삼역 맛집 이자카야 숙성회가 맛있는 츄라우미 강남본점,https://blog.naver.com/jinkong_/224301893992
9001a5e438e3a195,2026-05-31,역삼,역삼역 맛집 이자카야 숙성회가 맛있는 츄라우미 강남본점,https://blog.naver.com/jinkong_/224301893992
347b3eab83a42067,2026-05-31,시청,신중동역돼지갈비 육정고 돼지갈비와 가볍게 한잔하기 좋은 장소,https://blog.naver.com/4566jo/224301894066
347b3eab83a42067,2026-05-31,부천,신중동역돼지갈비 육정고 돼지갈비와 가볍게 한잔하기 좋은 장소,https://blog.naver.com/4566jo/224301894066
34f5dc9e377b8093,2026-05-31,대전,고메스퀘어 대전둔산직영점에서 남편하고 맛나게 먹었어요,https://blog.naver.com/yyyssk1/224301893711
e7c0bb13536b414c,2026-05-31,부천,"부천 범박동 맛집 오봉집 범박점, 불향 가득 직화낙지와 촉촉한...",https://blog.naver.com/rafaaael206/224301893873
d49e9e3f6ff7f328,2026-05-31,구리,밍구리 일상 26,https://blog.naver.com/alshye0/224301893794
9648b591ecc499a3,2026-05-31,압구정,"도산공원술집 골드피쉬, 딤섬 내공이 남다른 분위기 맛집",https://blog.naver.com/nariasi04/224301893149
9648b591ecc499a3,2026-05-31,도산공원,"도산공원술집 골드피쉬, 딤섬 내공이 남다른 분위기 맛집",https://blog.naver.com/nariasi04/224301893149
d555d5318c6d7b7f,2026-05-31,성수,성수/뚝섬역)뚝섬소금구이 뚝섬역고깃집 성수회식 맛집 ...,https://blog.naver.com/po0302/224301892804
d555d5318c6d7b7f,2026-05-31,뚝섬,성수/뚝섬역)뚝섬소금구이 뚝섬역고깃집 성수회식 맛집 ...,https://blog.naver.com/po0302/224301892804
c7bb1740d352d805,2026-05-31,분당,25. 아무 생각 없이 지나간 오월,https://blog.naver.com/yoojin046/224301893178
f09b082d455b1f80,2026-05-31,인천,인천 용현동 맛집 인하대학교후문 가성비 한식집!!!!.... 맛사랑,https://blog.naver.com/james5272/224301891790
1fac3dafb5938188,2026-05-31,전주,"전주신시가지디저트 맛집 GT커피 전주신시가지점, 꾸덕한...",https://blog.naver.com/mickydream/224301891035
32bf3ef2fbc6a916,2026-05-31,제주,[제주 2박 3일] 이번 여행 최고 맛집 소규모식탁,https://blog.naver.com/lkekes2/224301890878
71ba9eea7aedbf0d,2026-05-31,의정부,"썰잡정육식당, 의정부고깃집에서 즐기는 퀄리티 높은 고기",https://blog.naver.com/simplicity365/224301891189
d7a8e9a7c9ece0c5,2026-05-31,시청,시청역 둔산동 맛집 볼로니아 대전둔산점 크림 뇨끼 연어...,https://blog.naver.com/bleib/224301890799
d7a8e9a7c9ece0c5,2026-05-31,대전,시청역 둔산동 맛집 볼로니아 대전둔산점 크림 뇨끼 연어...,https://blog.naver.com/bleib/224301890799
fb7cbe24803577bd,2026-05-31,잠실,"불판 위 지글거림이 마음을 데우던 저녁 , 송파에서...",https://blog.naver.com/kpyoreohnxb/224301891368
fb7cbe24803577bd,2026-05-31,송파,"불판 위 지글거림이 마음을 데우던 저녁 , 송파에서...",https://blog.naver.com/kpyoreohnxb/224301891368
0038eb4613de02bc,2026-05-31,압구정,압구정로데오 맛집 샤브오｜도산공원 데이트 코스로 좋은...,https://blog.naver.com/skwty/224301890124
0038eb4613de02bc,2026-05-31,도산공원,압구정로데오 맛집 샤브오｜도산공원 데이트 코스로 좋은...,https://blog.naver.com/skwty/224301890124
aad83425916420c9,2026-05-31,시청,밀양 시청술집 찾는다면? 국밥싸롱&포차싸롱에서 한 끼와...,https://blog.naver.com/pochasaryong/224301889682
4c3309750e5ce10c,2026-05-31,여의도,너와집 솔직 후기 | 고추장불고기 불맛이 진짜였던 영등포 맛집,https://blog.naver.com/record_tum/224301913761
ffe3904c47d4edc2,2026-05-31,잠실,잠실새내 새마을시장에서 먹을거 사들고 야구보러가기...,https://blog.naver.com/dokyy/224301905917
7ee5b49aefa2c1a3,2026-05-31,여수,안동경보기 문경경보기 예천경보기 광주경보기 KIA스팅어...,https://blog.naver.com/minjong0816/224301903535
7ee5b49aefa2c1a3,2026-05-31,부산,안동경보기 문경경보기 예천경보기 광주경보기 KIA스팅어...,https://blog.naver.com/minjong0816/224301903535
7ee5b49aefa2c1a3,2026-05-31,제주,안동경보기 문경경보기 예천경보기 광주경보기 KIA스팅어...,https://blog.naver.com/minjong0816/224301903535
7ee5b49aefa2c1a3,2026-05-31,경주,안동경보기 문경경보기 예천경보기 광주경보기 KIA스팅어...,https://blog.naver.com/minjong0816/224301903535
7ee5b49aefa2c1a3,2026-05-31,포항,안동경보기 문경경보기 예천경보기 광주경보기 KIA스팅어...,https://blog.naver.com/minjong0816/224301903535
7ee5b49aefa2c1a3,2026-05-31,대구,안동경보기 문경경보기 예천경보기 광주경보기 KIA스팅어...,https://blog.naver.com/minjong0816/224301903535
7ee5b49aefa2c1a3,2026-05-31,광주,안동경보기 문경경보기 예천경보기 광주경보기 KIA스팅어...,https://blog.naver.com/minjong0816/224301903535
6051b451e246eeb2,2026-05-31,여의도,"노량진 맛집 :: 노량진초밥 ""독도초밥"" 테이크아웃 후기(feat....",https://blog.naver.com/ka28/224301899367
6051b451e246eeb2,2026-05-31,노량진,"노량진 맛집 :: 노량진초밥 ""독도초밥"" 테이크아웃 후기(feat....",https://blog.naver.com/ka28/224301899367
05bcfcba4f66be5d,2026-05-31,성수,성수 맛집 이오김밥에서 건강한 재료로 차린 든든한 한 끼...,https://blog.naver.com/ynam2121/224301886859
05bcfcba4f66be5d,2026-05-31,서울숲,성수 맛집 이오김밥에서 건강한 재료로 차린 든든한 한 끼...,https://blog.naver.com/ynam2121/224301886859
fa59b26e0f77cc2e,2026-05-31,상암,KTX 타고 서울 당일치기 – 김천구미역에서 출발해 봄담아...,https://blog.naver.com/jeong4424-/224301885900
d2f92a9210b9d8ac,2026-05-31,명동,5월의 일상 : 망고 숙성 마스터｜명동 나들이｜여주 출렁다리...,https://blog.naver.com/riima_/224301858078
1cebd661c4ca9f61,2026-05-31,강남,[ 서울 맛집 ]코엑스 맛집 분위기 좋은 삼성동이자카야 수다...,https://blog.naver.com/wlswnwltn/224301857146
1cebd661c4ca9f61,2026-05-31,삼성,[ 서울 맛집 ]코엑스 맛집 분위기 좋은 삼성동이자카야 수다...,https://blog.naver.com/wlswnwltn/224301857146
1cebd661c4ca9f61,2026-05-31,코엑스,[ 서울 맛집 ]코엑스 맛집 분위기 좋은 삼성동이자카야 수다...,https://blog.naver.com/wlswnwltn/224301857146
3a3b1e1117e2eaba,2026-05-31,문래,#30 벌써 6월이라니요?,https://blog.naver.com/hana_yezzi/224301842229
3a3b1e1117e2eaba,2026-05-31,더현대서울,#30 벌써 6월이라니요?,https://blog.naver.com/hana_yezzi/224301842229
6d6dcc248a76148d,2026-05-31,성수,『 서울 성수곱창』신사소곱창 성수점-곱창모듬(feat.소주맥주),https://blog.naver.com/kazuyyy/224301841132
6d6dcc248a76148d,2026-05-31,신사,『 서울 성수곱창』신사소곱창 성수점-곱창모듬(feat.소주맥주),https://blog.naver.com/kazuyyy/224301841132
03351df65c62abc4,2026-05-31,성수,성수 맛집 미루성수: 미루성수에서의 새로운 미식 경험,https://blog.naver.com/ycm7802/224301839753
850cb10fcea8c094,2026-05-31,왕십리,왕십리 맛집 미나리도야지 깔끔함에 맛까지 좋았던 곳,https://blog.naver.com/kimys86360/224301823872
25b55b122b929090,2026-05-31,연남동,[청백] 연남동 - 건강식 추천 분위기 좋은 돼지 국밥 맛집,https://blog.naver.com/uneju_/224301820355
25b55b122b929090,2026-05-31,홍대,[청백] 연남동 - 건강식 추천 분위기 좋은 돼지 국밥 맛집,https://blog.naver.com/uneju_/224301820355
25b55b122b929090,2026-05-31,마포,[청백] 연남동 - 건강식 추천 분위기 좋은 돼지 국밥 맛집,https://blog.naver.com/uneju_/224301820355
32b7cb4108aaf63c,2026-05-31,성수,[ 서울 맛집 ] 플레이버타운 서울숲 맛집,https://blog.naver.com/leedakyung98/224301799389
32b7cb4108aaf63c,2026-05-31,서울숲,[ 서울 맛집 ] 플레이버타운 서울숲 맛집,https://blog.naver.com/leedakyung98/224301799389
8cfb3cc6ae053188,2026-05-31,강남,[ 서울 여행] 필앤필버거 역삼점 후기,https://blog.naver.com/hihihi42_/224301787310
8cfb3cc6ae053188,2026-05-31,역삼,[ 서울 여행] 필앤필버거 역삼점 후기,https://blog.naver.com/hihihi42_/224301787310
1c747aafcc0d429b,2026-05-31,명동,명동 맛집 족발 추천 미쓰족발 오리지날 족발 계란찜 주먹밥 후기,https://blog.naver.com/damilog24/224301785298
f0abbd1f2f764869,2026-05-31,전주,남대문 맛집 전주식당 갈치조림 맛본 점심,https://blog.naver.com/misun0457/224301785252
6e3055ce3b81dae0,2026-05-31,성수,"서울 숲 맛집 이오김밥, 재료 꽉 찬 든든한 한 끼",https://blog.naver.com/uniuni01/224301782940
6e3055ce3b81dae0,2026-05-31,서울숲,"서울 숲 맛집 이오김밥, 재료 꽉 찬 든든한 한 끼",https://blog.naver.com/uniuni01/224301782940
9804db2dd65654d5,2026-05-31,강동,(강동구 맛집 ) 고급 아바이 순대,https://blog.naver.com/felix_jin/224301776664
9804db2dd65654d5,2026-05-31,부천,(강동구 맛집 ) 고급 아바이 순대,https://blog.naver.com/felix_jin/224301776664
fd33f075ad6ec9f6,2026-05-31,강남,강남구청역 맛집 피자사만다 바삭한 버터도우에 반했어요,https://blog.naver.com/meina0909/224301774979
fd33f075ad6ec9f6,2026-05-31,선릉,강남구청역 맛집 피자사만다 바삭한 버터도우에 반했어요,https://blog.naver.com/meina0909/224301774979
b7fc53aec24d4c85,2026-05-31,잠실,[일상] 5월의 마지막 날,https://blog.naver.com/makqpo_/224301774973
16f8079937bb0f64,2026-05-31,강남,"논현동 양식 맛집 파스타트리오, 내돈내산 재방문 N회 솔직후기",https://blog.naver.com/delideliciouss/224301771861
860562301af84e10,2026-05-31,강남,서울 강남 요리주점 멕시타이거,https://blog.naver.com/thstmdwls54/224301771045
0d525b6ccc1af356,2026-05-31,왕십리,행당동 맛집 갈포갈비 왕십리점 고기부터 식사까지 만족스러워요,https://blog.naver.com/yoon66031/224301769625
1d67d22c15154dbb,2026-05-31,강남,"고터 맛집 밥장인 고속터미널점, 쇼핑 전 든든한 한식 한상차림",https://blog.naver.com/lunaeun2/224301768604
1d67d22c15154dbb,2026-05-31,서초,"고터 맛집 밥장인 고속터미널점, 쇼핑 전 든든한 한식 한상차림",https://blog.naver.com/lunaeun2/224301768604
6a13ede53d2d9824,2026-05-31,성수,[성수]성수동 맛집 라멘 멘야포모,https://blog.naver.com/jaeeun0885/224301768253
5e17d6c4bdc884e4,2026-05-31,강남,강남구청역 카페 찾다가 발견한 콩카페 강남구청역점 현지 느낌...,https://blog.naver.com/woojong1_/224300471437
5e17d6c4bdc884e4,2026-05-31,선릉,강남구청역 카페 찾다가 발견한 콩카페 강남구청역점 현지 느낌...,https://blog.naver.com/woojong1_/224300471437
47ed01657cd47236,2026-05-31,여의도,"[여의도밥집, 국회의사당역밥집] 완뚝순두부 여의도점 방문 후기",https://blog.naver.com/ryuyeblog/224301766351
47ed01657cd47236,2026-05-31,사당,"[여의도밥집, 국회의사당역밥집] 완뚝순두부 여의도점 방문 후기",https://blog.naver.com/ryuyeblog/224301766351
7e0b99f99792144a,2026-05-31,시청,대전 1984 그수육집칼국수 대전법원시청점 리얼 맛 후기!,https://blog.naver.com/sun00m/224301765137
7e0b99f99792144a,2026-05-31,대전,대전 1984 그수육집칼국수 대전법원시청점 리얼 맛 후기!,https://blog.naver.com/sun00m/224301765137
d2a39f1b812caf8d,2026-05-31,홍대,홍대입구역 맛집 와라라훠궈 무한리필로 취향껏 든든하게...,https://blog.naver.com/k75mm/224301763865
d2a39f1b812caf8d,2026-05-31,마포,홍대입구역 맛집 와라라훠궈 무한리필로 취향껏 든든하게...,https://blog.naver.com/k75mm/224301763865
7d60e6bd45144f3c,2026-05-31,종로,[백제정육점] 강민경 차돌박이 육회쌈 종로 고기집 웨이팅 후기...,https://blog.naver.com/yminang/224301761365
85149ae66f37c586,2026-05-31,종로,"비 오는 날 광장시장 데이트, 낙지탕탕이와 종로빈대떡",https://blog.naver.com/ji0edaa/224301760040
9c50218334b01af3,2026-05-31,강남,신사역 돈까스 맛집 카츠공방 신사역점 모듬카츠세트가 진짜...,https://blog.naver.com/kichica/224301755780
9c50218334b01af3,2026-05-31,신사,신사역 돈까스 맛집 카츠공방 신사역점 모듬카츠세트가 진짜...,https://blog.naver.com/kichica/224301755780
01d7b9de73303561,2026-05-31,성수,성수 맛집 색다른 매력! 미루성수에서의 한 끼,https://blog.naver.com/wlalguswlalgus/224301755831
34f9bf80b2afde51,2026-05-31,망원,[ 맛집 ] 망원 숙성고기 맛집 정각 | 풍자 또간집 1등 솔직 리뷰,https://blog.naver.com/pretty9922/224301753420
9e32a7edfe78596f,2026-05-31,익선동,익선동 맛집 송암온반 후기｜부모님도 만족한 종로3가 한식 맛집,https://blog.naver.com/lje413/224301748667
9e32a7edfe78596f,2026-05-31,종로,익선동 맛집 송암온반 후기｜부모님도 만족한 종로3가 한식 맛집,https://blog.naver.com/lje413/224301748667
ade4230b82248a90,2026-05-31,종로,[ 서울 ] 동대문 닭한마리 골목 명동닭한마리 본점,https://blog.naver.com/jina_p_/224301746238
ade4230b82248a90,2026-05-31,명동,[ 서울 ] 동대문 닭한마리 골목 명동닭한마리 본점,https://blog.naver.com/jina_p_/224301746238
ade4230b82248a90,2026-05-31,동대문,[ 서울 ] 동대문 닭한마리 골목 명동닭한마리 본점,https://blog.naver.com/jina_p_/224301746238
7352ab59a8afa5d8,2026-05-31,홍대,홍대훠궈 맛집 와라라훠궈 무한리필로 푸짐하게 즐겼어요,https://blog.naver.com/bonggus-bob/224301740332
7352ab59a8afa5d8,2026-05-31,마포,홍대훠궈 맛집 와라라훠궈 무한리필로 푸짐하게 즐겼어요,https://blog.naver.com/bonggus-bob/224301740332
c5ab2cc05b224b84,2026-05-31,을지로,"을지로 맛집 아재카세 충무로점, 넓은 공간에 알찬 코스까지",https://blog.naver.com/gabae1088/224301736612
5b92a1fc55175da4,2026-05-31,마곡,발산역 야끼토리 맛집 | 야장까지 되는 이자카야 우마이 솔직후기,https://blog.naver.com/elsiii2/224301734539
28a73314ce3bd2fe,2026-05-31,안국,[ 서울 서촌] 유소바 안국역점 내돈내산 리뷰,https://blog.naver.com/mipy1003/224301734529
28a73314ce3bd2fe,2026-05-31,서촌,[ 서울 서촌] 유소바 안국역점 내돈내산 리뷰,https://blog.naver.com/mipy1003/224301734529
8d294d3a8fcd016e,2026-05-31,홍대,서울 돈까스 맛집 BEST5 | 2026 두껍고 바삭한 수제 돈까스...,https://blog.naver.com/r_h0124/224301733772
8d294d3a8fcd016e,2026-05-31,강남,서울 돈까스 맛집 BEST5 | 2026 두껍고 바삭한 수제 돈까스...,https://blog.naver.com/r_h0124/224301733772
7e412e824ab251b1,2026-05-31,강남,"강남구청 점심 배달 추천, 모모유부 인기 메뉴 4종 먹어본 후기",https://blog.naver.com/eunliana/224301730457
9539c47452134b91,2026-05-31,종로,"[서순라길 맛집 ] 라멘 보루도, 웨이팅도 납득되는 진한...",https://blog.naver.com/mabae29/224301726398
0dd7eaf7edbb1730,2026-05-31,송리단길,석촌역_송리단길 단막,https://blog.naver.com/dusgml8898/224301722820
0dd7eaf7edbb1730,2026-05-31,석촌,석촌역_송리단길 단막,https://blog.naver.com/dusgml8898/224301722820
83540ad6b4f1ff44,2026-05-31,홍대,[ 서울 /홍대] 오밀 : 귀여운 러버덕 오므라이스 퓨전양식 맛집,https://blog.naver.com/dal831/224301721620
83540ad6b4f1ff44,2026-05-31,마포,[ 서울 /홍대] 오밀 : 귀여운 러버덕 오므라이스 퓨전양식 맛집,https://blog.naver.com/dal831/224301721620
c816b1198d801f79,2026-05-31,강남,논현역 맛집 원카츠 바삭한 돈가스 최고,https://blog.naver.com/baekji3672/224301720767
c816b1198d801f79,2026-05-31,서초,논현역 맛집 원카츠 바삭한 돈가스 최고,https://blog.naver.com/baekji3672/224301720767
c816b1198d801f79,2026-05-31,분당,논현역 맛집 원카츠 바삭한 돈가스 최고,https://blog.naver.com/baekji3672/224301720767
3e47f3feeb59cf2b,2026-05-31,망원,"브런치 맛집 ,망원동주말 데이트 코스/와인바&양식 맛집 ...",https://blog.naver.com/yoonsoyoon04/224301716773
3e47f3feeb59cf2b,2026-05-31,마포,"브런치 맛집 ,망원동주말 데이트 코스/와인바&양식 맛집 ...",https://blog.naver.com/yoonsoyoon04/224301716773
8dbd73fd4fa36e42,2026-05-31,광화문,"[종각] 그랑 서울맛집 직자인점심 추천 곰탕 맛집, 대문곰탕",https://blog.naver.com/tkfkddudeh/224301708018
bab37bf6f8a14100,2026-05-31,강남,강남역 녘(Nyeock) 솔직 후기 — 내 청첩장을 전하던 날,https://blog.naver.com/buyhan1/224301702813
d06490e8ca12cc9b,2026-05-31,올림픽공원,올림픽공원 타코 맛집 ㅣ꼰미고,https://blog.naver.com/move___log/224301701361
d06490e8ca12cc9b,2026-05-31,강동,올림픽공원 타코 맛집 ㅣ꼰미고,https://blog.naver.com/move___log/224301701361
17a1109208b984f9,2026-05-31,종로,"[광화문 맛집 ] 라멘 시미즈, 맑고 담백한 닭육수 시오라멘 계란...",https://blog.naver.com/mabae29/224301700671
17a1109208b984f9,2026-05-31,광화문,"[광화문 맛집 ] 라멘 시미즈, 맑고 담백한 닭육수 시오라멘 계란...",https://blog.naver.com/mabae29/224301700671
1a19811cdf333463,2026-05-31,홍대,"[ 서울 /홍대] 서울 간장게장 & 양념게장 맛집 , 홍익게장 내돈내산...",https://blog.naver.com/3181024/224301694569
0e3e15c2d762c5f5,2026-05-31,용산,"용산 라멘 맛집 토마라멘, 남영역 근처 숨은 찐 맛집 솔직후기",https://blog.naver.com/amondmood/224301691182
da67399621c8d04d,2026-05-31,강남,역삼동 맛집 강남샤브샤브 강남역칼국수 강남역칼국수 맛집,https://blog.naver.com/shanghaibabe/224301690396
da67399621c8d04d,2026-05-31,역삼,역삼동 맛집 강남샤브샤브 강남역칼국수 강남역칼국수 맛집,https://blog.naver.com/shanghaibabe/224301690396
9d5818484d2591ca,2026-05-31,강남,내돈내산 압구정로데오역 근처 고기 맛집 ‘원조마포소금구이...,https://blog.naver.com/u__na__/224301685233
9d5818484d2591ca,2026-05-31,압구정,내돈내산 압구정로데오역 근처 고기 맛집 ‘원조마포소금구이...,https://blog.naver.com/u__na__/224301685233
9d5818484d2591ca,2026-05-31,마포,내돈내산 압구정로데오역 근처 고기 맛집 ‘원조마포소금구이...,https://blog.naver.com/u__na__/224301685233
39c99da6bf52e93b,2026-05-31,마포,"마포 주물럭 갈비 골목: 서울 맛집 탐방, 잊을 수 없는 추억과 맛",https://blog.naver.com/zkmuiwqlz/224301683615
77bbbf6d87c484d9,2026-05-31,강남,신사역 맛집 온다 후기｜2인 5만원대 코스요리 가성비가 미쳤다,https://blog.naver.com/rlovu520/224301681790
77bbbf6d87c484d9,2026-05-31,신사,신사역 맛집 온다 후기｜2인 5만원대 코스요리 가성비가 미쳤다,https://blog.naver.com/rlovu520/224301681790
77bbbf6d87c484d9,2026-05-31,가로수길,신사역 맛집 온다 후기｜2인 5만원대 코스요리 가성비가 미쳤다,https://blog.naver.com/rlovu520/224301681790
c4bbc1dc6d068187,2026-05-31,마포,"마포 갈비골목: 서울 맛집 , 시간 여행 추억 명소",https://blog.naver.com/xmkzdsuyx/224301681453
24027bb55b3ba63f,2026-05-31,성수,[ 서울 /성수] 내돈내산 성수동의 대표 감자탕 맛집 ...,https://blog.naver.com/bbo_ah/224301677796
c68d69b5b17b56d7,2026-05-31,강남,[ 서울 /강남] 싱싱한 뭉티기와 불친절함이 공존 <더뭉티기>,https://blog.naver.com/ktm1123/224301674348
cac5659288088a79,2026-05-31,혜화,대학로 화덕피자 근본 맛집 핏제리아오 혜화 본점 주말 웨이팅,https://blog.naver.com/minie30/224301672456
cac5659288088a79,2026-05-31,대학로,대학로 화덕피자 근본 맛집 핏제리아오 혜화 본점 주말 웨이팅,https://blog.naver.com/minie30/224301672456
b5dbb08ce75c9c65,2026-05-31,제주,가산 현지인 자체 랭킹 1위 고기 맛집 | 제주 탐하리,https://blog.naver.com/daffodils_0-0/224301671286
5e3c5b08f74d5b4a,2026-05-31,용산,서울 용산 용산숯방 후기,https://blog.naver.com/kayun_0331/224301669567
b0aaa081fcdd486a,2026-05-31,잠실,[잠실] 1+호주청정와규 샤브 @복면옥 / 2026.05.30,https://blog.naver.com/seowoo_blog/224301660847
b0aaa081fcdd486a,2026-05-31,석촌,[잠실] 1+호주청정와규 샤브 @복면옥 / 2026.05.30,https://blog.naver.com/seowoo_blog/224301660847
f55a4190d2b673de,2026-05-31,시청,[시청역 와인바] 분위기 있는 야장에서 와인 한 잔...,https://blog.naver.com/wonykwony/224301659935
de0119e058aa9cb2,2026-05-31,신사,"참석, 경남지부장 위촉 (5.30, 서울 자살예방센터, AM-003)",https://blog.naver.com/namam2010/224301658907
083423f37d7c6b3b,2026-05-31,건대,"서울 맛집 추천 일본식라면 츠케루 건대입구 가격과 위치, 예약...",https://blog.naver.com/jth0903-/224299485410
b2c286eec91da478,2026-05-31,종로,[종로 낙원] 야장 고기 맛집 종로3가 흥지로스,https://blog.naver.com/sesangtambang/224301649204
1c8904c1b76c07d5,2026-05-31,서촌,"[서촌] 서촌 맛집 안덕, 웨이팅해서 먹은 이북식 만둣국 후기",https://blog.naver.com/writer_905/224301647951
1c8904c1b76c07d5,2026-05-31,광화문,"[서촌] 서촌 맛집 안덕, 웨이팅해서 먹은 이북식 만둣국 후기",https://blog.naver.com/writer_905/224301647951
46011b31dd9142b6,2026-05-31,방배,"방배동 맛집 보태닉마켓, 아사이볼 솔직후기",https://blog.naver.com/ginnieee-/224301645243
46011b31dd9142b6,2026-05-31,서초,"방배동 맛집 보태닉마켓, 아사이볼 솔직후기",https://blog.naver.com/ginnieee-/224301645243
2ce8f1e9d182a485,2026-05-31,을지로,시청역 콩국수 맛집 진주회관 맛있지만 17000원은 놀랐던 후기,https://blog.naver.com/miyeon9353/224301230726
2ce8f1e9d182a485,2026-05-31,시청,시청역 콩국수 맛집 진주회관 맛있지만 17000원은 놀랐던 후기,https://blog.naver.com/miyeon9353/224301230726
ea2dbf4616d3b159,2026-05-31,강남,"부산에서 올라왔다는 샤브샤브집, 샤브남바완(역삼동)",https://blog.naver.com/tinycare/224301640579
ea2dbf4616d3b159,2026-05-31,역삼,"부산에서 올라왔다는 샤브샤브집, 샤브남바완(역삼동)",https://blog.naver.com/tinycare/224301640579
ea2dbf4616d3b159,2026-05-31,부산,"부산에서 올라왔다는 샤브샤브집, 샤브남바완(역삼동)",https://blog.naver.com/tinycare/224301640579
3939112c225a3381,2026-05-31,방배,"방배동 푸슈(PUSHOO)와 몬탁 방배점, 친구들과 함께한 특별한...",https://blog.naver.com/sorah/224301636320
23ea0d97deebda5b,2026-05-31,노량진,"노량진수산시장 청양수산 후기｜새벽 회 포장, 참돔...",https://blog.naver.com/thenleave/224301636077
990ee1c262d930ed,2026-05-31,사당,"[낙성대,사당/ 맛집 ] 곱창 마니아들의 성지, 쫄깃하고 고소한...",https://blog.naver.com/heedalog/224301634953
96b319e995b0ebc0,2026-05-31,서초,생활의달인 교대 회식 맛집 - 충무식 내돈내산 방문 후기,https://blog.naver.com/jisoo-log/224301632188
96b319e995b0ebc0,2026-05-31,교대,생활의달인 교대 회식 맛집 - 충무식 내돈내산 방문 후기,https://blog.naver.com/jisoo-log/224301632188
b2ad8fd277f82f1c,2026-05-31,을지로,명동 맛집 추천 다양한 솥밥 메뉴가 있는 솥내음 명동 을지로점,https://blog.naver.com/mig98/224301631692
b2ad8fd277f82f1c,2026-05-31,명동,명동 맛집 추천 다양한 솥밥 메뉴가 있는 솥내음 명동 을지로점,https://blog.naver.com/mig98/224301631692
d84b11864bb44713,2026-05-31,여의도,더현대 서울 점 / 여의도 더현대... 돈까스 맛집 ! 내돈내산 찐리뷰,https://blog.naver.com/01030364684/224301630350
d84b11864bb44713,2026-05-31,더현대서울,더현대 서울 점 / 여의도 더현대... 돈까스 맛집 ! 내돈내산 찐리뷰,https://blog.naver.com/01030364684/224301630350
4ffa73daa564ed64,2026-05-31,한남동,"[ 서울 ] 한남동 '파이프그라운드... 피자 맛집 | 옥수수피자, 매운...",https://blog.naver.com/likedyu/224301624863
4ffa73daa564ed64,2026-05-31,용산,"[ 서울 ] 한남동 '파이프그라운드... 피자 맛집 | 옥수수피자, 매운...",https://blog.naver.com/likedyu/224301624863
2b1f3b10b3bdf37b,2026-05-31,신사,서울 종각 술집 추천 태성골뱅이신사 & 수작,https://blog.naver.com/yun4420/224301623839
a17af14810c6b875,2026-05-31,동대문,"용두동 쭈꾸미 골목 맛집 , [나정순할매쭈꾸미]에 다녀왔습니다....",https://blog.naver.com/empoweredboy/224301624020
f4ffe4fe10da2f95,2026-05-31,마곡,마곡/발산 고밥집 점심 제주식 두루치기 맛집 소주 맥주 1천원,https://blog.naver.com/cktngus4/224301620859
f4ffe4fe10da2f95,2026-05-31,제주,마곡/발산 고밥집 점심 제주식 두루치기 맛집 소주 맥주 1천원,https://blog.naver.com/cktngus4/224301620859
3720012849b92dae,2026-05-31,강남,"[한성돈까스] 강남역 돈까스 맛집 , 두툼한 고기와 변함없는...",https://blog.naver.com/ayajae/224300379057
3720012849b92dae,2026-05-31,서초,"[한성돈까스] 강남역 돈까스 맛집 , 두툼한 고기와 변함없는...",https://blog.naver.com/ayajae/224300379057
8bc530c69164076a,2026-05-31,여의도,여의도 고기 맛집 추천 여의화로 본점 토요일 점심 방문 후기,https://blog.naver.com/wendyncindy/224301615654
b60b51659a1e4d3b,2026-05-31,강남,동녘 방문 후기 | 한식 퓨전 요리 식당 ️ 예약 • 메뉴...,https://blog.naver.com/sseevely/224301612999
ec7306d95f0c8a20,2026-05-31,종로,종로 광장시장 대표 육회집 자매집,https://blog.naver.com/rlfxoals456/224301611930
1c555c5cc007737b,2026-05-31,익선동,[종로] 익선동 고기골목 통돼지집 후기 (솥뚜껑 삼겹살 주말...,https://blog.naver.com/rhdeb120/224301611172
1c555c5cc007737b,2026-05-31,종로,[종로] 익선동 고기골목 통돼지집 후기 (솥뚜껑 삼겹살 주말...,https://blog.naver.com/rhdeb120/224301611172
438a437d7c95739b,2026-05-31,노량진,고기 맛이 살아있는 짠돈 노량진 맛집,https://blog.naver.com/psh41677/224301608059
c611216e8aebba96,2026-05-31,잠실,[ 서울 /잠실] 안주 맛있고 분위기 좋은 모임 추천 장소 '윤슬',https://blog.naver.com/yyrrim/224301607734
c611216e8aebba96,2026-05-31,송파,[ 서울 /잠실] 안주 맛있고 분위기 좋은 모임 추천 장소 '윤슬',https://blog.naver.com/yyrrim/224301607734
ec102b1ada256a1e,2026-05-31,합정,[옥동식] 서교동 - 매콤한 고추지와 맑고 투명한 돼지곰탕,https://blog.naver.com/sanggyeongman/224301592307
ec102b1ada256a1e,2026-05-31,마포,[옥동식] 서교동 - 매콤한 고추지와 맑고 투명한 돼지곰탕,https://blog.naver.com/sanggyeongman/224301592307
f02e5aad07c5f4de,2026-05-31,여의도,여의도 더현대 서울 런던베이글 포장하고 마일스톤...,https://blog.naver.com/level0000/224301591493
f02e5aad07c5f4de,2026-05-31,더현대서울,여의도 더현대 서울 런던베이글 포장하고 마일스톤...,https://blog.naver.com/level0000/224301591493
3e6976b2cc6b1ded,2026-05-31,교대,더 짜릿해진 '레드리본 전국 맛집 2026' 리뷰 고메정식당 교대본점,https://blog.naver.com/xfile012/224301587973
88f43429873a0ad8,2026-05-31,서초,"서초역 맛집 서초정계, 푸짐한 1인 순살 닭볶음탕 후기",https://blog.naver.com/hbd__/224301022459
23dd92b325f13b6a,2026-05-31,신촌,"️신촌 원조감자탕 | 소짜도 푸짐한 뼈감자탕 맛집 , 신촌 맛집 ...",https://blog.naver.com/whatsinmything/224301579697
a455f837dd7e68e4,2026-05-31,강동,"상일동 점심 추천, 두메막국수 능이백숙과 카페 느루까지...",https://blog.naver.com/sorah/224301579656
b09524d1993162dd,2026-05-31,역삼,"오랜만에 들른 방이편백 육분삼십 역삼역점, 역삼 맛집 중에서도...",https://blog.naver.com/yeonh0219/224301577638
93791563087a1bec,2026-05-31,용산,용산 효창공원 맛집 | 핀핀 | 초여름 테라스에서 화이트와인...,https://blog.naver.com/hoyshoy/224301571536
8c25d2cdcae7e0ba,2026-05-31,역삼,"서울 역삼동 - 라비옥, 소고기ㅋ",https://blog.naver.com/jslove0414/224301568425
2123a7b1de82ea71,2026-05-31,사당,서울 사당점심 수향가족발보쌈 사당역 맛집,https://blog.naver.com/chleodml1004/224301568070
b5eabaa9541e68fb,2026-05-31,강남,신사 다소곳 | 청첩장모임 제격! 와인 술술 들어가는 스페인...,https://blog.naver.com/noiilog/224301566757
b5eabaa9541e68fb,2026-05-31,신사,신사 다소곳 | 청첩장모임 제격! 와인 술술 들어가는 스페인...,https://blog.naver.com/noiilog/224301566757
b5eabaa9541e68fb,2026-05-31,가로수길,신사 다소곳 | 청첩장모임 제격! 와인 술술 들어가는 스페인...,https://blog.naver.com/noiilog/224301566757
b5eabaa9541e68fb,2026-05-31,분당,신사 다소곳 | 청첩장모임 제격! 와인 술술 들어가는 스페인...,https://blog.naver.com/noiilog/224301566757
1a4a9887a9d29473,2026-05-31,동대문,서울 /동대문 블루리본 카레 맛집,https://blog.naver.com/stay-and-play/224301560258
1a4a9887a9d29473,2026-05-31,양재,서울 /동대문 블루리본 카레 맛집,https://blog.naver.com/stay-and-play/224301560258
1a4a9887a9d29473,2026-05-31,마곡,서울 /동대문 블루리본 카레 맛집,https://blog.naver.com/stay-and-play/224301560258
1a4a9887a9d29473,2026-05-31,수원,서울 /동대문 블루리본 카레 맛집,https://blog.naver.com/stay-and-play/224301560258
1a4a9887a9d29473,2026-05-31,하남,서울 /동대문 블루리본 카레 맛집,https://blog.naver.com/stay-and-play/224301560258
cdf966a13cd67644,2026-05-31,종로,종로 가성비 야장 맛집 밥도사술도사 내돈내산 후기,https://blog.naver.com/mimizi_/224301559066
92835fcbb8660ea0,2026-05-31,성수,성수 맛집 도도한면｜한정판 갈치우동·크림자루우동 솔직후기,https://blog.naver.com/mia_estoy_aqui/224301547292
92835fcbb8660ea0,2026-05-31,신사,성수 맛집 도도한면｜한정판 갈치우동·크림자루우동 솔직후기,https://blog.naver.com/mia_estoy_aqui/224301547292
3363e337717102b8,2026-05-31,마곡,발산역 맛집 한정식 미꼬담 마곡발산점 꼬막정식,https://blog.naver.com/spider1215/224301544727
27f4d7ced9a7e927,2026-05-31,명동,2026 서울 직장인 점심 맛집 BEST 8,https://blog.naver.com/bymit/224301544078
09e143d6563cefb3,2026-05-31,강남,맛집 :: ️ 원카츠 논현점,https://blog.naver.com/amy7623/224301542952
09e143d6563cefb3,2026-05-31,부산,맛집 :: ️ 원카츠 논현점,https://blog.naver.com/amy7623/224301542952
85ed8e7a094782ec,2026-05-31,홍대,홍대입구역 술집 들풀한상 홍대 조용한 술집 가족모임 추천,https://blog.naver.com/daumsangho/224301539243
85ed8e7a094782ec,2026-05-31,마포,홍대입구역 술집 들풀한상 홍대 조용한 술집 가족모임 추천,https://blog.naver.com/daumsangho/224301539243
3ef26970276467c8,2026-05-31,여의도,여의도 | 진주집 더현대 서울 간김에 가본 줄 서서 먹는 비빔국수...,https://blog.naver.com/enjoy_e_na/224301535101
3ef26970276467c8,2026-05-31,더현대서울,여의도 | 진주집 더현대 서울 간김에 가본 줄 서서 먹는 비빔국수...,https://blog.naver.com/enjoy_e_na/224301535101
700b02c192c47c67,2026-05-31,역삼,방이편백 육분삼십 역삼역점이 왜 역삼 맛집 리스트에 오르는지...,https://blog.naver.com/kkailovey/224301534505
925994f1e78f8f9e,2026-05-31,성수,서울 성수 라멘 맛집 멘츠루 내돈내산 후기,https://blog.naver.com/eunjin_95-/224301533801
35cd2fb9f46e5f25,2026-05-31,성수,[ 서울 맛집 ] 서울 가락시장 횟집 맛집 / 장성수산,https://blog.naver.com/ssingssing21_/224301531949
35cd2fb9f46e5f25,2026-05-31,노량진,[ 서울 맛집 ] 서울 가락시장 횟집 맛집 / 장성수산,https://blog.naver.com/ssingssing21_/224301531949
f9a19087707aa7cb,2026-05-31,여의도,[ 맛집 ] 여의도 더현대 빵집 추천 ETF베이커리 대표메뉴 후기...,https://blog.naver.com/eunniiii_i/224301530810
f9a19087707aa7cb,2026-05-31,더현대서울,[ 맛집 ] 여의도 더현대 빵집 추천 ETF베이커리 대표메뉴 후기...,https://blog.naver.com/eunniiii_i/224301530810
f84dad3146799888,2026-05-31,부산,5월 일기짱!!!,https://blog.naver.com/eungyyyo/224301529776
f84dad3146799888,2026-05-31,대전,5월 일기짱!!!,https://blog.naver.com/eungyyyo/224301529776
623b859b6dd41d19,2026-05-31,성수,"[성수, 서울 숲] 성수 웨이팅 맛집 능동미나리 내돈내산 후기...",https://blog.naver.com/pkaa_chu/224295733771
623b859b6dd41d19,2026-05-31,서울숲,"[성수, 서울 숲] 성수 웨이팅 맛집 능동미나리 내돈내산 후기...",https://blog.naver.com/pkaa_chu/224295733771
4d83fe6e05dfeba5,2026-05-31,성수,성수동 맛집 카페 데이트 한일상회 고기룸 토마스베이커리...,https://blog.naver.com/monday-sunday-/224301525486
50bbc909a0ecf5e2,2026-05-31,광주,[시장정리] 2026년 5월29일 오늘의 급등주는?,https://blog.naver.com/seanhong99/224301524055
3f970fba4b844d17,2026-05-31,역삼,역삼 맛집 찾아 방문하게 된 방이편백 육분삼십 역삼역점...,https://blog.naver.com/yunhee2540/224301522328
526230bf5fcbc5d3,2026-05-31,을지로,"을지로3가 우동 노포, 동경우동에서 가성비 한 끼",https://blog.naver.com/beopin/224301513852
ba39aa793d2437a6,2026-05-31,을지로,[을지로 3가 맛집 ] ㅣ 서울 삼계탕,https://blog.naver.com/sujun_a/224301514305
11785a6ea0795130,2026-05-31,역삼,역삼 맛집 탐방의 마침표는 방이편백 육분삼십 역삼역점에서...,https://blog.naver.com/isk0713/224301513432
5044c91da5aabcb9,2026-05-31,강남,"서울 고속터미널 맛집 속초오징어순대, 궁금해서 먹어봄",https://blog.naver.com/vipppppppp/224301009056
5044c91da5aabcb9,2026-05-31,속초,"서울 고속터미널 맛집 속초오징어순대, 궁금해서 먹어봄",https://blog.naver.com/vipppppppp/224301009056
a6f3b88b92b5b9c2,2026-05-31,을지로,[종로/을지로 맛집 ] 세운상가 노포 야장 진영이네 골뱅이 삼겹살,https://blog.naver.com/ekwjddl27/224301509839
a6f3b88b92b5b9c2,2026-05-31,종로,[종로/을지로 맛집 ] 세운상가 노포 야장 진영이네 골뱅이 삼겹살,https://blog.naver.com/ekwjddl27/224301509839
a75526baa246f6a3,2026-05-31,동대문,동대문 DDP 맛집 델리커리 후기 인도카레 입문으로 좋았던 곳...,https://blog.naver.com/soyh1234/224301510200
a75526baa246f6a3,2026-05-31,DDP,동대문 DDP 맛집 델리커리 후기 인도카레 입문으로 좋았던 곳...,https://blog.naver.com/soyh1234/224301510200
f313d2842196312c,2026-05-31,강남,소보키 강남점 미나리육전과 닭전골 조합이 미쳤던 강남역 술집,https://blog.naver.com/angels1st/224301509874
f313d2842196312c,2026-05-31,역삼,소보키 강남점 미나리육전과 닭전골 조합이 미쳤던 강남역 술집,https://blog.naver.com/angels1st/224301509874
719b6bbe4e9de7a2,2026-05-31,강남,[ 서울 /서초] 이비티피자 파미에스테이션점| 고속터미널...,https://blog.naver.com/taste_discovery/224301508701
719b6bbe4e9de7a2,2026-05-31,서초,[ 서울 /서초] 이비티피자 파미에스테이션점| 고속터미널...,https://blog.naver.com/taste_discovery/224301508701
2b046845b0208104,2026-05-31,성수,6월 주말 데이트 코스 서울 에서 가볍게 다녀오기 좋은 곳 정리,https://blog.naver.com/wodms10/224301507190
2b046845b0208104,2026-05-31,서울숲,6월 주말 데이트 코스 서울 에서 가볍게 다녀오기 좋은 곳 정리,https://blog.naver.com/wodms10/224301507190
64bfd341b1c0c915,2026-05-31,종로,"[서순라길 맛집 ] 비틀비틀, 비틀스타코 내돈내산 솔직후기...",https://blog.naver.com/cocora_/224301507231
e57bdc61586513af,2026-05-31,역삼,방이편백 육분삼십 역삼역점은 역삼 맛집 그 이상의 가치가 있네요,https://blog.naver.com/grisha56/224301506418
955899828078b107,2026-05-31,강남,코엑스 맛집 삼성동횟집 토말실비 강남숙성회 후기,https://blog.naver.com/ungeeon/224301506020
955899828078b107,2026-05-31,삼성,코엑스 맛집 삼성동횟집 토말실비 강남숙성회 후기,https://blog.naver.com/ungeeon/224301506020
955899828078b107,2026-05-31,코엑스,코엑스 맛집 삼성동횟집 토말실비 강남숙성회 후기,https://blog.naver.com/ungeeon/224301506020
7504869a2e739af6,2026-05-31,송파,서울 3대 호텔 뷔페라는 롯데호텔 월드 라세느 가격｜평일 런치...,https://blog.naver.com/eilen_eh/224301496150
883b3a7257aff5fb,2026-05-31,한남동,"흑백요리사 이전에 다녀온 모수 서울 , 몇 년이 지나도 기억나는...",https://blog.naver.com/mj-jimni/224300073130
883b3a7257aff5fb,2026-05-31,용산,"흑백요리사 이전에 다녀온 모수 서울 , 몇 년이 지나도 기억나는...",https://blog.naver.com/mj-jimni/224300073130
3f2c13ae2249f137,2026-05-31,강남,강남 신논현역 맛집 신논현 맛집 추천 | 내돈내산 서울 소꼬리찜...,https://blog.naver.com/dandanhye/224301320542
4c5ccdfd9ea8e9e1,2026-05-31,한남동,[한남 샌드위치 맛집 ] 아침 일찍 문 여는 겉바속촉 샌드위치...,https://blog.naver.com/dbrtk95_/224301490541
4c5ccdfd9ea8e9e1,2026-05-31,이태원,[한남 샌드위치 맛집 ] 아침 일찍 문 여는 겉바속촉 샌드위치...,https://blog.naver.com/dbrtk95_/224301490541
4c5ccdfd9ea8e9e1,2026-05-31,용산,[한남 샌드위치 맛집 ] 아침 일찍 문 여는 겉바속촉 샌드위치...,https://blog.naver.com/dbrtk95_/224301490541
6292a6cea51105a1,2026-05-31,종로,"종로밥집 그랑 서울 에비뉴 맛집 , 크루아타이커진 태국음식...",https://blog.naver.com/by_seoyu/224301488791
6292a6cea51105a1,2026-05-31,광화문,"종로밥집 그랑 서울 에비뉴 맛집 , 크루아타이커진 태국음식...",https://blog.naver.com/by_seoyu/224301488791
dd7b42e929063836,2026-05-31,잠실,"런던베이글추천 + 동네데이트(카페,소곱창 맛집 ,2차술집 후기)",https://blog.naver.com/orlzinny/224301487030
d637249f1e65b24f,2026-05-31,교대,서울 교대역 곰탕 맛집 이여곰탕 점심 추천 가성비 내돈내산...,https://blog.naver.com/uhyungc/224301485797
b832c76535780b74,2026-05-31,잠실,"서촌에서의 하루 - 좋아하는 옷 입고 서촌기와집, 교보문고...",https://blog.naver.com/sarra0315/224301484803
b832c76535780b74,2026-05-31,서촌,"서촌에서의 하루 - 좋아하는 옷 입고 서촌기와집, 교보문고...",https://blog.naver.com/sarra0315/224301484803
b832c76535780b74,2026-05-31,종로,"서촌에서의 하루 - 좋아하는 옷 입고 서촌기와집, 교보문고...",https://blog.naver.com/sarra0315/224301484803
b832c76535780b74,2026-05-31,광화문,"서촌에서의 하루 - 좋아하는 옷 입고 서촌기와집, 교보문고...",https://blog.naver.com/sarra0315/224301484803
b832c76535780b74,2026-05-31,석촌,"서촌에서의 하루 - 좋아하는 옷 입고 서촌기와집, 교보문고...",https://blog.naver.com/sarra0315/224301484803
b832c76535780b74,2026-05-31,석촌호수,"서촌에서의 하루 - 좋아하는 옷 입고 서촌기와집, 교보문고...",https://blog.naver.com/sarra0315/224301484803
c24da8da32aafeaf,2026-05-31,성수,선함의번짐,https://blog.naver.com/sonamuo0810/224301482953
0c6877334f551e0d,2026-05-31,안국,서울 북촌 맛집 추천 데이트 코스 퓨전 한식당 룻 안국,https://blog.naver.com/bluewindowss/224301481394
0c6877334f551e0d,2026-05-31,북촌,서울 북촌 맛집 추천 데이트 코스 퓨전 한식당 룻 안국,https://blog.naver.com/bluewindowss/224301481394
b122fe320dfd6766,2026-05-31,신사,행복하고 완벽했던 내 생일 일상기록 / 신당조갯집 / 하얏트...,https://blog.naver.com/luv_howd/224300180572
c2cc7cef57c11a8f,2026-05-31,여의도,여의도 맛집 스시 일품 여의도점,https://blog.naver.com/pjb5245/224301476530
c2cc7cef57c11a8f,2026-05-31,더현대서울,여의도 맛집 스시 일품 여의도점,https://blog.naver.com/pjb5245/224301476530
06499cb2b66fddda,2026-05-31,마포,마포 공덕 회식장소 다가생구이/생활맥주 공덕역점,https://blog.naver.com/soic-1/224301474748
06499cb2b66fddda,2026-05-31,공덕,마포 공덕 회식장소 다가생구이/생활맥주 공덕역점,https://blog.naver.com/soic-1/224301474748
41c9182675c471af,2026-05-31,잠실,[배송 맛집 ] 매운 떡볶이 밀키트 스하떡볶이,https://blog.naver.com/jamsilmatzip/224301474167
41c9182675c471af,2026-05-31,송파,[배송 맛집 ] 매운 떡볶이 밀키트 스하떡볶이,https://blog.naver.com/jamsilmatzip/224301474167
54cebc0b3d9c8a1b,2026-05-31,코엑스,서울 점 | 서울 식물원 마곡코엑스 맛집 | 할인받는 방법,https://blog.naver.com/mine_y_ours/224301473371
54cebc0b3d9c8a1b,2026-05-31,마곡,서울 점 | 서울 식물원 마곡코엑스 맛집 | 할인받는 방법,https://blog.naver.com/mine_y_ours/224301473371
4564f7ca778ad1ce,2026-05-31,강동,"강동구 맛집 | 길동복조리시장 근처 벌교낙지, 허영만 작가도...",https://blog.naver.com/ahn0420/224301470383
60aaab4faa47ffbf,2026-05-31,강남,"[올리맛지/강남] 강남꼼장어 맛집 , 짱이네 산곰장어에서 부산의...",https://blog.naver.com/gyfls2491/224301469915
60aaab4faa47ffbf,2026-05-31,부산,"[올리맛지/강남] 강남꼼장어 맛집 , 짱이네 산곰장어에서 부산의...",https://blog.naver.com/gyfls2491/224301469915
8b73a5398e89fba8,2026-05-31,강동,강동구 길동 가족모임 해물탕 맛집 길조 내돈내산 후기,https://blog.naver.com/jeonbb1118/224301468248
8b73a5398e89fba8,2026-05-31,천호,강동구 길동 가족모임 해물탕 맛집 길조 내돈내산 후기,https://blog.naver.com/jeonbb1118/224301468248
d9ce002e54900b75,2026-05-31,성수,성수동 라멘 맛집 찾는다면? 라멘 먹고 리조또까지 즐기는...,https://blog.naver.com/vbakyy/224301464894
9ac44720ff46fce2,2026-05-31,성수,서울 성동구 성수 한정선,https://blog.naver.com/wwwwkys/224301465169
adca7c9dcd8f62cf,2026-05-31,성수,서울 성동구 성수 슈퍼이야이야 성수점,https://blog.naver.com/wwwwkys/224301464517
3af17e3bb89b4f00,2026-05-31,여의도,여의도 더현대 서울 맛집 사천화가 마라탕 점심 데이트 추천,https://blog.naver.com/sghjan/224301357481
3af17e3bb89b4f00,2026-05-31,더현대서울,여의도 더현대 서울 맛집 사천화가 마라탕 점심 데이트 추천,https://blog.naver.com/sghjan/224301357481
ccd9c7ea4d8ed8ea,2026-05-31,여의도,여의도 평양냉면 성지 '정인면옥' 솔직 후기: 슴슴함 속에...,https://blog.naver.com/nabicenter/224262107459
b390d1e0640c1dd1,2026-05-31,성수,서울 성수 맛집 마루마끼｜분위기 좋은 데이트 맛집 후토마끼...,https://blog.naver.com/euni_life/224301461112
2614d16125dc7f89,2026-05-31,안국,북촌 삼청동 맛집 삼청동 호떡 리뷰,https://blog.naver.com/mimirani/224301460189
2614d16125dc7f89,2026-05-31,북촌,북촌 삼청동 맛집 삼청동 호떡 리뷰,https://blog.naver.com/mimirani/224301460189
f37c33646d87165c,2026-05-31,노량진,[ 서울 수산] 노량진수산시장 / 3인분 같은 2인분 모둠회 맛집,https://blog.naver.com/ienajeung8/224301458227
ddb0e77bfe624fb2,2026-05-31,성수,성수 일식 맛집 탐광 내돈내산 솔직 리뷰,https://blog.naver.com/eunsu_exe/224301452958
d38360abd99b9c4d,2026-05-31,노량진,노량진 수산지장 방문 후기 | 모듬회와 새우튀김,https://blog.naver.com/moment3655/224301375401
5f0663c656947ca6,2026-05-31,용산,[용산 아이파크몰 맛집 ] 쌀국수 초보도 반한 깊은 국물!...,https://blog.naver.com/mirai-rana/224301447587
d27c3f74b6c24dce,2026-05-31,강남,강남역 점심부터 저녁까지 만족스러운 바우골,https://blog.naver.com/alal00424/224301445742
6f477d21ac0fa9ea,2026-05-31,동대문,서울 장충동 평양냉면 맛집 평양면옥 본점 3대째 이어온 동대문...,https://blog.naver.com/greattae/224301438446
b145d07851e549ae,2026-05-31,을지로,"을지로 회식장소 추천, 무한리필 참치의 끝판왕! 참치공방...",https://blog.naver.com/regyuler/224301438183
a7e32ef8c8c4a442,2026-05-31,노량진,| 서울 맛집 | 노량진 수산시장 생참치 맛집인가 ‘충남미림’,https://blog.naver.com/oioio00000/224301437680
433940aecfe3f9c9,2026-05-31,잠실,잠실새내 오버나잇오트밀 오나오 맛집 노길트클럽 포장 후기...,https://blog.naver.com/jnote99/224296953661
433940aecfe3f9c9,2026-05-31,송파,잠실새내 오버나잇오트밀 오나오 맛집 노길트클럽 포장 후기...,https://blog.naver.com/jnote99/224296953661
410509179f85b468,2026-05-31,강남,[반포동] 블루버터플라이(신세계백화점강남점) : 반미샌드위치...,https://blog.naver.com/rockview/224225394418
410509179f85b468,2026-05-31,서초,[반포동] 블루버터플라이(신세계백화점강남점) : 반미샌드위치...,https://blog.naver.com/rockview/224225394418
e712467a521b9439,2026-05-31,합정,[ 서울 /마포구] 망원동 연애때부터 다니던 곱창전골 맛집 _청어람,https://blog.naver.com/su_vlog/224297045401
e712467a521b9439,2026-05-31,망원,[ 서울 /마포구] 망원동 연애때부터 다니던 곱창전골 맛집 _청어람,https://blog.naver.com/su_vlog/224297045401
e712467a521b9439,2026-05-31,마포,[ 서울 /마포구] 망원동 연애때부터 다니던 곱창전골 맛집 _청어람,https://blog.naver.com/su_vlog/224297045401
b952db1cb3a7cb40,2026-05-31,강남,역삼동 맛집 쌍다리돼지불백,https://blog.naver.com/wisdomsun06/224288302865
b952db1cb3a7cb40,2026-05-31,역삼,역삼동 맛집 쌍다리돼지불백,https://blog.naver.com/wisdomsun06/224288302865
4c127d030470ef1c,2026-05-31,북촌,조앤도슨 광화문점에서 프렌치토스트와 밀크티 즐기기 :),https://blog.naver.com/10000lab-/224301433091
4c127d030470ef1c,2026-05-31,종로,조앤도슨 광화문점에서 프렌치토스트와 밀크티 즐기기 :),https://blog.naver.com/10000lab-/224301433091
4c127d030470ef1c,2026-05-31,인사동,조앤도슨 광화문점에서 프렌치토스트와 밀크티 즐기기 :),https://blog.naver.com/10000lab-/224301433091
4c127d030470ef1c,2026-05-31,광화문,조앤도슨 광화문점에서 프렌치토스트와 밀크티 즐기기 :),https://blog.naver.com/10000lab-/224301433091
cf88d692e6e37234,2026-05-31,서초,서초역 샐러드 점심 맛집 올라포케 혼밥하기 좋은 곳,https://blog.naver.com/kcleo529/224300225189
cf88d692e6e37234,2026-05-31,교대,서초역 샐러드 점심 맛집 올라포케 혼밥하기 좋은 곳,https://blog.naver.com/kcleo529/224300225189
d3b9dce2e7d56c0b,2026-05-31,강남,코엑스 샌드위치 맛집 더 키친 일뽀르노 코엑스몰점 화덕...,https://blog.naver.com/jiyun9702222/224300940073
d3b9dce2e7d56c0b,2026-05-31,코엑스,코엑스 샌드위치 맛집 더 키친 일뽀르노 코엑스몰점 화덕...,https://blog.naver.com/jiyun9702222/224300940073
9b25932aa4a13c7c,2026-05-31,한남동,이태원 맛집 쟈니덤플링 본관 웨이팅 주차,https://blog.naver.com/egggmayo/224299193577
9b25932aa4a13c7c,2026-05-31,이태원,이태원 맛집 쟈니덤플링 본관 웨이팅 주차,https://blog.naver.com/egggmayo/224299193577
48dfcdb00a096d00,2026-05-31,명동,명동거리 맛집 에서 맛본 특별한 무쇠판 삼겹살의 매력과 분위기,https://blog.naver.com/nitiedpdm768/224301410206
dc01bc4ba3809034,2026-05-31,종로,광장시장 맛집 전라도횟집 내돈내산 후기｜모둠회 2인 25...,https://blog.naver.com/oburi-/224301407518
07f9c6a15c8eafd3,2026-05-31,교대,교대역 맛집 고기 신선함 인상 깊었던 방문,https://blog.naver.com/jdkim8411/224301406822
f316562151314397,2026-05-31,종로,종로 맛집 노우즈에서 즐기는 담백한 양식,https://blog.naver.com/annpet/224301402368
5cb8a86eb9e805eb,2026-05-31,성수,"을지로 신상 맛집 백옥 을지로점, 돈복쟁반으로 든든하게 즐긴...",https://blog.naver.com/captain-suk/224301396935
5cb8a86eb9e805eb,2026-05-31,을지로,"을지로 신상 맛집 백옥 을지로점, 돈복쟁반으로 든든하게 즐긴...",https://blog.naver.com/captain-suk/224301396935
f1ecbf863e4fa7d5,2026-05-31,마포,고기 맛으로 찾은 공덕 맛집 재방문,https://blog.naver.com/yeachans/224301394970
f1ecbf863e4fa7d5,2026-05-31,공덕,고기 맛으로 찾은 공덕 맛집 재방문,https://blog.naver.com/yeachans/224301394970
70e1e5934b9de02c,2026-05-31,강남,기영이숯불두마리치킨 파주운정점 후기,https://blog.naver.com/wjdgus0730/224301392520
70e1e5934b9de02c,2026-05-31,파주,기영이숯불두마리치킨 파주운정점 후기,https://blog.naver.com/wjdgus0730/224301392520
df683b2f69302bde,2026-05-31,명동,서울 명동 고기집에서 즐긴 무쇠팬 김치삼겹살의 매력과 분위기,https://blog.naver.com/nelrmsosfh45291/224301391723
14bf2bd0a0e2df9b,2026-05-31,강남,파주 짬뽕 맛집 7번가짬뽕천국 후기,https://blog.naver.com/wjdgus0730/224301390975
14bf2bd0a0e2df9b,2026-05-31,파주,파주 짬뽕 맛집 7번가짬뽕천국 후기,https://blog.naver.com/wjdgus0730/224301390975
9eead721a0da4a75,2026-05-31,잠실,브루클린더버거조인트 잠실 후기,https://blog.naver.com/wjdgus0730/224301389714
9eead721a0da4a75,2026-05-31,강남,브루클린더버거조인트 잠실 후기,https://blog.naver.com/wjdgus0730/224301389714
4f58d2f0a3ba4d7c,2026-05-31,교대,혼밥으로 찾은 교대역 맛집 고기 품질,https://blog.naver.com/sallyowl14-/224301387357
46c60292e2174d74,2026-05-31,문래,뚝딱에서 맛본 문래 맛집 돼지고기 풍미,https://blog.naver.com/ssha4644/224301379261
ffb194e7b969ee01,2026-05-31,일산,"서울 돼지고기 맛집 , 옥탑방에서 즐기는 특별한 미나리 고기",https://blog.naver.com/aceggzz/224301372460
69e630132ecf138e,2026-05-31,종로,[종로 청계천]'탭샵바' 와인 맥주 가볍게 한잔 하기 좋은...,https://blog.naver.com/oingkuku/224295731374
69e630132ecf138e,2026-05-31,인사동,[종로 청계천]'탭샵바' 와인 맥주 가볍게 한잔 하기 좋은...,https://blog.naver.com/oingkuku/224295731374
0368510cf09a91de,2026-05-31,합정,서울 라멘 혼밥 맛집 추천 ! 토리 빠이탄 점심특선 가성비 최고,https://blog.naver.com/twozunhee/224301367438
0368510cf09a91de,2026-05-31,망원,서울 라멘 혼밥 맛집 추천 ! 토리 빠이탄 점심특선 가성비 최고,https://blog.naver.com/twozunhee/224301367438
0368510cf09a91de,2026-05-31,마포,서울 라멘 혼밥 맛집 추천 ! 토리 빠이탄 점심특선 가성비 최고,https://blog.naver.com/twozunhee/224301367438
0239485ccbdc9eaa,2026-05-31,홍대,서교동 홍대 맛집 추천 중국집 중식 혼밥 '짬뽕지존' 데이트...,https://blog.naver.com/youngandone4ever/224295849803
0239485ccbdc9eaa,2026-05-31,마포,서교동 홍대 맛집 추천 중국집 중식 혼밥 '짬뽕지존' 데이트...,https://blog.naver.com/youngandone4ever/224295849803
52c26fd2d5c74bbc,2026-05-31,파주,남가좌동에 상륙!! 열이 후끈후끈 닭칼국수 맛집 “파주닭국수”,https://blog.naver.com/2sky88_/224301346076
6addbe9d229e36fc,2026-05-31,문래,방문 후 기억난 문래 맛집 장점 정리,https://blog.naver.com/enejwl0305/224301344377
f39542a7c6b8e551,2026-05-31,성수,성수 맛집 고집132 육류 맛있게 먹은 날,https://blog.naver.com/mightydj71/224301341578
f39542a7c6b8e551,2026-05-31,뚝섬,성수 맛집 고집132 육류 맛있게 먹은 날,https://blog.naver.com/mightydj71/224301341578
f39542a7c6b8e551,2026-05-31,왕십리,성수 맛집 고집132 육류 맛있게 먹은 날,https://blog.naver.com/mightydj71/224301341578
643a74e5caff938c,2026-05-31,한남동,한남동 맛집 룸 이용으로 즐긴 고기 식감,https://blog.naver.com/qkrtks5543/224301334706
30b11e43768056a3,2026-05-31,한남동,한남동 맛집 한와담에서 본 소고기 맛,https://blog.naver.com/sws2660/224301333467
d711240f99510a8e,2026-05-31,파주,파주장단콩두부집 내돈내산 방문 솔직후기 서울 근교 맛집 ...,https://blog.naver.com/cha_rlie930/224301332076
c1b88ac772f6e4b6,2026-05-31,연남동,연남동 데이트 코스로 좋은 중화복춘 방문한 후기,https://blog.naver.com/mallang_pudding/224301318939
c1b88ac772f6e4b6,2026-05-31,홍대,연남동 데이트 코스로 좋은 중화복춘 방문한 후기,https://blog.naver.com/mallang_pudding/224301318939
1f1dee3039550126,2026-05-31,양재,"[올림픽공원] 신선하고 맛있는 숨은 초밥 맛집 , <로지스시>",https://blog.naver.com/jellyfish_s/224301306998
1f1dee3039550126,2026-05-31,송파,"[올림픽공원] 신선하고 맛있는 숨은 초밥 맛집 , <로지스시>",https://blog.naver.com/jellyfish_s/224301306998
1f1dee3039550126,2026-05-31,올림픽공원,"[올림픽공원] 신선하고 맛있는 숨은 초밥 맛집 , <로지스시>",https://blog.naver.com/jellyfish_s/224301306998
fae70900cb74fff3,2026-05-31,홍대,홍대입구역 코엔 솔직후기,https://blog.naver.com/knightdia2/224301304467
fae70900cb74fff3,2026-05-31,마포,홍대입구역 코엔 솔직후기,https://blog.naver.com/knightdia2/224301304467
529737de76f4e404,2026-05-31,신사,신사역 쪽갈비 육질과 숙성도 확인하는 방법 정리,https://blog.naver.com/jawtoy289s/224301301023
7778681ad30a9620,2026-05-31,용산,서울 용산 카페 | TART 티에이알티,https://blog.naver.com/jovely0/224301300293
1b520e0741f38d19,2026-05-31,사당,회식 장소 추천 서울 3대족발 사당 족발 맛집 만족오향족발...,https://blog.naver.com/babmukja_/224301296695
fd827294413d863b,2026-05-31,압구정,압구정 양대창 맛집 연타발 압구정점 | 아도르 (Adore) 초콜릿...,https://blog.naver.com/bins9599/224301295455
c297a544f7edfaa3,2026-05-31,광화문,"종각역 베이커리 카페 추천, 루브르바게트 그랑 서울 점 빵 맛집 ...",https://blog.naver.com/59_couple/224301267721
8a6cf5f60dda8e1d,2026-05-31,마포,조용히 비가 내리면 더 생각나는 전국 막걸리 맛집 5,https://blog.naver.com/am9-25/224296214038
8a6cf5f60dda8e1d,2026-05-31,공덕,조용히 비가 내리면 더 생각나는 전국 막걸리 맛집 5,https://blog.naver.com/am9-25/224296214038
fd8d6b902f6d935b,2026-05-31,을지로,을지로 야장 맛집 모아식품,https://blog.naver.com/yum_93/224301293859
a962cbddbeab65e9,2026-05-31,강남,대치동 프리미엄 수제 케이크 한티역 디저트 맛집 추천 모너트,https://blog.naver.com/mukzzangsong/224301291168
a962cbddbeab65e9,2026-05-31,선릉,대치동 프리미엄 수제 케이크 한티역 디저트 맛집 추천 모너트,https://blog.naver.com/mukzzangsong/224301291168
b44ca05a89b4bc1f,2026-05-31,강남,강남 코엑스 맛집 솥내음 스타필드 코엑스몰점 한우대창 솥밥...,https://blog.naver.com/qls0816/224301283304
b44ca05a89b4bc1f,2026-05-31,삼성,강남 코엑스 맛집 솥내음 스타필드 코엑스몰점 한우대창 솥밥...,https://blog.naver.com/qls0816/224301283304
b44ca05a89b4bc1f,2026-05-31,코엑스,강남 코엑스 맛집 솥내음 스타필드 코엑스몰점 한우대창 솥밥...,https://blog.naver.com/qls0816/224301283304
f9a1a144386bb1e5,2026-05-31,종로,부모님 모시고 가면 무조건 칭찬받는 훈제오리고기 맛집 4,https://blog.naver.com/am9-25/224296124269
f9a1a144386bb1e5,2026-05-31,인천,부모님 모시고 가면 무조건 칭찬받는 훈제오리고기 맛집 4,https://blog.naver.com/am9-25/224296124269
0b615e9320f0146c,2026-05-31,건대,건대입구 양꼬치 맛집 동북풍미양꼬치 다녀왔어요~,https://blog.naver.com/susulog486/224301020361
d4eecdece235a069,2026-05-31,잠실,부산에서 줄 서 먹던 미슐랭 돼지국밥이 잠실에? 미쉐린...,https://blog.naver.com/sunnydays_you/224301280578
d4eecdece235a069,2026-05-31,부산,부산에서 줄 서 먹던 미슐랭 돼지국밥이 잠실에? 미쉐린...,https://blog.naver.com/sunnydays_you/224301280578
c639158584d4fa0b,2026-05-31,강남,[내돈내산]강민경도 인정한 수제버거 맛집 ! 강남 데일리픽스...,https://blog.naver.com/lovely_2102/224301280672
46a8069ea0d784ca,2026-05-31,여의도,더현대 맛집 분식 즉석떡볶이 현선이네 프리미엄 IFC몰점,https://blog.naver.com/mamon555/224301278403
46a8069ea0d784ca,2026-05-31,더현대서울,더현대 맛집 분식 즉석떡볶이 현선이네 프리미엄 IFC몰점,https://blog.naver.com/mamon555/224301278403
4c50141e7e967fbc,2026-05-31,사당,서울 사당역 맛집 맘스터치LAB사당역점 파스텔시티 맛집,https://blog.naver.com/chleodml1004/224301277304
d7d006de8c9a7321,2026-05-30,춘천,중계 맛집 ‘춘천왕닭갈비’,https://blog.naver.com/wlsgml0579/224301275962
1b780788f66ae04b,2026-05-30,광화문,종각역 규카츠 일식 맛집 이치규｜한입 베어 무니 육즙 터지는...,https://blog.naver.com/naltok0723/224301266979
63508ad12911db47,2026-05-30,시청,시청역 칼국수 맛집 진미칼국수 덕수궁점 바지락칼국수 내돈내산,https://blog.naver.com/jooogooo3/224301261798
4985a3f85518991b,2026-05-30,용산,용산 삼각지 몽탄 우대갈비 맛집 평일 오픈런 웨이팅 후기,https://blog.naver.com/wa-ang/224301261487
9e98d655c3676c8f,2026-05-30,천호,애슐리 천호점 주차 무료 방법 / 올데이 199 후기,https://blog.naver.com/promisehappy931/224301257303
e9ea2f8881007574,2026-05-30,일산,"서울 역촌동 맛집 , 특별한 가족 외식의 정석 옥탑방",https://blog.naver.com/ting777-/224301255667
00789507a8390b4c,2026-05-30,문래,"문래, 발원지 (카공 카페 추천 | 신도림 카페 | 메뉴)",https://blog.naver.com/h2_ka/224301254821
74412d6587a89660,2026-05-30,한남동,"서울 한남동 돈까스, 밥한끼",https://blog.naver.com/hiiyane/224301251909
1ff6e8ea2fdeca24,2026-05-30,강남,[신사역 평양냉면 맛집 ] 의정부 평양면옥 신사점 외식 후기,https://blog.naver.com/healing-rattan/224301251404
1ff6e8ea2fdeca24,2026-05-30,신사,[신사역 평양냉면 맛집 ] 의정부 평양면옥 신사점 외식 후기,https://blog.naver.com/healing-rattan/224301251404
1ff6e8ea2fdeca24,2026-05-30,의정부,[신사역 평양냉면 맛집 ] 의정부 평양면옥 신사점 외식 후기,https://blog.naver.com/healing-rattan/224301251404
34562150bd338b6c,2026-05-30,용산,남영역 맛집 토마라멘 숙대졸업생 추천 데이트코스,https://blog.naver.com/constpp/224301250176
9219472870d46f1f,2026-05-30,강남,"[신사역 맛집 ] 평양냉면 마니아들의 성지, '의정부 평양면옥...",https://blog.naver.com/12dalstory_rattan/224301246069
9219472870d46f1f,2026-05-30,신사,"[신사역 맛집 ] 평양냉면 마니아들의 성지, '의정부 평양면옥...",https://blog.naver.com/12dalstory_rattan/224301246069
9219472870d46f1f,2026-05-30,서초,"[신사역 맛집 ] 평양냉면 마니아들의 성지, '의정부 평양면옥...",https://blog.naver.com/12dalstory_rattan/224301246069
9219472870d46f1f,2026-05-30,의정부,"[신사역 맛집 ] 평양냉면 마니아들의 성지, '의정부 평양면옥...",https://blog.naver.com/12dalstory_rattan/224301246069
c050348dc0c0267f,2026-05-30,강남,다비드바,https://blog.naver.com/davidchae_/224301245292
15d1a91670295cf3,2026-05-30,을지로,"을지로3가역, 일본 감성 낭낭한 일식당에서 카레 먹은 후기",https://blog.naver.com/vivi_type/224301245031
5773438c3e5cc18c,2026-05-30,광화문,"[ 서울 |광화문,시청] 전현무계획에 소개된 한식 맛집 , 오양식관...",https://blog.naver.com/jaechaegiii/224301237840
5773438c3e5cc18c,2026-05-30,시청,"[ 서울 |광화문,시청] 전현무계획에 소개된 한식 맛집 , 오양식관...",https://blog.naver.com/jaechaegiii/224301237840
5de893d583165126,2026-05-30,마곡,"양천향교역 훈장만두, 바쁜 직장인 점심 해결!",https://blog.naver.com/dh334525/224301236968
1dbb1897bdf6c43f,2026-05-30,강남,뜨라또리아 샘킴 방문 후기(디너 셰프 테이스팅 코스),https://blog.naver.com/kimddomi_/224301236122
b0136d6a94429a04,2026-05-30,용산,"1350만원 럭셔리 한옥호텔에서 즐긴 미식의 정점, 몬토...",https://blog.naver.com/o222222_/224301233294
c7a3c57615e98592,2026-05-30,서초,무드 서울 Mood Seoul,https://blog.naver.com/mouse_636/224301228547
52cb53035a0c7344,2026-05-30,마포,마포역 맛집 세모두부 디너코스 후기 두부요리 코스가...,https://blog.naver.com/carpediem-elin/224301225549
128384185225ec5e,2026-05-30,여의도,"더현대 서울맛집 우니도 더현대서울: 카이센동, 카니미소구이...",https://blog.naver.com/cocoagirl77/224301224348
128384185225ec5e,2026-05-30,더현대서울,"더현대 서울맛집 우니도 더현대서울: 카이센동, 카니미소구이...",https://blog.naver.com/cocoagirl77/224301224348
37c896bff6b72cb1,2026-05-30,문래,문래 맛집 엉클피자 분위기 좋은 데이트 코스,https://blog.naver.com/minie30/224301221569
917c312705e6eb12,2026-05-30,을지로,을지로] 종로3가역 고기 맛집 < 진주대박집>,https://blog.naver.com/yesooook/224301219818
917c312705e6eb12,2026-05-30,종로,을지로] 종로3가역 고기 맛집 < 진주대박집>,https://blog.naver.com/yesooook/224301219818
50f98977687132ea,2026-05-30,일산,[역촌동돼지고기] 솔직후기! 서울 은평구 옥탑방의 특별한 고깃집,https://blog.naver.com/hanseo9908/224301217624
87ffa806cc48dbc3,2026-05-30,종로,"광화문 일식 맛집 일품, 모듬초밥이랑 아부리동 솔직 후기",https://blog.naver.com/jinlogue/224301217118
87ffa806cc48dbc3,2026-05-30,광화문,"광화문 일식 맛집 일품, 모듬초밥이랑 아부리동 솔직 후기",https://blog.naver.com/jinlogue/224301217118
ca2cfce0ef1482ec,2026-05-30,마포,[ 서울 맛집 ] 마포에서 먹는 시원한 냉면 맛집 '산까치냉면',https://blog.naver.com/woolucke/224301216038
ccb971590b1b47f3,2026-05-30,성수,성수 맛집 차백도 성수점에 다녀왔습니다!!,https://blog.naver.com/kimhj8702/224301211155
4833611949458b93,2026-05-30,잠실,[ 서울 군자&잠실/인천 송도&강화도/충남 서산 맛집 ] 5주 동안...,https://blog.naver.com/eunjji-/224301207898
4833611949458b93,2026-05-30,인천,[ 서울 군자&잠실/인천 송도&강화도/충남 서산 맛집 ] 5주 동안...,https://blog.naver.com/eunjji-/224301207898
4833611949458b93,2026-05-30,송도,[ 서울 군자&잠실/인천 송도&강화도/충남 서산 맛집 ] 5주 동안...,https://blog.naver.com/eunjji-/224301207898
d72c67defc680e0c,2026-05-30,용산,서울 용산 용리단길 데이트 맛집 추천｜유럽 골목 감성의...,https://blog.naver.com/j_o2_f/224301203829
414ab9540edf7017,2026-05-30,종로,"광장시장 먹거리 투어 후기, 줄 서서 먹은 맛집 4곳",https://blog.naver.com/yellowbabo/224301203451
414ab9540edf7017,2026-05-30,동대문,"광장시장 먹거리 투어 후기, 줄 서서 먹은 맛집 4곳",https://blog.naver.com/yellowbabo/224301203451
98503c74b595cb09,2026-05-30,강남,[구미곱창 신사본점]가로수길 맛집 추천 곱창이 땡길때 딱,https://blog.naver.com/kmj7865/224301203762
98503c74b595cb09,2026-05-30,신사,[구미곱창 신사본점]가로수길 맛집 추천 곱창이 땡길때 딱,https://blog.naver.com/kmj7865/224301203762
98503c74b595cb09,2026-05-30,가로수길,[구미곱창 신사본점]가로수길 맛집 추천 곱창이 땡길때 딱,https://blog.naver.com/kmj7865/224301203762
75298a254b4ec673,2026-05-30,코엑스,양천구 곱창전골 제이스팟 마곡코엑스점 신방화역 회식 솔직후기,https://blog.naver.com/leemye_/224301198399
75298a254b4ec673,2026-05-30,마곡,양천구 곱창전골 제이스팟 마곡코엑스점 신방화역 회식 솔직후기,https://blog.naver.com/leemye_/224301198399
2b2358743c1c9eb8,2026-05-30,종로,"종각역 맛집 , 종로 맛집 , 할머니의 깊은 내공으로 우려낸...",https://blog.naver.com/dunge35/224301197548
adda0784a1809a5b,2026-05-30,해방촌,[ 서울맛집 ] 해방촌 데이트 루프탑 맛집 코브바,https://blog.naver.com/worwor0001/224301195343
adda0784a1809a5b,2026-05-30,남산,[ 서울맛집 ] 해방촌 데이트 루프탑 맛집 코브바,https://blog.naver.com/worwor0001/224301195343
05e582a2c03c8956,2026-05-30,홍대,망원. 동대문. 구리,https://blog.naver.com/jja010943/224301194769
05e582a2c03c8956,2026-05-30,망원,망원. 동대문. 구리,https://blog.naver.com/jja010943/224301194769
05e582a2c03c8956,2026-05-30,동대문,망원. 동대문. 구리,https://blog.naver.com/jja010943/224301194769
05e582a2c03c8956,2026-05-30,구리,망원. 동대문. 구리,https://blog.naver.com/jja010943/224301194769
117c5babfcf3d794,2026-05-30,을지로,위치 메뉴 총정리｜태국 대사 추천 태국요리 맛집 방문 가이드,https://blog.naver.com/towb1000/224301190476
117c5babfcf3d794,2026-05-30,명동,위치 메뉴 총정리｜태국 대사 추천 태국요리 맛집 방문 가이드,https://blog.naver.com/towb1000/224301190476
f3e0f0c832c34a90,2026-05-30,서초,교대역 맛집 목연 서초동 한우 오마카세 후기,https://blog.naver.com/okim_blog/224301188065
f3e0f0c832c34a90,2026-05-30,교대,교대역 맛집 목연 서초동 한우 오마카세 후기,https://blog.naver.com/okim_blog/224301188065
9830f267921a569d,2026-05-30,용산,[신용산 맛집 ] 당스: 햇살이 잘 드는 프렌치 토스트가 맛있는...,https://blog.naver.com/osz88/224301187117
751ec20bc8aaafab,2026-05-30,서촌,"서울 여행 3일차: 혜화... 대학로,이화마을,광화문광장,서촌 맛집 ...",https://blog.naver.com/160_9_co_kr/224301184227
751ec20bc8aaafab,2026-05-30,광화문,"서울 여행 3일차: 혜화... 대학로,이화마을,광화문광장,서촌 맛집 ...",https://blog.naver.com/160_9_co_kr/224301184227
751ec20bc8aaafab,2026-05-30,혜화,"서울 여행 3일차: 혜화... 대학로,이화마을,광화문광장,서촌 맛집 ...",https://blog.naver.com/160_9_co_kr/224301184227
751ec20bc8aaafab,2026-05-30,대학로,"서울 여행 3일차: 혜화... 대학로,이화마을,광화문광장,서촌 맛집 ...",https://blog.naver.com/160_9_co_kr/224301184227
ea549e3dc56aa439,2026-05-30,서초,"[ 양재동]한국순대 본점 - 양재역 전통의 강자, 말죽거리 맛집",https://blog.naver.com/harden00/224301180267
ea549e3dc56aa439,2026-05-30,양재,"[ 양재동]한국순대 본점 - 양재역 전통의 강자, 말죽거리 맛집",https://blog.naver.com/harden00/224301180267
0303e18c7fae6192,2026-05-30,용산,용산 맛집 “돌판장” 내돈내산 솔직후기 : 분위기는 최고!...,https://blog.naver.com/230708gw/224301175873
f99a8d3f2772d79f,2026-05-30,동대문,2026 서울 관광 푸드 페스티벌 - PICNIC ON THE BRIDGE,https://blog.naver.com/tabloidstep/224301169548
ce9ef22c8d0651c5,2026-05-30,홍대,"홍대 봉림대패 후기｜소주 맥주 3,500원? 가성비에 놀라고...",https://blog.naver.com/jbong425/224301168886
3110275ba68c4777,2026-05-30,서촌,경복궁역 서촌 숙성돼지고기 맛집 '양탄집 서촌 본점',https://blog.naver.com/yyyyy9720/224301165889
3110275ba68c4777,2026-05-30,종로,경복궁역 서촌 숙성돼지고기 맛집 '양탄집 서촌 본점',https://blog.naver.com/yyyyy9720/224301165889
da026636f56ee6fa,2026-05-30,강남,[강남/역삼동] 강남에서 맛있는 즉석떡볶이를 맛볼 수 있는...,https://blog.naver.com/mmiinn95/224301163467
da026636f56ee6fa,2026-05-30,역삼,[강남/역삼동] 강남에서 맛있는 즉석떡볶이를 맛볼 수 있는...,https://blog.naver.com/mmiinn95/224301163467
e471bf0ed03af9a7,2026-05-30,사당,[후기/ 맛집 ] 워낭... 사당역 데이트 맛집 '워낭' 5가지 매력,https://blog.naver.com/danhae_hobby/224301163652
bd351a6d8e77ba98,2026-05-30,용산,"용산 파스타 맛집 오스테리아 이아드 용산, 분위기까지...",https://blog.naver.com/iclick62/224301160987
db42c7ab7c71f547,2026-05-30,명동,명동 훠궈 맛집 / 용가회전훠궈 / 1인훠궈 / 내돈내산,https://blog.naver.com/yeodeang/224301157588
8e5f7b7b3987bbd0,2026-05-30,사당,"사당역 소고기 맛집 우담정, 비싸긴 한데 또 가고 싶은 한우집",https://blog.naver.com/stellure/224301156122
8e5f7b7b3987bbd0,2026-05-30,방배,"사당역 소고기 맛집 우담정, 비싸긴 한데 또 가고 싶은 한우집",https://blog.naver.com/stellure/224301156122
4b057da01f433a31,2026-05-30,성수,[ 서울 맛집 ] 성수 분위기 좋은 파스타 맛집 / 와인바 리타르단도,https://blog.naver.com/hyeg_seo/224301156151
d87adb460420daaf,2026-05-30,강동,"(명일동 명일돈)내가 안 구우니 편하고, 촉촉한 돼지 육즙에...",https://blog.naver.com/feelbuying/224301155564
624f86bc8a69f202,2026-05-30,강남,맛집 :: ️ 은행골 강남역점,https://blog.naver.com/amy7623/224301151965
7a33ca3b410a3944,2026-05-30,잠실,잠실술집 건강한 재료들 본연의 맛을 제대로 살린 한식주점...,https://blog.naver.com/yjhd2020/224301148326
d1b08a799b24917a,2026-05-30,신사,서울 서초구 잠원동 소바 맛집 다락소바 내돈내산 솔직후기...,https://blog.naver.com/j_o2_f/224301147526
d1b08a799b24917a,2026-05-30,서초,서울 서초구 잠원동 소바 맛집 다락소바 내돈내산 솔직후기...,https://blog.naver.com/j_o2_f/224301147526
97f0c15ad096fe2a,2026-05-30,용산,용산 맛집 몽탄 우대갈비 후기 예약 필수인 웨이팅 맛집,https://blog.naver.com/rkdgodls1016/224301146437
a2d402b9070c1108,2026-05-30,용산,용산역 부대찌개 맛집 찾는다면? 국제회관에서 햄폭탄 제대로...,https://blog.naver.com/ehd45741/224301138316
518c5b50f140cfc1,2026-05-30,마곡,맛집 후기 I 호치민 현지 느낌 가득한 서울 강서 마곡 쌀국수 맛집,https://blog.naver.com/eucalyptour/224301135156
7f5214cc458db7ee,2026-05-30,혜화,혜화 데이트 혜화 연극 보고 가기 좋은 맛집 추천 혜화쭈꾸미...,https://blog.naver.com/nyang165/224301135455
7f5214cc458db7ee,2026-05-30,대학로,혜화 데이트 혜화 연극 보고 가기 좋은 맛집 추천 혜화쭈꾸미...,https://blog.naver.com/nyang165/224301135455
e035362b9c4baf8e,2026-05-30,압구정,"역대급 식당 | 미슐랭 맛집 뉴만두집(웨이팅, 포장, 주차, 메뉴)",https://blog.naver.com/guri3210/224301130482
e035362b9c4baf8e,2026-05-30,청담,"역대급 식당 | 미슐랭 맛집 뉴만두집(웨이팅, 포장, 주차, 메뉴)",https://blog.naver.com/guri3210/224301130482
9dcfb1c092245370,2026-05-30,마포,맛보기_ 서울 _마포구_우노네(파스타),https://blog.naver.com/danellpark/224301126853
9dcfb1c092245370,2026-05-30,상암,맛보기_ 서울 _마포구_우노네(파스타),https://blog.naver.com/danellpark/224301126853
281b35b835da4126,2026-05-30,연남동,[음무아] 연남동 - 뇨끼 파스타 데이트 레스토랑 후기,https://blog.naver.com/uneju_/224301125803
281b35b835da4126,2026-05-30,홍대,[음무아] 연남동 - 뇨끼 파스타 데이트 레스토랑 후기,https://blog.naver.com/uneju_/224301125803
281b35b835da4126,2026-05-30,마포,[음무아] 연남동 - 뇨끼 파스타 데이트 레스토랑 후기,https://blog.naver.com/uneju_/224301125803
cbf800ec082f973f,2026-05-30,신촌,"신촌 고기 맛집 끼로끼로부엉이, 가성비 좋은 참숯 소갈비살 맛집",https://blog.naver.com/colaboy10/224301124275
8e3a073b0e2d25b5,2026-05-30,남산,https://blog.naver.com/dawn9_/224301122178,https://blog.naver.com/dawn9_/224301122178
0e23876a90476e43,2026-05-30,종로,데이트 규카스 맛집 찾는다면 이치규 광화문점 광화문 맛집 점심,https://blog.naver.com/04230_/224301118009
0e23876a90476e43,2026-05-30,광화문,데이트 규카스 맛집 찾는다면 이치규 광화문점 광화문 맛집 점심,https://blog.naver.com/04230_/224301118009
814c65fb495cc286,2026-05-30,성수,[성수 맛집 ] 쫄깃탱탱한 자가제면 우동 맛집 ! ‘도도한면...,https://blog.naver.com/come_and_enjoy/224301117634
ff7de9316f57f74c,2026-05-30,이태원,이태원 키에리 내돈내산,https://blog.naver.com/o077777/224301116225
4359402f5ddcbe25,2026-05-30,왕십리,요즘 물가에 이 가격 실화? 왕십리 춘향미엔 방문기,https://blog.naver.com/nor_park_realestate/224301115935
d42180613552bf73,2026-05-30,천호,"[천호 나마텐야] 천호 맛집 , 천호 이자카야, 천호 술집",https://blog.naver.com/seohee4224-/224301112470
dc410d275bc29361,2026-05-30,동대문,"동대문 해남낙지 솔직후기! 낙지볶음 맛은 인정, 양은 살짝 아쉬움",https://blog.naver.com/metaltrip/224301112132
1b5f7c4a9fbd8ba0,2026-05-30,광화문,[광화문 덕후선생] 초여름 중국냉면 맛집 _내돈내산,https://blog.naver.com/iloveny7437/224301109128
daef0dac810728e5,2026-05-30,여의도,여의도 베이글 맛집 | 포비(FOURB) 직접 가봤어요,https://blog.naver.com/bettercallb/224301108965
52e342925901349b,2026-05-30,신촌,연세대 맛집 세브란스병원 구내 식당 수제버거 맛집 바스버거,https://blog.naver.com/rejoice98/224301100330
0f06bd1cc56e1a9b,2026-05-30,강남,"화려한 기교 대신 식재료 본연의 가치로 승부하는 곳, 면 서울",https://blog.naver.com/sblue183/224301098827
23d45a7f5caad55b,2026-05-30,용산,신용산역 아이파크몰 맛집 구경하다 선택한 다이너메이트...,https://blog.naver.com/sujan1370/224301097735
2f7e41b8c2acc2c8,2026-05-30,동대문,[ 서울 /동대문] 야장테이블에서... 찐찐 맛집 용두동...,https://blog.naver.com/2hxxm2/224301096382
38857503aa7b12af,2026-05-30,사당,추천 | 프라이빗한 사당룸 한식주점 하제 사당사시미 맛집,https://blog.naver.com/teddycherry1207/224301095043
82dc300b2d84377a,2026-05-30,대구,81,https://blog.naver.com/9x__b/224301088528
aab18bb392cfdcfe,2026-05-30,종로,"서울 생갈비 맛집 | 종로 동묘갈비 한돈 생갈비, 삼겹살...",https://blog.naver.com/jjjeoming/224301042984
b1e5b9fe6c9024be,2026-05-30,연남동,"연남동 일식 맛집 종로돈부리 연남, 사케동에 생맥주까지 완벽",https://blog.naver.com/icando1996/224301085516
b1e5b9fe6c9024be,2026-05-30,종로,"연남동 일식 맛집 종로돈부리 연남, 사케동에 생맥주까지 완벽",https://blog.naver.com/icando1996/224301085516
b1e5b9fe6c9024be,2026-05-30,마포,"연남동 일식 맛집 종로돈부리 연남, 사케동에 생맥주까지 완벽",https://blog.naver.com/icando1996/224301085516
063eb1e6cdbc348a,2026-05-30,일산,역촌 맛집 : 특별한 외식의 상징 옥탑방에서 고기와 미나리의...,https://blog.naver.com/zt3ha2t5110/224301083935
a24fee9171837059,2026-05-30,동대문,신설동 맛집 가야회참치 참치... 하는 신설동참치 맛집 후기✨,https://blog.naver.com/chocobee_-/224301078009
82bb2c6d4104f655,2026-05-30,여의도,더현대 테이스티 서울 팝업스토어 돌하르밥 모찌모찌...,https://blog.naver.com/youngs-mama/224301076340
82bb2c6d4104f655,2026-05-30,더현대서울,더현대 테이스티 서울 팝업스토어 돌하르밥 모찌모찌...,https://blog.naver.com/youngs-mama/224301076340
ea77810dcb6c4e34,2026-05-30,여수,안동LED라이트 예천LED라이트 상주LED라이트...,https://blog.naver.com/minjong0816/224301073243
ea77810dcb6c4e34,2026-05-30,부산,안동LED라이트 예천LED라이트 상주LED라이트...,https://blog.naver.com/minjong0816/224301073243
ea77810dcb6c4e34,2026-05-30,제주,안동LED라이트 예천LED라이트 상주LED라이트...,https://blog.naver.com/minjong0816/224301073243
ea77810dcb6c4e34,2026-05-30,경주,안동LED라이트 예천LED라이트 상주LED라이트...,https://blog.naver.com/minjong0816/224301073243
ea77810dcb6c4e34,2026-05-30,포항,안동LED라이트 예천LED라이트 상주LED라이트...,https://blog.naver.com/minjong0816/224301073243
ea77810dcb6c4e34,2026-05-30,대구,안동LED라이트 예천LED라이트 상주LED라이트...,https://blog.naver.com/minjong0816/224301073243
3e9b9d27cfeb76d4,2026-05-30,여의도,여의도 더현대 서울 한식 맛집 회식하기 좋은 무안회관 여의도점,https://blog.naver.com/hane1982/224301071850
3e9b9d27cfeb76d4,2026-05-30,더현대서울,여의도 더현대 서울 한식 맛집 회식하기 좋은 무안회관 여의도점,https://blog.naver.com/hane1982/224301071850
7a40cf3c12e27978,2026-05-30,을지로,[ 서울 - 맛집 ] 한식의 신세계 '을지로 보석' 디너 코스 솔직 후기...,https://blog.naver.com/dodospace/224301071408
84aa5980f5a2eca4,2026-05-30,종로,서울 종로 맛집 대련집 풍자 또간집 노포 칼국수 보쌈 추천!,https://blog.naver.com/azflask/224301070185
689b1d95faaa941c,2026-05-30,홍대,홍대 정성옥 소주 888원 이벤트 (~6/30),https://blog.naver.com/hotdealmap/224301070052
689b1d95faaa941c,2026-05-30,가로수길,홍대 정성옥 소주 888원 이벤트 (~6/30),https://blog.naver.com/hotdealmap/224301070052
689b1d95faaa941c,2026-05-30,인천,홍대 정성옥 소주 888원 이벤트 (~6/30),https://blog.naver.com/hotdealmap/224301070052
53fbd2fd445ea371,2026-05-30,한남동,서울 한남동 맛집 : 오사한남 후기 ! 비싸고 맛있다,https://blog.naver.com/jangdool2/224301069349
b5caa123868af3f3,2026-05-30,문래,문래동 숨은 횟집에서 맛본 신선한 회와 가성비 최고의 만족감,https://blog.naver.com/restroom6483/224301066102
96c0545df5bf277e,2026-05-30,서촌,정통 스위스 가정집 라 스위스 서촌 내돈내산 솔직후기,https://blog.naver.com/yejin4752/224301062190
96c0545df5bf277e,2026-05-30,종로,정통 스위스 가정집 라 스위스 서촌 내돈내산 솔직후기,https://blog.naver.com/yejin4752/224301062190
a51e9f6ec68082db,2026-05-30,연남동,[연남토마 북촌점] 완전 만족한 식당,https://blog.naver.com/dada3229-/224301060724
a51e9f6ec68082db,2026-05-30,안국,[연남토마 북촌점] 완전 만족한 식당,https://blog.naver.com/dada3229-/224301060724
a51e9f6ec68082db,2026-05-30,북촌,[연남토마 북촌점] 완전 만족한 식당,https://blog.naver.com/dada3229-/224301060724
a51e9f6ec68082db,2026-05-30,종로,[연남토마 북촌점] 완전 만족한 식당,https://blog.naver.com/dada3229-/224301060724
0639518ca3421528,2026-05-30,남산,목멱산방 남산타워점,https://blog.naver.com/rmkimhs/224300037038
584df9013f190d89,2026-05-30,역삼,[ 서울 용산역삼겹살] 남산집,https://blog.naver.com/ococ400/224301058646
584df9013f190d89,2026-05-30,용산,[ 서울 용산역삼겹살] 남산집,https://blog.naver.com/ococ400/224301058646
584df9013f190d89,2026-05-30,남산,[ 서울 용산역삼겹살] 남산집,https://blog.naver.com/ococ400/224301058646
36b5f216392f776c,2026-05-30,강남,강남 맛집 찾는다면? 점심부터 회식까지 만족했던 오봉집...,https://blog.naver.com/s____e_m/224301054538
a3e49d6367bdee76,2026-05-30,양재,"양재동 초여름 산책 코스 – 퀴숑82, 더블디, 훌훌까지...",https://blog.naver.com/withnimno1/224301051756
77b480b7b98a8886,2026-05-30,여의도,더현대 서울맛집 우니도 여의도 일식 맛집 추천 시그니처...,https://blog.naver.com/pawji09/224301044267
77b480b7b98a8886,2026-05-30,더현대서울,더현대 서울맛집 우니도 여의도 일식 맛집 추천 시그니처...,https://blog.naver.com/pawji09/224301044267
5531d2c5211fbfd7,2026-05-30,강남,청담동 구석 보물처럼 있는 자연산 세꼬시 전문 잡어향기,https://blog.naver.com/thinkmeatjam/224301040354
5531d2c5211fbfd7,2026-05-30,청담,청담동 구석 보물처럼 있는 자연산 세꼬시 전문 잡어향기,https://blog.naver.com/thinkmeatjam/224301040354
960866996553d2c7,2026-05-30,서초,"양재역 안주 맛집 , 진여사댁 치즈감자채전 수육 후기",https://blog.naver.com/designvista/224301036540
960866996553d2c7,2026-05-30,양재,"양재역 안주 맛집 , 진여사댁 치즈감자채전 수육 후기",https://blog.naver.com/designvista/224301036540
2b4cbf14049eedf9,2026-05-30,서촌,"다녀온 후기, 풍자 또간집 나온 잔치국수 맛집",https://blog.naver.com/ijuh6012/224301036724
2b4cbf14049eedf9,2026-05-30,종로,"다녀온 후기, 풍자 또간집 나온 잔치국수 맛집",https://blog.naver.com/ijuh6012/224301036724
ad52ef40fe90c0bb,2026-05-30,용산,대박 반전! 강원도 홍천 몽고몽고 글램핑장 갔다가 깜짝...,https://blog.naver.com/mir1007232/224301035777
d3ebbd74df3b75c5,2026-05-30,홍대,홍대 양식구옥 솔직후기｜분위기 좋은 홍대 양식 맛집,https://blog.naver.com/yumyum311/224301034107
c1167729d8820581,2026-05-30,종로,"만리지화, 장어 한 점에 담긴 여유로운 점심 /내돈내산",https://blog.naver.com/whitea20/224301032624
c1167729d8820581,2026-05-30,광화문,"만리지화, 장어 한 점에 담긴 여유로운 점심 /내돈내산",https://blog.naver.com/whitea20/224301032624
c902a4fd44794482,2026-05-30,종로,서울 종로 광화문 트러플짜장면이 유명한 중식 맛집 [무탄],https://blog.naver.com/khn5171/224301027996
c902a4fd44794482,2026-05-30,광화문,서울 종로 광화문 트러플짜장면이 유명한 중식 맛집 [무탄],https://blog.naver.com/khn5171/224301027996
3089af670ddc50cd,2026-05-30,강남,[강남/압구정로데오역] 보보식당 흑백요리사2 맛집 중식 압구정...,https://blog.naver.com/comatdragon/224301023720
3089af670ddc50cd,2026-05-30,압구정,[강남/압구정로데오역] 보보식당 흑백요리사2 맛집 중식 압구정...,https://blog.naver.com/comatdragon/224301023720
bfe5a88054b1f9eb,2026-05-30,혜화,"혜화 맛집 돈까스 추천, 메종아카이에서 즐긴 완벽한 한 끼",https://blog.naver.com/iclick62/224301017659
bfe5a88054b1f9eb,2026-05-30,대학로,"혜화 맛집 돈까스 추천, 메종아카이에서 즐긴 완벽한 한 끼",https://blog.naver.com/iclick62/224301017659
28b8df26d1b67ddd,2026-05-30,용산,[ 서울 삼각지한식주점] 주도락,https://blog.naver.com/ococ400/224301016652
d90a27c9f7bcc090,2026-05-30,강남,비 오는 날에 가기 딱 좋은 역삼역 전집 전집 가자 모둠전 후기,https://blog.naver.com/woojong1_/224295215794
d90a27c9f7bcc090,2026-05-30,역삼,비 오는 날에 가기 딱 좋은 역삼역 전집 전집 가자 모둠전 후기,https://blog.naver.com/woojong1_/224295215794
4157fd25161238c9,2026-05-30,신사,압구정역찐 맛집 보슬보슬... 완벽했던 압구정역 3번출구 맛집,https://blog.naver.com/olqmsdl296/224301010417
4157fd25161238c9,2026-05-30,압구정,압구정역찐 맛집 보슬보슬... 완벽했던 압구정역 3번출구 맛집,https://blog.naver.com/olqmsdl296/224301010417
1be756946b997f39,2026-05-30,잠실,"방이시장 닭강정 맛집 닭강정아 별관, 올림픽공원 맛집 으로...",https://blog.naver.com/kjwnim7/224301007422
1be756946b997f39,2026-05-30,송파,"방이시장 닭강정 맛집 닭강정아 별관, 올림픽공원 맛집 으로...",https://blog.naver.com/kjwnim7/224301007422
1be756946b997f39,2026-05-30,올림픽공원,"방이시장 닭강정 맛집 닭강정아 별관, 올림픽공원 맛집 으로...",https://blog.naver.com/kjwnim7/224301007422
778c463b804dd1a0,2026-05-30,을지로,을지로 야장 맛집 완벽 가이드 | 대동옥·달맞이광장바베큐...,https://blog.naver.com/kim_maki77/224301005078
c2d1c4018f977ea8,2026-05-30,성수,"[ 서울 성수] 가브리살 보쌈과... 성수 맛집 , 뚝섬 맛집 , 한식주점...",https://blog.naver.com/leecw1106/224301004294
c2d1c4018f977ea8,2026-05-30,서울숲,"[ 서울 성수] 가브리살 보쌈과... 성수 맛집 , 뚝섬 맛집 , 한식주점...",https://blog.naver.com/leecw1106/224301004294
c2d1c4018f977ea8,2026-05-30,뚝섬,"[ 서울 성수] 가브리살 보쌈과... 성수 맛집 , 뚝섬 맛집 , 한식주점...",https://blog.naver.com/leecw1106/224301004294
80f20fe880323f0c,2026-05-30,양평,[ 서울 /당산역]영등포 당산역 단체 회식장소 안동실비,https://blog.naver.com/annnnsy/224301002858
52782b30f2d717ea,2026-05-30,을지로,평양냉면 최고 맛집 우래옥 방문기,https://blog.naver.com/jungwo95/224301001351
8a69c28deaddf848,2026-05-30,잠실,[ 서울 잠실] 청선 방이본점,https://blog.naver.com/makqpo_/224300998653
817eaeb7ca97314f,2026-05-30,을지로,[ 맛집 잡다구리 #14] 종로... 추천｜을지로입구 맛집 &카페...,https://blog.naver.com/japdaguri_2ye/224300998406
817eaeb7ca97314f,2026-05-30,종로,[ 맛집 잡다구리 #14] 종로... 추천｜을지로입구 맛집 &카페...,https://blog.naver.com/japdaguri_2ye/224300998406
817eaeb7ca97314f,2026-05-30,구리,[ 맛집 잡다구리 #14] 종로... 추천｜을지로입구 맛집 &카페...,https://blog.naver.com/japdaguri_2ye/224300998406
9f56976aedebf691,2026-05-30,용산,숙대입구 중식 맛집 중화요리연 숙대입구점 다녀왔어요~,https://blog.naver.com/zzangguwife1124/224300997637
c54ddfaf3099f326,2026-05-30,연남동,"홍대 , 서울맛집 , 서울가볼만... 서울 데이트 , 연남동맛집...",https://blog.naver.com/crygod881234/224300994104
c54ddfaf3099f326,2026-05-30,홍대,"홍대 , 서울맛집 , 서울가볼만... 서울 데이트 , 연남동맛집...",https://blog.naver.com/crygod881234/224300994104
eb65cbacd8fdaed0,2026-05-30,강남,맛집 으로유명한/농민백암순대 본점 맛집 /강남순대국밥/내돈내산,https://blog.naver.com/sun24001/224300990206
eb65cbacd8fdaed0,2026-05-30,선릉,맛집 으로유명한/농민백암순대 본점 맛집 /강남순대국밥/내돈내산,https://blog.naver.com/sun24001/224300990206
749be2ccea029da8,2026-05-30,광화문,[광화문]흑백요리사에 나온 셰프 가게 히카리 모노_점심 장어...,https://blog.naver.com/4671758/224300988901
87d98250da697371,2026-05-30,건대,[경희 365 한의원] 서울 짚뿔 닭발 건대점,https://blog.naver.com/khthe/224300427485
444a3346dfa1187b,2026-05-30,용산,푸릇푸릇 초록이 좋아지는 계절,https://blog.naver.com/daily_archive12/224300987595
541299239df55f10,2026-05-30,송도,2026년 5월,https://blog.naver.com/funnypizzaboy/224300987511
2fb6af2c5abe8c48,2026-05-30,성수,성수 맛집 차백도 성수점 BTS 뷔 명당에서 즐긴 타로볼밀크티...,https://blog.naver.com/hello--bye/224300987016
7c65d738fb3ec4ee,2026-05-30,망원,"[ 서울 ] 귀여운 강아지랑 맘이 절로 느긋해지는, Uig",https://blog.naver.com/kimangle_/224300977642
6ea27e4e5dfe2d67,2026-05-30,사당,사당역 술집 웨이팅 있는 찐 맛집 수산 사당본점 내돈내산...,https://blog.naver.com/lemon_ssojju/224300973194
35ec630530903f89,2026-05-30,광화문,종각 맛집 추천 대문곰탕 | 광화문 혼밥부터 회식까지 좋은 곳,https://blog.naver.com/yeahn1024/224300972428
a0b7d5f3009ef49e,2026-05-30,명동,서울 명동 근처 맛집 돈까스 맛집 원조남산왕돈까스 명돈본점...,https://blog.naver.com/lee040218/224300971345
a0b7d5f3009ef49e,2026-05-30,남산,서울 명동 근처 맛집 돈까스 맛집 원조남산왕돈까스 명돈본점...,https://blog.naver.com/lee040218/224300971345
810ccbe4b4b878f3,2026-05-30,압구정,압구정공주떡 추천｜압구정 흑임자 선물 답례 솔직 후기,https://blog.naver.com/hundredt/224300970533
934d5f5027c9474e,2026-05-30,을지로,[ 명동 고기집 ] 직접 구워주는 왕비집 명동2호점 양념갈비 맛집 ...,https://blog.naver.com/je__0109/224300970385
934d5f5027c9474e,2026-05-30,명동,[ 명동 고기집 ] 직접 구워주는 왕비집 명동2호점 양념갈비 맛집 ...,https://blog.naver.com/je__0109/224300970385
e6a592bdb9c00334,2026-05-30,여의도,국회의사당역 가양 룸까지 갖춘 서여의도 중화요리 맛집,https://blog.naver.com/another_place_/224300966807
e6a592bdb9c00334,2026-05-30,더현대서울,국회의사당역 가양 룸까지 갖춘 서여의도 중화요리 맛집,https://blog.naver.com/another_place_/224300966807
e6a592bdb9c00334,2026-05-30,사당,국회의사당역 가양 룸까지 갖춘 서여의도 중화요리 맛집,https://blog.naver.com/another_place_/224300966807
9686386700221a9d,2026-05-30,문래,"서울 문래동 치킨 맛집 , 세계닭집 문래창작촌 닭강정 노포 술집",https://blog.naver.com/joanna9570/224300964046
ba703e20d63a1905,2026-05-30,연남동,[홍대 데이트 맛집 ] 연남족발1987 홍대점 튀김족발 반반족발...,https://blog.naver.com/gu0823_/224300963694
ba703e20d63a1905,2026-05-30,홍대,[홍대 데이트 맛집 ] 연남족발1987 홍대점 튀김족발 반반족발...,https://blog.naver.com/gu0823_/224300963694
0559e0116a1c725a,2026-05-30,종로,"후기｜분위기 좋은 데이트 맛집, 시그니처 코스 B 리뷰 [ 서울맛집 ]",https://blog.naver.com/cielopio_bubu/224300963677
0559e0116a1c725a,2026-05-30,광화문,"후기｜분위기 좋은 데이트 맛집, 시그니처 코스 B 리뷰 [ 서울맛집 ]",https://blog.naver.com/cielopio_bubu/224300963677
c4787dcf4eb1da96,2026-05-30,합정,[ 서울 /합정] 내 입맛대로 주문할 수 있는 오코노미야키 맛집 ...,https://blog.naver.com/sihun0120/224300962937
c4787dcf4eb1da96,2026-05-30,상수,[ 서울 /합정] 내 입맛대로 주문할 수 있는 오코노미야키 맛집 ...,https://blog.naver.com/sihun0120/224300962937
c4787dcf4eb1da96,2026-05-30,마포,[ 서울 /합정] 내 입맛대로 주문할 수 있는 오코노미야키 맛집 ...,https://blog.naver.com/sihun0120/224300962937
c867b9177c2cd77c,2026-05-30,종로,국물 끝내주는 종로쌀국수 맛집 추천 :),https://blog.naver.com/uamaluv/224300957432
c867b9177c2cd77c,2026-05-30,인사동,국물 끝내주는 종로쌀국수 맛집 추천 :),https://blog.naver.com/uamaluv/224300957432
cfcdc57df7485609,2026-05-30,용산,서울 용산 고기 맛집 | 뼈탄집 | 회식 추천 맛집,https://blog.naver.com/dmsdpths0413/224300957167
4141942caa869d02,2026-05-30,이태원,이태원 쟈니덤플링 본관 내돈내산,https://blog.naver.com/o077777/224300951452
e30971172991b332,2026-05-30,강남,선릉 맛집 추천 신동궁 감자탕 뼈숯불구이 선릉직영점,https://blog.naver.com/wadaaa_/224300949643
e30971172991b332,2026-05-30,선릉,선릉 맛집 추천 신동궁 감자탕 뼈숯불구이 선릉직영점,https://blog.naver.com/wadaaa_/224300949643
935fcab654745186,2026-05-30,더현대서울,"[호우섬] 더현대 서울 맛집 딤섬과 도삭면, 가격과 메뉴 추천...",https://blog.naver.com/hjk0855/224300946595
a2817acced82a3cd,2026-05-30,마곡,발산마곡 혼밥 직장인 점메추 강릉초당짬뽕순두부 화곡점...,https://blog.naver.com/shushuling_/224300941880
a2817acced82a3cd,2026-05-30,강릉,발산마곡 혼밥 직장인 점메추 강릉초당짬뽕순두부 화곡점...,https://blog.naver.com/shushuling_/224300941880
d22c217995ec97cf,2026-05-30,성수,"건대 성수 맛집 마마리마켓 내돈내산, 흑백요리사1 반찬셰프...",https://blog.naver.com/eunyanyang_/224300941396
d22c217995ec97cf,2026-05-30,건대,"건대 성수 맛집 마마리마켓 내돈내산, 흑백요리사1 반찬셰프...",https://blog.naver.com/eunyanyang_/224300941396
01e30810882c0c3f,2026-05-30,여의도,더현대 서울 맛집 바스버거 여의도직영점 수제버거,https://blog.naver.com/richdolce/224300940200
01e30810882c0c3f,2026-05-30,더현대서울,더현대 서울 맛집 바스버거 여의도직영점 수제버거,https://blog.naver.com/richdolce/224300940200
205d1760783d4240,2026-05-30,교대,교대 김밥 맛집 홀스김밥본점 포장해서 반포한강공원 나들이,https://blog.naver.com/lemon_ssojju/224300938975
351fe3cafa69c5f4,2026-05-30,성수,️ 서울 맛동여지도 × 네이버페이 | 성수·건대 맛집 에서...,https://blog.naver.com/e4bass/224300938973
351fe3cafa69c5f4,2026-05-30,건대,️ 서울 맛동여지도 × 네이버페이 | 성수·건대 맛집 에서...,https://blog.naver.com/e4bass/224300938973
df34b3829debdb61,2026-05-30,동대문,경희대 맛집 닭치고한잔해 솔직후기✨ 메뉴판 옛날통닭&닭강정,https://blog.naver.com/rofla1616/224300735342
44fbb6ca07a8d309,2026-05-30,을지로,"명동 미성옥에서 설렁탕 한 그릇, 콘웨이커피에서 마무리한 하루",https://blog.naver.com/ba_rang_e/224300932962
44fbb6ca07a8d309,2026-05-30,명동,"명동 미성옥에서 설렁탕 한 그릇, 콘웨이커피에서 마무리한 하루",https://blog.naver.com/ba_rang_e/224300932962
6e597635bafcea80,2026-05-30,종로,서울 종로 광화문 고깃집 화덕구이 가성비 맛집 광화로,https://blog.naver.com/yskimn/224300931577
6e597635bafcea80,2026-05-30,광화문,서울 종로 광화문 고깃집 화덕구이 가성비 맛집 광화로,https://blog.naver.com/yskimn/224300931577
75a047b1fcb34b0b,2026-05-30,더현대서울,더현대 파이브가이즈 VS 뉴욕 파이브가이즈 솔직비교,https://blog.naver.com/agjean/224300930058
1ce058009ad82124,2026-05-30,강남,"안목 강남역삼점, 주말마다 생각나는 돼지국밥 맛집",https://blog.naver.com/kimhyeni/224300930467
1ce058009ad82124,2026-05-30,선릉,"안목 강남역삼점, 주말마다 생각나는 돼지국밥 맛집",https://blog.naver.com/kimhyeni/224300930467
1ce058009ad82124,2026-05-30,역삼,"안목 강남역삼점, 주말마다 생각나는 돼지국밥 맛집",https://blog.naver.com/kimhyeni/224300930467
00827cac1d80b020,2026-05-30,송파,"서울 송파구 맛집 , 돈까스의 집, 주차, 롯데월드, 석촌호수 근처...",https://blog.naver.com/xxooo60/224300929020
00827cac1d80b020,2026-05-30,석촌,"서울 송파구 맛집 , 돈까스의 집, 주차, 롯데월드, 석촌호수 근처...",https://blog.naver.com/xxooo60/224300929020
00827cac1d80b020,2026-05-30,석촌호수,"서울 송파구 맛집 , 돈까스의 집, 주차, 롯데월드, 석촌호수 근처...",https://blog.naver.com/xxooo60/224300929020
0e092f39023e6c28,2026-05-30,잠실,석촌호수 잠실 포옹남 베트남 현지 쌀국수 맛집 동남아,https://blog.naver.com/hahehu17/224300926174
0e092f39023e6c28,2026-05-30,송리단길,석촌호수 잠실 포옹남 베트남 현지 쌀국수 맛집 동남아,https://blog.naver.com/hahehu17/224300926174
0e092f39023e6c28,2026-05-30,송파,석촌호수 잠실 포옹남 베트남 현지 쌀국수 맛집 동남아,https://blog.naver.com/hahehu17/224300926174
0e092f39023e6c28,2026-05-30,석촌,석촌호수 잠실 포옹남 베트남 현지 쌀국수 맛집 동남아,https://blog.naver.com/hahehu17/224300926174
0e092f39023e6c28,2026-05-30,석촌호수,석촌호수 잠실 포옹남 베트남 현지 쌀국수 맛집 동남아,https://blog.naver.com/hahehu17/224300926174
8e63cb8aa5d00678,2026-05-30,한남동,[ 서울맛집 ] 한남동 맛집 수제버거 다운타우너 한남,https://blog.naver.com/worwor0001/224300926247
aa5ad92af4578692,2026-05-30,용산,[내돈내산] 서울 용산구 삼각지:유럽 감성 가득한 감성 빵지순례...,https://blog.naver.com/grace_marube/224300921057
d14c4e777fec2a40,2026-05-30,뚝섬,뚝섬 맛집 자양동 맛집 건대 돈까스 / 카츠옹,https://blog.naver.com/jiwoo8551/224300920671
d14c4e777fec2a40,2026-05-30,건대,뚝섬 맛집 자양동 맛집 건대 돈까스 / 카츠옹,https://blog.naver.com/jiwoo8551/224300920671
be4ec92fef19a39d,2026-05-30,성수,성수 솥밥 맛집 쵸리상경 서울 숲 가볼만한 곳,https://blog.naver.com/heina0612/224300914369
5495ff0684d4fd5e,2026-05-30,성수,서울 대표치즈케이크 성수동 페리엔 서울 치즈케이크 4구 포장...,https://blog.naver.com/jjigongju/224300912047
5495ff0684d4fd5e,2026-05-30,서울숲,서울 대표치즈케이크 성수동 페리엔 서울 치즈케이크 4구 포장...,https://blog.naver.com/jjigongju/224300912047
3eeb83e94f97b994,2026-05-30,제주,[ 서울 가산디지털단지] 가디역 제주 흑돼지 항정카츠 맛집 카츠...,https://blog.naver.com/slsl5340/224300906519
f2b4013fe2f4d33d,2026-05-30,잠실,잠실 모던샤브하우스 내돈내산,https://blog.naver.com/o077777/224300902638
f2b4013fe2f4d33d,2026-05-30,부산,잠실 모던샤브하우스 내돈내산,https://blog.naver.com/o077777/224300902638
a984f399a6ac49da,2026-05-30,양평,리러프커피 디저트 포장안내 : 전메뉴 포장 가능,https://blog.naver.com/pincoffeehaus/224299522421
80f5bb0012f28162,2026-05-30,종로,"[ 서울 종로] 단체모임하기 딱 좋은, 종각역 맛집 육석관",https://blog.naver.com/eunnyberry_/224300899608
7d6ff81b9f1f5c02,2026-05-30,한남동,마무리 상태 본 한남동 맛집 기억,https://blog.naver.com/smj-120106/224300899544
a1f63d66cc9afded,2026-05-30,여의도,[ 서울 ] 여의도 IFC몰 떡볶이 맛집 현선이네 프리미엄...,https://blog.naver.com/hjhjhjhj1221/224300899914
a1f63d66cc9afded,2026-05-30,더현대서울,[ 서울 ] 여의도 IFC몰 떡볶이 맛집 현선이네 프리미엄...,https://blog.naver.com/hjhjhjhj1221/224300899914
e2cc5b9994c2bd29,2026-05-30,마포,마포역 맛집 I 미쉐린 가이드 서울 마포옥,https://blog.naver.com/fika-/224300899652
81debeb54df26195,2026-05-30,잠실,"잠실 롯데월드몰 미국 감성 맛집 캐롤스, 매달 찾게 되는 이유",https://blog.naver.com/wanouuuu/224300897166
81debeb54df26195,2026-05-30,송리단길,"잠실 롯데월드몰 미국 감성 맛집 캐롤스, 매달 찾게 되는 이유",https://blog.naver.com/wanouuuu/224300897166
cfc936072e4a9b44,2026-05-30,마곡,서울 백년식당 마곡나루 맛집 신방화 맛집 김포공항 꾸이꾸이...,https://blog.naver.com/eat_story/224300896309
cfc936072e4a9b44,2026-05-30,김포,서울 백년식당 마곡나루 맛집 신방화 맛집 김포공항 꾸이꾸이...,https://blog.naver.com/eat_story/224300896309
9c5341ebc6f2dc75,2026-05-30,을지로,"명동 중국집 맛집 행화촌, 성시경 먹을텐데 나온 가상두부...",https://blog.naver.com/llllllwiz/224300896195
9c5341ebc6f2dc75,2026-05-30,명동,"명동 중국집 맛집 행화촌, 성시경 먹을텐데 나온 가상두부...",https://blog.naver.com/llllllwiz/224300896195
90784687ab701130,2026-05-30,여의도,더현대 서울 맛집 ! [우니도] 추천 메뉴/ 내돈내산 찐 후기,https://blog.naver.com/wltn9289/224300895729
90784687ab701130,2026-05-30,더현대서울,더현대 서울 맛집 ! [우니도] 추천 메뉴/ 내돈내산 찐 후기,https://blog.naver.com/wltn9289/224300895729
f765ac83c994dced,2026-05-30,용산,"용산 용리단길 맛집 효뜨부터 올딧세까지, 서울 나들이 후기.",https://blog.naver.com/cool_8412/224300895569
c16966a4eb13c0ba,2026-05-30,서촌,서촌 경복궁역 타코 맛집 _팔마,https://blog.naver.com/giorgina-/224300894558
a181f8233f4a8149,2026-05-30,문래,[ 서울 ] 내돈내산 문래 맛집 블루리본 맛집 추천 문래 데이트...,https://blog.naver.com/minimap031/224300892054
886ea997fcb92e5b,2026-05-30,용산,"용돈집, 용산 기찻길 옆, 아직 서울 낭만 남아있는 용산 맛집",https://blog.naver.com/uioui_ouii/224300890070
298025a641413bf1,2026-05-30,서초,서래마을 맛집 베스퍼 추천,https://blog.naver.com/squirrels_life/224300888629
bddfc9f9c27b9e89,2026-05-30,종로,"광화문 신상 맛집 대봉칼국수보쌈, 오징어보쌈에 반하고...",https://blog.naver.com/chubbylove_/224300885544
bddfc9f9c27b9e89,2026-05-30,광화문,"광화문 신상 맛집 대봉칼국수보쌈, 오징어보쌈에 반하고...",https://blog.naver.com/chubbylove_/224300885544
886262b33bb1972b,2026-05-30,잠실,송파역 맛집 고인돌 돈까스｜옛날 경양식 돈까스 찐 맛집 ⭐,https://blog.naver.com/kimhong0522/224300879185
886262b33bb1972b,2026-05-30,송파,송파역 맛집 고인돌 돈까스｜옛날 경양식 돈까스 찐 맛집 ⭐,https://blog.naver.com/kimhong0522/224300879185
886262b33bb1972b,2026-05-30,석촌,송파역 맛집 고인돌 돈까스｜옛날 경양식 돈까스 찐 맛집 ⭐,https://blog.naver.com/kimhong0522/224300879185
5ef12b4d1501b01a,2026-05-30,용산,용리단길 중식 맛집 중화요리 연 | 삼선간짜장과 연 삼선짬뽕...,https://blog.naver.com/msuum/224300878200
b3fae0ba593cf97f,2026-05-30,선릉,[중랑/선릉] 중랑 장미축제 / 주토피아 발바닥 아이스크림...,https://blog.naver.com/happymj96/224290135330
01cd00d10ea51a7b,2026-05-30,안국,[종로 인사동] 인사동 분위기 좋은 감성 디저트 카페 맛집 ...,https://blog.naver.com/forever_1027_/224300877817
01cd00d10ea51a7b,2026-05-30,종로,[종로 인사동] 인사동 분위기 좋은 감성 디저트 카페 맛집 ...,https://blog.naver.com/forever_1027_/224300877817
01cd00d10ea51a7b,2026-05-30,인사동,[종로 인사동] 인사동 분위기 좋은 감성 디저트 카페 맛집 ...,https://blog.naver.com/forever_1027_/224300877817
717c860781ffbdbd,2026-05-30,을지로,[을지로 맛집 ] 줄서서 먹는 을지로 타코 맛집 '올디스타코...,https://blog.naver.com/bbangjiu/224300876957
fd6dc493ae9c5b7b,2026-05-30,더현대서울,더현대 서울 팝업 5월 5주차 총정리 | 지하1층 테이스티 서울 ...,https://blog.naver.com/c_ong-/224300868537
865febbd9612d3e2,2026-05-30,더현대서울,한정선 찹쌀떡 서울 역 더현대 메뉴 추천부터 보관방법까지 총정리,https://blog.naver.com/plamoworks/224300868754
b02d0404b10e6507,2026-05-30,을지로,"을지로 노포, 서울 노포, 서울 맛집 , 세운상가 맛집, 종묘 맛집",https://blog.naver.com/tourmaster51/224300867847
b02d0404b10e6507,2026-05-30,종로,"을지로 노포, 서울 노포, 서울 맛집 , 세운상가 맛집, 종묘 맛집",https://blog.naver.com/tourmaster51/224300867847
b02d0404b10e6507,2026-05-30,부산,"을지로 노포, 서울 노포, 서울 맛집 , 세운상가 맛집, 종묘 맛집",https://blog.naver.com/tourmaster51/224300867847
06197b92322588d4,2026-05-30,강남,산솔에서 맛본 신논현 맛집 육즙 살린 고기,https://blog.naver.com/solin2370/224300862655
92cafb0251a1542e,2026-05-30,강남,논현동밥집 원카츠 논현점,https://blog.naver.com/jjoy0103/224293809324
92cafb0251a1542e,2026-05-30,서초,논현동밥집 원카츠 논현점,https://blog.naver.com/jjoy0103/224293809324
92cafb0251a1542e,2026-05-30,분당,논현동밥집 원카츠 논현점,https://blog.naver.com/jjoy0103/224293809324
22dde5bf0bc1c159,2026-05-30,강남,압구정 로데오 맛집 /파스타/와인/이탈리안 레스토랑 “일리조”,https://blog.naver.com/lla8460all/224300854787
22dde5bf0bc1c159,2026-05-30,신사,압구정 로데오 맛집 /파스타/와인/이탈리안 레스토랑 “일리조”,https://blog.naver.com/lla8460all/224300854787
22dde5bf0bc1c159,2026-05-30,압구정,압구정 로데오 맛집 /파스타/와인/이탈리안 레스토랑 “일리조”,https://blog.naver.com/lla8460all/224300854787
decd28920c36ad6d,2026-05-30,송파,[ 서울 /송파구] 문정역 곱도리탕 맛집 <웨스턴주막> 푸짐한 안주와...,https://blog.naver.com/zuzi_/224300854155
9959e16aec876367,2026-05-30,해방촌,해방촌 맛집 신흥백곰탕 | 백곰탕과 불곰탕으로 든든한 한 끼 추천,https://blog.naver.com/msuum/224300853487
9959e16aec876367,2026-05-30,용산,해방촌 맛집 신흥백곰탕 | 백곰탕과 불곰탕으로 든든한 한 끼 추천,https://blog.naver.com/msuum/224300853487
c1b556e3125c94e6,2026-05-30,더현대서울,더현대 맛집 토나리 자가제면이라 더 맛있는 붓가케 우동...,https://blog.naver.com/isyuk104/224300852144
fb420df6f6f708cd,2026-05-30,성수,[ 서울 :: 구로]옥스라이브파이어그릴 개봉,https://blog.naver.com/songyi_k14/224300131704
d0600e709bdf8161,2026-05-30,을지로,"을지로 충무로 술집 추천, 살얼음 동동주와 갑오징어 초회가...",https://blog.naver.com/wintercat00/224300850732
ac49b95d1bb5b487,2026-05-30,성수,오픈런 후기｜웨이팅 전에 다녀온 신상 감자간식 맛집,https://blog.naver.com/ekhankim/224300847571
fdac716d31f30754,2026-05-30,한남동,[닥터로빈] 한남동 맛집 닥터로빈 한남점 비건 레스토랑 건강한...,https://blog.naver.com/whm2145/224300844420
b8508d67414cde9c,2026-05-30,서촌,흑백요리사 철가방요리사 식당 도량 후기｜동파육 맛집,https://blog.naver.com/rose_seo_/224300543081
2d923ee5fe983454,2026-05-30,종로,종각 맛집 철판 위에서 완성되는 일본 감성 오꼬노미야끼 맛집 ...,https://blog.naver.com/fdamin/224300842159
e9d502584b5d66e7,2026-05-30,한남동,한남동 맛집 룸 이용으로 즐긴 고기 식감,https://blog.naver.com/alnwn020506/224300841612
b4a7bc69b0e1912b,2026-05-30,삼성,코엑스 브런치 맛집 추천! 더 키친 일뽀르노에서 맛본 정통...,https://blog.naver.com/sy923/224300835492
b4a7bc69b0e1912b,2026-05-30,코엑스,코엑스 브런치 맛집 추천! 더 키친 일뽀르노에서 맛본 정통...,https://blog.naver.com/sy923/224300835492
4133dad3a524d0c1,2026-05-30,강동,둔촌동 출장메이크업 둔촌동 맛집 고우기집,https://blog.naver.com/fixplus6866/224300830436
0cb51e140985ea81,2026-05-30,을지로,서울 을지로 양고기 맛집 육미곳간 시청역 가족외식 추천 후기,https://blog.naver.com/namnami-/224299051578
0cb51e140985ea81,2026-05-30,시청,서울 을지로 양고기 맛집 육미곳간 시청역 가족외식 추천 후기,https://blog.naver.com/namnami-/224299051578
32db0b751fbe91f0,2026-05-30,안국,la라갈비 좋아하는 사람? 저요. 내돈내산 추천드림...,https://blog.naver.com/dlathfl3232/224300824423
32db0b751fbe91f0,2026-05-30,종로,la라갈비 좋아하는 사람? 저요. 내돈내산 추천드림...,https://blog.naver.com/dlathfl3232/224300824423
32db0b751fbe91f0,2026-05-30,광화문,la라갈비 좋아하는 사람? 저요. 내돈내산 추천드림...,https://blog.naver.com/dlathfl3232/224300824423
42e12cd629452e21,2026-05-30,왕십리,[ 서울 왕십리] 봄의정원 왕십리점 분위기좋은 레스토랑...,https://blog.naver.com/heenijuuni/224300821719
ce7be159d5cfeb40,2026-05-30,을지로,우물집 명동점 | 두번째 방문 & 한우차돌박이 전골과 솥밥...,https://blog.naver.com/bang5889/224300818355
ce7be159d5cfeb40,2026-05-30,명동,우물집 명동점 | 두번째 방문 & 한우차돌박이 전골과 솥밥...,https://blog.naver.com/bang5889/224300818355
b42c8e9a1b9e8c3f,2026-05-30,용산,"[ 서울 맛집 ] 남영돈 솔직 후기: 육즙 가득한 목살과 가브리살, 왜...",https://blog.naver.com/sandartkorea/224300815333
eefde3170e97bea0,2026-05-30,합정,서울 응암 맛집 합정오리농장응암점 은평구 맛집,https://blog.naver.com/chleodml1004/224300812910
6d14665712bfa94c,2026-05-30,성수,성수 꽤 오래된 젤라또 맛집 │ 젤라또투유,https://blog.naver.com/eunttokku/224300267361
76d071f7a31209c8,2026-05-30,더현대서울,슈카빵집 etf베이커리 평일 오후 방문후기(소금버터바게트 맛집 ),https://blog.naver.com/pkt9495/224300808741
30b588870ef31cef,2026-05-30,종로,대학로 블루리본 맛집 '호호식당',https://blog.naver.com/artisttt824/224300806731
30b588870ef31cef,2026-05-30,대학로,대학로 블루리본 맛집 '호호식당',https://blog.naver.com/artisttt824/224300806731
d0c35b1996a62076,2026-05-30,노량진,소금 간이 딱 맞는 짠돈 노량진 맛집,https://blog.naver.com/isolee57/224300805583
596f04b25bc901e2,2026-05-30,왕십리,한양대 왕십리 맛집 재수돈감자탕왕십리점 감자탕 맛집 ...,https://blog.naver.com/tmej11004/224300800330
7a167f5953a594f3,2026-05-30,잠실,[영종도 맛집 ] 영종하늘도시 맛집 중식당 영종길상,https://blog.naver.com/jamsilmatzip/224300792887
7a167f5953a594f3,2026-05-30,송파,[영종도 맛집 ] 영종하늘도시 맛집 중식당 영종길상,https://blog.naver.com/jamsilmatzip/224300792887
10d7a626a83257df,2026-05-30,종로,혜화동 된장예술 된장정식,https://blog.naver.com/jkleecnu/224300792685
10d7a626a83257df,2026-05-30,혜화,혜화동 된장예술 된장정식,https://blog.naver.com/jkleecnu/224300792685
02d99b2e9df706ff,2026-05-30,강남,강남구 일식당 전통 맛집 쯔루하시 후게츠 도산점 예약 및 주차...,https://blog.naver.com/jth0903-/224299483422
89010f49bb7e6e89,2026-05-30,강남,[강남역 맛집 ] 신동궁 감자탕 역삼직영점::뼈숯불구이 n회차...,https://blog.naver.com/from_moapua/224298962888
89010f49bb7e6e89,2026-05-30,역삼,[강남역 맛집 ] 신동궁 감자탕 역삼직영점::뼈숯불구이 n회차...,https://blog.naver.com/from_moapua/224298962888
019322f89ef2f9f4,2026-05-30,성수,맛있는 녀석들 - [ 서울 성수] 에스파도 반한 지하 통로 비밀 맛집 ...,https://blog.naver.com/ura0084/224300781586
96c83711b6012740,2026-05-30,성수,서울 숲 맛집 이오김밥에서 영양 가득하고 속 편한 한 끼 즐기고...,https://blog.naver.com/k503362/224300776757
96c83711b6012740,2026-05-30,서울숲,서울 숲 맛집 이오김밥에서 영양 가득하고 속 편한 한 끼 즐기고...,https://blog.naver.com/k503362/224300776757
c83c1d96375d5051,2026-05-30,망원,소화가 잘되어서 인상 깊었던 마포구 망원동 전라도추어탕,https://blog.naver.com/reaviewmasssam/224300776140
c83c1d96375d5051,2026-05-30,마포,소화가 잘되어서 인상 깊었던 마포구 망원동 전라도추어탕,https://blog.naver.com/reaviewmasssam/224300776140
19cac16084d4e9b8,2026-05-30,강남,게 느껴지는 고급스러운 솥밥 식당 강남고속터미널 맛집 후기,https://blog.naver.com/peacedaily/224300775751
19cac16084d4e9b8,2026-05-30,서초,게 느껴지는 고급스러운 솥밥 식당 강남고속터미널 맛집 후기,https://blog.naver.com/peacedaily/224300775751
dd94ab9a9d4df8fe,2026-05-30,압구정,압구정 브런치가 맛있는 도산동 투아투아 !,https://blog.naver.com/dkgus5103/224300771803
6c0ea7de6690a8c8,2026-05-30,광화문,샐러드 맛집 ‘슬로우캘리 광화문점’ 총정리 | 메뉴 가격...,https://blog.naver.com/newdayyyy_/224300768712
b972ec2aac819271,2026-05-30,천호,"아차산역 용두쭈꾸미 후기｜형님들과 봄날 점심 회동, 삼겹살과...",https://blog.naver.com/leemember07/224300766803
a220145cd34a655a,2026-05-30,강남,삼성동 점심 맛집 어촌화로 직장인 점심으로 든든했던 생선구이...,https://blog.naver.com/flora303/224300760865
a220145cd34a655a,2026-05-30,삼성,삼성동 점심 맛집 어촌화로 직장인 점심으로 든든했던 생선구이...,https://blog.naver.com/flora303/224300760865
a220145cd34a655a,2026-05-30,코엑스,삼성동 점심 맛집 어촌화로 직장인 점심으로 든든했던 생선구이...,https://blog.naver.com/flora303/224300760865
f034924e085c2b7c,2026-05-30,역삼,색다른 경험을 원한다면 역삼 맛집 방이편백 육분삼십 역삼역점...,https://blog.naver.com/canstar3443/224300760629
f070990d3dc5a965,2026-05-30,강남,역삼역회식 센민이자카야 분위기 좋은 강남 술집 예약,https://blog.naver.com/minie30/224300760800
f070990d3dc5a965,2026-05-30,역삼,역삼역회식 센민이자카야 분위기 좋은 강남 술집 예약,https://blog.naver.com/minie30/224300760800
571aab3905fba052,2026-05-30,안국,"북촌,안국역 느좋 빈티지샵!! 굿바잉클럽 ⁎⁺˳✧༚",https://blog.naver.com/rlxh369/224300759892
571aab3905fba052,2026-05-30,북촌,"북촌,안국역 느좋 빈티지샵!! 굿바잉클럽 ⁎⁺˳✧༚",https://blog.naver.com/rlxh369/224300759892
9bcf434e72f10634,2026-05-30,인천,핸드폰으로 금을벌수있어요,https://blog.naver.com/nicky-797/224300757015
9bcf434e72f10634,2026-05-30,부산,핸드폰으로 금을벌수있어요,https://blog.naver.com/nicky-797/224300757015
9bcf434e72f10634,2026-05-30,대구,핸드폰으로 금을벌수있어요,https://blog.naver.com/nicky-797/224300757015
9bcf434e72f10634,2026-05-30,대전,핸드폰으로 금을벌수있어요,https://blog.naver.com/nicky-797/224300757015
abdaece907866bf5,2026-05-30,동대문,외대앞역 엽떡 오픈 | 동대문엽기떡볶이 이문점 내돈내산 후기,https://blog.naver.com/inesve/224300755593
1c0892c2c1b23492,2026-05-30,강남,신사역 블루리본 맛집 ... 와인페어링•낮술성지•안주 맛집 추천✨,https://blog.naver.com/rhtnsud765/224300756132
1c0892c2c1b23492,2026-05-30,신사,신사역 블루리본 맛집 ... 와인페어링•낮술성지•안주 맛집 추천✨,https://blog.naver.com/rhtnsud765/224300756132
fcc4b853237d9245,2026-05-30,강남,강남역 딤섬 맛집 추천! 미쉐린 가이드 홍콩 딤섬 팀호완...,https://blog.naver.com/parkplm098/224300466632
fcc4b853237d9245,2026-05-30,역삼,강남역 딤섬 맛집 추천! 미쉐린 가이드 홍콩 딤섬 팀호완...,https://blog.naver.com/parkplm098/224300466632
cae7cabc2ad53320,2026-05-30,더현대서울,[ 서울맛집 ] 더현대서울 디저트 베이커리 맛집 I 아티스트...,https://blog.naver.com/kimzzangkimchi/224298196191
15993d39e4f95d05,2026-05-30,종로,"종각 맛집 추천, 인사동 맛집 코미도리 종각점 숙성도미회...",https://blog.naver.com/ssanta7/224300754997
15993d39e4f95d05,2026-05-30,인사동,"종각 맛집 추천, 인사동 맛집 코미도리 종각점 숙성도미회...",https://blog.naver.com/ssanta7/224300754997
bb45c979fe9b6966,2026-05-30,여의도,여의도 맛집 더현대 서울 5월 6월 디저트 팝업 | 시나몬하우스...,https://blog.naver.com/soruhi_507/224300755003
bb45c979fe9b6966,2026-05-30,더현대서울,여의도 맛집 더현대 서울 5월 6월 디저트 팝업 | 시나몬하우스...,https://blog.naver.com/soruhi_507/224300755003
e6a7e52d00b738a2,2026-05-30,더현대서울,찹쌀떡 두바이 딸기 맛 후기! 서울 역 더현대 위치 보관법 총정리,https://blog.naver.com/platelier/224300753941
311c6e0fad8995f9,2026-05-30,잠실,"잠실 롯데월드몰 교토퍼펙트말차, 슈퍼말차 비교...",https://blog.naver.com/universemaker/224300572747
311c6e0fad8995f9,2026-05-30,석촌,"잠실 롯데월드몰 교토퍼펙트말차, 슈퍼말차 비교...",https://blog.naver.com/universemaker/224300572747
311c6e0fad8995f9,2026-05-30,석촌호수,"잠실 롯데월드몰 교토퍼펙트말차, 슈퍼말차 비교...",https://blog.naver.com/universemaker/224300572747
3e30fe1b901d7fa6,2026-05-30,역삼,역삼 맛집 리스트에 넣어두었던 방이편백 육분삼십...,https://blog.naver.com/chealyun/224300750011
473db974bacaaf54,2026-05-30,성수,성수 뚝도시장 서울맛집 내돈내산 후기,https://blog.naver.com/reviewkong/224300749417
6040a88a3988f85e,2026-05-30,을지로,회사 근처에 이런 데가? 광화문 직장인 점심 데이트 온더보더...,https://blog.naver.com/newdayyyy_/224300748762
6040a88a3988f85e,2026-05-30,종로,회사 근처에 이런 데가? 광화문 직장인 점심 데이트 온더보더...,https://blog.naver.com/newdayyyy_/224300748762
6040a88a3988f85e,2026-05-30,광화문,회사 근처에 이런 데가? 광화문 직장인 점심 데이트 온더보더...,https://blog.naver.com/newdayyyy_/224300748762
3294e73c7ba1db15,2026-05-30,역삼,역삼 맛집 탐색 중 발견한 방이편백 육분삼십 역삼역점에서의...,https://blog.naver.com/young67513/224300747810
b33666e33f57fc53,2026-05-30,용산,용산 닭한마리 맛집 ! 의외로 맛있었던 신용산 닭한마리,https://blog.naver.com/dbthwjd46/224298822361
b91afa360d7c36f1,2026-05-30,양재,서울 송파구 오금역 맛집 점심 동네 맛집 뼈구이집 가락점...,https://blog.naver.com/ga_zerooo/224294722469
b91afa360d7c36f1,2026-05-30,송파,서울 송파구 오금역 맛집 점심 동네 맛집 뼈구이집 가락점...,https://blog.naver.com/ga_zerooo/224294722469
3cc5e563902819d5,2026-05-30,종로,"종로 회식 맛집 추천, 초벌 쪽갈비가 미친 오는정 솔직후기...",https://blog.naver.com/ladytiger-/224300744813
93516a05eae0c8d7,2026-05-30,잠실,삼전역 맛집 동태찜 국물 시원한 맛,https://blog.naver.com/yvonne935/224300744447
97cf3a7361bcd2df,2026-05-30,강남,[ 서울 /서초] 양재PC방 추천... 사양에 맛집 투어하고 온 후기!,https://blog.naver.com/ari1997/224298442520
97cf3a7361bcd2df,2026-05-30,서초,[ 서울 /서초] 양재PC방 추천... 사양에 맛집 투어하고 온 후기!,https://blog.naver.com/ari1997/224298442520
97cf3a7361bcd2df,2026-05-30,양재,[ 서울 /서초] 양재PC방 추천... 사양에 맛집 투어하고 온 후기!,https://blog.naver.com/ari1997/224298442520
527195e1e06287fa,2026-05-30,을지로,"서울 을지로 맛집 , 란주칼면 : 인생 꿔바로우 내돈내산",https://blog.naver.com/log_hyun_/224299576090
3bef6b507130d547,2026-05-30,마곡,[ 서울 마곡동] 솥내음... 좋은 든든한 한끼 솥밥 마곡 맛집 솔직후기,https://blog.naver.com/rlo_o223/224300736041
3bef6b507130d547,2026-05-30,대전,[ 서울 마곡동] 솥내음... 좋은 든든한 한끼 솥밥 마곡 맛집 솔직후기,https://blog.naver.com/rlo_o223/224300736041
92573dde7cc7f4fb,2026-05-30,역삼,방이편백 육분삼십 역삼역점 드디어 다녀왔는데 역삼 맛집 맞네,https://blog.naver.com/je2mam/224300732992
19727c6e6fb07bbc,2026-05-30,교대,교대역 직장인들 웨이팅하는 이유 있었던 중식 맛집 [중화백반...,https://blog.naver.com/mkm0511/224300733137
cf05e8b83f790c9e,2026-05-30,노량진,노량진 맛집 리스트 #17 :: 조회수 제일 잘 나온 이유 있던...,https://blog.naver.com/tour080808/224300078674
23ffacf61e434363,2026-05-30,잠실,석촌호수 맛집 잠실 데이트 수제버거 아보카도 버거...,https://blog.naver.com/dankesong/224300470487
23ffacf61e434363,2026-05-30,송파,석촌호수 맛집 잠실 데이트 수제버거 아보카도 버거...,https://blog.naver.com/dankesong/224300470487
23ffacf61e434363,2026-05-30,석촌,석촌호수 맛집 잠실 데이트 수제버거 아보카도 버거...,https://blog.naver.com/dankesong/224300470487
23ffacf61e434363,2026-05-30,석촌호수,석촌호수 맛집 잠실 데이트 수제버거 아보카도 버거...,https://blog.naver.com/dankesong/224300470487
14882d18066ee7f1,2026-05-30,을지로,[ 서울 맛집 ] 일일향 을지로점 아이와 함께 솔직 후기,https://blog.naver.com/jijipapa-ai/224300729432
9288f8e681c46d41,2026-05-30,용산,"< 서울 용산구>용산아이파크몰 맛집 시그니처랩, 스테이크세트...",https://blog.naver.com/miyawo_24/224300728484
4f1a68fe5a9609d9,2026-05-30,잠실,잠실 롯데백화점 11층 맛집 분지로 내돈내산 후기,https://blog.naver.com/wlskygns1/224300725941
cc25202837c2776c,2026-05-30,명동,서울 명동 삼겹살의 신선한 매력과 편안한 공간에서 즐긴...,https://blog.naver.com/cssbebneuxz7576/224300726323
99b3411a9ebd0506,2026-05-30,종로,긴자료코대학로점/푸짐한 가성비/혼밥 맛집 /내돈내산솔직후기^^,https://blog.naver.com/sun24001/224300725243
99b3411a9ebd0506,2026-05-30,혜화,긴자료코대학로점/푸짐한 가성비/혼밥 맛집 /내돈내산솔직후기^^,https://blog.naver.com/sun24001/224300725243
99b3411a9ebd0506,2026-05-30,대학로,긴자료코대학로점/푸짐한 가성비/혼밥 맛집 /내돈내산솔직후기^^,https://blog.naver.com/sun24001/224300725243
16556608b092a4da,2026-05-30,광화문,주차가능 광화문대형카페 더커피 스타필드 에비뉴 그랑 서울,https://blog.naver.com/first0720/224300713340
a6426d2b2cb4ae8d,2026-05-30,용산,숙대 맛집 압돈 용산점 묵은지 삼겹살 단체 회식 추천,https://blog.naver.com/hotpink63/224300710943
d4b230e925dbc6ef,2026-05-30,문래,[ 서울 /영등포] 문래 맛집 레이즈유어핑거 ‘멕시코 감성 가득한...,https://blog.naver.com/skytksth/224300705668
dbb8ae6a53912314,2026-05-30,강남,[삼성동/코엑스 -오크우드 오크 레스토랑]9가지 무제한 와인과...,https://blog.naver.com/oktopblues/224300221407
dbb8ae6a53912314,2026-05-30,삼성,[삼성동/코엑스 -오크우드 오크 레스토랑]9가지 무제한 와인과...,https://blog.naver.com/oktopblues/224300221407
dbb8ae6a53912314,2026-05-30,코엑스,[삼성동/코엑스 -오크우드 오크 레스토랑]9가지 무제한 와인과...,https://blog.naver.com/oktopblues/224300221407
3a11a817e25761e1,2026-05-30,왕십리,[왕십리]왕십리 맛집 찾는다면 수제비먹는닭갈비 본점,https://blog.naver.com/hallie99/224299726441
9ad5e8c2723d7540,2026-05-30,합정,합정 맛집 찾는다면 여기! 화덕 향 가득했던 오르노 합정점...,https://blog.naver.com/vbakyy/224300703453
9ad5e8c2723d7540,2026-05-30,마포,합정 맛집 찾는다면 여기! 화덕 향 가득했던 오르노 합정점...,https://blog.naver.com/vbakyy/224300703453
db09b1f456577be3,2026-05-30,강동,"이케아 강동 푸드코트, 메뉴부터 가격까지 싹 정리",https://blog.naver.com/st0083/224300198318
645c497c01a875a0,2026-05-30,종로,베트남 현지 느낌의 서순라길 맛집 대성성,https://blog.naver.com/hbjoy13/224295129418
e92e61b6bcb9644f,2026-05-30,강남,"강남역 점심 맛집 주신당 강남점, 분위기와 코스요리 모두 만족",https://blog.naver.com/niky84/224300469934
5fc41a86ec86a746,2026-05-30,망원,[ 서울 맛집 /망원동] 청어람 - 유명한 망원동 곱창전골 맛집...,https://blog.naver.com/kkongs__/224289133077
29ba33ef404f84df,2026-05-30,을지로,오제제 광화문 아이와 함께 방문하기 좋은 돈가스집,https://blog.naver.com/sj___ing/224300693332
29ba33ef404f84df,2026-05-30,광화문,오제제 광화문 아이와 함께 방문하기 좋은 돈가스집,https://blog.naver.com/sj___ing/224300693332
c14abb808c63cb02,2026-05-30,잠실,한국 오면 생각나는 그 맛! 방이동 동대문닭한마리 솔직 후기,https://blog.naver.com/young5606/224300693015
c14abb808c63cb02,2026-05-30,동대문,한국 오면 생각나는 그 맛! 방이동 동대문닭한마리 솔직 후기,https://blog.naver.com/young5606/224300693015
c14abb808c63cb02,2026-05-30,송파,한국 오면 생각나는 그 맛! 방이동 동대문닭한마리 솔직 후기,https://blog.naver.com/young5606/224300693015
aad1ee33c74c5e91,2026-05-30,한남동,️ 서울 파인다이닝 | 레스토랑 산(SAN) 다녀온 후기 미슐랭...,https://blog.naver.com/mj-jimni/224300047857
aad1ee33c74c5e91,2026-05-30,용산,️ 서울 파인다이닝 | 레스토랑 산(SAN) 다녀온 후기 미슐랭...,https://blog.naver.com/mj-jimni/224300047857
a11fcf215aa1404c,2026-05-30,광화문,암소 서울 후기 | 생일날 제대로 대접받고 온 기념일 맛집 ✨,https://blog.naver.com/qmffntm501/224300685721
cd89209b0508ee73,2026-05-30,종로,"후기, 대학로 감성 제대로 느낀 데이트 장소 퓨전한식 맛집",https://blog.naver.com/firstnight1225/224300685374
cd89209b0508ee73,2026-05-30,혜화,"후기, 대학로 감성 제대로 느낀 데이트 장소 퓨전한식 맛집",https://blog.naver.com/firstnight1225/224300685374
cd89209b0508ee73,2026-05-30,대학로,"후기, 대학로 감성 제대로 느낀 데이트 장소 퓨전한식 맛집",https://blog.naver.com/firstnight1225/224300685374
060be76f9e94f259,2026-05-30,송파,군산오징어 본점 내돈내산 솔직후기,https://blog.naver.com/my_secret_place/224300685283
060be76f9e94f259,2026-05-30,석촌,군산오징어 본점 내돈내산 솔직후기,https://blog.naver.com/my_secret_place/224300685283
060be76f9e94f259,2026-05-30,석촌호수,군산오징어 본점 내돈내산 솔직후기,https://blog.naver.com/my_secret_place/224300685283
4b7e51ea252d72f8,2026-05-30,강남,강남 해담아구찜 솔직후기｜맛은 있는데 발라먹다 지쳤다ㅋㅋㅋ,https://blog.naver.com/jenny_dailyyy/224300684820
49e2deb2e093e153,2026-05-30,용산,용리단길 홍콩식 중식 맛집 “꺼거 용산” 점심•웨이팅 후기,https://blog.naver.com/pizzahelen/224300684715
8bf56ec8c0c2da10,2026-05-30,강남,"""강남역 직장인 점심 및 퇴근 후 한 잔 먹기 좋은 장소 !!...",https://blog.naver.com/sony_90/224300682007
1119ac5dc3cb41ee,2026-05-30,을지로,서울 동대문 종로 을지로 맛집 더드림왕수제핫바...,https://blog.naver.com/cooljuyoun1/224299848555
1119ac5dc3cb41ee,2026-05-30,종로,서울 동대문 종로 을지로 맛집 더드림왕수제핫바...,https://blog.naver.com/cooljuyoun1/224299848555
1119ac5dc3cb41ee,2026-05-30,동대문,서울 동대문 종로 을지로 맛집 더드림왕수제핫바...,https://blog.naver.com/cooljuyoun1/224299848555
af94cedd985bf646,2026-05-30,더현대서울,더현대 서울 디저트 팝업 5.29 - 6. 4 보따리제과점 돌하르밥...,https://blog.naver.com/loranzi/224300679149
616b59775259093a,2026-05-30,문래,문래 맛집 친구들과 함께 즐긴 고기,https://blog.naver.com/znfkrhrh/224300674702
28e0c411361063c4,2026-05-30,명동,"동대문 맛집 명동닭한마리 시조점 솔직 후기, 왜 유명한지...",https://blog.naver.com/eklee222/224300673732
28e0c411361063c4,2026-05-30,동대문,"동대문 맛집 명동닭한마리 시조점 솔직 후기, 왜 유명한지...",https://blog.naver.com/eklee222/224300673732
4577a6a9d793330c,2026-05-30,종로,"[종로] 내돈내산, 종로야장 어디로 갈까 나는 ""국제시장 포차""",https://blog.naver.com/kahu9003/224298659460
e02e1bcd8a8adb08,2026-05-30,홍대,"서교동백반집 추천, 집밥 생각날 때 찾게 되는 문숙이...",https://blog.naver.com/s9917104/224300350479
e02e1bcd8a8adb08,2026-05-30,마포,"서교동백반집 추천, 집밥 생각날 때 찾게 되는 문숙이...",https://blog.naver.com/s9917104/224300350479
b5e4efe22d264683,2026-05-30,잠실,[ 서울 /송파] 잠실 석촌호수 이색 닭갈비 맛집 _토닭토닭,https://blog.naver.com/su_vlog/224291428743
b5e4efe22d264683,2026-05-30,송파,[ 서울 /송파] 잠실 석촌호수 이색 닭갈비 맛집 _토닭토닭,https://blog.naver.com/su_vlog/224291428743
b5e4efe22d264683,2026-05-30,석촌,[ 서울 /송파] 잠실 석촌호수 이색 닭갈비 맛집 _토닭토닭,https://blog.naver.com/su_vlog/224291428743
b5e4efe22d264683,2026-05-30,석촌호수,[ 서울 /송파] 잠실 석촌호수 이색 닭갈비 맛집 _토닭토닭,https://blog.naver.com/su_vlog/224291428743
52a8d7f81283acf3,2026-05-30,교대,"서울 교대 맛집 [교대곱창] 후기(가격, 메뉴, 주차)",https://blog.naver.com/roamingdeer/224299787146
062a1afa1ff9350e,2026-05-30,합정,"빕스 합정 망고 시즌 다녀왔는데, 한국 망고 원탑이었다",https://blog.naver.com/asfhak777/224299835196
2c8c0a2f65762cac,2026-05-30,역삼,식사하기 좋은 방이편백 육분삼십 역삼역점은 왜 역삼 맛집 일까,https://blog.naver.com/chaseongsu113/224300670831
b34e5f6c2e5d3403,2026-05-30,합정,서울 합정 망원 맛집 <행진> 냉삼 맛집 -내돈내산✨,https://blog.naver.com/yeonsu0833/224300666695
b34e5f6c2e5d3403,2026-05-30,망원,서울 합정 망원 맛집 <행진> 냉삼 맛집 -내돈내산✨,https://blog.naver.com/yeonsu0833/224300666695
9a500ac248619e31,2026-05-30,을지로,"을지로 야장 가기 전 꼭 볼 가이드: 뜻부터 인기 골목, 웨이팅...",https://blog.naver.com/olly2773/224300662106
748578319ff6912e,2026-05-30,여의도,이자카야 감성 살린 서여의도 맛집 방문기,https://blog.naver.com/misun0457/224300659875
879c110a44dde175,2026-05-30,마포,공덕역 맛집 드렁킨타이 공덕점... 공덕 태국음식 맛집 추천,https://blog.naver.com/soo_jung1201/224300459142
879c110a44dde175,2026-05-30,공덕,공덕역 맛집 드렁킨타이 공덕점... 공덕 태국음식 맛집 추천,https://blog.naver.com/soo_jung1201/224300459142
b4e8b6d9767bfc2d,2026-05-30,을지로,종로3가 맛집 추천 비 오는 날 생각나는 만두전골 맛집 종가만두,https://blog.naver.com/hyeonji4983/224299341138
b4e8b6d9767bfc2d,2026-05-30,익선동,종로3가 맛집 추천 비 오는 날 생각나는 만두전골 맛집 종가만두,https://blog.naver.com/hyeonji4983/224299341138
b4e8b6d9767bfc2d,2026-05-30,종로,종로3가 맛집 추천 비 오는 날 생각나는 만두전골 맛집 종가만두,https://blog.naver.com/hyeonji4983/224299341138
16680938911056c0,2026-05-30,강남,맛짱조개 웨이팅없이 오징어회 먹은 평일 방문 후기,https://blog.naver.com/munmumm/224299463220
bc44e1b8fb45317f,2026-05-30,김포,김포공항 롯데몰 맛집 딘타이펑 롯데몰김포공항점 후기,https://blog.naver.com/bajo_camping/224297714686
c3c01de6eba4d3b9,2026-05-30,명동,명동역 근처 맛집 에서 즐긴 무쇠팬 김치삼겹의 특별한 매력,https://blog.naver.com/bgroaeww199/224300651709
50536e138e9817f8,2026-05-30,광화문,등촌동 광화문카츠 다녀온 후기,https://blog.naver.com/dairybean/224300646423
a105fa09d6c91d5b,2026-05-30,동대문,장한평역 근처 맛집 ｜친구랑 술한잔 하기 좋은 족발집 추천 ㅣ...,https://blog.naver.com/jjung871218/224299539814
c251137ab7002cb4,2026-05-30,사당,[신도림] 가브리살 수육 맛집 숙육집,https://blog.naver.com/songvivian/224300641285
c251137ab7002cb4,2026-05-30,인천,[신도림] 가브리살 수육 맛집 숙육집,https://blog.naver.com/songvivian/224300641285
6274c1b8d8fc7192,2026-05-30,종로,을지면옥 평양냉면 내돈내산｜평냉 입문 실패 없는 서울 3대...,https://blog.naver.com/oburi-/224300636527
86733bc4a550fb2f,2026-05-30,성수,"성수 디저트 추천, 과일 찹쌀떡 웨이팅 맛집 '한정선'",https://blog.naver.com/devsooki/224300633351
a8bc8a219f664c68,2026-05-30,인천,핸드폰부업,https://blog.naver.com/nicky-797/224300622819
a8bc8a219f664c68,2026-05-30,부산,핸드폰부업,https://blog.naver.com/nicky-797/224300622819
a8bc8a219f664c68,2026-05-30,대구,핸드폰부업,https://blog.naver.com/nicky-797/224300622819
a8bc8a219f664c68,2026-05-30,대전,핸드폰부업,https://blog.naver.com/nicky-797/224300622819
0e91bc6a447d6b1f,2026-05-30,망원,사랑에 빠진 모찌붕 망원 디저트 맛집 모찌방앗간 망원점,https://blog.naver.com/bespredel_official/224300617773
4e9f8c367b236921,2026-05-30,강남,"인생 빵집 발견! 강남역 카페 '베이커스트브라운', 결국 단골...",https://blog.naver.com/review76/224300614435
6f335d6c1b22611a,2026-05-30,일산,역촌동고기집 : 옥탑방에서 즐기는 미나리 삼겹살과 이베리코...,https://blog.naver.com/cbkt0001/224300606159
f8a92d2f6f9ab331,2026-05-30,강남,"[강남역 맛집 ] 11,000원 중식 무한리필 풍광중식뷔페 후기...",https://blog.naver.com/kidultss/224300603599
5439c05d00a65544,2026-05-30,부산,이 순간이 영원하길,https://blog.naver.com/cats0401/224300596759
840f96c6d1cf864b,2026-05-30,잠실,생방송 투데이 정순함박 잠실함박스테이크 송파 맛집,https://blog.naver.com/alsrb9810/224300474088
840f96c6d1cf864b,2026-05-30,송파,생방송 투데이 정순함박 잠실함박스테이크 송파 맛집,https://blog.naver.com/alsrb9810/224300474088
1aee5e8acd098e3b,2026-05-30,을지로,[ 서울 |시청|을지로] 유림면 * 서울 3대 메밀 * 미쉐린 서울,https://blog.naver.com/nyomnyomchop/224300588064
1aee5e8acd098e3b,2026-05-30,시청,[ 서울 |시청|을지로] 유림면 * 서울 3대 메밀 * 미쉐린 서울,https://blog.naver.com/nyomnyomchop/224300588064
bfb41d7f18e49c9c,2026-05-30,일산,[역촌동고기집] 추천! 고소한 이베리코와 야외 분위기,https://blog.naver.com/sndoqo/224300582680
4f39e667f442fb06,2026-05-30,김포,[김포 맛집 ] 아이와 함께 가기 좋은 롯데몰 김포공항점 맛집 만석장,https://blog.naver.com/marchpsm/224300581591
3f293358d08bc030,2026-05-30,종로,☁️내돈내산☁️ 서울맛집 [153구포국수],https://blog.naver.com/ho980677/224300578018
3f293358d08bc030,2026-05-30,동대문,☁️내돈내산☁️ 서울맛집 [153구포국수],https://blog.naver.com/ho980677/224300578018
eb40fd089aef2532,2026-05-30,일산,[ 서울 역말사거리 맛집 ] 솔직후기! 옥탑방에서 즐기는 미나리...,https://blog.naver.com/hansami77/224300577330
915827e91a458c0d,2026-05-30,일산,"역말사거리 맛집 , 옥탑방에서 만나보는 미나리 삼겹살의 매력",https://blog.naver.com/wndgns030921/224300577393
d775ade4e98d9998,2026-05-30,합정,서울 합정 [비노야 코스모스 ; vino屋 cosmos],https://blog.naver.com/s---m/224300573835
bb2fe8a6e6c847aa,2026-05-30,여의도,콘타이 아모레퍼시픽점,https://blog.naver.com/togo9035/224300572196
bb2fe8a6e6c847aa,2026-05-30,더현대서울,콘타이 아모레퍼시픽점,https://blog.naver.com/togo9035/224300572196
bb2fe8a6e6c847aa,2026-05-30,용산,콘타이 아모레퍼시픽점,https://blog.naver.com/togo9035/224300572196
8420ddd6d6c496c0,2026-05-30,삼성,더 버거 조인트 삼성점 방문기｜육즙 가득한 수제버거 맛집,https://blog.naver.com/inforvill/224300103033
0b4bcedb0c825ae3,2026-05-30,종로,양식 맛과 분위기 함께 즐기는 종로 맛집,https://blog.naver.com/mindlle2021/224300565619
b439c113f8a44275,2026-05-30,여의도,"여의도순대국 맛집 한첩 순대국밥, 국회의사당역 직장인...",https://blog.naver.com/boo_todayeats/224300563442
b439c113f8a44275,2026-05-30,사당,"여의도순대국 맛집 한첩 순대국밥, 국회의사당역 직장인...",https://blog.naver.com/boo_todayeats/224300563442
31d83302f1407713,2026-05-30,일산,"서울 역말사거리 맛집 , 은평구의 분위기 좋은 옥탑방",https://blog.naver.com/sndoqo/224300560367
48577465ed69d3ac,2026-05-30,용산,[용산] 타파코파 개야르 맛집 발견 ㅣ뽈뽀 ㅣ 꿀대구 ㅣ,https://blog.naver.com/limsua04/224300560564
48577465ed69d3ac,2026-05-30,대구,[용산] 타파코파 개야르 맛집 발견 ㅣ뽈뽀 ㅣ 꿀대구 ㅣ,https://blog.naver.com/limsua04/224300560564
f78f2c57dd6da7ef,2026-05-30,역삼,[ 서울 영등포] [내돈내산] 넷플릭스 미친 맛집 시즌 5 삼계탕...,https://blog.naver.com/idave0609/224300559250
d23cd24cbd39e28f,2026-05-30,을지로,종로3가 맛집 <종가만두>｜13... 재방문하고 싶은 수제만두 맛집,https://blog.naver.com/kevin6227/224300559052
d23cd24cbd39e28f,2026-05-30,종로,종로3가 맛집 <종가만두>｜13... 재방문하고 싶은 수제만두 맛집,https://blog.naver.com/kevin6227/224300559052
95649ba5bbd9ecb1,2026-05-30,한남동,한남동 맛집 주차와 이동 확인한 후기 흐름,https://blog.naver.com/jdkim8411/224300559025
7999a463b6600726,2026-05-30,일산,[역촌동역말사거리 맛집 ] 추천! 옥탑방의 특별한 미나리 삼겹살,https://blog.naver.com/kjhoon921/224300558387
ab679c2b53ee1eb5,2026-05-30,신촌,신촌현대백화점 지하 식당 맛집 추천 '딤타오' DIMTAO 홍콩 혼밥,https://blog.naver.com/youngandone4ever/224295776408
120199c211bafea7,2026-05-30,일산,"서울 재활병원근처 맛집 , 옥탑방에서 즐기는 미나리 삼겹살",https://blog.naver.com/seheeitams14/224300557462
66d1fb1eaab58fed,2026-05-30,부산,폰 용량 초과 일보 직전 급하게 풀어보는 맛집 들,https://blog.naver.com/j_1365244_/224300556613
da14bb29bf0ba480,2026-05-30,성수,성수 맛집 육류 한상 차린 점심 방문기,https://blog.naver.com/ongdaeun/224300555346
3a57d14b0d361c20,2026-05-30,홍대,"연희 홍대 / 도자기 핸드페인팅 체험, 연희동 이색 데이트 코스...",https://blog.naver.com/221022_/224300552748
a0afa80e3a058e6a,2026-05-30,용산,[요이땅 남영] 남영동 - 생맥주를 제대로 즐기고 싶다면,https://blog.naver.com/sanggyeongman/224300548918
44969c1e473f214a,2026-05-30,홍대,분위기와 서비스 모두 좋은 홍대 와인바 “카비넷”,https://blog.naver.com/mkchung99/224300546795
bcd74a00af9d4f8d,2026-05-30,문래,[문래동 맛집 ] 스미비맨 문래본점 | 문래창작촌 데이트하기 좋은...,https://blog.naver.com/hyo99oo99/224300541838
7f1ee91c98cd48c3,2026-05-30,종로,광화문 맛집 대봉칼국수보쌈 비 오는 날 더 생각나는 진한 국물...,https://blog.naver.com/king45111/224300538819
7f1ee91c98cd48c3,2026-05-30,광화문,광화문 맛집 대봉칼국수보쌈 비 오는 날 더 생각나는 진한 국물...,https://blog.naver.com/king45111/224300538819
68698b4e7251cf21,2026-05-30,종로,광화문 맛집 대봉칼국수보쌈 깊고 담백한 한 그릇이 기억에...,https://blog.naver.com/eianna00/224300538048
68698b4e7251cf21,2026-05-30,광화문,광화문 맛집 대봉칼국수보쌈 깊고 담백한 한 그릇이 기억에...,https://blog.naver.com/eianna00/224300538048
c1970abac068ff27,2026-05-30,강남,"전복부터 장어, 들기름 면까지 완벽했던 ‘윤 서울 ’",https://blog.naver.com/meraki3827/224300536564
c1970abac068ff27,2026-05-30,압구정,"전복부터 장어, 들기름 면까지 완벽했던 ‘윤 서울 ’",https://blog.naver.com/meraki3827/224300536564
9790fcba19be7a2c,2026-05-30,강남,강남 맛집 이자 든든한 한끼 대접하기 좋은 오봉집 선릉점 솔직후기,https://blog.naver.com/hotchuuday/224300535486
9790fcba19be7a2c,2026-05-30,선릉,강남 맛집 이자 든든한 한끼 대접하기 좋은 오봉집 선릉점 솔직후기,https://blog.naver.com/hotchuuday/224300535486
9790fcba19be7a2c,2026-05-30,역삼,강남 맛집 이자 든든한 한끼 대접하기 좋은 오봉집 선릉점 솔직후기,https://blog.naver.com/hotchuuday/224300535486
90b7f33adb5ede14,2026-05-30,광화문,맛집 ] 광화문에 상륙한 도쿄 미쉐린 빕구르망 장어덮밥 맛집 ...,https://blog.naver.com/clzlsalskfl/224300535521
20b2921d6c001b2e,2026-05-30,여의도,"여의도 맛집 추천, 볏짚구이가 매력적인 여의도 양갈비 맛집 ...",https://blog.naver.com/boo_todayeats/224300533775
4f7285d3cd41b7d6,2026-05-30,강남,"삼계탕 맛집 서초동 ""3대삼계장인""",https://blog.naver.com/gorira33/224300533241
4f7285d3cd41b7d6,2026-05-30,서초,"삼계탕 맛집 서초동 ""3대삼계장인""",https://blog.naver.com/gorira33/224300533241
4f7285d3cd41b7d6,2026-05-30,교대,"삼계탕 맛집 서초동 ""3대삼계장인""",https://blog.naver.com/gorira33/224300533241
137ca980e1c557e4,2026-05-30,강남,"현지인 vs 관광객, 둘 다 인정한 닭갈비 맛집 5",https://blog.naver.com/am9-25/224296093327
137ca980e1c557e4,2026-05-30,춘천,"현지인 vs 관광객, 둘 다 인정한 닭갈비 맛집 5",https://blog.naver.com/am9-25/224296093327
89e43ca3bbc835a5,2026-05-30,마포,상암동 양은이네 동태탕 & 오징어보쌈 직장인 맛집 추천 동태 찌개,https://blog.naver.com/youngandone4ever/224295721671
89e43ca3bbc835a5,2026-05-30,상암,상암동 양은이네 동태탕 & 오징어보쌈 직장인 맛집 추천 동태 찌개,https://blog.naver.com/youngandone4ever/224295721671
24a9f18230f3268f,2026-05-30,강남,강남 수제버거 끝판왕 등장 분위기까지 힙한 “다운타우너...,https://blog.naver.com/ehd45741/224300526230
ce5cde2722638634,2026-05-30,여의도,"여의도 더현대 서울 현대백화점 파이브가이즈, 바오 서울 ...",https://blog.naver.com/koohr01/224300469466
ce5cde2722638634,2026-05-30,더현대서울,"여의도 더현대 서울 현대백화점 파이브가이즈, 바오 서울 ...",https://blog.naver.com/koohr01/224300469466
7cafc1f6b506685a,2026-05-30,잠실,잠실 수제 에그누들 완탕면 맛집 '홍콩완탕면' | 점심 혹은 저녁...,https://blog.naver.com/daonvely/224300521617
2d88578f710c9e06,2026-05-30,시청,덕수궁 돌담길 맛집 덕수정 위치와 메뉴 정보 완벽 가이드,https://blog.naver.com/czestyle/224300520666
0a5faa91340b229f,2026-05-30,상수,서울 데이트 어디 가지? 분위기까지 미쳤다는 화덕피자 맛집 5,https://blog.naver.com/am9-25/224295371976
0a5faa91340b229f,2026-05-30,마포,서울 데이트 어디 가지? 분위기까지 미쳤다는 화덕피자 맛집 5,https://blog.naver.com/am9-25/224295371976
0dab865cc78ece61,2026-05-30,강남,[신사역 맛집 ] 카이센동... 좋아하면 저장해야 할 신사 맛집,https://blog.naver.com/happy-ja/224300519957
0dab865cc78ece61,2026-05-30,신사,[신사역 맛집 ] 카이센동... 좋아하면 저장해야 할 신사 맛집,https://blog.naver.com/happy-ja/224300519957
0dab865cc78ece61,2026-05-30,압구정,[신사역 맛집 ] 카이센동... 좋아하면 저장해야 할 신사 맛집,https://blog.naver.com/happy-ja/224300519957
6a1c2c00b41ae8c1,2026-05-29,연남동,무한도전 맛집 감나무집 기사식당 연남동 방문 후기,https://blog.naver.com/psy314sun/224300517558
6a1c2c00b41ae8c1,2026-05-29,홍대,무한도전 맛집 감나무집 기사식당 연남동 방문 후기,https://blog.naver.com/psy314sun/224300517558
88c245099ff1a0c3,2026-05-29,마포,마포 공덕역 맛집 곱 마포직영점 소곱창 회식 하기 좋은 곳,https://blog.naver.com/sigor0910/224300517130
88c245099ff1a0c3,2026-05-29,공덕,마포 공덕역 맛집 곱 마포직영점 소곱창 회식 하기 좋은 곳,https://blog.naver.com/sigor0910/224300517130
75f630160a45aacf,2026-05-29,뚝섬,자양동족발 족발집배원 자양점 화덕족발 보쌈세트 후기,https://blog.naver.com/qls0816/224300516522
75f630160a45aacf,2026-05-29,건대,자양동족발 족발집배원 자양점 화덕족발 보쌈세트 후기,https://blog.naver.com/qls0816/224300516522
76215964a32918b8,2026-05-29,종로,종로 종각 없는게 없는 샤브샤브 무한리필 맛집 :: 샤브가든...,https://blog.naver.com/oldnewdiff/224300514836
acac3dbffd0a55ae,2026-05-29,안국,런던베이글뮤지엄 안국 | 4시간 웨이팅하고 먹어본 솔직 후기,https://blog.naver.com/mygoaway/224300514775
acac3dbffd0a55ae,2026-05-29,북촌,런던베이글뮤지엄 안국 | 4시간 웨이팅하고 먹어본 솔직 후기,https://blog.naver.com/mygoaway/224300514775
81cb292cf46f5c17,2026-05-29,방배,방이동 맛집 추천｜이가네양꼬치 내돈내산 후기,https://blog.naver.com/dda22_log/224300513781
04b59abdcde29e2e,2026-05-29,혜화,"대학로에서 제대로 즐긴 1인 훠궈 무한리필, 훠궈먹고...",https://blog.naver.com/cjrnrdmlskan/224300513154
04b59abdcde29e2e,2026-05-29,대학로,"대학로에서 제대로 즐긴 1인 훠궈 무한리필, 훠궈먹고...",https://blog.naver.com/cjrnrdmlskan/224300513154
ded4db0fff088074,2026-05-29,망원,동래정 고덕점 (강동구 고덕동),https://dumbndumber.co.kr/101246736
ded4db0fff088074,2026-05-29,강동,동래정 고덕점 (강동구 고덕동),https://dumbndumber.co.kr/101246736
ed18dbb2851c3dea,2026-05-29,연남동,홍대 가면 꼭 먹어봐야 하는 맛집 추천,https://blog.naver.com/yulaness/224300511516
ed18dbb2851c3dea,2026-05-29,홍대,홍대 가면 꼭 먹어봐야 하는 맛집 추천,https://blog.naver.com/yulaness/224300511516
ed18dbb2851c3dea,2026-05-29,합정,홍대 가면 꼭 먹어봐야 하는 맛집 추천,https://blog.naver.com/yulaness/224300511516
ed18dbb2851c3dea,2026-05-29,상수,홍대 가면 꼭 먹어봐야 하는 맛집 추천,https://blog.naver.com/yulaness/224300511516
f313c12f062ec608,2026-05-29,여의도,진진수라 여의도점 서울 한정식 맛집 여의도상견례 회식장소,https://blog.naver.com/mgirl0213/224300510862
9257d022425fb350,2026-05-29,종로,종각역 맛집 종로반상회 다녀왔어요! 보쌈 좋아하면 꼭 가봐야...,https://blog.naver.com/chocobee_-/224300508696
cb769a21c1428f54,2026-05-29,여의도,더현대 서울 맛집 여의도 점심 혼밥 바스버거 여의도점,https://blog.naver.com/boramjb/224300506356
cb769a21c1428f54,2026-05-29,더현대서울,더현대 서울 맛집 여의도 점심 혼밥 바스버거 여의도점,https://blog.naver.com/boramjb/224300506356
af6d4b70cea67157,2026-05-29,강남,신세계 강남점 파작(PAZAC) 후기｜잠봉 트러플 허니버터·RTM...,https://blog.naver.com/gmlsla2/224300505039
e35790c1553cc08a,2026-05-29,종로,"종로일식 맛집 [아이소], 육즙 가득 한우 함바그 데이트 후기",https://blog.naver.com/hi304823/224300503273
940652216f8abdb7,2026-05-29,강동,"[ 서울 /강동구] 천호... 강동구 곱창,삼겹살 맛집 청방곱창 리뷰 .....",https://blog.naver.com/seyoung7078/224300500837
940652216f8abdb7,2026-05-29,천호,"[ 서울 /강동구] 천호... 강동구 곱창,삼겹살 맛집 청방곱창 리뷰 .....",https://blog.naver.com/seyoung7078/224300500837
3198467130d2c074,2026-05-29,마곡,"훈장만두 양천향교역점, 만두 종류 총정리",https://blog.naver.com/dh334525/224300473646
2ef99767a7adcce8,2026-05-29,광화문,"광화문 서머셋팰리스, 배고픈 사람 데리고 가면 위험함...",https://blog.naver.com/parkgoon7612/224300497341
c15e679b899ce38e,2026-05-29,을지로,"[을지로 맛집 ] 평양냉면 제대로 하는 을지로 또간집 ""대엽 을지로""",https://blog.naver.com/clzlsalskfl/224300491602
3edc0bcae9c972c6,2026-05-29,성수,서울 성수 데이릿 퓨전한식 맛집 데이트 추천,https://blog.naver.com/gjekdud0155/224300487407
3edc0bcae9c972c6,2026-05-29,뚝섬,서울 성수 데이릿 퓨전한식 맛집 데이트 추천,https://blog.naver.com/gjekdud0155/224300487407
08e8da89604abad9,2026-05-29,연남동,연남동(26.05.29),https://blog.naver.com/orangepipi-79/224300481626
08e8da89604abad9,2026-05-29,홍대,연남동(26.05.29),https://blog.naver.com/orangepipi-79/224300481626
f6a651843a3aefb0,2026-05-29,북촌,"미술관 전시 감상 후 삼청동을 거닐다 찾은 맛집 , 삼청동 수제비",https://blog.naver.com/designerkim/224300480858
f6a651843a3aefb0,2026-05-29,종로,"미술관 전시 감상 후 삼청동을 거닐다 찾은 맛집 , 삼청동 수제비",https://blog.naver.com/designerkim/224300480858
9945b6d63121b7fd,2026-05-29,뚝섬,뚝섬 맛집 샤오롱바오｜자양동 골목에서 만난 정통 중국 만두와...,https://blog.naver.com/eianna00/224300478500
153b35c67c92a7b9,2026-05-29,일산,"지금 꼭 가야 하는 일산 맛집 고자리냉면, 북한산 뷰 파노라마...",https://blog.naver.com/nini_s_/224300477379
7373c1b842770e80,2026-05-29,강남,청담동에서 삼겹살 먹는다면? 여긴 저장 필수 돈블랑...,https://blog.naver.com/msgmsg-/224300475142
7373c1b842770e80,2026-05-29,청담,청담동에서 삼겹살 먹는다면? 여긴 저장 필수 돈블랑...,https://blog.naver.com/msgmsg-/224300475142
b2d81130194a5f9a,2026-05-29,마포,그릭요거트와 샌드위치 맛집 서울 마포 포요포요 내돈내산 후기,https://blog.naver.com/nodaklog/224300469492
13e83bc866924a2c,2026-05-29,여의도,현선이네 프리미엄 IFC몰점 - 여의도떡볶이 맛집,https://blog.naver.com/kkhm5846/224300468219
13e83bc866924a2c,2026-05-29,더현대서울,현선이네 프리미엄 IFC몰점 - 여의도떡볶이 맛집,https://blog.naver.com/kkhm5846/224300468219
4e8c6e43621dfc0d,2026-05-29,강남,서울 | 내돈내산 논현 횟집 추천 ' 속초오징어어시장 ',https://blog.naver.com/sojeong2009/224300467782
4e8c6e43621dfc0d,2026-05-29,속초,서울 | 내돈내산 논현 횟집 추천 ' 속초오징어어시장 ',https://blog.naver.com/sojeong2009/224300467782
8d5a564b09472d19,2026-05-29,잠실,쉐이크쉑 잠실점 방문 후기 | 내돈내산 혼밥 전메뉴 가격표포함,https://blog.naver.com/daram_2605/224300466385
89e4f5c97b65af78,2026-05-29,송파,문정역 술집 사운드랩 법조단지 근처 맥주 칵테일 펍 혼술 추천...,https://blog.naver.com/mango______/224300463403
c82b1725f14068cd,2026-05-29,을지로,을지로 횟집 미진일식 회정식 가성비 B코스 후기,https://blog.naver.com/mg0s2/224300457487
c82b1725f14068cd,2026-05-29,광화문,을지로 횟집 미진일식 회정식 가성비 B코스 후기,https://blog.naver.com/mg0s2/224300457487
11bd4343cebd79e3,2026-05-29,여의도,여의도 더현대 서울 미소를 부르는 맛있는 한입! 5/29~6/4 팝업...,https://blog.naver.com/evtmedia/224300456431
11bd4343cebd79e3,2026-05-29,더현대서울,여의도 더현대 서울 미소를 부르는 맛있는 한입! 5/29~6/4 팝업...,https://blog.naver.com/evtmedia/224300456431
ab6642ff2d42018e,2026-05-29,문래,[ 서울 /문래역] 문래창작촌 이자카야 맛집 ‘산수 문래본점’,https://blog.naver.com/bluvh04/224300456111
863866874209bedb,2026-05-29,용산,삼각지역 맛집 고봉당 용산점 용리단길 등갈비 한식,https://blog.naver.com/designwest/224300455026
718266ea5ec56cc4,2026-05-29,강남,신논현역 부대찌개 맛집 부찌남 후기! 웨이팅도 감수하게...,https://blog.naver.com/parkplm098/224300453582
718266ea5ec56cc4,2026-05-29,서초,신논현역 부대찌개 맛집 부찌남 후기! 웨이팅도 감수하게...,https://blog.naver.com/parkplm098/224300453582
86f92da3cd7eb488,2026-05-29,문래,"깜놀스시, 추천스시집,이한스시, 서울맛집 ,문래동맛집,초밥,횟집",https://blog.naver.com/meaningfulwork/224300451854
f0522d71380e1425,2026-05-29,연남동,"연남동피자파스타, 연남동 가성비파스타, 여러분~안스키친...",https://blog.naver.com/dunge35/224300448655
f0522d71380e1425,2026-05-29,홍대,"연남동피자파스타, 연남동 가성비파스타, 여러분~안스키친...",https://blog.naver.com/dunge35/224300448655
f0522d71380e1425,2026-05-29,마포,"연남동피자파스타, 연남동 가성비파스타, 여러분~안스키친...",https://blog.naver.com/dunge35/224300448655
6d8c94267c08f213,2026-05-29,강남,강남 신동궁감자탕 뼈숯불구이 역삼직영점 강남주민 찐 맛집 ...,https://blog.naver.com/lee_doll/224300448530
6d8c94267c08f213,2026-05-29,역삼,강남 신동궁감자탕 뼈숯불구이 역삼직영점 강남주민 찐 맛집 ...,https://blog.naver.com/lee_doll/224300448530
5e7e4b813c7bf0c0,2026-05-29,홍대,「어매이징농카이」 ┄ 태국음식 후기﹍ ▸ 서울 마포구 홍대,https://blog.naver.com/vvvmmll/224300447417
5e7e4b813c7bf0c0,2026-05-29,마포,「어매이징농카이」 ┄ 태국음식 후기﹍ ▸ 서울 마포구 홍대,https://blog.naver.com/vvvmmll/224300447417
5bbdc138a9cb3ad4,2026-05-29,송파,송파 석촌동 칼국수 맛집 ‘김경자 원조손칼국수&보쌈 석촌점’...,https://blog.naver.com/solhanrla712/224300445050
5bbdc138a9cb3ad4,2026-05-29,석촌,송파 석촌동 칼국수 맛집 ‘김경자 원조손칼국수&보쌈 석촌점’...,https://blog.naver.com/solhanrla712/224300445050
55e74fa76e4b8b7e,2026-05-29,을지로,명동데이트 맛집 추천 | 은앤정명동닭갈비 치즈닭갈비 후기,https://blog.naver.com/rkdxmr15/224300443303
55e74fa76e4b8b7e,2026-05-29,명동,명동데이트 맛집 추천 | 은앤정명동닭갈비 치즈닭갈비 후기,https://blog.naver.com/rkdxmr15/224300443303
fbdbb48fc7f7c7b0,2026-05-29,시청,시원한 국물 맛이 일품인 서울 시청역 맛집 현대칼국수,https://blog.naver.com/osh7550/224300441696
4e0ff829e9041e76,2026-05-29,일산,"서울 재활병원근처식당, 옥탑방에서 맛보는 미나리 삼겹살의 매력",https://blog.naver.com/qopqop0/224300436824
813ab2c9204bfc12,2026-05-29,신촌,{찐찐 신촌역카레 맛집 후기} 맵기 조절 가능한 일본식카레 맛집 ...,https://blog.naver.com/daily__ella/224300435855
fc946d7780476123,2026-05-29,북촌,공주가 선택한 칼국수(?)⌈율동칼국수⌋ | 북촌 맛집 추천,https://blog.naver.com/hijiguya/224300435352
a25873fd74c1d98d,2026-05-29,일산,"역촌근처 맛집 , 옥탑방에서 미나리 삼겹살을 즐기다!",https://blog.naver.com/ssleefo/224300433886
a5a3dddf7df404ab,2026-05-29,을지로,[ 서울 명동] 명동 직장인 한식... 제육볶음 맛집 '미래식당' 솔직...,https://blog.naver.com/gray-log/224300430076
a5a3dddf7df404ab,2026-05-29,명동,[ 서울 명동] 명동 직장인 한식... 제육볶음 맛집 '미래식당' 솔직...,https://blog.naver.com/gray-log/224300430076
195ba90fedaa7273,2026-05-29,전주,영등포 야장 | 생삼겹살 맛집 전주집 주말 내돈내산 방문 후기,https://blog.naver.com/sandy0353/224300428400
fa9738ed7ba67688,2026-05-29,서촌,서촌카페 슈퍼푸드 아사이볼 혼자 먹기도 가능한 망고맘보,https://blog.naver.com/alohakalea/224300428192
fa9738ed7ba67688,2026-05-29,종로,서촌카페 슈퍼푸드 아사이볼 혼자 먹기도 가능한 망고맘보,https://blog.naver.com/alohakalea/224300428192
cd71ff907fd1bd52,2026-05-29,합정,"[상수역] 합정 1,900원 생맥주, 가성비 2차술집 , 합정 상수...",https://blog.naver.com/pmj9030/224300424602
cd71ff907fd1bd52,2026-05-29,상수,"[상수역] 합정 1,900원 생맥주, 가성비 2차술집 , 합정 상수...",https://blog.naver.com/pmj9030/224300424602
22a34ce4a3b1b03a,2026-05-29,을지로,"을지로 맛집 우기식당 을지로, 숙성회반해산물반으로 퇴근 후...",https://blog.naver.com/pacho_/224300423086
22a34ce4a3b1b03a,2026-05-29,종로,"을지로 맛집 우기식당 을지로, 숙성회반해산물반으로 퇴근 후...",https://blog.naver.com/pacho_/224300423086
26296bf6e3eecc61,2026-05-29,서초,[ 서울 /서초구] 오늘도보쌈칼국... 남부터미널 맛집 ...,https://blog.naver.com/jesus7762/224300419806
8e5d4e7ade4597e1,2026-05-29,홍대,"[합정역] 홍대 서교동 삼겹살 맛집 , 홍대 고기집 <솥돈 홍대점>",https://blog.naver.com/pmj9030/224300417994
8e5d4e7ade4597e1,2026-05-29,합정,"[합정역] 홍대 서교동 삼겹살 맛집 , 홍대 고기집 <솥돈 홍대점>",https://blog.naver.com/pmj9030/224300417994
8e5d4e7ade4597e1,2026-05-29,마포,"[합정역] 홍대 서교동 삼겹살 맛집 , 홍대 고기집 <솥돈 홍대점>",https://blog.naver.com/pmj9030/224300417994
6682644f2d9a7c5d,2026-05-29,강남,"선릉순대국 맛집 찾는다면 여기, 선릉을지순대국 선릉점 솔직후기",https://blog.naver.com/chaewoontop1/224300412846
6682644f2d9a7c5d,2026-05-29,선릉,"선릉순대국 맛집 찾는다면 여기, 선릉을지순대국 선릉점 솔직후기",https://blog.naver.com/chaewoontop1/224300412846
38e673dceaef749e,2026-05-29,여의도,"여의도 기념일 데이트 추천, 아코르계열 호텔나루 서울 ...",https://blog.naver.com/jena9898/224300411705
f7da99ef9be9fce9,2026-05-29,동대문,회기역 수제버거 맛집 경희대 맛집 혼밥가능한 1986시부야버거,https://blog.naver.com/sodalited/224300410582
7c073d796ce878b6,2026-05-29,인천,[전현무계획 맛집 총정리] 전국 지역별 맛집 지도 ( 서울 부터...,https://blog.naver.com/lacvert3740/224300409014
7c073d796ce878b6,2026-05-29,부산,[전현무계획 맛집 총정리] 전국 지역별 맛집 지도 ( 서울 부터...,https://blog.naver.com/lacvert3740/224300409014
7c073d796ce878b6,2026-05-29,제주,[전현무계획 맛집 총정리] 전국 지역별 맛집 지도 ( 서울 부터...,https://blog.naver.com/lacvert3740/224300409014
7c073d796ce878b6,2026-05-29,대구,[전현무계획 맛집 총정리] 전국 지역별 맛집 지도 ( 서울 부터...,https://blog.naver.com/lacvert3740/224300409014
7c073d796ce878b6,2026-05-29,대전,[전현무계획 맛집 총정리] 전국 지역별 맛집 지도 ( 서울 부터...,https://blog.naver.com/lacvert3740/224300409014
7c073d796ce878b6,2026-05-29,광주,[전현무계획 맛집 총정리] 전국 지역별 맛집 지도 ( 서울 부터...,https://blog.naver.com/lacvert3740/224300409014
d5469c9c424c7e08,2026-05-29,잠실,"[잠실] 야장 맛집 , 야구 경기 보며 생맥주 한잔하기 좋은 곳",https://blog.naver.com/hyemku/224300406606
cbbb790a96d1cadf,2026-05-29,종로,동묘 웨이팅 맛집 동묘집 평일 방문 후기,https://blog.naver.com/m0m00m/224300404482
3c6e19f4275ac4ca,2026-05-29,잠실,엄마랑 롯데월드몰 데이트 세상의 모든 아침 솔직 후기,https://blog.naver.com/richunis/224300404095
3c6e19f4275ac4ca,2026-05-29,송파,엄마랑 롯데월드몰 데이트 세상의 모든 아침 솔직 후기,https://blog.naver.com/richunis/224300404095
a4a00f2b4838da9d,2026-05-29,동대문,휘경동 해장국 일품정 해장국,https://blog.naver.com/jkleecnu/224300402041
8b41ebf11fd87453,2026-05-29,압구정,(압구정하루) 압구정 로데오,https://blog.naver.com/yejjam_madjido/224300400748
038fdf5a9d30d192,2026-05-29,종로,종로 핫플 등판.. 천장에 항아리가 가득한 한옥 카페...,https://blog.naver.com/99_percent_/224300399123
2076a9e8562fea67,2026-05-29,종로,안주 맛이 미쳐버린 혜화 맛집 고엔 솔직후기(+안키모 오이김밥...,https://blog.naver.com/mukdabi/224299925013
2076a9e8562fea67,2026-05-29,혜화,안주 맛이 미쳐버린 혜화 맛집 고엔 솔직후기(+안키모 오이김밥...,https://blog.naver.com/mukdabi/224299925013
2076a9e8562fea67,2026-05-29,분당,안주 맛이 미쳐버린 혜화 맛집 고엔 솔직후기(+안키모 오이김밥...,https://blog.naver.com/mukdabi/224299925013
a183c57122a12c4b,2026-05-29,여의도,"더현대 서울 맛집 추천, 우니도에서 즐긴 고급스러운 한 끼...",https://blog.naver.com/ksj6096/224300396628
a183c57122a12c4b,2026-05-29,더현대서울,"더현대 서울 맛집 추천, 우니도에서 즐긴 고급스러운 한 끼...",https://blog.naver.com/ksj6096/224300396628
814273131f6a25ba,2026-05-31,부산,부산 삼광사 연등축제 야경 부처님오신날 가볼만한곳,https://blog.naver.com/jjung_gojibi/224301950104
411e4c71e479e0f4,2026-05-31,제주,전국 수국 명소 추천,https://blog.naver.com/jj3jhwa/224301947961
3a1fe13c0896a9ba,2026-05-31,강릉,바다가 안녕이라 그랬어요!,https://blog.naver.com/milkjelly79/224301947984
528fa738ceafa648,2026-05-31,속초,120일 뚱땅이와 1박2일 카시아속초 호캉스 (+준비물리스트),https://blog.naver.com/mystarx/224301946399
7370bc47143989a3,2026-05-31,광주,국가유산 국내 여행 5 필암서원,https://blog.naver.com/petty0522/224301946737
7f874f193597302b,2026-05-31,코엑스,2026 제41회 서울국제관광전 코엑스 일정 총정리2026....,https://blog.naver.com/archive_8576/224301943387
591ff96c6f18d092,2026-05-31,수원,[수원 화성행궁] 행차시간,https://blog.naver.com/kse318402/224301943886
659ac1dfe1bc53f8,2026-05-31,부산,"정신과 환자의 국내 여행 05/31 - ""부산으로~""",https://blog.naver.com/javachip_01/224301942271
ffa93b50e0dc36a0,2026-05-31,속초,속초에서 서울 가는 방법,https://blog.naver.com/bonitasabina/224301928109
0ba3c5452d64fa7a,2026-05-31,강릉,[강릉 여행 ] 부모님이랑 즉흥으로 떠나는 강릉 여행 오션뷰 숙소...,https://blog.naver.com/fndmlek/224301938638
55585e5505f468f4,2026-05-31,경주,경주 겨울 2박3일 여행 1일차,https://blog.naver.com/choheeya_/224301938934
e25c074d2528df21,2026-05-31,부산,부산역 호텔 추천! 토요코인 부산역1호점 장단점 총정리,https://blog.naver.com/goodfinds/224301796903
965a57e9afc0f059,2026-05-31,가평,[열또남매]아침고요가족동물과 꼬모키즈풀빌라...,https://blog.naver.com/thebold-/224301935372
1b3f9ac545f90a8d,2026-05-31,춘천,남춘천에서 놀다! 요 [숙소와 산책길],https://blog.naver.com/lily5233/224301930487
f85f548b9469220c,2026-05-31,삼성,"삼성월렛 미국 여권 등록, 공항 편의보다 먼저 봐야 할 조건",https://blog.naver.com/tech_read_lab/224301930049
9186c1622cf17e69,2026-05-31,잠실,[2026 국내여행 ] 잠실역에서 진행되는 '메이플 어택' 행사에...,https://blog.naver.com/replay_world/224301926287
e4b51653511a9343,2026-05-31,광명,당일치기 여행 추천! 삼선산수목원 산책부터 군산 경암동...,https://blog.naver.com/mejanran84/224301921554
b86383aa54d2a4c1,2026-05-31,전주,태교 나들이 in 전주♥,https://blog.naver.com/harolg/224301914834
1b7373d77aecd94a,2026-05-31,속초,속초 강아지 여행 어디가 좋을까요? 애견동반 여행 지 추천...,https://blog.naver.com/wjsckdfuf123/224301914101
b820681371667103,2026-05-31,송도,호객없이 깔끔한 가성비 부산 송도 맛집 '광성호 횟집',https://blog.naver.com/sbling356/224301913243
b820681371667103,2026-05-31,부산,호객없이 깔끔한 가성비 부산 송도 맛집 '광성호 횟집',https://blog.naver.com/sbling356/224301913243
7e55c205b257ae7c,2026-05-31,광주,"전현무계획 광주 맛집 총정리, 송정5일시장부터 육전 맛집까지",https://blog.naver.com/namaksin14/224301887258
27a997954ab40a63,2026-05-31,부산,해운대 여행 다녀온 짧은 후기,https://blog.naver.com/royalteamsky3/224301904913
5126875b39c15a2f,2026-05-31,성수,"[2026 전국 여행 07] 흐린 아침 끝에 반짝이던 물길, 안동...",https://blog.naver.com/kim_summer26/224301905338
dd8b1a1562a74847,2026-05-31,파주,서울근교에 있는 독채풀빌라 중휴림에 방문해서 수영장...,https://blog.naver.com/flastork2/224301903158
ee5a5afc59ecc09b,2026-05-31,대구,"26.05.01~05.04 대구, 천안, 통영 여행",https://blog.naver.com/hjdk0919/224301902266
40e858d8da581ea6,2026-05-31,부산,"여행 ] 조개구이, 대게, 꼼장어… 결국 먹다가 끝난 부산 여행 ...",https://blog.naver.com/james_3030/224301896264
66b9dd6b9541a1b3,2026-05-31,부산,[경남][부산] 남파랑길 5-6코스,https://blog.naver.com/parkyeonkyu/224301895531
9c2cac7aeab2933a,2026-05-31,경주,"[월간일기] 초록빛이 좋아, 5월",https://blog.naver.com/summerblossom__/224301894464
a24a3fe3464c0b7a,2026-05-31,대전,대전 가볼만한 곳 | 한밭수목원 주차부터 관람 후기까지,https://blog.naver.com/sooyontheroad/224301894101
e71b785228b22e0d,2026-05-31,파주,"파주 반구정, 가을 정취 속에서 만난 황희 정승의 숨결",https://blog.naver.com/parkyjdk7/224301889878
48b99ebc0ad938d9,2026-05-31,동대문,배봉산숲속폭포 및 미디어파사드 관람 후기 및 꿀팁 소개!,https://blog.naver.com/joongbin2/224301884958
7850e8c114a3549e,2026-05-31,광주,"[칠곡 여행 ] 매원마을에서 만난 선물 같은 인연, 광주 이씨...",https://blog.naver.com/sunny-11111/224301880574
3e51fb6561357801,2026-05-31,춘천,[강원 춘천시] 물뭍 방문 후기,https://blog.naver.com/elin__yu/224301880853
4050cd05d5267bf4,2026-05-31,전주,들쭉날쭉 일상 모음 zip,https://blog.naver.com/newjinji/224301878279
4050cd05d5267bf4,2026-05-31,제주,들쭉날쭉 일상 모음 zip,https://blog.naver.com/newjinji/224301878279
17d2cb1474124609,2026-05-31,인천,5월 3인 가족 인천 송도 1박 2일 가성비 여행 경비(14만원),https://blog.naver.com/sogoodtous/224301878781
17d2cb1474124609,2026-05-31,송도,5월 3인 가족 인천 송도 1박 2일 가성비 여행 경비(14만원),https://blog.naver.com/sogoodtous/224301878781
896149951c9f6eb0,2026-05-31,동대문,밤이 찾아오면 배송산숲속둘레길은 더 아름다워집니다!,https://blog.naver.com/joongbin2/224301878569
115947b858b1a826,2026-05-31,양양,낙산사 템플스테이 예약방법 휴식형 1박2일 1인실 후기 및...,https://blog.naver.com/coco_store/224301393996
77a59b47712fae67,2026-05-31,남산,"[ 국내여행 ] 나만 알고 싶은 감성 한 스푼, 남산동 카페...",https://blog.naver.com/thffhtndus22/224301876326
47763ec4d0261680,2026-05-31,제주,"[제주 여행 추천] ""운이 좋아야 허락되는 곳!"" 화산과 파도가...",https://blog.naver.com/tnghk5196/224301875251
213c700a8c19d001,2026-05-31,수원,수원 행궁동 데이트 감성 숙소 추천 | 하루 종일 쉬기 좋았던...,https://blog.naver.com/sssony_/224301874562
9a229618d7b54837,2026-05-31,대전,"""대전 1.2일 여행 기"" (feat. 대전인과 함께하는 맛집투어)",https://blog.naver.com/ansilsangsossoc/224301872542
4cb17e78f648ea4d,2026-05-31,동대문,대학가로 옮겨져 앞으로가 더욱 기대되는 '서울청년센터 동대문',https://blog.naver.com/joongbin2/224301870236
11da0d11bbdeb2d5,2026-05-31,춘천,10년만에 해보는 /블로그 문답/,https://blog.naver.com/my1092world/224301868194
6796e2478fbbd289,2026-05-31,여수,여수 해상케이블카 유모차 탑승 소요시간 및 할인정보,https://blog.naver.com/s1595777/224301868011
b0b2cc8b1ca8b1d7,2026-05-31,속초,1월 국내 여행 뚜벅이 코스와 추천 명소 정리,https://blog.naver.com/fxtaround/224301867103
b0b2cc8b1ca8b1d7,2026-05-31,춘천,1월 국내 여행 뚜벅이 코스와 추천 명소 정리,https://blog.naver.com/fxtaround/224301867103
b0b2cc8b1ca8b1d7,2026-05-31,양평,1월 국내 여행 뚜벅이 코스와 추천 명소 정리,https://blog.naver.com/fxtaround/224301867103
a9b8508095eb3967,2026-05-31,속초,"일상기록(고성 여행 먹방 (윈덤 고성 호텔,동루골 막국수...",https://blog.naver.com/tnals29u/224301866693
a6097fb4b2df79a8,2026-05-31,서촌,함안 여행 가볼만한곳... 샤스타데이지 포토존 / 국내여행 추천,https://blog.naver.com/endendnee/224301866616
25b0d785539946c0,2026-05-31,부산,BTS 부산 공연 총정리! 아리랑 IN 부산 드론쇼·팝업스토어...,https://blog.naver.com/bodyshu_/224301716292
b3e9e336516cb721,2026-05-31,부산,나의 오월이 되어,https://blog.naver.com/umga0_0/224301862211
bd8873e0b8a4e656,2026-05-31,경주,초여름 힐링 여행 코스 추천 (대릉원/분황사/오릉/월정교),https://blog.naver.com/hwan1155/224301858083
c9c726eddf779094,2026-05-31,여수,[포항보이차청연다실] 6/4(목) 오픈해요^^,https://blog.naver.com/ilily69/224301857392
c9c726eddf779094,2026-05-31,포항,[포항보이차청연다실] 6/4(목) 오픈해요^^,https://blog.naver.com/ilily69/224301857392
1db03aadef4c70a9,2026-05-31,성수,속초 롯데리조트 워터파크 패키지 할인 특가 정보 여름 성수기...,https://blog.naver.com/baby_pig_/224301856756
1db03aadef4c70a9,2026-05-31,속초,속초 롯데리조트 워터파크 패키지 할인 특가 정보 여름 성수기...,https://blog.naver.com/baby_pig_/224301856756
163fd5b3f6870200,2026-05-31,제주,제주도 천제연 폭포입니다,https://blog.naver.com/ikje1225/224301855114
61039b32b411231d,2026-05-31,부산,부산에 어서오시소,https://blog.naver.com/bomi_bomm__/224301852501
bd6878110d9c5a46,2026-05-31,강릉,강원도 동해 기차 여행 추천! 묵호 여행 코스와 가볼만한곳 정리,https://blog.naver.com/dbalgp83/224301852295
4ca33b55525ec4ce,2026-05-31,남양주,"남양주 가성비 숙소 추천, 조식부터 디너까지 가능한 호텔...",https://blog.naver.com/danharu0116/224301852012
9a37460a9afc33ce,2026-05-31,용산,~ 여수 여행 ~,https://blog.naver.com/jisusunny0225/224301851390
9a37460a9afc33ce,2026-05-31,여수,~ 여수 여행 ~,https://blog.naver.com/jisusunny0225/224301851390
77db2db05df83a38,2026-05-31,마곡,이름도 예쁜 전천후 공원! '도시산림공원토리숲',https://blog.naver.com/joongbin2/224301851283
56821f65f8db6f50,2026-05-31,구리,"[옥천] 금구리 공설시장 5일장 나들이, 활기 넘치는 장날의 기록",https://blog.naver.com/raerae1015/224301850252
7c393c28670f23d3,2026-05-31,포항,7월 여름 휴가 계획 : 2박3일_대전&포항코스,https://blog.naver.com/health_jang/224301849027
7c393c28670f23d3,2026-05-31,대전,7월 여름 휴가 계획 : 2박3일_대전&포항코스,https://blog.naver.com/health_jang/224301849027
cdbd17878792799d,2026-05-31,김포,김포 제주 항공권 제주항공 왕복 탑승 후기,https://blog.naver.com/parksang118/224301845034
cdbd17878792799d,2026-05-31,제주,김포 제주 항공권 제주항공 왕복 탑승 후기,https://blog.naver.com/parksang118/224301845034
e2d201b95e58da3b,2026-05-31,경주,[대구 여행 ] 경주보다 100년 앞선 팔공산 군위 제2의 석굴암...,https://blog.naver.com/mapak02/224301844654
e2d201b95e58da3b,2026-05-31,대구,[대구 여행 ] 경주보다 100년 앞선 팔공산 군위 제2의 석굴암...,https://blog.naver.com/mapak02/224301844654
e1546ea6797aa02b,2026-05-31,마곡,"홍천 갈마곡둔치공원, 5월의 놀라운 풍경에 빠진 날",https://blog.naver.com/joongbin2/224301844118
3eefb9add7a39aa9,2026-05-31,대구,[블랙야크 100대 명산]대구 비슬산 도성암 코스-도통바위...,https://blog.naver.com/mdaysm/224301843746
338e3c451f94b0bd,2026-05-31,인천,"[일상 생각 | 사색 | 송도 달빛 축제 공원] ""송도 달빛축제공원...",https://blog.naver.com/wjcho062/224301841051
338e3c451f94b0bd,2026-05-31,송도,"[일상 생각 | 사색 | 송도 달빛 축제 공원] ""송도 달빛축제공원...",https://blog.naver.com/wjcho062/224301841051
6ff75acdd0b63d03,2026-05-31,인천,"블랙야크 챌린지 섬 & 산 100 ~ 영흥도 너머 숨겨진 섬, 무의도...",https://blog.naver.com/jwcap11/224301840913
2fe2b068a8a2a8f4,2026-05-31,인천,인천 승봉도 배시간표 요금 소요시간 정보안내,https://bluebeat.tistory.com/330
427980c7b6b06a81,2026-05-31,부산,대구 김해공항 대형택시 예약 후기 가족 여행 공항이동 추천,https://blog.naver.com/pjh0227/224301837969
427980c7b6b06a81,2026-05-31,대구,대구 김해공항 대형택시 예약 후기 가족 여행 공항이동 추천,https://blog.naver.com/pjh0227/224301837969
b9fbd1ccc7b99c46,2026-05-31,대구,울산삼산 손정보쌈 계원닭집 대구 카페 히어히어 프렌즈홈...,https://blog.naver.com/nodaji__1/224301834879
911215da1bb93eca,2026-05-31,부산,"부산 김해공항 근처 호텔 추천, 신라스테이 서부산 장단점 총정리",https://blog.naver.com/goodfinds/224301792220
ee82cdb0fe46a32b,2026-05-31,제주,제주도 항공권 예약 꿀팁 7월 8월 여름 2박3일 여행 코스,https://blog.naver.com/eunjihello/224301832091
11437054b6a509b1,2026-05-31,부천,장미가 이렇게 예쁜 줄 몰랐어요! 전국 장미축제 모아봤어요,https://blog.naver.com/eunhee_0217/224301822700
ee22bfaf07f96dc7,2026-05-31,남양주,: 남양주 여행 : 물의정원<전기자전거/나들이/데이트/명소/피크닉>,https://blog.naver.com/tlsfkdla33/224301821769
71d29ba8917f0f77,2026-05-31,의정부,"의정부 아일랜드 캐슬 워터파크 1만 원대 최저가, 6.1 오전 11시",https://blog.naver.com/howareyoujins/224301709217
2aa21c1ccf196346,2026-05-31,홍대,[홍대 맛집] 뉴욕 감성 가득한 ‘베이글랜드 홍대점’ 솔직 후기...,https://blog.naver.com/ssh90807/224301815579
4d35e782accd1225,2026-05-31,마포,[호캉스/서울] 서울 5성급 한강뷰 호텔 투숙 조식 후기 | 호텔...,https://blog.naver.com/aouoa0/224301815434
9a8b610a9238e216,2026-05-31,제주,제주 서귀포 치유의숲 입니다,https://blog.naver.com/ikje1225/224301811952
57b9054bacc34e8e,2026-05-31,부산,노랑풍선 튀르키예 일주 패키지 여행 튀르키예 일주 9일...,https://blog.naver.com/ktmsharing/224301811762
af892d10693fb8cc,2026-05-31,여의도,"2026년 5월 31일, 제목: 사랑을 검으로, 유머를 방패로",https://blog.naver.com/xooang987/224301811324
b020b92cb65f4ca2,2026-05-31,수원,[ 국내여행 ] 241023 전북 _ 완주군 #지방행정역사관...,https://blog.naver.com/hl3qmh/224214388570
862259e23806afef,2026-05-31,제주,제주고기국수맛집 김지훈고기국수 제주본점,https://blog.naver.com/306_1203/224301145378
f603de06d35bd44d,2026-05-31,경주,경주 루지월드 스릴넘치는 액티비티 가볼만한곳 추천,https://blog.naver.com/wooni_channel/224301809687
53a6605f5b551b26,2026-05-31,대전,"보리밭 물결 따라, 공주 카페 마암에서의 여유로운 하루",https://blog.naver.com/misty1908/224301807501
a6513b13628d0ded,2026-05-31,인천,인천 실미도유원지에서 차크닉 라면 끓여 먹기️ 하루 7천...,https://blog.naver.com/uunho/224301807280
d257042dc6cf13a1,2026-05-31,부산,피해서 여름휴가 언제가 좋을까? 실패 없는 여행 날짜 추천,https://blog.naver.com/eun691220/224301798058
d257042dc6cf13a1,2026-05-31,제주,피해서 여름휴가 언제가 좋을까? 실패 없는 여행 날짜 추천,https://blog.naver.com/eun691220/224301798058
44b48f7d6cc3ef86,2026-05-31,인천,연평도 배시간표 인천항 소요시간 요금정보 알아보기,https://bluebeat.tistory.com/329
44b48f7d6cc3ef86,2026-05-31,제주,연평도 배시간표 인천항 소요시간 요금정보 알아보기,https://bluebeat.tistory.com/329
52759106c82d62aa,2026-05-31,부산,부산 기장 여행 오션뷰 카페 웨이브온 대나무 영화 촬영지...,https://blog.naver.com/4729581/224301792300
1851256af831f23b,2026-05-31,여수,[여수호텔추천] 오션뷰 끝판왕 히든베이호텔 솔직후기...,https://blog.naver.com/daily_miiings/224301791718
a94d94dac5da0287,2026-05-31,대전,청송 주왕산 여행 코스... 후기 | 마음이 조용해지는 힐링 여행,https://blog.naver.com/qkfalfl0207/224301791010
0c64b7efaecd2e05,2026-05-31,부산,부산 2박 3일 여행 2편 온천장역 돼지국밥부터 동래온천...,https://blog.naver.com/munggmungg/224301786456
d0d8aeaed1c8282c,2026-05-31,강릉,“6만 원이 300만 원으로?” 국내 여행 바가지 논란에...,https://blog.naver.com/rockmc08/224301785746
d0d8aeaed1c8282c,2026-05-31,부산,“6만 원이 300만 원으로?” 국내 여행 바가지 논란에...,https://blog.naver.com/rockmc08/224301785746
d0d8aeaed1c8282c,2026-05-31,제주,“6만 원이 300만 원으로?” 국내 여행 바가지 논란에...,https://blog.naver.com/rockmc08/224301785746
64e54bfc61c88834,2026-05-31,분당,[창원]창원중앙역 옆 고즈넉한 길상사,https://blog.naver.com/by_ruka/224301784489
a649b3701f66168d,2026-05-31,양양,아기랑 가기 좋은곳 강원도 양양 트리플 리조트,https://blog.naver.com/sat504054/224301783918
3e6c7a4e720d3d5c,2026-05-31,가평,가평1박2일 여행 코스 맛집 펜션,https://blog.naver.com/ghwl3434/224301781944
e2a43884402b0efd,2026-05-31,여수,여수해상케이블카 크리스탈 캐빈 vs 일반 캐빈 — 요금·할인...,https://blog.naver.com/5004yurim/224301741054
b37a1955f2688503,2026-05-31,양양,양양낙산사 천년고찰의 바다 풍경과 산책 코스 완벽 정리,https://blog.naver.com/boo817a/224301725605
4aff8438d5b0b5ec,2026-05-31,남산,[서울] 남산타워 케이블카 타고 전망대 구경하기 & 추억의...,https://blog.naver.com/layer_bylayer/224301779921
6cf13d7d43444adb,2026-05-31,부산,부산 2박 3일 여행 1편 새벽 SRT 타고 부산역 복국부터 태종대...,https://blog.naver.com/munggmungg/224301778533
ccfc0034399fad15,2026-05-31,속초,"속초 아바이마을 맛집, 산더미처럼 쌓아주는 아바이회국수...",https://blog.naver.com/mihyun_space/224301775395
c379eca94308708f,2026-05-31,속초,이것도 절약 아닐까? 설악산에서 보낸 알찬 하루,https://blog.naver.com/sunnycloud2/224301774520
c4ec165cc672421b,2026-05-31,제주,[제주도] 자매 여행 제주 올레길 2일차 14코스 | 저지마을...,https://blog.naver.com/famsungkim/224301774225
69fc7a0e25ff2385,2026-05-31,성수,호텔스닷컴 6월 할인코드 15% 역대급 쿠폰 정보와 여름 휴가...,https://blog.naver.com/namfeel993/224301772159
144e9f9babf200e0,2026-05-31,잠실,내돈내산 - 롯데호텔 월드 잠실 / 라세느 조식,https://blog.naver.com/invly-/224301770990
144e9f9babf200e0,2026-05-31,석촌,내돈내산 - 롯데호텔 월드 잠실 / 라세느 조식,https://blog.naver.com/invly-/224301770990
144e9f9babf200e0,2026-05-31,석촌호수,내돈내산 - 롯데호텔 월드 잠실 / 라세느 조식,https://blog.naver.com/invly-/224301770990
d5250bdc86ea1d5a,2026-05-31,춘천,춘천 한식 맛집_시루(feat 고즈넉한 한식집 / 가족모임 추천),https://blog.naver.com/yomozomo09/224301768337
d5250bdc86ea1d5a,2026-05-31,가평,춘천 한식 맛집_시루(feat 고즈넉한 한식집 / 가족모임 추천),https://blog.naver.com/yomozomo09/224301768337
965036bff671f102,2026-05-31,수원,2026년 5월 대구에서 수원 당일치기 / 화성어차 탑승 후기,https://blog.naver.com/dkw03221/224301763153
965036bff671f102,2026-05-31,대구,2026년 5월 대구에서 수원 당일치기 / 화성어차 탑승 후기,https://blog.naver.com/dkw03221/224301763153
a55f073751aff7be,2026-05-31,제주,"제주도 한달살이 45만 원 지원, 19~39세라면 고민 말고 지금...",https://blog.naver.com/hanspoon888/224301761489
a1b28dbbb107ec59,2026-05-31,경주,"경주 ㅣ내돈내산 프라이빗경주 호텔 숙박후기(+주차,조식)",https://blog.naver.com/lauren_103/224301758669
f2139c08cf12bc98,2026-05-31,제주,인기 여행 지 추천! 지금 가장 뜨는 국내 외 여행 트렌드 총정리,https://blog.naver.com/jihoon_560/224301756886
8ac727e7ac6190ae,2026-05-31,양평,양평 용문장날 ( 2026.05.25),https://blog.naver.com/rksgus32/224301753937
b93ed5a01d224c76,2026-05-31,속초,"무료커피·슬리퍼까지, 가성비 진짜 대박 가족 여행 으로 강추",https://blog.naver.com/palette_wanderer/224301752440
9e7bdc1c680f0268,2026-05-31,강릉,경제 기자 에피소드 #25,https://blog.naver.com/hazedew/224301751791
ba062eca448c82ba,2026-05-31,양양,6월 양양 연인 여행 코스: 낙산해변부터 송이밭 굴다리까지,https://blog.naver.com/yedam311/224291380249
e8a970d4d29d674f,2026-05-31,전주,"[전주 여행 ] 덕진공원, 전주 온다면 꼭 들려야 할 숨은 명소!",https://blog.naver.com/01yuchan/224301752002
43f62d5aaa31db2e,2026-05-31,명동,"명동성당 미사 시간, 사진 잘 나오는 숨은 스팟 정리!",https://blog.naver.com/mijilim96/224301750974
43f62d5aaa31db2e,2026-05-31,미사,"명동성당 미사 시간, 사진 잘 나오는 숨은 스팟 정리!",https://blog.naver.com/mijilim96/224301750974
344d86cb361f088e,2026-05-31,속초,5.24~5.31 일상,https://blog.naver.com/0129109/224301749061
95c438819a1e93c0,2026-05-31,성수,전국 수국 개화시기 제주부터 부산까지 꽃구경 가볼만한곳,https://blog.naver.com/palmtreecafe/224301747134
95c438819a1e93c0,2026-05-31,부산,전국 수국 개화시기 제주부터 부산까지 꽃구경 가볼만한곳,https://blog.naver.com/palmtreecafe/224301747134
95c438819a1e93c0,2026-05-31,제주,전국 수국 개화시기 제주부터 부산까지 꽃구경 가볼만한곳,https://blog.naver.com/palmtreecafe/224301747134
749b558e43c6ac88,2026-05-31,여수,섬 전체가 보랏빛으로 물든다 — 여수 하화도(꽃섬) 수국...,https://blog.naver.com/information-store/224301746314
f580b9e2c6743340,2026-05-31,강릉,[강릉 감성숙소] 오뉴옥: 느좋 한옥 스테이,https://blog.naver.com/osz88/224301742161
eee30fd141a96a28,2026-05-31,경주,[ 여행 /경주] 가을의 경주,https://blog.naver.com/tmfql0622/224301741832
eee30fd141a96a28,2026-05-31,포항,[ 여행 /경주] 가을의 경주,https://blog.naver.com/tmfql0622/224301741832
8739d5dbb86083ad,2026-05-31,부산,"부산 꽃명소 대저생태공원 버베나,6월 꽃구경 가볼만한곳",https://blog.naver.com/tomato0902/224301737783
da961e9b14c8c3a0,2026-05-31,양양,취향 저격 국내 여름휴가지 유형별 특징과 추천 코스 비교,https://blog.naver.com/jja0412/224301714152
54b7d923e7895550,2026-05-31,포항,[또간산] #내연산과 12구곡 (보경사→정상),https://blog.naver.com/hikari701/224301736252
67731591b27371c2,2026-05-31,속초,속초 호텔 굿모닝호텔 고속터미널 도보 5분 가성비 숙소...,https://blog.naver.com/bon_etoile/224301733099
f27c5b690bc5510a,2026-05-31,강릉,[루리의 일본생활] 골든위크 3주간의 한국 일상 : 강릉정선 여행 ...,https://blog.naver.com/rurix_doll/224301732601
e4fa1023ecde87e3,2026-05-31,강릉,당일치기로도 완벽한 충북 단양 여행 필수코스 Best4,https://blog.naver.com/whqufdl37/224301733052
e4fa1023ecde87e3,2026-05-31,전주,당일치기로도 완벽한 충북 단양 여행 필수코스 Best4,https://blog.naver.com/whqufdl37/224301733052
e4fa1023ecde87e3,2026-05-31,제주,당일치기로도 완벽한 충북 단양 여행 필수코스 Best4,https://blog.naver.com/whqufdl37/224301733052
ba7dca773ec4ff80,2026-05-31,수원,"2026 수원화성문화제, 가을 수원 여행 의 모든 것!",https://blog.naver.com/heartcallla/224300276687
220e2fb72f87daac,2026-05-31,전주,"색장정미소 전주 여행 코스 추천, 한옥마을 다음 가볼 만한...",https://blog.naver.com/sydneynuna/224301728910
8390fe2916283f95,2026-05-31,전주,[전주 여행 ] Day.2-3 전주한옥마을의 야경~(전주향교 운영시간...,https://blog.naver.com/yeonginging/224301728598
ecc2618277c5701b,2026-05-31,제주,제주도 해수욕장 개장일 제주 이호테우 해변 추천,https://blog.naver.com/mok5022/224301727366
0e0a233d731db020,2026-05-31,인천,부산 고속버스터미널 시간표 정보안내 하기,https://bluebeat.tistory.com/350
0e0a233d731db020,2026-05-31,부산,부산 고속버스터미널 시간표 정보안내 하기,https://bluebeat.tistory.com/350
0e0a233d731db020,2026-05-31,경주,부산 고속버스터미널 시간표 정보안내 하기,https://bluebeat.tistory.com/350
0e0a233d731db020,2026-05-31,대구,부산 고속버스터미널 시간표 정보안내 하기,https://bluebeat.tistory.com/350
0e0a233d731db020,2026-05-31,광주,부산 고속버스터미널 시간표 정보안내 하기,https://bluebeat.tistory.com/350
17e0445435c48bb8,2026-05-31,인천,"리무진, 웨딩카 · 하객수송 · VIP의전 · 전국 여행 - 광주극장",https://blog.naver.com/rim6970/224301726044
17e0445435c48bb8,2026-05-31,광주,"리무진, 웨딩카 · 하객수송 · VIP의전 · 전국 여행 - 광주극장",https://blog.naver.com/rim6970/224301726044
53dc628ab3e8f88a,2026-05-31,수원,"[ 여행 /수원] 26년 3월 , 하이파이브 1박2일, 화투, 고궁,행궁...",https://blog.naver.com/raumdeuter_radt/224301725263
d9522aabac0ce9a2,2026-05-31,전주,장미꽃 여행 전주수목원 추천 한국도로공사 전주수목원의...,https://blog.naver.com/kdspmj12/224301563648
2263d98c3d289747,2026-05-31,부산,창밖에 바다는 보이지 않았지만,https://blog.naver.com/kkks1028/224301722707
066b3c6d06a9e1f7,2026-05-31,경주,"경주 혼자 여행 , 1박 2일로 완벽하게 즐기는 감성 산책 가이드",https://blog.naver.com/mama2624/224300938642
59ca51f4ef0d1eb4,2026-05-31,서촌,"올해 경복궁 야간개장, 이 글 안 읽고 가면 예매하고도 낭패...",https://blog.naver.com/adsensecaptain/224301722225
365b5e1e3b150b91,2026-05-31,제주,6월 제주 여행 추천! M1971 요트투어로 즐기는 특별한 바다 여행,https://blog.naver.com/gw081019/224301722020
d8c18494cc63a710,2026-05-31,수원,행궁동 가면 다들 방화수류정부터 찾는 이유는?,https://blog.naver.com/moosung89/224301721777
b5af01f038805068,2026-05-31,여수,여수 아이 둘 호캉스 [베네치아 호텔&스위트] 키즈 풀 스위트...,https://blog.naver.com/ualily92/224301715657
0df35383e53bf9f7,2026-05-31,제주,제주 서귀포 천지연폭포 야간명소 주차장 정보,https://blog.naver.com/ssoyeon_yoon/224301699889
c66090e45e997d05,2026-05-31,제주,제주도 여행 6월 수국 명소 추천 수국 시즌에 가볼만한 곳...,https://blog.naver.com/yo2ng22/224301713301
70f043c14f8b01a0,2026-05-31,미사,경주 여행 필수 코스｜분위기와 커피 모두 만족한 향미사 카페...,https://blog.naver.com/fullysupportive/224301710941
70f043c14f8b01a0,2026-05-31,경주,경주 여행 필수 코스｜분위기와 커피 모두 만족한 향미사 카페...,https://blog.naver.com/fullysupportive/224301710941
4f3508f2a27847a4,2026-05-31,가평,근교 감성 글램핑 추천! 가평 세라핌글램핑에서 즐긴 힐링 여행,https://blog.naver.com/annamommy3/224301708214
250245577f5c3f3f,2026-05-31,인천,"[인천 영종도] 최고의 호캉스, 아이들과 가도 좋을 인천...",https://blog.naver.com/godjw486/224301703422
a37dee41fe0fe4ec,2026-05-31,인천,고프로12 공항수령 24시간 대여 후기,https://blog.naver.com/foremst86717/224301702475
ebfd28ba62536bad,2026-05-31,강릉,[강릉 여행 ]엄마와 함께 떠난 강원도 강릉 2박3일/1일차,https://blog.naver.com/pricuae123/224301699781
9f7f412365760dc2,2026-05-31,수원,"뚜벅모_국가유산방문캠페인 5.수원: 융릉,건릉과 수원화성",https://blog.naver.com/expedition_mo/224301698199
63171a7a291bb45c,2026-05-31,광주,우아의 하루-186/나들이(옥정호),https://blog.naver.com/jagnol/224301696217
18430fd8aa1cddbf,2026-05-31,여수,"여수 아귀찜 맛집 여정식당, 현지인도 찾는 여수 맛집 솔직 후기",https://blog.naver.com/e_eeee7/224301693705
f505f323d9b302b9,2026-05-31,경주,경주 여행 아이랑 숙소 추천 워터슬라이드 수영장이 있는...,https://blog.naver.com/ddungddun/224301690798
7b3cd60cd2cdfbba,2026-05-31,부산,대전이 이렇게 좋았어? 당일치기 여행 코스 Best5,https://blog.naver.com/whqufdl37/224301687117
7b3cd60cd2cdfbba,2026-05-31,제주,대전이 이렇게 좋았어? 당일치기 여행 코스 Best5,https://blog.naver.com/whqufdl37/224301687117
7b3cd60cd2cdfbba,2026-05-31,대전,대전이 이렇게 좋았어? 당일치기 여행 코스 Best5,https://blog.naver.com/whqufdl37/224301687117
a692b56b141ecca4,2026-05-31,강릉,축제 공화국 대한민국…주말마다 떠나도 23년이 걸린다,https://blog.naver.com/point3414/224301686151
e8e506fba90c9e0e,2026-05-31,여수,미남 크루즈 불꽃 유람선 여수 밤바다 낭만 추천,https://blog.naver.com/blckmoors72092/224301685644
1b5c8614fdb42a24,2026-05-31,광주,광주 어린이문화원 아이와 가볼만한 실내 여행 지 추천,https://blog.naver.com/foiri/224301597519
87dd9497fdd73d52,2026-05-31,제주,제주또?또제주?(2),https://blog.naver.com/everbloom_/224301680263
709bd2d52b2fbc0a,2026-05-31,강릉,아기와 함께한 조용한 호캉스 | 신라모노그램 강릉 레지던스,https://blog.naver.com/moonsunstar__/224301680559
e34be454fa68b5cc,2026-05-31,부산,부산 기장 아난티 스프링팰리스 야외 수영장&노천탕 ! 룸 체크인...,https://blog.naver.com/soona_me/224301674496
2bb1f6501811a2ec,2026-05-31,제주,"꼬맹이를 맡기고 떠난 제주도 여행 , 다시 행복해질 용기를 얻다",https://blog.naver.com/step0110/224301673596
8f38933e92b4a979,2026-05-31,인천,인천 당일치기 여행 코스 추천 선재도 해변 뻘다방 영흥도...,https://blog.naver.com/buzzerrbeate/224301671925
e6a6a5fad9989179,2026-05-31,포항,2026 라인업 입장권 준비물 숙소 완벽 정리 / 6월 국내여행 추천,https://blog.naver.com/eyeofreila/224301671096
4e56304e04fb6091,2026-05-31,부산,부산 해운대 LP바 뮤즈온 해운대 데이트코스 추천,https://blog.naver.com/2_s0ey/224301665381
4e56304e04fb6091,2026-05-31,대구,부산 해운대 LP바 뮤즈온 해운대 데이트코스 추천,https://blog.naver.com/2_s0ey/224301665381
1995520bc9ce60fb,2026-05-31,강릉,"6월, 바다가 가장 아름다운 계절, 국내 어디로 가면 좋을까?",https://blog.naver.com/feel2701/224301662670
1995520bc9ce60fb,2026-05-31,여수,"6월, 바다가 가장 아름다운 계절, 국내 어디로 가면 좋을까?",https://blog.naver.com/feel2701/224301662670
1995520bc9ce60fb,2026-05-31,제주,"6월, 바다가 가장 아름다운 계절, 국내 어디로 가면 좋을까?",https://blog.naver.com/feel2701/224301662670
337829c2e01aa533,2026-05-31,춘천,춘천 도심 속 한옥 숙소 <스테이 너븐> 춘천 숙소 추천,https://blog.naver.com/jins-94/224301662514
4eba5f0265e2e9e3,2026-05-31,춘천,춘천 대형 야외 카페 <소울로스터리 커피> 소나무 카페,https://blog.naver.com/jins-94/224301658657
af709cd433b8daaf,2026-05-31,춘천,"춘천 제일 중앙전통시장 맛집<팬더하우스> 쫄볶이, 튀김만두 맛집",https://blog.naver.com/jins-94/224301655444
c80acadeec830d01,2026-05-31,신사,오죽헌,https://blog.naver.com/gold3372/224301654368
c80acadeec830d01,2026-05-31,강릉,오죽헌,https://blog.naver.com/gold3372/224301654368
fde8c7b26fcce250,2026-05-31,부산,부산 해운대 블루라인파크 해운대핫플 청사포 부산데이트...,https://blog.naver.com/bybbon/224301652068
eb5a8c22e68b5d66,2026-05-31,대구,[ 국내여행 ] 대구 태능집 : 북성로불고기&우동,https://blog.naver.com/kkokkorun/224301652143
19a1edbb101b3869,2026-05-31,부산,부산 용호동 맛집 W스퀘어 정바다 횟집 포장 후기,https://blog.naver.com/context/224301650606
d3f44502c9c4acf6,2026-05-31,강남,강남 가성비 칵테일바 실내데이트 Stay in 비밀의 정원,https://blog.naver.com/skagusdl6354/224301649381
16754f508463e020,2026-05-31,여수,[ 국내여행 추천]느림느릿 걷는 청산도 슬로길 청산도빌리지펜션,https://blog.naver.com/schwh7108/224301648960
74afba94b79b48d6,2026-05-31,인천,평택제천고속도로 평택(복합)휴게소 후기,https://blog.naver.com/xmrquftorreya/224301644062
e421ab53bc8cf6b4,2026-05-31,대구,"[글쓰기] 260503 : 대구 여행 1일차 / 서문시장, 동성로...",https://blog.naver.com/kkokkorun/224301643583
ac58431ef5a78f41,2026-05-31,대전,"금산 글램핑 추천 :: 라라랜드카라반 후기 (+불멍, 바베큐...",https://blog.naver.com/mryzzipi/224301643652
74a6b1e3c26e661e,2026-05-31,부산,한때 용인 8경 가운데 5경이었던 선유대 사계,https://blog.naver.com/jjijjitv/224301642397
49cf82e9cb570e4d,2026-05-31,제주,"[제주] 제주 신라호텔- (6/1~6/3) 72시간 깜짝 특가, 룸온리...",https://blog.naver.com/kindandlove/224300902794
2abfe942298e29d3,2026-05-31,속초,"속초 로컬 라멘 맛집 추천,이찌바라멘 후기",https://blog.naver.com/sevencong/224301641962
2e6aeb3929018a52,2026-05-31,가평,"가평농촌체험마을코스추천,체험나라공화국 in 가평...",https://blog.naver.com/kek950904/224301640500
e9a66ae414c0026c,2026-05-31,부산,만나러 떠난 2박3일 우정 여행 | 거제도·통영·부산 먹거리 여행,https://blog.naver.com/slsm19/224301637321
7e6a291f40c5fc90,2026-05-31,경주,"경주 가성비 숙소 추천, 친절한 사장님과 감동 가득한 바베큐가...",https://blog.naver.com/curious_13/224301634671
9596e66447a7bdf9,2026-05-31,여수,[여수 아이와 가볼만한 곳 ]하멜등대 야경 명소,https://blog.naver.com/wldud1132/224301632041
1591b31eba3598a0,2026-05-31,부산,부산 당일치기 여행 코스 부산진 힐링투어버스로 주말 나들이,https://blog.naver.com/dolphin_yoon/224301632468
d5d80d24b9e6a1df,2026-05-31,제주,제주도 1박2일 여행 1일차,https://blog.naver.com/dayounging_/224301630290
4eae8ff4993f414c,2026-05-31,강릉,트립닷컴 할인코드 6월 3일부터 선착순 특가 이벤트...,https://blog.naver.com/duburani0824/224301628859
7d8c32a5d78faab8,2026-05-31,부산,"그랜드 조선 부산 후기 — 해운대 바로 앞, 인피니티 풀과...",https://blog.naver.com/rest_archive/224300205890
6ac073d731552332,2026-05-31,송파,"송파 허니문 여행 , 반드시 실천해야 할",https://blog.naver.com/cgomcim859015_jj/224301436384
2fa2a7abd921cdf9,2026-05-31,강릉,정동진역 레일바이크,https://blog.naver.com/jelee0818/224301627149
ec1393978038b4ba,2026-05-31,수원,[수원 파란대문 장미] 행궁동 데이트 코스/ 수원 행궁동 장미...,https://blog.naver.com/juchae0308/224301626560
ec1393978038b4ba,2026-05-31,미사,[수원 파란대문 장미] 행궁동 데이트 코스/ 수원 행궁동 장미...,https://blog.naver.com/juchae0308/224301626560
5f0cfbb02e9a7953,2026-05-31,양평,"주일 예배 후 친구들과 떠난 양평 소나기마을 여행 , 소설...",https://blog.naver.com/chs3595/224301625397
05ccdf2160df92f7,2026-05-31,포항,지심도 배편 시간표 요금 할인 주차 관광 정보 모아 정리,https://bluebeat.tistory.com/175
e0b086664d5064a6,2026-05-31,춘천,강촌 데이트 코스로 좋은 구곡폭포 산책길,https://blog.naver.com/fjqalgp/224301619055
19072d233f112a0c,2026-05-31,대전,대청호 장미축제 실시간 개화현황과 무료 주차 꿀팁 총정리,https://blog.naver.com/issueletter365/224301618826
497bae9d31a34c6e,2026-05-31,대전,대전 여행 임영웅 순댓국 맛집 오문창 순댓국 후기 주차 메뉴,https://blog.naver.com/tooooodays/224301618689
cd762d15869558cd,2026-05-31,경주,"경주 여행 필수 코스 <미피스토어>|웨이팅, 전체 굿즈 가격 및 후기",https://blog.naver.com/sotamong519/224301616478
496caf036dacb938,2026-05-31,인천,영종길상 영종도 중국집 가성비대박인 코스요리 여행 코스로 딱,https://blog.naver.com/bearggg5062/224301615788
992beba8b1abee5b,2026-05-31,부산,2026 장생포 수국 페스티벌 완벽 정리 | 일정·무료입장...,https://blog.naver.com/haehyun_525/224301615170
a1ac448799c015af,2026-05-31,부산,"가족과 함께한 특별한 하루, 아난티 코브 펜트하우스",https://blog.naver.com/3chaediary/224301614290
80be4640071b2467,2026-05-31,인천,"신도평화대교 개통 임박, 여행 객이 꼭 알아야 할 점",https://blog.naver.com/bldi/224301614436
414e9175e1a7a079,2026-05-31,광주,광주추천 여행 사 하나투어 홈플러스 동광주점 여행 상담 고민 삭제,https://blog.naver.com/monoitem53/224301612564
61d3a41ee645afc8,2026-05-31,강릉,강릉 여행 가볼만한곳 숨은 명소 산불로 전소됐다 세계건축상을...,https://blog.naver.com/xiah15holic/224301612854
0e9f5066763bcc69,2026-05-31,춘천,춘천 힐링 여행 지 추천 강원도립화목원 산책하기 좋은 수목원,https://blog.naver.com/rush98y/224301611816
57aab4db7b490c67,2026-05-31,광주,"광주, 특별한 경험을 선사하는 매력적인 도시 이야기",https://blog.naver.com/cigarette7130/224301612292
9d243dc778e86e74,2026-05-31,대구,예천삼거리시외버스터미널 시간표 조회 방법(실시간 예매·노선...,https://blog.naver.com/jbbbb_1/224301294606
a2e9d0a052e328ef,2026-05-31,제주,[ 국내여행 ] 제주도 동쪽 여행 3박4일_2일차(성산일출봉...,https://blog.naver.com/jye0526-/224301609564
1c0d4f65d5d81fa0,2026-05-31,가평,인생샷 보장! 아침고요수목원 오색별빛정원전 방문기,https://blog.naver.com/sean0078/224297728288
fbbafb067b58480d,2026-05-31,광주,[경기도 광주 가볼만한곳] 6월 율봄식물원 수국 축제 및 토마토...,https://blog.naver.com/dee7781/224301570916
dc32f911ad886690,2026-05-31,부산,거창 화덕피자 파스타 맛집 오플제 내돈내산,https://blog.naver.com/herbandal_/224301604472
2ca2ca7b9e9cf506,2026-05-31,속초,[100대 명산] 설악산 토왕성폭포 하이킹,https://blog.naver.com/jhpyo6828/224301604067
29ff49ba955549af,2026-05-31,대구,대구 동구 | 갈만한 곳 동촌유원지 산책 피크닉 + 근처 맛집...,https://blog.naver.com/ziswo/224301600687
17ab3cc1b705d74a,2026-05-31,연남동,종로돈부리 연남동 덮밥 연남 맛집 데이트 앞으로 여긴 필수다.,https://blog.naver.com/bearggg5062/224301599201
17ab3cc1b705d74a,2026-05-31,종로,종로돈부리 연남동 덮밥 연남 맛집 데이트 앞으로 여긴 필수다.,https://blog.naver.com/bearggg5062/224301599201
cab7d20721f5fa6d,2026-05-31,인천,"[긴급] ""아직도 집에서 연속극만 보시나요?"" 6070 월 76만 원...",https://blog.naver.com/sb95jin/224301595809
cab7d20721f5fa6d,2026-05-31,수원,"[긴급] ""아직도 집에서 연속극만 보시나요?"" 6070 월 76만 원...",https://blog.naver.com/sb95jin/224301595809
9bcf64b90320f2a6,2026-05-31,종로,포포인츠 바이 쉐라톤 명동 슈페리어 트윈 남산뷰 후기 라운지...,https://blog.naver.com/sarah_1227_/224301590954
9bcf64b90320f2a6,2026-05-31,명동,포포인츠 바이 쉐라톤 명동 슈페리어 트윈 남산뷰 후기 라운지...,https://blog.naver.com/sarah_1227_/224301590954
9bcf64b90320f2a6,2026-05-31,남산,포포인츠 바이 쉐라톤 명동 슈페리어 트윈 남산뷰 후기 라운지...,https://blog.naver.com/sarah_1227_/224301590954
9bcf64b90320f2a6,2026-05-31,수원,포포인츠 바이 쉐라톤 명동 슈페리어 트윈 남산뷰 후기 라운지...,https://blog.naver.com/sarah_1227_/224301590954
3bbd88bdb668f9ab,2026-05-31,고양,6월 수영장 오픈 서울 근교 물놀이장 고양레저타운 방문후기~,https://blog.naver.com/wnstn519/224301589527
ce09f3f0c341c44a,2026-05-31,제주,제주 중국집의 다양한 매력을 느낄 수 있었던 보배반점...,https://blog.naver.com/gydnjs84178/224301587163
0791a516311d6cf6,2026-05-31,시청,331회 <먹빼 모임2>: 고민은 던져두고 떠나온 “먹빼 여행 ”...,https://blog.naver.com/lacvert3740/224301587063
9e8c5a554fd0f50b,2026-05-31,구리,[구리 헬스장] 스포애니 등록하면 전국 매장이 무료라고?!,https://blog.naver.com/spoany74s/224300746598
dcbb6c254716b6ec,2026-05-31,안양,안양이 이렇게 좋았던가...? 인덕원 맛집부터 안양중앙시장...,https://blog.naver.com/ruddms3236/224301585925
2444e3cba5774a1f,2026-05-31,대전,다음엔 어디 갈까? 성심당 하나로 좋았던 쑤기와 대전 여행 기 시작,https://blog.naver.com/3kid_s/224300728458
51c26246db400955,2026-05-31,제주,2025년 신혼부부를 위한 신혼 여행 필수 코스 5가지,https://dwqn.tistory.com/233
2821c8243c7b682e,2026-05-31,제주,제주도 서귀포 오름 군산오름 주차장 높이 일몰 노을명소...,https://blog.naver.com/kae2569/224301584562
bacabe89131436f2,2026-05-31,제주,나우다 비짓 제주 디지털관광증 발급하고 관광지 입장료 할인...,https://blog.naver.com/sying925/224301583433
d559bfdfd959e66f,2026-05-31,춘천,[강원/춘천] 춘천 여행 가볼만한 곳 의암호 삼악산케이블카,https://blog.naver.com/sisori123/224301582511
a5218894ef10da00,2026-05-31,전주,전주 한옥마을의 푸른 밤천년의 역사를 걷는 2026...,https://blog.naver.com/awesome0254/224300403420
3411687bdf8e8224,2026-05-31,부산,[부산출발특가해외 여행 ] ✈️ 부산 출발 방콕 파타야 진에어...,https://blog.naver.com/ghd0211/224301578414
5f5d3c7b76843154,2026-05-31,대전,대전 1박2일 아이랑 여행 코스 추천｜초1·초2가 만족한 오월드...,https://blog.naver.com/keingirl/224301576626
201d4ca2edb138b0,2026-05-31,인천,인천 종합터미널 고속버스 시간표 요금 정보확인,https://bluebeat.tistory.com/317
201d4ca2edb138b0,2026-05-31,부산,인천 종합터미널 고속버스 시간표 요금 정보확인,https://bluebeat.tistory.com/317
13efeb5fba9228c5,2026-05-31,강릉,6월 국내여행 가이드…지금... 풍경을 만날 수 있는 여행지 추천,https://blog.naver.com/2022universe_/224301575087
72c0bbd585ee493f,2026-05-31,경주,외국인들이 먼저 알아본 경주…왜 교토보다 더 감동받을까,https://blog.naver.com/young5606/224301571616
7044f3c7cf8fdb04,2026-05-31,북촌,6월 북촌한옥마을 여행 가이드…전통과 감성이 어우러진 서울...,https://blog.naver.com/2022universe_/224301568844
9290bfd0f60fb1da,2026-05-31,경주,경북 허니문 여행 핵심 정보,https://blog.naver.com/oafovg86800_js/224301430967
1c7668fe467e912b,2026-05-31,여수,[마이리얼트립] 여수 히든베이 호텔 후기 오션뷰부터...,https://blog.naver.com/thdrkd0512/224300528515
9661e1028d17e426,2026-05-31,분당,"성남시 분당구 커피에 진심인 카페, 재방문하고 싶은...",https://blog.naver.com/hanbeomb82/224299329440
e80f76807804e347,2026-05-31,경주,"경주 카페 추천, 감성 가득한 한옥에서 보내는 힐링 여행 가이드",https://blog.naver.com/mama2624/224300923020
fa53050764f98a93,2026-05-31,광주,[경기도 광주 가볼만한곳] 화담숲 여름 수국 축제 예매 및...,https://blog.naver.com/dee7781/224301546752
625733b2ebaa8c6c,2026-05-31,강남,서울 반포한강공원 즐길거리 [서래섬 유채꽃 & 무지개분수]...,https://blog.naver.com/mint8864/224301565730
b5e41e50abae05b1,2026-05-31,대전,2026 충주시 어르신 폐렴구균 무료 예방접종 대상 병원 준비물...,https://blog.naver.com/samsudal/224301564292
5abd7c6208b5fdc3,2026-05-31,수원,수원가볼만한곳 Top 5 실내외 명소 추천,https://blog.naver.com/ordinary__archive/224301562200
cc40e7f40e17900c,2026-05-31,강릉,"[강릉 여행 ] 아이와 가기 좋은 곳, 볼거리와 체험 가득한 '오죽헌...",https://blog.naver.com/ddarki_083/224298835759
5abab8d73439dd37,2026-05-31,양평,[양평 가볼만한곳] 천년의 숨결 '양평 용문사' 국내 최고령...,https://blog.naver.com/eucalyptour/224301560419
dbc4637b158523c7,2026-05-31,의정부,의정부역에서 교외선 타고 송추 다녀온 후기...,https://blog.naver.com/dy6357/224301560301
af01cc1b5424e9a4,2026-05-31,경주,"경주 감포 문무대왕릉 여행 가이드, 주차부터 주변 맛집까지",https://blog.naver.com/merphoto/224301558014
2b07590edd55cd1c,2026-05-31,마곡,코트야드메리어트 서울 보타닉파크 마곡 서울식물원 숙소,https://blog.naver.com/munani0918/224301556678
eb70d987b5a68983,2026-05-31,여수,[여수 가족 여행] 가족과 함께 떠나는 국내여행 !,https://blog.naver.com/w_yellow/224301553667
da9b4a237850456b,2026-05-31,전주,2026 개장 순창 썬웨이어드벤처 워터파크 취사 할인 준비물...,https://blog.naver.com/sunha1011/224301551664
da9b4a237850456b,2026-05-31,광주,2026 개장 순창 썬웨이어드벤처 워터파크 취사 할인 준비물...,https://blog.naver.com/sunha1011/224301551664
69e02ad7a4bb90ce,2026-05-31,제주,2026년 수국 개화시기 총정리 전국 명소와 가장 예쁜 시기,https://blog.naver.com/jino816/224301442354
9a4f0aa1d950e316,2026-05-31,광주,"[경기/광주] 6월 가볼만한곳 추천, 몽글몽글 수국이 가득한...",https://blog.naver.com/noxdemo/224301548873
710c2e069731a9ab,2026-05-31,인천,인천에서 제주도 배편 시간표 요금 소요시간 확인정보,https://bluebeat.tistory.com/514
710c2e069731a9ab,2026-05-31,제주,인천에서 제주도 배편 시간표 요금 소요시간 확인정보,https://bluebeat.tistory.com/514
ed4c02844cfff021,2026-05-31,제주,[제주 애월] 랜디스도넛 제주애월점 내돈내산 솔직후기 주차 팁...,https://blog.naver.com/doorkicker_81/224301546635
1958f33fd60716be,2026-05-31,명동,"(부모님과 함께하는 서울 여행 ) 명동성당, 청계천, 광화문광장...",https://blog.naver.com/omini82/224301543876
1958f33fd60716be,2026-05-31,광화문,"(부모님과 함께하는 서울 여행 ) 명동성당, 청계천, 광화문광장...",https://blog.naver.com/omini82/224301543876
1958f33fd60716be,2026-05-31,동대문,"(부모님과 함께하는 서울 여행 ) 명동성당, 청계천, 광화문광장...",https://blog.naver.com/omini82/224301543876
435bda5124b40281,2026-05-31,제주,청수리 오즈네 / 조용한 시골마을에서 시간을 낭비하고 싶다면,https://blog.naver.com/q1p0082/224301342853
5e14a0865c248480,2026-05-31,대전,보문산 큰나무 전망대,https://blog.naver.com/everybyevery/224301542619
2f30878ace1f2224,2026-05-31,시청,가슴 설레는 불꽃 축제 거제옥포대첩축제 일정에 벌써 기대감...,https://blog.naver.com/festival789/224299483373
3f20773efe1393c7,2026-05-31,인사동,국내 신흥 여행 지 제천 여행 코스 의림지 레스트리리솜 경은사!,https://blog.naver.com/uk22uk/224301541999
3f20773efe1393c7,2026-05-31,부산,국내 신흥 여행 지 제천 여행 코스 의림지 레스트리리솜 경은사!,https://blog.naver.com/uk22uk/224301541999
3f20773efe1393c7,2026-05-31,제주,국내 신흥 여행 지 제천 여행 코스 의림지 레스트리리솜 경은사!,https://blog.naver.com/uk22uk/224301541999
92b4b125e818f3be,2026-05-31,여의도,2026 지구런 마라톤 후기 : 인생 두 번째 마라톤 10km...,https://blog.naver.com/ooowhjooo/224301542091
8ed1a9a3909b0f32,2026-05-31,성수,한국인이 6월에 가장 많이 찾는 인기 해외 여행 지 TOP 3,https://blog.naver.com/minhye0123/224301541896
e98a1974c2b1bb91,2026-05-31,경주,2026년 05월,https://blog.naver.com/qortkf1oo/224301541568
e98a1974c2b1bb91,2026-05-31,포항,2026년 05월,https://blog.naver.com/qortkf1oo/224301541568
38374c62470e493f,2026-05-31,양평,양평 먼동펜션 후기 | 6가족이 다녀온 가성비 단체펜션 솔직후기,https://blog.naver.com/ilovelybride/224301540000
1bb1e24713dbd7a7,2026-05-31,속초,속초 중앙시장 먹거리 후기 (술빵·모찌·부각·식혜·고로케...,https://blog.naver.com/chang__min_/224301531205
0b8bf4fe2e5151fe,2026-05-31,전주,2026 전주국가유산야행 일정 주차 예약 한옥마을 야경 코스...,https://blog.naver.com/sunha1011/224301531077
652ad74150fed50d,2026-05-31,광주,대한민국 구석구석 반값 여행 환급 방법 및 할인 혜택 알아보기,https://blog.naver.com/goolog-/224301530751
a2b84fea5895d56b,2026-05-31,제주,제헌절 7월 17일 공휴일 부활 황금연휴 토일 3연휴 연차 전략,https://blog.naver.com/speck99/224287961912
5dda41cf22da6c8d,2026-05-31,인천,인천로열투어 국내여행 문경 당일치기 여행 다녀온 후기...,https://blog.naver.com/namejyw/224301300345
84975d49005f7f9e,2026-05-31,여수,요즘 커플들 전부 저장한다는 여수 밤바다… 6월 국내 여행 지...,https://blog.naver.com/ggyus93/224286642444
dd8120a671d25541,2026-05-31,남양주,[남양주 다산 맛집] 양주 참숯 가마골 랜드,https://blog.naver.com/hs22192004/224301526547
7db20da1519967f6,2026-05-31,인천,[영종도 호텔] 인천 5성급 호텔 네스트호텔 숙박 후기(스탠다드...,https://blog.naver.com/99leehy/224301517976
df1f70d5792aa694,2026-05-31,춘천,춘천 남이섬 가족모두 만족하는 완벽 힐링!방문전 필독!!,https://blog.naver.com/djawlgus7/224301523271
86464e5f73c3fa4c,2026-05-31,마곡,"서울식물원 수국전 종료 전 방문기, 마곡나루 데이트 코스",https://blog.naver.com/purplepaeony/224301520082
ceaf308a21effe7c,2026-05-31,인천,[전북-군산] 중화요리,https://blog.naver.com/teofood/224300090327
ceaf308a21effe7c,2026-05-31,부산,[전북-군산] 중화요리,https://blog.naver.com/teofood/224300090327
ceaf308a21effe7c,2026-05-31,대구,[전북-군산] 중화요리,https://blog.naver.com/teofood/224300090327
f3b88ed023cfa0ba,2026-05-31,제주,제주 함덕해수욕장 오랜만의 방문기. 벌써 여름시즌 물놀이...,https://blog.naver.com/happy_n_rich/224301519792
4666346d67622b69,2026-05-31,안양,한국최고의 목조건물 무량수전 영주 부석사 그리고 무섬마을,https://blog.naver.com/imkymi/224301518397
43e98a67285d5edb,2026-05-31,부산,6월 7월 부산북구 덕천 금빛 노을 브릿지 여행 추천 주변...,https://blog.naver.com/kdspmj12/224301514888
0251716e1a3f15f8,2026-05-31,잠실,6월 한강쉬엄쉬엄3종축제 뚝섬 한강공원 잠실 한강놀거리...,https://blog.naver.com/homibike/224301514746
0251716e1a3f15f8,2026-05-31,뚝섬,6월 한강쉬엄쉬엄3종축제 뚝섬 한강공원 잠실 한강놀거리...,https://blog.naver.com/homibike/224301514746
b6001cec68ab667c,2026-05-31,여수,한 가지 소원은 꼭 이뤄준다는 여수 '향일암' 완벽 정리 (+주차장...,https://blog.naver.com/jjjjj5698/224301328629
7c504bdbd95bd652,2026-05-31,부산,부산중고명품 매입 고민 해결해 준 중고명품 다올 남포점,https://blog.naver.com/k_fla/224301511671
84a3fe131224e41c,2026-05-31,강릉,강릉 여행 #12｜강릉 고래책방 북카페와 기념품샵 여행 의...,https://blog.naver.com/green_tea-/224301510436
03af4f44b23ffc64,2026-05-31,안양,안양 빙수 맛집 BEST 5 동편마을부터 범계까지 카페 추천,https://blog.naver.com/hopeandlove-/224301509441
dd715b14a3e2a50c,2026-05-31,경주,[혼자 떠난 1박 2일 경주 여행 ] 숲뷰로 유명한 유온 스테이...,https://blog.naver.com/bucket_st/224301509090
731f9c8b650a2165,2026-05-31,부산,은하수 유람선과 함께하는 5월 부산 여행 :: 부산 여행 ...,https://blog.naver.com/haema0135/224298059456
78ab67590efba64b,2026-05-31,부산,부산 가성비 여행 의 정석 리순덕 호텔 투숙 후기부터 츤데레...,https://blog.naver.com/alsdnd7464/224301508155
d4b8930c03635010,2026-05-31,강릉,"( 국내 여행 ) 강원도 강릉 데이트, 가족여행 하기 좋은곳 오죽헌...",https://blog.naver.com/jks106405/224301506799
17f2080310ffb37f,2026-05-31,제주,"8월 제주도 여행 9.81파크, 쇠소깍, 새별프렌즈 후기 제주도...",https://blog.naver.com/youngdaily_/224299097116
70862895ba907a5e,2026-05-31,인천,인천 자월도 여행 - 50분이면 가는 보랏빛 섬의 5가지 매력,https://blog.naver.com/venuszzzz/224301505070
9df902ce89c88498,2026-05-31,제주,2026년 05월 6주차 강원도 제주시 세종시 축제 정보와 공연...,https://blog.naver.com/myfriendcjg/224301504653
f6790f81270e44d8,2026-05-31,속초,속초 1박2일 맛집 총정리｜현지인 추천 코스부터 필수...,https://blog.naver.com/udiini91/224301504778
8e9f92e64cffce5f,2026-05-31,안국,태안국제원예치유박람회 야외정원 무료 개방! 꽃지해안공원...,https://blog.naver.com/naeunhub/224301500765
55ab2e6772243295,2026-05-31,속초,델피노 숙박 후기｜설악산 뷰에 온천수까지 만족했던 가족 여행,https://blog.naver.com/chicory-331/224301500552
d43827819f4d03e0,2026-05-31,파주,[경기] 파주 삼릉 / 여유롭게 걷기 좋은 조선왕릉 역사 유적지,https://blog.naver.com/sobi-nara/224301500264
8503610e62ce3fb1,2026-05-31,인천,노랑풍선 보라카이 TW 패키지 여행 보라카이 TW 3박4일 5성급...,https://blog.naver.com/ktmsharing/224301500039
8ddfae80130f4e5f,2026-05-31,전주,아산 외암마을 야행 — 조선시대 밤마실로 떠나는 특별한 하룻밤,https://blog.naver.com/victory0133/224301499285
8ddfae80130f4e5f,2026-05-31,경주,아산 외암마을 야행 — 조선시대 밤마실로 떠나는 특별한 하룻밤,https://blog.naver.com/victory0133/224301499285
50b94388acd46d65,2026-05-31,속초,"속초 88생선구이 후기｜웨이팅 30분, 밥 두 공기 뚝딱",https://blog.naver.com/r_rrrrrrra/224301497630
c33a2e862b9d2ce2,2026-05-31,전주,전라도 2박 3일 여행 1일차｜전주 한옥마을 + 신라스테이 전주,https://blog.naver.com/cafedrawing/224301496917
264cd44a3bd10cde,2026-05-31,부산,2026년 6월 가볼만한 축제 총정리! 여름 시작 전 꼭 가야 할 곳,https://blog.naver.com/mint_review/224287521186
1488a066acd31929,2026-05-31,인천,[구월동] 인천에서 피자 1등 브런치 맛집 빌라인아파트 후기,https://blog.naver.com/mingfpgo/224300316880
8ab95815a5c98063,2026-05-31,포항,"포항 실내 나들이하기 좋은 환호공원 식물원 이용 후기, 아이와...",https://blog.naver.com/n_a02/224298982473
aceffbef43a11a28,2026-05-31,전주,[알뜰 쇼핑] 전통시장의 스마트한 변신! '온누리상품권...,https://blog.naver.com/wjswnekdma/224300211909
10623be2d92c1e5f,2026-05-31,여수,여수 순천 1박 2일 여행,https://blog.naver.com/leejieun6/224301230169
32ac848748c0570c,2026-05-31,강릉,6월의 강원 추천 여행 지는? 강릉 단오제! 화천 파크골프장!,https://blog.naver.com/gwdoraeyo/224297862469
60b8f1a23a249967,2026-05-31,제주,"제주도 가볼만한 곳, ""여름 여행 코스"" 이렇게 돌면 하루가...",https://blog.naver.com/wxy365/224301461605
66608338d38796a7,2026-05-31,부천,“천만 송이 장미가 건네는 향기로운 위로” 가방 가볍게...,https://blog.naver.com/i0865/224301492471
e3b145d404d7c26e,2026-05-31,대구,대구 감삼역 호텔 파인트리 후기｜광장코아 야장거리 가기...,https://blog.naver.com/nareehim/224301492443
dd0ba11c039f69f3,2026-05-31,양평,"[양평 여행 ] 휠체어로 찾은 가을빛 전 주말 드라이브, 연꽃...",https://blog.naver.com/stellolove/224301492173
6e3b534a9d2b9cd1,2026-05-31,가평,"가평 자라섬 꽃페스타 실시간 후기｜수국 양귀비 만개, 지금...",https://blog.naver.com/hoppog/224301491239
a82b9da77a266e6c,2026-05-31,춘천,춘천 풀빌라 발리376 애견동반 내돈내산 솔직 후기,https://blog.naver.com/1killyou8/224301489484
6e50a11cf9cfdc8e,2026-05-31,포항,영해시외버스터미널 노선별 시간표 보는 법 (지역 검색·출발...,https://blog.naver.com/jbbbb_1/224301291827
6e50a11cf9cfdc8e,2026-05-31,대구,영해시외버스터미널 노선별 시간표 보는 법 (지역 검색·출발...,https://blog.naver.com/jbbbb_1/224301291827
6ca6fd6878db8b79,2026-05-31,대전,[2026 당일치기 대전 여행 ] 대전 가서 빵이랑 보쌈 먹고 온...,https://blog.naver.com/flower788/224301486907
d01c956f15c48e10,2026-05-31,광주,광주 근교 촌캉스 담양 다경하녹 전라도 촌캉스 솔직후기,https://blog.naver.com/hotna_o/224301481562
0d6a5058ab814efd,2026-05-31,분당,대전 당일치기 여행,https://blog.naver.com/isoyul_04/224301480587
0d6a5058ab814efd,2026-05-31,수원,대전 당일치기 여행,https://blog.naver.com/isoyul_04/224301480587
0d6a5058ab814efd,2026-05-31,대전,대전 당일치기 여행,https://blog.naver.com/isoyul_04/224301480587
a6dfb866825dbc0d,2026-05-31,김포,2026년 6월 축제 완벽 정리 | 잠수교부터 김포까지 이렇게...,https://blog.naver.com/omin1517/224301952654
a6dfb866825dbc0d,2026-05-31,고양,2026년 6월 축제 완벽 정리 | 잠수교부터 김포까지 이렇게...,https://blog.naver.com/omin1517/224301952654
eed56403d1f05781,2026-05-31,대구,[대구행정사 지역명소 2026-0002] 화왕산 자연휴양림 숲속의 집...,https://blog.naver.com/boombangsori/224301935412
acb0abdbefb247bc,2026-05-31,대구,당일 글램핑 체험도 가능한 대구 캠핑장 글램핑포엠,https://blog.naver.com/kgook21/224301925293
a77bf002309666e0,2026-05-31,인천,인천 승봉도 배편 시간 예약사이트 가격 할인받는팁,https://blog.naver.com/filltile/224301916726
b7cde9d29c5cea05,2026-05-31,인천,6월 인천 가볼만한곳 | 초여름 바다 감성 주말 드라이브 코스 3...,https://blog.naver.com/sunlunar/224301915040
ea3ea3844cc447bd,2026-05-31,여수,여수 여행 조선 왕실이 숨겨둔 비밀의섬 금오도 발아래 펼쳐진...,https://blog.naver.com/zeropop0/224301909983
752283d92458465d,2026-05-31,파주,"파주 성지순례_참회와 속죄의 성당, 갈곡리 성당",https://blog.naver.com/danggeun_iseyo/224301906578
dd2735fc4ccacc02,2026-05-31,대전,대전복합터미널 고속버스 시간표와 요금 조회 완전정리,https://lefthusband.tistory.com/1614
b3cd2124bacfe089,2026-05-31,전주,[일상사진집] 26년 5월 일상,https://blog.naver.com/hyerim0904/224301849826
e27c4a7a640e765a,2026-05-31,인천,무비자로 갈 수 있는 나라 총정리 실제 여행 경험 꿀팁,https://blog.naver.com/dish171/224301849745
f181e08460de8710,2026-05-31,인천,"서울 근교 당일치기 여행 추천, 을왕리 해수욕장 필수 준비물!",https://blog.naver.com/yej8954/224301842152
8eb51e60b31864db,2026-05-31,여수,섬이 가진 자연 자원의 가치와 섬 필요성,https://blog.naver.com/zeropop0/224301840528
f8e049c6ac119f30,2026-05-31,인천,농촌체험부터 별빛 캠핑까지! 가평에서 즐기는 특별한 힐링 여행,https://blog.naver.com/valet24kr/224301838028
f8e049c6ac119f30,2026-05-31,가평,농촌체험부터 별빛 캠핑까지! 가평에서 즐기는 특별한 힐링 여행,https://blog.naver.com/valet24kr/224301838028
ef13849931a8c5ae,2026-05-31,성수,"제주 여행 , 롯데렌트카 조기반납하고 할인받은 후기(ft. 렌트카...",https://blog.naver.com/marmar09/224301831206
ef13849931a8c5ae,2026-05-31,제주,"제주 여행 , 롯데렌트카 조기반납하고 할인받은 후기(ft. 렌트카...",https://blog.naver.com/marmar09/224301831206
d82326ec6ed24f1e,2026-05-31,강남,강남 수입 SUV 렌트 벤츠 GLE 53 AMG 디펜더 110 단기...,https://blog.naver.com/barorentacar/224301812701
dda33e7d82abfd54,2026-05-31,성수,광주근교 주말여행 지 장성수영장펜션 시우키즈펜션,https://blog.naver.com/jieunkim19/224301794952
dda33e7d82abfd54,2026-05-31,광주,광주근교 주말여행 지 장성수영장펜션 시우키즈펜션,https://blog.naver.com/jieunkim19/224301794952
a75626076ea1e66d,2026-05-31,여수,여수 관광 화태도 배 없이 차로 들어가는 섬 여행 바다뷰,https://blog.naver.com/zeropop0/224301794105
55ec122cb99b2fa5,2026-05-31,광주,광주역 기차시간표 조회 셔틀열차 전철시간 KTX 열차승차권...,https://blog.naver.com/jstd6867/224297238188
cad4a19f6fae41b8,2026-05-31,부산,부산 근처 일본 주말 여행 지 5곳 추천,https://blog.naver.com/wuzlokm0187/224295173572
1bd0ab3bac5cf9a2,2026-05-31,양양,양양 민박 세심한 관리와 기본 편의시설 양양펜션 더미소,https://blog.naver.com/ajinkima/224301762816
e82ebf620ad7023f,2026-05-31,양양,쾌적한 환경에서 편안하게 휴식할 수 있는 감성 숙소 양양 펜션...,https://blog.naver.com/hasim90/224301744929
1cb43e3b08d7fa70,2026-05-31,제주,제주 애월 새별프렌즈 방문기 귀여운 동물 먹이주기 체험 추천,https://blog.naver.com/soul21002/224301741099
923666e9ddb893d9,2026-05-31,가평,가평 베고니아새정원 실내 여행 정보와 관람 팁,https://blog.naver.com/jja0412a/224301682392
556164e1d9dc9da9,2026-05-31,대전,아이와 대전 근교 바다 여행 ! 충남 서천 해수욕장 + 공원 피크닉...,https://blog.naver.com/my_prayer_s2/224301723956
7a2456545a9a5671,2026-05-31,강릉,2026년 5월 일기,https://blog.naver.com/bonusvvv/224301714468
21719800fe78ea28,2026-05-31,성수,애견동반 여름 축제 강원도 가볼만한 곳 강릉 안목 추천,https://blog.naver.com/hodoo527/224301713705
21719800fe78ea28,2026-05-31,강릉,애견동반 여름 축제 강원도 가볼만한 곳 강릉 안목 추천,https://blog.naver.com/hodoo527/224301713705
ae67e2a096878040,2026-05-31,구리,스테이 패스포트 에어플레인 구리점 :: 비행기 콘셉트가...,https://blog.naver.com/hotelsss/224301675919
1dafda3cd5140f6b,2026-05-31,양평,"서울 근교 당일치기 여행 지 추천 7곳, 6월 수도권 나들이장소",https://blog.naver.com/senaistraveling/224301673805
437edad76066a391,2026-05-31,경주,여행 으로 떠나는 경주 세계문화유산 시티투어 당일 기차 여행 ...,https://blog.naver.com/ghoug1g/224301646648
b431e5abde3bcc19,2026-05-31,대구,칠곡군 가볼 만한 곳 아이랑 즐기기 좋은 여행 지 추천,https://blog.naver.com/stilllifelab/224301617051
e92712e3d28d1e3b,2026-05-31,가평,"서울 근교 여행 의 정석, 완벽한 가평 힐링 코스 3가지 추천",https://blog.naver.com/bebemaru1/224300552894
8c6417ae91555222,2026-05-31,전주,"2024 여행 가는달, 직장인을 위한 필수 일정 5가지!",https://dwqn.tistory.com/283
18ed7f1b91aa24fd,2026-05-31,용산,전남 관광 곡성에 고려를 세운 사람 신승겸 장군 문화재 여행 의...,https://blog.naver.com/zeropop0/224301545624
951d7c63f715c065,2026-05-31,남양주,"남양주펜션 남양주독채펜션 추천, CosyInn(축령산코지인)...",https://blog.naver.com/qkrtjdals0526/224301539007
398e31bd6a7a8752,2026-05-31,분당,분당 율동공원 나들이 주차 및 놀이터 정보,https://blog.naver.com/judyjr0456/224294952903
d8062aab936a147c,2026-05-31,부천,부천장미축제 실시간 개화 상태 주차장 위치 시간 안내,https://blog.naver.com/lguplus_doctor/224301529253
f35290a37a52a31e,2026-05-31,경주,익산 가볼만한 곳 주말여행 백제왕궁박물관,https://blog.naver.com/kimdang22_/224301524505
1e362f4755e86935,2026-05-31,성수,철원 고석정 꽃밭 비성수기 여행 추천｜한적하게 즐기는...,https://blog.naver.com/richlove_/224301203621
16ddd12a6923093c,2026-05-31,명동,"역사속으로 사라진 우일&국도 극장, 군산 시민예술촌으로 재탄생",https://blog.naver.com/skylove866/224301511734
6f01abdd2a87affc,2026-05-31,남산,남산 하늘숲길 벚꽃과 자연을 즐기는 트래킹 코스,https://blog.naver.com/wzbab896/224294920357
cfd90fee72cee546,2026-05-31,부산,"나트랑 달랏 패키지 5일 부산 출발, 디꾸아호텔 총정리",https://blog.naver.com/dkrdka18/224301494212
b782b6ab80de9ad5,2026-05-31,광주,광주 1박2일 나들이,https://blog.naver.com/wooookiki/224301493364
9e64d3e139d5f03b,2026-05-31,대전,"프라이빗하게 쉬기 좋은 청주풀빌라, 이티성 더글램 후기",https://blog.naver.com/rubi3566/224301480575
b28bc2643bd4ee0c,2026-05-31,제주,제주도 항공권 특가 총정리｜“같은 비행기인데도 가격 차이가...,https://blog.naver.com/cross1882/224300877090
c921cf22a1fb50f6,2026-05-31,부산,[ 여행 ] 김해 봉하마을 다녀온 후기｜노무현 대통령 생가와...,https://blog.naver.com/na0you/224300638589
2649b02922aebfa1,2026-05-31,가평,가평 라벨르 스파 펜션 이용후기｜북한강 근처 감성 숙소,https://blog.naver.com/purier28/224301466660
f052d120cbfe63bb,2026-05-31,광명,대마도 여행 준비하기 위한 8가지 팁,https://kyla104.tistory.com/309
9b1692a721222dab,2026-05-31,부산,"시티투어 대마도 2박 3일, 생각보다 더 알차고 편했던 여행",https://blog.naver.com/todaystories/224299974006
c9f353e4a4336ed4,2026-05-31,김포,"[서울 근교 드라이브] 주말 김포 여행 코스, '장어형'에서...",https://blog.naver.com/momenting_7/224301023890
78014f4e306b7cd5,2026-05-31,속초,6월 7월 강원도 속초 여행 추천 속초 오징어 난전 기간 시세 등...,https://blog.naver.com/kdspmj12/224301286844
f589575eb1461624,2026-05-31,부산,사천 터미널 진주 시간표 및 요금 탑승 방법 정리,https://bluebeat.tistory.com/544
e79247008528b5b3,2026-05-31,강릉,강릉바다다,https://blog.naver.com/luminous-432/224301435963
67d6163fbfb7d2e0,2026-05-31,속초,플라트 근처 핫플 주말 가볼만한곳 등대해수욕장 중앙시장...,https://blog.naver.com/rokag4/224301433399
68569e04e6a3617f,2026-05-31,김포,"주말 에 가기 좋은 맨발 걷기 여행 지 3곳, 황톳길은 여기부터...",https://blog.naver.com/gigipa1030/224300586951
68569e04e6a3617f,2026-05-31,대전,"주말 에 가기 좋은 맨발 걷기 여행 지 3곳, 황톳길은 여기부터...",https://blog.naver.com/gigipa1030/224300586951
976b9e3d7193a96a,2026-05-31,부산,부산 대마도 배편 쓰시마링크 가격 대비 만족도,https://blog.naver.com/footing39579/224301429370
2f1291e1de1a7426,2026-05-31,명동,힐 하우스 호텔 명동 서울 할인코드 특가 예약하기!!,https://blog.naver.com/agoda-_-info/224300274507
2f1291e1de1a7426,2026-05-31,남산,힐 하우스 호텔 명동 서울 할인코드 특가 예약하기!!,https://blog.naver.com/agoda-_-info/224300274507
c6a9a995d95dac6b,2026-05-31,부산,"2박 3일 여행 코스, 해운대·광안리·기장까지 완벽했던 여행 후기",https://blog.naver.com/xclark/224301274954
604384b497f797aa,2026-05-31,부산,"KTX 부산 시티투어, 대마도 2박 3일 여행 최대 고민 해결!",https://blog.naver.com/darkchefs/224300951701
37b44e2def9f586f,2026-05-31,가평,가평글램핑에서 만난 자연 속 가평풀램핑의 한적한 매력,https://blog.naver.com/dlghtjsals3/224301403889
6b7d8e5a6f9b4f26,2026-05-31,양양,양양 여행 가면 꼭 들러야 할 하조대 해수욕장 다녀온 후기...,https://blog.naver.com/nadopick/224301400956
0cd261fe1d820c10,2026-05-31,가평,서울 근교인데 의외로 만족도 높은 국내 여행 지 BEST 5｜ 주말 ...,https://blog.naver.com/43065_18/224301398242
a4509c7fcf4cf656,2026-05-31,속초,속초 블라디보스토크 여객선으로 떠난 주말 소소한 힐링 기록,https://blog.naver.com/ynxozpxp8337/224301351668
1fcb53f3add7155a,2026-05-31,삼성,K-패스 교통카드 사용 후기 | 환급금 날짜 | 2026 한시적 추가...,https://blog.naver.com/nanyeongeunya/224301384300
85018824585eaa61,2026-05-31,대전,"초여름 밤, 대전·금산 감성 드라이브 코스 완전정복 | 한빛탑...",https://blog.naver.com/information-store/224301380952
2bf12c31fa6db546,2026-05-31,부산,"지금 바로 예약! 부산-대마도 왕복 배편, 이 가격에?",https://blog.naver.com/qkrwlgp1631/224301379561
59a0f5c6881a079f,2026-05-31,강릉,강릉과 영월로 떠난 1박 2일 세미나 기록 아르떼뮤지엄의...,https://blog.naver.com/piable/224301370168
c88aefa45bf6348c,2026-05-31,경주,경주 바다보며 즐기는 해암회식당,https://blog.naver.com/sys007279/224301364177
d6f33b66dba1a924,2026-05-31,김포,김포공항 김해공항 비행기 시간표 및 항공권 예매 [최신],https://blog.naver.com/crazyaboutyou/224289321945
f64c66d4bc5605e3,2026-05-31,서촌,3가지 이유로 꼽는 서촌맛집 옹시미가 주는 한옥의 정취와 감자...,https://blog.naver.com/jw094clg/224301342409
73f1ca2e4db6d88a,2026-05-31,강릉,죽기 전에 꼭 가봐야 할 여행 명소 BEST7,https://blog.naver.com/pjwcokr/224301322425
a08fad819b638cdb,2026-05-31,부산,"부산-대마도 왕복 배편, 지금 예약하면 혜택 UP!",https://blog.naver.com/darkchefs/224300848132
e387d32962a215a9,2026-05-31,부산,망설임은 이제 그만! 씨플라워호 타고 떠나는 부산-대마도...,https://blog.naver.com/darkchefs/224300840980
2d71f1ee6cf19bf3,2026-05-31,양양,양양 1박2일 혼 여행 후기 | 5월 뚜벅이 양양 혼 여행 코스 추천...,https://blog.naver.com/kkybv/224301298735
ad0fbbc9ac920ccf,2026-05-31,대구,"대구 근교 ATV 서바이벌, 여기서 꼭 경험해야 할 3가지",https://blog.naver.com/cjdjjang3/224301294343
a953ceaa6407f503,2026-05-31,인천,지하철만 타고 떠나는 당일치기 여행 지 추천｜ 주말 에 부담 없이...,https://blog.naver.com/dbrudtnr4862/224301289647
a953ceaa6407f503,2026-05-31,송도,지하철만 타고 떠나는 당일치기 여행 지 추천｜ 주말 에 부담 없이...,https://blog.naver.com/dbrudtnr4862/224301289647
ed6c2f7da2296149,2026-05-31,제주,임실N장미축제 개화상황 총정리! 인생샷 명소 추천,https://blog.naver.com/n_n_ii/224301287562
7f61d12b84bb3c28,2026-05-31,속초,"주말 에 갑자기 떠난 속초 혼자 여행 , 가성비 숙소 찾는다면 속초...",https://blog.naver.com/attractive_llama/224301277854
b847716af7842911,2026-05-30,광주,국내 여행 장미의거리 조선대하교 또다른 매력 포인,https://blog.naver.com/marinblue666/224301275660
99a25ca2a446101a,2026-05-30,안양,[내돈내산 아이들과 안양 여행 ]... 안양 유원지)1박 2일 여행 코스,https://blog.naver.com/lossia0315/224301265062
379e50d530ff6e8f,2026-05-30,가평,"가평 글램핑 직접 가봤더니, 이건 진짜 수영장 딸린 별장이었어요",https://blog.naver.com/beasia/224301260039
b5826254ca940d49,2026-05-30,대전,6월 대전 여행 추천 대전 성심당 시루 케익 전문점 망고롤 구매...,https://blog.naver.com/kdspmj12/224301254493
11c3371db94a76fd,2026-05-30,대전,"대전의 달콤한 자부심, 성심당 케잌 부띠끄 여행 기",https://blog.naver.com/mintshop-01/224301251048
cf5ef01ce95a4bea,2026-05-30,강릉,2026년 6월 국내 여행 지 추천 BEST 7,https://blog.naver.com/43065_18/224283486760
cf5ef01ce95a4bea,2026-05-30,가평,2026년 6월 국내 여행 지 추천 BEST 7,https://blog.naver.com/43065_18/224283486760
cf5ef01ce95a4bea,2026-05-30,여수,2026년 6월 국내 여행 지 추천 BEST 7,https://blog.naver.com/43065_18/224283486760
cf5ef01ce95a4bea,2026-05-30,제주,2026년 6월 국내 여행 지 추천 BEST 7,https://blog.naver.com/43065_18/224283486760
cf5ef01ce95a4bea,2026-05-30,경주,2026년 6월 국내 여행 지 추천 BEST 7,https://blog.naver.com/43065_18/224283486760
5851b76d0d52a53e,2026-05-30,제주,전북 고창 아이랑 가볼만한곳 2026 고창 갯벌 축제 체험...,https://blog.naver.com/akkom2/224301243304
9cadb9742b9b6cef,2026-05-30,대구,[대구 수성구] 동대구역 근처 돼지갈비 로컬 찐맛집 '낙산가든',https://blog.naver.com/donas30000/224301241431
4f9bc1a9450cf845,2026-05-30,포항,포항 유니의바다카라반 후기 괜찮네요 근데 예약 조건은 먼저...,https://blog.naver.com/flowerzeo/224301235918
29c10a3379dda886,2026-05-30,속초,휴가지 바가지 요금 걱정 끝! 가성비와 맛을 다 잡은...,https://blog.naver.com/dee7781/224301152083
18d2409dc510545d,2026-05-30,부산,부산시모노세키배편 여행 특공대 부관훼리할인 3박4일 리얼...,https://blog.naver.com/midwings/224301230083
4fefe9ab36e3f2fd,2026-05-30,부산,2025년 직장인을 위한 할인 여행 팁 7가지,https://dwqn.tistory.com/203
60df411f085847ab,2026-05-30,부산,대교 근교 가볼만한 곳 청도 글램핑 카라반 수영장이 있는 숙소...,https://blog.naver.com/shseo02144/224301208406
60df411f085847ab,2026-05-30,대구,대교 근교 가볼만한 곳 청도 글램핑 카라반 수영장이 있는 숙소...,https://blog.naver.com/shseo02144/224301208406
7a4931503046f253,2026-05-30,여수,"똑같은 일상에 지쳤을 때, 가족과 함께 떠나온 쉼표 같은 여행",https://blog.naver.com/clickb0921/224301204728
0fd08a6f4b3aa512,2026-05-30,전주,전주 근교 아이가 너무 좋아했던 갯벌체험 비인해변에 다녀왔어요,https://blog.naver.com/dumbospizza/224301195259
eb5ba11db32e7219,2026-05-30,부산,부산·경남 아이와 가볼만한 곳 추천! 여름 전 해수욕장...,https://blog.naver.com/bbobbu_91/224301193126
157025e4dcc9c5ec,2026-05-30,부산,"일본만 부산 대마도 배편, 노바호로 떠나는 알찬 여행",https://blog.naver.com/darkchefs/224300813561
814c2adc4dc06a2d,2026-05-30,서울숲,서울숲 정원박람회,https://blog.naver.com/kkangpaetokkieeee/224301182922
459bb8dc5432d657,2026-05-30,성수,대부도 소야도 배편 배시간 요금 확인 및 예매 예약 방법,https://blog.naver.com/pepes119/224301171516
b1b288d113efbcdd,2026-05-30,수원,[수원 여행 ] 일월수목원 습지원 산책하기 좋은곳,https://blog.naver.com/kshh7210/224301163693
f065af4e0d69ac59,2026-05-30,경주,경주 여행 | 황리단길 | 《경주맛집 》,https://blog.naver.com/alsod0982/224301149086
39a78d0d8633a6bd,2026-05-30,강릉,강릉헬스장 새로워짐 교동점 스마트한 QR코드로 헤매지 않은...,https://blog.naver.com/7utah/224301138027
7d5cd01dc34f79f2,2026-05-30,명동,새댁의 3회차 시댁방문기,https://blog.naver.com/dozen2012/224301135449
7d5cd01dc34f79f2,2026-05-30,광주,새댁의 3회차 시댁방문기,https://blog.naver.com/dozen2012/224301135449
643836f599db3a0f,2026-05-30,인천,서울근교 가족 여행 추천 | 아이들과 다녀온 강화도 플로망스...,https://blog.naver.com/entely/224301130895
a35b6df9bcd94a9f,2026-05-30,대전,휴가철 대전복합터미널 북적북적 용전동 차량탁송 문의 증가,https://blog.naver.com/golddriver-/224301122733
d6015cb6824e7f8a,2026-05-30,부산,5월 주말여행 고1딸과 부산서면 굿즈샵 맛집투어 애니매이트...,https://blog.naver.com/corona1022/224301114759
de5610d9b3681c7b,2026-05-30,과천,가을 단풍 여행 어디로 떠나면 좋을지 고민하는 분들을 위한...,https://blog.naver.com/rutheelove/224299954806
9af6751c092c29f7,2026-05-30,속초,"속초 오징어난전 시황, 지금 분위기 어떨까 (feat. 송지호...",https://blog.naver.com/sparkingly/224300725210
9a555a0402b18b6f,2026-05-30,송도,아이폰 배터리 지옥 탈출 알로코리아 맥세이프 보조배터리...,https://blog.naver.com/share_it__/224301084938
06de4cafdad9124b,2026-05-30,강릉,2인 국내 펜션 추천 TOP 5 (6월 예약 전 꼭 확인할 정보),https://blog.naver.com/protebe/224300921621
06de4cafdad9124b,2026-05-30,제주,2인 국내 펜션 추천 TOP 5 (6월 예약 전 꼭 확인할 정보),https://blog.naver.com/protebe/224300921621
06de4cafdad9124b,2026-05-30,포항,2인 국내 펜션 추천 TOP 5 (6월 예약 전 꼭 확인할 정보),https://blog.naver.com/protebe/224300921621
9d0763a1636637dc,2026-05-30,성수,[춘천 가족 여행 03] 삼악산 호수케이블카 타고 부모님 모시고...,https://blog.naver.com/goqud83/224301080337
9d0763a1636637dc,2026-05-30,춘천,[춘천 가족 여행 03] 삼악산 호수케이블카 타고 부모님 모시고...,https://blog.naver.com/goqud83/224301080337
2c5aa2d206de560d,2026-05-30,춘천,레고랜드 ‘고 풀 닌자’ 6월 7일까지 연장…춘천 가족 여행 ...,https://blog.naver.com/travelnews/224301071483
04d17e09ec413d56,2026-05-30,부산,"대마도 배편, 현명한 선택을 위한 Q&A 총정리",https://blog.naver.com/darkchefs/224300728732
9caf4433cd9d88ab,2026-05-30,가평,가평펜션 가평 오페라하우스 펜션 아늑한 편안함 가득,https://blog.naver.com/bodycircle/224296607241
4bdcb4412c9b4e56,2026-05-30,성수,차량 블랙박스 저장기간 오래 녹화하는 모델 찾는 방법,https://blog.naver.com/danbi928k/224301063995
4bdcb4412c9b4e56,2026-05-30,경주,차량 블랙박스 저장기간 오래 녹화하는 모델 찾는 방법,https://blog.naver.com/danbi928k/224301063995
b87349951d04bfc0,2026-05-30,광주,디지털 관광주민증이란? / 발급 방법부터 할인 혜택까지,https://blog.naver.com/foaiman/224301045583
a83a7f0cb8888c8e,2026-05-30,전주,전주근교바다))) 군산 비응항,https://blog.naver.com/korea6537/224301036462
cfdfadbf6fb5088d,2026-05-30,양평,[양평/캠핑장] 노산팔경캠핑장 후기,https://blog.naver.com/wisebaby2/224301035430
670b42c954bd1634,2026-05-30,부산,"후쿠오카 최다석 선박 여행 , 뉴카멜리아호 예약으로 떠나는...",https://blog.naver.com/darkchefs/224300718038
4b8829aee0820d16,2026-05-30,삼성,2026년 6월 전국 인기 축제 총정리! 초여름 여행 어디로 갈까?,https://blog.naver.com/okair/224301027455
f41b74520612e09b,2026-05-30,인천,주안렌트카 어디서 빌려야 할까? 이음카드 20% 캐시백 받는 방법!,https://blog.naver.com/doop001/224301025830
09f2e683a4f3b884,2026-05-30,속초,주말여행 속초 중앙시장 새우튀김 홍게튀김 오징어순대 맛집...,https://blog.naver.com/kmo8833/224301024388
591027b3f2fc8e40,2026-05-30,경주,[경주]아기랑 경주 여행 숙소... 데메테르 풀빌라 가족 여행,https://blog.naver.com/sojin7031/224301017145
d9a32d1a78e5fc98,2026-05-30,전주,전주 풍남헌 고택 (한옥스테이) AGODA 아고다 할인받기!!,https://blog.naver.com/agoda_klook_/224301010240
d0ab183ecdfe00ad,2026-05-30,전주,전주 관광호텔 꽃심 (Jeonju tourist hotel) AGODA 아고다...,https://blog.naver.com/agoda_klook_/224301006268
c770c8137cb7651d,2026-05-30,인천,주말 아이랑 영종도 나들이 왕산해수욕장 동해막국수,https://blog.naver.com/seolgi01/224301002639
6545511cc8d59d41,2026-05-30,전주,라한 호텔 전주 (Lahan Hotel Jeonju) AGODA 아고다...,https://blog.naver.com/agoda_klook_/224301000814
01376ef2c3221763,2026-05-30,경주,경주 황리단길 먹거리 추천 ! : 직접 먹어본 내돈내산 간식들...,https://blog.naver.com/wms9774/224301000899
e0bc145496baaa4c,2026-05-30,전주,호텔 신라 스테이 전주 한옥마을 (SHILLA STAY) AGODA...,https://blog.naver.com/agoda_klook_/224300996844
afee057e1fec3baf,2026-05-30,성수,남해 여행 필수 코스 추천 / 절경 감동 보리암 & 힐링 가득...,https://blog.naver.com/shiny0627/224300993904
67af7c3690c55bfb,2026-05-30,전주,글로스터 호텔 전주 (Gloucester hotel) AGODA 아고다...,https://blog.naver.com/agoda_klook_/224300992783
610c70e6746bc91f,2026-05-30,인천,금요일 퇴근 후 바로 떠나는 강화도 2박 3일 | 라벤더 향기...,https://blog.naver.com/information-store/224300962248
b3987f81c277e338,2026-05-30,전주,전주근교카페)) 군산 오산상회카페,https://blog.naver.com/korea6537/224300949680
4414944194a2bc30,2026-05-30,춘천,“한국의 스위스라 불리는 곳” 춘천 해피초원목장 가볼만한 이유,https://blog.naver.com/kacey2021/224300945064
7010fd35b923032d,2026-05-30,삼성,"삼성전자 배당금 재투자, 30대 직장인 여행 자금 2배 불린...",https://blog.naver.com/sshkshk/224299788491
c450ad5514a6a611,2026-05-30,속초,속초겨울배낚시 이색데이트 코스 동광호배낚시체험 꿀팁과...,https://blog.naver.com/jmy1407/224300936938
76ed8c2a74cbcef9,2026-05-30,수원,수원 행궁동 감성 카페 '오토그라프' 방문 후기,https://blog.naver.com/sean0078/224297115240
86f42d84df7abd5b,2026-05-30,가평,포천 1박2일 여행 코스 ㅣ 직접 비교해 본...,https://blog.naver.com/reviewfilm/224300931698
8d2be80530ed3ad6,2026-05-30,속초,속초 가볼만한곳 실향민문화축제 아이랑 즐기고 강원도 고성...,https://blog.naver.com/winnersurf/224300930370
7180f5d3080da516,2026-05-30,삼성,[수성못맛집/ 브레이크타임없는] 푸나왈라 'Poonawala...,https://blog.naver.com/adint/224300929773
7180f5d3080da516,2026-05-30,대구,[수성못맛집/ 브레이크타임없는] 푸나왈라 'Poonawala...,https://blog.naver.com/adint/224300929773
f2b2de8ea5eaa5b4,2026-05-30,춘천,레고랜드 최신방문 후기 (+11세 7세 6세),https://blog.naver.com/sososo_mom/224300907906
cc58668cac06342a,2026-05-30,남양주,남양주 여행 3일차) 돌체카사 조식먹고 라조리오 카페가서...,https://blog.naver.com/danharu0116/224300899252
3e53ecdcc42b0ad8,2026-05-30,인천,인천 주말 배낚시 당일치기 바다 체험 후기,https://blog.naver.com/longlp/224300895061
cf7176c60167cc76,2026-05-30,여수,️ 가족·연인과 함께 즐기는 전국 루지 명소 3곳,https://blog.naver.com/valet24kr/224300892968
2172cdc45307d4d0,2026-05-30,남산,6월 서울·경기 여행 지 추천…지금 가장 아름다운 산책...,https://blog.naver.com/2022universe_/224300864031
2172cdc45307d4d0,2026-05-30,양평,6월 서울·경기 여행 지 추천…지금 가장 아름다운 산책...,https://blog.naver.com/2022universe_/224300864031
19197f18daafba77,2026-05-30,가평,가평 글램핑 어디가 제일 나을까? 오아시스520 직접 가봤습니다,https://blog.naver.com/beasia/224300850047
4b1e592533c77d94,2026-05-30,가평,빛두리 가평 잣손두부 잣두부전골 감자전 내돈내산 주차,https://blog.naver.com/joyto17/224300848525
539b3e320ad72066,2026-05-30,가평,"가평 글램핑 온수풀, 돔 구조 풀빌라 숙소 찾다가 여기서...",https://blog.naver.com/nowgo-/224300841681
d2c5714b47b7b097,2026-05-30,인천,깨끗한 소호펜션에서 지인과 가족 여행 제대로 즐기고 왔어요,https://blog.naver.com/tjsflstkfkd/224300838962
2931e30edf46eca3,2026-05-30,고양,"고양행주문화제, 역사 도시 고양의 깊은 매력",https://blog.naver.com/korea_trip_/224298182121
12896d97551813cc,2026-05-30,남양주,남양주 키즈카페 플레이킹덤 후기가평 가는 길 아이 쉬어가기...,https://blog.naver.com/vikini1827/224300831797
12896d97551813cc,2026-05-30,가평,남양주 키즈카페 플레이킹덤 후기가평 가는 길 아이 쉬어가기...,https://blog.naver.com/vikini1827/224300831797
ae1c8133f859f621,2026-05-30,여수,5월 여수밤바다 여행 필수코스! 여수해상케이블카 타고...,https://blog.naver.com/tmdgmltkfkd0904/224300822214
3f41864b0272b0c7,2026-05-30,양양,양양을 대표하는 핵심 입지 낙산해변의 플럼바고 양양,https://blog.naver.com/aideworks/224300817100
5fbb143860754c75,2026-05-30,대전,연휴에 다녀온 대전 1박2일 여행 코스! 놀고 먹고 야구보고 또...,https://blog.naver.com/sun0e_dailylife/224298876940
f2a570a4589d6a17,2026-05-30,춘천,5월의 마지막 주말 레고래드 주차장으로 GOGO!!!!,https://blog.naver.com/8389702/224300803400
109c744ebe955792,2026-05-30,가평,“사진 맛집 인정” 2026 자라섬꽃축제 일정·개화 상황 총정리,https://blog.naver.com/3050035/224300782260
1ca72e7b1a7e2a45,2026-05-30,부산,부산역 발마사지추천 / 부산역마사지샵추천...,https://blog.naver.com/hhot3000/224300779058
2b55b2bd74ce62fb,2026-05-30,대전,"집에 가기 싫다고 울었던 대전 근교 당일치기 여행 지 TOP 5 """,https://blog.naver.com/key11145/224300777297
754998f929f2f497,2026-05-30,인천,인천 신시모도 맛집 ‘고남정’| 물회·해물부추전·멍게비빔밥...,https://blog.naver.com/yrmrmrm/224300060279
a887cf12b22fc241,2026-05-30,강릉,[강릉 맛집] 일요일 점심에 만난 인생 장칼국수와 감자전...,https://blog.naver.com/ljk_0318/224300759761
0266b929a727ba63,2026-05-30,춘천,수영장과 자쿠지 모두 갖춘 월송리캠프&글램핑카라반,https://blog.naver.com/jjjj8802/224300755564
32bc4cd29454dfa0,2026-05-30,가평,가평 쁘띠프랑스 6월 여행 지 추천 가족과 함께 떠나는 낭만적인...,https://blog.naver.com/windjiny/224300699270
57145d263438f27c,2026-05-30,부산,이재모피자 부산본점 주말 주차 꿀팁! 대기 줄이는 대체...,https://blog.naver.com/nstartkkh/224300582724
dee2cc0c02f4ffd4,2026-05-30,부산,뷰친자필독.미친 통창 오션뷰에서 고품격 끝판왕 디너!...,https://blog.naver.com/polosunny/224300743157
fe097c0a47086133,2026-05-30,대전,"결국 대전 빵지순례 빵버스, 내돈내산 솔직 후기 공개해요!",https://blog.naver.com/review76/224300735299
794c4321f894854f,2026-05-30,강릉,강릉 여행 중 발견한 [초당 모꼬지] 맛있는 한끼,https://blog.naver.com/ziizs/224300732606
f5e21c2f383b3d6f,2026-05-30,가평,가평펜션 가평 리플렉스 풀빌라 편안한 잠자리 보장,https://blog.naver.com/bodycircle/224296605359
cf950f56dc5c6712,2026-05-30,인천,절반 가격인데 무비자라고요? | 2026 상하이 여행 완벽 가이드,https://blog.naver.com/subi301/224299794907
cf950f56dc5c6712,2026-05-30,제주,절반 가격인데 무비자라고요? | 2026 상하이 여행 완벽 가이드,https://blog.naver.com/subi301/224299794907
6b2546e92f04c9d8,2026-05-30,부산,부산 대마도 배편 당일치기 쓰시마링크호 예약,https://blog.naver.com/pibilinnae/224300719108
619a224bf54ff918,2026-05-30,부산,부산 여행 간다면 여기 진짜 저장 필수,https://blog.naver.com/gua10256/224300714716
8f6df2b030ab1c97,2026-05-30,부산,[초저가 직항 3일] 다카마츠 자유 여행 | 나오시마 현대미술...,https://blog.naver.com/gktla2/224300160649
006fd7f5f7e3c087,2026-05-30,춘천,"춘천 호텔 추천｜닭갈비 골목 근처, 새로 오픈한...",https://blog.naver.com/hanongee/224299945266
c237d67dbe61819c,2026-05-30,여수,5월 29일 여수시티투어 고객님 저희 서틀러다육식물원에...,https://blog.naver.com/shipshin/224300694089
037e2b508030238d,2026-05-30,제주,주말여행 어디갈지 고민된다면? 제주 서귀포 바다뷰에서 끝내는...,https://blog.naver.com/youngvin7205/224300690288
158fc72fc0c2ccba,2026-05-30,성수,[강촌 여행 ] 가족과 함께 스트레스 타파! 어택캠프 서바이벌...,https://blog.naver.com/thelove_twoyun/224299750237
9e16360858497d56,2026-05-30,인천,마시안 갯벌체험 인천 영종도 갯벌체험장 준비물 물때 주차,https://blog.naver.com/zoe_happy1/224298051056
f6bd7c1a2492ed20,2026-05-30,교대,담양 애견동반 대형 한옥카페 베이글맛집 기역니은디귿,https://blog.naver.com/haha_jina/224300540734
f6bd7c1a2492ed20,2026-05-30,광주,담양 애견동반 대형 한옥카페 베이글맛집 기역니은디귿,https://blog.naver.com/haha_jina/224300540734
a79564dd57def109,2026-05-30,제주,서천 장항항 꼴갑축제 불꽃놀이 명당부터 먹거리까지? 입안...,https://blog.naver.com/project-jaden/224300682190
0a8f3d062d2ddfec,2026-05-30,대전,성심당 멜론케이크 오픈런 전 필독: 메론시루 가격·판매수량...,https://blog.naver.com/betterthanever0810/224300681557
0a776ea55d85a949,2026-05-30,부산,"부산원아시아페스티벌 2026 완벽 정리, 10주년 BOF with NOL...",https://blog.naver.com/zzz-trucker/224300678507
27cdae87b1b6ba7d,2026-05-30,부산,"광안리어방축제 2026 완벽 정리, 일정부터 프로그램, 꿀팁까지...",https://blog.naver.com/zzz-trucker/224300675929
f5ecc0ead605fb3f,2026-05-30,성수,여름맞이 숙박세일페스타 신청 방법 및 국내 여행 할인쿠폰 받기,https://blog.naver.com/diek3100/224299769351
6fdbec68456b0964,2026-05-30,대구,대구근교 거창대형카페 지애플 주차 아이랑 사과돈까스,https://blog.naver.com/3466_/224300033368
b034bf3afafade4d,2026-05-30,가평,2026 자라섬 꽃 페스타 총정리,https://blog.naver.com/jm2687/224299437390
2b3bed232781555f,2026-05-30,강남,에이치에비뉴 호텔 역삼점: 테헤란로 오피스 빌딩 숲 사이...,https://blog.naver.com/dktigerjk/224300671113
2b3bed232781555f,2026-05-30,역삼,에이치에비뉴 호텔 역삼점: 테헤란로 오피스 빌딩 숲 사이...,https://blog.naver.com/dktigerjk/224300671113
4cce382b38416f47,2026-05-30,포항,포항 호미곶 차박! 무려 90%가 모르는 새벽 감성 명당 스팟과...,https://blog.naver.com/medic3939/224300583825
3a9f91f00c08e4ba,2026-05-30,가평,가평펜션 디파우제펜션 여기서 힐링해보세요,https://blog.naver.com/bodycircle/224296604863
644809fa7f4c6962,2026-05-30,대전,성심당 멜론케이크 사기 전 필독: 멜론1통케익 가격·한정수량...,https://blog.naver.com/olly2773/224300664196
74dc4331ea8b30e8,2026-05-30,파주,"초여름 서울 근교 드라이브 카페 추천 BEST, 연인부터...",https://blog.naver.com/ezcomi1/224300663847
74dc4331ea8b30e8,2026-05-30,남양주,"초여름 서울 근교 드라이브 카페 추천 BEST, 연인부터...",https://blog.naver.com/ezcomi1/224300663847
74dc4331ea8b30e8,2026-05-30,양평,"초여름 서울 근교 드라이브 카페 추천 BEST, 연인부터...",https://blog.naver.com/ezcomi1/224300663847
158a0183d29e4b75,2026-05-30,양평,양평 두물머리 가볼만한곳 주말 서울근교 여행,https://blog.naver.com/suk4408/224300568670
aa5622c8e7a695f4,2026-05-30,고양,캐나다 윈저 해외이사 | 고양시에서 미국과 국경을 맞닿은 윈저로!,https://blog.naver.com/canadashipping/224300588348
ba8adac71d823842,2026-05-30,광주,"광주 목포 근교 나들이 고민 끝 영암 카페 마실, 아이랑 가도...",https://blog.naver.com/jinpurplejin/224300658747
d8d2029de923c648,2026-05-30,대전,대전근교가볼만한곳 힐링 여행 코스 추천,https://blog.naver.com/thdus347/224299966073
b6903870e350a765,2026-05-30,속초,"지금 뜨는 2026 강원 여행 지, 속초 가볼만한곳부터 평창·고성...",https://blog.naver.com/sparkingly/224300322917
c223db0832c67ca4,2026-05-30,강릉,"강릉 안목해변 차박, 일출 하나로 유명해진 이유",https://blog.naver.com/medic3939/224300583314
ef38e144e6fdedab,2026-05-30,성수,[통영] 통영 가볼만한곳 액티비티 추천 '통영 산토리니요트...,https://blog.naver.com/blank1025/224296449813
b856e023d6a20a2f,2026-05-30,가평,가평 까르르키즈풀빌라 찐 만족 세 가족 여행 후기,https://blog.naver.com/mathbridge/224300266675
5ce1fd6418e9a2b0,2026-05-30,김포,"후쿠오카 자유 여행 , 짐 싸기 전에 이것부터! (이심·유후인...",https://blog.naver.com/temporter/224300629387
5ce1fd6418e9a2b0,2026-05-30,인천,"후쿠오카 자유 여행 , 짐 싸기 전에 이것부터! (이심·유후인...",https://blog.naver.com/temporter/224300629387
976f9df5279fc325,2026-05-30,양평,국내 숨은 힐링 여행 지 추천 BEST 7,https://blog.naver.com/choihabby/224280389765
976f9df5279fc325,2026-05-30,제주,국내 숨은 힐링 여행 지 추천 BEST 7,https://blog.naver.com/choihabby/224280389765
308865c1526db959,2026-05-30,가평,가평 남이섬 인근 카라반글램핑 자연과의 완벽한 조화,https://blog.naver.com/ceiling394/224300561210
2466d31679624d49,2026-05-30,강릉,2026 지방선거 사전투표 기간·시간·장소·준비물 총정리,https://blog.naver.com/100vs100328/224300550127
2466d31679624d49,2026-05-30,부산,2026 지방선거 사전투표 기간·시간·장소·준비물 총정리,https://blog.naver.com/100vs100328/224300550127
2466d31679624d49,2026-05-30,제주,2026 지방선거 사전투표 기간·시간·장소·준비물 총정리,https://blog.naver.com/100vs100328/224300550127
c201e585df1d0cf5,2026-05-30,양양,양양 펜션 양양펜션 더미소,https://blog.naver.com/wook2gomdol2/224300544327
42348355706b1da8,2026-05-30,경주,"황리단길펜션 조용한 하루 보내기 좋았던 경주 쉼, 한옥스테이",https://blog.naver.com/8nhhca/224300541440
94f51a00d6eb9754,2026-05-30,양양,양양 펜션 양양민박 양양펜션 더미소,https://blog.naver.com/myn1029/224300534230
6083c0ca2d937f0a,2026-05-30,대전,주말 방문 웨이팅 보냉백 빵 롤케이크 요거롤 망고롤 대전 여행,https://blog.naver.com/wins0802/224300520563
3a1952c14c62dc9a,2026-05-29,부산,부산에서도 대만 직항 뜬다! 타이베이·타이중 신규 취항,https://blog.naver.com/tjdwk19/224300519745
309dddf8209552e7,2026-05-29,가평,가평펜션 라비타 글램핑 펜션 내가 찾은 천국 같은 곳,https://blog.naver.com/bodycircle/224296603047
83d22ae92f581940,2026-05-29,부산,[2026 지방선거] 타지역에서도 당당하게! 관외선거인...,https://blog.naver.com/kenshin209/224300503883
f2a85440986fa11c,2026-05-29,대구,대구 몽골 직항으로 주말 여행 간 후기,https://blog.naver.com/ossqpel/224297285221
1e7f77ac462064ed,2026-05-29,가평,가평 민박 찾는다면 계곡 바로 앞 촌캉스 숙소 호두나무민박 후기,https://blog.naver.com/dys99189/224300489919
f9e29de16050a0b3,2026-05-29,속초,속초 브런치카페 숲휴게소 설악산 뷰 예쁜 북카페 내돈내산 후기,https://blog.naver.com/ha_zero0/224300482705
d30a79cfa44de51d,2026-05-29,가평,"가평 휴게소 - 호두과자, 땅콩과자",https://blog.naver.com/nihility8590/224300472851
9cdfb6ce34556010,2026-05-29,판교,코트야드 바이 메리어트 서울 판교 후기 - 판교역 도보권...,https://blog.naver.com/check_in_story/224298007427
62c9c28348e14f0a,2026-05-29,대전,"주차, 후기, 여행, 시간대, 주말 여행 , 멜론 시루, 멜론 케이크)",https://blog.naver.com/ntodtop/224300470993
9d67515d819e56cf,2026-05-29,춘천,춘천 럭셔리글램핑 강추 ‘엔더스뷰’ 내돈내산 ㅣ통창 뷰...,https://blog.naver.com/berrypicks/224300460232
ba09861e06ec2ab8,2026-05-29,가평,가평 글램트리 추천ㅣ숲속 호텔급 시설에 인피니티풀까지...,https://blog.naver.com/lynnda/224300447584
c4873056bb298feb,2026-05-29,가평,봄 가평 가족 여행 추천 <더스테이힐링파크> 포레스트A타입 후기.,https://blog.naver.com/kimd0827/224300438985
fa7a4b28452692e7,2026-05-29,속초,"속초 가면 여기만은 꼭 가보세요!"" 현지인도 추천하는 속초...",https://blog.naver.com/kmin349/224300435222
b9884c67850c2ace,2026-05-29,제주,"즉흥으로 떠난 1박2일 여행 , 먹고 놀고 힐링까지 완벽했던 주말",https://blog.naver.com/bubbly____/224300423194
249d44780506ec17,2026-05-29,성수,영덕시외버스 왕복 예매 쉽게 하는 법｜시간표 조회·좌석 선택...,https://blog.naver.com/jbbbb_1/224299802693
80e8d8911dac330c,2026-05-29,춘천,고성 송지호 바다하늘길 완벽 가이드 | 죽도 스카이워크...,https://blog.naver.com/kim_maki77/224300393197
17d3dfd73d38a267,2026-05-29,광주,[영동 여행 코스] 시원한... 레인보우식물원까지! 주말여행 코스,https://blog.naver.com/rosarosa17/224300366045
b50fec90d71512cb,2026-05-29,부산,노지캠핑 가덕도 천성항,https://blog.naver.com/choiyj87645/224300095996
6f369084a292a720,2026-05-29,삼성,"[수성못치맥맛집/탄두리치킨,킹피셔조합] 푸나왈라...",https://blog.naver.com/adint/224300351092
6f369084a292a720,2026-05-29,대구,"[수성못치맥맛집/탄두리치킨,킹피셔조합] 푸나왈라...",https://blog.naver.com/adint/224300351092
370b6b28b7aed50b,2026-05-29,정자,주말 짧은 여행 으로 딱 좋은 울산 정자해수욕장 코스 안내,https://blog.naver.com/mvlxfu0/224299942724
06449caf2c8a6ac1,2026-05-29,양평,"주말 마다 찾은 '구벼울', 결국 이곳에 정착한 이유?",https://blog.naver.com/review76/224300335251
4d43db372b3a65a2,2026-05-29,부산,부산 사직야구장 직관 당일치기 코스 ⚾ 롯데자이언츠 경기...,https://blog.naver.com/yesjiji/224300325582
41c43dff5f2f0fff,2026-05-29,부산,부산 대마도 배편 당일치기 여행 구매즉시확정 쓰시마링크호...,https://blog.naver.com/brand_h/224300090409
43ff0734e183db4f,2026-05-29,부산,부산 1박2일 뚜벅이 여행 후기｜광안리·이재모피자 웨이팅...,https://blog.naver.com/theumistudio/224299183217
39725de651981a37,2026-05-29,부산,부산 대마도 여행 배편 예약 팬스타 쓰시마링크호 히타카츠...,https://blog.naver.com/brand_h/224300088635
fea06d0522af3541,2026-05-29,대구,구미 금오산 대해폭포입니다,https://blog.naver.com/parkjabez2/224300313130
da7a1e9ebded4707,2026-05-29,경주,"신라레거시호텔, 경주감성호텔 찾는 가족에게",https://blog.naver.com/xmxnd9oau/224300313260
363c28ecac581e11,2026-05-29,대구,구미 금오산 나들이를 다녀왔습니다,https://blog.naver.com/parkjabez2/224300311532
f0a8ef017d2f3ac3,2026-05-29,대구,가족과 함께 구미 금오산에서 케이블카를 탔습니다,https://blog.naver.com/parkjabez2/224300307665
86b7a80c10ab6683,2026-05-29,여수,여수 1박 2일｜낮보다 밤바다가 더 좋았던 여행,https://blog.naver.com/hijeong1231/224300301724
138a8cc9330c1d5f,2026-05-29,속초,속초 주말여행 이렇게 먹고 왔어요｜장칼국수부터 생선구이까지,https://blog.naver.com/dasanenv/224300301071
938b3f212c6d48e2,2026-05-29,양평,"2026 양평수박축제: 여름 더위 날리는 달콤한 즐거움, 놓치지...",https://blog.naver.com/heartcallla/224300240782
0557fbf0cd44644d,2026-05-29,제주,제주도 사전투표소 찾기 | 지방선거 2026 어디에서 투표하나요...,https://blog.naver.com/ristiff/224300262160
ea160fa4d5dc2ea7,2026-05-29,경주,"결국 여기 안 갔어요... 경주 감포 문무대왕 해양 역사관, 진실은?",https://blog.naver.com/review76/224300292814
18cbe03d22f439de,2026-05-29,부산,대마도 여행 준비물 대마도 배편 씨플라워 왕복승선권 이용 후기,https://blog.naver.com/brand_h/224300080476
fe95458f2e1f95ea,2026-05-29,강릉,강릉 맛집 여행 후기 8곳! 바다뷰 카페 포함 가이드,https://blog.naver.com/jsherstory/224300284251
20bbb77bafd8e45c,2026-05-29,부산,광안리 드론쇼 후기 부산 밤바다 감성 제대로!!후회없는 방문,https://blog.naver.com/wnfusdl2232/224300280862
5edca67d989e5b7a,2026-05-29,코엑스,2026 서울국제관광전 코엑스 박람회 일정 입장료 무료...,https://blog.naver.com/xianliving/224300275780
0b99b5c8ed396c78,2026-05-29,인천,강화루지 올 때 이거 입으면 진짜 큰일남ㅋㅋㅋ | 쑤기의 패션...,https://blog.naver.com/ganghwaresort/224300264787
690016d833e45be1,2026-05-29,양평,야외수영장이 있는 양평 플라워카라반 감성가득 바베큐장...,https://blog.naver.com/handan3544/224300263859
0c23e24d0b1bd060,2026-05-29,광주,광주 사고대차 렌트카 찾는다면? 단기·장기렌트 가능한...,https://blog.naver.com/dlaehgus322/224300258191
cf3d7e4e3d46791f,2026-05-29,김포,김포공항렌트카 이용 기간도 상황에 맞게 선택할 수 있어요,https://blog.naver.com/eu-rent2216/224300250875
9ffb7e242b53eaa7,2026-05-29,부산,부산 대마도 배편 노바호 예약 왕복승선권 당일치기 버스투어...,https://blog.naver.com/brand_h/224300071120
2aa0f48f2481618f,2026-05-29,합정,"주말 전국 곳곳 꽃축제, 음악 축제, 문화 예술축제",https://blog.naver.com/ssiiggg7/224300240114
7b3bdbcffbefc43c,2026-05-29,광주,[광주] BMW X3 xDrive20i M SPT 2026년식 출고,https://blog.naver.com/lhm1833/224300218871
def959d13cd3fb00,2026-05-29,속초,파인리즈리조트 회원권 모든 정보,https://blog.naver.com/konkuk-7777/224297963763
62da5af278051412,2026-05-29,강릉,국내 드라이브 코스 직접 달려본 BEST 10 (진짜 경치 좋은 곳만),https://blog.naver.com/travelmapjourney/224287320062
62da5af278051412,2026-05-29,제주,국내 드라이브 코스 직접 달려본 BEST 10 (진짜 경치 좋은 곳만),https://blog.naver.com/travelmapjourney/224287320062
2977156ee29f2551,2026-05-29,대구,[대구 렌트카 추천]펠리 대차 ➜ Z4 배차 만족도 높은 이유...,https://blog.naver.com/fkrdl1589/224300208562
300450b0a95918c3,2026-05-29,부산,청도 글램핑 숙소 숙박 추천 당일 대구근교 부산근교,https://blog.naver.com/ssukcon/224300200183
300450b0a95918c3,2026-05-29,대구,청도 글램핑 숙소 숙박 추천 당일 대구근교 부산근교,https://blog.naver.com/ssukcon/224300200183
f1aea9eeae54b98a,2026-05-29,부산,부산 현지인인 제가 여행 올 때 꼭 챙기라고 하는 준비물들,https://blog.naver.com/travelsolve/224295950601
4c014a191747dd3d,2026-05-29,속초,속초 숙소 추천 가족 여행 가기... 전에 다녀오는 6월 바닷가 여행,https://blog.naver.com/senaistraveling/224300101050
c9289e541ba70b4e,2026-05-31,강릉,청량리역에서 강릉 동해역 KTX 시간표 및 예매 내용정리,https://lefthusband.tistory.com/678
ec032765ac37de13,2026-05-31,여수,5월_오늘도 대충 이해한 척했다,https://blog.naver.com/mingy__/224301956361
16084a2c8a66784b,2026-05-31,신사,[나가노 여행] 크고 웅장한 삼나무 숲길로 유명한...,https://blog.naver.com/byhwa11/224301954305
0f94b9d14323083b,2026-05-31,대전,대전 탐정 | 고석정 풍경.,https://blog.naver.com/daon_8272/224301953125
e45730b93c32786a,2026-05-31,파주,서울 근교 주말 나들이 파주 핫플 놀거리 우농타조농장,https://blog.naver.com/soojchun/224301951709
8d60fcc75e0bf8ef,2026-05-31,부산,[5월 일상] 현재를 살아가보자,https://blog.naver.com/thals0965/224301951721
737b2fe88cb56c30,2026-05-31,제주,"꽃보다 청춘 리미티드 에디션, 제주도 당일치기 도전? 예측불가...",https://blog.naver.com/daizy425/224301949452
737b2fe88cb56c30,2026-05-31,광주,"꽃보다 청춘 리미티드 에디션, 제주도 당일치기 도전? 예측불가...",https://blog.naver.com/daizy425/224301949452
fc521cb74d316b99,2026-05-31,강릉,[강릉 가볼만한곳] 바다와 감성 가득한 강릉 여행 코스 BEST 4...,https://blog.naver.com/minjus146/224301950149
fbc0a6a5711bc847,2026-05-31,경주,경주 보문단지 주변 액티비티 추천: 경주루지월드에서 하루...,https://blog.naver.com/dog5564/224301943678
35ad2b80ad3a2a8d,2026-05-31,춘천,휴무에 다녀온 당일치기 춘천여행❗️,https://blog.naver.com/archi_jeony/224301937891
f40f6d2447974462,2026-05-31,여의도,May 26,https://blog.naver.com/xuonz/224301938309
f40f6d2447974462,2026-05-31,강릉,May 26,https://blog.naver.com/xuonz/224301938309
43941bd5bf81d519,2026-05-31,용산,한지민 가강 귀걸 인테리어까지 인테리어까지 인테리어까,http://www.bluelog.kr/60201
43941bd5bf81d519,2026-05-31,인천,한지민 가강 귀걸 인테리어까지 인테리어까지 인테리어까,http://www.bluelog.kr/60201
dbb7d8a086078093,2026-05-31,경주,5月,https://blog.naver.com/j1zmn_/224301934863
6044d4d3fe2aae4d,2026-05-31,대구,VON,https://blog.naver.com/sae0nia/224301934052
f718b711033e162a,2026-05-31,부산,"2026년 5월, 마지막 힐링주간.",https://blog.naver.com/lee-yuri/224301932956
f718b711033e162a,2026-05-31,대전,"2026년 5월, 마지막 힐링주간.",https://blog.naver.com/lee-yuri/224301932956
60709601ac719291,2026-05-31,부산,花樣年華,https://blog.naver.com/jyj123mm2004/224301932081
9c4b1c1458cb806f,2026-05-31,부산,2605,https://blog.naver.com/hsmsms10123/224301930579
4bc703e4b6fae047,2026-05-31,춘천,강원도 춘천 당일치기 여행 일정 코스 삼악산 호수 케이블카 추천,https://blog.naver.com/qhals3461/224301924149
e2f49c003277906f,2026-05-31,남산,정병을 정병으로 극복하기,https://blog.naver.com/lsh200104/224301924037
54894ff1e694f713,2026-05-31,인천,26년 05월 일상 / 종소세 신고 / 가정의 달 / 창억떡 호박인절미...,https://blog.naver.com/beobe0/224301835805
a41c4434106badaa,2026-05-31,부산,부산 다대포 해수욕장 국내 당일치기 바다 남해 여행 코스 추천,https://blog.naver.com/pjwmms1125/224301916341
ab02c4012af55e17,2026-05-31,대전,"임산부 혼자 대전뿌시기 (feat, 성심당)",https://blog.naver.com/mila_im/224301916503
f9de01878c61db7f,2026-05-31,강릉,서울 강릉 KTX 시간표 요금 시간 정리,https://lefthusband.tistory.com/657
b5810c48d6cb90f7,2026-05-31,신사,2026년 제일 중요한 미션 클리어한 5월,https://blog.naver.com/o_o____me/224301907963
b73c07a6d296e11c,2026-05-31,인천,인천 소래포구 꽃게 축제 수인분당선 타고 편하게 다녀온 후기,https://blog.naver.com/ssssss8201/224301907560
b73c07a6d296e11c,2026-05-31,분당,인천 소래포구 꽃게 축제 수인분당선 타고 편하게 다녀온 후기,https://blog.naver.com/ssssss8201/224301907560
592a17dad6bd15a1,2026-05-31,대전,더위,https://blog.naver.com/k_031006/224301906423
c09025ec3c7a83ec,2026-05-31,전주,26년 5월 기록,https://blog.naver.com/fbwldbs1223/224301906295
96ee2fbd8cf952ad,2026-05-31,춘천,"춘천 허니문여행, 지금 바로 확인",https://blog.naver.com/omuswfx615947_yr/224301651718
97ee58a46854d2b5,2026-05-31,대구,자욱 라이온즈,https://blog.naver.com/yowlolzeus/224301904540
8dbc140cab1ccbcf,2026-05-31,전주,2026 5월 결산 ◡̈,https://blog.naver.com/yoonju0619/224301903847
29d66fc1b23b0dbc,2026-05-31,대전,"[05/25-05/31] #22 빵, 면, 과자 서서히 줄여나가기 도전",https://blog.naver.com/ggb06104/224301810690
329afdf5c41536ab,2026-05-31,전주,야무진 당일치기 전주 나들이,https://blog.naver.com/fbwldbs1223/224301897865
b5a56945c2a4d609,2026-05-31,대구,정신병 야호-!,https://blog.naver.com/chohyun1221/224301897130
734a79a5e55bc1b2,2026-05-31,부산,오월,https://blog.naver.com/chlgustn72/224301895066
277d7ac0e5c9fb85,2026-05-31,수원,당일치기 로 다녀온 수원 행궁동 여행 ..,https://blog.naver.com/uyalogg/224301893245
7c20f71dd5aa3e37,2026-05-31,부산,네가 5월,https://blog.naver.com/savemyd4wn/224301891101
8f438c9f7b87e650,2026-05-31,속초,[월간일기] 우리 식구들은 왜 5월에 몰아서 태어났나요,https://blog.naver.com/hahobbang/224301676436
a646ba391b559335,2026-05-31,강릉,사랑이 넘치는 5월에,https://blog.naver.com/cay4474/224301891256
3bc7a65e704ad02c,2026-05-31,대전,성심당 '망고시루' 웨이팅 없이 구매한 Tip | 성심당...,https://blog.naver.com/yyeunlim/224301875649
12883658e989c318,2026-05-31,부산,"MAY, 2026 (마산/통영/거제/경주/포항)",https://blog.naver.com/seulmizi/224301874024
12883658e989c318,2026-05-31,경주,"MAY, 2026 (마산/통영/거제/경주/포항)",https://blog.naver.com/seulmizi/224301874024
12883658e989c318,2026-05-31,포항,"MAY, 2026 (마산/통영/거제/경주/포항)",https://blog.naver.com/seulmizi/224301874024
45d689ad938ec1e5,2026-05-31,대전,자차 대전 당일치기 여행 후기. (내가 생활한복에 다시 눈뜬 이유),https://blog.naver.com/pixel9/224301873632
f8abd9066d5b0e6e,2026-05-31,광명,시울 동해 ktx역 뚜벅 태화강역에 동해선 동해역에서 여행이야기,http://www.bluelog.kr/44484
f8abd9066d5b0e6e,2026-05-31,강릉,시울 동해 ktx역 뚜벅 태화강역에 동해선 동해역에서 여행이야기,http://www.bluelog.kr/44484
cec36139ab7c1a94,2026-05-31,경주,현콩이의 5월,https://blog.naver.com/hyunkong03/224301872985
9c4faea8c16330e5,2026-05-31,대전,예쁜 무지개 속 천사가 있는 그런 꿈,https://blog.naver.com/sun3067389/224301871652
366674d28c95572c,2026-05-31,경주,경주 북홈경주 호스텔 만화책과 함께하는 특별한 숙박 경험,https://blog.naver.com/completec/224301870607
366674d28c95572c,2026-05-31,대구,경주 북홈경주 호스텔 만화책과 함께하는 특별한 숙박 경험,https://blog.naver.com/completec/224301870607
a933937ea3551d42,2026-05-31,강릉,2026.05,https://blog.naver.com/hzoeun/224301868167
fa6dce0fc80d54ff,2026-05-31,전주,전주 당일치기 여행,https://blog.naver.com/now-adress/224301865573
342994c8834d9b9a,2026-05-31,인천,스폰지밥 기마전 게임 게임보 보기만 1호선 브롤스타즈에 달리기,http://www.bluelog.kr/64524
5210ed41adb613c2,2026-05-31,제주,제주 가파도 배시간 예약사이트 제주투어패스 24시간,https://blog.naver.com/eksqlsj/224301862752
eb8a1da82ab3012e,2026-05-31,부산,2026: 초록을 거머쥔 5월,https://blog.naver.com/kyyeeee/224301861746
eb8a1da82ab3012e,2026-05-31,대구,2026: 초록을 거머쥔 5월,https://blog.naver.com/kyyeeee/224301861746
f1810888a72d6fee,2026-05-31,속초,5월의 슬기로운 대학생활 (새내기 편),https://blog.naver.com/2westinside/224301859351
e6070ebd287e4742,2026-05-31,상암,젤리의 우울,https://blog.naver.com/jiminian4076/224301859086
b99e619996dd1bc2,2026-05-31,강릉,06) 5월의 낮과 밤,https://blog.naver.com/wkdrlgkdgkdjfrnfemf/224301858742
6b59049d8810fdc5,2026-05-31,부산,5월 보물지도,https://blog.naver.com/d_hye8/224301858796
753b14da4bc56039,2026-05-31,해방촌,"서울 뚜벅이 해방촌, 패션5, 청계천, 한강 당일치기 내돈내산...",https://blog.naver.com/toiletclean/224297136565
aeb013025069738b,2026-05-31,강릉,초행길 (평창 오대산 노인봉 소금강 코스),https://blog.naver.com/choheang_gil/224301854558
d944912f683dbdd7,2026-05-31,부산,26년 5월 일상 (feat. 홍콩&마카오 여행 / 애견 동반 제주도 여행...,https://blog.naver.com/rlatmddust/224301853339
d944912f683dbdd7,2026-05-31,제주,26년 5월 일상 (feat. 홍콩&마카오 여행 / 애견 동반 제주도 여행...,https://blog.naver.com/rlatmddust/224301853339
42694f9032ed98b0,2026-05-31,강릉,좋은 말만 하기 운동 본부,https://blog.naver.com/guswls11201/224301853083
5cf1ae273dd46f84,2026-05-31,수원,"5월,, 너진짜벌써간다고",https://blog.naver.com/jhsb1217/224301851783
5cf1ae273dd46f84,2026-05-31,춘천,"5월,, 너진짜벌써간다고",https://blog.naver.com/jhsb1217/224301851783
c658f5ab302375b0,2026-05-31,부산,부울경 수국 명소 총정리 부산 태종사부터 거제 저구항·울산...,https://blog.naver.com/dlsgur234/224301143226
838d31b61f4de9f5,2026-05-31,고양,"5월, 가정에만 있는 달",https://blog.naver.com/zimnnnnnii/224301849538
838d31b61f4de9f5,2026-05-31,대구,"5월, 가정에만 있는 달",https://blog.naver.com/zimnnnnnii/224301849538
b83aa823f204ca7e,2026-05-31,인천,자월도 배시간표 요금 소요시간 알아보기,https://bluebeat.tistory.com/438
2fdb1db2015425f9,2026-05-31,여수,5월의 여수,https://blog.naver.com/dordis090500/224301846456
857e1edd89f723e4,2026-05-31,강릉,강원도_강릉_ 당일치기 여행(오죽헌_먹부림),https://blog.naver.com/cm-sj/224301843834
35c8b6bad623bfd1,2026-05-31,전주,26년 5월 • 예기치 않은 순간에 사랑에 빠지게 될 것,https://blog.naver.com/ovo_hyun/224301844039
677839499267e915,2026-05-31,강릉,"""26년 5월""",https://blog.naver.com/yangyang_days/224301842678
e15d392f38852526,2026-05-31,춘천,춘천 시티투어버스 노선 시간표 요금 실시간 정보 확인,https://bluebeat.tistory.com/545
aaa5e8ea95295fce,2026-05-31,부산,어두운 곳에 있어야 비로소 보이는 별처럼,https://blog.naver.com/ryusi-/224301841760
fea2f50ce6bb4889,2026-05-31,부산,"5월의 담양, 부산",https://blog.naver.com/miiiakeem/224301838613
54a0f8205e456e77,2026-05-31,인천,6월 가볼만한곳 인천대공원 장미원 | 장미 향기 가득한 초여름...,https://blog.naver.com/diary_life_/224301179332
16417929f4c48865,2026-05-31,경주,혼자 다녀온 당일치기 경주여행,https://blog.naver.com/pxwxq/224301837354
0e4b250dff25001d,2026-05-31,경주,돼지같은 내 일상,https://blog.naver.com/kde1734/224301835019
a8500f5abd7d2c2d,2026-05-31,부산,백수가 5월을 마무리 하는 법,https://blog.naver.com/jiniworld-8/224301830746
8923532be58f3632,2026-05-31,송도,2026-05월,https://blog.naver.com/jieun011105/224301828140
8c3560487d183646,2026-05-31,광주,오월의 청춘 (보고 싶다),https://blog.naver.com/jeonhw0808/224301826067
01e9ffaa9764068d,2026-05-31,경주,"하동 저수지 풍경을 품은 경주 한옥카페, 바실라",https://blog.naver.com/ghkdls291/224301826556
0c2d418f64614756,2026-05-31,이태원,5월 일상,https://blog.naver.com/98alice/224301826146
0c023bbec8d5f8d6,2026-05-31,전주,"전주 도서관 여행 (아중호수도서관, 한옥마을도서관...",https://blog.naver.com/fromjy20/224301824978
71e79f01485acc25,2026-05-31,부산,[6월 부산 근교 여행] 보랏빛 오션뷰 + 차박 + 기장 미식까지...,https://blog.naver.com/information-store/224301780618
7c35d9b713f4e63c,2026-05-31,고양,5월 주말 연휴 지옥의 교통체증 고양휴게소 행담도휴게소...,https://blog.naver.com/rojoo_p/224301822586
a75ccec874a295c3,2026-05-31,부산,비프광장 먹거리 놀거리 VR체험관 부산 여행 가볼만한곳...,https://blog.naver.com/pjwmms1125/224301821453
89ccf4aa25197913,2026-05-31,대구,5월 기록,https://blog.naver.com/ykkkkkk_/224301819537
211dbf434158e841,2026-05-31,경주,"경주 가볼 만한 곳, 경주루지월드에서 짜릿한 경험을!",https://blog.naver.com/song970923/224301819494
c298626e97db2b95,2026-05-31,대전,대청호 장미축제는 지금 장미꽃들이 만개 중♡,https://blog.naver.com/angel79satan/224301819560
626f437d1fb5cf1b,2026-05-31,부산,"부산 근교 경남 밀양 금계국 명소｜위치, 주차, 개화 상태까지...",https://blog.naver.com/tjddms7721/224301818228
2da87e2efcb22054,2026-05-31,용산,"남원 나들이 ( 두레식당, 명문제과, 월향재, 광한루원 )",https://blog.naver.com/y_xdidi/224301817349
2da87e2efcb22054,2026-05-31,대전,"남원 나들이 ( 두레식당, 명문제과, 월향재, 광한루원 )",https://blog.naver.com/y_xdidi/224301817349
c1a834a658dd8c04,2026-05-31,춘천,"강촌역 도보 3분, 2배 이상 놀라운 춘천가성비펜션 100% 활용법",https://blog.naver.com/o8akxrh3i/224301814355
d15352e5959efeeb,2026-05-31,김포,"5월,..일상",https://blog.naver.com/purpur315/224301813085
c9d5d427c0db51a5,2026-05-31,강릉,"수지에서 강릉까지 3시간, 토요일 당일치기 강릉 순포해변...",https://blog.naver.com/smartlifeprep/224301811534
13aa6015b53f9a21,2026-05-31,파주,서울근교 1박 추천｜파주에서 여유롭게 쉬기 좋았던 코스 총정리,https://blog.naver.com/dogking-/224301197298
b3e577c5b979a951,2026-05-31,부산,여름 물놀이 어디갈까? 경북 안동에서 제대로 즐기는 빠지 추천...,https://blog.naver.com/yesim_777/224297724141
b3e577c5b979a951,2026-05-31,대구,여름 물놀이 어디갈까? 경북 안동에서 제대로 즐기는 빠지 추천...,https://blog.naver.com/yesim_777/224297724141
72321d9d2a8544fe,2026-05-31,대전,[MAY] 봄인척하는 여름,https://blog.naver.com/jackey6493/224301809202
5b84ca9797c23088,2026-05-31,경주,4~5월 월말 정산: 재수로부터 살아남기,https://blog.naver.com/wo0niyam/224301805431
8baa7946a6556253,2026-05-31,용산,"[용산&신도림]서울 당일치기 코스(국중박, 용산아이파크몰...",https://blog.naver.com/naddo777/224301803787
3e1619ab6a7e33b6,2026-05-31,성수,2026 포켓몬 메가페스타 일정부터 한정판 굿즈 종류까지 총정리,https://blog.naver.com/reviewer69/224301803363
3e1619ab6a7e33b6,2026-05-31,서울숲,2026 포켓몬 메가페스타 일정부터 한정판 굿즈 종류까지 총정리,https://blog.naver.com/reviewer69/224301803363
7ac561644df23645,2026-05-31,대전,5月의 초여름,https://blog.naver.com/jaetwo_-/224301802763
01e03d201e39663e,2026-05-31,인천,"7,900원으로 1년간 섬 여행 반값? '바다로' 이용권 200% 활용법",https://blog.naver.com/wjk0219/224301798011
6a5cee7795c58630,2026-05-31,대전,"대전여행 : 성심당 망고시루 순수롤 털기, 소제동 맛집...",https://blog.naver.com/easyciga/224301796932
633d403f326baaf5,2026-05-31,부산,노잼코스로 간 대전,https://blog.naver.com/aesthesder/224301794815
633d403f326baaf5,2026-05-31,대전,노잼코스로 간 대전,https://blog.naver.com/aesthesder/224301794815
ddf29e0b1a41ea35,2026-05-31,강릉,동해역 열차시간표 노선 예매 요금 최신정보 보기,https://lefthusband.tistory.com/616
90bfa3791fc4039a,2026-05-31,속초,[속초놀거리] 실패 없는 여행 코스와 현지인 추천 명소 정리,https://blog.naver.com/boo817/224301722082
bd08de0e44ef4cde,2026-05-31,경주,"경주루지월드, 경주 놀거리로 가족과 함께 하는 특별한 체험!",https://blog.naver.com/tjfgmlsla9/224301788578
1babfba619ef09f3,2026-05-31,부산,부산에서 대마도 배편 예약 씨플라워호 시간 가격 총정리,https://blog.naver.com/thdgml112200/224301788540
8ef9e73df8938a09,2026-05-31,제주,제주도 단체여행 당일치기 일정 짜는 방법 알려드립니다,https://blog.naver.com/k_yul08/224301722047
c6d16184f99d4835,2026-05-31,양평,"양평 힐링 여행, 황금빛 밀밭 속으로 ""2026 양평밀 축제"" 일정.",https://blog.naver.com/moonlight_800/224298383072
1ca4cc3b04b28155,2026-05-31,대전,05,https://blog.naver.com/sang_me_e/224301786639
b09164960724905f,2026-05-31,경주,경주 대추밭백한의원 예약방법 꿀팁 성공후기 삼신할배,https://blog.naver.com/yebao_/224301780296
9d1ac19e3a397bde,2026-05-31,제주,완도에서 제주 여객선 배시간표 요금 주차정보 알아보기,https://bluebeat.tistory.com/189
6ddec9abec32c5f4,2026-05-31,춘천,춘천 글램핑 캠핑식당 당일치기 코스 장학리 수영장이 있는...,https://blog.naver.com/bosque_ee/224301778098
f9453fb2adabbdb1,2026-05-31,인천,디아스포라 영화제에 간 이방인,https://blog.naver.com/sashathemeangirl/224301778383
292d4adc58c0aac0,2026-05-31,대구,"5월, 대구 당일치기 여행 (세연콩국 / 불로동고분군 / 대구 더...",https://blog.naver.com/rlaekqls0300/224301778570
4a4f98ead7ed0eb4,2026-05-31,인천,"인천 계양 신혼여행, 효과적인 실행 방법",https://blog.naver.com/bhsisvz447339_fg/224301392764
bf40f8ae93ae3f40,2026-05-31,양평,나의 오월⋆ ⋆˚࿔,https://blog.naver.com/nxvoune/224301773903
82b2c7829b70c4e5,2026-05-31,가평,[26.5.31.] 까사스위스 캠프닉,https://blog.naver.com/pobi1226/224301773284
0b0b4c1e36ddb107,2026-05-31,제주,마라도 가파도 배편 시간표 승선요금 정보보기,https://bluebeat.tistory.com/417
6d7e5694a9a7c0c3,2026-05-31,전주,5월,https://blog.naver.com/jeongyejin213/224301772490
6d7e5694a9a7c0c3,2026-05-31,대전,5월,https://blog.naver.com/jeongyejin213/224301772490
12cb3e3db2859190,2026-05-31,광화문,힙독클럽과 함께한 25년을 돌아보며… 2기도 부지런히…,https://blog.naver.com/durud_96/224301772274
5d436d8f21760892,2026-05-31,광주,부안 카페 파란곳간 주차장 웨이팅 광주근교 수레국화꽃,https://blog.naver.com/sunny__1026/224301771136
77383eb1573c6044,2026-05-31,부산,6/12~14 제24회 광안리어방축제 — 부산 광안리 바다가 가장...,https://blog.naver.com/jiji090/224301769221
77383eb1573c6044,2026-05-31,대전,6/12~14 제24회 광안리어방축제 — 부산 광안리 바다가 가장...,https://blog.naver.com/jiji090/224301769221
c9a57e34f90387fc,2026-05-31,대전,4월,https://blog.naver.com/ordinarymoment_/224301768342
9c4dc0dddd338e4c,2026-05-31,신사,[일본 도쿄] 솔직히 돈 아까웠던 하코네&가마쿠라...,https://blog.naver.com/min-swear/224301766287
2bd6a64a45ad0070,2026-05-31,하남,서울 근교 당일치기 캠핑 추천! 하남 숲에정원 피크닉 솔직후기,https://blog.naver.com/orangeline_y/224301766042
21da628404c8207a,2026-05-31,강남,웨딩밴드투어 오픈런 후기(신세계강남5.1방문)...,https://blog.naver.com/newlee25/224301763776
21da628404c8207a,2026-05-31,전주,웨딩밴드투어 오픈런 후기(신세계강남5.1방문)...,https://blog.naver.com/newlee25/224301763776
43b47e7080d3a43a,2026-05-31,인천,"서울에서 35분이면 도착하는 숨은 섬, 주문도 여행 아는 사람만...",https://blog.naver.com/richplacefestival/224301763234
9d5e49368bbf6260,2026-05-31,전주,전주 한옥마을 가볼만한곳 전주 향교 포함 전주 한옥마을 여행,https://blog.naver.com/sin961027/224301762091
04ac71b94bdaab12,2026-05-31,광주,목포 서울 열차시간표 기차 예약 정보확인,https://lefthusband.tistory.com/670
2f88c2c04cab52ef,2026-05-31,춘천,[5월] 춘천,https://blog.naver.com/vmffksnsej77/224301759023
9d5b9d3e2477b401,2026-05-31,강릉,강릉역 기차시간표 노선 요금 예매 정보안내,https://lefthusband.tistory.com/620
cbbd257eaeb90bfe,2026-05-31,가평,"가평 독채펜션 까사스위스 수영장, 에어바운스, 계곡...",https://blog.naver.com/walkinginthewinter/224301756697
d14cf9745c6e0f49,2026-05-31,제주,등반했슈,https://blog.naver.com/dongyangfan/224301748250
475916ec48301d9a,2026-05-31,인천,2026.05⋆｡ °•,https://blog.naver.com/noeyhan___/224301746426
c3a65eeb425e7b03,2026-05-31,전주,서울역 호남선 KTX 요금표 최신정보 알아보기,https://bluebeat.tistory.com/204
0ef02bdbf960b638,2026-05-31,양평,양평 당일치기 가볼만한 곳 두물머리와 연잎핫도그,https://blog.naver.com/happynoo/224301740835
2081f8bd7f0d52e8,2026-05-31,남양주,남양주 수동가족쉼터 캠핑장 당일 방문 후기 | 수동계곡 물놀이...,https://blog.naver.com/selgiccm/224301740046
cf769d1b6de05edf,2026-05-31,전주,와인3종이 사탕안에! 술사탕 후기 전주 구술 사탕,https://blog.naver.com/bombybom/224301740101
b17b40a23dc300a9,2026-05-31,대구,마 대구 좀치네 (대구 현지인 당일치기 코스 추천),https://blog.naver.com/kthkomo/224301739551
b3b200de0dd9617d,2026-05-31,수원,[30살 5월 기록] 5월은 오이와 초록에 사랑에 빠져,https://blog.naver.com/nai960404/224301737320
5be93429c5b837a6,2026-05-31,부산,day15 : 바르셀로나에서 마드리드 - nh나시오날 - 메손 델...,https://blog.naver.com/s2_ysy/224301736757
54d4b71f70b7bcb6,2026-05-31,부산,"2026_05/ 부산 할머니 오신날, 100일 배냇머리 밀어주기",https://blog.naver.com/imsubin_/224301734665
71f4ad9f0ea70786,2026-05-31,파주,"서울근교 캠핑장 파주캠핑장 타프존 후기 (첫캠핑, 주차...",https://blog.naver.com/yeah-yeah-2022/224301732799
3011dfecae37b0d9,2026-05-31,대구,대구 당일치기 여행코스 앞산공원 카페거리 대구 시내 동성로까지,https://blog.naver.com/luv__i/224301732783
3835b0d061fd92e1,2026-05-31,부천,부천 초등 아이랑 갈만한곳 한국만화박물관 서울 근교 당일치기 ...,https://blog.naver.com/hr-_-action/224301731989
ec62fe86086e6d2e,2026-05-31,속초,속초 당일치기,https://blog.naver.com/rabbit_1013/224301731441
3f5f41d7e3080063,2026-05-31,부산,나 혼자 간다! 부산 혼자 여행 꿀팁 대방출,https://blog.naver.com/onelove5131/224297837084
bde782ac2b0e8c5c,2026-05-31,인천,강화도 루지_케이블카,https://blog.naver.com/kismet1027/224301724984
9865e797423e0091,2026-05-31,제주,새로운 일이 생길 것 같지 않아? 우선 여기서 떠나자.,https://blog.naver.com/ryurue_mood/224301724171
371f92524301464a,2026-05-31,경주,무심하게 행복하세요,https://blog.naver.com/71817e/224301722723
9aa73809f1a5a52b,2026-05-31,광주,식단일기) 5월 마지막 주,https://blog.naver.com/lazyreviews/224301721696
f74a6cc270f6f49b,2026-05-31,대전,대전 당일치기 ( *❛ᴗ❛* ),https://blog.naver.com/gobonglove_/224301719560
ca1947fcd15a67cd,2026-05-31,파주,여행을 동시에! 수도권 이색 테마 도서관 BEST 3 당일치기 코스,https://blog.naver.com/sosohappy0000/224301717169
e6199863bbb75375,2026-05-31,속초,"강원고성]고성, 속초 아야진 해변 실시간, 아야트 커피",https://blog.naver.com/mylovelycoco/224301709992
6f044f9c05d65c30,2026-05-31,신사,오사카 출발 교토 당일 버스투어 아라시야마 금각사...,https://blog.naver.com/two_jh_two/224301706000
a1161fab538e846a,2026-05-31,부산,2026년 5월 일상,https://blog.naver.com/hkx_xxg_nihs/224301701683
a1161fab538e846a,2026-05-31,대전,2026년 5월 일상,https://blog.naver.com/hkx_xxg_nihs/224301701683
992dd1129934365c,2026-05-31,전주,2026 전북 가볼만한곳 6월 축제 BEST5 총정리!,https://blog.naver.com/lazy_comma_/224301701962
fcfd970e0d13e3e9,2026-05-31,인천,[26.05] 난 이제 지쳤어요 땡벌 땡벌~,https://blog.naver.com/so_ve1y/224301701042
fcfd970e0d13e3e9,2026-05-31,수원,[26.05] 난 이제 지쳤어요 땡벌 땡벌~,https://blog.naver.com/so_ve1y/224301701042
752cbacf23f01460,2026-05-31,부산,대전 당일치기 여행 ㅣ 파티셰리러츠 코페부쉬 정동문화사...,https://blog.naver.com/choe8341/224301698756
752cbacf23f01460,2026-05-31,대전,대전 당일치기 여행 ㅣ 파티셰리러츠 코페부쉬 정동문화사...,https://blog.naver.com/choe8341/224301698756
04d14393d5eb1724,2026-05-31,부산,5월,https://blog.naver.com/whggka/224301696357
96e921482cad5799,2026-05-31,부산,어이없지만 재밌는 5월로그,https://blog.naver.com/byul5185/224301694247
dc86098b8c7220f8,2026-05-31,명동,면친자의 경주 현지인 맛집 '박용자경주명동쫄면' 내돈내산...,https://blog.naver.com/candyjunkie/224301690138
dc86098b8c7220f8,2026-05-31,경주,면친자의 경주 현지인 맛집 '박용자경주명동쫄면' 내돈내산...,https://blog.naver.com/candyjunkie/224301690138
7a4efa1a0716c77b,2026-05-31,부산,[순천 여행] 순천 가볼 만한 곳,https://blog.naver.com/baekjaeyong/224301690142
7a4efa1a0716c77b,2026-05-31,경주,[순천 여행] 순천 가볼 만한 곳,https://blog.naver.com/baekjaeyong/224301690142
50683646e98acfdd,2026-05-31,제주,"북적북적 온평주택, 육지찍먹 5월 일상",https://blog.naver.com/kiesbird/224301689749
1b030e4d19f12480,2026-05-31,인천,뚜벅이가 광주에서 인스파이어 간 후기,https://blog.naver.com/domofun4150/224301689051
1b030e4d19f12480,2026-05-31,광주,뚜벅이가 광주에서 인스파이어 간 후기,https://blog.naver.com/domofun4150/224301689051
f7260c0af072f33a,2026-05-31,대구,5월 결산 : 동그란 마음으로 하루를 맞이하자,https://blog.naver.com/geull0g/224301688077
1464a843b2c2c0e4,2026-05-31,인천,"""물때 못 맞추면 낭패""… 선재해수욕장 방문 전 필수 체크할...",https://blog.naver.com/tour_toctoc/224301685694
8e8fa03bb6d8430e,2026-05-31,고양,논산천안고속도로 탄천휴게소 하행 메뉴 휴게실 수유실 슈퍼차저,https://blog.naver.com/dahye7942/224301684658
d79265967bc7f29b,2026-05-31,인천,인스파이어 아레나 교통 부산 당일치기 4가지 대안,https://blog.naver.com/freelife_dip/224301682948
d79265967bc7f29b,2026-05-31,부산,인스파이어 아레나 교통 부산 당일치기 4가지 대안,https://blog.naver.com/freelife_dip/224301682948
b200070e4710092a,2026-05-31,대전,[대전/중구] 성심당 케익부띠끄 샌드위치정거장 성심당 문화원...,https://blog.naver.com/cherrytmt_/224301683338
69953dcae0007059,2026-05-31,수원,일상_2026년 5월의 기록,https://blog.naver.com/g_sorry/224301682350
98713ce5a9a7d861,2026-05-31,부산,부산 부산진구 송상현광장부터 선암사 당일치기 여행...,https://blog.naver.com/wlstn291/224301103226
a65703d99d4288b0,2026-05-31,강릉,2026. 5,https://blog.naver.com/soyoung48541/224301678199
1ff2580fc9496532,2026-05-31,여수,응빠르기만하면의미가없지,https://blog.naver.com/nan_yeram/224301675991
666f668c445959d5,2026-05-31,부산,[5월의 부처님생일맞이 부산 당일치기 모녀여행] 이재모대신...,https://blog.naver.com/ohmyako/224301674723
666f668c445959d5,2026-05-31,대구,[5월의 부처님생일맞이 부산 당일치기 모녀여행] 이재모대신...,https://blog.naver.com/ohmyako/224301674723
4793a4be69648329,2026-05-31,시청,홀로라도 좋아라_원주 북스테이+,https://blog.naver.com/gajin91/224301674952
e646c36efc8226dd,2026-05-31,용산,대중교통으로 무성서원/국가유산 방문자 여권 투어,https://blog.naver.com/qoo_ran/224301672114
daa64e822a2f6d8f,2026-05-31,강릉,강원도 강릉 가볼만한 곳 BEST 5 중앙시장 월화거리 안목해변,https://blog.naver.com/sophiachae0723/224301666386
7fc73d6cfd953f3c,2026-05-31,광주,정읍 여행.광주 근교 여행 추천! 송정리역에서 SRT 타고 떠난...,https://blog.naver.com/ekdja0815/224301664399
9289f36446cdb8ca,2026-05-31,교대,런던 여행 일정 시내 투어 당일치기 빅벤 근위병 교대식,https://blog.naver.com/heewon1032/224301664638
1b2a5aac9fe5ec03,2026-05-31,부산,[부산 광안리] 부산 당일치기 여행✨,https://blog.naver.com/yjo4429/224301663679
7c1ae91feeb8f694,2026-05-31,전주,5월은 가정의 달 그리고 전주의 달,https://blog.naver.com/shortsweet/224301660064
b178d586f29bc27b,2026-05-31,강릉,당일치기 기차 강릉여행 // 제트보트 가격 강문해변 1인당...,https://blog.naver.com/mary0903/224301658934
c9d065732f5b65fb,2026-05-31,제주,"6월 수국 명소 BEST, 전국 5곳 총정리",https://blog.naver.com/mood_meal/224301658553
ca3c1ee6694acb50,2026-05-31,강릉,혼자 바다보러 가기 강릉 뚜벅이 당일치기 여행코스 추천,https://blog.naver.com/yoonsss22/224301654841
8e4fcdb30c723c2e,2026-05-31,인천,와 여름이다! 2026 전국 해수욕장 개장일 총정리,https://blog.naver.com/hongsue_/224301653195
fbb51908d084f5f2,2026-05-31,대전,대전 출발! 아이와 함께 다녀온 임실치즈테마파크 장미축제...,https://blog.naver.com/jjang1589/224301652534
5e137785e65da88f,2026-05-31,제주,"6월 제주 우도 여행 완전 가이드, 제주까지 갔다면 꼭 한 번...",https://blog.naver.com/gnsolution1/224301651745
610232a8fc207aa7,2026-05-31,양양,[양양 당일치기 여행 코스] 낙산 해수욕장 · 유채꽃밭...,https://blog.naver.com/eatxperience/224301650170
c05c76d60835c571,2026-05-31,대전,"어김없이, 오월",https://blog.naver.com/mi_seo_/224301649792
f26df849392d95fa,2026-05-31,신촌,고령 신촌유원지 캠핑장 후기 대구 근교 무료 노지캠핑 취사 가능,https://blog.naver.com/leafhaus/224301648867
f26df849392d95fa,2026-05-31,대구,고령 신촌유원지 캠핑장 후기 대구 근교 무료 노지캠핑 취사 가능,https://blog.naver.com/leafhaus/224301648867
5492d820c824b056,2026-05-31,대구,제천 여행 숙소 청풍리조트레이크호텔 숙박하다,https://blog.naver.com/nayusi0610/224301648029
629c5ae018c166c1,2026-05-31,가평,2026 자라섬 꽃 페스타 완벽 가이드 | 입장료·주차...,https://blog.naver.com/namuwah/224301645888
9834b8d70cdb12ba,2026-05-31,대전,한중부부 천방지축 5개월 딸 키우기 & 찡아 대전 놀러옴,https://blog.naver.com/minz_kim/224301644182
f1cb2ad0fceb2fed,2026-05-31,신사,[교토여행/오사카4박5일] 8. 교토 쇼핑 도시락통 벤또앤코...,https://blog.naver.com/muckzza/224301641923
e80e02841014abc6,2026-05-31,대전,I’m23난수수께끼뭐게요맞혀봐요,https://blog.naver.com/ppshyn/224301639512
878036bb413a072c,2026-05-31,경주,"경주월드 • 롤러코스터 3대장 (드라켄, 스콜앤하티, 파에톤)",https://blog.naver.com/blackkrice/224301638346
7a2fd72d9e1bcdb0,2026-05-31,제주,"제주 와흘메밀마을, 10 만 평 하얀 메밀꽃밭에서 인생사진 찍기",https://blog.naver.com/yoonx2mom/224301017546
3aaa56ef0c0c6bb8,2026-05-31,제주,"부쉐론 목걸이사러 제주도 롯데면세점 당일치기 , pre LDF...",https://blog.naver.com/sw16ja17/224301625373
85ebad1d31955f06,2026-05-31,수원,"수원 팔달구 일본허니문, 현명하게 대처하기",https://blog.naver.com/qooiqwfe59522_re/224301431085
acb9701ce1f9cbc2,2026-05-31,제주,"제주 당일치기 ,제주도명소,마라도짜장면,제주도핫플...",https://blog.naver.com/soran0001/224298109541
c7a837db1b67a22f,2026-05-31,제주,5월 비오는 날의 제주 후닥딱 당일치기 ☔️✈️️,https://blog.naver.com/bambii0/224301620607
2a8b2025660866d7,2026-05-31,대전,이제는 느긋함을 배워가보자!,https://blog.naver.com/jamlog_/224301616520
71e61e13753c8c32,2026-05-31,부산,【경남>밀양】 드론출사여행 코스 추천: 5~6월 금계국...,https://blog.naver.com/openingdream/224301614295
f821f885a711c15d,2026-05-31,여수,/ 그대 성미는 어찌 그리 아름다운가요,https://blog.naver.com/gopheritclarisa/224301611356
f821f885a711c15d,2026-05-31,경주,/ 그대 성미는 어찌 그리 아름다운가요,https://blog.naver.com/gopheritclarisa/224301611356
2ae6f8e204d0d954,2026-05-31,부산,메이,https://blog.naver.com/zlsvvn/224301609504
184a395f8d724519,2026-05-31,제주,제주 탐나는전 10% 소품샵 선물가게 제주소나이 마그넷,https://blog.naver.com/normaler0_0/224301609151
11af29a9a9dcc41e,2026-05-31,광주,"나는 바나나도 망고도 아닌데, 날씨는 왜그래",https://blog.naver.com/e_unjun_g/224301605704
0961542cfce074c1,2026-05-31,속초,속초 당일치기,https://blog.naver.com/lkb1336/224301605279
c873cb591af92b6e,2026-05-31,부산,"부산 영도 오션뷰 캠핑 바베큐 몽작 찐 솔직후기 (주차, 예약...",https://blog.naver.com/travelbenz_o0o/224301605110
1a4dc5d6b9653e42,2026-05-31,고양,우린 언제나 우리이기를,https://blog.naver.com/roseof_sh_aron/224301604700
1a4dc5d6b9653e42,2026-05-31,전주,우린 언제나 우리이기를,https://blog.naver.com/roseof_sh_aron/224301604700
04d6a9d4ca6487b6,2026-05-31,강릉,"강릉 당일치기 여행 코스 추천 강문해변, 툇마루, 중앙시장...",https://blog.naver.com/jing2vov/224301586874
b1f1881026cf1d6d,2026-05-31,부천,"부천 장미축제 가볼만한곳, 날짜, 주차장 정보, 다녀온 후기",https://blog.naver.com/qop8909/224301602062
b1f1881026cf1d6d,2026-05-31,광명,"부천 장미축제 가볼만한곳, 날짜, 주차장 정보, 다녀온 후기",https://blog.naver.com/qop8909/224301602062
0a2a1d171bad022b,2026-05-31,대구,대구근교 당일치기 몸만 가도 되는 옐로우레빗츠 감성 바베큐...,https://blog.naver.com/pjh23257/224301598905
9cd818d126c667f0,2026-05-31,대구,구 대구인의 대구 당일치기 코스 (+ 뚜벅이 ),https://blog.naver.com/wol_sun_/224301597927
7c6d7912db874e11,2026-05-31,강릉,2026 강릉단오제 완벽 가이드 | 풀리니 단오다·프로그램·맛집...,https://blog.naver.com/tvstars23/224301596449
b9458d39181d30a6,2026-05-31,한남동,"서울 당일치기 데이트 | 동묘, 종로, 한남, 반포, 명동 다털어!",https://blog.naver.com/yeo_001/224301594259
b9458d39181d30a6,2026-05-31,종로,"서울 당일치기 데이트 | 동묘, 종로, 한남, 반포, 명동 다털어!",https://blog.naver.com/yeo_001/224301594259
b9458d39181d30a6,2026-05-31,명동,"서울 당일치기 데이트 | 동묘, 종로, 한남, 반포, 명동 다털어!",https://blog.naver.com/yeo_001/224301594259
41e0452f726ab7a7,2026-05-31,인천,건강해야돼 어버이들아~~,https://blog.naver.com/dlsdls070/224301586668
4f25bc20e600c2cb,2026-05-31,인천,강화도 힐링 카페 | 강화도 당일치기 여행 | 전등사 근처 카페,https://blog.naver.com/mndete/224301197012
902add4c9b34a45a,2026-05-31,전주,전주 당일치기 코스 추천 l 세돌 아기랑 레일바이크•한복체험...,https://blog.naver.com/yoojha92/224301584582
854d6fef6e66d393,2026-05-31,대전,"대전 월요일 당일치기 (영춘모찌, 몽심, 콜버샵, 꿈돌이 푸딩 등)",https://blog.naver.com/giddms4773/224301579455
a0df87952ae3d54b,2026-05-31,인천,"무의도 하나개 해수욕장 맛집 어부네, 연종도 연탄 식빵이...",https://blog.naver.com/maum085/224301569488
67461f1a0400b0fa,2026-05-31,경주,전현무계획 시즌3 11회 경주 맛집,https://blog.naver.com/letsfindout_hub/224299626301
0bbfb1fc7f3c58ef,2026-05-31,강릉,"강릉 고씨네 동해막국수 본점! 강문해변 맛집 , 아기도 애견...",https://blog.naver.com/nanine0516/224301566405
d30fea6ebd64185e,2026-05-31,경주,2026년 5월달 기록,https://blog.naver.com/fbgptjd2022/224301562429
1e0cd3b3aa96638d,2026-05-31,광주,"전현무계획 광주 육전 맛집 연화식당, 방문 전 꼭 볼 메뉴·위치...",https://blog.naver.com/flemznls1/224301561961
732b68b994cd9a50,2026-05-31,안양,2026.5.30 안양 안양예술공원,https://blog.naver.com/mvp0301/224301556457
4d9a395a9319d541,2026-05-31,제주,제주 태국허니문 필수 대비,https://blog.naver.com/peqjoui22038_rb/224301435042
5fe504544059288b,2026-05-31,강릉,[강원도 여행 추천] 여름 여행 계획 바다요가 묵호 어달리 카페...,https://blog.naver.com/serendipity__0903/224301554572
480090cfd8f6d6f4,2026-05-31,광주,"광주 연화식당 혼밥, 육전 때문에 찾았다가 오히려 분위기가 더...",https://blog.naver.com/attageogi/224301554331
50a45658a8b41b1d,2026-05-31,인천,인천 가볼만한 곳 추천 TOP 5,https://blog.naver.com/dennis0525/224301552691
50a45658a8b41b1d,2026-05-31,송도,인천 가볼만한 곳 추천 TOP 5,https://blog.naver.com/dennis0525/224301552691
8bf4b4d2be4f352b,2026-05-31,연남동,연남 야호-!,https://blog.naver.com/juye8579/224301552609
646d30fa28c22157,2026-05-31,정자,포천 농촌체험 포천장독대마을 토끼떡 쌀클레이 고추장만들기,https://blog.naver.com/dayee0/224301547787
f52d707c3da51fd1,2026-05-31,이태원,4. 그럼에도 시간은 흐르니까,https://blog.naver.com/sepaxe/224301547163
f52d707c3da51fd1,2026-05-31,경주,4. 그럼에도 시간은 흐르니까,https://blog.naver.com/sepaxe/224301547163
f52d707c3da51fd1,2026-05-31,대전,4. 그럼에도 시간은 흐르니까,https://blog.naver.com/sepaxe/224301547163
407966d0b82b5069,2026-05-31,부산,5월 기록,https://blog.naver.com/knyksy930/224301543345
9dd2562e02ac77b8,2026-05-31,가평,경기도 가평 가볼만한곳 자라섬 여행 외 4곳,https://blog.naver.com/kwleslie/224301163213
ce1b65ab953e848a,2026-05-31,강릉,강릉 뚜벅이 당일치기 여행 2탄 하슬라 아트월드,https://blog.naver.com/maum085/224301540337
d0c2943bb12a3649,2026-05-31,용산,흑백요리사 쉐프 맛집 / 미미옥 신용산점,https://blog.naver.com/kyk9188/224301538719
a95182d4e4a12fe4,2026-05-31,속초,미시령 드라이브 초록빛 숲길 따라 힐링하는 주말 당일치기 코스,https://blog.naver.com/hkyang1023/224301538439
c04303dd90ca6df9,2026-05-31,인천,인천 영종도 파라다이스시티 시그니처 조형물과 야외정원...,https://blog.naver.com/ssumuse/224301536821
a31138931d6e9629,2026-05-31,부산,부산 서부 사상터미널 짐 보관함 위치 가격,https://blog.naver.com/uruni-blog/224301537135
986145dd3e422772,2026-05-31,부산,제주도 1박2일과 5월 말 일상,https://blog.naver.com/osmm022/224301535226
986145dd3e422772,2026-05-31,제주,제주도 1박2일과 5월 말 일상,https://blog.naver.com/osmm022/224301535226
300b58b31ffe30eb,2026-05-31,여수,여수 시티투어버스 노선 시간표 요금 예약 코스 모두 정리,https://bluebeat.tistory.com/258
a6f2bb3abcce86b1,2026-05-31,인천,[아시아나항공] 오사카(KIX) - 인천(ICN) A321-200neo 밤도깨비...,https://blog.naver.com/ttohoto/224301531950
062dbeef8d81c25a,2026-05-31,인천,[피치항공] 인천(ICN) - 오사카(KIX) A320-200ceo 이코노미...,https://blog.naver.com/ttohoto/224301531558
51246544ec086291,2026-05-31,속초,강원도 속초 찰떡맘모스빵 추천 봉브레드,https://blog.naver.com/gnangel/224300315602
da6d7f4c724015d5,2026-05-31,부산,체력을 비축하며 쉬어가는 달,https://blog.naver.com/lazzyoung/224301529862
dded49eeb84fd900,2026-05-31,양평,양평 아이와 함께 무제한 먹이체험 굼프로 곤충학습 체험농장,https://blog.naver.com/suzie0801/224301529482
bb6729743b5a802f,2026-05-31,속초,속초 여행 동명항 오징어난전 오픈 시간 가격 시세 화장실 총정리,https://blog.naver.com/septembergem/224301528859
8621b9a0e0bff6a1,2026-05-31,잠실,#5월_일기,https://blog.naver.com/editor_yu/224301524264
8621b9a0e0bff6a1,2026-05-31,대구,#5월_일기,https://blog.naver.com/editor_yu/224301524264
6903dae894ae198d,2026-05-31,속초,"안성 당일치기 로 매번 가는 코스 | 약수터 식당, 풍사니랑...",https://blog.naver.com/myonlycook/224301523567
6903dae894ae198d,2026-05-31,춘천,"안성 당일치기 로 매번 가는 코스 | 약수터 식당, 풍사니랑...",https://blog.naver.com/myonlycook/224301523567
cd8ef76baaac0592,2026-05-31,김포,ANA항공 NH864편(김포→하네다) Boeing 787-8 Dreamliner...,https://blog.naver.com/jcy_0513/224301519330
a3e102a77c31da06,2026-05-31,춘천,5-12세 아이들에게 강추인 레고렌드,https://blog.naver.com/from_above/224301515984
3a28403a2a1bcc48,2026-05-31,강릉,강릉 뚜벅이 당일치기 토요일 눈치게임 성공(툇마루...,https://blog.naver.com/rmaaywls/224301514626
b2e01a3f432d253d,2026-05-31,경주,워너k 일상 경주 황리단길 당일치기 무료 공영주차장 정보,https://blog.naver.com/bokyeong77777/224301513801
4fa5663da7a466a3,2026-05-31,대전,"대전 :: 당일치기 빵사냥 성심당 롯데백화점, 공주칼국수...",https://blog.naver.com/huiroun/224301513950
b99e34ba31e215b9,2026-05-31,부산,바다가 보이는 명문 코스 용원cc회원권 소개,https://blog.naver.com/114whtjddnr/224291266788
82b61b4599e1cc6e,2026-05-31,경주,6월 경주 가볼 만한 곳 경주 대릉원 포토존 위치,https://blog.naver.com/teddyjun/224301512017
1876332ba661d301,2026-05-31,가평,"물놀이를 즐기는 새로운 방법, 가평빠지에서 알뜰한 하루 보내기",https://blog.naver.com/calmland6731/224301511531
fbe0304d913669a7,2026-05-31,인천,2026 여름 영종도 갈만한 곳 추천 TOP 5,https://blog.naver.com/dennis0525/224301510509
897314f74085b253,2026-05-31,대전,대전 현지인 추천 맛집 별난집 내돈내산! 두부두루치기와...,https://blog.naver.com/mj_0921/224300448607
aef73851c83e2ffe,2026-05-31,대전,여름 프리뷰,https://blog.naver.com/contedekxze/224301506692
40b06af7e1f391cc,2026-05-31,시청,가성비와 맛 둘다 잡은 밀양 표충사맛집 하남고깃집 밀양시청본점,https://blog.naver.com/jh10220/224301501896
40b06af7e1f391cc,2026-05-31,하남,가성비와 맛 둘다 잡은 밀양 표충사맛집 하남고깃집 밀양시청본점,https://blog.naver.com/jh10220/224301501896
68ff5eae5ad3aecc,2026-05-31,망원,차 없이 가는 반나절 여행 TOP20 — 서울·수도권 대중교통...,https://blog.naver.com/ujujang/224301501320
68ff5eae5ad3aecc,2026-05-31,북촌,차 없이 가는 반나절 여행 TOP20 — 서울·수도권 대중교통...,https://blog.naver.com/ujujang/224301501320
11e39fd31ab774aa,2026-05-31,경주,in 경주,https://blog.naver.com/kwonirene/224301186260
f16339b8a08e80dc,2026-05-31,속초,속초 대신 양양 물회 맛집 간 이유｜수산항 물회 재방문 후기,https://blog.naver.com/ladytiger-/224300769914
f16339b8a08e80dc,2026-05-31,양양,속초 대신 양양 물회 맛집 간 이유｜수산항 물회 재방문 후기,https://blog.naver.com/ladytiger-/224300769914
ddeee6688d1f5d5d,2026-05-31,강릉,코레일 열차 정상 운행 소식｜주말 기차 이용 전 꼭 확인하세요,https://blog.naver.com/boksok72/224301499969
ddeee6688d1f5d5d,2026-05-31,여수,코레일 열차 정상 운행 소식｜주말 기차 이용 전 꼭 확인하세요,https://blog.naver.com/boksok72/224301499969
ddeee6688d1f5d5d,2026-05-31,전주,코레일 열차 정상 운행 소식｜주말 기차 이용 전 꼭 확인하세요,https://blog.naver.com/boksok72/224301499969
ddeee6688d1f5d5d,2026-05-31,부산,코레일 열차 정상 운행 소식｜주말 기차 이용 전 꼭 확인하세요,https://blog.naver.com/boksok72/224301499969
ddeee6688d1f5d5d,2026-05-31,대전,코레일 열차 정상 운행 소식｜주말 기차 이용 전 꼭 확인하세요,https://blog.naver.com/boksok72/224301499969
42abda8d83d3ecdd,2026-05-31,안국,"태안해안국립공원 | 아이와 가볼 만한 곳, 해안 생태 체험 총정리",https://blog.naver.com/74mikylee/224301498514
d796e583e8c7f86c,2026-05-31,강릉,이십육년 오월,https://blog.naver.com/sun0e-/224301496072
87fc552789073acd,2026-05-31,파주,2026 캠핑요리축제｜경기 파주 평화누리캠핑장에서 즐기는...,https://blog.naver.com/boksok72/224301495744
4f09e96cec20f245,2026-05-31,가평,가평 데이트코스 자라섬 남도꽃정원 봄꽃축제,https://blog.naver.com/coo_coo1/224301239484
cd0c10b500df12c3,2026-05-31,대구,[단골식당 연탄돼지불고기] 백종원 3대천왕 출연한 불향...,https://blog.naver.com/andy_365/224299370604
569a35a7851550ae,2026-05-31,부산,버거킹 부산영도DT점 스모크 비프립 와퍼 세트 기간한정 신메뉴,https://blog.naver.com/rcat1975/224296937585
ded15a597eaddf51,2026-05-31,춘천,26년 5월 일상[행사많은 5월^^],https://blog.naver.com/hhj1162/224301493460
180ecc3b1647e859,2026-05-31,포항,포항 내연산,https://blog.naver.com/riomi/224301489384
b5a4cca8afe83080,2026-05-31,인천,인천 섬여행 당일치기 연안부두 팔미도유람선 가격 주차,https://blog.naver.com/noh_heeah/224301485345
66d536f802324be8,2026-05-31,강릉,강릉 가오리찜 맛집 이모네 생선찜 내돈내산 리뷰,https://blog.naver.com/spdhfh12/224301480350
66d536f802324be8,2026-05-31,여수,강릉 가오리찜 맛집 이모네 생선찜 내돈내산 리뷰,https://blog.naver.com/spdhfh12/224301480350
a353e821c0536d71,2026-05-31,시청,서소문성지 역사박물관 성당 공원 주차 서울역 근처 가볼만한 곳,https://blog.naver.com/archive-o/224301480043
4ffd88846374da75,2026-05-31,경주,"5월 경주 나들이, 당일치기 로 다녀오기 좋은 곳",https://blog.naver.com/a_jhj37/224301479890
900b85777d1f1a3c,2026-05-31,파주,파주 임진각 추천｜5월 말 6월 초 서울 근교 당일치기 로 걷기...,https://blog.naver.com/dogking-/224301169523
c06e52d27b34b37d,2026-05-31,마곡,6월 수국축제｜부산출발 공주 당일여행 추천,https://blog.naver.com/hanatravel-busan/224301478020
c06e52d27b34b37d,2026-05-31,부산,6월 수국축제｜부산출발 공주 당일여행 추천,https://blog.naver.com/hanatravel-busan/224301478020
1f53ed9f87a8f300,2026-05-31,미사,감곡 매괴성당 미사 시간 충북 음성 천주교 성지 순례 후기,https://blog.naver.com/kmd_lancye/224301310164
bf21120ddb71c01f,2026-05-31,일산,파주 헤이리 맛집 산내음 실내 개별룸 한정식 애견동반 식당,https://blog.naver.com/lovelyn2/224301466254
bf21120ddb71c01f,2026-05-31,파주,파주 헤이리 맛집 산내음 실내 개별룸 한정식 애견동반 식당,https://blog.naver.com/lovelyn2/224301466254
7a1eb3dd6840aa78,2026-05-31,고양,여름향기,https://blog.naver.com/kcherry92/224301463422
a485f9dd74894329,2026-05-31,광주,당일치기 드라이브 추천 #2 | 경기도 광주 식당부터 카페까지,https://blog.naver.com/grow_with_me_365/224301141048
1ddede6fed494217,2026-05-31,수원,"쪄죽을것 같았던 5월의 어느 주말, 광명 친구집 방문기",https://blog.naver.com/sukki_1004/224299937823
1ddede6fed494217,2026-05-31,광명,"쪄죽을것 같았던 5월의 어느 주말, 광명 친구집 방문기",https://blog.naver.com/sukki_1004/224299937823
8d541be3fe7db02f,2026-05-31,양양,"양양 혼자여행, 억새밭 산책로부터 낙산해수욕장까지 가을 감성...",https://blog.naver.com/myinfo-10/224299947489
f122c35b189dddd8,2026-05-31,파주,파주 마장호수 드라이브 겸 산책 추천 코스 + 주차 꿀팁까지...,https://blog.naver.com/rnge_/224301411277
3e2066e69f1403ff,2026-05-31,제주,나 다시 제주도 갈래,https://blog.naver.com/shindu3111/224301462577
6fb075a42d864992,2026-05-31,광주,광주 근교 드라이브 가볼 만한 곳 고창 청농원 라벤더 축제 주차...,https://blog.naver.com/jgh1318/224301459680
b2ad017d36d5ab70,2026-05-31,가평,가평역 버스 시간표 주차장 편의시설 정보 모두 확인,https://bluebeat.tistory.com/305
2798b67984a61a10,2026-05-31,망원,망원동 대박부동산 - 2025.8 여름휴가 강원도 당일치기 7탄!...,https://blog.naver.com/mangwondaebak/224299040863
1ea67ebad6e4e798,2026-05-31,인천,인천 월미바다열차 후기｜서울근교 당일치기 여행코스 추천,https://blog.naver.com/vhrwnsu17/224301457917
778f85a2a612922c,2026-05-31,양평,"양평 애견동반 산책, 이 2곳만 알아도 당일치기 완성",https://blog.naver.com/lauren0303/224301455833
00957bb8dcf3b7b6,2026-05-31,양평,"서울 근교 힐링 여행, 완벽한 하루를 선물하는 양평 여행 가이드",https://blog.naver.com/kim_pd_79/224300481067
4ce13e837c2a6571,2026-05-31,부산,부산에서 대마도 당일치기 여행 배편 씨플라워호 예약 후 바로...,https://blog.naver.com/nrahfefkcw/224300682740
7af29b6fbdcc51f0,2026-05-31,강릉,강릉 이모네생선찜 드디어 먹어봄!(주차/예약 방법/가격),https://blog.naver.com/maximum_min/224301448433
5a6b9f97068a921c,2026-05-31,제주,[제주 제주공항 고사리 육개장] 제주 맛집 <우진해장국> /공항...,https://blog.naver.com/y_soo__o/224301446964
35478274817eba08,2026-05-31,부산,부산에서 대마도 가는 쓰시마링크호 승선권 예약부터 탑승...,https://blog.naver.com/hboskqewsz/224300682133
2bd2c50cef978524,2026-05-31,광주,전남 광주 근교 차박 노지 캠핑 명소 베스트 10 총정리 화장실...,https://blog.naver.com/pias6642/224301442585
51ddf0df489c6f70,2026-05-31,대구,[대구] 대프리카 되기 전 대구 당일치기 (야당 낭만 full),https://blog.naver.com/meck-kkabi/224301442481
827bec2e870d7f94,2026-05-31,양평,양평 두물머리 양평 여행 지금 가볼만한곳 2026.5.31 실시간,https://blog.naver.com/ysr3789/224301441912
de2cd73ba158d3de,2026-05-31,부산,"창원 의창 신혼여행, 한눈에 해결하기",https://blog.naver.com/vlpzifkwy131093_mv/224301397759
310cce9373888583,2026-05-31,인천,2026 유기농데이 완전 정복 청계광장 파머스마켓·무료입장...,https://blog.naver.com/ssagni/224298417914
3a5dc089cf342b4c,2026-05-31,전주,5,https://blog.naver.com/jamondaaa_/224301441061
2a57aabcf6296106,2026-05-31,부산,부산경제와 관광산업,https://blog.naver.com/liveestate/224301440687
174e57a6ef45529e,2026-05-31,부산,"[정보일기] 배 타고 떠나는 일본여행, 실패없는 대마도 여행의...",https://blog.naver.com/jnlemon/224301438812
0d8a7a08f3b3c23c,2026-05-31,부산,5월,https://blog.naver.com/2seohyeon10/224301438752
0d8a7a08f3b3c23c,2026-05-31,대구,5월,https://blog.naver.com/2seohyeon10/224301438752
98db383efbff4380,2026-05-31,파주,파주 베어브릭스카페코리아 방문 후기,https://blog.naver.com/sosovefor/224301945812
1ff8325cad0e0bc1,2026-05-31,춘천,"강촌 가족 여행 숙소 추천, UOS수련원에서 아이들과 편하게...",https://blog.naver.com/wh0areu/224301908801
4991c1cb0e2f7ae7,2026-05-31,양평,유명산 뷰와 감성 캠핑 즐기고 온 서울근교 힐링 여행,https://blog.naver.com/nyangnyang0505/224301908633
dde4d7cfb3b1781b,2026-05-31,양평,[경기/양평] 서울 근교 양평 - 미리내힐빙클럽 내돈내산 후기!,https://blog.naver.com/song__song_/224301871823
dc4f4a855ad1e4cb,2026-05-31,양평,양평 카페 로우드 주말에만 여는 비밀의 숲속 정원 케이크 맛집,https://blog.naver.com/hwj9011/224301828689
5390058b1f53d101,2026-05-31,수원,[수원] 1박2일 여행 :: 수원 스타필드 핫쵸 | 행궁동...,https://blog.naver.com/myominey/224301824552
73eb2c3e69756ec1,2026-05-31,가평,"가평 계곡 촌캉스 펜션, 임초리부뚜막 303호 솥뚜껑 바베큐...",https://blog.naver.com/cjstkdlf007/224301796322
f573160c323baf3a,2026-05-31,가평,"가평 숙소 가평 더스테이 힐링파크 가든 D타입, 커플 기념일 여행",https://blog.naver.com/joyto17/224301700970
84f104480ba9e7a7,2026-05-31,인천,"영종도숙소 추천, 일출뷰 감성 가득했던 더테라스 영종 1박2일...",https://blog.naver.com/nrkim3334/224300081600
4e34585bcb25d443,2026-05-31,교대,"서울근교 남양주 북한강 카페 브리끄, 디저트 베이커리 맛집...",https://blog.naver.com/lifesaver999/224301672369
4e34585bcb25d443,2026-05-31,남양주,"서울근교 남양주 북한강 카페 브리끄, 디저트 베이커리 맛집...",https://blog.naver.com/lifesaver999/224301672369
b79ae2dd215d5d9e,2026-05-31,인천,영종도 숙소:> 에어스카이 호텔 :기분전환하러 가볍게 다녀오기...,https://blog.naver.com/bbozzaki__/224301611040
24ce3d8648552671,2026-05-31,인천,"난 인천대공원에 꽃구경간다~! 장미, 수레국화 양귀비까지 한눈에",https://blog.naver.com/agneslee2000/224300172120
28741e4377173d08,2026-05-31,고양,가을 여행 지 추천 핑크뮬리 단풍축제와 함께하는 명소,https://blog.naver.com/xedqd5344/224294890200
19d3420757d17d0b,2026-05-31,인천,[ 서울 /인천/경기]아이랑 갈만한 곳 : 포천 예술정원1999...,https://blog.naver.com/tnrud6536/224301470428
c3b038841ac85feb,2026-05-31,가평,서울 근교 은하눌 풀빌라 펜션에서 힐링 가평 여행,https://blog.naver.com/wlj86/224301463491
61bbdb9788d80337,2026-05-31,고양,6월 경기도 축제 추천! 행주산성에서 즐기는 고양행주문화제,https://blog.naver.com/yabam73/224300144641
59155ac7a498c44d,2026-05-31,가평,가평양떼목장 샤스타데이지 피어난 서울 근교 여행 추천,https://blog.naver.com/songhee1014/224301434590
38957637650f449e,2026-05-31,가평,가평숙소 선택의 새로운 기준이 될 가평글램핑...,https://blog.naver.com/cogks299/224301428024
090b389234879d10,2026-05-31,남양주,"서울 에서 한 시간, 사람 사는 재미가 있는 곳 – 남양주 수동면...",https://blog.naver.com/youl502323/224301413635
a8461935107e43ef,2026-05-31,파주,서울 근교 당일치기 여행 추천｜유럽 분위기 나는 국내 여행 지,https://blog.naver.com/dbrudtnr4862/224301289901
b6a1a6f4537e7c68,2026-05-31,가평,가평 자라섬 꽃 페스타 다녀온 후기 생각 없이 갔다가 사진만...,https://blog.naver.com/nana_school/224301396872
cc91dc513d735145,2026-05-31,부천,도당공원 백만송이장미원 부천 여행 으로 가볼만한 곳 서울근교 ...,https://blog.naver.com/strong-sandy/224301388383
1024d4d0caa063cc,2026-05-31,파주,장미의 피날레를 파주에서 — 마장호수 출렁다리 + 임진각 캠핑...,https://blog.naver.com/information-store/224301332783
ca06e2111df4e271,2026-05-31,양평,"차 막힘 없는 평일의 여유, 양평 두물머리와 세미원 당일치기...",https://blog.naver.com/tearsad2/224300380879
f81f699e3ae558fd,2026-05-31,천호,[인천/호캉스/파라다이스] 대학생이 1박에 100만원 넘는 호텔...,https://blog.naver.com/hyminichae/224301324455
f81f699e3ae558fd,2026-05-31,인천,[인천/호캉스/파라다이스] 대학생이 1박에 100만원 넘는 호텔...,https://blog.naver.com/hyminichae/224301324455
7ffeec5cc2ac1719,2026-05-31,가평,가평에서의 특별한 글램핑 여행 남이섬 베스트 캠핑장 후기,https://blog.naver.com/penalty5036/224301319990
f0d43ffe05a9a189,2026-05-31,가평,"서울 근교 가평 가성비 개별바베큐 펜션 후기, 포근펜션...",https://blog.naver.com/eeul67/224301290805
58e3c12fa86684ec,2026-05-31,가평,"[가평 미유풀빌라앤스파펜션, 평화막국수] 레트로풍 인테리어...",https://blog.naver.com/cebin99999/224301285892
66e6732e80484188,2026-05-30,남양주,남양주 여행 ) 분위기 좋은 스파펜션 코지스테이,https://blog.naver.com/hajun0v0/224301268622
795bd6525a5f9c11,2026-05-30,가평,가평 한옥 독채 펜션 운악채 : 개별바베큐 가족 여행 추천 내돈내산,https://blog.naver.com/agerenunc/224301252821
4c660c79b3cd13b5,2026-05-30,양평,양평 감성 가득한 독채에서 즐기는 특별한 하루 [까사더제니]...,https://blog.naver.com/votus9408/224301250635
faa485d8f2c3b703,2026-05-30,인천,"강화도 가볼만한 곳_교동도 <화개정원>, 고소공포증이여도 꼭...",https://blog.naver.com/sh28ho/224301227027
91ef64753df150a3,2026-05-30,의정부,서울 근교 나들이 아이랑 마이애니멀스토리 in 평강랜드,https://blog.naver.com/bnpou/224301224132
e6223ab30386ef25,2026-05-30,가평,가평 산마을글램핑장 후기｜커플 글램핑 숙소 추천(시설...,https://blog.naver.com/dlthdus6902/224301163077
79501f2f8c7056a9,2026-05-30,가평,아침고요수목원 수국축제 2026! 기간·찾아가는 길·포토스팟...,https://blog.naver.com/myeong0820/224301121414
074d742efbbd8cc8,2026-05-30,파주,서울 근교 당일치기 여행 지 10곳｜주말에 가볍게 다녀오기...,https://blog.naver.com/gluecklich91/224300969849
ecef5b9b1d55651c,2026-05-30,인천,"[강화도키즈풀빌라] 엄마도 조카바보 이모도, 아기도 반한...",https://blog.naver.com/smilekoala/224301074543
cd0afcec7760d488,2026-05-30,구리,구리시에서 보내는 완벽한 주말 힐링 여행 코스 BEST 3!,https://blog.naver.com/daldal_ggoori/224301058162
a050777911eded8c,2026-05-30,양평,"감성숙소 트리하우스, 클로드에덴 후기 #내돈내산 # 서울근교여행",https://blog.naver.com/aldzm2773/224301000360
ec65b76c33af471c,2026-05-30,가평,가평 펜션 추천 북한강 뷰가 매력적인 “이오스펜션” 후기...,https://blog.naver.com/qkrekgo123/224300989700
51ceae6bc6b15cf4,2026-05-30,가평,2026 자라섬꽃페스타 방문 후기 바로마켓 가평점에서 전국...,https://blog.naver.com/heunggeuli/224300968585
d7c7715e89d59ded,2026-05-30,인천,주말 나들이 인천배낚시 킹콩2호 타고 광어낚시 쇼츠 영상,https://blog.naver.com/rupiah74/224300936732
068c3501a763958e,2026-05-30,남양주,남양주 통창 대형카페 추천! 라조리오 카페 feat.인생 말차라떼,https://blog.naver.com/danharu0116/224300920791
bf60a65a7e30ee97,2026-05-30,인천,여름휴가 비용 부담된다면? 가성비 최고 국내 여행 지 이곳,https://blog.naver.com/silu-/224300891623
6438fb5a1e12cca1,2026-05-30,인천,"인천 차이나타운 가볼 만한 곳, 당일치기 놀거리 먹거리 추천코스",https://blog.naver.com/skylar_ing/224300870862
799243798ae8521d,2026-05-30,파주,[파주 여행 ] 파주 음악 카페 :: 황인용 뮤직스페이스 카메라타,https://blog.naver.com/doll1602/224300254080
5106cb05516626f8,2026-05-30,춘천,춘천 1박2일 뚜벅이 숙소 추천 '춘천 일기 스테이' 게스트하우스,https://blog.naver.com/xxx_xi_/224300379964
8fb9d321a8ad774e,2026-05-30,파주,"파주 가볼만한곳 추천 | 어느 계절, 어느 누구와 함께해도...",https://blog.naver.com/staypickkr/224300835193
634a5f5c0a787f0d,2026-05-30,남양주,서울근교 힐링 스팟 발견! 시설 깔끔한 남양주펜션...,https://blog.naver.com/gsilver96/224300833407
97c7c322f856d9da,2026-05-30,파주,파주 가볼만한곳 5곳 서울 근교 당일치기 여행 코스 추천,https://blog.naver.com/haedeunjini/224300827969
bea23784a5644a7d,2026-05-30,남양주,[종가댁남양주]북한강 뷰 카페 추천!25년 지기 친구와 다녀온...,https://blog.naver.com/gayun426_/224300792859
5a2ef711627be257,2026-05-30,양평,"양평 감성 숙소 추천, 진짜 쉬고 오기 좋았던 “양평...",https://blog.naver.com/dlzh3323/224300790625
921b57aad39aefd1,2026-05-30,수원,"초여름 밤, 고궁을 걷다 경복궁·수원화성 야간관람 완벽 가이드",https://blog.naver.com/yym1014/224300787883
85f3bbe110ad1f7b,2026-05-30,광주,서울 근교 대형카페로 드라이브 가실래요? 분위기까지 좋았던...,https://blog.naver.com/rlacl07/224298205887
d135c64b519850f2,2026-05-30,광명,광명 쭈꾸미 | 기대 없이 갔다가 다시 간 곳 (고창목의 쭈꾸미와...,https://blog.naver.com/darrr2/224300751465
7f97b14f4df4394f,2026-05-30,가평,남이섬키즈풀빌라 찾는다면 가평가족펜션 추천...,https://blog.naver.com/sofla123/224299769182
e6e208fdaaf565d0,2026-05-30,양평,"양평 한정식 감성 밥상 여행 , 자연 속에서 즐긴 특별한 한 끼",https://blog.naver.com/mkm078/224300707513
73b8bf127df77e65,2026-05-30,고양,"서울 근교 데이지 카페 정리, 서울 근교 대형카페, 주말 데이트...",https://blog.naver.com/och9_9/224300492128
73b8bf127df77e65,2026-05-30,파주,"서울 근교 데이지 카페 정리, 서울 근교 대형카페, 주말 데이트...",https://blog.naver.com/och9_9/224300492128
7a4cfdb42c32a012,2026-05-30,파주,"서울 에서 1시간, 감성 충전 파주 당일치기 여행 , 드라이브 코스...",https://blog.naver.com/roundapple_/224299468846
ff2fe40bbcbab29d,2026-05-30,양양,[My Trip] 양양 가볼만한곳 추천 휴휴암·사근진해변 코스,https://blog.naver.com/happydaily_01/224300695910
f10beadf34b177a4,2026-05-30,양평,양평 두물머리연핫도그 양평두물머리맛집 양평핫도그맛집...,https://blog.naver.com/wjdwpdud1234/224300677050
856934d8c577b7d7,2026-05-30,가평,가평 여행 필수코스 ㅣ 베고니아새정원 봄·여름 나들이 추천️,https://blog.naver.com/hope_beans/224296944852
99184c0ae71746b0,2026-05-30,인천,주말 가볼만한곳 인천대공원 장미원 실시간 개화 상황 그늘막...,https://blog.naver.com/heizin/224300663561
ceeeba2723b6f066,2026-05-30,광명,자연과 예술이 공존하는 포천 아트밸리 가족 나들이 추천,https://blog.naver.com/tjwp119/224300417474
a0d94cf30fdf921b,2026-05-30,인천,서울근교 강화도 당일치기 여행 마호가니 금문도 전등사까지...,https://blog.naver.com/forelog/224300659456
93a1fd3b45d82f4d,2026-05-30,가평,2026 자라섬 꽃페스타 가평 꽃축제 후기 (입장료·주차...,https://blog.naver.com/mmmmbin/224300575415
e6805952e2d3bc6e,2026-05-30,제주,굳이 멀리 안 가도 된다… 6월 초여름 국내 꽃길 여행 지 BEST5,https://blog.naver.com/grt0809/224300642999
a28f7279ce48887f,2026-05-30,인천,마시안갯벌체험 예약 방법부터 물때 확인까지 한눈에 정리,https://blog.naver.com/namaksin1205/224300587268
069753f1e868e6be,2026-05-30,가평,가평 장미정원 추천 /오월의 장미가 피어나는 곳...,https://blog.naver.com/alsb4811/224300608474
418f2dfed256aaba,2026-05-30,가평,서울근교 여행 가평 고고다이노 키즈호텔 특가 예약(테마룸...,https://blog.naver.com/shy0917cjh/224300583214
c4a8368fc84ae530,2026-05-30,파주,파주 마장호수 출렁다리 버스 타고 주말에 다녀온 솔직 후기,https://blog.naver.com/ssssss8201/224300566780
ba69c4d68e9a61bc,2026-05-30,가평,가평 서울근교 여행 가족과의 특별한 풀빌라 경험,https://blog.naver.com/cite263/224300566057
abdc89366dca8255,2026-05-30,가평,서울 근교 6월 국내 여행 지 | 자라섬 꽃 페스타 다녀온 후기,https://blog.naver.com/purplelayover/224300543616
a7a027452b06f6fa,2026-05-30,하남,""" 서울근교 캠핑장 추천"" 하남 숲에정원 아이랑 여행 다녀 온 후기",https://blog.naver.com/diri_family/224300538226
c2d47b2eb27a0ec9,2026-05-30,양평,양평군립미술관 서울근교 여행 양평 실내 데이트 추천(다음...,https://blog.naver.com/anndam/224300530504
4210f1458c9e2052,2026-05-29,양평,아기와 함께하는 양평 1박2일 여행 코스와 숙소 선택 가이드,https://blog.naver.com/jposhx9e/224300518781
25b8dc574d018965,2026-05-29,김포,그랜드파파 캠핑장 후기｜아이와 가기 좋은 서울 근교 ...,https://blog.naver.com/ssogarden_/224300511403
c33ae8f1a25cccb0,2026-05-29,가평,"[가평] 사람없는 계곡추천, 단체로 가기 좋은 가평 넓은...",https://blog.naver.com/jenna0406_/224300503547
91d7fbc88ffe29ba,2026-05-29,가평,가평 단체 펜션 추천 소란캠프｜대성리 MT·워크숍·가평 당일...,https://blog.naver.com/yeajoo412/224300474454
b4e242e37e37c18d,2026-05-29,가평,가평 가볼만한곳 베이커리 대형카페 가평레이크애비뉴 리버뷰...,https://blog.naver.com/sakura_hirahira/224300466826
e8908ed59fdd2de3,2026-05-29,가평,"조용한 힐링, 더멀스 가평 독채 펜션 후기",https://blog.naver.com/jjssoo00/224300462636
1283a3511653fe95,2026-05-29,인천,"강화도 데이지꽃 카페부터 오션뷰 카페까지, 요즘 뜨는 핫플...",https://blog.naver.com/ymj419/224300456577
adf92026414a1b17,2026-05-29,가평,"사진 찍으러 갔다가 하루 순삭되는 곳, 2026 Colorful Garden...",https://blog.naver.com/richplacefestival/224300435643
617f8209e8c6a70f,2026-05-29,양평,"서울근교 여행 지 추천! 양평 드라이브 코스, 메덩골정원 개장전...",https://blog.naver.com/sujong4885/224300431071
2a0f9b76955565fa,2026-05-29,인천,"서울 에서 가장 가까운 비밀 섬, 세어도 여행 아는 사람만 찾는...",https://blog.naver.com/richplacefestival/224300426898
1d8dbd9b0533b350,2026-05-29,인천,인천 영종도 가볼만한 곳 1박2일 뚜벅이 여행 코스(뷰맛집...,https://blog.naver.com/sy90955/224300416422
73dd742e29b0e65f,2026-05-29,김포,6월 김포 한강신도시 호수공원 장미원 여행 추천 주변 볼거리...,https://blog.naver.com/kdspmj12/224300217057
431f18f2e52e6a1d,2026-05-29,춘천,"춘천 1박2일 여행 코스!2일차(춘천국립박물관, 진아하우스...",https://blog.naver.com/lee_ee-/224300347367
9bde8192b9c8c0bf,2026-05-29,남양주,서울 근교 여행 ; 여주편,https://blog.naver.com/yanyaming_/224300318018
9bde8192b9c8c0bf,2026-05-29,가평,서울 근교 여행 ; 여주편,https://blog.naver.com/yanyaming_/224300318018
9bde8192b9c8c0bf,2026-05-29,양평,서울 근교 여행 ; 여주편,https://blog.naver.com/yanyaming_/224300318018
e77825187d3c9d1d,2026-05-29,양평,1박 2일 양평 여행 | 막국수 맛집 허가네막국수 & 두물머리...,https://blog.naver.com/jjjeoming/224299206101
976324dcf845f717,2026-05-29,가평,가평 당일치기 정답 가평 아침고요수목원 수국축제 잣두부정식...,https://blog.naver.com/minago_/224300304123
012b543d6ea9163f,2026-05-29,양평,양평 여행 | 촌캉스 옷 무료 대여라니! 비바코 한옥스테이,https://blog.naver.com/1502home_/224300284371
5e6b36183ebff048,2026-05-29,양평,양평 두물머리 실시간 후기 | 서울근교 초록뷰 산책코스...,https://blog.naver.com/ladyndeok/224300261041
5928d001909ffd4c,2026-05-29,남양주,서울근교 남양주 계곡 맛집 솔뫼가든 아이랑 가볼만한 곳,https://blog.naver.com/daegulii/224300251576
360956873b9e30e6,2026-05-29,양평,"겨울 생일, 비오는 날 방문했던 양평 감성 풀빌라 '므흐뽀제...",https://blog.naver.com/chaecheck_/224300248967
7727eed86d5bd715,2026-05-29,춘천,청평역 기차시간표 조회 ITX-청춘 경춘선 전철시간 열차승차권...,https://blog.naver.com/jstd6867/224297234776
7727eed86d5bd715,2026-05-29,가평,청평역 기차시간표 조회 ITX-청춘 경춘선 전철시간 열차승차권...,https://blog.naver.com/jstd6867/224297234776
05dffcdb179e97fa,2026-05-29,인천,할머니와 바다,https://blog.naver.com/ksng2711/224300182151
64d1d1c90f4f4bdd,2026-05-29,가평,2026 자라섬 꽃 페스타 총정리｜위치·기간·입장료·주차...,https://blog.naver.com/boxbox45/224300172384
6adb5bf2cd0d130d,2026-05-29,수원,⚾ 수원 KT위즈파크 당일치기 완벽 코스 (디테일版),https://blog.naver.com/ohtiger78/224300097088
b7f4a471d6d6f7ed,2026-05-29,가평,가평 남이섬 (초여름 당일치기 코스 추천 / 할인 꿀팁...,https://blog.naver.com/hyelin_chu/224300035753
26247500c9c32d47,2026-05-29,명동,6월 5월 갈만한곳 서울 근교 가족 여행 여름 놀거리 광명동굴...,https://blog.naver.com/hyung7548/224300027803
26247500c9c32d47,2026-05-29,광명,6월 5월 갈만한곳 서울 근교 가족 여행 여름 놀거리 광명동굴...,https://blog.naver.com/hyung7548/224300027803
26247500c9c32d47,2026-05-29,제주,6월 5월 갈만한곳 서울 근교 가족 여행 여름 놀거리 광명동굴...,https://blog.naver.com/hyung7548/224300027803
c019dc5af36e3c2a,2026-05-29,의정부,주말가볼만한곳 의정부 회룡사 숲길 산책,https://blog.naver.com/yhim1214/224300025280
ef94b10699ffc9c1,2026-05-29,가평,"서울 근교 청평 빠지 웨이크보드, 수상스키 일상",https://blog.naver.com/4pawsjourney/224300019824
7debab8136efc8ca,2026-05-29,춘천,춘천 소양강댐 & 소양강 스카이워크 천천히 걷는 힐링 여행 코스,https://blog.naver.com/xmrquftorreya/224300017052
10808189a5849ee1,2026-05-29,인천,인천 가볼만한곳 월미도 테마파크 월미짱랜드 주차 월미공원,https://blog.naver.com/welcome_seoyoung/224300005591
dc55a14454a0ac92,2026-05-29,가평,가평 더힐독채펜션 프라이빗 독채에서 즐긴 힐링 가족 여행,https://blog.naver.com/hse729/224299998889
d4b56ca72150cd13,2026-05-29,부천,서울 근교 주말 나들이 추천 부천 백만송이장미원...,https://blog.naver.com/heizin/224299989799
a11de36badacaf31,2026-05-29,가평,가평 베고니아 새정원 아이랑 다녀온 내돈내산 후기 알고 보니...,https://blog.naver.com/antae_day/224299982437
2945accfcc74b9fc,2026-05-29,가평,5/30(토)~6/28(일) 수국 전시회 서울근교 당일치기 꽃구경,https://blog.naver.com/ohdori13/224299956293
053ed67f7508741f,2026-05-29,천호,해피초원목장: 동물과 교감하는 체험형 국내 여행 춘천호 인생뷰,https://blog.naver.com/noboundaryno/224299936953
053ed67f7508741f,2026-05-29,춘천,해피초원목장: 동물과 교감하는 체험형 국내 여행 춘천호 인생뷰,https://blog.naver.com/noboundaryno/224299936953
4357cda89dd2ce47,2026-05-29,파주,파주 카페 르븨밀크 본점 카이막 브레드 & 카이막 망고 스콘 추천,https://blog.naver.com/vpdlf1004/224299930979
6659e2336b07d357,2026-05-29,고양,고양 아이와 가볼만한곳｜고양낙농치즈체험장 체험 솔직후기,https://blog.naver.com/halove00/224299919832
e65f90820b619987,2026-05-29,양평,2026 양평밀축제 완전 정복 / 완벽 가이드: 황금빛 밀밭 포토존...,https://blog.naver.com/ssagni/224296110889
2406464972c55628,2026-05-29,가평,서울 근교 꽃구경 추천! 가평 자라섬 꽃 페스타에서 만나는...,https://blog.naver.com/usi345/224299351255
12363f1302c8f0d6,2026-05-29,가평,가평독채펜션 찾는다면 딱이었던 가평 더힐독채펜션 가족 여행,https://blog.naver.com/haonmom_/224292827901
1d46b53da88ce2a1,2026-05-29,강릉,강릉의 숨은 명소 Best 5 - 케이드라이브 기사님들이 추천해요!,https://blog.naver.com/kd_1577/224299896389
e3b5c5f9d7e92d4c,2026-05-29,경주,연인과 떠나는 초록빛 사색 여행 과 숨겨진 감성 정원 완벽 가이드,https://blog.naver.com/akmaro/224299832024
db4084dd1af1b77e,2026-05-29,수원,"[수원] 서울근교 뚜벅이 당일치기 여행 코스, 힐링 그자체",https://blog.naver.com/bae_cchuu/224299810771
8acc11a15cc71c01,2026-05-29,명동,서울 근교 광명 아기랑 가볼만한곳 : 광명동굴 입장료 주차 할인...,https://blog.naver.com/exit_working/224299799952
8acc11a15cc71c01,2026-05-29,광명,서울 근교 광명 아기랑 가볼만한곳 : 광명동굴 입장료 주차 할인...,https://blog.naver.com/exit_working/224299799952
60c249eaaf1aeca3,2026-05-29,가평,6월 국내 여행 지 추천 ｜날씨 좋을 때 가기 좋은 국내 여행 ...,https://blog.naver.com/suhyupnffc/224299794773
3abbd4ef1bfc133b,2026-05-29,파주,"파주 여행 , 요즘 뜨는 ""감성 카페"" 추천 리스트!",https://blog.naver.com/wxy365/224299749662
b4aa27c07181b6d3,2026-05-29,남양주,"남양주 포천 감성 글램핑 추천, 가족 여행 으로 다녀온 포천...",https://blog.naver.com/midong0429/224299765442
cf5b357559094aa9,2026-05-29,인천,봄 바다와 봄꽃 노을감성을 함께 즐기는 인천 섬 여행 코스,https://blog.naver.com/agneslee2000/224298084573
de4aeb15cfcfd315,2026-05-29,양평,[양평 여행 ] 서울 근교 커플 1박2일 여행 가볼만한 곳 및 맛집...,https://blog.naver.com/puppypooo/224298893740
fcb8fb8e94010437,2026-05-29,수원,국내 여행 : 수원 당일치기 여행 코스,https://blog.naver.com/ririmood/224299733840
609add12769f5d19,2026-05-29,부천,[부천 가볼만한곳] 2026 부천 백만송이장미축제 실시간...,https://blog.naver.com/kimdwhn/224299731931
1158cb7173c0eef3,2026-05-29,남양주,남양주 북한강뷰 카페｜ 서울 근교 드라이브 코스 발랑솔,https://blog.naver.com/nemoane_story/224299726395
5f32a75b7215d273,2026-05-29,과천,과천 과학박물관 무료 물품보관함,https://blog.naver.com/alal00424/224299707790
f5ee7a057c7995eb,2026-05-29,가평,2026 자라섬 꽃 페스타 꽃축제 | 일정 주차 할인 꿀팁,https://blog.naver.com/nizekk/224299703527
8553aceb79537d53,2026-05-29,가평,[자라섬 축제] 서울 근교 꽃구경 추천 자라섬 꽃 페스타 2026...,https://blog.naver.com/puri119/224299698947
fcc621f8188cfe17,2026-05-29,고양,고양 흥국사 템플스테이｜ 서울 근교 뚜벅이 템플스테이 추천...,https://blog.naver.com/yongna-/224299693182
e149da40feb4fa48,2026-05-29,남양주,남양주 촌캉스 끝판왕｜촌캉스 제대로 즐긴 그랜마하우스 #3...,https://blog.naver.com/pinnnk_pig/224298931136
6e15701bffc90512,2026-05-29,양평,서울 근교 당일치기 추천｜양평 두물머리 새벽 감성 여행 코스...,https://blog.naver.com/engelwomen/224299666731
123f6513e2a9592f,2026-05-29,파주,서울 근교 나들이 추천 신암저수지와 감악산 출렁다리 난이도...,https://blog.naver.com/wonderer100/224298755022
149dbb9f9ec3e60b,2026-05-29,가평,무더위 속 시원한 물놀이 즐길 수 있는 가평빠지의 다채로운 매력,https://blog.naver.com/tjrgus74129/224299653681
93c1f78534812cb2,2026-05-29,가평,가평 서울근교 여행 대가족과 함께한 특별한 풀빌라 체험,https://blog.naver.com/putda11032/224299569460
06949686e8627e43,2026-05-29,가평,"가평 여행 | 26년 차 우정의 인증, 노래방 풀빌라 찢고 온 썰...",https://blog.naver.com/with_the_flow_/224298951276
5a1746a2ea94a706,2026-05-29,가평,가평 아이랑갈만한곳 추천! 아이와 함께 다녀온 남이섬 나들이...,https://blog.naver.com/soyeonshin2/224299541299
1e87ffe0141da51c,2026-05-29,가평,정육점 WM 축산물센터 원미트 한우 특수부위 바베큐 여행 후기,https://blog.naver.com/somsatanggod/224299533091
1e87ffe0141da51c,2026-05-29,광주,정육점 WM 축산물센터 원미트 한우 특수부위 바베큐 여행 후기,https://blog.naver.com/somsatanggod/224299533091
d57a0b8e5ff9c506,2026-05-29,양평,"연핫도그, 연잎아이스크림 후기 부모님과 서울근교여행 추천",https://blog.naver.com/amuk02157/224299530196
5f368a23f3813bd8,2026-05-29,김포,[국내 여행 /김포] 감성 한옥 펜션 <환화원-서채> 투숙 후기 :),https://blog.naver.com/thojin_/224299527219
32abf9b2645885b3,2026-05-29,가평,경기도 가평 가볼만한곳 가평 카페 양떼목장 놀거리...,https://blog.naver.com/overroad89/224298386666
41fbb2293e7e8970,2026-05-28,가평,서울 근교 가평 아이랑 가기좋은 청아재 프라이빗 키즈 풀빌라...,https://blog.naver.com/jjiiaaee614425/224299512920
739b2be48657f615,2026-05-28,남양주,남양주 계곡 펜션 수동 독채 숙소 촌캉스 바베큐 큰아빠네,https://blog.naver.com/chaehj92/224299501479
5ce2cc65072f2ada,2026-05-28,수원,서울근교 나들이 갈만한곳 BEST5 당일치기 여행 드라이브,https://blog.naver.com/angel100406/224299480842
9d6f313143253da0,2026-05-28,수원,행궁동 이색 카페 데이트 장소 수원파충류샵 게코카페 티라노...,https://blog.naver.com/wsid_today_/224299470468
5b1ccc8468fc9a74,2026-05-28,남산,춘천 제이드가든,https://blog.naver.com/sopg2633/224299466140
5b1ccc8468fc9a74,2026-05-28,춘천,춘천 제이드가든,https://blog.naver.com/sopg2633/224299466140
e4614667949fdad8,2026-05-28,가평,가평 자라섬이 형형색색 꽃으로 물들었어요! Colorful...,https://blog.naver.com/soosoo2207/224299445216
3956bc5ca295d15f,2026-05-28,가평,가평 자라섬 꽃축제 2026 총정리｜남도꽃정원 봄꽃페스타...,https://blog.naver.com/123whywhy/224299354360
4908cf553cb9db5f,2026-05-28,가평,가평 자라섬꽃페스타,https://blog.naver.com/sopg2633/224299430461
8f7b2b2830435008,2026-05-28,가평,가평글램핑 찾는다면 추천하고 싶은 리즈밸리글램핑펜션 ️,https://blog.naver.com/1150sik/224299419874
4ee374f1ddb52975,2026-05-28,가평,가평 라라키즈풀빌라 키즈펜션 C2 내돈내산 후기(두가족 여행 ...,https://blog.naver.com/soojeong_524/224299393730
ffcbe8f0e6305792,2026-05-28,가평,가평 고고다이노 키즈호텔 특가 인피니티풀 북한강 리버뷰...,https://blog.naver.com/wmj300/224299365049
539193b984e3b0e6,2026-05-28,가평,가평 숙소 남이섬과 가평빠지와 접근성이 좋은 넓은 주차장과...,https://blog.naver.com/doublee_lee/224299362841
ddb38658b3808a51,2026-05-28,파주,파주 출렁다리 마장호수 가볼만한 곳 추천,https://blog.naver.com/qkdqkd_/224299357577
7853e6c823d74580,2026-05-28,가평,가평 계곡 앞 독채펜션! 추천 초록정원계곡독채펜션 가족 여행,https://blog.naver.com/wwkd01/224299112063
ea3df3b08b48a9dd,2026-05-28,가평,가평 남이섬 닭갈비 (힐링닭갈비/애견동반) 내돈내산,https://blog.naver.com/hyelin_chu/224299329642
6b1474151ea6326f,2026-05-28,파주,"서울 근교 파주 여행 , 야외 스파 호텔이 좋았던 파주 숙소...",https://blog.naver.com/mmmmch/224299301196
9dda8109f706e457,2026-05-28,남양주,남양주 여행 2일차) 묘적사부터 북한강 라이딩까지 풀내음...,https://blog.naver.com/danharu0116/224299295090
87757eede23d02a5,2026-05-28,가평,아이랑 가평 1박2일 : 자라섬 꽃축제 남이섬 입장권 할인받고...,https://blog.naver.com/donnago_/224299287499
7cb733c833964439,2026-05-28,일산,"서울 근교 6월 꽃구경 끝판왕, 고양 원당 허브랜드 버베나...",https://blog.naver.com/engjourney/224299140135
7cb733c833964439,2026-05-28,고양,"서울 근교 6월 꽃구경 끝판왕, 고양 원당 허브랜드 버베나...",https://blog.naver.com/engjourney/224299140135
44de86812d851f33,2026-05-28,가평,가평 가볼만한곳 2026 자라섬 꽃축제 기본정보(입장료 가격...,https://blog.naver.com/jini4998/224299255953
9a595b85fdb24c87,2026-05-28,남양주,가족 나들이나 힐링하기 좋은 곳. 서울 근교 남양주 물맑음 수목원,https://blog.naver.com/tgijk/224299244321
21ace97d535579d6,2026-05-28,일산,"로드브로크, 롯데프리미엄 아울렛 5월 추억 여행 ~~❤️",https://blog.naver.com/beako_bubu/224299209328
21ace97d535579d6,2026-05-28,파주,"로드브로크, 롯데프리미엄 아울렛 5월 추억 여행 ~~❤️",https://blog.naver.com/beako_bubu/224299209328
1e95208bb473ed70,2026-05-28,가평,가평 계곡 앞 단체펜션 추천 초록정원계곡독채펜션에서...,https://blog.naver.com/dldusdn0725/224299053241
a4b6335c5ca74c6b,2026-05-28,양평,"[세미원] 경기도 양평 가볼만한곳 (주차, 입장료 등) 방문후기",https://blog.naver.com/amugonahaela/224299156152
ee42d5f7d4026081,2026-05-28,가평,가평 JH풀빌라 & 웨스턴글램핑 후기 | 아이와 함께 즐긴 수영장...,https://blog.naver.com/97648789/224299102014
72b81e12f2ff6fbd,2026-05-28,강남,"[강남로 714-14] 서울 근교 양평 가족 여행 숙소, 애견동반...",https://blog.naver.com/yo_960/224299078694
72b81e12f2ff6fbd,2026-05-28,양평,"[강남로 714-14] 서울 근교 양평 가족 여행 숙소, 애견동반...",https://blog.naver.com/yo_960/224299078694
d31477b565a7260a,2026-05-28,가평,자라섬 꽃축제 2026 방문 전 꼭 볼 입장료·주차·꽃 절정 타이밍,https://blog.naver.com/yhking119/224299046910
521c8368ff1fc7b3,2026-05-28,양평,양평 여행 중에 먹어본 큰골 보리밥 칼국수 내돈내산 후기.,https://blog.naver.com/lovely_woman_/224299031449
5e91f7bc7eb47d9a,2026-05-28,가평,서울 근교 당일치기 계곡 BEST 10｜가평·양평·포천 여름...,https://blog.naver.com/rainbowjini/224299027232
5e91f7bc7eb47d9a,2026-05-28,양평,서울 근교 당일치기 계곡 BEST 10｜가평·양평·포천 여름...,https://blog.naver.com/rainbowjini/224299027232
cb17be67d53f537b,2026-05-28,양평,양평어서옵쇼,https://blog.naver.com/7_12_/224299010622
897ba9971df3e4dd,2026-05-28,가평,강아지 2마리랑 다녀온 가평 음악의 숲 B동 후기 (정말 너무...,https://blog.naver.com/gpwls931121/224298991368
c939969194afd23f,2026-05-28,가평,호명나루165풀빌라 펜션 단체 아이랑 가족펜션 내돈내산,https://blog.naver.com/rla6632/224298983618
2c8b02cb1d77a237,2026-05-28,가평,고고다이노 키즈호텔 첫 단독 특가 52% 할인 32 → 14만...,https://blog.naver.com/bean_urse/224298476039
808de6e83096c681,2026-05-28,성수,가평 빠지 추천 서울 근교 여행 떠나기 좋은 하이수상레저,https://blog.naver.com/sj1111h/224298943406
808de6e83096c681,2026-05-28,가평,가평 빠지 추천 서울 근교 여행 떠나기 좋은 하이수상레저,https://blog.naver.com/sj1111h/224298943406
da3189d706558432,2026-05-28,가평,자라섬 꽃축제 2026 지금 가기 전 꼭 볼 일정·입장료·셔틀...,https://blog.naver.com/flemznls1/224298925262
e40cb5fc9ff0f7dc,2026-05-28,가평,가평 가성비 숙소 감성 글램핑 펜션 가볼만한곳 추천,https://blog.naver.com/beargobear/224298891545
629d814dd726f49c,2026-05-28,남양주,북한강 대형카페 '왈츠와 닥터만' 웨이팅 꿀팁 서울근교 드라이브,https://blog.naver.com/pgh4931/224298890994
4352e989cb337875,2026-05-28,부천,도당공원 수국 부천 여행 으로 가볼만한 곳 서울근교 여름 수국...,https://blog.naver.com/strong-sandy/224298885670
ee1ebbcf481f94e3,2026-05-28,양평,"️ 두물머리, 물안개가 빚어내는 마법 같은 순간",https://blog.naver.com/ejemstory/224274365565
0f76bae181646ff0,2026-05-28,춘천,춘천 1박2일 여행 코스! 1일차(풍자 또간집 학곡리 닭갈비...,https://blog.naver.com/lee_ee-/224298835420
c44a96a5c51bb9b8,2026-05-28,가평,가평 청평호 뷰 카라반 추천 서울근교 카라반 캠프게이트 후기,https://blog.naver.com/kimlily519/224298823337
8b1441baf09d0217,2026-05-28,제주,국내 6월 여행 지 추천 가볼만한곳 BEST 5,https://blog.naver.com/ttuksum/224298364925
53f18427fa8e3961,2026-05-28,강릉,[My Trip] 양양 여행 하조대·낙산사·소품샵 투어,https://blog.naver.com/happydaily_01/224298760777
53f18427fa8e3961,2026-05-28,양양,[My Trip] 양양 여행 하조대·낙산사·소품샵 투어,https://blog.naver.com/happydaily_01/224298760777
ac21e6ae3d82d9d6,2026-05-28,양양,양양 가볼만한곳 추천｜낙산해수욕장 맛집까지 1박2일 여행 코스,https://blog.naver.com/iamstar23/224298543511
974413d605810d11,2026-05-28,파주,스파|파주 여행 | 서울근교 |독채풀빌라| 중휴림 |수영장|노천탕...,https://blog.naver.com/twoyu_daily/224298745000
978fd24244f9f74a,2026-05-28,파주,서울 근교 에서 이런 곳이... 파주 파라프라 후기,https://blog.naver.com/bravo_mylife09/224298731082
55f3d2bbccfca174,2026-05-28,인천,신시모도 감성카페 추천 ☕ 굴뚝빵 맛집 하라보라 다녀왔어요,https://blog.naver.com/eunji5390/224298721465
645352d00374daa0,2026-05-28,인천,"여행 기록 # 28 [당일치기 해루질, 갯벌체험 추천 / 인천 영흥도...",https://blog.naver.com/dahyun_1029/224298703099
daf561a026c6f09f,2026-05-28,가평,서울근교여행 온수풀펜션 가평 펜션 풀플러스,https://blog.naver.com/leejjunn_22/224298690885
33185979ea924660,2026-05-28,가평,서울 근교 레저 추천 가평카트장 체험 후기 가평 가족 여행 코스,https://blog.naver.com/soyeonshin2/224298681623
738d95647261d96e,2026-05-28,가평,[가평] 주차 가능 애견 동반 가능 1500평 대형 총집합 카페...,https://blog.naver.com/gmlals9628/224297273669
dbb47661dfd2d26f,2026-05-28,가평,자라섬 꽃축제 2026 지금 가도 될까? 일정·입장료·셔틀...,https://blog.naver.com/betterthanever0810/224298653145
9857a40a21d3f87c,2026-05-28,김포,6월 김포 가볼만한곳: 호수공원 장미원 & 라베니체 나들이 총정리,https://blog.naver.com/review76/224298646020
165bcd5f22cdc011,2026-05-28,인천,강화도맛집 금문도 강화도 특산품으로 만든 속노랑간짜장 추천...,https://blog.naver.com/forelog/224298643622
c0fc8879e2c06f0c,2026-05-28,인천,[인천/영종도] 서울근교여행 지 '영종도1박2일 ' 즐거웠던...,https://blog.naver.com/sullemgogo/224297325563
2283030e3d7725cf,2026-05-28,남양주,서울 근교 남양주 당일치기 여행 에 좋은 가든형 오리고기 맛집...,https://blog.naver.com/completelytk/224298640217
9dd9e4dee1ec36fc,2026-05-28,인천,[여름철 유명 해수욕장 추천] 영종도 을왕리 vs 태안 파도리...,https://blog.naver.com/minhye0123/224296230215
22b4cd56544bfdad,2026-05-28,양평,양평 에어비앤비 숙소 / 꼬마네 옆집 / 커플 여행 숙소 / 내돈내산,https://blog.naver.com/maynine33/224297290324
27287a296394ec1b,2026-05-28,가평,자라섬 꽃축제 2026 지금 가도 좋을까? 입장료·개화시기·동선...,https://blog.naver.com/kim582777/224298626268
955be697e81422f2,2026-05-28,양평,"두물머리 연핫도그 순한맛 가격, 주차 / 서울 근교 여행 코스 추천",https://blog.naver.com/haeen_1004/224298624516
212149e299903bda,2026-05-28,가평,자라섬 꽃축제 2026 지금 가도 될까? 입장료·주차·꽃 절정...,https://blog.naver.com/worms112/224298618102
85a6f0769524bcd5,2026-05-28,안양,안양 놀거리 안양중앙시장 먹거리 가득한 서울 근교 전통시장...,https://blog.naver.com/pjh1752/224296180641
5fa33f6786e21baf,2026-05-28,인천,추천｜애견 동반 가능한 달봄 스테이 독채펜션 강화도 가족 여행,https://blog.naver.com/milkyeedo/224298599322
e51c299744f604fc,2026-05-28,가평,가평 빠지 추천 패키지 숙소 수상레저 펜션,https://blog.naver.com/pjwmms1125/224298595583
fb89999ea5fcfda2,2026-05-28,가평,포쉬 카라반 온수풀글램핑 서울근교 가족 여행 으로 기억에 남은 곳,https://blog.naver.com/youhee4723/224298173364
8422f3e3867cce0e,2026-05-28,인천,가족 여행 추천 BEST 10｜아이와 가기 좋은 국내 여행 총정리,https://blog.naver.com/aoutworld/224297576671
8422f3e3867cce0e,2026-05-28,파주,가족 여행 추천 BEST 10｜아이와 가기 좋은 국내 여행 총정리,https://blog.naver.com/aoutworld/224297576671
8422f3e3867cce0e,2026-05-28,춘천,가족 여행 추천 BEST 10｜아이와 가기 좋은 국내 여행 총정리,https://blog.naver.com/aoutworld/224297576671
8422f3e3867cce0e,2026-05-28,가평,가족 여행 추천 BEST 10｜아이와 가기 좋은 국내 여행 총정리,https://blog.naver.com/aoutworld/224297576671
8422f3e3867cce0e,2026-05-28,양평,가족 여행 추천 BEST 10｜아이와 가기 좋은 국내 여행 총정리,https://blog.naver.com/aoutworld/224297576671
23561ac49395d270,2026-05-28,양양,국내 가족 여행 추천｜아이와 함께 가기 좋은 6월 여행 지 정리,https://blog.naver.com/pigdream113/224297588926
23561ac49395d270,2026-05-28,춘천,국내 가족 여행 추천｜아이와 함께 가기 좋은 6월 여행 지 정리,https://blog.naver.com/pigdream113/224297588926
24ddcabda78d2fa5,2026-05-28,파주,좋은 6월 국내 가족 여행 추천｜가성비 1박2일 여행 코스 모음,https://blog.naver.com/pigdream_26/224297592261
24ddcabda78d2fa5,2026-05-28,춘천,좋은 6월 국내 가족 여행 추천｜가성비 1박2일 여행 코스 모음,https://blog.naver.com/pigdream_26/224297592261
24ddcabda78d2fa5,2026-05-28,가평,좋은 6월 국내 가족 여행 추천｜가성비 1박2일 여행 코스 모음,https://blog.naver.com/pigdream_26/224297592261
24ddcabda78d2fa5,2026-05-28,양평,좋은 6월 국내 가족 여행 추천｜가성비 1박2일 여행 코스 모음,https://blog.naver.com/pigdream_26/224297592261
6e7f7dd64ce05e23,2026-05-28,가평,가평 설악IC 근처 한식 맛집 미락가 후기｜아이랑 부모님...,https://blog.naver.com/dolpang79/224298501329
ca759dbbc3eb3a57,2026-05-28,인천,바다가는달 인천바다피크닉 아이와 영종도가볼만한곳 추천,https://blog.naver.com/hyein1229/224298498713
5a28767ea1748de8,2026-05-27,양평,양평 여행 | 내돈내산 핀란드 사우나 바베큐 글램핑 양평 숙소...,https://blog.naver.com/wwon08/224298451593
6132313184114f3c,2026-05-27,파주,"미메시스 아트 뮤지엄, 파주 출판단지 카페 서울 근교여행 ...",https://blog.naver.com/happysaip/224298433250
fa0f6bd6589b7265,2026-05-27,춘천,"춘천 김유정레일바이크 예약 꿀팁, 시간·코스·가격 한눈에",https://blog.naver.com/fortune537/224298424922
d619443b19ac7cdd,2026-05-27,파주,파주 콩치노콩크리트 | 서울 근교 가볼만한 곳 임진강뷰...,https://blog.naver.com/emozmo/224298423930
05d99d99ee0e1b11,2026-05-27,일산,서울 근교 취사 가능한 수영장 일산 통일로 워터파크,https://blog.naver.com/yeonhanamme/224298360105
3222f8b90b9060e0,2026-05-27,양평,"양평 여행 , 한 그릇의 개벽을 먹다",https://blog.naver.com/ehddnsvs/224298352597
2ba8e315a12a2463,2026-05-27,천호,신북 온심재 포천 ｜ 서울 근교 힐링 숙소 신북온천,https://blog.naver.com/strongandy/224298344620
400dcc989f468933,2026-05-27,가평,가평키즈풀빌라 추천 친정부모님이랑 인별둥이랑 반해버린...,https://blog.naver.com/sofla123/224298338541
5d877ecfe1fdd482,2026-05-27,김포,김포 라마다 호텔 아이랑 키즈 스위트룸 후기 조식 키즈존까지,https://blog.naver.com/csa321/224298330620
e5afb3c307064e34,2026-05-27,가평,[청평 여행 ] 캠프게이트 청평... 싶은 서울 근교 힐링 캠핑장...,https://blog.naver.com/molo__/224298312423
3a342bc5ae95c2f8,2026-05-27,부천,부천 장미축제 백만송이장미원 실시간 개화현황 도당공원 주차...,https://blog.naver.com/heizin/224298302119
75ae1fe7c390da54,2026-05-27,김포,[김포 여울지숲속캠핑장] 일본 감성 넘치는 제인오스틴의...,https://blog.naver.com/yjeew43/224298296194
5e97f367b0714df7,2026-05-27,양평,양평 감성숙소 뮤트스톤 독채 펜션 MUTE 후기,https://blog.naver.com/dlyeeun/224298295040
b740b7a2dcba1b57,2026-05-27,가평,5월부터 12월까지 이어지는 장미의 시간 서울근교 장미정원...,https://blog.naver.com/alsb4811/224298289067
61dda9e24d24813a,2026-05-27,가평,가평 빠지 펜션 가격 정보,https://blog.naver.com/mia1894/224298218756
1a256767aee23fb8,2026-05-27,양평,양평 숙소 추천｜5월 말~6월 초 서울 근교 에서 쉬기 좋았던...,https://blog.naver.com/dogking-/224298205377
2703df5588b8a239,2026-05-27,가평,가평 빠지 추천 패키지 가격 아마존 후기,https://blog.naver.com/wansojun/224298180186
5f470f574680acfb,2026-05-27,대전,국내 6월 여행 지 추천: 꽃·바다·숲까지 실패 줄이는 코스 10곳,https://blog.naver.com/flemznls1/224298152430
553b017863826679,2026-05-27,고양,서울 근교 여행 추천 춘천 감성숙소 “인스테이” 솔직후기,https://blog.naver.com/fkathd94/224298147878
553b017863826679,2026-05-27,춘천,서울 근교 여행 추천 춘천 감성숙소 “인스테이” 솔직후기,https://blog.naver.com/fkathd94/224298147878
e8d8e1cabd2c6932,2026-05-27,남양주,서울 근교 가볼만한 곳 산책하기 좋은 남양주 물의정원 꽃양귀비,https://blog.naver.com/mgirl0213/224298145091
62c184c97c958a61,2026-05-27,가평,서울 근교 프라이빗한 감성 독채 펜션 추천 가평 환타지콜라보,https://blog.naver.com/rhdwndi2/224298144192
ecc3d81373727538,2026-05-27,양평,양평 꼭 가봐야할 곳 - 돗가비 불쭈꾸미 본점!!!,https://blog.naver.com/wooes2/224297935759
802d2ae550cc58cf,2026-05-27,가평,꽃으로 물든 가평 여행 2026 Colorful Garden 자라섬 꽃...,https://blog.naver.com/ceo5251/224298137104
dde213c4ffea4ad2,2026-05-27,양평,"[경기양평] 서울근교 양평 바베큐 맛집, 쏭바베큐 양평본점",https://blog.naver.com/whiteyaaa/224298131224
5bd91c704aa9e8e3,2026-05-27,양양,5월 양양 여행 3일차,https://blog.naver.com/abokhado/224298106148
9743c3614a137dea,2026-05-27,춘천,이색 체험 :: 경춘선 김유정역 출발 실레마을 도보 여행 코스,https://blog.naver.com/korea_diary/224298101169
3a7575ce075950f6,2026-05-27,부천,커플 여행 으로 좋은 6월 국내 여행 추천｜장미축제·야경 명소...,https://blog.naver.com/protebe/224297985827
a2052ec7e9d1c8e8,2026-05-27,인천,인천가볼만한곳 선재도글램핑 아이랑갯벌체험 오션뷰...,https://blog.naver.com/country_9977/224298052871
b989241c16c4e4be,2026-05-27,인천,[강화도 나들이] 메타포레스트 애견동반 가능카페 | 강화도...,https://blog.naver.com/yjeew43/224298048581
9c3d9e312b8b5585,2026-05-27,인천,[ 서울 근교 가볼만한 곳] <인천 차이나타운 + 송월동 동화마을...,https://blog.naver.com/kfbwoman/224298032206
bc50c05bb29be3bb,2026-05-27,가평,포쉬 카라반 가평수영장글램핑 아이와 함께 다녀온 가족 힐링...,https://blog.naver.com/youhee4793/224297999175
af889a9b5a2b0ca6,2026-05-27,여수,을왕리 여수 회 조개구이 / 자연도 소금빵 / 회오리감자,https://blog.naver.com/h-7737/224297970388
8eae5f7efe3b00b5,2026-05-27,가평,[가평] 안스테이 후기｜아이와 가기 좋은 감성 한옥 펜션,https://blog.naver.com/sensia_/224297938003
8f3a6ba352b634a3,2026-05-27,가평,"초록빛 여유 한 권, 미니도서관 오픈 | 켄싱턴리조트 가평",https://blog.naver.com/kensington_gapyeong/224297922183
c0060fd7531fb3c5,2026-05-27,가평,서울근교여행 코스로 좋은 돌고래수상레저에서 물놀이와...,https://blog.naver.com/youungho0701/224297918923
707207622b91ae29,2026-05-27,가평,한국여성둘라전문가협회 봄 야유회 가평 당일치기 여행 코스 추천,https://blog.naver.com/jjin---/224297906066
c818ea712231d589,2026-05-27,가평,가평 아기랑 청평호펜션 수상스키 즐길 수 있는 곳,https://blog.naver.com/jtlwkd123/224297872054
9b042f991d44cf35,2026-05-27,남양주,남양주독채펜션 찾다가 감성까지 완벽했던 코지인에서 하루...,https://blog.naver.com/mochi_gysk/224297860799
c62e26d38e92f40e,2026-05-27,양평,6월 서울 근교 가볼만한 곳 추천 후기,https://blog.naver.com/sinnarajunggo/224297832002
ff81de3bdc026a62,2026-05-27,인천,"맨발로 걷는 팔미도 해변 — 도심에서 1시간, 몸과 마음이...",https://blog.naver.com/happyboat01/224297816938
969804f3f7904fce,2026-05-27,양평,서울 근교 양평 용문 5일장 봄나물과 먹거리 정보 완벽 정리,https://blog.naver.com/lrperspective/224297814160
cc2832eb87b23f70,2026-05-27,부천,국내 6월 여행 지 추천: 꽃 절정 시기별로 고르면 실패 없는...,https://blog.naver.com/dreaming0/224297800186
cc2832eb87b23f70,2026-05-27,부산,국내 6월 여행 지 추천: 꽃 절정 시기별로 고르면 실패 없는...,https://blog.naver.com/dreaming0/224297800186
cc2832eb87b23f70,2026-05-27,제주,국내 6월 여행 지 추천: 꽃 절정 시기별로 고르면 실패 없는...,https://blog.naver.com/dreaming0/224297800186
bdbd61bf4c799cc9,2026-05-27,하남,하남 미사경정공원 당일치기 여행 정보와 이용 꿀팁,https://blog.naver.com/completelytk/224297792843
bdbd61bf4c799cc9,2026-05-27,미사,하남 미사경정공원 당일치기 여행 정보와 이용 꿀팁,https://blog.naver.com/completelytk/224297792843
28bfd4a9334816df,2026-05-27,강동,양평 펜션 숙소 추천｜계곡 바로 앞 힐링 숙소 “계곡의아침”...,https://blog.naver.com/swyh1208/224297786433
28bfd4a9334816df,2026-05-27,양평,양평 펜션 숙소 추천｜계곡 바로 앞 힐링 숙소 “계곡의아침”...,https://blog.naver.com/swyh1208/224297786433
03de1fce0666aa83,2026-05-27,인천,[인천] 서울 경기 근교 당일치기 동인천 뚜벅이 여행 코스 추천...,https://blog.naver.com/gkstnals66/224297768132
2cc90a88ce19d27a,2026-05-27,포항,"강화도 외포항 수산시장 나들이, 바다 감성 가득했던 강화도 여행",https://blog.naver.com/among55/224297745695
05d75f59d476e1d8,2026-05-27,가평,가평 가족펜션 찾는다면 무조건 추천하는 가평 독채펜션...,https://blog.naver.com/luripick/224297719540
af13e56a07572c87,2026-05-27,인천,"강화도 아이들과 갈만한곳 강화루지 케이블카 예약, 할인, 주차...",https://blog.naver.com/kazerog/224297699133
c826108d339a88c6,2026-05-27,수원,수원 근교 1박2일 가성비 여행 “여주카라반”,https://blog.naver.com/yavvho/224296000202
8e1553ec33c838ee,2026-05-27,강릉,둘레길산책 안목카페거리 1박2일 강릉 여행 총정리 저장하세요,https://blog.naver.com/orlzinny/224297693786
94e4ba4d58c84cad,2026-05-27,인천,[인천 인스파이어 리조트] 영종도 호캉스 | 푸드코트 피자 존맛...,https://blog.naver.com/yjeew43/224297682825
5a778867c91cb45b,2026-05-27,양평,"양평계곡펜션 아들과 함께한 양평 여행 , 숲속 감성숙소...",https://blog.naver.com/skdisk201/224297673853
a13e92975c32328c,2026-05-27,양평,양평 펜션 계곡·텃밭·청결까지 만족한 힐링 숙소...,https://blog.naver.com/kdh01215/224297652291
25d183986eb15cd5,2026-05-27,양평,서울근교 에서 만나는 료칸? 양평 호텔길조 후기,https://blog.naver.com/travel_toad/224276564371
4ef7ed639ddfa67b,2026-05-27,가평,서울 근교 숲 여행 가평 잣향기푸른숲 주차 코스 안내,https://blog.naver.com/magarini/224297631705
6122e5bd0fcb3b09,2026-05-27,강릉,2026 장마기간 언제부터? 제주·남부·중부 시작일과 준비...,https://blog.naver.com/jyjy9835/224297632087
6122e5bd0fcb3b09,2026-05-27,부산,2026 장마기간 언제부터? 제주·남부·중부 시작일과 준비...,https://blog.naver.com/jyjy9835/224297632087
6122e5bd0fcb3b09,2026-05-27,제주,2026 장마기간 언제부터? 제주·남부·중부 시작일과 준비...,https://blog.naver.com/jyjy9835/224297632087
45372392c96f368c,2026-05-27,파주,파주 필무드 데이지 시즌｜꽃 보러 가기 좋았던 서울근교 ...,https://blog.naver.com/nemoane_story/224297597566
55d1f27388f0de5c,2026-05-27,파주,서울 근교 당일 글램핑 찾는다면? 파주 '옳은휴식하루...,https://blog.naver.com/jay603/224297589870
c9426342c8d767a0,2026-05-27,부천,"국내 6월 여행 지 추천 8곳, 꽃축제부터 제주 가족코스까지 한...",https://blog.naver.com/yhking119/224297580534
c9426342c8d767a0,2026-05-27,제주,"국내 6월 여행 지 추천 8곳, 꽃축제부터 제주 가족코스까지 한...",https://blog.naver.com/yhking119/224297580534
c4bdbe8cc7890f2a,2026-05-27,광명,강원도 춘천 당일치기 여행 소양강댐 스카이워크,https://blog.naver.com/jiwoo242712/224297560229
c4bdbe8cc7890f2a,2026-05-27,춘천,강원도 춘천 당일치기 여행 소양강댐 스카이워크,https://blog.naver.com/jiwoo242712/224297560229
8b535bf65818091b,2026-05-27,파주,파주 헤이리마을 숙소 다온 호텔 내돈내산 후기 추천,https://blog.naver.com/juniatravel/224297376727
f7de7a3cba332aab,2026-05-27,전주,KTX 타고 떠난 전주 당일치기 먹거리 가득했던 한옥마을 여행 ...,https://blog.naver.com/hahalalamin/224297552769
5c7cbef196d76433,2026-05-27,양평,"[양평 여행 ] 양평 짬뽕 맛집 태양관, 두물머리 산책까지...",https://blog.naver.com/lim_on-off/224297367354
62189aefd2df06a6,2026-05-27,인천,펜션] 강화도키즈풀빌라 아이랑 감성 가족 여행 후기 (비와도 OK),https://blog.naver.com/jyurinoh1004/224297530589
05aca56d90f97e88,2026-05-27,춘천,2026 춘천 마임축제 일정 입장료 주차 총정리,https://blog.naver.com/min-bly/224297530401
11fd64e5ea5fa755,2026-05-27,김포,2026 아라마린페스티벌 일정 워터밤 요트체험 김포...,https://blog.naver.com/pandamall1/224297018354
8c69c5ed51f6e405,2026-05-27,인천,[인천 영종도] 하프마라톤 후폭풍? 2시간 35분 웨이팅도 이겨낸...,https://blog.naver.com/whun2397/224297171478
a8774fe6d7dc4782,2026-05-27,춘천,나무 위를 걷는 기분이 이런 거구나ㅣ 서울 목동 신상 용왕산...,https://blog.naver.com/tipssu/224295020240
2bf559cc2249c6c7,2026-05-27,가평,달빛정원 (장성군 삼계면),https://dumbndumber.co.kr/100775927
2cff374b8ff12574,2026-05-27,가평,가평 서울근교 여행 대가족과의 특별한 추억 만들기,https://blog.naver.com/djidsaoja84/224297418435
bd1a31137c2af6d6,2026-05-27,가평,"가평 송세원찐빵 후기, 솔드아웃인데도 기다려서 사온 찰보리찐빵",https://blog.naver.com/hison93/224297409230
b462acaa82757432,2026-05-27,정자,"서울근교 가볼만한곳 !곤지암 ""화담숲"" 당일 나들이 후기...",https://blog.naver.com/haha-hoho_/224297387475
761c02233611df3a,2026-05-27,양평,"이맘때 양평이 가장 아름답습니다 — 세미원 연꽃·수련, 6월...",https://blog.naver.com/feliz251/224297373803
c5c168ed2d358689,2026-05-27,가평,2026 자라섬 꽃 페스타 다녀왔어요! 지금이 가장 예쁠 때,https://blog.naver.com/kyju6507/224297372051
c196339c6e099313,2026-05-27,가평,가족여행/가평 동물원/경기도... 데이트 추천/ 서울근교 여행 지♡,https://blog.naver.com/yunmi8787/224297371931
b093617ea51b47bd,2026-05-26,가평,근처 펜션 추천! 수목원옆숲속산장에서 즐기는 감성 힐링 여행 !,https://blog.naver.com/le77hui/224297324618
9d89d37f188e59bb,2026-05-26,양평,"펜션 추천, 계곡 앞 히노끼탕 숙소 ‘나린숨’ 가족 여행 후기",https://blog.naver.com/yooniji_/224297301610
fbf26415db7ebc6d,2026-05-26,가평,가평 가볼만한곳 추천 2026 자라섬 꽃축제 다녀온 후기,https://blog.naver.com/sitimibi85/224297294108
bb571dd59f4e25d2,2026-05-26,가평,"서울 근교 글램핑 추천, 분위기 미쳤던 가평 트라움 글램핑",https://blog.naver.com/honglog95/224297282242
2e087a66b8fde33e,2026-05-26,인천,무의도 실미도 유원지 후기｜차박 캠핑 분위기 좋았던 곳...,https://blog.naver.com/jin8417/224297279701
c0f1a00d189fbdcd,2026-05-26,춘천,춘천 해피초원목장 여행 코스 꼭 넣어야 한국의 스위스 감성 목장,https://blog.naver.com/pja102602/224297260411
1500f5517db2f922,2026-05-26,가평,가평 비오는날 아기와 가볼만한 곳 ~!! 베고니아새정원.,https://blog.naver.com/lilly127/224297260147
5a076d3d20b6cd43,2026-05-26,가평,2026년 장마기간 언제? 기상청 평년값 + 6월 첫 주말...,https://blog.naver.com/spot_0/224297259488
5a076d3d20b6cd43,2026-05-26,양평,2026년 장마기간 언제? 기상청 평년값 + 6월 첫 주말...,https://blog.naver.com/spot_0/224297259488
688a3ee11ea990e8,2026-05-26,가평,가평 음악놀이터 서울근교 아이랑 실내 가볼만한 곳 예약 주차...,https://blog.naver.com/chae1luda/224297248779
9f07cc16d2ed781b,2026-05-26,춘천,[춘천 여행 ] 춘천 자쿠지 감성 숙소 추천 | 춘천스테이모키,https://blog.naver.com/moonjung923/224297230054
0cfbb18eb7a82e7d,2026-05-26,남양주,남양주독채펜션 감성 가득한 코지인에서 여유로운 하루,https://blog.naver.com/gksmf96724/224296803038
6f036a0cc74212f3,2026-05-26,춘천,춘천 마임축제 레고랜드 일정 티켓 장소 주차 불꽃놀이...,https://blog.naver.com/with_hj2_/224297222769
1cc1dac9b0f9d9d3,2026-05-26,양양,"양양 죽도해변 오션뷰 숙소 추천｜다시 찾은 E7, 아이와...",https://blog.naver.com/yellie225/224297172128
902f58d0d069ab48,2026-05-26,춘천,춘천 가평 1박 2일 여행 코스 추천｜힐링브릿지캠프 카라반...,https://blog.naver.com/jeong_n4/224297164823
902f58d0d069ab48,2026-05-26,가평,춘천 가평 1박 2일 여행 코스 추천｜힐링브릿지캠프 카라반...,https://blog.naver.com/jeong_n4/224297164823
51b193b888201d5b,2026-05-26,인천,"강화도 여행 후기｜풍물시장부터 강화성당, 감성 소품샵...",https://blog.naver.com/vhrwnsu17/224297158788
ad46b7681cdfa217,2026-05-26,인천,영종도 구읍뱃터 먹거리 추천｜쫀득했던 영종 딸기모찌 내돈내산,https://blog.naver.com/tlsqhtjs20/224297124063
ea615cbc4b983441,2026-05-26,강릉,"혼자 가기 좋은 뚜벅이 여행 지 10곳 추천( 서울 ·경기강릉, 부산...",https://blog.naver.com/icshlove/224297092785
ea615cbc4b983441,2026-05-26,가평,"혼자 가기 좋은 뚜벅이 여행 지 10곳 추천( 서울 ·경기강릉, 부산...",https://blog.naver.com/icshlove/224297092785
ea615cbc4b983441,2026-05-26,부산,"혼자 가기 좋은 뚜벅이 여행 지 10곳 추천( 서울 ·경기강릉, 부산...",https://blog.naver.com/icshlove/224297092785
3d02c666bea84054,2026-05-26,파주,파주 여행 지 퍼스트가든 애견동반 입장료 꿀팁,https://blog.naver.com/pani48/224297102511
c3567e43935b4989,2026-05-26,인천,인천 동인천 당일치기 1박2일 여행 코스 추천: 월미도 놀이공원...,https://blog.naver.com/augustbeen11/224297093216
22917c3120c96aaf,2026-05-26,춘천,아이와 함께 하기 좋은 강원도 여행 지 추천 춘천...,https://blog.naver.com/wlswn831125/224297086515
42ba9c79646411c8,2026-05-26,가평,가평 숙소 추천 BEST3｜실제로 위치 편하고 여름에 쉬기...,https://blog.naver.com/dogking-/224297082105
3b25d7361e78e050,2026-05-26,파주,"벽초지수목원 5월 나들이 후기, 봄꽃과 자연 풍경 한눈에 보기...",https://blog.naver.com/mykim_84/224297038499
01be73c63bc577d8,2026-05-26,춘천,[아이랑 춘천]당일치기 토이로봇관 우미닭갈비 감자밭까지...,https://blog.naver.com/dmsgml2272/224297030711
5def0bc8de4c386d,2026-05-26,김포,김포 여울지숲속캠핑장 후기 서울 근교 감성 글램핑 추천,https://blog.naver.com/koreafoodmap/224296984726
c46f377d6c4dc686,2026-05-26,가평,경기 가평 서울근교여행 달빛정원글램핑앤카라반,https://blog.naver.com/charmingtry/224296974581
5299faa9cd6a51d8,2026-05-26,춘천,책 좋아하는 사람이라면 꼭 가봐야 할 춘천 감성 여행 코스 추천...,https://blog.naver.com/astrobin30/224296959993
59adb81e2aaeb02d,2026-05-26,가평,국내 여행 지 추천 경기도 가볼만한곳 가평군 2026 자라섬 꽃...,https://blog.naver.com/jinispace_/224296924161
fb4392cedf891a91,2026-05-26,안양,[경기도 여행 ] 연휴에 서울근교 삼막사와 안양유원지,https://blog.naver.com/dongwanmaker/224296922625
9b7e58ef6479bf7a,2026-05-26,광주,[이천] 쌀밥 생선구이 맛집 호운 내돈내산 강추 후기 (+광주요...,https://blog.naver.com/dyang__/224296907039
2e6875daaa4d9f8c,2026-05-26,남양주,추천 CosyInn(축령산코지인) 서울근교 힐링 여행 후기,https://blog.naver.com/hse729/224296899678
9f872841add8406d,2026-05-26,가평,가평 여행 추천 남이섬에서 힐링 산책 러닝하기,https://blog.naver.com/lily31711/224296899115
0d0c41d46330ee9c,2026-05-26,과천,서울 근교 장미 명소! 서울 대공원 장미축제 단 9일의 동화,https://blog.naver.com/rjh7221/224296871303
cd9e2c0ec5aebf2d,2026-05-26,양평,양평 숙소 추천 별페움펜션 301호 깔끔한 펜션 바베큐후기,https://blog.naver.com/zhzh3119/224296857505
72bc6b1b3c93c33b,2026-05-26,남양주,남양주 오남 팔현리 카페 추천 :) 아기랑 가기 좋은 계곡 앞...,https://blog.naver.com/olqmsdl296/224296856259
8503476949c1fdcb,2026-05-26,파주,파주 _ 율곡수목원 전망대,https://blog.naver.com/jeaneegina/224296836869
f4e5cb7c8a882ac8,2026-05-26,춘천,"김유정 레일바이크 , 아이와 함께 하기 좋은 춘천 당일치기 여행",https://blog.naver.com/wlswn831125/224296831809
811b8f6b68557c4f,2026-05-26,춘천,[춘천] 1박2일 여행 :: 춘천 실비막국수 | 해피초원목장...,https://blog.naver.com/myominey/224296824606
a751fea842f31574,2026-05-26,춘천,"하루만에 즐기는 춘천 뚜벅이 여행 코스 :: 실레책방, 이끼정원...",https://blog.naver.com/okmaja2/224296800043
051801331316cc12,2026-05-26,파주,서울근교 파주 드라이브코스 추천 힐링 산책명소 마장호수...,https://blog.naver.com/leein09/224296782065
03d5741fde0b27a9,2026-05-26,가평,"서울 근교 주말 여행 , 글램365카라반글램핑에서 즐긴 바베큐...",https://blog.naver.com/dione2013/224296772803
783cf55105031214,2026-05-26,가평,서울 근교 운무 맛집 가평 오스트리아캠핑장 명당 사이트 정보,https://blog.naver.com/magarini/224296764797
f6cff59bbc802c46,2026-05-26,가평,가평 여름 가볼만한곳 추천｜30대가 주말에 제대로 놀기...,https://blog.naver.com/dogking-/224296278126
7ac97b691d4aea0f,2026-05-26,인천,인천 조양방직 강화도 카페 가볼만한곳 주차,https://blog.naver.com/ekfgown/224296724164
c62a5fc0f115c0de,2026-05-26,양평,[양평] 자전거 펜션 대가족방 소가족방 숙박 후기,https://blog.naver.com/saru41/224296709753
24957a11c187d979,2026-05-26,인천,인천월미도 바다 여행 월미도바다 산책 차박 드라이브...,https://blog.naver.com/withshop987/224296706121
bb7192b9d8b3cf36,2026-05-26,가평,평상 강매·바가지 없는 깨끗한 휴식: 100% 합법화된 전국...,https://blog.naver.com/information-store/224296691861
40e9b976c3d80746,2026-05-26,파주,서울 근교 라벤더 명소·축제 추천,https://blog.naver.com/trendtravel/224296638515
40e9b976c3d80746,2026-05-26,가평,서울 근교 라벤더 명소·축제 추천,https://blog.naver.com/trendtravel/224296638515
5a432b875a539995,2026-05-26,가평,북한강 물놀이와 숯불 바베큐까지 함께하는 즐거운 가평데이트...,https://blog.naver.com/ddu_ddu0917/224296633270
da4871b20de5de78,2026-05-26,가평,"가평 레일바이크 후기, 온라인 예약 방법 및 소요시간 총정리!",https://blog.naver.com/onlyone3939/224296631733
f975c9c76a3dcb0d,2026-05-26,광주,율봄식물원 서울 근교 수국명소 추천 6월 당일치기 여행 ...,https://blog.naver.com/ysr4787/224296612543
09f78073e11eb88f,2026-05-26,성수,선재도 키즈풀빌라 6월 여행 선재유일390에 와야하는 이유,https://blog.naver.com/seonjae390/224296604758
bd4cb955703d5384,2026-05-26,부천,경기도 당일치기 여행 장미축제 보러 다녀온 부천백만송이장미원,https://blog.naver.com/olmyt/224296595261
db228750a02329a5,2026-05-26,일산,일산 메가쇼 킨텍스 팔도밥상페어 솔직 후기/주말 낮 인파 음식...,https://blog.naver.com/s_ouch/224296582403
4b0a37ba7f5f85fe,2026-05-26,춘천,[국내/춘천] 춘천 글램핑 추천 숲 속에 머물다 후기 | 계곡...,https://blog.naver.com/daaassom/224276391885
fdc8717b2fa90a2e,2026-05-26,양양,양양 3박4일 가족 여행 ) 낙산바닷가콘도텔 + 낙산해수욕장...,https://blog.naver.com/heepiki/224296530458
7b537f45fd82780f,2026-05-26,가평,[내돈내산][가평] 서울 근교 가성비 펜션 찾는다면? 바로...,https://blog.naver.com/gmlals9628/224296513444
93699dbac9ed021e,2026-05-26,명동,"실내 여행 지 BEST 10｜아이와, 데이트, 서울근교 까지 총정리",https://blog.naver.com/smile11410/224296489834
93699dbac9ed021e,2026-05-26,부천,"실내 여행 지 BEST 10｜아이와, 데이트, 서울근교 까지 총정리",https://blog.naver.com/smile11410/224296489834
93699dbac9ed021e,2026-05-26,광명,"실내 여행 지 BEST 10｜아이와, 데이트, 서울근교 까지 총정리",https://blog.naver.com/smile11410/224296489834
20e26262b2f34d8d,2026-05-26,춘천,가평 아침고요수목원 맛집 추천 밤나무집춘천닭갈비,https://blog.naver.com/cabotin_8494/224296484004
20e26262b2f34d8d,2026-05-26,가평,가평 아침고요수목원 맛집 추천 밤나무집춘천닭갈비,https://blog.naver.com/cabotin_8494/224296484004
b3178b5a2b81e27d,2026-05-26,인천,인천 뚜벅이 데이트 코스｜월미도에서 배 타고 구읍뱃터까지,https://blog.naver.com/vhrwnsu17/224296479417
03d225881a692420,2026-05-26,인천,"무의도 하나개해수욕장 갯벌체험 후기, 서울근교 당일치기...",https://blog.naver.com/moran_ho/224296472432
7c250cce006ea327,2026-05-26,과천,[2026 서울 장미축제] 서울 대공원 장미원축제 완벽 가이드...,https://blog.naver.com/starjkim9697/224296469575
71888b2302cbe3b9,2026-05-26,파주,파주 수영장펜션 가족독채펜션 숙소 추천 중휴림,https://blog.naver.com/charming_bbb/224296458647
91d5681365a6a205,2026-05-26,수원,"성인 7,000원에 이런 곳이? 포천 한탄강 가든 페스타 | 2026...",https://blog.naver.com/shopping-64/224296419488
dc992077f22ac07f,2026-05-26,인천,강화 여행 코스 추천 용당돈대 요가 메이드인강화 오소소...,https://blog.naver.com/tlsqhtjs20/224296415377
68b76837f7248b91,2026-05-26,남양주,남양주펜션 남양주독채펜션 찾는다면 CosyInn(코지인) 감성...,https://blog.naver.com/haonmom_/224292826138
2bd41b3cf8bf1ac7,2026-05-26,인천,영종도 아기랑 당일치기 코스 삼목선착장 배타고 신시모도...,https://blog.naver.com/knm_88/224296398691
25b44a863d030bb7,2026-05-26,김포,김포 1박2일 여행 | 마리나베이 호텔 루프탑 수영장 & 불꽃축제...,https://blog.naver.com/yozumeunjoo/224296351351
568f1729d53f08ba,2026-05-26,가평,가평 애견동반 펜션 추천 사우나+계곡+깔끔함까지 완벽했던...,https://blog.naver.com/carrotandvictoria/224296335399
1675da06316008b0,2026-05-26,가평,글램핑 다녀온 후기 봄 감성 가득했던 가평글램핑 우정 여행,https://blog.naver.com/youhee4723/224296306190
411dbe5bcb8d7c8d,2026-05-26,분당,경기도 분당 가볼만한곳 대광사 동양 최대 미륵대불 사찰 후기,https://blog.naver.com/skdus1503/224296292317
fcd60f52815e295e,2026-05-26,춘천,"26.05가평/춘천[남이섬]애견동반,남이섬 배 시간표,가격",https://blog.naver.com/sea_20/224295891512
fcd60f52815e295e,2026-05-26,가평,"26.05가평/춘천[남이섬]애견동반,남이섬 배 시간표,가격",https://blog.naver.com/sea_20/224295891512
abcd97f29ef2d00f,2026-05-25,남산,남이섬 입장권 할인 특가 놀거리 주차 동선꿀팁,https://blog.naver.com/florium_vault/224296274796
abcd97f29ef2d00f,2026-05-25,춘천,남이섬 입장권 할인 특가 놀거리 주차 동선꿀팁,https://blog.naver.com/florium_vault/224296274796
d29c8cc2f2d5a998,2026-05-25,김포,[ 서울 근교 여행 ] 서울 근교로 여행다녀오기 좋은 코스 소개...,https://blog.naver.com/paby-style/224296256044
78395c2992f68d9f,2026-05-25,남양주,서울 근교 당일치기 여행 가평 춘천 남이섬 놀거리 볼거리 추천,https://blog.naver.com/ohk7348/224296254425
78395c2992f68d9f,2026-05-25,춘천,서울 근교 당일치기 여행 가평 춘천 남이섬 놀거리 볼거리 추천,https://blog.naver.com/ohk7348/224296254425
78395c2992f68d9f,2026-05-25,가평,서울 근교 당일치기 여행 가평 춘천 남이섬 놀거리 볼거리 추천,https://blog.naver.com/ohk7348/224296254425
cb880b7b4babdff5,2026-05-25,가평,남이섬펜션 [빈체로 풀빌라] 겨울에도 미온수 되는 곳 찾는다면,https://blog.naver.com/wntjdus12/224296221879
bc3016d9b2d358a6,2026-05-25,남양주,[경기 남양주] 서울근교 캠핑 감성 바베큐장 카페데님우드 솔직...,https://blog.naver.com/odds_daily/224296200833
62674ac596eb566b,2026-05-25,춘천,춘천 김유정역 근처 분위기 좋은 오심오 브런치 카페,https://blog.naver.com/lysun_424/224296150020
314c9b6b6576a387,2026-05-25,가평,5월 가평 당일치기 아이와 여행,https://blog.naver.com/83_miri/224296134781
785f11fd378862a6,2026-05-25,남양주,경기도 남양주 관광 여행 관광지 여행 지 지도 스마트폰 다운로드,https://blog.naver.com/pepes119/224296115584
89898ceca6c007bf,2026-05-25,가평,클럽워터 직영펜션 | 제휴펜션,https://blog.naver.com/clubwate/224296113272
fc99c94deecc30fc,2026-05-25,인천,"인천 지하철 타고 떠나는 바다 감성 여행 , 월미도 여행 제대로...",https://blog.naver.com/richplacefestival/224296083070
80dc802b9fe25170,2026-05-25,인천,아이와 인천 여행 3시간 코스 | 송도 국립세계문자박물관...,https://blog.naver.com/bepresentdaily/224296080741
80dc802b9fe25170,2026-05-25,송도,아이와 인천 여행 3시간 코스 | 송도 국립세계문자박물관...,https://blog.naver.com/bepresentdaily/224296080741
743fc7d2cf3da6a3,2026-05-25,수원,국내 여행 6월 수원 가볼만한곳 명소 TOP3 추천,https://blog.naver.com/travel-issue/224296063673
dbdea9970faf0ad5,2026-05-25,파주,파주 깨끗한 숙소 추천 에로스 모텔 내돈내산 후기,https://blog.naver.com/whgdkfk_/224296036709
c4480ae4376562c8,2026-05-25,남양주,"[남양주] 남양주 가볼만한 곳, 산책하기 좋은곳, 물의정원...",https://blog.naver.com/sun5click/224295701985
9d425da2d08cf3e4,2026-05-25,양평,두물머리까지｜연휴에 다녀온 양평 당일치기 여행 코스 후기,https://blog.naver.com/besttutor/224296026001
7e7f54a828d25b4a,2026-05-25,양평,"양평맛집! 양평 청기와 곤드레돌솥밥, 건강한 밥상! 내돈내산...",https://blog.naver.com/lovely_woman_/224295999160
d3c9552fb5cb0ed4,2026-05-25,가평,가평 제휴펜션 | CLUB WATER,https://blog.naver.com/clubwate/224295995014
f22abb03501e6bca,2026-05-25,가평,가평 직영펜션 | CLUB WATER,https://blog.naver.com/clubwate/224295985764
a3a2e13422a436e8,2026-05-25,가평,♂️ 수상스키 & 웨이크보드 초보패키지 | CLUB WATER,https://blog.naver.com/clubwate/224295979139
4477eba27fdec9a8,2026-05-25,가평,가평 서바이벌 게임 | CLUB WATER,https://blog.naver.com/clubwate/224295972422
eb350baabf1df06b,2026-05-25,파주,서울 근교 촌캉스 여행 파주 감성 숙소 '마정리 머뭄',https://blog.naver.com/j_yeon25/224295958598
08e0b266815356b2,2026-05-25,가평,가평빠지 숙박패키지 | CLUB WATER,https://blog.naver.com/clubwate/224295943738
08fa0fca6e80ba83,2026-05-25,남양주,북한강 감성 가득한 폐역 여행 지 능내역 폐역,https://blog.naver.com/rush98y/224295941445
79b4af07c698dfbd,2026-05-25,광명,"춘천 명소::삼악산 호수케이블카 할인, 반려견, 케이블카...",https://blog.naver.com/gschoi0826/224295941677
79b4af07c698dfbd,2026-05-25,춘천,"춘천 명소::삼악산 호수케이블카 할인, 반려견, 케이블카...",https://blog.naver.com/gschoi0826/224295941677
6524e4d29f20f685,2026-05-25,가평,가평빠지 당일패키지 추천 | CLUB WATER,https://blog.naver.com/clubwate/224295934164
36e6c2fec1d0ced4,2026-05-25,광주,[경기도 퇴촌]계곡에서 먹는 백숙=극락“앵자산장”,https://blog.naver.com/flry0105/224295921651
18e307e0010c14f2,2026-05-25,시청,서울 근교 에 이런 곳이 있었다니 ? 호수 따라 펼쳐진 장미꽃...,https://blog.naver.com/88_6k9/224295911296
18e307e0010c14f2,2026-05-25,김포,서울 근교 에 이런 곳이 있었다니 ? 호수 따라 펼쳐진 장미꽃...,https://blog.naver.com/88_6k9/224295911296
bf0ea8663860b141,2026-05-25,수원,수원 스타필드 추천 | 런던베이글 뮤지엄 후기 | 빵 맛집...,https://blog.naver.com/ararop/224295893357
559ac0b7d771418e,2026-05-25,강릉,"웨이팅부터 빵 추천, 주차 꿀팁까지 강릉 여행 코스 추천",https://blog.naver.com/iamstar23/224295878900
bf9d41ccc801c335,2026-05-25,인천,"서울근교 산책 명소, 무의도 하나개해수욕장 / 해상관광탐방로...",https://blog.naver.com/jolie_coeur/224295872427
087ed0b0d9851d08,2026-05-25,가평,"[가평 대성리역 닭갈비 맛집] ""대성리 대가집"" 애견동반 가능한...",https://blog.naver.com/dmsgmleogns/224295868011
1d84a45dbcc6ecd1,2026-05-25,양평,시부모님 모시고 다녀오기 좋았던 양평독채펜션 [므흐뽀제],https://blog.naver.com/y1poll/224295842700
70c43bff94819669,2026-05-25,광주,"6월 국내 여행 지 추천 BEST 12｜수국 명소부터 바다, 숲길...",https://blog.naver.com/smile11410/224295787321
8071e82d340c1eaf,2026-05-25,인천,"을왕리 펜션 ‘썰트’ 숙소 내돈내산후기, 서울근교 바닷가...",https://blog.naver.com/lemonadehito/224295769482
eb74eebfe14c4055,2026-05-25,양평,[양평] 소노벨 양평 스위트 스탠다드 객실 & 불멍잇조이 야외...,https://blog.naver.com/hiyong0626/224295764082
318edbf0042ff1f2,2026-05-25,강릉,"강릉 당일치기 여행 코스｜오봉이 해물칼국수, 안목해변...",https://blog.naver.com/mingry96/224295748670
4f321a3c7e5efb00,2026-05-25,파주,파주 DMZ 곤돌라 후기｜임진각 평화누리공원 + 캠프그리브스...,https://blog.naver.com/keon_bok/224295734601
fcc813357eeca771,2026-05-25,파주,파주 데이지카페 필무드 오픈런 후기 인생샷건지는포토존...,https://blog.naver.com/didtndus99/224295700606
84984a3bd0b18b8d,2026-05-25,대전,“ 서울 보다 덜 알려져 더 예쁜 대전 대청호 장미축제”,https://blog.naver.com/3050035/224295646828
10ccf6b735985b8c,2026-05-25,인천,"[인천/영종] 인스파이어 아레나 푸드코트, 고메 빌리지 후기",https://blog.naver.com/wminnie/224295636768
aa2ebcb2d729c9e6,2026-05-25,인천,감성 을왕리펜션 '온화스테이' 깔끔하고 가성비 좋은...,https://blog.naver.com/grim0303/224295624916
362aec3f00aced78,2026-05-25,남양주,서울 근교 남양주 근처 펜션 추천 '양평 별헤움': 천문대 옆...,https://blog.naver.com/nomadyangbro/224295206277
362aec3f00aced78,2026-05-25,양평,서울 근교 남양주 근처 펜션 추천 '양평 별헤움': 천문대 옆...,https://blog.naver.com/nomadyangbro/224295206277
602530fbb4ae90f5,2026-05-25,인천,인천 강화도 숨은 명소 Best 5 - 케이드라이브 기사님들이...,https://blog.naver.com/kd_1577/224293625915
200c153b6697f797,2026-05-25,가평,[가족 여행 시리즈] 양평·가평 당일치기 완벽 가이드 | 용문산...,https://blog.naver.com/smo0313/224295408661
200c153b6697f797,2026-05-25,양평,[가족 여행 시리즈] 양평·가평 당일치기 완벽 가이드 | 용문산...,https://blog.naver.com/smo0313/224295408661
192b34db3f6018fb,2026-05-25,파주,파주풀빌라/남편 생일 기념으로 특별하게 보내주고 싶어서 깜짝...,https://blog.naver.com/lovedive466/224295072192
73d829ff5c799e94,2026-05-25,남양주,5월 25일 부처님오신날 여행 추천 남양주 봉선사 주차 연꽃...,https://blog.naver.com/kdspmj12/224295342961
d919919da7a104ac,2026-05-25,파주,"〔파주 하루 여행 〕 헤이리 예술마을 , 도토리정원 한식 코스...",https://blog.naver.com/7020minkim/224295365081
732171c2acb6d870,2026-05-25,과천,서울 장미축제 추천 서울 대공원 장미원 축제 일정 포토존...,https://blog.naver.com/pandamall1/224295363379
474ecdde5567ad63,2026-05-25,남양주,"보석 같은 절 | 남양주 금선사 도보 여행 (북한강 뷰, 사진맛집)",https://blog.naver.com/noxdemo/224295495610
5a54f185cd52c440,2026-05-25,가평,가평 서울근교 여행 대가족이 함께한 독채 풀빌라...,https://blog.naver.com/chief14811/224295495293
fab42f0193c52a1b,2026-05-25,인천,영종도 물회 맛집? 내돈내산 선녀풍2호점 솔직 리뷰,https://blog.naver.com/1619g/224295472768
07ec67fa3d415846,2026-05-25,양평,서울 근교 1박 2일 양평 용문 5일장 여행 코스 완벽 가이드,https://blog.naver.com/idnlist/224295466956
f8bba1cece690a17,2026-05-25,인천,따라 이어지는 요새:광성보ㅣ사진 잘 나오는 강화도 여행 지 추천,https://blog.naver.com/eatismylife_/224295464101
e1f314a177970c8e,2026-05-25,인천,영종도 예단포둘레길 — 바다 바로 옆을 걷는 여유,https://blog.naver.com/pixpaper/224295463442
48e704afa9b7f799,2026-05-25,양평,양평 양떼목장 / 양평 아기랑 가볼만 한 곳 / 서울근교여행,https://blog.naver.com/noif_design/224295437783
b87270f97813867e,2026-05-31,대구,대구 드라이브 갈 만한곳 여행코스 대구 시티투어 버스,https://blog.naver.com/kkyycc27/224301960085
2eb9ce62528271f5,2026-05-31,부산,"""부산맛집"" ""사상엉클 ""부산사상역"" ""사상술집""",https://blog.naver.com/uncle_chinese_1/224301960571
db1e82683470e6ed,2026-05-31,제주,"테디베어하우스 테지움에서의 제주 가족여행, 특별한 추억...",https://blog.naver.com/nightmin79/224301957420
d0255c242ef420b4,2026-05-31,부천,"[부천 가볼만한 곳 ] 부천 백만송이 장미축제, 주차 팁부터 야경...",https://blog.naver.com/ruby33333/224301956053
d0255c242ef420b4,2026-05-31,제주,"[부천 가볼만한 곳 ] 부천 백만송이 장미축제, 주차 팁부터 야경...",https://blog.naver.com/ruby33333/224301956053
34e81f5d5cc0a531,2026-05-31,잠실,"[건강가정식] 코티지 (서울시 송파구, 잠실역)",https://blog.naver.com/obmgp4345/224301955821
34e81f5d5cc0a531,2026-05-31,송파,"[건강가정식] 코티지 (서울시 송파구, 잠실역)",https://blog.naver.com/obmgp4345/224301955821
326d0beaad02921f,2026-05-31,강릉,"[강릉 가볼만한 곳 ] 운치있게 혼술, 데이트 하고싶다면! 강릉골방!!",https://blog.naver.com/tebemazae/224301956418
c3643019f28e9210,2026-05-31,대전,"세종시 아이와 가볼만한 곳 , 초등 3학년 아들이 만족한...",https://blog.naver.com/defencekoreaman/224301955500
f5919e4da13adf54,2026-05-31,양양,양양 숙소 추천 쏘타스위트 양양 그랑베이 프리미어 패밀리룸...,https://blog.naver.com/kokodalkis/224301954133
e4119ab1da60d962,2026-05-31,부산,"[완도에서 제주도 배편] 완도항 여객터미널 시간표, 요금, 차량...",https://blog.naver.com/lmgoo11/224301954467
e4119ab1da60d962,2026-05-31,제주,"[완도에서 제주도 배편] 완도항 여객터미널 시간표, 요금, 차량...",https://blog.naver.com/lmgoo11/224301954467
e5574013aef230e9,2026-05-31,부산,[부산오타쿠투어] 서면굿즈샵 오지는 오타쿠 (내돈내산...,https://blog.naver.com/pomding/224301953836
659e55712e3d9573,2026-05-31,인천,친구들과 함께한 낭만 가득 인천 시티투어 & 인스파이어 몰...,https://blog.naver.com/ckj600405/224301953374
491d994b1dde782c,2026-05-31,파주,파주 스타필드 다이소 다녀왔어요｜넓고 깔끔한 대형 다이소...,https://blog.naver.com/ktjhsr/224301951495
4b1afc35078a9405,2026-05-31,광주,김대중컨벤션센터 A-C홀 콘서트 시야 1층 라구역,https://blog.naver.com/gogomiya_/224301950991
423a7d125e923270,2026-05-31,명동,"광주 옛 전남도청 전시 후기, 2026년 복원 개관, 5·18...",https://blog.naver.com/namroutine/224301950047
423a7d125e923270,2026-05-31,광주,"광주 옛 전남도청 전시 후기, 2026년 복원 개관, 5·18...",https://blog.naver.com/namroutine/224301950047
2d458921326c60e7,2026-05-31,제주,제주복어 드시고 싶으시면 무조건 여기! '어부복지리...,https://blog.naver.com/kimjhkrkr/224301948908
4b0eb8f798bdb368,2026-05-31,성수,성수동 실버주얼리 킹크로치 X 데우스 콜라보 신제품 보고왔어요,https://blog.naver.com/iakim7214/224301948228
e79d01ddd478fd38,2026-05-31,속초,속초 락볼링장 조양락볼링센터 실내 가볼만한곳,https://blog.naver.com/wngus4895/224301947029
9407ce79450bf8d7,2026-05-31,인천,인천 어린이 체험 추천 마노유튜브키즈랩,https://blog.naver.com/xxchocoxx/224301947531
603480fa1b105700,2026-05-31,송도,부산 가볼만한곳 송도해수욕장 구름 산책로 야경,https://blog.naver.com/jsnam007/224301947166
603480fa1b105700,2026-05-31,부산,부산 가볼만한곳 송도해수욕장 구름 산책로 야경,https://blog.naver.com/jsnam007/224301947166
5cb4fdabb5c75820,2026-05-31,여수,여수글램핑 비토애 럭셔리 글램핑 여수점 바다를 품은 완벽한...,https://blog.naver.com/jackpark86/224301946529
2d1396b7b6932ce6,2026-05-31,서초,서초동 가볼만한곳 몽마르뜨 공원 & 서리플 공원,https://blog.naver.com/hotterman1/224301945199
aa62a6bf24967561,2026-05-31,구리,"숨 쉴 때 왼쪽 옆구리 통증, 40대 워킹맘도 놓친 충격 원인 3가지!",https://blog.naver.com/keijin52/224301862849
f799fe7a796c0ba0,2026-05-31,파주,"봉일천 라이딩 시즌 ON! 40km 다음날, 캠프하우즈 16% 업힐...",https://blog.naver.com/laita2/224301944677
25fd1c418b15530c,2026-05-31,제주,6월 제주도 여행 제주도 아이와 가볼만한곳,https://blog.naver.com/fabrunch/224301944556
56af44aa63501e3d,2026-05-31,부산,"페기 구 콘서트까지, 리브 골프 부산 2026 즐기는 법 총정리",https://blog.naver.com/woogoon_/224301944890
fe7b09b00cdc62e6,2026-05-31,망원,서울 피크닉 추천! 망원한강공원 피크닉리스트 망원 이용 후기,https://blog.naver.com/pr8333/224301944162
851532f616be623e,2026-05-31,성수,성수동 핫플 팝업 데우스 x 킹크로치 반지 목걸이,https://blog.naver.com/303diary/224301944075
bb6679d6680188c1,2026-05-31,여수,"여수글램핑, 바다 보며 쉬기 좋은 '비토애 럭셔리 글램핑 여수점'",https://blog.naver.com/lovely_sw_/224301943237
5217e16db5940bea,2026-05-31,제주,제주 동쪽 가볼만한곳 ATV 승마 체험 뷰제주하늘,https://blog.naver.com/jinidag/224301941778
c3fe64331f6eee6a,2026-05-31,여수,여수카페 라이프워크메가스토어 여수점,https://blog.naver.com/chanseul__/224301942247
445375e3f53a6746,2026-05-31,광주,"[전남 무안] 노란 문이 반겨주는 감성 공간, 앨리스 커피...",https://blog.naver.com/bbne2790/224301940363
83c3ffb88521acab,2026-05-31,부산,[부산 키즈카페] 히어로플레이파크 대형 실내놀이터 주말 방문...,https://blog.naver.com/frind0220/224301939142
d77fdd6d10119a29,2026-05-31,고양,부타캣 NC경산점 방문 후기 / 경산 가볼만한 곳 대구 이색 카페,https://blog.naver.com/yuyu5977/224301938455
d77fdd6d10119a29,2026-05-31,대구,부타캣 NC경산점 방문 후기 / 경산 가볼만한 곳 대구 이색 카페,https://blog.naver.com/yuyu5977/224301938455
49f3665b394fa401,2026-05-31,제주,"제주 가족여행, 테디베어하우스 테지움에서 동심으로 돌아가다",https://blog.naver.com/khsvum/224301938049
27a3f0f20552cf63,2026-05-31,부산,부산 망미동 고기집 '마장동황제축산 망미직영점' 생갈비살...,https://blog.naver.com/ghwnsshfwk/224301936732
af971be60964a06d,2026-05-31,부산,"부산 출발 3박 4일 삿포로 에어텔 후기, 65만원대 가성비...",https://blog.naver.com/ovonews/224301890548
c005dd686aff3069,2026-05-31,대전,대전 중동 [꿈돌이 하우스] ”누가 노잼 도시래?“ 놀거리...,https://blog.naver.com/mingggg_g/224301937245
b2b0a02362ebbebc,2026-05-31,한남동,"한남동 가볼만한 곳 ; 루비스, 르메르, 마르지엘라카페, 타크...",https://blog.naver.com/gkswhddl/224301936933
65ed8724dfa4e932,2026-05-31,송파,"송파 웨딩박람회, 기초를 쌓아가는",https://blog.naver.com/lvbrp94461_mt/224301773452
5dadae7f5aa311a3,2026-05-31,제주,[제주 동쪽 가볼만한곳 ] 비밀의숲 후기｜민트색 캠핑카...,https://blog.naver.com/rlaalsek1/224301936448
69af6eafa8658c62,2026-05-31,성수,"서울 성수향수공방 닷노트, 원데이 클래스 공방 데이트 코스...",https://blog.naver.com/100sijin/224301935070
236bab15f6e4caca,2026-05-31,대전,금산 숙소 스테이로이 대전 근교 여행 가족펜션으로 제격,https://blog.naver.com/lasmujeres/224301934702
d264d7f169292050,2026-05-31,부산,동아전람 제10회 부산 건축박람회 관람포인트 총정리!인테리어...,https://blog.naver.com/anrmusic/224301934657
34dabc647d2a8507,2026-05-31,경주,"경주키즈펜션 ㅣ 아이와 가볼만한 곳 , 모리 키즈풀빌라 1박 후기",https://blog.naver.com/qkrgusdk0131/224301934717
4c74bb10a8e4c479,2026-05-31,인천,인천 가볼만한곳 2026년 추천 7선 확인하기,https://dwqn.tistory.com/375
3dd744367f89af23,2026-05-31,부산,[5월 전시] ART BUSAN에 대하여,https://blog.naver.com/fridaessie/224301933548
0f772365d75bc267,2026-05-31,대전,[대전 가볼만한 곳 ] 숲바람 장미원,https://blog.naver.com/muk_gh/224301933660
2650f1a34f7f1453,2026-05-31,성수,[성수 나들이] 포켓몬 30주년 올리브영 / 메타몽놀이터...,https://blog.naver.com/mse1215/224301933013
2341824e8bc974ac,2026-05-31,인천,인천 차이나타운 | 짜장면 박물관 관람 후기,https://blog.naver.com/cyc36389/224301932804
fe64e75520ce3baf,2026-05-31,대전,주말 일기] 대전 가볼 만한 곳 성심당 한밭수목원 신세계 백화점...,https://blog.naver.com/kso8888/224301932157
4f563c2e606bbc04,2026-05-31,대학로,북극곰 가족극 페스티벌 후기 샌드아트부터 가면극까지,https://blog.naver.com/junibini_mom/224301931777
d839f93571b40279,2026-05-31,종로,"부산 서면 BIFC2몰 실내데이트, 종로문고",https://blog.naver.com/sumin2840/224301932411
d839f93571b40279,2026-05-31,부산,"부산 서면 BIFC2몰 실내데이트, 종로문고",https://blog.naver.com/sumin2840/224301932411
d7d4f47146bc1b85,2026-05-31,강릉,강릉 가볼만한곳 강릉카페°지베이스°,https://blog.naver.com/nurseassistant-story/224301931364
6a18a81879a9063e,2026-05-31,경주,"[경주루지월드] 경주 갈 만한 곳 , 특별한 루지 체험으로 짜릿한...",https://blog.naver.com/bu135rq5vaz/224301930133
9042f268786232dd,2026-05-31,여수,"[여수/순천] 순천 가볼만한곳 ! 부모님, 아이와 걷기 좋은 송광사...",https://blog.naver.com/funnyzooo/224301929524
829fbb11b7f62fcb,2026-05-31,대전,유일베이킹 대전 이마트 컬처클럽 둔산점 유아 클래스...,https://blog.naver.com/uilbaking/224301929000
ec71830e786a9104,2026-05-31,대구,"대구 과학마술콘서트, 아이와 특별한 주말을 보내고 싶다면",https://blog.naver.com/denny1020/224301922788
500e7d7921e2c15b,2026-05-31,가평,"가평 보트 데이트코스, 더강카페에서 즐기는 특별한 더강 라떼...",https://blog.naver.com/lovebookn/224301928692
0d7b56a49ac11954,2026-05-31,제주,제주 별방진 유채꽃 | 3월 말 방문한 동쪽 가볼만한곳 인스스...,https://blog.naver.com/sunlama/224301927941
18e9ffdf6cd381fe,2026-05-31,한남동,옥수동 한남동 맛집 활어정류장! 제주 미영이네 고등어회를...,https://blog.naver.com/woailuxu/224301927729
18e9ffdf6cd381fe,2026-05-31,제주,옥수동 한남동 맛집 활어정류장! 제주 미영이네 고등어회를...,https://blog.naver.com/woailuxu/224301927729
4a7bc2d4713353a9,2026-05-31,제주,[테디베어하우스 테지움] 제주도 아이랑 가기 좋은 실내 테마파크,https://blog.naver.com/happychef77/224301928167
4875a3aa31ec58a5,2026-05-31,경주,경주월드 캘리포니아비치 7월 개장일과 놀이공원 오후권 증정...,https://blog.naver.com/nstartkkh/224301927671
00ca804ab45574c7,2026-05-31,경주,경주한복대여 동경의상실 경주신라한복 특별한 추억남기기,https://blog.naver.com/74296629/224301927401
5296dfcf958e1fe9,2026-05-31,인천,인천 가볼만한 장미명소 계양산 장미원 실시간 풍경 주차,https://blog.naver.com/29power7/224301926866
b22c336dcd515bb2,2026-05-31,대구,칠곡|대구•경북 가볼만한 곳 |경치가 아름다운 절|해원정사,https://blog.naver.com/waltz_piano__/224301926939
78c1ffbfaf7822df,2026-05-31,인천,"차이나타운 길거리 음식 추천, 큐브양꼬치 후기",https://blog.naver.com/mingming9706/224301925960
e66f5f82978582f8,2026-05-31,부산,양정 가성비 양식 맛집 텐달러 스테이크 앤 파스타,https://blog.naver.com/lhn7001/224301926653
138374fb2e1e323c,2026-05-31,일산,"대형 베이커리 카페] 킴스델리마켓, 빵 구경만 해도 시간 가는 곳",https://blog.naver.com/wlrjsgmldbs/224301925954
138374fb2e1e323c,2026-05-31,고양,"대형 베이커리 카페] 킴스델리마켓, 빵 구경만 해도 시간 가는 곳",https://blog.naver.com/wlrjsgmldbs/224301925954
6694b295690d1aa2,2026-05-31,대전,[대전/중구] 은행동사주 잘보는집 길잡이 후기,https://blog.naver.com/eili1010/224301925793
5462202af169f099,2026-05-31,인천,센트럴왁싱 구월동점 구월동브라질리언왁싱...,https://blog.naver.com/hapyung96/224301924407
056628a3b6a93d3a,2026-05-31,대전,대전 근교 세종 아이랑 가볼만한 곳 대통령기록관 (알찬 관람...,https://blog.naver.com/lastripblog/224301924162
5b8b0199549ec7c7,2026-05-31,제주,6월 제주도 가볼만한곳 아이랑 제주도 여행 준비물,https://blog.naver.com/jblossom88/224301923873
1c6d7c85934364a7,2026-05-31,부산,부산 해운대 자쿠지 호텔 아늑 리조트앤 스파 시그니처 스위트...,https://blog.naver.com/jihyejino_o/224301924022
eec4ae715353ff19,2026-05-31,과천,서울근교 과천 가족나들이 과천 원더파크 핑크퐁 어린이체험 전시,https://blog.naver.com/ddtadh/224301922704
c626fb44fb062b27,2026-05-31,제주,2026 봄 제주 (2),https://blog.naver.com/newstar814/224301922565
e620f10347a8f3e5,2026-05-31,여수,여수 웅천 cgv 리클라이너 3관 군체 후기 (무조건 피해야 하는...,https://blog.naver.com/heather2025_/224301922983
d9a941cd511d0d29,2026-05-31,연남동,내 남편에게 좋은 향이 나면 좋겠다. 연남향수 방문기,https://blog.naver.com/pianohyeeun/224301922398
70b9822693fd06ef,2026-05-31,성수,서울 성수 서울숲역 클리오 베이비 코숏 팝업스토어 본품...,https://blog.naver.com/gksk3232/224301922144
70b9822693fd06ef,2026-05-31,서울숲,서울 성수 서울숲역 클리오 베이비 코숏 팝업스토어 본품...,https://blog.naver.com/gksk3232/224301922144
70b9822693fd06ef,2026-05-31,고양,서울 성수 서울숲역 클리오 베이비 코숏 팝업스토어 본품...,https://blog.naver.com/gksk3232/224301922144
3a762eeaef865547,2026-05-31,남산,"미사문화거리, 밤이 되면 더 아름다운 하남의 젊음이 깨어나는 곳",https://blog.naver.com/intel007/224301921891
3a762eeaef865547,2026-05-31,하남,"미사문화거리, 밤이 되면 더 아름다운 하남의 젊음이 깨어나는 곳",https://blog.naver.com/intel007/224301921891
3a762eeaef865547,2026-05-31,미사,"미사문화거리, 밤이 되면 더 아름다운 하남의 젊음이 깨어나는 곳",https://blog.naver.com/intel007/224301921891
5516b14accda89f6,2026-05-31,인천,인천아트플랫폼 전시부터 플리마켓까지 알차게 즐긴 하루,https://blog.naver.com/mingming9706/224301922338
cf65d2da54958ac2,2026-05-31,성수,춘하 에스프레소 오늘 방문 후기입니다(대전 유성수통골에...,https://blog.naver.com/mobum369/224301922443
cf65d2da54958ac2,2026-05-31,대전,춘하 에스프레소 오늘 방문 후기입니다(대전 유성수통골에...,https://blog.naver.com/mobum369/224301922443
03c5409eef3519e2,2026-05-31,대전,대전 유성구 가볼만한 곳 유림공원 2026 유성봄꽃전시회 꽃놀이,https://blog.naver.com/rlaskfo86/224301921286
424d90b567f3e56a,2026-05-31,부천,경기도 가볼만한곳 부천 백만송이장미원 장미축제 6월꽃구경,https://blog.naver.com/nana_80/224301921310
ab35abf8e76eae71,2026-05-31,파주,못난이유원지 파주 헤이리 예술마을 가볼만한곳 분식 식당 후기,https://blog.naver.com/qwer54041/224301920166
ce0f9360681ac75d,2026-05-31,포항,창고 견적 300만 원? 결국 남편이 직접 지었습니다,https://blog.naver.com/givemikim77/224301920711
1c2690795023a3c7,2026-05-31,성수,성수 말고 조용히 놀 곳 찾는다면? 서울 전시·실내 행사 5곳 ️,https://blog.naver.com/minsuh0526/224301712036
1c2690795023a3c7,2026-05-31,DDP,성수 말고 조용히 놀 곳 찾는다면? 서울 전시·실내 행사 5곳 ️,https://blog.naver.com/minsuh0526/224301712036
81cdff8d6087f3a8,2026-05-31,제주,"제주 일몰 명소 추천, 현지인도 찾는 외도동 내도알작지",https://blog.naver.com/nsh2537/224301919347
0b9fbce76995d551,2026-05-31,인천,인천송도 가볼만한곳 찾는다면? 시간제한 없어 더 만족했던...,https://blog.naver.com/jjamong17/224301919040
0b9fbce76995d551,2026-05-31,송도,인천송도 가볼만한곳 찾는다면? 시간제한 없어 더 만족했던...,https://blog.naver.com/jjamong17/224301919040
b75c450d1667230c,2026-05-31,대구,대구 아기랑 가볼 만한 곳 | 네이처파크 루카루나 백사자 보는...,https://blog.naver.com/elog__/224301917436
fea9810e141d523b,2026-05-31,대구,"처음 방문한 초보 부모 침산키즈카페, 우리 아이 첫 실내...",https://blog.naver.com/bim1955/224301916472
e10d6e2e983961f2,2026-05-31,김포,김포 아이와 가볼 만한 곳 ! 예쁜선물 만들기놀이가게,https://blog.naver.com/yang8104/224301916175
c4c30d0abcbd4502,2026-05-31,신사,도쿄생활#399 마츠모토 여행(9) 따스한 느낌의 스와대사 하사...,https://blog.naver.com/lovellies/224301916672
33ce6d802c1ea528,2026-05-31,속초,"속초해수욕장 금계국 피는 시기와 절정, 지금 가장 아름다운...",https://blog.naver.com/u-view/224301916865
d83a0bc7ca25c74c,2026-05-31,인천,5월25일~5월31일 Zip,https://blog.naver.com/dinghding/224301915242
171f54ed3508f210,2026-05-31,부산,"송정 초등 서핑강습 가격, 송정 서프파크 유소년 초등 서핑체험...",https://blog.naver.com/tjdwls3443/224301913107
89fb6c73c1d95adf,2026-05-31,종로,[종로형사변호사]어린이놀이시설안전관리법위반...,https://blog.naver.com/5824420/224301913517
da632483173c2d4a,2026-05-31,인천,청라미용실추천 히피펌 고민 끝낸 아벨라움 인천청라점 후기,https://blog.naver.com/mind8681/224301913370
ffb5d592200ee860,2026-05-31,여의도,"[초초강추]여의도 브라이튼 도서관, 아이랑 가볼만한 곳 , 아담...",https://blog.naver.com/nadayena/224301913180
4ee6d6edefc19a4a,2026-05-31,잠실,기념일 데이트 추천! 잠실 시그니엘 애프터눈티 후기,https://blog.naver.com/lynn0412/224301912570
7dccb72d760a6c95,2026-05-31,강릉,"반려견과 떠나는 힐링여행, 강릉 펫 가족 힐링페스티벌 2026...",https://blog.naver.com/moonlight_800/224298400527
88d4bef34e2dd18c,2026-05-31,제주,[제주여행] 5월 가볼만한 곳,https://blog.naver.com/dmswl6452/224301699436
0886ebd93cc22df0,2026-05-31,포항,포항 남구 웨딩드레스 반드시 실천해야 할,https://blog.naver.com/lvbrp94461_mt/224301771492
c8ebf9133ccade3c,2026-05-31,남양주,엄청난 신상 아쿠아리움 키즈카페 '폼폼 아쿠아 키즈카페',https://blog.naver.com/dokkeabi0213/224301912453
0ca0b7067b787c67,2026-05-31,경주,"""경주에 이런 곳이?""...천년숲정원, 6월에 '여기' 꼭 가야 하는 이유",https://blog.naver.com/chance8202/224301851557
3ea19d2193d2be54,2026-05-31,경주,경주 애견동반 숙소 통나무펜션 경주통나무애견독채펜션 주차...,https://blog.naver.com/daypage7367/224300839594
39d782af05acca54,2026-05-31,수원,"수원 미용실 헤어다이아 인계프리미엄점, 태희 레이어드컷...",https://blog.naver.com/ha192077/224301912668
a7fc395606baf957,2026-05-31,인천,"구월동 샤브샤브, 청첩장 모임 식당으로 제격인 곳 다녀왔어요!",https://blog.naver.com/bwd22/224281065275
4945b55960d7edcb,2026-05-31,강남,강남실내데이트 반지대학 강남캠퍼스 커플링 만들기 추천,https://blog.naver.com/kmj8390/224301912085
316842f8eb083ba7,2026-05-31,제주,군위 가볼만한 곳 . 여행지 Best 7,https://blog.naver.com/8metil8/224301912112
f25870d2909f51f7,2026-05-31,연남동,[후기] 연남동 팔찌 공방 추천 연남동에서 특별한 추억 만들기...,https://blog.naver.com/jjaengdiary/224301911332
f25870d2909f51f7,2026-05-31,홍대,[후기] 연남동 팔찌 공방 추천 연남동에서 특별한 추억 만들기...,https://blog.naver.com/jjaengdiary/224301911332
dd205543f30b788a,2026-05-31,부산,경남 함안 가볼만한곳 말이산고분군 나홀로나무 가족 피크닉!,https://blog.naver.com/honeybees07/224301909401
ff6475fe6931dfdd,2026-05-31,광주,오월 정리,https://blog.naver.com/yeeun2ashley/224301909132
d79d4496dce7c389,2026-05-31,경주,경주 황룡원 전통혼례 │ 튀니지에서 온 성악가 신랑신부의...,https://blog.naver.com/redcarpet_make-up/224301907965
d79d4496dce7c389,2026-05-31,포항,경주 황룡원 전통혼례 │ 튀니지에서 온 성악가 신랑신부의...,https://blog.naver.com/redcarpet_make-up/224301907965
8818871700629224,2026-05-31,시청,상하이 마시청 서커스 후기 가족여행 추천코스 좌석 가격,https://blog.naver.com/zsuws/224301908235
073700482990220d,2026-05-31,대구,대구 북구 동변동에있는 가람봉입니다,https://blog.naver.com/w1234dlwoghd/224301908112
82fd8e7ca32edf98,2026-05-31,부산,부산 아기랑 가볼만한 곳 해운대 수목원 방문 후기 |양떼 자연...,https://blog.naver.com/bbang10_22/224301908201
82fd8e7ca32edf98,2026-05-31,대구,부산 아기랑 가볼만한 곳 해운대 수목원 방문 후기 |양떼 자연...,https://blog.naver.com/bbang10_22/224301908201
291dcf781bb0ba43,2026-05-31,부산,"리브골프 부산대회 결과 - (팀전) 크러셔스, (개인전) 호아킨...",https://blog.naver.com/blockduk/224301907678
14162d5d8d87e03d,2026-05-31,제주,"[에코랜드]제주동쪽 가볼만한곳 샤스타데이지, 라벤더...",https://blog.naver.com/heedung_jidung/224301907647
8a90c0a87af06833,2026-05-31,부산,[부산 영도 가볼만한곳 ] HiKER M 플리마켓 하와이안 레이...,https://blog.naver.com/alohaharu_hula/224301906507
30b8d722addf460f,2026-05-31,DDP,"평범한 일상이 작품이 되는 순간, 키크니 특별전 그렸고그런사이",https://blog.naver.com/myname999_/224301905600
b89e90f468ef1d16,2026-05-31,홍대,홍대입구 돼지갈비 강강술래 홍대점 홍대거리 단체 가볼만한곳,https://blog.naver.com/lln2026/224301905825
b89e90f468ef1d16,2026-05-31,마포,홍대입구 돼지갈비 강강술래 홍대점 홍대거리 단체 가볼만한곳,https://blog.naver.com/lln2026/224301905825
e79d69d8a75d86c7,2026-05-31,성수,성수만 핫플 성지? 서울 야외 행사·페스티벌도 이렇게 많다,https://blog.naver.com/minsuh0526/224301705242
abdf40eaa0be7f87,2026-05-31,가로수길,담양 메타세쿼이아가로수길,https://blog.naver.com/ssh10522/224301904995
dbce56d07f15ffa9,2026-05-31,부산,부산시민공원에서 만난 특별한 예술 나들이! 2026 부산예총...,https://blog.naver.com/minb__e/224301473312
223efb866e3dd1b9,2026-05-31,경주,"6월 경주 가볼만한곳 , 봉황대 뮤직스퀘어 인순이·김태우...",https://blog.naver.com/visit_gyeongju/224301905283
4636fb6dc8a713d0,2026-05-31,전주,지난주 휴일 그리고 장미로 가득한 포랑,https://blog.naver.com/natasya0404/224301904895
e31eee19981a24d5,2026-05-31,부산,"2026 광안리 어방축제 : 일정,프로그램,어방포차 메뉴 및 주차...",https://blog.naver.com/moondrift/224301904724
f007eed0d5bb1aa8,2026-05-31,부산,위드요트 부산 광안리 해변출발 해운대 더베이101 야경 폭죽...,https://blog.naver.com/tricolour210/224301902442
3ee2de6d052de9ee,2026-05-31,성수,서울 성수 가볼만한곳 놀거리 뉴뉴랩 뉴뉴걸즈,https://blog.naver.com/record97_/224301902366
7cdd6ad0983a516e,2026-05-31,성수,"RSG 성수, 2026 Garage Life Festival (with deusexmachina) May...",https://blog.naver.com/cara8721/224301902257
acdb38ecbcb4e74a,2026-05-31,제주,밭디 | 제주 승마 체험부터 이색자전거까지 아이와 가볼만한곳,https://blog.naver.com/momopia/224301902361
27e15ce23c4178a6,2026-05-31,부산,"부산 남포동 가볼만한곳 일본 식자재 소스의 모든 것,김영상회...",https://blog.naver.com/hulip2003/224301902364
6b71370ea6cbf30b,2026-05-31,대구,대구 자연속에서 즐기는 모래놀이 물놀이 계곡카페...,https://blog.naver.com/contor11/224301902176
e72ccd23c21f8862,2026-05-31,성수,성수 쇼핑 코스 가볼만한 곳 헤트라스 오프라인 매장 방문 및...,https://blog.naver.com/pmj94az/224301901265
27fb0fe88e61fbe7,2026-05-31,수원,수원 가볼만한곳 탑동 시민농장 양귀비 피크닉하기 좋은 곳,https://blog.naver.com/luck_un/224301900650
0785da1eec9e7881,2026-05-31,수원,"위글위글 팝업스토어부터 시시호시까지, 타임빌라스 소품 구경",https://blog.naver.com/tiam0419/224301901148
4bc02dd7c987039c,2026-05-31,사당,"국회의사당 사랑재 결혼식 하객 후기 | 위치, 주차, 뷔페 솔직 후기",https://blog.naver.com/marie0902/224301900236
9cf63399cc04bf5e,2026-05-31,하남,하남 미사경정공원 양귀비 위치 주차 요금,https://blog.naver.com/sunae8282/224301900040
9cf63399cc04bf5e,2026-05-31,미사,하남 미사경정공원 양귀비 위치 주차 요금,https://blog.naver.com/sunae8282/224301900040
f14d799d73ab897b,2026-05-31,파주,파주 필무드 카페 데이지 꽃 명소,https://blog.naver.com/gksthf8673/224301900481
fb614050f8e76848,2026-05-31,인천,인천 아라누리도서관 방문 후기,https://blog.naver.com/bijou_ej/224301899397
1e5eba61b21ba6a5,2026-05-31,마포,(6/13) 개그우먼 김지선의 동화책 읽어주기 책읽기 행사...,https://blog.naver.com/lovinghands7/224301898468
122fc60dbd726038,2026-05-31,일산,신원맛집 게장 생각날 때 찾게되는 일산칼국수 삼송신원점,https://blog.naver.com/rud518/224301898844
f1a41f2c57c4ffa8,2026-05-31,성수,서울숲 성수 가볼만한곳 ｜오둘희가 6시간 동안 직접 돌아본...,https://blog.naver.com/522_studio/224301898350
f1a41f2c57c4ffa8,2026-05-31,서울숲,서울숲 성수 가볼만한곳 ｜오둘희가 6시간 동안 직접 돌아본...,https://blog.naver.com/522_studio/224301898350
245e09cd813c64e4,2026-05-31,잠실,"메종 마르지엘라 향수 추천, 매장 시향 100ml 구입 내돈내산...",https://blog.naver.com/dldlrjsanjdi/224301897817
a1e6d33d15fbb236,2026-05-31,방배,"방배동의 고즈넉한 밤하늘 아래, 촛불의 빛이 성당을 은은하게...",https://blog.naver.com/hwjyh9424352/224301897180
a1e6d33d15fbb236,2026-05-31,서초,"방배동의 고즈넉한 밤하늘 아래, 촛불의 빛이 성당을 은은하게...",https://blog.naver.com/hwjyh9424352/224301897180
a1e6d33d15fbb236,2026-05-31,미사,"방배동의 고즈넉한 밤하늘 아래, 촛불의 빛이 성당을 은은하게...",https://blog.naver.com/hwjyh9424352/224301897180
220e1140dee7e1dd,2026-05-31,대구,바5로,https://blog.naver.com/eunbin4690/224301896432
43e1c9930809b3ac,2026-05-31,속초,"효레의식당 속초점, 속초 조양동 맛집에서 특별한 바베큐 경험!",https://blog.naver.com/jimu3535/224301895632
fbae4f2eb1e26f67,2026-05-31,남양주,남양주인스파이어 덕소인스파이어 덕소아이와 남양주아이와...,https://blog.naver.com/qordlfghd111/224301894392
f6b89f66dd4e5832,2026-05-31,제주,제주도 동쪽 가볼 만한 곳 일출 일몰 명소 오저여 최자로드...,https://blog.naver.com/96jy119/224301894007
6f13c2c4a8385fdd,2026-05-31,광주,ACC 국제교류특별전 《자밀 프라이즈: 무빙 이미지》 관람 후기...,https://blog.naver.com/onuttine/224301893788
2f9c8c26fb938325,2026-05-31,제주,2026 봄 제주 (1),https://blog.naver.com/newstar814/224301893377
beebd3901e958245,2026-05-31,서촌,워너 브롱크호스트 전시회 예매 방법 그라운드시소 서촌 주차...,https://blog.naver.com/supportimes001/224301893071
02b97766a73db3c7,2026-05-31,파주,파주 대형키즈카페 마술공연 플레이월드,https://blog.naver.com/8408pakr/224301892179
4e044d2ac1a20cc6,2026-05-31,제주,제주공항 근처 가볼만한곳 ｜용연계곡 용연구름다리 산책 후기,https://blog.naver.com/cowls1041/224301891570
14336033906e9fcc,2026-05-31,잠실,잠실게임카페 찾는다면? 치즈홀덤 잠실새내점 방문 후기,https://blog.naver.com/go1732kr/224301891148
63ffc45dcee3e3db,2026-05-31,대구,(대구/전시)대구 전시 추천한국화의 새로운 매력을 만나는...,https://blog.naver.com/pigcjh/224300207722
927af66bd8ce608a,2026-05-31,여수,야탑 여수동 빵지순례 맛집ㅣ공세계 샌드위치 추천메뉴...,https://blog.naver.com/kim_naku/224301891331
5fde8af8eee58e15,2026-05-31,양양,"후진항 회센터 아름이네, 양양 로컬 감성 가득한 현지인맛집",https://blog.naver.com/woo_uuming/224296369295
e12aa7548400c593,2026-05-31,대전,대전 한밭수목원 신세계백화점,https://blog.naver.com/4862toi/224301890268
55c214e587aef711,2026-05-31,서울숲,포켓몬 시크릿 포레스트 위치｜서울숲 웨이팅·굿즈·입장 방법...,https://blog.naver.com/eunzzing17/224301890237
681ae812f826b998,2026-05-31,대구,경산 올데이캠프닉 주말 후기 대구 아이랑 가볼만한곳 추천,https://blog.naver.com/lhj133/224301889641
65ee0d08f7cfca0d,2026-05-31,가평,가평 설악면 가볼만한곳 북한강 뷰가 아름다운 신선봉 순환...,https://blog.naver.com/behappy1004life/224301889165
85e01009759280ad,2026-05-31,망원,망원시장 맛집투어 아이랑 꼭 먹어봐야할 BEST,https://blog.naver.com/someday3616/224301888003
e5034f6179e12486,2026-05-31,전주,"휴직 중인 공무원, 명상센터에 가다(리탐바라 싱잉볼 명상)",https://blog.naver.com/summer-rabbit0/224301887837
286b59487eb0abf0,2026-05-31,안국,인사동 디저트카페 인사동선물 추천 안녕 브릭샌드 인사동점!,https://blog.naver.com/greenever7/224301887877
286b59487eb0abf0,2026-05-31,인사동,인사동 디저트카페 인사동선물 추천 안녕 브릭샌드 인사동점!,https://blog.naver.com/greenever7/224301887877
d74b97877987040d,2026-05-31,강릉,"6월 첫째주(3일,6일,7일) 수업안내",https://blog.naver.com/littleoven_gn/224301886604
ff04b357d141f366,2026-05-31,수원,侯夫人与杀猪刀 제67장,https://blog.naver.com/yosahe/224301887057
1fd6a08be70f9ddc,2026-05-31,속초,"부모님과 함께 가야 할 속초 청초호 맛집, 효레의식당 속초점",https://blog.naver.com/ejkim1580/224301886399
8218ef0100d45036,2026-05-31,마포,공덕 곱창 맛집 일류곱창 숯불한우곱창 주차 회식 저녁 솔직후기,https://blog.naver.com/mat_do_ri/224301885677
8218ef0100d45036,2026-05-31,공덕,공덕 곱창 맛집 일류곱창 숯불한우곱창 주차 회식 저녁 솔직후기,https://blog.naver.com/mat_do_ri/224301885677
bdedbc3ec6bafb7b,2026-05-31,전주,대전 한밭수목원 꽃축제 장미 스팟,https://blog.naver.com/darame0422/224301885688
bdedbc3ec6bafb7b,2026-05-31,대전,대전 한밭수목원 꽃축제 장미 스팟,https://blog.naver.com/darame0422/224301885688
5c53be8eea6cb990,2026-05-31,부산,부산 현대미술관 코뿔소와 유니콘 아이랑 함께 전시 데이트:),https://blog.naver.com/miingssmom/224301885714
63491abbc1752414,2026-05-31,파주,[파주 가볼만한곳 ] 오랜만에 찾은 파주 프로방스 마을의 변화...,https://blog.naver.com/youngsookstory/224301886234
b4186f345487c3fd,2026-05-31,부산,전포신상카페 라이크댓커피 전포점 후기,https://blog.naver.com/mintonmoon_/224301886067
3ffd2b12826d5d35,2026-05-31,신촌,고흥&순천 1박2일 힐링 여행1일차,https://blog.naver.com/zman06/224301884991
3229735da5500e6d,2026-05-31,남양주,[남양주 아이와 가볼 만한 곳 ] 아빠가 더 신난 포크레인 이색...,https://blog.naver.com/cky616/224301884760
7a7aa4db136ac33c,2026-05-31,대구,경북 군위 대구 근교 가족 나들이 스틸301 카페 & 플레이파크...,https://blog.naver.com/azxc12122/224301884390
3fad7d9a78e509b3,2026-05-31,올림픽공원,올림픽공원 장미광장 장미꽃 들꽃마루 양귀비 실시간,https://blog.naver.com/sunsun1890/224301884795
a35f2bf705f201d9,2026-05-31,삼성,삼성 TV 50인치 Mini LED 직접 써보니 화질 차이 확실했어요,https://blog.naver.com/tradingeconomics/224299916204
975573911e435c12,2026-05-31,부산,"부산 오션뷰 호텔 끝판왕, 아난티 앳 부산 코브",https://blog.naver.com/goodfinds/224301794798
8022b1c5ff4b44fe,2026-05-31,부산,메가박스 부산극장 영화 군체 관람 후기,https://blog.naver.com/vinus8269/224301884139
32dd4c050415744e,2026-05-31,제주,인생샷 남기기 좋은 포토존 대형 매장 우도 오션뷰 카페 우도카페,https://blog.naver.com/zhzhfnql7/224301883549
5e48ae88907bbfa7,2026-05-31,제주,제주도 6월 가볼 만한 곳 반딧불이 축제 산양큰엉곶,https://blog.naver.com/jejuguree/224301883305
dd904a66c2fa374e,2026-05-31,포항,느린우체통과 느린엽서,https://blog.naver.com/nearby401/224301883259
dab4a6403cbbedbf,2026-05-31,남양주,유럽감성 가득 남양주 카페 메이르,https://blog.naver.com/ikon1111/224301882316
9f7e9d782fb16edb,2026-05-31,부산,부산 고래사어묵 해운대 여행 선물 야식 추천,https://blog.naver.com/lsh3172/224301881775
47a6d8e9d7cca449,2026-05-31,서초,서초 고깃집 서초목살 매봉 가족식사 솔직후기,https://blog.naver.com/held-m2/224301881438
b8579378f83b53e7,2026-05-31,부천,부천 근처 가볼만한곳 부천역 데이트 코스 부천 중동 빵집,https://blog.naver.com/soh109/224301881335
023ec16a2328835a,2026-05-31,부산,부산 광안리 가볼만한곳 놀거리 어방축제 포장마차 포차거리,https://blog.naver.com/imsogroovy/224301880222
cd4d0a4245cb19bc,2026-05-31,용산,[Seoul] Traveling Through Time: Discovering the Heart of...,https://blog.naver.com/globaltours/224301879893
cd4d0a4245cb19bc,2026-05-31,광화문,[Seoul] Traveling Through Time: Discovering the Heart of...,https://blog.naver.com/globaltours/224301879893
178709279172ff3f,2026-05-31,대구,[대구] 전국 5대 짬뽕 진흥반점 솔직 후기,https://blog.naver.com/achieve_86/224301880108
9551fa8ed2a39f14,2026-05-31,의정부,의정부 초대형 베이커리 카페 아나키아 층별 투어｜1층...,https://blog.naver.com/diormanz/224301879093
4def3028ba4be261,2026-05-31,여의도,print bakery x 왈종미술관 에디션 런칭 전시 <제주 생활의...,https://blog.naver.com/hootooteee/224301878991
4def3028ba4be261,2026-05-31,더현대서울,print bakery x 왈종미술관 에디션 런칭 전시 <제주 생활의...,https://blog.naver.com/hootooteee/224301878991
4def3028ba4be261,2026-05-31,제주,print bakery x 왈종미술관 에디션 런칭 전시 <제주 생활의...,https://blog.naver.com/hootooteee/224301878991
1b39493b9a730f73,2026-05-31,대구,남대문 일본용품파는곳 도매상 일요일도 생활용품 방법과 방문기,http://www.bluelog.kr/85439
2671e02a1f0b58ea,2026-05-31,압구정,"압구정 쇼룸 아뜰리에 에디션 방문기, 여름을 먼저 만나고 왔다",https://blog.naver.com/limeishere/224301878693
7b6e0a218e5fdf1f,2026-05-31,대구,대구 가창 *부푼* 카페,https://blog.naver.com/aweoo-/224301877702
062117e0291f018b,2026-05-31,광화문,광화문 감사의 정원 가볼만한곳 추천! 입장료 위치 및 솔직한...,https://blog.naver.com/dhwnsgh2016/224301675654
a4b8763e227fad81,2026-05-31,속초,속초 아이와 갈 만한 곳 추천 노고아카데미 속초 중장비 rc체험...,https://blog.naver.com/happyjh100/224301877367
185159d8d1ba1bef,2026-05-31,대전,대전브런치 포크앤피클스 감성 맛집 후기,https://blog.naver.com/suji905/224301876834
82f26fde6d6dab31,2026-05-31,전주,비오는 날이라 더 좋았던 우리들의 '봄날' 전주 팔복예술공장...,https://blog.naver.com/polarisflower/224301875472
5414cc7010dc208a,2026-05-31,속초,"[맛집리뷰] 속초 청초호 맛집 효레의식당 속초점, 행복한...",https://blog.naver.com/ejrdnjs6435/224301875025
e60aa01088c42e3b,2026-05-31,포항,알림[블럭팡 포항오천점] 2026년 6월 일정안내,https://blog.naver.com/blockpang_pohang/224301874319
0aac9b1000d34257,2026-05-31,인천,[인천 아기랑] 동화열차 뮤지컬 후기 26개월 아기도 푹 빠진...,https://blog.naver.com/meet_me_t_/224301874329
0aac9b1000d34257,2026-05-31,송도,[인천 아기랑] 동화열차 뮤지컬 후기 26개월 아기도 푹 빠진...,https://blog.naver.com/meet_me_t_/224301874329
0ade70299b109012,2026-05-31,제주,"제주도 맛집 아침식사 추천, 중문고등어쌈밥...",https://blog.naver.com/fbslsk123/224301874082
533b69f4d48b96de,2026-05-31,구리,담양아이리니펜션/담양펜션/메타프로방스/개구리 생태공원,https://blog.naver.com/santorini-8/224301873504
03fa602c536dc622,2026-05-31,명동,봉명동 고기집 고기 잘구워주는 맛집 고깃리88번지 봉명점 후기,https://blog.naver.com/kimlove0121/224301873809
a089e292b46b6ea7,2026-05-31,부산,[Kalphabets x 빌라쥬 드 아난티] 프리미엄 라이프스타일 마켓...,https://blog.naver.com/hangeulkwaja/224301873098
a67387edeb64cea8,2026-05-31,고양,"운정 카레 맛집 소코아 파주운정점, 비주얼 깡패 고양이...",https://blog.naver.com/positivefocus/224301873103
a67387edeb64cea8,2026-05-31,파주,"운정 카레 맛집 소코아 파주운정점, 비주얼 깡패 고양이...",https://blog.naver.com/positivefocus/224301873103
528d03d0a8d24c2a,2026-05-31,성수,쉐라톤 그랜드 다낭 리조트 공식홈페이지 예약 해야 하는 이유,https://blog.naver.com/fsc4hwfsl/224301872343
eb21a4d1b4a277b5,2026-05-31,대구,논공양꼬치 맛집 원흠양꼬치참숯구이에서 제대로 먹고 온 후기,https://blog.naver.com/qowlstjr119/224301872358
8bc8916f6d408143,2026-05-31,시청,정동야행 2026 정동길 밤 데이트 코스 일정 장소 정리,https://blog.naver.com/happywife86/224301872808
2b2bd750d93d4c9c,2026-05-31,포항,올앳동빈_동빈문화창고1969,https://blog.naver.com/ondocy/224301870111
db5e34e134d0c4fd,2026-05-31,여수,녹동에서 거문도 배편 시간표 운임요금 소요시간 정보,https://bluebeat.tistory.com/404
342b5a1523900c58,2026-05-31,용산,매지컬 치이카와 팝업스토어 용산 아이파크몰 팝업! 기간·위치...,https://blog.naver.com/ossuno12/224301869150
9667cc69b38804aa,2026-05-31,인천,"운서역 전자담배 추천, 액상 종류 많은 보루 인천운서점 방문 후기",https://blog.naver.com/ys__1011/224301869378
9374ddac2b2565b8,2026-05-31,가평,가평아난티 무라타하우스 아이랑 가평 여행! (히노끼탕/수영장...,https://blog.naver.com/smk03011/224301869303
9374ddac2b2565b8,2026-05-31,부산,가평아난티 무라타하우스 아이랑 가평 여행! (히노끼탕/수영장...,https://blog.naver.com/smk03011/224301869303
fb99aacc48dce72d,2026-05-31,경주,경주 보문단지 맛집 맛자랑 불국사 근처 한정식 맛집 돌솥정식...,https://blog.naver.com/mmmu14/224301868528
4fdd85e37c7d256c,2026-05-31,인천,인천 아이랑 가볼만한 곳 국내 최대 캐릭터 상품 30%할인까지!...,https://blog.naver.com/ssjkk0609/224301867582
237bd6c094722c76,2026-05-31,제주,제주 함덕해변 가볼만한 곳 과 겨울철 방문 시 주의사항,https://blog.naver.com/contextrqh/224301868189
715d10c81a4fc110,2026-05-31,여수,여수 예술랜드 테마파크 여수 관람차 트릭아트 패키지 할인 팁!,https://blog.naver.com/rehab0827/224301866976
af4a1d198747541a,2026-05-31,수원,수원 신차이 AK플라자에서 찾은 수원역 중국집,https://blog.naver.com/aksuskql/224301866793
07c04b16c65f6c54,2026-05-31,대전,대전 롯데백화점 성심당 망고시루 주말 오픈런 후기 웨이팅...,https://blog.naver.com/z4272z/224301865746
41b17e8edb889a91,2026-05-31,강릉,강릉 감성 가득한 핸드메이드 소품샵 ‘물꼬기 소품샵&사진관’,https://blog.naver.com/sis78987/224301866218
9a44ddc4666e32e7,2026-05-31,부산,"[더채움힐링테라피] 해운대 근처 스웨디시 마사지샵 추천, 피로...",https://blog.naver.com/hanjoo618/224301865095
970519eb24f45fb2,2026-05-31,부산,[서울] 연신내 부산미도어묵 “떡산 떡볶이” 다녀온 후기,https://blog.naver.com/burger_woody/224301864499
30e64b3aace4aea5,2026-05-31,인천,[영종도 가볼만한곳 ] 서해 바다 뷰에 반하고 27가지...,https://blog.naver.com/loveys0517/224301863811
d7ab03376cd6912e,2026-05-31,부산,"부산요트투어 후기, 광안리 야경을 가장 특별하게 즐기는 방법",https://blog.naver.com/denny1020/224301857986
5e3241a2a0835452,2026-05-31,제주,"제주 아이동반 숙소 찾는다면? 글램핑,카라반 BEST 3 솔직 후기",https://blog.naver.com/momopia/224301863026
c36ee7e43898986a,2026-05-31,일산,울산 놀거리 추천 일산해수욕장 아라퀸호 선상체험낚시...,https://blog.naver.com/starrose11/224301862435
9b3e11914ce4b935,2026-05-31,속초,강원도 속초 가볼만한곳 뮤지엄엑스 체험과 관람 정보,https://blog.naver.com/goshft/224301862542
1003efd40de8c764,2026-05-31,부산,"해운대수목원 장미원, 라벤더길 , 붓꽃 , 모란 , 수국 ... 봄의 향연",https://blog.naver.com/sunranan/224301862135
7535a906fb314094,2026-05-31,인천,갯메꽃,https://blog.naver.com/hkys410/224301861707
7da336bb54bc147e,2026-05-31,속초,"효레의식당 속초점, 속초 엑스포 맛집에서 필리핀 현지의 맛을...",https://blog.naver.com/f040cehjferz/224301861028
38f104ac33387580,2026-05-31,포항,포항두피클리닉 찾는다면 모생떼헤드스파 포항점...,https://blog.naver.com/rkgud0109/224301861283
005f907ddf01f78d,2026-05-31,청담,[한강 걷기 챌린지] 청담대교에서 잠원한강공원까지! 한강 라면...,https://blog.naver.com/janeflora/224301861327
118ec40965e926f3,2026-05-31,방배,"서래마을 데이트 맛집 베스퍼, 직접 제면한 생면 파스타와 카츠...",https://blog.naver.com/iancolorlab/224301860367
429e22bc9d062822,2026-05-31,대전,대전애견동반카페 견우재,https://blog.naver.com/angel-7779/224301860454
66842568f0505ddf,2026-05-31,제주,한라산 영실코스에서 만난 초여름 철쭉과 숲길의 매력,https://blog.naver.com/4everkar/224301860274
f17b9b6e86537d10,2026-05-31,여의도,"여의도 평양냉면 맛집, 정인면옥 본점 방문 후기",https://blog.naver.com/jmt_foodlist/224301860366
3e38153b1a44aadf,2026-05-31,파주,파주콰트로박스 미디어아트 체험과 이용 가이드 총정리,https://blog.naver.com/among8p/224301859702
b457768e20ef26cb,2026-05-31,제주,우도 가볼만한 카페 우도카페 특별한 시그니처 음료들과 포토존,https://blog.naver.com/shinyi2022/224301860070
e7d62c0147572742,2026-05-31,강릉,"헤리티지여행"" 강릉미술관 솔올 강릉 실내 가볼만한곳",https://blog.naver.com/kikitravellife/224301859985
4e17a406f49b9dd2,2026-05-31,양평,양평 아이와 가기 좋은 곳 ‘양떼목장’ (가격),https://blog.naver.com/hee4845/224301860244
9eb7613e2fc1f7bf,2026-05-31,제주,서귀포 돌낭예술정원 동백꽃 명소와 방문 정보 총정리,https://blog.naver.com/lrpashamed/224301859361
627cf639b052f221,2026-05-31,강릉,강릉여행 아이와 실내 가볼만한곳 _아르떼뮤지엄 강릉,https://blog.naver.com/minu9138/224301859151
8216be90159abb1d,2026-05-31,제주,제주 수국 명소 답다니수국밭 가는 타이밍 알려줄게,https://blog.naver.com/ysr3789/224301858032
c2f1835162820af7,2026-05-31,광주,광주강아지분양 비 오는 날 방문했는데도 만족스러웠던,https://blog.naver.com/kim5561/224301711896
cf2d7ed900f2ce4f,2026-05-31,양평,경기도 양평 더그림 가볼만한곳 정원과 카페 정보 총정리,https://blog.naver.com/shamerlo/224301857465
1d607ce979dc66bf,2026-05-31,경주,푸르던 날들로 내몰린 젊은 우리는,https://blog.naver.com/poradoli/224301857181
3d621d9dfdeac26f,2026-05-31,부산,아이와 함께하는 부산 여행 핵심 일정과 체험 정보,https://blog.naver.com/bsderive/224301856009
f6079db9816aec53,2026-05-31,대전,[대전 신상카페] 뚱기가 다녀온 장동 대형 베이커리 카페...,https://blog.naver.com/care1cb/224301855890
c9a6c179fb95746d,2026-05-31,인천,[6/3(월)~6/21(일)] 오렌지&레몬베터리 + 오렌지 백설기,https://blog.naver.com/thankstoto_songdo/224301855510
c9a6c179fb95746d,2026-05-31,송도,[6/3(월)~6/21(일)] 오렌지&레몬베터리 + 오렌지 백설기,https://blog.naver.com/thankstoto_songdo/224301855510
5077aa0be45ecf2d,2026-05-31,여수,여천삼겹살 하늘정,https://blog.naver.com/kpssm/224301854624
c65f0bd7d739d843,2026-05-31,한남동,"한남동한정식 맛집, 행복이 무슨 맛일까 궁금하다면 지금 바로...",https://blog.naver.com/minttea/224301854693
c65f0bd7d739d843,2026-05-31,부산,"한남동한정식 맛집, 행복이 무슨 맛일까 궁금하다면 지금 바로...",https://blog.naver.com/minttea/224301854693
a70356285474b74b,2026-05-31,광주,광주풍암체육공원 할로윈 숲체험 아이와가기좋은곳,https://blog.naver.com/wicket69986/224301855053
14c57e6dce236390,2026-05-31,부산,[내 돈 내산] 부산 문현동 배스킨라빈스 31 부산 문현점,https://blog.naver.com/mabin___/224301854416
23d6cf15deb02664,2026-05-31,광주,[광주] BUTTER shop/버터 광주 충장로점/광주 소품 샵...,https://blog.naver.com/hindongi2025/224301854149
80ffcce328878fd5,2026-05-31,제주,제주 금오름 소요시간 주차 팁 작은 백록담 분화구 보러가기,https://blog.naver.com/duddlduddl0/224301854064
b5b73e363deb16b8,2026-05-31,양양,[양양] 양양 놀거리 '홈즈앤루팡 보드게임카페 양양점',https://blog.naver.com/ahdtlfdl25/224301853234
9a5cd4ce8ed3e2b1,2026-05-31,부천,부천 백만송이 장미축제 다녀왔어요,https://blog.naver.com/lalafilm1004/224301853333
e02e5384bc81b382,2026-05-31,안양,평촌 카페 데이도트: 공부하기 좋은 베이커리 디저트 맛집!,https://blog.naver.com/wonee255/224301853800
1d15f64a372adca7,2026-05-31,춘천,춘천/가평 여행_김유정문학촌 카페 맛집_카페봄촌(feat...,https://blog.naver.com/yomozomo09/224301853192
1d15f64a372adca7,2026-05-31,가평,춘천/가평 여행_김유정문학촌 카페 맛집_카페봄촌(feat...,https://blog.naver.com/yomozomo09/224301853192
153485f99e1afd8f,2026-05-31,고양,2026경기도 실내 아이랑 갈 만한곳 초딩아들 현대모터스튜디오...,https://blog.naver.com/hosukelf/224301852421
49acdbb65215254f,2026-05-31,대전,대전 아이랑 실내 가볼만 한 곳 뉴트로 롤러스포츠 스케이트장,https://blog.naver.com/pazziyhj1226/224301851642
369178a048673fe6,2026-05-31,안양,범계만화카페 캣툰 — 퇴근 후 혼자 와서 제대로 힐링하고...,https://blog.naver.com/gfxdcok594/224296691316
8002c38a6d76b32a,2026-05-31,광주,"전남 아이와 가볼만한곳 , 국내 최초 함평양서파충류생태공원...",https://blog.naver.com/unapig/224301527746
967d81d91ff0a365,2026-05-31,전주,대전주말데이트 만화카페 캣툰 ✨ 남자친구랑 완전 힐링했네요...,https://blog.naver.com/pwuoqqs132/224296576494
967d81d91ff0a365,2026-05-31,대전,대전주말데이트 만화카페 캣툰 ✨ 남자친구랑 완전 힐링했네요...,https://blog.naver.com/pwuoqqs132/224296576494
6b755186db749359,2026-05-31,부산,5월 부싼,https://blog.naver.com/bmging66/224301850897
975cf5d87c1633e6,2026-05-31,신촌,신촌역놀거리 찾다가 발견한 만화카페 캣툰 레전드였음ㄷㄷ,https://blog.naver.com/ccxvvey167/224296549061
2f5b30c8478f649b,2026-05-31,제주,제주 동문시장 야시장 8번 출구 후기! 딱새우회·방어회 먹고...,https://blog.naver.com/22ing2/224301850927
e63831490a085eec,2026-05-31,부산,6월 부산여행 2박3일 코스 #부산여행 #그곳으로여행을떠나요,https://blog.naver.com/bnsdocumentary/224301850901
51742438c57883a9,2026-05-31,성수,[2026. 5.] 5월 월말결산,https://blog.naver.com/kdahyunk/224301850117
20424686b55625ee,2026-05-31,명동,5月,https://blog.naver.com/ksi031105/224301850124
0922f88f3e3b5432,2026-05-31,서울숲,5월 셋째 주 주간 일기,https://blog.naver.com/y64884/224301849547
3f5994b862aed363,2026-05-31,압구정,우니도 카이센동 서울 가볼만한 곳 서울어린이대공원 놀이기구...,https://blog.naver.com/sunshine_025/224301849738
3f5994b862aed363,2026-05-31,여의도,우니도 카이센동 서울 가볼만한 곳 서울어린이대공원 놀이기구...,https://blog.naver.com/sunshine_025/224301849738
94fb82e7f030e094,2026-05-31,파주,"파주 가볼만한곳 , 전통건축부재보존센터 수장고 특별개방 후기",https://blog.naver.com/ssyongssyongi/224301849442
57e0f8b84b14ddce,2026-05-31,부산,부산 아이와 함께 가볼만한 소품샵 BEST3 국제시장...,https://blog.naver.com/jiya85/224301848972
b3a0978549b1c391,2026-05-31,부산,부산 2026 일정부터 맛집·먹거리 부산 가볼만한곳 추천,https://blog.naver.com/pandamall1/224301848054
f43e5a445f44fa61,2026-05-31,부산,"[부산 바이크 용품] 패션도 놓칠 수 없는 깐도멧, 헬멧도 패션이다",https://blog.naver.com/madeinori/224301848023
5a710e98831de0b6,2026-05-31,제주,우도카페 우도 오션뷰 카페 특별한 디저트와 빙수 메뉴,https://blog.naver.com/smj58/224301847387
f06839bccca9a73c,2026-05-31,대구,[방문후기]대구 아이랑 가볼 만한 곳 ! 퀄리티 대박인데 무료인...,https://blog.naver.com/joy_angelll/224301847364
3c91f55bbc01d43f,2026-05-31,잠실,서울 잠실 롯데월드 아쿠아리움 입장료 할인과 전시 구성 안내,https://blog.naver.com/ssgdefinite/224301847075
f484fb2d9ce7d632,2026-05-31,여의도,케이팝데몬헌터스 케데헌 팝업 스토어 후기 | 여의도 가볼만한 곳,https://blog.naver.com/hootooteee/224301846294
00286c0f29e8fe24,2026-05-31,잠실,[서울 잠실] '롯데월드 아쿠아리움' 데이트 후기,https://blog.naver.com/soozee4119/224301846177
2545b1974d225244,2026-05-31,연남동,연남동 빵집 홍대 맛집 만동제과 서울빵지순례 가볼만한 곳,https://blog.naver.com/eos2205/224301846614
2545b1974d225244,2026-05-31,홍대,연남동 빵집 홍대 맛집 만동제과 서울빵지순례 가볼만한 곳,https://blog.naver.com/eos2205/224301846614
f9900709ad3b1df7,2026-05-31,동대문,23년생 아기 민이의 첫 버스 여행! 동묘 완구 거리부터...,https://blog.naver.com/yoojubu83/224301846206
f9900709ad3b1df7,2026-05-31,파주,23년생 아기 민이의 첫 버스 여행! 동묘 완구 거리부터...,https://blog.naver.com/yoojubu83/224301846206
d06211a18e50a4d1,2026-05-31,춘천,춘천 웨딩혼수가전박람회 6월 일정 LG전자 베스트샵 춘천점...,https://blog.naver.com/joy2025_/224301846488
8db7fc3d6193eeab,2026-05-31,대구,대구근교 청도 유럽 장미정원 무료개방 나의집 나의 정원,https://blog.naver.com/jinsilver0543/224301845400
874b3f32d3019e8f,2026-05-31,포항,포항 오션뷰 용광로황토불가마 찜질방 이용과 시설 안내,https://blog.naver.com/justifyz6/224301845436
f415b1f346e57af2,2026-05-31,남양주,남양주 문화유산과 생태공원 산책 코스 완벽 가이드,https://blog.naver.com/confidencew7/224301845823
b58fbc64068c5377,2026-05-31,강릉,"6월 강릉 전시회, 행사, 데이트코스 추천",https://blog.naver.com/bmw-mini_haslla/224301844414
694cb3e98ae0bb90,2026-05-31,여의도,서울 토익 학원 추천 YBM ECC 여의도 수업 효과와 위치...,https://blog.naver.com/gaebong1000/224301148876
53a2e8031ac58039,2026-05-31,대구,[초록도] 대구 향수 공방 향기로 '기억되는 특별한 하루',https://blog.naver.com/yyyy__57/224301960340
2209b1e91de19cc2,2026-05-31,강남,외국인이 서울에서 1조를 긁었다···중국인·대만인...,https://blog.naver.com/normal_tips/224301960003
2209b1e91de19cc2,2026-05-31,더현대서울,외국인이 서울에서 1조를 긁었다···중국인·대만인...,https://blog.naver.com/normal_tips/224301960003
4a13c97d3b6a31f6,2026-05-31,강릉,눈물 콧물 행복 가득했던 생일 기념 강릉 여행,https://blog.naver.com/sarah980411/224301958317
4898d552c1030c29,2026-05-31,부산,부산 여행 !,https://blog.naver.com/hyoclle/224301959073
a5e67c0af52b736a,2026-05-31,고양,내돈내산) 하나투어 2030 튀르키예 밍글링 5일차 터키 여행 후...,https://blog.naver.com/jkdying0220/224301957854
b574bf87ad79001f,2026-05-31,가평,청평호수 위 43년 동안 청평페리가 만들어 온 이야기,https://blog.naver.com/cheongpyeongferry-/224301956807
bd5424598126cb62,2026-05-31,양평,은행나무 첼린지 여행 천년을 훌적넘게 인간을 지켜보고~~~제1탄,https://blog.naver.com/oneulisijag/224301956637
7ac5b0fc1b94be88,2026-05-31,경주,이제 경주 후기 — 경주 Ma-dong에서 만난 히노끼탕과 코스 ...,https://blog.naver.com/check_in_story/224299618574
eb127f050e3bc15a,2026-05-31,광명,"삿포로 비에이 후라노 버스투어, 고민 해결을 위한 완벽 가이드",https://blog.naver.com/height094/224301953268
02611e0859c219f9,2026-05-31,속초,"속초배낚시체험으로 특별한 하루, 가족 여행 부터...",https://blog.naver.com/lsb4023/224301953048
6024b4e71563d2c9,2026-05-31,남양주,"강아지와 함께 즐기기 좋은 남양주애견카페, 애견카페왕...",https://blog.naver.com/epsl1739/224301953451
1a13d0c9120c8fcd,2026-05-31,제주,제주 이호테우 해변 포토스팟 혼자 여행 힐링 코스,https://blog.naver.com/sugarmoon-/224301953639
91d6f866176e336e,2026-05-31,제주,"진짜 제주 야경 끝판왕! 천지연폭포, 42년 만의 재개장 무료...",https://blog.naver.com/review76/224301950344
f54ede33e9350c03,2026-05-31,제주,떠날준비,https://blog.naver.com/ledoi01/224301950385
136b44e4e0ee2a7d,2026-05-31,명동,"광명동굴 나들이, 돌아기와 함께 즐긴 특별한 동굴 탐험...",https://blog.naver.com/baram729/224301949929
136b44e4e0ee2a7d,2026-05-31,광명,"광명동굴 나들이, 돌아기와 함께 즐긴 특별한 동굴 탐험...",https://blog.naver.com/baram729/224301949929
d0be972ddee25fa9,2026-05-31,경주,경주 보문단지 핫플 추천: 안전하고 재미있는 루지 체험,https://blog.naver.com/kwangsun1125/224301949041
f2b168c3e542870d,2026-05-31,부산,부산 놀거리 액티비티 부산실탄사격장 : 도파민 팡팡,https://blog.naver.com/suulggu/224301946924
8cb852cee37a758d,2026-05-31,대구,대구 웨딩 박람회 일정 현명한 선택지,https://blog.naver.com/hrotgs653025_xv/224301630066
d042e1c9bc7fb521,2026-05-31,제주,26년5월4주의 기록: 또 롯데월드!!,https://blog.naver.com/dolestreet/224301944612
cca618a5926247a6,2026-05-31,제주,제주 성산 숙소 | 휘닉스 아일랜드 1박 후기 + 수영장,https://blog.naver.com/seoinidang/224301941554
b8b7a19ae5f97bfd,2026-05-31,한남동,카페 레종데트르 한남 / 하나하나가 작품 같은 고퀄리티...,https://blog.naver.com/whiskywikiw/224301940149
4dcebf70d04d3473,2026-05-31,부산,2605. 나의 오월,https://blog.naver.com/alsongdalsong_s/224301937797
0dc849e0fe6d986c,2026-05-31,대전,대전 여름 데이트 코스 “스카프”,https://blog.naver.com/lifetime47/224301937912
ee55997f462c50cc,2026-05-31,인사동,서울 인사동 묘약 뱅쇼 원데이클래스에서 1시간 동안 직접...,https://blog.naver.com/twuporgndl/224301156658
c257764f25f77697,2026-05-31,대전,대전 빵지순례 - 풍자 또간집 하레하레 유성점 방문후기,https://blog.naver.com/tmsntmsn/224301936447
8ece861a1710d2e0,2026-05-31,제주,제주항 연안여객터미널 배시간표 차량선적요금 정보안내,https://bluebeat.tistory.com/409
3d9fe854d3833053,2026-05-31,대구,대구 체험 하며 알게 된 뜻밖의 즐거움,https://blog.naver.com/dmijycc1/224301632718
35e5c98ebfa7cfd9,2026-05-31,광주,나는 솔로 29기 영숙 영자 순자 광주 여행 맛집 코스 다갔다!...,https://blog.naver.com/tkfkdwlqhouse/224301927684
23541acf9bf49b41,2026-05-31,경주,"[경주루지월드] 경주 보문단지 주변 액티비티 추천, 루지와...",https://blog.naver.com/h39ax5igo/224301927324
ee7a36f7e814cad6,2026-05-31,이태원,[춘천/그레이바]춘천에 이런곳이 있다고?! 이태원 안 부러운...,https://blog.naver.com/bitpass_gaeul/224301925159
ee7a36f7e814cad6,2026-05-31,춘천,[춘천/그레이바]춘천에 이런곳이 있다고?! 이태원 안 부러운...,https://blog.naver.com/bitpass_gaeul/224301925159
94a7deee0499ce61,2026-05-31,부산,부산 여행 코스 추천 요트투어 내돈내산 후기,https://blog.naver.com/rammilog/224301924874
88ec343082d2c251,2026-05-31,속초,속초 여행 필수 코스 | 속초중앙시장맛집 원조소문난무침회,https://blog.naver.com/apowwy9/224301922286
886061336b781d29,2026-05-31,김포,김포 카페 추천 | 오션뷰 베이커리 베이콜로지 빵학개론 샹그리나,https://blog.naver.com/boram4483/224301921595
836f8e0277bb757b,2026-05-31,명동,[쇼핑] 유니클로 감사제! 새로 오픈한 명동점 방문기 & 내돈내산...,https://blog.naver.com/riri_world_/224301921169
fb08f9b1fa6cf987,2026-05-31,강남,육즙 가득한 돌주물판 고기가 맛있는 강남 삼겹살 추천 장소...,https://blog.naver.com/qamuqaxb-505/224301921258
2377fb12e5b54888,2026-05-31,신사,바다로 늘어선 도리이로 유명한 대마도 와타즈미 신사,https://blog.naver.com/supim677/224301921023
df7451d12ffd6455,2026-05-31,대전,"1박2일 3도시 여행 (in 공주, 대전, 세종)",https://blog.naver.com/uneye333/224295293907
74cfa38dbb37e602,2026-05-31,김포,김포공항 주차대행 비용 주차장 주차비 할인,https://blog.naver.com/ysr3789/224301919372
74cfa38dbb37e602,2026-05-31,제주,김포공항 주차대행 비용 주차장 주차비 할인,https://blog.naver.com/ysr3789/224301919372
3c7cfb2f60fd7ea2,2026-05-31,강릉,추천 강릉골프장 샌드파인CC 라카이샌드파인리조트...,https://blog.naver.com/ryangolftour/224301919625
e44c48ca4e4733ab,2026-05-31,포항,서귀포아로마 마사지 받으러 힐링아로마 다녀왔어요!,https://blog.naver.com/streamsn/224301918698
1c58d8803747b1d7,2026-05-31,제주,"[제주 감성] 제주 동쪽의 조용한 휴식처, '멜치인빌리지...",https://blog.naver.com/nasang0223/224301919300
05675dd7f8e1f0e3,2026-05-31,강릉,오월,https://blog.naver.com/dearmyonly0ne/224301917775
05675dd7f8e1f0e3,2026-05-31,제주,오월,https://blog.naver.com/dearmyonly0ne/224301917775
2726b778ba192203,2026-05-31,양양,5월,https://blog.naver.com/toc015/224301916861
26d86e360d3ed037,2026-05-31,광주,[꽃보다청춘 광주 생고기 맛집]꽃보다청춘 광주 서구 생고기...,https://blog.naver.com/justlaben/224301916048
58308ca524ab536c,2026-05-31,경주,"[경주] 동천동 마사지, 피로 날리는 장인손길 젠타이마사지!",https://blog.naver.com/reom_im/224301913916
2a87d134e448edca,2026-05-31,경주,소품샵 '하우해브유빈' | 분위기부터 남다른곳. 여행코스 추천,https://blog.naver.com/nahadada/224301912459
dcd8f80e2edeb548,2026-05-31,춘천,춘천 기차 여행 코스 추천 루트 직접 걸어본 후기,https://blog.naver.com/lvrkb2745/224301101810
22318a3ecdb2ecd8,2026-05-31,제주,"떠나고 싶은 당신에게, 하이라이트 제주가 선사하는 특별한 경험",https://blog.naver.com/xxermda27577_fe/224301450552
3a287070b13da354,2026-05-31,제주,제주 여행 1탄,https://blog.naver.com/grape8729/224301912998
3a287070b13da354,2026-05-31,대구,제주 여행 1탄,https://blog.naver.com/grape8729/224301912998
74cd1e5e24438721,2026-05-31,포항,5월,https://blog.naver.com/d1thdbs/224301911433
1147f879e9713ac2,2026-05-31,종로,덕수궁 정동길 종로 서울 구경 가볼까,https://blog.naver.com/2h_travel/224301908780
7c43fbdb9fc3be70,2026-05-31,인천,파라타항공 타고 인천공항에서 나리타공항 거쳐 신주쿠역...,https://blog.naver.com/happyheyday/224301907091
2d29a5e4e0d9fd33,2026-05-31,제주,음악과 나에게만 집중하는 공간 '귀덕 골방 애월과협재사이',https://blog.naver.com/mejusa/224301907393
093606415e683047,2026-05-31,강릉,사진 잘나오는 감성맛집 온정당 강릉중앙시장맛집,https://blog.naver.com/travel_consultant/224301906784
d71a8d7e3471f28f,2026-05-31,인천,파리 뮤지엄패스 2일권 4일권 가격 뽕뽑는법 내돈내산 구매 후기,https://blog.naver.com/tigung1107/224301906503
d1c35e3904d759c0,2026-05-31,광주,"경기광주 카페 카페폴 오포점, 솔트라떼랑 딸기스콘이 조합이...",https://blog.naver.com/968-6274/224301062147
7867edce2df751db,2026-05-31,성수,[리포트뽀개기] 명품 매장에 외국인 줄이 끝이 없다?! 신세계...,https://blog.naver.com/ballostark/224298765532
63c71ad4a3ca34ae,2026-05-31,제주,혼자서도 마음 편히 쉬어가는 제주공항근처혼술 시간 보내고...,https://blog.naver.com/mct1989/224301903507
423c4a6827652f61,2026-05-31,부산,"[2026 생존기 #22] 인생은 곧 생존기, 2026년 주간 생존기...",https://blog.naver.com/hw5027573/224301903273
fcdee74dfdcb71df,2026-05-31,제주,[제주 우도 여행 ]검멀레마을회 우도보트 내돈내산 위치 가격...,https://blog.naver.com/iam_yeon__/224301903322
44aa624c3b8fc927,2026-05-31,전주,"나 혼자 전주 여행 1박 2일 여유롭고 예쁜 거 가득한 맛집, 카페...",https://blog.naver.com/dmsal279/224301902043
5328201779a19c3e,2026-05-31,제주,제주 서귀포 신화월드 동물원 모모쥬동물원 카피바라,https://blog.naver.com/aasd777/224301902335
29368c3655e99edf,2026-05-31,명동,광주 창억떡 주말 웨이팅 호박인절미 동명동 맛집 호박인절미...,https://blog.naver.com/zzap_zzap/224301900224
29368c3655e99edf,2026-05-31,광주,광주 창억떡 주말 웨이팅 호박인절미 동명동 맛집 호박인절미...,https://blog.naver.com/zzap_zzap/224301900224
1d114eb800fde8e0,2026-05-31,춘천,[자연휴양림][춘천]강원숲체험장 휴양관 10인 3룸 대룡산 후기,https://blog.naver.com/hotelsreview/224301900455
29abd6c3e8887a31,2026-05-31,제주,서귀포카페 추천! 하트 돌담 포토존이 유명한 제주도 감성카페...,https://blog.naver.com/te_amo_02_99/224301899803
b66c63804fffc099,2026-05-31,광주,왜 살아 가는 가,https://blog.naver.com/drumsonyun/224301899666
cd530ec3ce2c7a2c,2026-05-31,대구,월간일기 5월,https://blog.naver.com/xhltkplease/224301899336
7dfcbe4f817f6f91,2026-05-31,제주,엉덩물횟집 중문점 서귀포횟집 후기,https://blog.naver.com/sh1001_/224301899353
bc71b6ae6a4822a8,2026-05-31,인천,강화 디저트 선물로 좋은 모카만주,https://blog.naver.com/barzilla-gift/224301899066
6bf7654d49f16e24,2026-05-31,전주,"전주한옥마을사주 사주적중 방문 후기, 남편과 함께 본...",https://blog.naver.com/mickydream/224301897850
e96dc347e3772567,2026-05-31,광주,"[광주] 초록빛 정원이 반겨주는 곳, 동곡 '카페 더 비(THE BEE)'",https://blog.naver.com/chameleon69/224301897502
39b124f032c1f7df,2026-05-31,부산,2026 야반도주 in Busan 일정 참가방법 코스 기념품 완벽 정리,https://blog.naver.com/issueletter365/224301896568
17a21eca611213e3,2026-05-31,제주,제주 유민 아르누보 뮤지엄 후기｜안도 타다오 건축과 섭지코지...,https://blog.naver.com/dailylog547/224301895535
d36c4c19ba747dd0,2026-05-31,경주,경주 대릉원 산책하고 말차가 맛있는 경주카페 경주앙주,https://blog.naver.com/qufdl0806/224301895707
1f519c418bfd4e46,2026-05-31,강릉,강릉 가는 길 들른 횡성휴게소먹거리 후기,https://blog.naver.com/redox9033/224301894323
1fcc1071db90b5b9,2026-05-31,강릉,[ 여행 ] 출사 여행 (1) 운탄고도 5길,https://blog.naver.com/wodls0406/224301893967
83102526f16ad79c,2026-05-31,가평,가평 자라섬 꽃축제 기간 남도 꽃정원 데이트 코스 추천,https://blog.naver.com/su_yogi/224301893946
7b9a928d4a37680b,2026-05-31,강릉,강릉사주심심) 그저 있음,https://blog.naver.com/simsimtarot/224301893014
43f599d9f1459cbc,2026-05-31,가평,남이섬 닭갈비 맛집 찾는다면 주차 편한 한옥닭갈비 가평본점,https://blog.naver.com/jinhee5651/224301891683
ca9eb2d8695181c0,2026-05-31,가평,가평 에그하우스 게스트하우스 숙소 후기 청결하고 아담하여...,https://blog.naver.com/jkm501/224301397590
2891f6da78bd4cda,2026-05-31,전주,2026 7월 연꽃 명소 추천 5곳｜궁남지·세미원·회산백련지...,https://blog.naver.com/aoflvhtm/224297845604
f74634dd03960c89,2026-05-31,강릉,"반려견 동반 가능한 경포대 횟집, 픽업 서비스로 편하게 즐겨요",https://blog.naver.com/laj8103-/224301888709
eb44793b8984d7c4,2026-05-31,전주,전주 남부시장 맛집 백수의찬,https://blog.naver.com/soong2_archive/224301888405
b3eeaf19dbb792de,2026-05-31,제주,エル・プサイ・コングルゥ,https://blog.naver.com/mikuruism/224301888492
ea5f4f082a24fb9b,2026-05-31,광주,아이랑 추천 여행 지 경기도 광주 곤지암리조트,https://blog.naver.com/kismet0823/224301887547
0cb04abfd09ecf27,2026-05-31,이태원,용산2가 스크린파크골프장 예약·요금· 코스 ·주차 한번에 해결,https://blog.naver.com/world_10004/224301887484
0cb04abfd09ecf27,2026-05-31,용산,용산2가 스크린파크골프장 예약·요금· 코스 ·주차 한번에 해결,https://blog.naver.com/world_10004/224301887484
62ba300b6cc59eee,2026-05-31,제주,제주 아로마 마사지 추천 - 힐링아로마,https://blog.naver.com/tasha_serendipity/224301887074
32889a10457b8a23,2026-05-31,속초,"속초 바다 바람에 실려 오는 그리운 향기, 제11회...",https://blog.naver.com/qlqhdaos/224301887024
fc7e654ad30e97e2,2026-05-31,부산,여름이 오기 전 쓰는 봄･ ｡,https://blog.naver.com/0106ssr/224301885974
fc7e654ad30e97e2,2026-05-31,대구,여름이 오기 전 쓰는 봄･ ｡,https://blog.naver.com/0106ssr/224301885974
fc7e654ad30e97e2,2026-05-31,대전,여름이 오기 전 쓰는 봄･ ｡,https://blog.naver.com/0106ssr/224301885974
fd0aaff6eee6d99d,2026-05-31,제주,"(서귀포카페)고요한 물결 위의 쉼, 방주교회 카페 포비",https://blog.naver.com/mikikwj/224301885005
8dd12c4eaef048a3,2026-05-31,부산,광안리 술집 추천 광안대교 야경 보며 한잔하기 좋은 로카벨...,https://blog.naver.com/ellyluv00/224301884459
d47d0b281de46130,2026-05-31,제주,[제주도 중문] 웨이팅 피해서 찾은 현지인 맛집 완벽한 신선함...,https://blog.naver.com/yeshyuni_/224301801300
ce31b7380f21a317,2026-05-31,파주,파주 여행 필수 코스 펀앤펀캠프의 놀거리와 장점,https://blog.naver.com/zwlfj264/224295264596
770e223364553336,2026-05-31,대전,"대전 2025 웨딩박람회, 고급 정보",https://blog.naver.com/bivdn824084_mv/224301452208
6b0e871d2536147a,2026-05-31,파주,파주 드라이브 대형 식물원 파주 카페 (앤드테라스 파주점),https://blog.naver.com/dding_traveler/224296033216
f6b651b7602b9a97,2026-05-31,성수,성수역 일식당 후토마끼 초이다이닝 성수점 가격대비 만족도가...,https://blog.naver.com/tr6775/224299573972
b14e3c884daec6d5,2026-05-31,춘천,[춘천/막국수맛집]춘천에서 막국수 고민될때는 블루리본 맛집...,https://blog.naver.com/bitpass_gaeul/224301882787
abc6a9345e0430f9,2026-05-31,대구,일상 대령이요~,https://blog.naver.com/kmn7939/224301881630
3d253231b636935f,2026-05-31,부산,좋사좋시,https://blog.naver.com/haejin8020/224301881984
81de6ec536c901c5,2026-05-31,성수,[2026 최신] 여름 성수기 8~10만 원대! 오션뷰·해외 감성 다...,https://blog.naver.com/a019026/224301880458
ec99766abc3753e8,2026-05-31,부산,[부산 겨울 일출] 부산 겨울 해돋이 탐방 코스 안내,https://blog.naver.com/go-in/224301880782
d2bdd3134a7faecf,2026-05-31,고양,"2박 3일 여수 여행 3일차 코스 : 덕충식당, 쥬스살룬 여수, 고양이",https://blog.naver.com/qqnqqnfls/224301874163
d2bdd3134a7faecf,2026-05-31,여수,"2박 3일 여수 여행 3일차 코스 : 덕충식당, 쥬스살룬 여수, 고양이",https://blog.naver.com/qqnqqnfls/224301874163
c0fc1cdced3e3cb0,2026-05-31,제주,제주도연동맛집 카와루라멘 목포본점 신선한 재료로 만든 일본...,https://blog.naver.com/oooaoooaooo/224298740475
e1f430bb8ecc317d,2026-05-31,제주,제주 함덕 횟집 제주물오름함덕점,https://blog.naver.com/bea_i/224301877119
dd0a5f303e6689b4,2026-05-31,춘천,가평)) 현리 효소편백원 효소찜질 내돈내산,https://blog.naver.com/ponopono_/224297150886
dd0a5f303e6689b4,2026-05-31,가평,가평)) 현리 효소편백원 효소찜질 내돈내산,https://blog.naver.com/ponopono_/224297150886
4eb1fbda1b743e9f,2026-05-31,여수,"반려견과 함께하기 좋은 숲속 정원, 돌산카페 피읖 방문기",https://blog.naver.com/kjjoo1236/224301876761
241694e36a02026e,2026-05-31,경주,2025년 직장인을 위한 경주 1박 2일 코스 완벽 가이드 5가지,https://dwqn.tistory.com/236
390b45d499182923,2026-05-31,인천,"인천 영종도 베이글 맛집, 바다 보며 즐기는 엉클베어베이글...",https://blog.naver.com/lttae/224301875421
5e1b9c553fb7006f,2026-05-31,이태원,용산 삼각지 스크린파크골프장 예약·요금· 코스 ·주차 한번에...,https://blog.naver.com/world_10004/224301873849
5e1b9c553fb7006f,2026-05-31,용산,용산 삼각지 스크린파크골프장 예약·요금· 코스 ·주차 한번에...,https://blog.naver.com/world_10004/224301873849
c641819fbff1e69e,2026-05-31,성수,美少女가 스키 ⁎⁺˳✧༚,https://blog.naver.com/azuas_/224301873498
c641819fbff1e69e,2026-05-31,홍대,美少女가 스키 ⁎⁺˳✧༚,https://blog.naver.com/azuas_/224301873498
dab309977953bf71,2026-05-31,사당,북한산 트레킹 단합극기훈련,https://blog.naver.com/lgjinsan/224301872704
b6deeceb7e705650,2026-05-31,수원,수원데이트 여행코스 ㅣ한라면옥 수원인계점 맛집ㅣ...,https://blog.naver.com/hello_1010_/224301871803
b04c105fd1a8f0a6,2026-05-31,대구,영천 여행 ) 대구근교 아이랑 갈만한곳 영천보현산댐-출렁다리,https://blog.naver.com/dudghkfksp/224301871872
b8e5b93c3a428a72,2026-05-31,인천,오한세 세계로 뻗어 나가다(여권 만든지 8년만에 첫 해외 여행 ),https://blog.naver.com/mehjs5/224301871036
80de901753e13c83,2026-05-31,신사,오사카 현지인 야키니쿠 맛집 쿠루미 신사이바시역 1분 거리,https://blog.naver.com/z7435458z/224301871319
de88d7123983acbf,2026-05-31,경주,경주 나들한옥 한옥스테이 7만원대 한옥 숙소 추천,https://blog.naver.com/dpqls8844/224301871173
948464a98c20a91f,2026-05-31,인천,후쿠오카 1박2일 슬렁슬렁 여행 코스 와 꿀팁,https://blog.naver.com/mwlfoff030/224295250493
436b1217422d11f6,2026-05-31,춘천,춘천 여행 1박2일 소소한 맛집 기록,https://blog.naver.com/djzunks/224301067708
b78372afef260d20,2026-05-31,제주,아빠랑 제주도 여행 ✈️ 함덕해수욕장 델문도 우도...,https://blog.naver.com/titi6823/224301869842
58df68495937374d,2026-05-31,대구,[안동]안동 여행 맛집.안동파스타.안동까페,https://blog.naver.com/rna3535/224301866332
67312e5e7a02f2bd,2026-05-31,전주,2026년 5월 5주차 주간 일기,https://blog.naver.com/with_alcohol/224301865722
9872c9cb80a144c4,2026-05-31,부산,(25년 1월) 광안리 초필살 돼지구이 주말 웨이팅 후기- 22시...,https://blog.naver.com/b_612ro/224301865124
23ba369fce76b124,2026-05-31,제주,"마치 도쿄에 온 것 같은, 제주 산지 해산물로 꾸려진 오마카세...",https://blog.naver.com/comosoyti/224301863634
24268f98180217b5,2026-05-31,경주,꽃길 여행기 시즌 3 : 힐링 및 감성 여행 코스 (Healing...,https://blog.naver.com/golden-poop/224301863758
da2f7ad87830e678,2026-05-31,제주,제주 달가든하우스 예약 꿀팁과 실제 후기 공유,https://blog.naver.com/qxmdudic/224301059025
c728d35204c947c0,2026-05-31,마포,"서울 마포 신혼 여행 패키지, 처음부터 끝까지",https://blog.naver.com/lsfgxppko726627_hb/224301807696
c26b95904be0392a,2026-05-31,강릉,강릉 경포생태저류지 산책 후기｜오죽헌 전통뱃놀이 무료체험...,https://blog.naver.com/asy9506/224301863390
898a4aaf9917e502,2026-05-31,전주,맛토마 키우기,https://blog.naver.com/mahaving_/224301862326
a9afe42cc7216555,2026-05-31,대구,[일상 기록] 내가 가는 곳이 길이다 (5월),https://blog.naver.com/yellow_sunlight_/224301862274
0d19c3af6d2ec9aa,2026-05-31,양평,양평역 주변 관광 안내와 주요 여행 지 완벽 가이드,https://blog.naver.com/idnlist/224301862840
d93bacb5f894c991,2026-05-31,대구,대구소형운정면허시험장 250cc오토바 번에 4월부터 면허따기,http://www.bluelog.kr/5735
225359fc1ba7dc0a,2026-05-31,강릉,30대 운전면허 / 운전 감 없는 사람 2종운전면허 비용 및...,https://blog.naver.com/min08015/224301861531
90f6271c778be032,2026-05-31,제주,제주도마사지 휴식을 만끽한 뷰티아로마 제주신화월드점!,https://blog.naver.com/taddy75/224301861216
26132804b59a94ae,2026-05-31,제주,제주 함덕해수욕장 애견동반 비치 운영과 이용 정보,https://blog.naver.com/airline1xd/224301861171
05a36124f4b19c75,2026-05-31,부산,부산 부전시장 맛집 | 명란김밥 웨이팅 가치있을까? 6줄...,https://blog.naver.com/codud2372/224301860848
54792645b20c6375,2026-05-31,강릉,강릉타로심심 ) 나의 집으로 돌아가는 중,https://blog.naver.com/simsimtarot/224301860684
61e9de47b7bb2592,2026-05-31,부산,26.05,https://blog.naver.com/stonybean_/224301859945
1f18a1182a925b44,2026-05-31,속초,"[속초] 2박 3일 여행 기록│UH 플랫더속초, 홍게무침, 영금정...",https://blog.naver.com/uuuunas2/224301859748
4daa9e28529cd8fa,2026-05-31,포항,흥한 포항 여행 (feat. 송라아쿠아펜션),https://blog.naver.com/banshee_6/224301859017
8ab89c321a423a5f,2026-05-31,강릉,스위스 안 부럽다! 아이랑 가기 좋은 대관령 양떼목장,https://blog.naver.com/hongsue_/224301858816
47cd2c6e534ab3c9,2026-05-31,부산,"골프 좋아한다면 꼭 한번, 부산 LIV Golf 리얼 관람 후기",https://blog.naver.com/meraki3827/224301857923
0fb0f1ae88bc1791,2026-05-31,제주,애견동반 온수풀 고흥 숙소 전라도 여행 고흥에서 제주 가기,https://blog.naver.com/paisha/224301858054
f7a058baf26591db,2026-05-31,부산,부산 기장에서 즐기는 대게 여행 코스 와 맛집,https://blog.naver.com/xsxbteph2958/224295241486
5772acf7f2f6f670,2026-05-31,제주,20대 여자 내돈내산 첫차✨| 기아 레이 2026 시그니처 풀옵션...,https://blog.naver.com/sen_1106_/224301857115
ab8b978144d030aa,2026-05-31,성수,2026.05,https://blog.naver.com/bbukyung/224301857099
963339af09bc6603,2026-05-31,가평,북한강 풍경 보며 가평맛집 자연닭갈비에서 즐기는 든든한 철판...,https://blog.naver.com/hh09231/224301855782
108763cfcf54824c,2026-05-31,성수,서울숲 데이트 포켓몬 시크릿 포레스트 평일 방문 후기...,https://blog.naver.com/ch_xny/224301855127
108763cfcf54824c,2026-05-31,서울숲,서울숲 데이트 포켓몬 시크릿 포레스트 평일 방문 후기...,https://blog.naver.com/ch_xny/224301855127
fc4d9baa051b717e,2026-05-31,천호,"무이도, 쉐라톤그랜드 인천호텔, 차이나타운, 공화춘을 다녀와서",https://blog.naver.com/hongjitop/224301854781
fc4d9baa051b717e,2026-05-31,인천,"무이도, 쉐라톤그랜드 인천호텔, 차이나타운, 공화춘을 다녀와서",https://blog.naver.com/hongjitop/224301854781
df2d046c0f7c9dab,2026-05-31,경주,경주 2박 3일 여행 기록,https://blog.naver.com/lineedy/224301854117
207da6070f720112,2026-05-31,인천,동인천 맛집 술집 차이나타운 필수 코스 로컬 인천 맥주 호랑이,https://blog.naver.com/oursophie/224301854503
9ba67601cc96f97d,2026-05-31,경주,100% J를 P로 만드는 4월,https://blog.naver.com/d_pwl/224301852719
71e17a632b3fee52,2026-05-31,전주,전주 신시가지 맛집 나나방콕 전주신시가지점 태국 느낌 그대로...,https://blog.naver.com/youbabee/224301851905
54d123ad5cf02470,2026-05-31,인천,영종도스카이차 즐거운 여행 의 시작을 알리다,https://blog.naver.com/akfdlfkeh123/224301852142
f118c59aeaf268ce,2026-05-31,제주,둘만 다녀온 제주 여행 3일차,https://blog.naver.com/jagalchi2000/224301851737
4942d5ee9ba1068c,2026-05-31,제주,제주도 6일 여행 마지막 날 추천 코스 와 유용한 팁,https://blog.naver.com/cbimmediate/224301851765
9e8585d877b2c602,2026-05-31,제주,운항일지[26.05.31]_노을이 유난히 예뻤던 선셋투어,https://blog.naver.com/c-yacht/224301704280
093f395b6316cefb,2026-05-31,부산,부산 여행 부산투어 리무진으로 편하게 가는 방법,https://blog.naver.com/ozcheez/224301807651
2e1639cb0765c8ef,2026-05-31,제주,극한직업 서로아빠,https://blog.naver.com/kkulsunghee/224301850946
d204ae96b7934037,2026-05-31,경주,[경주/황리단길 맛집] 료코 안심카츠·료무라이스 솔직 후기...,https://blog.naver.com/iammjih/224301850037
e6ca2f985cfa257d,2026-05-31,광주,전현무계획3 광주 맛집 3곳 한 번에 정리｜육전·돼지국밥...,https://blog.naver.com/e150934/224301849679
51fdeadce02a8a80,2026-05-31,파주,파주 공룡박물관 방문 정보와 가족 나들이 팁,https://blog.naver.com/pursey7r/224301849390
e4007a1c57393b7c,2026-05-31,홍대,"외국인 관광객 서울 카드소비 1조 돌파, 중국인 관광객이 몰린...",https://blog.naver.com/kth4828/224301849758
e4007a1c57393b7c,2026-05-31,명동,"외국인 관광객 서울 카드소비 1조 돌파, 중국인 관광객이 몰린...",https://blog.naver.com/kth4828/224301849758
e4007a1c57393b7c,2026-05-31,강남,"외국인 관광객 서울 카드소비 1조 돌파, 중국인 관광객이 몰린...",https://blog.naver.com/kth4828/224301849758
e4007a1c57393b7c,2026-05-31,마포,"외국인 관광객 서울 카드소비 1조 돌파, 중국인 관광객이 몰린...",https://blog.naver.com/kth4828/224301849758
616724826fc9bf04,2026-05-31,제주,제주 조천 숙소 보메와산 펜션 특징과 여행 팁,https://blog.naver.com/economicskf/224301849441
7842add09170c767,2026-05-31,경주,"[액티비티리뷰] 짜릿한 경주 카트 체험, 경주루지월드의 즐거움!",https://blog.naver.com/bcsjfpina/224301848789
49c3ba911bad973f,2026-05-31,부산,남포동커플마사지 데이트 코스 로 만족했던 특별한 힐링 시간,https://blog.naver.com/qqqaaakkk/224301848805
87a1f4c55f8d342c,2026-05-31,제주,제주공항 근처 제주시 소품샵 메르시 방문 정보와 추천 상품 안내,https://blog.naver.com/complexd8/224301847546
3f7b8c7eafb9eac5,2026-05-31,여수,**여수예술랜드 BEST 종합 패키지!! (~7/31) 상세 안내...,https://blog.naver.com/ccmm1497/224301846712
4af3982fe1c3dc7a,2026-05-31,강릉,강릉사주심심) 경계를 가진 어울림,https://blog.naver.com/simsimtarot/224301846153
956beb1e595cfd9e,2026-05-31,전주,[전주 한옥마을 족욕] 여행 의 피로함? 족욕으로 해소!...,https://blog.naver.com/bojami1124/224301846064
07a00a5d4fb94507,2026-05-31,제주,제주짬뽕맛집 바당반점 해물간짬뽕과 미니톳 탕수육까지...,https://blog.naver.com/chichi-3-/224301845797
c6b671a2a5f00372,2026-05-31,경주,한옥에서 즐기는 황남동 맛집 피자옥의 다채로운 수제 요리,https://blog.naver.com/k75mm/224301845633
67fb5f7422a63b93,2026-05-31,명동,충주 시장 장날 후기. 충주 여행 만두골목 맛집. 충의동 만두 추천,https://blog.naver.com/yyiiss0504/224301844835
8b9a1c097cab8e5a,2026-05-31,제주,제주도 해녀사진관 추천! 제주도 셀프사진관에서 남긴 특별한...,https://blog.naver.com/jejuhaeyo_selfstudio/224301845141
2b18fc2bc40bea76,2026-05-31,여수,여수밤바다감성 여행 : 낭만 가득한 밤을 완성하는 필수 코스 3선,https://blog.naver.com/roopylove0117/224299272055
22ccb84211f14c04,2026-05-31,공덕,벌써 여름? 5월,https://blog.naver.com/cnhee97/224301844642
22ccb84211f14c04,2026-05-31,경주,벌써 여름? 5월,https://blog.naver.com/cnhee97/224301844642
35cbedbc06b2f32a,2026-05-31,제주,우도카페 우도 오션뷰 카페 제주 여행 중 꼭 들러야 할 명소,https://blog.naver.com/zazajin77/224301844199
912e07a435eb89de,2026-05-31,포항,"거제소노캄 러닝 코스 지세포항 러닝 코스 10km, 7km, 5km",https://blog.naver.com/flowook_/224298078289
4265c9faea16073d,2026-05-31,경주,2026 경주 대릉원 목련 명소와 포토존 위치 및 만개 시기 안내,https://blog.naver.com/lscparticular/224301843683
cf9f397cc63240c9,2026-05-31,부산,그래서 내가 뭘 하고 지냈냐면,https://blog.naver.com/luvyougemma/224301843607
7cb47fe4cd2708da,2026-05-31,경주,경주 소노캄 리뉴얼 후기｜디럭스 스위트 뷰프리룸 + 풀앤스파...,https://blog.naver.com/cecilia_alex/224301778962
645d377951558143,2026-05-31,여수,밤바다 낭만 가득한 해상케이블카 오동도 1박2일 여행 코스 추천,https://blog.naver.com/mnj_bds/224301152859
a4d0b636c0eb2eae,2026-05-31,속초,[속초 1박2일] 5월 속초 여행 1일차 : 씨크루즈호텔...,https://blog.naver.com/lim_sunghee/224301679887
89ff23ed88676c30,2026-05-31,부산,해맞이공원 수국 명소 다녀왔어요. 바다 뷰까지 예쁜 여름꽃 여행,https://blog.naver.com/lkm8061/224301625905
d038dae6c25c9989,2026-05-31,제주,6월 워케이션 명소 TOP 3: 일과 휴식을 동시에 잡는 숙소 가이드,https://blog.naver.com/jegaryoo23/224300574322
82c4902102c5f76a,2026-05-31,가평,가평 화악산 계곡에서의 추억,https://blog.naver.com/sooo1203/224301471350
d69d728eb30eb418,2026-05-31,제주,만장굴 옆 수국명소 제주 동쪽 가볼만한곳 김녕미로공원,https://blog.naver.com/thebestmaze/224301470835
30c752249fb9815d,2026-05-31,대구,"전남 고창 여행 1 - 고창고인돌박물관, 석정온천, 고창 황윤석...",https://blog.naver.com/kwanieun_/224301466346
4740e4a4f9ca4027,2026-05-31,경주,서울역 신경주역 KTX 열차 시간표 예약 및 주차정보 보기,https://lefthusband.tistory.com/682
6ed768e6c77d4d84,2026-05-31,전주,[김제 여행 ][김제 아이랑 가볼만한곳] 역사 공부와 체험을 동시에...,https://blog.naver.com/algmlei/224297765233
d4c5601e9347f684,2026-05-31,분당,분당 AK 더 블루타이거 원어민 영어 놀이 수업 무료 신청 후기,https://blog.naver.com/alinda/224300672702
2280f0caca54f50d,2026-05-31,고양,｜울진 여행 ｜울진명소｜울진가볼만한곳｜내돈내산,https://blog.naver.com/jangmangyoupee/224299376225
a7d090a61c54d163,2026-05-31,경주,"경주 맛집 추천 , 황리단길을 넘어선 진정한 미식 여행 가이드",https://blog.naver.com/mama2624/224300907381
ad0519d1c8226772,2026-05-31,속초,"카페로까]울산바위뷰카페,고성카페,고성가볼만한곳,속초 여행 ...",https://blog.naver.com/0306keum/224301458286
2f5331aa5cae4846,2026-05-31,삼성,여름 휴가 비행기표 싸게 사는 법 2026년 최신 항공권 예약...,https://blog.naver.com/yui_na_/224301450621
98d38d7523aac055,2026-05-31,김포,서울 아기랑 호캉스 라마다앙코르 바이윈덤 김포 한강호텔 키즈룸,https://blog.naver.com/munani0918/224301333168
531a691557c99d36,2026-05-31,속초,후기｜아이랑 가기 좋은 설악산 근처 무료 족욕장 추천,https://blog.naver.com/bokddung0305/224301447439
2a614602403a1a95,2026-05-31,대구,고대 왕국의 숨결이 살아있는 '의성 조문국 사적지' 힐링 여행,https://blog.naver.com/wee_mwclass/224301446832
83b7f5e236d716e6,2026-05-31,여수,전라도 5월~6월 1박2일 여행 코스+ 먹방코스,https://blog.naver.com/lydia09266/224300946039
81d1461594e9c132,2026-05-31,성수,성수동 데이트 디저트 맛집 필수코스 포장 추천 베통 아임도넛,https://blog.naver.com/sujin0708/224296694510
6ba339ac18dd9d0e,2026-05-31,강릉,강릉 정동진 여행 3박4일 썬크루즈 총정리 #2 편의점 키즈룸...,https://blog.naver.com/pporiday/224296980511
1b2ac5b8f9b76384,2026-05-31,남양주,6월 꽃축제 어디 갈까? 수국·장미·라벤더·금계국 추천 명소,https://blog.naver.com/wispy83/224296980712
347016e29cc4b265,2026-05-31,경주,"50대가 즐기는 경상도 감성 여행 2 - 경주, 천년의 시간을...",https://blog.naver.com/gm5224/224299477116
b79f97677d0936f5,2026-05-31,제주,제주 성산일출봉 차박 새벽 풍경 충격이었습니다,https://blog.naver.com/medic3939/224301089266
5e2afd372874203a,2026-05-31,부천,부천 백만송이장미원 산책 후기,https://blog.naver.com/goalin11/224300282918
330accb894a8ba38,2026-05-31,부산,부산 해운대 호텔 추천 | 완벽한 오션뷰와 테라스가 있는 감성...,https://blog.naver.com/mingonchill/224301220128
9dfeddca8f493778,2026-05-31,일산,타이어뱅크일산운정점 휠밸런스 타이어위치교환 무료 후기...,https://blog.naver.com/km1988o/224301419866
9dfeddca8f493778,2026-05-31,파주,타이어뱅크일산운정점 휠밸런스 타이어위치교환 무료 후기...,https://blog.naver.com/km1988o/224301419866
bdabcfe838b2aa03,2026-05-31,양양,"〔청양 들숨 여행 1박2일〕#1 -양자강 중국집, 찰리와...",https://blog.naver.com/7020minkim/224301177768
ea73ceb501ffd85e,2026-05-31,부천,부천 테크노파크 백반전문 맛집 장모님순두부,https://blog.naver.com/munmumm/224301300314
04f4e50a6a04c65c,2026-05-31,인천,'노랑어리연꽃' 인천수목원에서 마주한 황금빛 보석을 소개...,https://blog.naver.com/telboda/224300391392
ca5b236e543a6c12,2026-05-31,대전,청주에서 애들이 제일 좋아했던 곳 물놀이부터 숙소 감성까지...,https://blog.naver.com/blacksepo1/224299334224
56c3e7248082dae0,2026-05-31,경주,"경주 여행 코스 추천 , 1박 2일로 떠나는 감성 가득한 역사 여행 ...",https://blog.naver.com/mama2624/224300895877
6d279efdbeb3b1ca,2026-05-31,강릉,2026년 ✨️여름 휴가 국내 여행 지 추천 ! 올해는 어디로 떠날까?,https://blog.naver.com/digand/224301413683
6d279efdbeb3b1ca,2026-05-31,속초,2026년 ✨️여름 휴가 국내 여행 지 추천 ! 올해는 어디로 떠날까?,https://blog.naver.com/digand/224301413683
6d279efdbeb3b1ca,2026-05-31,여수,2026년 ✨️여름 휴가 국내 여행 지 추천 ! 올해는 어디로 떠날까?,https://blog.naver.com/digand/224301413683
6d279efdbeb3b1ca,2026-05-31,부산,2026년 ✨️여름 휴가 국내 여행 지 추천 ! 올해는 어디로 떠날까?,https://blog.naver.com/digand/224301413683
6d279efdbeb3b1ca,2026-05-31,제주,2026년 ✨️여름 휴가 국내 여행 지 추천 ! 올해는 어디로 떠날까?,https://blog.naver.com/digand/224301413683
28f171a47b0ba34f,2026-05-31,강릉,"강릉 월화거리 야시장 먹거리부터 분위기까지 완벽 (주차, 추천 ...",https://blog.naver.com/jwc_1209/224301409000
2e574f7a32f76be8,2026-05-31,대전,충북 옥천 여행 오감터널 등나무꽃 여름에도 시원하게 산책해요,https://blog.naver.com/wlaoddl0/224301408388
66e3f1eb3db7364c,2026-05-31,인천,인천공항2터미널 24시간운영하는 스카이허브(SKY HUB) 라운지...,https://blog.naver.com/prodeller/224301408414
c5f45c30e19340b4,2026-05-31,속초,강원도 여행 코스 속초 여름휴가 가성비 호텔 2곳 속초해수욕장,https://blog.naver.com/1ove_honesty/224301383763
fe55dd2be176589e,2026-05-31,여수,"KTX 남도 미식 기차 여행 , 실패 없는 선택 체크리스트",https://blog.naver.com/darkchefs/224300948940
d2553bb4efed8f2d,2026-05-31,속초,"고성 DMZ 투어 - 강원도 1박 2일, 고성 속초 양양 인제 강추 코스",https://blog.naver.com/nemoatelier/224301404581
d2553bb4efed8f2d,2026-05-31,양양,"고성 DMZ 투어 - 강원도 1박 2일, 고성 속초 양양 인제 강추 코스",https://blog.naver.com/nemoatelier/224301404581
f2d92166c1d2908a,2026-05-31,부산,2026 대한민국 숙박세일 페스타 여름편! 연박 할인 꿀팁 및...,https://blog.naver.com/glow_alone/224301403994
f2d92166c1d2908a,2026-05-31,대구,2026 대한민국 숙박세일 페스타 여름편! 연박 할인 꿀팁 및...,https://blog.naver.com/glow_alone/224301403994
f9d4a8a7b6198f3a,2026-05-31,전주,날에도 좋은 국내 여행 지 추천 BEST 5｜6월 장마철 여행 걱정 끝,https://blog.naver.com/43065_18/224301396883
f9d4a8a7b6198f3a,2026-05-31,경주,날에도 좋은 국내 여행 지 추천 BEST 5｜6월 장마철 여행 걱정 끝,https://blog.naver.com/43065_18/224301396883
1a2ab0b8439c360a,2026-05-31,춘천,춘천 가볼만한곳 청평사 계곡 구성폭포 부처님오신날 사찰 명소,https://blog.naver.com/sookinae/224300976505
1a02066ac5cc157e,2026-05-31,제주,신혼 여행 추천 지 유용한 정보,https://blog.naver.com/oysblfnbm994830_zt/224301332024
578990c28325b56d,2026-05-31,강남,서울 강남 호텔 추천 이비스 스타일 강남,https://blog.naver.com/munani0918/224301325713
a97d48bbe63b505c,2026-05-31,안국,"""180만 명이 다녀간 그곳""지금 가면 입장료 0원인 서해 비밀 정원",https://blog.naver.com/awe0254/224300713277
b47714a3460741a0,2026-05-31,천호,나혼자산다 조이도 찾은 천호문구완구거리 말랑이 왁꾸볼 키캡...,https://blog.naver.com/shany1902/224301267309
358996fc29de7b88,2026-05-31,부천,안양천 장미 하프마라톤 후유증에도 포기 못한 부천 백만송이...,https://blog.naver.com/whun2397/224300895481
358996fc29de7b88,2026-05-31,안양,안양천 장미 하프마라톤 후유증에도 포기 못한 부천 백만송이...,https://blog.naver.com/whun2397/224300895481
97e8a35494d304c4,2026-05-31,강릉,[강릉 여행 ]경포대 일출 명소 명당 추천,https://blog.naver.com/guudle/224301399888
9258e431643f69d6,2026-05-31,가평,가평 아침고요수목원 수국축제 다녀온 후기 사진으로 보던...,https://blog.naver.com/nana_school/224301394724
7625c239a5b2c8ce,2026-05-31,부산,한 가지 소원은 꼭 이뤄진다는 부산 해동용궁사 이야기/ 부처님...,https://blog.naver.com/mozzi_0123/224301392070
0877139032d6a1ba,2026-05-31,전주,국내 여행 지 BEST 5｜걷기 편하고 만족도 높은 여행 추천,https://blog.naver.com/choihabby/224301390757
0877139032d6a1ba,2026-05-31,경주,국내 여행 지 BEST 5｜걷기 편하고 만족도 높은 여행 추천,https://blog.naver.com/choihabby/224301390757
523c02fb566ae457,2026-05-31,전주,국내 여행 지 추천 BEST 5｜걷기 편하고 만족도 높은 여행 지,https://blog.naver.com/43065_18/224301388284
523c02fb566ae457,2026-05-31,경주,국내 여행 지 추천 BEST 5｜걷기 편하고 만족도 높은 여행 지,https://blog.naver.com/43065_18/224301388284
72d5a6915ee22ae2,2026-05-31,전주,남노갈비 전골 맛집 직접 가본 후기,https://blog.naver.com/imperceptible31954/224301384322
0d2523289d42db4a,2026-05-31,제주,2025년 여행 을말하다: 초보자를 위한 필수 팁 7가지,https://dwqn.tistory.com/269
a26cbb6f4a4bb070,2026-05-31,인천,인천 동구 허니문박람회 유용한 팁,https://blog.naver.com/fxxxlptq72328_ei/224300534075
149f0ee111088c5c,2026-05-31,부산,부산 시티투어버스 노선 시간표 요금 정보 이용방법 설명,https://bluebeat.tistory.com/512
149f0ee111088c5c,2026-05-31,대전,부산 시티투어버스 노선 시간표 요금 정보 이용방법 설명,https://bluebeat.tistory.com/512
948aef2c2f1fd887,2026-05-31,가평,대구 가볼만한곳 대구꽃박람회 엑스코 대구 데이트 코스 놀거리...,https://blog.naver.com/homibike/224301373762
948aef2c2f1fd887,2026-05-31,대구,대구 가볼만한곳 대구꽃박람회 엑스코 대구 데이트 코스 놀거리...,https://blog.naver.com/homibike/224301373762
44de3a7aed38ac9e,2026-05-31,시청,"10살 7살 아이와 무료 서울 여행 (하이커그라운드, 서울시청...",https://blog.naver.com/gusrb1721/224301367800
bdde96910a77045f,2026-05-31,천호,합천스카이차 드넓은 하늘을 담는 특별한 경험,https://blog.naver.com/yoon_wave1084/224301361913
8e8bfe58f62a4230,2026-05-31,양평,국내여행 양평 가볼만한곳 리버뷰 감성카페 [비마이가든],https://blog.naver.com/pazluz/224301340893
e770b8c2969b0d93,2026-05-31,대구,국내여행 / 나홀로대구 1박2일 - 대구소품샵투어 10군데...,https://blog.naver.com/holy___molly/224301338387
31399c784f400e46,2026-05-31,강릉,2026 전국 해수욕장 개장일 총정리! 해운대·속초·함덕 언제...,https://blog.naver.com/dniani/224301335745
31399c784f400e46,2026-05-31,속초,2026 전국 해수욕장 개장일 총정리! 해운대·속초·함덕 언제...,https://blog.naver.com/dniani/224301335745
31399c784f400e46,2026-05-31,부산,2026 전국 해수욕장 개장일 총정리! 해운대·속초·함덕 언제...,https://blog.naver.com/dniani/224301335745
31399c784f400e46,2026-05-31,제주,2026 전국 해수욕장 개장일 총정리! 해운대·속초·함덕 언제...,https://blog.naver.com/dniani/224301335745
ad2c2935124862c7,2026-05-31,제주,창원 성산 신혼 여행 패키지 유용한 정보,https://blog.naver.com/zxpyxioj093174_el/224301057239
1c6750f0ef8c4672,2026-05-31,부산,1박2일 국내여행 포스팅관리대행 부산 여행 추천,https://blog.naver.com/egarelate/224301334114
7fa8c9f69b17ea93,2026-05-31,여수,여수 유탑마리나 호텔 조식 오션뷰 여수 수영장 호텔 추천,https://blog.naver.com/fantapixx/224301331454
d51b63b37a36d828,2026-05-31,부산,"""세상에서 가장 위험한 국물? CNN이 주목한 부산 복국의 정체""",https://blog.naver.com/su198964/224301328208
ad097f426dff1f5c,2026-05-31,경주,경주데이트장소 드라마궁촬영장소 경주 여행 코스 추천 ...,https://blog.naver.com/momnote_today/224301326867
596400a5de4e7bd7,2026-05-31,제주,"[제주 조천 맛집] 선흘방주할머니식당, 제주세계자연유산센터와...",https://blog.naver.com/happy_n_rich/224301324842
bcffc095cc27410c,2026-05-31,경주,경주 불국사 방문객 90%가 놓치는 비밀의 스팟 2곳,https://blog.naver.com/gmxzdsu/224294745429
b6277215deeeb317,2026-05-31,김포,김포 숨은 핫플레이스ㅣ건축이 예술인 베이커리 '카페...,https://blog.naver.com/cheo0007/224301315919
5f16708bf07ce48d,2026-05-31,구리,[전남 화순] 잔잔한 호수 뷰와 초록빛 산책로가 아름다운 곳...,https://blog.naver.com/prettydaily/224301313512
5f16708bf07ce48d,2026-05-31,광주,[전남 화순] 잔잔한 호수 뷰와 초록빛 산책로가 아름다운 곳...,https://blog.naver.com/prettydaily/224301313512
844010475c82a2b7,2026-05-31,속초,"[속초 맛집] 구관이 명관, 터미널 골목에서 엑스포까지 이어진...",https://blog.naver.com/cholen_/224301308594
36b7066245e9f3a0,2026-05-31,삼성,이스타항공 프로모션코드 5월 할인 예약 삼성카드 캐시백까지...,https://blog.naver.com/subinimvely/224301302590
36b7066245e9f3a0,2026-05-31,제주,이스타항공 프로모션코드 5월 할인 예약 삼성카드 캐시백까지...,https://blog.naver.com/subinimvely/224301302590
a099524c31c4ddeb,2026-05-31,전주,전주한옥마을숙소 동선 효율을 고려한 머무름의 기준,https://blog.naver.com/5l5mmxpu/224301301585
ff12fac48e768079,2026-05-31,제주,[2026 음성품바축제 총정리] 초대가수 라인업부터 주차 꿀팁...,https://blog.naver.com/trendnews/224301296365
b95704551a38ca25,2026-05-31,가평,06월 일일투어 추천 뚜벅이 여행 가평 아침고요수목원!,https://blog.naver.com/okok002300/224301293747
7cfad79295fe3381,2026-05-31,송도,테마별 부산 여행 추천 ! 취향 따라 즐기는 부산 가볼 만한 곳,https://blog.naver.com/homebody_panda/224301294157
7cfad79295fe3381,2026-05-31,부산,테마별 부산 여행 추천 ! 취향 따라 즐기는 부산 가볼 만한 곳,https://blog.naver.com/homebody_panda/224301294157
0798cfe29c8c9459,2026-05-31,포항,부안 당일치기 여행 코스 추천 | 맛집·카페·샤스타데이지꽃밭...,https://blog.naver.com/wooll22/224301293323
fe0fd63aee2614e3,2026-05-31,삼성,하동 가볼만한 곳 추천 ｜에메랄드빛 호수가 아름다웠던 삼성궁...,https://blog.naver.com/hello_lovelyblossom/224300095874
80d6213267b0b3f6,2026-05-31,제주,"푸르른 5월 30일 한라산, 영실 선작지왓 철쭉에 마음을 두고 오다",https://blog.naver.com/sbrhyum/224301288555
e7625d1e63dc5095,2026-05-31,광주,[ 국내여행 ] 5월 하동 여행 I EP09. 최참판댁,https://blog.naver.com/code140508/224301287828
5c795f4a71320d3c,2026-05-31,전주,[전주]2026 전주한옥마을 전통연희 퍼레이드(운영:4/18~10/31),https://blog.naver.com/financialfreedomday/224300317678
6f062987a9bdb511,2026-05-31,광주,담양죽녹원 대나무숲 힐링 산책 가이드,https://blog.naver.com/mingdu0502/224301279303
bee842853b741d3f,2026-05-31,대구,지금 여행 가기 좋은 곳 대구 꽃구경 명소 율하천 금계국 위치...,https://blog.naver.com/kdspmj12/224301276892
c6f0f0d8eaf698ba,2026-05-31,뚝섬,2026 한강 수영장 개장일·요금 총정리｜운영시간·야간개장...,https://blog.naver.com/cottoncandy1014/224301275031
04fbb0d970f95840,2026-05-31,속초,속초중앙시장 먹거리 추천 ｜중앙닭강정부터 미라네 오징어순대...,https://blog.naver.com/redhollyhock/224301276900
a3501d333280cbb5,2026-05-30,부산,주차장 최신 사진 업데이트,https://blog.naver.com/hhjsp0711/224301274711
9fabaee83b3ad54e,2026-05-30,경주,장보윤) 일정 프로그램 주차 총정리! 경주 가볼만한곳 추천,https://blog.naver.com/urcouns/224301271487
2a58939493f09186,2026-05-30,남양주,"주말에 떠나는 초록빛 힐링, 남양주 '물의 정원' 아이와 함께한...",https://blog.naver.com/dongdonggu_/224301268983
96754310094704e0,2026-05-30,성수,인천 송도 인스파이어 리조트 프로모션 빅 특가 스플래시 베이...,https://blog.naver.com/rud_gml/224301267430
96754310094704e0,2026-05-30,인천,인천 송도 인스파이어 리조트 프로모션 빅 특가 스플래시 베이...,https://blog.naver.com/rud_gml/224301267430
96754310094704e0,2026-05-30,송도,인천 송도 인스파이어 리조트 프로모션 빅 특가 스플래시 베이...,https://blog.naver.com/rud_gml/224301267430
6bd91a3f08147c3b,2026-05-30,대전,제 취미는요 국내여행 갔다가 대전 들르기입니다,https://blog.naver.com/is__j/224301265176
39480dd5a7149f15,2026-05-30,대전,철원 허니문초대전 핵심 정보,https://blog.naver.com/jetzvdm11569_rh/224300719815
093ba983ec6b8fce,2026-05-30,홍대,EPT 이피티 홍대점 운동화 코디에 찰떡인 여름 반팔티 추천,https://blog.naver.com/inf_cho/224301259500
c5098b685e9ee1c6,2026-05-30,여수,여수 가족 여행 펜션 추천 비치펜션 여수 오션뷰 감성 숙소,https://blog.naver.com/summerrb/224301251614
c9f09ea81b225938,2026-05-30,제주,"2026년 6월, 초여름의 낭만을 찾아 떠나는 국내 여행 지 추천",https://blog.naver.com/sstm114/224301249361
c9f09ea81b225938,2026-05-30,경주,"2026년 6월, 초여름의 낭만을 찾아 떠나는 국내 여행 지 추천",https://blog.naver.com/sstm114/224301249361
8f805abc5f292f2d,2026-05-30,광명,가평 여행 관광 여행 지 관광지 지도 pdf 스마트폰 다운로드,https://blog.naver.com/healyou_/224301249570
8f805abc5f292f2d,2026-05-30,가평,가평 여행 관광 여행 지 관광지 지도 pdf 스마트폰 다운로드,https://blog.naver.com/healyou_/224301249570
e1484f9d85bfe592,2026-05-30,제주,"3박 4일 제주도 여행 기록️::제주신회월드,김녕해수욕장...",https://blog.naver.com/kimhyojin48/224301246632
00653b605405e1f8,2026-05-30,포항,[포항 1박2일 여행 2026.05.15~05.16],https://blog.naver.com/wooto0822/224301240839
f469897a0f3e934d,2026-05-30,경주,"경주 여름 여행 일기 _ 고요하고 아름다운 곳, 혼행러에게 추천 ...",https://blog.naver.com/iancolorlab/224301239006
c8a461ba606c19a2,2026-05-30,인천,서울근교 아이랑 가볼만한곳 월미테마파크 주말나들이 추천 ...,https://blog.naver.com/1599gml/224301238117